ssn,staX,staY,zoneUTM,dc_0_mean,dc_1as_mean,dc_0_med,dc_1as_med,dc_0_unc,dc_1as_unc
1,709.3156474961163,4899.047215952385,54.0,-0.05233957624601527,-0.17380967570771305,-0.05193272477685554,-0.17369702935088968,0.0193072821768428,0.13481995757821855
2,667.6752331939205,4857.261376584086,54.0,-0.05233957624601527,-0.0908050473455196,-0.05193272477685554,-0.09280251640706352,0.0193072821768428,0.12874280645370606
3,819.8396797384605,4886.73951333974,54.0,-0.05233957624601527,-0.030411977529575238,-0.05193272477685554,-0.029790416267153876,0.0193072821768428,0.10660965886959009
4,805.6140450425772,4870.803030726163,54.0,-0.05233957624601527,-0.01028670291300331,-0.05193272477685554,-0.009379348878634163,0.0193072821768428,0.12053087223876477
5,735.8336122292334,4885.121782214496,54.0,-0.05233957624601527,-0.1793599041835793,-0.05193272477685554,-0.1776254185604425,0.0193072821768428,0.12455753999363499
6,756.232407030068,4867.317475790108,54.0,-0.05233957624601527,-0.08343655923294173,-0.05193272477685554,-0.07908030901846305,0.0193072821768428,0.12222369670830278
7,777.8676705895632,4861.758225558903,54.0,-0.05233957624601527,0.009865243393822155,-0.05193272477685554,0.008400996111324931,0.0193072821768428,0.12778623648541818
8,697.39154249737,4846.12742864999,54.0,-0.05233957624601527,-0.16436079974321435,-0.05193272477685554,-0.1627664397987569,0.0193072821768428,0.11982740224265304
9,756.4256578398193,4846.011984473181,54.0,-0.05233957624601527,-0.09607965084492551,-0.05193272477685554,-0.09823714935104393,0.0193072821768428,0.12222987507181104
10,702.4690973001353,4834.41795369018,54.0,-0.05233957624601527,-0.19746799678894605,-0.05193272477685554,-0.1987538975777639,0.0193072821768428,0.11293103937755705
11,128.51496790687293,3913.739001202812,54.0,-0.05233957624601527,0.012547899933572148,-0.05193272477685554,0.014384741355221844,0.0193072821768428,0.1179130896867775
12,154.50504546553583,3901.5896026139903,54.0,-0.05233957624601527,0.02424752237239154,-0.05193272477685554,0.025791862971323035,0.0193072821768428,0.11368419553090837
13,182.17667623346983,3902.5741380529994,54.0,-0.05233957624601527,0.17844529141633983,-0.05193272477685554,0.1802026519096467,0.0193072821768428,0.10970084034714792
14,166.08076979623368,3894.653559544712,54.0,-0.05233957624601527,0.1165480473185633,-0.05193272477685554,0.11579748190831146,0.0193072821768428,0.10049416426612605
15,187.83731878982752,3889.567114997888,54.0,-0.05233957624601527,0.022315788757473195,-0.05193272477685554,0.025636201486491195,0.0193072821768428,0.1049831500391554
16,143.10717359488643,3838.030342010029,54.0,-0.05233957624601527,-0.07885768576138166,-0.05193272477685554,-0.07647453035701116,0.0193072821768428,0.11485234588383032
17,139.77999744006962,3872.595402570746,54.0,-0.05233957624601527,0.1374931174917952,-0.05193272477685554,0.13122245748377726,0.0193072821768428,0.12010306756705912
18,123.08297592290974,3868.4555154718055,54.0,-0.05233957624601527,0.15177201935508025,-0.05193272477685554,0.15149003098412966,0.0193072821768428,0.12626887915487348
19,137.03362976716522,3837.5668472098328,54.0,-0.05233957624601527,-0.062300320509053375,-0.05193272477685554,-0.060554521425521285,0.0193072821768428,0.11592334759980273
20,172.65571807246388,3903.30306557218,54.0,-0.05233957624601527,0.05320576708856827,-0.05193272477685554,0.05737052999160917,0.0193072821768428,0.10780745684650118
21,161.89050717369193,3870.304886320098,54.0,-0.05233957624601527,0.011860433062213132,-0.05193272477685554,0.011548903700387293,0.0193072821768428,0.10424122663955254
22,169.18230311230798,3841.7481574939534,54.0,-0.05233957624601527,-0.1737372941832841,-0.05193272477685554,-0.17581577395853842,0.0193072821768428,0.12317532786837522
23,191.90109938987828,3878.2746935665655,54.0,-0.05233957624601527,-0.16095940764270564,-0.05193272477685554,-0.15862349144411753,0.0193072821768428,0.11655933335242064
24,141.44423435963492,3914.1041134189504,54.0,-0.05233957624601527,-0.034902396948556055,-0.05193272477685554,-0.032035053649856565,0.0193072821768428,0.11426260692653326
25,143.62984271407734,3856.494018898308,54.0,-0.05233957624601527,0.03154266609922627,-0.05193272477685554,0.029827315028908116,0.0193072821768428,0.11542343585401477
26,140.03220610245066,3900.631536167624,54.0,-0.05233957624601527,0.07985245409732894,-0.05193272477685554,0.07757889309036883,0.0193072821768428,0.12133942944143683
27,166.13464768580218,3894.629348195649,54.0,-0.05233957624601527,0.1171100459245499,-0.05193272477685554,0.11630029288516436,0.0193072821768428,0.10050939380350456
28,184.34237201585265,3895.6542281596544,54.0,-0.05233957624601527,0.10400315776192194,-0.05193272477685554,0.10001098284286944,0.0193072821768428,0.10444871819417895
29,201.93033620389085,3898.3572697427626,54.0,-0.05233957624601527,0.20679127657918642,-0.05193272477685554,0.2028260507410393,0.0193072821768428,0.12186078124757066
30,156.44613989927444,3875.4647167104135,54.0,-0.05233957624601527,0.09241543595864887,-0.05193272477685554,0.09473942271821381,0.0193072821768428,0.11282596973836237
31,172.2658209063685,3873.515622530464,54.0,-0.05233957624601527,-0.030535104855910357,-0.05193272477685554,-0.03199488742129515,0.0193072821768428,0.10705710401022168
32,179.01893925451702,3867.320308590613,54.0,-0.05233957624601527,-0.11644608385063006,-0.05193272477685554,-0.11708251566768878,0.0193072821768428,0.10640985827665086
33,128.10338903664118,3851.740618485764,54.0,-0.05233957624601527,0.04293974751622678,-0.05193272477685554,0.04363760838032034,0.0193072821768428,0.11723894711404176
34,174.16005358193937,3855.0147189033455,54.0,-0.05233957624601527,-0.1992041437273114,-0.05193272477685554,-0.19833231205713403,0.0193072821768428,0.10951495731446226
35,478.15084649167727,4464.183681943689,54.0,-0.05233957624601527,-0.09587410721402416,-0.05193272477685554,-0.09175583748720287,0.0193072821768428,0.11906556169780193
36,463.0904010410905,4457.560365448071,54.0,-0.05233957624601527,-0.1028948349800686,-0.05193272477685554,-0.10041333171158782,0.0193072821768428,0.10994559289448778
37,437.3541612908576,4458.895894433887,54.0,-0.05233957624601527,-0.03695538444752312,-0.05193272477685554,-0.036346381430383386,0.0193072821768428,0.11521280671954397
38,413.6573433925362,4471.4083781216295,54.0,-0.05233957624601527,-0.09846361037477158,-0.05193272477685554,-0.0975993816509356,0.0193072821768428,0.13220514404944564
39,420.6163417766562,4415.183917581038,54.0,-0.05233957624601527,-0.14954580372885048,-0.05193272477685554,-0.14642404294980105,0.0193072821768428,0.12080262706548067
40,401.3841185749654,4415.951924993758,54.0,-0.05233957624601527,-0.0623356138586052,-0.05193272477685554,-0.06425908352245424,0.0193072821768428,0.12855689898844921
41,422.8827476086131,4397.34517396153,54.0,-0.05233957624601527,-0.1243564636718529,-0.05193272477685554,-0.12353130089718946,0.0193072821768428,0.12485364949685385
42,464.0768372445594,4407.064429668476,54.0,-0.05233957624601527,-0.059724426692097786,-0.05193272477685554,-0.06287412957290084,0.0193072821768428,0.10569144774943277
43,475.8317961471988,4394.399108234459,54.0,-0.05233957624601527,-0.0460943520369017,-0.05193272477685554,-0.04428904652220427,0.0193072821768428,0.11240532449719456
44,441.7352774844472,4384.348452276274,54.0,-0.05233957624601527,-0.19533423063700592,-0.05193272477685554,-0.18776544915424617,0.0193072821768428,0.11459128269496002
45,461.8257494002237,4382.902154782314,54.0,-0.05233957624601527,-0.06984115809097148,-0.05193272477685554,-0.0677413639200962,0.0193072821768428,0.10479764286673869
46,462.3096820238882,4349.882377856321,54.0,-0.05233957624601527,-0.1549861924170627,-0.05193272477685554,-0.15567698290651344,0.0193072821768428,0.1176716477381709
47,430.0693145736199,4338.606545961896,54.0,-0.05233957624601527,-0.21147680867034654,-0.05193272477685554,-0.2127240601540629,0.0193072821768428,0.11289207436392086
48,452.48668196591865,4321.181261560588,54.0,-0.05233957624601527,-0.17163890321372272,-0.05193272477685554,-0.1730045317905342,0.0193072821768428,0.11417983720273255
49,449.044917057454,4427.372863314673,54.0,-0.05233957624601527,0.0676722212435177,-0.05193272477685554,0.06826680445118488,0.0193072821768428,0.10962326641190459
50,471.4559701946234,4402.715936092695,54.0,-0.05233957624601527,-0.07566918631556675,-0.05193272477685554,-0.07252410281982816,0.0193072821768428,0.1100800392274524
51,475.5450238588451,4333.03888591012,54.0,-0.05233957624601527,0.008207309159054908,-0.05193272477685554,0.0062024811064447585,0.0193072821768428,0.11303307115479226
52,463.9665587999344,4407.275828022564,54.0,-0.05233957624601527,-0.06242715641516337,-0.05193272477685554,-0.06360553622772189,0.0193072821768428,0.10617625507316825
53,463.2958110311122,4390.486480472092,54.0,-0.05233957624601527,-0.02811801242052529,-0.05193272477685554,-0.030818164916009368,0.0193072821768428,0.11042251822250256
54,424.7541420823547,4341.807884221032,54.0,-0.05233957624601527,-0.22493896358766738,-0.05193272477685554,-0.22283672201840565,0.0193072821768428,0.11551555702713458
55,475.200490753821,4336.125087441123,54.0,-0.05233957624601527,0.051010096270760676,-0.05193272477685554,0.046640218202379694,0.0193072821768428,0.11455870861928205
56,441.0471192053797,4324.965345583502,54.0,-0.05233957624601527,-0.2026774890286598,-0.05193272477685554,-0.20288405764342157,0.0193072821768428,0.11761808062514234
57,456.2761219480929,4314.689427575413,54.0,-0.05233957624601527,-0.20475282349012144,-0.05193272477685554,-0.2049355972810954,0.0193072821768428,0.11286699581152305
58,486.3913924564008,4478.416425086557,54.0,-0.05233957624601527,-0.1269793217320142,-0.05193272477685554,-0.12448943244549202,0.0193072821768428,0.121298419072854
59,434.92773393180914,4463.423300941039,54.0,-0.05233957624601527,-0.03405128266010265,-0.05193272477685554,-0.039286522058317966,0.0193072821768428,0.11184103786204269
60,454.0574214945663,4458.475818282948,54.0,-0.05233957624601527,-0.09488751267659765,-0.05193272477685554,-0.09172955448793384,0.0193072821768428,0.11302725679721255
61,464.4083453145252,4461.161482502334,54.0,-0.05233957624601527,-0.13597860499581063,-0.05193272477685554,-0.1371397376606495,0.0193072821768428,0.10873505631147408
62,433.5165486821991,4418.668216363436,54.0,-0.05233957624601527,-0.045240575751520226,-0.05193272477685554,-0.04836162349585997,0.0193072821768428,0.12041938083773043
63,449.3852529635216,4425.916545048914,54.0,-0.05233957624601527,0.08451439738930402,-0.05193272477685554,0.08302867655878551,0.0193072821768428,0.1116226468532075
64,483.6599253446036,4434.678431866685,54.0,-0.05233957624601527,0.19064533699145186,-0.05193272477685554,0.18905270670231386,0.0193072821768428,0.12393624323226507
65,449.19507381456793,4393.341358041034,54.0,-0.05233957624601527,-0.11554932805595099,-0.05193272477685554,-0.11328035521695017,0.0193072821768428,0.11413290966201334
66,443.9862101028399,4377.461544255477,54.0,-0.05233957624601527,-0.158022390326393,-0.05193272477685554,-0.16002369380010356,0.0193072821768428,0.1145910013670627
67,466.6332349019849,4378.7179507745,54.0,-0.05233957624601527,-0.04163810395300441,-0.05193272477685554,-0.037755521142634724,0.0193072821768428,0.10799261475808268
68,447.1765556096275,4356.329542239,54.0,-0.05233957624601527,-0.2266910295346858,-0.05193272477685554,-0.22561829776439557,0.0193072821768428,0.12208146428853897
69,454.3164335836594,4338.138967133773,54.0,-0.05233957624601527,-0.14067593028108252,-0.05193272477685554,-0.13829718034849647,0.0193072821768428,0.11619539845487338
70,493.6928066659663,4597.231199427339,54.0,-0.05233957624601527,0.0742656065452966,-0.05193272477685554,0.07072248751569304,0.0193072821768428,0.11386488983425577
71,484.3679695761251,4575.18604113906,54.0,-0.05233957624601527,0.07859070709833649,-0.05193272477685554,0.08072611258092907,0.0193072821768428,0.12366704154980457
72,532.2627220778933,4557.589222026572,54.0,-0.05233957624601527,0.32440455834019816,-0.05193272477685554,0.31955849080155074,0.0193072821768428,0.13830916311061567
73,523.7563279528324,4473.568851454813,54.0,-0.05233957624601527,0.11966681876899057,-0.05193272477685554,0.11586514617793497,0.0193072821768428,0.1071396338921998
74,468.6871050542589,4480.412063966041,54.0,-0.05233957624601527,-0.1561856281667642,-0.05193272477685554,-0.15779727386446357,0.0193072821768428,0.11312520828884014
75,409.3824134202946,4498.936102519641,54.0,-0.05233957624601527,-0.03550801891109438,-0.05193272477685554,-0.03711530794012535,0.0193072821768428,0.12253321151746367
76,432.2908893266161,4514.445305024319,54.0,-0.05233957624601527,-0.07404415001981654,-0.05193272477685554,-0.07150288094315124,0.0193072821768428,0.12394461232956755
77,492.89260402339454,4537.916828260732,54.0,-0.05233957624601527,0.036124182106511325,-0.05193272477685554,0.03631751507279017,0.0193072821768428,0.12070681234186029
78,442.1326126035325,4553.206528131934,54.0,-0.05233957624601527,-0.003350527289752648,-0.05193272477685554,-0.007187345786936894,0.0193072821768428,0.13290119668602285
79,493.1570022965957,4505.480440009388,54.0,-0.05233957624601527,0.05633958529078051,-0.05193272477685554,0.060473992551020136,0.0193072821768428,0.11671285798362953
80,492.7167606133789,4597.298731191927,54.0,-0.05233957624601527,0.0770246835372255,-0.05193272477685554,0.07412291862127497,0.0193072821768428,0.11573700258402297
81,499.1284447513814,4564.733863047741,54.0,-0.05233957624601527,-0.006752295137891,-0.05193272477685554,-0.0018100783639774156,0.0193072821768428,0.12649525820547255
82,508.7065167837801,4522.821433130314,54.0,-0.05233957624601527,0.29070004611763345,-0.05193272477685554,0.29191991549423923,0.0193072821768428,0.13140882085193117
83,531.4531433032308,4535.094421349946,54.0,-0.05233957624601527,0.07449135025191103,-0.05193272477685554,0.07514854411246985,0.0193072821768428,0.13260973175631552
84,417.5417981826776,4510.920120596271,54.0,-0.05233957624601527,-0.03902264228476133,-0.05193272477685554,-0.036664953686384415,0.0193072821768428,0.12364712973494947
85,441.93857113184015,4512.542727438793,54.0,-0.05233957624601527,-0.09366354260835807,-0.05193272477685554,-0.09446347078886369,0.0193072821768428,0.12026888755137304
86,445.0125303850925,4496.766849919227,54.0,-0.05233957624601527,-0.0729187341725274,-0.05193272477685554,-0.07190711650732504,0.0193072821768428,0.11267947856909041
87,471.62633083117146,4495.418984338536,54.0,-0.05233957624601527,-0.17352454874190051,-0.05193272477685554,-0.1710840496810922,0.0193072821768428,0.1240292566384163
88,499.5768344061536,4492.134792576995,54.0,-0.05233957624601527,0.13086902398242084,-0.05193272477685554,0.13359956451930705,0.0193072821768428,0.11575227267128933
89,513.0918490821646,4492.656885412151,54.0,-0.05233957624601527,0.1850675942961451,-0.05193272477685554,0.1817919817109226,0.0193072821768428,0.11982033531107332
90,537.6705968009035,4492.163362940774,54.0,-0.05233957624601527,0.0321496749820423,-0.05193272477685554,0.03422678479514463,0.0193072821768428,0.12040758366149266
91,438.40901748778265,4488.9257188186375,54.0,-0.05233957624601527,-0.043381048355610186,-0.05193272477685554,-0.04576158569191911,0.0193072821768428,0.11398460383642059
92,462.4116040953599,4481.584286994828,54.0,-0.05233957624601527,-0.10653639258901886,-0.05193272477685554,-0.10404451962911701,0.0193072821768428,0.11322626110380041
93,507.8253002981468,4479.085241861512,54.0,-0.05233957624601527,0.2524278396963444,-0.05193272477685554,0.24853697253530777,0.0193072821768428,0.12092734690251979
94,528.6107835631166,4477.670618395726,54.0,-0.05233957624601527,0.09225143784548263,-0.05193272477685554,0.09204174337472679,0.0193072821768428,0.11040562318161024
95,501.2323511637488,4460.633465574921,54.0,-0.05233957624601527,0.14255799535937363,-0.05193272477685554,0.13931834673932325,0.0193072821768428,0.11255272269238499
96,438.2680378591523,3890.741886506603,54.0,-0.05233957624601527,-0.3472321034473711,-0.05193272477685554,-0.3435331549404999,0.0193072821768428,0.11410201237213342
97,399.3173244151503,3863.428141230935,54.0,-0.05233957624601527,-0.2034493673788651,-0.05193272477685554,-0.2073990530187933,0.0193072821768428,0.12599219125994113
98,483.9940430056478,3954.482440948912,54.0,-0.05233957624601527,-0.18897071471387064,-0.05193272477685554,-0.18759713841095346,0.0193072821768428,0.133889508485183
99,405.70298123725416,3888.881550381844,54.0,-0.05233957624601527,-0.3320125782381345,-0.05193272477685554,-0.330038780370005,0.0193072821768428,0.11996640875700297
100,439.8810999468909,3892.2504618222415,54.0,-0.05233957624601527,-0.34123025116368033,-0.05193272477685554,-0.3387205927570017,0.0193072821768428,0.11514251256385179
101,417.93323151559457,3883.194833483968,54.0,-0.05233957624601527,-0.3660289172826594,-0.05193272477685554,-0.3658697197887901,0.0193072821768428,0.13088816476261025
102,-211.8566308583572,3780.2278417033567,54.0,-0.05233957624601527,0.02687119703517492,-0.05193272477685554,0.027362121960938887,0.0193072821768428,0.12240314987470659
103,-232.50749778238068,3782.3671187936193,54.0,-0.05233957624601527,0.07412495497130286,-0.05193272477685554,0.07617155791848719,0.0193072821768428,0.10918448671794649
104,-249.434903675779,3769.226507874873,54.0,-0.05233957624601527,-0.04763863283943126,-0.05193272477685554,-0.047005782173410726,0.0193072821768428,0.11307949627705709
105,-242.0482437829181,3751.134167359726,54.0,-0.05233957624601527,0.037229080005161376,-0.05193272477685554,0.0380235243795953,0.0193072821768428,0.11077609088934706
106,-266.50826610237664,3773.10118133424,54.0,-0.05233957624601527,0.03442941255798377,-0.05193272477685554,0.03274989023018743,0.0193072821768428,0.12713608206117125
107,-261.851117436295,3751.731866216136,54.0,-0.05233957624601527,-0.06378205292963891,-0.05193272477685554,-0.05831729241093356,0.0193072821768428,0.11122876644436167
108,-273.54552490604937,3732.368951402428,54.0,-0.05233957624601527,-0.11889697571418975,-0.05193272477685554,-0.11264828930262957,0.0193072821768428,0.11639939928140157
109,-286.40547055304944,3707.690202627389,54.0,-0.05233957624601527,0.038410057534113404,-0.05193272477685554,0.03793046012664048,0.0193072821768428,0.12453677764384595
110,-327.7012512573552,3730.286516472573,54.0,-0.05233957624601527,-0.013707359357144826,-0.05193272477685554,-0.014795690486649311,0.0193072821768428,0.12663319800741415
111,-295.27916453833205,3677.430347998145,54.0,-0.05233957624601527,0.02809375789299678,-0.05193272477685554,0.024712401782220686,0.0193072821768428,0.1245261163596717
112,-289.54441480579004,3689.328351131421,54.0,-0.05233957624601527,0.0635567215354675,-0.05193272477685554,0.06324516582994485,0.0193072821768428,0.12354393517707647
113,-180.1634550721395,3777.199243510129,54.0,-0.05233957624601527,-0.020165275204596947,-0.05193272477685554,-0.01641230423237102,0.0193072821768428,0.11696695338130793
114,-234.43386839926305,3779.796387654249,54.0,-0.05233957624601527,0.04840391365291166,-0.05193272477685554,0.04586338751897219,0.0193072821768428,0.10795512140164368
115,-260.50809694938306,3760.451821500796,54.0,-0.05233957624601527,-0.07661299078854107,-0.05193272477685554,-0.07758875358297986,0.0193072821768428,0.11291535701536488
116,-264.3272909714222,3718.592099740594,54.0,-0.05233957624601527,-0.12355173761615897,-0.05193272477685554,-0.11839512795689255,0.0193072821768428,0.11322420692586758
117,-267.51083232093475,3737.598467303164,54.0,-0.05233957624601527,-0.14250072117760149,-0.05193272477685554,-0.1377311882252607,0.0193072821768428,0.11732411895075143
118,-243.5468369526614,3739.808061808414,54.0,-0.05233957624601527,-0.006609645663597485,-0.05193272477685554,-0.011662734938276121,0.0193072821768428,0.11425113127303013
119,-232.63202339448617,3812.066692082,54.0,-0.05233957624601527,0.23850923238609079,-0.05193272477685554,0.23821506046414032,0.0193072821768428,0.12045704211446
120,64.52109444086341,4019.163586406923,54.0,-0.05233957624601527,0.11787047220557707,-0.05193272477685554,0.11917114202176313,0.0193072821768428,0.12217356464283315
121,50.64002016635105,3999.750500246569,54.0,-0.05233957624601527,0.05382191340571552,-0.05193272477685554,0.05292995239145751,0.0193072821768428,0.12460031111189908
122,64.39756801276334,3984.373306734942,54.0,-0.05233957624601527,0.026998809200234543,-0.05193272477685554,0.023779450310583178,0.0193072821768428,0.1191777975426756
123,65.97166449095862,3969.425317258588,54.0,-0.05233957624601527,0.051581343434228856,-0.05193272477685554,0.04979739789872231,0.0193072821768428,0.12465289822127269
124,109.02350281496352,3982.61103169607,54.0,-0.05233957624601527,0.0920410123820736,-0.05193272477685554,0.08986959663849434,0.0193072821768428,0.11065590544980776
125,82.325137979417,4004.513518976007,54.0,-0.05233957624601527,0.14999750455883143,-0.05193272477685554,0.14491606769237406,0.0193072821768428,0.12162815425055648
126,53.90910149208794,3989.530166634408,54.0,-0.05233957624601527,0.04624256345045391,-0.05193272477685554,0.04878443396090662,0.0193072821768428,0.11992106287125372
127,111.96084943887492,3986.0180498356895,54.0,-0.05233957624601527,0.09792801146544927,-0.05193272477685554,0.09783269441729149,0.0193072821768428,0.113085632113798
128,34.82625588277541,3947.134417683412,54.0,-0.05233957624601527,-0.0019942137357112527,-0.05193272477685554,-0.004440271020383534,0.0193072821768428,0.12500620701379472
129,49.8779388519763,3955.3007840830455,54.0,-0.05233957624601527,0.06249628318259494,-0.05193272477685554,0.06498823209824739,0.0193072821768428,0.12565395664394316
130,-0.5652269469219027,3941.476215702092,54.0,-0.05233957624601527,-0.045641739127973285,-0.05193272477685554,-0.04264066388996175,0.0193072821768428,0.11705989856380705
131,21.2636292335316,3936.559139808564,54.0,-0.05233957624601527,-0.022786628267785804,-0.05193272477685554,-0.018573136917232946,0.0193072821768428,0.12794930669202656
132,-472.7063867237094,3794.624663755236,54.0,-0.05233957624601527,-0.037207641946449516,-0.05193272477685554,-0.04203874626872972,0.0193072821768428,0.12302143140642542
133,-454.57744224532297,3790.9468804560206,54.0,-0.05233957624601527,0.009173073458330938,-0.05193272477685554,0.009261288024333323,0.0193072821768428,0.12094797108609445
134,-436.2546998600079,3789.799142470708,54.0,-0.05233957624601527,-0.025567882027204177,-0.05193272477685554,-0.025287359970371546,0.0193072821768428,0.11436754145908352
135,-504.5462110094208,3766.186552768168,54.0,-0.05233957624601527,-0.10552905811782991,-0.05193272477685554,-0.10267079653514988,0.0193072821768428,0.12380141459740097
136,-443.5646973918035,3761.1490715057776,54.0,-0.05233957624601527,0.0820393746909439,-0.05193272477685554,0.08262516947986828,0.0193072821768428,0.10922814026466185
137,-475.9655548015333,3755.796978713459,54.0,-0.05233957624601527,-0.027348008869825316,-0.05193272477685554,-0.02855458844830336,0.0193072821768428,0.1122626592396654
138,-462.5032919906173,3746.350913748881,54.0,-0.05233957624601527,-0.06596187094874964,-0.05193272477685554,-0.06669218832299023,0.0193072821768428,0.12170133623774441
139,-474.86736635734536,3725.243820232357,54.0,-0.05233957624601527,-0.07328031460297071,-0.05193272477685554,-0.07310199749695151,0.0193072821768428,0.12191196642135299
140,-487.9015772866081,3702.963769094903,54.0,-0.05233957624601527,-0.05113468376248269,-0.05193272477685554,-0.058211050473899115,0.0193072821768428,0.12161516140743338
141,-428.38160283911657,3794.933062201984,54.0,-0.05233957624601527,-0.0516432956274243,-0.05193272477685554,-0.049747525005473,0.0193072821768428,0.11593216401089623
142,-472.0782964220537,3762.796794072937,54.0,-0.05233957624601527,0.048432270970140155,-0.05193272477685554,0.04461299352121953,0.0193072821768428,0.11626931601921675
143,-453.95203478698,3759.8842648612144,54.0,-0.05233957624601527,0.06066125161444509,-0.05193272477685554,0.059381602350736334,0.0193072821768428,0.11455823434766357
144,-435.0261385222271,3755.544747653654,54.0,-0.05233957624601527,0.19731627380774974,-0.05193272477685554,0.1974810370184165,0.0193072821768428,0.11670937197019507
145,-417.1161916408624,3760.9208472899154,54.0,-0.05233957624601527,0.14237246400850687,-0.05193272477685554,0.1432377893117448,0.0193072821768428,0.11529194073890223
146,-447.1102371639245,3749.537456281792,54.0,-0.05233957624601527,0.14598764786059404,-0.05193272477685554,0.14517971917664596,0.0193072821768428,0.10699010520430112
147,-469.39782637970393,3795.140930301476,54.0,-0.05233957624601527,-0.033027173726341806,-0.05193272477685554,-0.03222378107651936,0.0193072821768428,0.11916095894410338
148,-450.1291765078887,3729.97633086938,54.0,-0.05233957624601527,0.031320820036396,-0.05193272477685554,0.029709720124870092,0.0193072821768428,0.122472172504686
149,492.9214799806672,4183.062189969636,54.0,-0.05233957624601527,0.09051648719422009,-0.05193272477685554,0.08947118776246041,0.0193072821768428,0.12397747742793672
150,464.921538708197,4188.681460967267,54.0,-0.05233957624601527,0.13980492276936715,-0.05193272477685554,0.13513709058751736,0.0193072821768428,0.11602303198850589
151,476.5976490413603,4170.33335841454,54.0,-0.05233957624601527,0.18015608895628196,-0.05193272477685554,0.17697560009084204,0.0193072821768428,0.11785421060177326
152,498.6677789749425,4165.707185554278,54.0,-0.05233957624601527,0.06255608280919295,-0.05193272477685554,0.06277827610289019,0.0193072821768428,0.11974020704298748
153,478.6811791095061,4150.712583205254,54.0,-0.05233957624601527,0.19875805465862495,-0.05193272477685554,0.20028287552120344,0.0193072821768428,0.11001440462478346
154,496.7431763964692,4139.924546025713,54.0,-0.05233957624601527,0.00955090547899263,-0.05193272477685554,0.007891875483829379,0.0193072821768428,0.11725731305117244
155,461.6768199290148,4143.362401904764,54.0,-0.05233957624601527,0.2021398453808801,-0.05193272477685554,0.19694833746568616,0.0193072821768428,0.11064832089897136
156,467.6333421217994,4125.7528114568895,54.0,-0.05233957624601527,0.045009491857201454,-0.05193272477685554,0.0476355339434201,0.0193072821768428,0.11433052105112876
157,500.1419238902247,4120.853453272017,54.0,-0.05233957624601527,-0.0990323785602798,-0.05193272477685554,-0.09746126775700491,0.0193072821768428,0.12480866328037217
158,491.42406278110894,4104.982822863553,54.0,-0.05233957624601527,-0.23226432321023546,-0.05193272477685554,-0.22734616953865627,0.0193072821768428,0.12424451343165988
159,448.0139883248622,4082.429338471364,54.0,-0.05233957624601527,-0.0996806940534091,-0.05193272477685554,-0.09614870501573244,0.0193072821768428,0.11970875611966264
160,444.6278396674389,4097.460747584184,54.0,-0.05233957624601527,-0.16221921677860285,-0.05193272477685554,-0.16246974058493505,0.0193072821768428,0.12864603496512889
161,450.2869634852289,4161.9176246461175,54.0,-0.05233957624601527,0.20228433745106894,-0.05193272477685554,0.20017339625211214,0.0193072821768428,0.1153685538143967
162,402.5205221667404,4129.574604513392,54.0,-0.05233957624601527,0.015267516173817415,-0.05193272477685554,0.018080921981628,0.0193072821768428,0.11597315914611382
163,382.72760047919166,4103.451630849024,54.0,-0.05233957624601527,0.03195302888138317,-0.05193272477685554,0.027289881221683784,0.0193072821768428,0.11400013647173414
164,355.89235360691384,4097.862836751869,54.0,-0.05233957624601527,0.09989812809521885,-0.05193272477685554,0.09781300510044061,0.0193072821768428,0.11018854906404323
165,368.5042753278341,4146.164635417134,54.0,-0.05233957624601527,-0.15101042292338307,-0.05193272477685554,-0.14821893060009422,0.0193072821768428,0.11506328321320279
166,483.4527706543433,4132.207737141582,54.0,-0.05233957624601527,-0.015223250565002858,-0.05193272477685554,-0.012831483634823688,0.0193072821768428,0.11723493178243533
167,386.806017351092,4179.57604157623,54.0,-0.05233957624601527,-0.09207786387934407,-0.05193272477685554,-0.09333309704020054,0.0193072821768428,0.11461680926913556
168,401.4932788272162,4176.635388358298,54.0,-0.05233957624601527,-0.09290532215408602,-0.05193272477685554,-0.0937904029537355,0.0193072821768428,0.11401939169057186
169,389.9604697213796,4163.03171392889,54.0,-0.05233957624601527,-0.08923498579555171,-0.05193272477685554,-0.09056113170719951,0.0193072821768428,0.11363888558129905
170,394.9748241590559,4145.544797531951,54.0,-0.05233957624601527,-0.059357076167632826,-0.05193272477685554,-0.058660091508660854,0.0193072821768428,0.12473459228465118
171,400.0129569713684,4123.689989750867,54.0,-0.05233957624601527,0.033753349643575535,-0.05193272477685554,0.030239023151573965,0.0193072821768428,0.12002245146349036
172,368.6002895440568,4115.012049920167,54.0,-0.05233957624601527,0.01422178082387116,-0.05193272477685554,0.01305322957004864,0.0193072821768428,0.12145571649600038
173,355.472496002833,4097.248517477484,54.0,-0.05233957624601527,0.0952625334479229,-0.05193272477685554,0.0962888658152688,0.0193072821768428,0.11141831313487797
174,430.3589859894354,4126.467692831069,54.0,-0.05233957624601527,0.10113134370213826,-0.05193272477685554,0.10158034612777674,0.0193072821768428,0.1251028594960775
175,449.2000034266989,4134.187260300013,54.0,-0.05233957624601527,0.11682626931579414,-0.05193272477685554,0.11624325680606598,0.0193072821768428,0.11641576433729456
176,419.46889643673006,4113.184483667058,54.0,-0.05233957624601527,0.21601490826016567,-0.05193272477685554,0.21260530107468872,0.0193072821768428,0.1278276630883023
177,441.3058323016815,4117.330786645255,54.0,-0.05233957624601527,0.034552401256659995,-0.05193272477685554,0.031757573383255897,0.0193072821768428,0.12084574617250947
178,461.8757609389279,4119.020701517225,54.0,-0.05233957624601527,0.07150367946523623,-0.05193272477685554,0.06842949209446406,0.0193072821768428,0.11343018358349015
179,463.0991676542265,4094.409156956978,54.0,-0.05233957624601527,-0.0693154516946719,-0.05193272477685554,-0.07362910882690127,0.0193072821768428,0.12523173987399128
180,497.349430140396,4097.801429893575,54.0,-0.05233957624601527,-0.21350125611303358,-0.05193272477685554,-0.21064589185843702,0.0193072821768428,0.12497636968918444
181,427.0875297765728,4166.871477716365,54.0,-0.05233957624601527,-0.02089114500864705,-0.05193272477685554,-0.01966947978515502,0.0193072821768428,0.12479627517808846
182,445.0921586695306,4179.847078147817,54.0,-0.05233957624601527,0.0732683158807893,-0.05193272477685554,0.07354963249156052,0.0193072821768428,0.12184682982175055
183,464.4918658899569,4168.568037566508,54.0,-0.05233957624601527,0.1804298764518126,-0.05193272477685554,0.18161271913891214,0.0193072821768428,0.11563338638431725
184,459.1578980508352,4149.265568710596,54.0,-0.05233957624601527,0.2112482947581632,-0.05193272477685554,0.21263012744890675,0.0193072821768428,0.11180301879893179
185,475.4797026759927,4147.082451233341,54.0,-0.05233957624601527,0.17962820370743365,-0.05193272477685554,0.17680843792928164,0.0193072821768428,0.11038366598769955
186,498.85963272442586,4149.354031148768,54.0,-0.05233957624601527,0.08884120284471082,-0.05193272477685554,0.08830797974533552,0.0193072821768428,0.11778240838117145
187,350.7173577542719,4134.155684330466,54.0,-0.05233957624601527,-0.049713826789155625,-0.05193272477685554,-0.053138858098872505,0.0193072821768428,0.12253701091239952
188,131.46744279750484,4022.1752609204777,54.0,-0.05233957624601527,0.12413052011800481,-0.05193272477685554,0.12754629106709514,0.0193072821768428,0.10002993694323824
189,142.92374259500085,4021.607757539198,54.0,-0.05233957624601527,0.0949640352333334,-0.05193272477685554,0.099023148866236,0.0193072821768428,0.11194727052791136
190,167.98837729426415,4027.149371312973,54.0,-0.05233957624601527,0.011068088639235514,-0.05193272477685554,0.008464181436528518,0.0193072821768428,0.11192014011398797
191,187.05359221279923,4017.21674433976,54.0,-0.05233957624601527,0.05733846253485434,-0.05193272477685554,0.056541534520851436,0.0193072821768428,0.10820234631745589
192,162.7302657389057,4007.499501585424,54.0,-0.05233957624601527,0.1030920905832069,-0.05193272477685554,0.10006387001255881,0.0193072821768428,0.10077284349001707
193,162.64141812057804,3985.038793359939,54.0,-0.05233957624601527,0.15249266113544296,-0.05193272477685554,0.15239330093100034,0.0193072821768428,0.11366134354920805
194,160.65340157556597,3968.598112467385,54.0,-0.05233957624601527,0.19492440783140622,-0.05193272477685554,0.19188464203155553,0.0193072821768428,0.10401580769852202
195,136.56628878569435,3964.708171074401,54.0,-0.05233957624601527,0.10874859516899361,-0.05193272477685554,0.11280537260359658,0.0193072821768428,0.1027493017512853
196,91.3677403813582,3953.0176969902304,54.0,-0.05233957624601527,0.07466126561880863,-0.05193272477685554,0.07661233024907159,0.0193072821768428,0.11606590899073735
197,152.51651964535588,3953.440781658878,54.0,-0.05233957624601527,0.09695027674454801,-0.05193272477685554,0.09235083472002525,0.0193072821768428,0.09977209723024863
198,176.41135512934196,3951.860447410247,54.0,-0.05233957624601527,0.008692714371077851,-0.05193272477685554,0.01091318048588566,0.0193072821768428,0.11091861273657498
199,128.91722771380137,3941.241308419875,54.0,-0.05233957624601527,-0.02520846324967758,-0.05193272477685554,-0.02458658027731012,0.0193072821768428,0.10505964933114871
200,148.1263215529927,3940.12948749086,54.0,-0.05233957624601527,0.020240830387208128,-0.05193272477685554,0.018583964023769432,0.0193072821768428,0.10664503222870042
201,182.4648258664013,3932.874764215047,54.0,-0.05233957624601527,0.0734926666473711,-0.05193272477685554,0.07493954290943994,0.0193072821768428,0.10532393633350508
202,173.58386476794828,3928.838452489801,54.0,-0.05233957624601527,0.05094164691785795,-0.05193272477685554,0.05003715924090002,0.0193072821768428,0.10741489420740889
203,136.87238558022665,3929.4849208670153,54.0,-0.05233957624601527,0.013465700206017697,-0.05193272477685554,0.015835636903640635,0.0193072821768428,0.0968866150906411
204,88.05299375847291,3913.886748310508,54.0,-0.05233957624601527,-0.1463393691006096,-0.05193272477685554,-0.14361728207708732,0.0193072821768428,0.11046795613057425
205,156.24135505481868,3922.6741068498113,54.0,-0.05233957624601527,0.04943392204079965,-0.05193272477685554,0.04340793377899692,0.0193072821768428,0.10964629464265059
206,171.44635452375624,3912.403444300099,54.0,-0.05233957624601527,0.0727041377299661,-0.05193272477685554,0.06646956870249718,0.0193072821768428,0.11028301926241973
207,118.65252903866116,3961.4694151676936,54.0,-0.05233957624601527,0.028773842739999368,-0.05193272477685554,0.0281170788889716,0.0193072821768428,0.10186305473592001
208,114.09596867009677,3946.963824253541,54.0,-0.05233957624601527,-0.040728093690462125,-0.05193272477685554,-0.038292607873423826,0.0193072821768428,0.10936461837394741
209,102.69447175575694,3952.059237909345,54.0,-0.05233957624601527,0.07967690077875372,-0.05193272477685554,0.07740234839122274,0.0193072821768428,0.11212819076829293
210,158.3478750756896,4017.808096291382,54.0,-0.05233957624601527,0.007628686546993182,-0.05193272477685554,0.008618692371655655,0.0193072821768428,0.11730161161460213
211,135.0015657158357,3998.808026349948,54.0,-0.05233957624601527,0.17642262090523064,-0.05193272477685554,0.17514611436346775,0.0193072821768428,0.11820412644769937
212,118.44136868770892,3937.0570745757655,54.0,-0.05233957624601527,-0.1000108984321297,-0.05193272477685554,-0.09987862276119817,0.0193072821768428,0.11123221253644872
213,85.39288283212471,3928.9727849799824,54.0,-0.05233957624601527,-0.05809698421465962,-0.05193272477685554,-0.06086725714188487,0.0193072821768428,0.11881690454880284
214,135.20902570174414,3972.88068595065,54.0,-0.05233957624601527,0.10332388316843814,-0.05193272477685554,0.1030595364611012,0.0193072821768428,0.11159884367661557
215,108.83889360773516,3912.225849147117,54.0,-0.05233957624601527,-0.03944846500046245,-0.05193272477685554,-0.03829110815543983,0.0193072821768428,0.12111180539886472
216,174.48322464441975,4031.9823677236704,54.0,-0.05233957624601527,-0.02452459286051214,-0.05193272477685554,-0.02504458388171427,0.0193072821768428,0.1143633277892683
217,159.43739905401296,3933.477616981658,54.0,-0.05233957624601527,0.059282568236295,-0.05193272477685554,0.05914755047581244,0.0193072821768428,0.10822222301407675
218,84.41627726602805,3949.6460271760247,54.0,-0.05233957624601527,0.11038277884801606,-0.05193272477685554,0.10960054087350388,0.0193072821768428,0.11973408117865912
219,131.47690223101853,4022.1859800698,54.0,-0.05233957624601527,0.12407322533721135,-0.05193272477685554,0.12682548114106953,0.0193072821768428,0.10007387388093258
220,187.053991585138,4017.227842472392,54.0,-0.05233957624601527,0.0574754863547966,-0.05193272477685554,0.05707948470884369,0.0193072821768428,0.10806184720650004
221,159.89027933223167,4005.408777123752,54.0,-0.05233957624601527,0.1369485557887112,-0.05193272477685554,0.13213753094366315,0.0193072821768428,0.10262309651492885
222,170.7980045065533,4000.56721463194,54.0,-0.05233957624601527,0.13974601447209234,-0.05193272477685554,0.13789884139008834,0.0193072821768428,0.11019847913675523
223,127.73251775700308,3986.4369142934142,54.0,-0.05233957624601527,0.16425212853563176,-0.05193272477685554,0.1612141110435182,0.0193072821768428,0.11301210196629302
224,152.43970563423912,3979.6112015162767,54.0,-0.05233957624601527,0.19727762034020052,-0.05193272477685554,0.19468021928407037,0.0193072821768428,0.11164818534602745
225,174.71523540000473,3992.374315235834,54.0,-0.05233957624601527,0.11410621124654127,-0.05193272477685554,0.11436286119041912,0.0193072821768428,0.10898689352110083
226,161.36958893878008,3968.148276780728,54.0,-0.05233957624601527,0.19943695200324252,-0.05193272477685554,0.19818933204810887,0.0193072821768428,0.1042663829237812
227,134.4228366966098,3954.478339318272,54.0,-0.05233957624601527,0.09186206950693472,-0.05193272477685554,0.09281107590197982,0.0193072821768428,0.10275815430665065
228,147.43696333343436,3954.1411790196416,54.0,-0.05233957624601527,0.10447815344479566,-0.05193272477685554,0.10530989394769442,0.0193072821768428,0.10133638093039715
229,118.65300674518,3961.480515731901,54.0,-0.05233957624601527,0.02862440822785105,-0.05193272477685554,0.027851062025366295,0.0193072821768428,0.10158756116234598
230,166.63803351620655,3950.276785677188,54.0,-0.05233957624601527,0.08503717380672912,-0.05193272477685554,0.08401275231173086,0.0193072821768428,0.10466335116027121
231,102.08049116011732,3939.728583899344,54.0,-0.05233957624601527,0.0018598753930872355,-0.05193272477685554,-4.887002528663521e-05,0.0193072821768428,0.10953693239954117
232,125.50396993450582,3926.5617673616193,54.0,-0.05233957624601527,-0.021315810110165718,-0.05193272477685554,-0.02453631518160341,0.0193072821768428,0.10851350028170306
233,137.28112544023642,3930.5912278669,54.0,-0.05233957624601527,0.020368943049572992,-0.05193272477685554,0.02391087374538728,0.0193072821768428,0.09768772997422538
234,179.67090940770512,3929.463131396641,54.0,-0.05233957624601527,0.07238371771397553,-0.05193272477685554,0.06963966474041844,0.0193072821768428,0.10650139027656676
235,88.2681727690951,3915.200775925912,54.0,-0.05233957624601527,-0.14587984353390246,-0.05193272477685554,-0.1424406238305312,0.0193072821768428,0.10991009589077781
236,341.5724936781372,4071.071754032602,54.0,-0.05233957624601527,0.1287536250828318,-0.05193272477685554,0.12830357495376699,0.0193072821768428,0.1179783491309699
237,284.64002970112773,4055.1089548280224,54.0,-0.05233957624601527,0.008448263486577979,-0.05193272477685554,0.007378018450490485,0.0193072821768428,0.12300925632333069
238,298.71808334848726,4042.900299437067,54.0,-0.05233957624601527,-0.026367112690116955,-0.05193272477685554,-0.025896236782155482,0.0193072821768428,0.12227565040365702
239,295.49475046157585,4024.814807490681,54.0,-0.05233957624601527,-0.032266969018678995,-0.05193272477685554,-0.03538243465491145,0.0193072821768428,0.11901731193062029
240,298.4942841222434,4011.6459546344126,54.0,-0.05233957624601527,0.009023016679198201,-0.05193272477685554,0.008226744333569874,0.0193072821768428,0.10888870562911862
241,313.25635416495834,3998.830416275237,54.0,-0.05233957624601527,0.015452272631238823,-0.05193272477685554,0.014896528123131945,0.0193072821768428,0.10379269701920155
242,340.1371375561863,4063.06336212007,54.0,-0.05233957624601527,0.11233902772767235,-0.05193272477685554,0.11186643229868815,0.0193072821768428,0.11329070054188077
243,278.252957276231,4041.337412517816,54.0,-0.05233957624601527,0.003117445249836091,-0.05193272477685554,0.003491350173473525,0.0193072821768428,0.11525524561091562
244,312.8233748838626,4054.8922790732095,54.0,-0.05233957624601527,-0.15190110016286543,-0.05193272477685554,-0.15236560537182453,0.0193072821768428,0.12423621226676963
245,295.92345652296734,4012.471765436985,54.0,-0.05233957624601527,-0.005524395358611217,-0.05193272477685554,-0.005939497613994087,0.0193072821768428,0.10850761237449533
246,313.2916641340094,4017.6982104419535,54.0,-0.05233957624601527,-0.07663911794367777,-0.05193272477685554,-0.0732192131884997,0.0193072821768428,0.11758636997377826
247,312.224459853089,4001.93805851142,54.0,-0.05233957624601527,0.032929137534105375,-0.05193272477685554,0.03574419449027587,0.0193072821768428,0.10285905245713607
248,327.306343705716,4081.3155709764615,54.0,-0.05233957624601527,-0.01159716243994482,-0.05193272477685554,-0.012833196957671164,0.0193072821768428,0.11477164263928923
249,349.69763252524416,4039.951949456995,54.0,-0.05233957624601527,0.10634548071172295,-0.05193272477685554,0.10564729069108683,0.0193072821768428,0.12865105644509797
250,600.7045020356894,4728.578327237054,54.0,-0.05233957624601527,-0.13138066321749148,-0.05193272477685554,-0.1303818217187996,0.0193072821768428,0.105013098965987
251,615.0972380746283,4729.136044277722,54.0,-0.05233957624601527,-0.15591210730987506,-0.05193272477685554,-0.15713057048471069,0.0193072821768428,0.11027179050874707
252,610.9322177974102,4716.550120256336,54.0,-0.05233957624601527,-0.09785529954048335,-0.05193272477685554,-0.0992529255351475,0.0193072821768428,0.11582913835680705
253,585.2799478976351,4707.2142580438485,54.0,-0.05233957624601527,0.0025199445184972222,-0.05193272477685554,-0.0014793924317171784,0.0193072821768428,0.12036076351201234
254,626.7173557268542,4717.2978723062015,54.0,-0.05233957624601527,-0.13015241382243684,-0.05193272477685554,-0.12898914820739543,0.0193072821768428,0.12492889024248695
255,611.7833747678618,4689.5072732073895,54.0,-0.05233957624601527,-0.11239442391750487,-0.05193272477685554,-0.11023382360050725,0.0193072821768428,0.12346808685472262
256,658.3837731695672,4666.320521897435,54.0,-0.05233957624601527,-0.013723048034688911,-0.05193272477685554,-0.012897555556047883,0.0193072821768428,0.12616498307265173
257,614.1078240497995,4759.599537053033,54.0,-0.05233957624601527,-0.23152108788008258,-0.05193272477685554,-0.23502388934692992,0.0193072821768428,0.120293601107575
258,709.7868194729853,4851.286536622527,54.0,-0.05233957624601527,-0.1662489411278701,-0.05193272477685554,-0.16664187518546736,0.0193072821768428,0.12077810130474673
259,707.8319490604442,4838.528995008403,54.0,-0.05233957624601527,-0.19063427497695018,-0.05193272477685554,-0.1943275522574107,0.0193072821768428,0.11453940034430538
260,743.9056275573591,4843.618383029032,54.0,-0.05233957624601527,-0.14271990729113435,-0.05193272477685554,-0.14310928463397138,0.0193072821768428,0.12208005092895163
261,762.3183109776259,4879.314608845601,54.0,-0.05233957624601527,-0.0691241649216572,-0.05193272477685554,-0.06996783004986011,0.0193072821768428,0.12160046612000186
262,820.1121867911606,4887.409658363325,54.0,-0.05233957624601527,-0.029616638102764378,-0.05193272477685554,-0.028391256398808812,0.0193072821768428,0.10755905002656628
263,686.117062037542,4838.322673380027,54.0,-0.05233957624601527,-0.18509755952538748,-0.05193272477685554,-0.18325098380009686,0.0193072821768428,0.12550932170215306
264,839.9666946806605,4892.4253643392085,54.0,-0.05233957624601527,0.038442435653927576,-0.05193272477685554,0.03724725801544153,0.0193072821768428,0.12141832923020773
265,835.7138504834124,4882.651568351076,54.0,-0.05233957624601527,0.009164079989654125,-0.05193272477685554,0.005752897167542195,0.0193072821768428,0.11202170814759782
266,820.8837607778523,4830.121101450797,54.0,-0.05233957624601527,0.10652628281476928,-0.05193272477685554,0.1063944911013239,0.0193072821768428,0.10709763673524086
267,845.9654275779601,4795.464012288639,54.0,-0.05233957624601527,0.18648912648015256,-0.05193272477685554,0.18690979514683442,0.0193072821768428,0.12188828330418036
268,867.3492606095851,4792.378098334041,54.0,-0.05233957624601527,0.17469177554381082,-0.05193272477685554,0.17572870675630947,0.0193072821768428,0.11904480085038378
269,872.9571364917919,4808.047677891233,54.0,-0.05233957624601527,0.17799659304124077,-0.05193272477685554,0.18162737115363337,0.0193072821768428,0.1272139446696604
270,889.1341090380087,4812.894460811884,54.0,-0.05233957624601527,0.20556774985080192,-0.05193272477685554,0.20274024218723394,0.0193072821768428,0.1336927630176708
271,836.1977774156197,4777.614491614041,54.0,-0.05233957624601527,0.03416953786187555,-0.05193272477685554,0.036045396482954496,0.0193072821768428,0.13026673862434204
272,791.9618452812189,4800.791116098234,54.0,-0.05233957624601527,0.07166224236557604,-0.05193272477685554,0.07116667198116239,0.0193072821768428,0.11071671345548137
273,769.9822830042261,4792.05829740607,54.0,-0.05233957624601527,0.1866220867977436,-0.05193272477685554,0.1874518257463193,0.0193072821768428,0.10833785807323816
274,733.5001364322503,4748.586620355318,54.0,-0.05233957624601527,0.22944096131576952,-0.05193272477685554,0.22816045068261337,0.0193072821768428,0.12621177649116563
275,735.121237879597,4781.5539469831065,54.0,-0.05233957624601527,0.047092735256704724,-0.05193272477685554,0.045686643142993116,0.0193072821768428,0.10652123843011466
276,722.2932557621302,4816.856741328317,54.0,-0.05233957624601527,-0.057122715572952246,-0.05193272477685554,-0.05215509645595384,0.0193072821768428,0.11570050495843238
277,707.3848569786213,4791.034976103771,54.0,-0.05233957624601527,0.14087868956663063,-0.05193272477685554,0.14124128209752934,0.0193072821768428,0.1178872350617017
278,712.9980031901063,4777.612970571223,54.0,-0.05233957624601527,0.1852826223352401,-0.05193272477685554,0.18177629361409708,0.0193072821768428,0.10632898798584231
279,699.7932708640618,4755.760924905943,54.0,-0.05233957624601527,0.13145048284229763,-0.05193272477685554,0.13394962324199056,0.0193072821768428,0.12159892668056702
280,686.8965221818985,4798.831092361476,54.0,-0.05233957624601527,-0.04023878693410908,-0.05193272477685554,-0.040366676668690496,0.0193072821768428,0.11825059541418634
281,680.6398356896284,4755.541084095308,54.0,-0.05233957624601527,-0.007624594995591405,-0.05193272477685554,-0.008470336572899119,0.0193072821768428,0.11778526605175685
282,698.5462369914484,4721.24792534284,54.0,-0.05233957624601527,0.17146485432429753,-0.05193272477685554,0.1688327517312342,0.0193072821768428,0.12527198794977243
283,687.2411309135879,4707.631508201332,54.0,-0.05233957624601527,0.1375936560949289,-0.05193272477685554,0.13671256447560184,0.0193072821768428,0.11968768380590909
284,690.6183360672042,4684.164100497674,54.0,-0.05233957624601527,0.19930811161124518,-0.05193272477685554,0.196368280175744,0.0193072821768428,0.1258494199380263
285,618.2919098528059,4748.229002741738,54.0,-0.05233957624601527,-0.22894100638564788,-0.05193272477685554,-0.2308839201121669,0.0193072821768428,0.11673340401257715
286,606.2075985001995,4731.370763159866,54.0,-0.05233957624601527,-0.14440927169244164,-0.05193272477685554,-0.14031051462121324,0.0193072821768428,0.10542702404245241
287,592.7991030181048,4715.751040197805,54.0,-0.05233957624601527,-0.09411525469122269,-0.05193272477685554,-0.09361607846117953,0.0193072821768428,0.11587920349753479
288,623.3428439903965,4697.432085439533,54.0,-0.05233957624601527,-0.26309746229635,-0.05193272477685554,-0.26113319628038084,0.0193072821768428,0.12708267939216064
289,629.0391362438163,4679.029549685565,54.0,-0.05233957624601527,-0.13846246977696122,-0.05193272477685554,-0.1411211167028987,0.0193072821768428,0.1220088117131905
290,645.9807538115654,4669.918769358841,54.0,-0.05233957624601527,-0.03222935850362206,-0.05193272477685554,-0.030319971611799,0.0193072821768428,0.1283734956042517
291,677.9072626809317,4653.89718048063,54.0,-0.05233957624601527,-0.21965145368991296,-0.05193272477685554,-0.2200984836471967,0.0193072821768428,0.12979567163101458
292,685.7243502711287,4645.208724743927,54.0,-0.05233957624601527,-0.18252748302562125,-0.05193272477685554,-0.17930057746149594,0.0193072821768428,0.1285805873790173
293,691.3660822278478,4666.660196363947,54.0,-0.05233957624601527,0.00486535508679298,-0.05193272477685554,0.005645143159865667,0.0193072821768428,0.12539333928512716
294,564.4258101030795,4760.96239677223,54.0,-0.05233957624601527,0.07463794006264224,-0.05193272477685554,0.06947333052006632,0.0193072821768428,0.10997832614116138
295,592.8377865365509,4734.876730565503,54.0,-0.05233957624601527,-0.07354479129249648,-0.05193272477685554,-0.07262991891833798,0.0193072821768428,0.10820340291395215
296,567.0059918406176,4747.16037686089,54.0,-0.05233957624601527,0.13679487161493045,-0.05193272477685554,0.13583493576507732,0.0193072821768428,0.10333115654069677
297,449.6577175507031,4796.927098377143,54.0,-0.05233957624601527,0.0939914328193769,-0.05193272477685554,0.09060864222780238,0.0193072821768428,0.13102116693629137
298,467.665080100585,4793.329962170085,54.0,-0.05233957624601527,0.20093218625487377,-0.05193272477685554,0.1998167732204694,0.0193072821768428,0.11684980831939919
299,482.2719153734478,4782.759217046061,54.0,-0.05233957624601527,0.1520298496988969,-0.05193272477685554,0.15293973619018084,0.0193072821768428,0.12652249754923534
300,500.20796147231687,4618.267020372979,54.0,-0.05233957624601527,0.25612070061042463,-0.05193272477685554,0.25232596330810186,0.0193072821768428,0.13341773032693857
301,452.8407182199586,4614.347532250419,54.0,-0.05233957624601527,0.010449694656016978,-0.05193272477685554,0.008609974414108707,0.0193072821768428,0.11917926138944933
302,437.13896889547215,4593.005802237853,54.0,-0.05233957624601527,0.19150658210706267,-0.05193272477685554,0.19010257157930793,0.0193072821768428,0.12904081407485762
303,425.7675979026484,4587.306801321076,54.0,-0.05233957624601527,0.093010237821381,-0.05193272477685554,0.0914903540603304,0.0193072821768428,0.12606901030842715
304,415.821304844712,4664.678751133025,54.0,-0.05233957624601527,-0.06085576367504009,-0.05193272477685554,-0.05821581967048082,0.0193072821768428,0.12982623527505957
305,447.73043194608914,4642.773796720821,54.0,-0.05233957624601527,-0.11592484899960039,-0.05193272477685554,-0.11858064405051513,0.0193072821768428,0.13029407795498704
306,416.52807431204894,4611.258260235148,54.0,-0.05233957624601527,-0.016897958522482857,-0.05193272477685554,-0.019453745506627783,0.0193072821768428,0.1367102089268316
307,403.9039033992696,4716.495571963465,54.0,-0.05233957624601527,-0.1266565189499952,-0.05193272477685554,-0.12593686481528887,0.0193072821768428,0.13438165205909308
308,-239.5128446278165,3906.899903078088,54.0,-0.05233957624601527,0.2326311831503595,-0.05193272477685554,0.23045868950831533,0.0193072821768428,0.1160557255721473
309,-206.51370862307223,3888.753544352072,54.0,-0.05233957624601527,0.17007342282263724,-0.05193272477685554,0.17249915142440736,0.0193072821768428,0.11024361327265185
310,-247.0083933535225,3882.934832278036,54.0,-0.05233957624601527,0.02821164377148133,-0.05193272477685554,0.0249792049641628,0.0193072821768428,0.11876926627369719
311,-299.6987199382138,3877.517142896227,54.0,-0.05233957624601527,0.1353083553246357,-0.05193272477685554,0.1373821921497095,0.0193072821768428,0.11939012084254995
312,-207.05441320593363,3875.578724167899,54.0,-0.05233957624601527,0.20617887043679553,-0.05193272477685554,0.20226753321445418,0.0193072821768428,0.11493329468092536
313,-288.28040614727314,3869.763411078973,54.0,-0.05233957624601527,0.14706663636213926,-0.05193272477685554,0.14707884433419083,0.0193072821768428,0.10829792610452259
314,-224.7874470069469,3868.704572457101,54.0,-0.05233957624601527,0.040260487440294694,-0.05193272477685554,0.04180521600933096,0.0193072821768428,0.10692692639079085
315,-260.1284068828446,3860.327587174116,54.0,-0.05233957624601527,0.09134113881194124,-0.05193272477685554,0.08636450158650913,0.0193072821768428,0.1133611621078119
316,-301.76269843675186,3851.489323913676,54.0,-0.05233957624601527,0.2949688731411453,-0.05193272477685554,0.29429933588635626,0.0193072821768428,0.1183971849251443
317,-230.0244001131252,3856.086690947165,54.0,-0.05233957624601527,0.1658503681916133,-0.05193272477685554,0.16847689271211358,0.0193072821768428,0.11017074937981144
318,-212.9190342948821,3852.70955400908,54.0,-0.05233957624601527,0.13069917223355632,-0.05193272477685554,0.12849662851922258,0.0193072821768428,0.11752768631165383
319,-259.69914487938223,3840.648840093646,54.0,-0.05233957624601527,0.1874111453084686,-0.05193272477685554,0.1875276349631374,0.0193072821768428,0.11160205275132225
320,-217.82064581615532,3836.435116427341,54.0,-0.05233957624601527,0.14649989919656412,-0.05193272477685554,0.14899458061284354,0.0193072821768428,0.11412155189224142
321,-228.4608267250068,3835.49661024065,54.0,-0.05233957624601527,0.3076717364211252,-0.05193272477685554,0.3045458129198715,0.0193072821768428,0.11215083314826467
322,-220.7072172819317,3822.533501197976,54.0,-0.05233957624601527,0.24497145187250846,-0.05193272477685554,0.24400320025779676,0.0193072821768428,0.11762278820193077
323,-220.52307878009043,3896.322588863719,54.0,-0.05233957624601527,0.16291973124438583,-0.05193272477685554,0.16642835538097875,0.0193072821768428,0.11668991796567314
324,-234.22537457612623,3832.547431286246,54.0,-0.05233957624601527,0.3198499309725095,-0.05193272477685554,0.31593032457738474,0.0193072821768428,0.11651980045308058
325,-239.64545070337945,3852.531569643749,54.0,-0.05233957624601527,0.13707275142383057,-0.05193272477685554,0.1334172979268939,0.0193072821768428,0.11258892414122802
326,-222.45927337673947,3847.821790182078,54.0,-0.05233957624601527,0.27169090782203387,-0.05193272477685554,0.2721485148304571,0.0193072821768428,0.11772326264497154
327,-204.13750177921133,3830.7645324182754,54.0,-0.05233957624601527,0.068171693517266,-0.05193272477685554,0.07196274507230352,0.0193072821768428,0.11862959448873736
328,-196.31793179281823,3850.097955642777,54.0,-0.05233957624601527,0.06761160673278767,-0.05193272477685554,0.06456554976758197,0.0193072821768428,0.11534978989281897
329,-239.63954182075463,3893.468471754271,54.0,-0.05233957624601527,0.11806942054974584,-0.05193272477685554,0.11632981302754532,0.0193072821768428,0.11443689139246406
330,-270.3096398577547,3825.91280365092,54.0,-0.05233957624601527,0.17282438694515487,-0.05193272477685554,0.17191519869022823,0.0193072821768428,0.1279275855257707
331,-313.64040487867874,3841.407442527648,54.0,-0.05233957624601527,0.1677730969642551,-0.05193272477685554,0.17071217813345135,0.0193072821768428,0.11146840314485797
332,-237.86889380994464,3869.5690282123273,54.0,-0.05233957624601527,0.0017082825226476717,-0.05193272477685554,0.0052828001509635444,0.0193072821768428,0.1180830892449765
333,-290.1032136269349,3879.02770495162,54.0,-0.05233957624601527,0.1383893457656096,-0.05193272477685554,0.13839205835568952,0.0193072821768428,0.11254440973275433
334,-217.05716463296827,3881.450900568053,54.0,-0.05233957624601527,0.10304569329268312,-0.05193272477685554,0.10367259659984578,0.0193072821768428,0.11559099450443559
335,-287.08457697353265,3860.139446947377,54.0,-0.05233957624601527,0.1097714239118258,-0.05193272477685554,0.10631002721327165,0.0193072821768428,0.11284677537946243
336,-284.4670125726876,3807.7889507976943,54.0,-0.05233957624601527,0.07404410467227406,-0.05193272477685554,0.07831144242911782,0.0193072821768428,0.12839995094318604
337,-264.284648689563,3867.396538917314,54.0,-0.05233957624601527,0.06644463205593402,-0.05193272477685554,0.06329091278925272,0.0193072821768428,0.11242142526299188
338,-305.30829728411254,3860.661942635376,54.0,-0.05233957624601527,0.16879583601189638,-0.05193272477685554,0.1659190255360996,0.0193072821768428,0.1090205501705578
339,-254.8098989424844,3843.565233451433,54.0,-0.05233957624601527,0.18960570676792152,-0.05193272477685554,0.19161878786036846,0.0193072821768428,0.10743612547387675
340,-93.57726189495948,3961.546197789921,54.0,-0.05233957624601527,-0.14846229861155724,-0.05193272477685554,-0.1456438333293819,0.0193072821768428,0.13099462241676443
341,-56.035500045016406,3941.502507723401,54.0,-0.05233957624601527,-0.13399598850303218,-0.05193272477685554,-0.13540912326792925,0.0193072821768428,0.1291742713038416
342,-83.42484145845008,3942.88148701633,54.0,-0.05233957624601527,-0.13548228879621255,-0.05193272477685554,-0.13691026373436943,0.0193072821768428,0.11804653018388421
343,-58.13533851273078,3928.158727312826,54.0,-0.05233957624601527,-0.11287411320363366,-0.05193272477685554,-0.11844667176512902,0.0193072821768428,0.11257434044713674
344,-76.10278929015365,3928.390718488814,54.0,-0.05233957624601527,-0.1329873259290181,-0.05193272477685554,-0.1292033925118809,0.0193072821768428,0.11732709362630646
345,-88.19284338416543,3910.3239477963098,54.0,-0.05233957624601527,-0.07256974563450447,-0.05193272477685554,-0.07013855848684339,0.0193072821768428,0.11744181191490995
346,-66.20733732343768,3907.189374107909,54.0,-0.05233957624601527,-0.07146144691534177,-0.05193272477685554,-0.0754082288226513,0.0193072821768428,0.11545191014646781
347,-31.22363826822373,3895.155107689023,54.0,-0.05233957624601527,-0.04339931000023568,-0.05193272477685554,-0.04414029194488669,0.0193072821768428,0.11270066412213882
348,-109.8933281317338,3891.788283909125,54.0,-0.05233957624601527,0.052586904553317194,-0.05193272477685554,0.05033777563837724,0.0193072821768428,0.1115716500256795
349,-88.84745792148391,3891.638924250811,54.0,-0.05233957624601527,0.002348490436795362,-0.05193272477685554,0.0004129110544383514,0.0193072821768428,0.11023915920129243
350,-69.56334702608117,3889.639795815675,54.0,-0.05233957624601527,-0.017734540572874807,-0.05193272477685554,-0.014438877852823061,0.0193072821768428,0.11294415297901361
351,-47.84804575173801,3889.788154786775,54.0,-0.05233957624601527,-0.02728584353068353,-0.05193272477685554,-0.031187823768014072,0.0193072821768428,0.1147378718409462
352,-23.36300577374711,3882.6832047228254,54.0,-0.05233957624601527,-0.040098979045730246,-0.05193272477685554,-0.04063590833314783,0.0193072821768428,0.11219516945378964
353,-90.5169001182837,3876.50193235572,54.0,-0.05233957624601527,0.022413250522326712,-0.05193272477685554,0.01676393331807157,0.0193072821768428,0.10751228532460555
354,-65.13866586007784,3871.8509974488175,54.0,-0.05233957624601527,-0.004980508466231688,-0.05193272477685554,-0.009234115454883462,0.0193072821768428,0.10708674104515023
355,-50.13229410178342,3867.0999269122817,54.0,-0.05233957624601527,-0.1008594539321283,-0.05193272477685554,-0.09889517033856612,0.0193072821768428,0.11450489636551574
356,-35.39723016141716,3854.209722232396,54.0,-0.05233957624601527,-0.1395378375972632,-0.05193272477685554,-0.13739847205816552,0.0193072821768428,0.12422701056800056
357,-61.32288072890474,3816.801141060652,54.0,-0.05233957624601527,-0.3211929397545185,-0.05193272477685554,-0.3203292427598159,0.0193072821768428,0.11731420685599867
358,-70.85258713100723,3825.679041233032,54.0,-0.05233957624601527,-0.19488981293164728,-0.05193272477685554,-0.19661632540338764,0.0193072821768428,0.12458985599716209
359,-77.81854309749487,3807.703348510464,54.0,-0.05233957624601527,-0.24961121623964885,-0.05193272477685554,-0.25072401754816087,0.0193072821768428,0.11886312889690384
360,-71.53169503986241,3812.202036985935,54.0,-0.05233957624601527,-0.2756525753563041,-0.05193272477685554,-0.2712204407049662,0.0193072821768428,0.11392303035802587
361,-100.08529526117316,3900.3226209859754,54.0,-0.05233957624601527,-0.0327922842393685,-0.05193272477685554,-0.031690406481363564,0.0193072821768428,0.11200633891535726
362,-89.8146653730421,3916.635476753353,54.0,-0.05233957624601527,-0.0326208600531068,-0.05193272477685554,-0.034305422744873554,0.0193072821768428,0.1137889728015444
363,-21.70518692471069,3895.884300151082,54.0,-0.05233957624601527,-0.050807013819877025,-0.05193272477685554,-0.04644709263029911,0.0193072821768428,0.11140534177328283
364,-110.01626871790168,3882.272424637356,54.0,-0.05233957624601527,0.07883479446694866,-0.05193272477685554,0.07869102044567633,0.0193072821768428,0.10938166849313677
365,-96.97654250745872,3869.5775486716034,54.0,-0.05233957624601527,-0.009876282626229069,-0.05193272477685554,-0.012375156066300273,0.0193072821768428,0.11234450465653627
366,-77.79031957572187,3894.979280828351,54.0,-0.05233957624601527,-0.010183534777675625,-0.05193272477685554,-0.009009591220855248,0.0193072821768428,0.11091641055086221
367,-55.97942679583037,3901.289986408653,54.0,-0.05233957624601527,-0.0873929924543282,-0.05193272477685554,-0.08561589092159688,0.0193072821768428,0.11475858046473407
368,-40.74382534446032,3878.871264722534,54.0,-0.05233957624601527,-0.054103678584609995,-0.05193272477685554,-0.052254839725430144,0.0193072821768428,0.11501396045754239
369,-66.69372584046727,3870.2071380379048,54.0,-0.05233957624601527,0.010228645981838081,-0.05193272477685554,0.011695496242212371,0.0193072821768428,0.10933687526059853
370,-54.35065196736064,3922.548138121946,54.0,-0.05233957624601527,-0.0983599314171121,-0.05193272477685554,-0.09463277830407721,0.0193072821768428,0.1143116589884776
371,-90.20027446475764,3884.516943179324,54.0,-0.05233957624601527,0.05135260708404152,-0.05193272477685554,0.05035451928112516,0.0193072821768428,0.10925149840544493
372,442.6118074904948,4070.2277085185783,54.0,-0.05233957624601527,0.10102289199093055,-0.05193272477685554,0.10075233135211867,0.0193072821768428,0.10955290808427387
373,473.81212145827845,4062.309946420862,54.0,-0.05233957624601527,0.039271803215440534,-0.05193272477685554,0.04082760283390635,0.0193072821768428,0.12060135025361453
374,468.27210347413103,4049.616241434093,54.0,-0.05233957624601527,0.19534595445002492,-0.05193272477685554,0.19247030645670557,0.0193072821768428,0.12154619065672423
375,447.21509965388833,4045.293583999011,54.0,-0.05233957624601527,0.3231381189138028,-0.05193272477685554,0.32098823338482196,0.0193072821768428,0.11119999907932852
376,431.58584790895287,4026.933212132683,54.0,-0.05233957624601527,0.363463629438244,-0.05193272477685554,0.36153985584095816,0.0193072821768428,0.1155255911446045
377,408.9986108563161,3996.755525049388,54.0,-0.05233957624601527,0.0828350274496235,-0.05193272477685554,0.0854641973382246,0.0193072821768428,0.13150396929756714
378,422.862128182699,4025.3424938357566,54.0,-0.05233957624601527,0.3267898899731199,-0.05193272477685554,0.3280521122730667,0.0193072821768428,0.12173121208734237
379,439.19746758037405,4076.996335961541,54.0,-0.05233957624601527,0.08016161167478845,-0.05193272477685554,0.07924359606195207,0.0193072821768428,0.11146961572889597
380,462.0840432753972,4072.271140968799,54.0,-0.05233957624601527,0.02100406635918515,-0.05193272477685554,0.020108857213676362,0.0193072821768428,0.11916880067280665
381,459.6569034973903,4060.82300260624,54.0,-0.05233957624601527,0.10829686868145923,-0.05193272477685554,0.10788982854342624,0.0193072821768428,0.11125410388413969
382,437.47285354914527,4045.91348934747,54.0,-0.05233957624601527,0.3920516868974227,-0.05193272477685554,0.38842246665328717,0.0193072821768428,0.11534511817945134
383,446.14924890749785,4055.162025087259,54.0,-0.05233957624601527,0.3016610564410351,-0.05193272477685554,0.30097890994615983,0.0193072821768428,0.11187371648665005
384,438.2395063544679,3993.749322917003,54.0,-0.05233957624601527,0.17386167295174335,-0.05193272477685554,0.1736489920296665,0.0193072821768428,0.12785772618649666
385,465.8911725966613,4024.289872350432,54.0,-0.05233957624601527,0.1852366906310769,-0.05193272477685554,0.17966686974276092,0.0193072821768428,0.1299802518333531
386,418.14174019683327,4008.0356973029234,54.0,-0.05233957624601527,0.06981350159557416,-0.05193272477685554,0.07218976645844619,0.0193072821768428,0.12214753043841044
387,475.8206463571328,3964.9488424231126,54.0,-0.05233957624601527,-0.16014593431540408,-0.05193272477685554,-0.15895250309832054,0.0193072821768428,0.13189766525662683
388,566.9000301137978,4747.137133853987,54.0,-0.05233957624601527,0.13727080784315462,-0.05193272477685554,0.1366903357834422,0.0193072821768428,0.10400870518906606
389,592.1742243865796,4747.151768762015,54.0,-0.05233957624601527,-0.11380026525509908,-0.05193272477685554,-0.11551735818786005,0.0193072821768428,0.11273799247211458
390,570.8316210365269,4722.155506308706,54.0,-0.05233957624601527,0.09502863979517023,-0.05193272477685554,0.09682932132854388,0.0193072821768428,0.1255989552964587
391,528.7046952932974,4712.336696063006,54.0,-0.05233957624601527,0.02134471239346097,-0.05193272477685554,0.022188228518235986,0.0193072821768428,0.13380137132768874
392,552.9775415131319,4785.4968353270415,54.0,-0.05233957624601527,0.09466107641040238,-0.05193272477685554,0.09631089316655432,0.0193072821768428,0.1285623017266788
393,552.2519091763407,4748.576091798907,54.0,-0.05233957624601527,0.10127740269462958,-0.05193272477685554,0.09743422307820104,0.0193072821768428,0.12456201750028288
394,161.96578384564387,4157.2024176535,54.0,-0.05233957624601527,0.18244269964028356,-0.05193272477685554,0.1838946028154723,0.0193072821768428,0.11752774259001418
395,137.73214120296976,4146.211392684601,54.0,-0.05233957624601527,0.21729714047925333,-0.05193272477685554,0.21952789915542276,0.0193072821768428,0.11984616312472877
396,158.49410884129216,4136.006365328739,54.0,-0.05233957624601527,0.2762360316522748,-0.05193272477685554,0.27779152011487596,0.0193072821768428,0.1096780854820546
397,136.56558805196306,4128.332749792738,54.0,-0.05233957624601527,0.295638108505364,-0.05193272477685554,0.29409559336208513,0.0193072821768428,0.11324752583346517
398,117.19421705345408,4121.351193952682,54.0,-0.05233957624601527,0.17522724590979546,-0.05193272477685554,0.173679948047003,0.0193072821768428,0.11946323931646778
399,109.91679785969896,4052.896427825765,54.0,-0.05233957624601527,0.05221608379021718,-0.05193272477685554,0.04992560981544249,0.0193072821768428,0.11343637235867302
400,105.52394893714752,4032.581984936505,54.0,-0.05233957624601527,0.17296702441725265,-0.05193272477685554,0.1765911763255766,0.0193072821768428,0.11658255512721358
401,106.44842983383482,4012.84945915906,54.0,-0.05233957624601527,0.1508169887782998,-0.05193272477685554,0.15309043193393762,0.0193072821768428,0.11597819776784589
402,171.63451694131356,4159.78310361989,54.0,-0.05233957624601527,0.17781438547781342,-0.05193272477685554,0.17047081445328,0.0193072821768428,0.12869762211697758
403,149.38437383192732,4142.655189530788,54.0,-0.05233957624601527,0.253520009401082,-0.05193272477685554,0.24555516358637675,0.0193072821768428,0.10858346638953872
404,167.22649373259551,4139.857029282407,54.0,-0.05233957624601527,0.2778242443108175,-0.05193272477685554,0.27527976884914707,0.0193072821768428,0.12013464853417644
405,119.82403039050632,4124.56931096989,54.0,-0.05233957624601527,0.1514028748730888,-0.05193272477685554,0.15186962771598855,0.0193072821768428,0.1168554139377293
406,142.29614129157707,4127.163348327213,54.0,-0.05233957624601527,0.35271900748870766,-0.05193272477685554,0.34534438090527364,0.0193072821768428,0.11283320827136517
407,128.30218247028407,4108.962098016365,54.0,-0.05233957624601527,0.06565469248933013,-0.05193272477685554,0.07529752609123334,0.0193072821768428,0.12532450488836042
408,109.11821937100868,4049.9401200264047,54.0,-0.05233957624601527,0.061840325275438014,-0.05193272477685554,0.06285907954764247,0.0193072821768428,0.11187547030194227
409,124.08609991612518,4074.076898022276,54.0,-0.05233957624601527,0.0020501169686582216,-0.05193272477685554,0.0023311816363115745,0.0193072821768428,0.12039443729788714
410,115.16096838828992,4022.0483223003416,54.0,-0.05233957624601527,0.28253507776109177,-0.05193272477685554,0.2836631274714727,0.0193072821768428,0.11844889464399411
411,561.0138184560105,4473.501935426613,54.0,-0.05233957624601527,-0.11619648020227691,-0.05193272477685554,-0.11485729282186702,0.0193072821768428,0.11816302616081797
412,565.0502773452903,4448.226533767391,54.0,-0.05233957624601527,-0.2554870565311852,-0.05193272477685554,-0.2589237191178351,0.0193072821768428,0.12357857173463974
413,582.8694820082358,4398.870274634955,54.0,-0.05233957624601527,-0.138502666272566,-0.05193272477685554,-0.1363160590814131,0.0193072821768428,0.11779310550208799
414,581.1993239604408,4389.028978416067,54.0,-0.05233957624601527,-0.17140312864674365,-0.05193272477685554,-0.17196429386784884,0.0193072821768428,0.11670504582263552
415,583.831138251116,4371.053286709621,54.0,-0.05233957624601527,-0.004411172586835832,-0.05193272477685554,-0.0024014527522609437,0.0193072821768428,0.11685950427986604
416,561.2628392077421,4326.059519500939,54.0,-0.05233957624601527,0.10608781050628224,-0.05193272477685554,0.10686209087370946,0.0193072821768428,0.12577103478133872
417,534.8960064449519,4318.929029125519,54.0,-0.05233957624601527,0.35998133763395396,-0.05193272477685554,0.35409546965338495,0.0193072821768428,0.12319589143659276
418,510.9466011058103,4309.526697793331,54.0,-0.05233957624601527,0.13102310732272865,-0.05193272477685554,0.13030910229391013,0.0193072821768428,0.11761698818799379
419,511.8782596396733,4352.397235288708,54.0,-0.05233957624601527,0.24198337786973653,-0.05193272477685554,0.24025821607290265,0.0193072821768428,0.11516946341406792
420,548.5850023962915,4353.449672308096,54.0,-0.05233957624601527,0.09944684973223425,-0.05193272477685554,0.09832360021158139,0.0193072821768428,0.12099020686251725
421,512.6417426087999,4370.543524351453,54.0,-0.05233957624601527,0.0500781224411501,-0.05193272477685554,0.054950497308648746,0.0193072821768428,0.11479638657958073
422,480.9664091966875,4352.089588299367,54.0,-0.05233957624601527,-0.02857227542295621,-0.05193272477685554,-0.028858073962622573,0.0193072821768428,0.11834216329228268
423,558.287928261929,4383.549496546334,54.0,-0.05233957624601527,-0.04615770195551135,-0.05193272477685554,-0.045852543400187434,0.0193072821768428,0.1123261557189769
424,537.5523516970317,4387.183166028368,54.0,-0.05233957624601527,0.05593255958432167,-0.05193272477685554,0.05657804525995773,0.0193072821768428,0.11834174043354015
425,556.3622236943382,4406.099826935316,54.0,-0.05233957624601527,-0.01840136772526365,-0.05193272477685554,-0.018911119396072165,0.0193072821768428,0.10475846855340243
426,507.007626677084,4418.914577252973,54.0,-0.05233957624601527,0.27160373140303445,-0.05193272477685554,0.2638185925688916,0.0193072821768428,0.13031890200723806
427,504.4577215216528,4438.979738557756,54.0,-0.05233957624601527,0.13122984638757956,-0.05193272477685554,0.12763987856670037,0.0193072821768428,0.11300756483055242
428,538.408480740028,4431.916543109024,54.0,-0.05233957624601527,-0.08306365232702448,-0.05193272477685554,-0.0807725808696699,0.0193072821768428,0.11208034840208617
429,524.7277800422952,4456.789074584238,54.0,-0.05233957624601527,0.12243213375167798,-0.05193272477685554,0.12558962625902173,0.0193072821768428,0.10990069004870077
430,485.3956997431978,4374.153861375261,54.0,-0.05233957624601527,0.011175545855160857,-0.05193272477685554,0.015830387107561728,0.0193072821768428,0.11737056179068833
431,529.1168317879833,4454.262917514842,54.0,-0.05233957624601527,0.12306318181319646,-0.05193272477685554,0.12102183396837939,0.0193072821768428,0.1097940580735198
432,532.7418826940634,4408.404237914756,54.0,-0.05233957624601527,0.22521927922384524,-0.05193272477685554,0.22109781023401665,0.0193072821768428,0.1312179500006888
433,555.815156934327,4405.984828369565,54.0,-0.05233957624601527,-0.01569251667022296,-0.05193272477685554,-0.015389896284572178,0.0193072821768428,0.10370070683303838
434,533.7624093755849,4336.924325778417,54.0,-0.05233957624601527,0.22330239197082405,-0.05193272477685554,0.22160775162802135,0.0193072821768428,0.11485762716932754
435,530.4685985461446,4301.8986450225775,54.0,-0.05233957624601527,0.2829241718254508,-0.05193272477685554,0.2800924079149819,0.0193072821768428,0.11839235279157465
436,514.5322622025869,4456.751426788521,54.0,-0.05233957624601527,0.15861082652104158,-0.05193272477685554,0.15764007201696664,0.0193072821768428,0.11116471773584197
437,548.53915137937,4457.937093293264,54.0,-0.05233957624601527,-0.16212986832046533,-0.05193272477685554,-0.15595188838357965,0.0193072821768428,0.11783031400991734
438,566.5828788927461,4457.8640046212495,54.0,-0.05233957624601527,-0.18037779873447116,-0.05193272477685554,-0.18058140937599626,0.0193072821768428,0.12233475050318167
439,560.6999742572023,4437.5564168372,54.0,-0.05233957624601527,-0.19484240079949508,-0.05193272477685554,-0.19008116838167582,0.0193072821768428,0.11817134052915608
440,495.98772785766295,4443.197207172899,54.0,-0.05233957624601527,0.08685309904240167,-0.05193272477685554,0.08456724055352963,0.0193072821768428,0.11541361827537044
441,516.32703292139,4436.776156702188,54.0,-0.05233957624601527,0.09073467747259437,-0.05193272477685554,0.08988205946741443,0.0193072821768428,0.11753589924170131
442,536.1540880146566,4444.858609584984,54.0,-0.05233957624601527,0.009244694921060783,-0.05193272477685554,0.006451579810042346,0.0193072821768428,0.10923097455125368
443,546.9208165404689,4421.220011345582,54.0,-0.05233957624601527,-0.14150432164833224,-0.05193272477685554,-0.1375675430920857,0.0193072821768428,0.11670318786888183
444,577.856407148501,4399.683609216996,54.0,-0.05233957624601527,-0.08065282585665196,-0.05193272477685554,-0.0791136838353842,0.0193072821768428,0.11465380681472324
445,507.9742950230683,4385.009332545608,54.0,-0.05233957624601527,0.0424487970097786,-0.05193272477685554,0.04669243811560575,0.0193072821768428,0.12294423094971703
446,495.4096026336581,4388.202891193944,54.0,-0.05233957624601527,0.03401204477286515,-0.05193272477685554,0.03474850030146341,0.0193072821768428,0.11563634075306062
447,551.2834782412536,4388.438780991228,54.0,-0.05233957624601527,-0.0212863900778959,-0.05193272477685554,-0.018875775628493675,0.0193072821768428,0.1130057938460035
448,558.281918566655,4368.377251679958,54.0,-0.05233957624601527,0.05403194057464885,-0.05193272477685554,0.053509071471720515,0.0193072821768428,0.11876351232741007
449,500.0086033322366,4367.370280777083,54.0,-0.05233957624601527,0.05841512413117331,-0.05193272477685554,0.05474903003163424,0.0193072821768428,0.11877203492355771
450,504.0759183332692,4354.886242555075,54.0,-0.05233957624601527,0.15746640007652238,-0.05193272477685554,0.15778484420925978,0.0193072821768428,0.11458077084444132
451,580.3012850433586,4369.728357564728,54.0,-0.05233957624601527,0.0008898675321695839,-0.05193272477685554,0.002227462317112748,0.0193072821768428,0.11363313354844191
452,525.9842509759866,4353.885320843046,54.0,-0.05233957624601527,0.17403975160562649,-0.05193272477685554,0.17711105419146683,0.0193072821768428,0.12000207740029349
453,571.0156044926573,4347.517470595766,54.0,-0.05233957624601527,0.11786498142687868,-0.05193272477685554,0.12305191994605011,0.0193072821768428,0.12489646751338422
454,501.0189302378661,4338.738198947732,54.0,-0.05233957624601527,0.06857804418161387,-0.05193272477685554,0.06952454903943184,0.0193072821768428,0.11928206563769633
455,488.2077283117417,4317.806340175813,54.0,-0.05233957624601527,0.12660841209420043,-0.05193272477685554,0.11945150187154377,0.0193072821768428,0.12408118462474739
456,500.112618383455,4313.336489856109,54.0,-0.05233957624601527,0.16972710028756655,-0.05193272477685554,0.16486496774045578,0.0193072821768428,0.11546235891264238
457,546.047037488337,4320.318029487556,54.0,-0.05233957624601527,0.2807830152730781,-0.05193272477685554,0.2775690147732562,0.0193072821768428,0.12002505686194659
458,-507.2972229471795,3600.671376046247,54.0,-0.05233957624601527,0.16536308140723147,-0.05193272477685554,0.16506901951353456,0.0193072821768428,0.1254185548579931
459,-499.9524784687832,3578.403458104436,54.0,-0.05233957624601527,0.053030455761262765,-0.05193272477685554,0.05020053382079246,0.0193072821768428,0.13491910717596373
460,-451.4328774109917,3539.606050872365,54.0,-0.05233957624601527,-0.10785769494794382,-0.05193272477685554,-0.10712618687367476,0.0193072821768428,0.13079619941747372
461,-517.5789695601553,3525.510166099442,54.0,-0.05233957624601527,0.12765405400837027,-0.05193272477685554,0.13226182139965503,0.0193072821768428,0.13804784918393403
462,-521.1800805309396,3510.2303992648426,54.0,-0.05233957624601527,0.2335393014478291,-0.05193272477685554,0.23667622413033973,0.0193072821768428,0.14100147899049587
463,-449.2628013025546,3503.742664831391,54.0,-0.05233957624601527,-0.1572866041455722,-0.05193272477685554,-0.16272866622510482,0.0193072821768428,0.13628135207206465
464,-485.042933661256,3485.47979782113,54.0,-0.05233957624601527,0.08939803109184132,-0.05193272477685554,0.0844476697693651,0.0193072821768428,0.13826412213089392
465,-573.8953694348969,3556.3836779114804,54.0,-0.05233957624601527,-0.03382721558457882,-0.05193272477685554,-0.032787102835993176,0.0193072821768428,0.142821524201872
466,-114.50920843118116,3834.9194074143743,54.0,-0.05233957624601527,0.180209397375124,-0.05193272477685554,0.1793411574890222,0.0193072821768428,0.11711230958572158
467,-164.43942656566844,3815.0857932853287,54.0,-0.05233957624601527,0.1171410349355325,-0.05193272477685554,0.11447384544479002,0.0193072821768428,0.11615648888356872
468,-140.92825652262695,3822.7016028764,54.0,-0.05233957624601527,0.2290542965076069,-0.05193272477685554,0.22615024953314017,0.0193072821768428,0.1165906798896488
469,-127.99374614651722,3810.908692759558,54.0,-0.05233957624601527,0.2613731449836405,-0.05193272477685554,0.25841027094881275,0.0193072821768428,0.11976707719459635
470,-152.77957078688812,3803.088929575855,54.0,-0.05233957624601527,0.16184860162783818,-0.05193272477685554,0.158662202629275,0.0193072821768428,0.11754894303807084
471,-150.0499459232575,3808.954736715893,54.0,-0.05233957624601527,0.23165438521033507,-0.05193272477685554,0.23072682846741116,0.0193072821768428,0.11286543808053559
472,-117.20662596065166,3807.599273888803,54.0,-0.05233957624601527,0.10908404030350224,-0.05193272477685554,0.1091418037674192,0.0193072821768428,0.12186288505445274
473,-113.68434153160244,3833.1341984416354,54.0,-0.05233957624601527,0.16666425481240335,-0.05193272477685554,0.171380384638034,0.0193072821768428,0.11417362260439169
474,608.6375792072362,4802.7437232065695,54.0,-0.05233957624601527,-0.10611373598387262,-0.05193272477685554,-0.10331995649432744,0.0193072821768428,0.1304820267114577
475,634.9065337772719,4766.654345959582,54.0,-0.05233957624601527,-0.07829341533551216,-0.05193272477685554,-0.07614130337571262,0.0193072821768428,0.12190113592029118
476,623.483520387806,4804.598436442914,54.0,-0.05233957624601527,-0.0895189904021665,-0.05193272477685554,-0.0949062331655544,0.0193072821768428,0.12742025192418407
477,641.9015815200914,4857.238831024886,54.0,-0.05233957624601527,-0.10457615200507474,-0.05193272477685554,-0.1063620543556425,0.0193072821768428,0.1237904266515007
478,-465.54115273020966,3701.012924955217,54.0,-0.05233957624601527,0.004309834890609889,-0.05193272477685554,0.0056397914636848925,0.0193072821768428,0.11605325582882914
479,-425.4027778878423,3687.3814848390944,54.0,-0.05233957624601527,0.1803909367664371,-0.05193272477685554,0.17730971547774244,0.0193072821768428,0.1101906636483636
480,-448.96079272698375,3683.345482242924,54.0,-0.05233957624601527,0.02356151716657689,-0.05193272477685554,0.024800127203170257,0.0193072821768428,0.10858328292516396
481,-459.2972544242527,3675.036452891449,54.0,-0.05233957624601527,-0.003447486768116465,-0.05193272477685554,-0.0031222187979246603,0.0193072821768428,0.1099914088166484
482,-426.40019030265967,3675.6261838774494,54.0,-0.05233957624601527,0.2245678332725925,-0.05193272477685554,0.2224304372107143,0.0193072821768428,0.11663119953980518
483,-440.8048070820975,3661.1342812774815,54.0,-0.05233957624601527,0.1393036734300385,-0.05193272477685554,0.1429512555544281,0.0193072821768428,0.10909828200346307
484,-452.908197457792,3654.514221142598,54.0,-0.05233957624601527,0.09881455537280509,-0.05193272477685554,0.09774380487280991,0.0193072821768428,0.1138814762617213
485,-489.2630394051725,3629.7069603146624,54.0,-0.05233957624601527,-0.03256885912523145,-0.05193272477685554,-0.02781449503565934,0.0193072821768428,0.11982210854460065
486,-458.90863996021136,3630.247549768804,54.0,-0.05233957624601527,0.07057710082242599,-0.05193272477685554,0.07151002436729217,0.0193072821768428,0.11846286850142294
487,-500.9029123182427,3614.0747562686,54.0,-0.05233957624601527,0.08800393282189733,-0.05193272477685554,0.0867012692624777,0.0193072821768428,0.1251490137166053
488,-465.8928410452483,3608.448596328204,54.0,-0.05233957624601527,0.009482779795549096,-0.05193272477685554,0.01108566003761572,0.0193072821768428,0.12649624095349898
489,-500.4398061409101,3634.1145749910206,54.0,-0.05233957624601527,0.03400275649798294,-0.05193272477685554,0.03178134639095292,0.0193072821768428,0.12118353651588419
490,-520.4786475198113,3632.693087605314,54.0,-0.05233957624601527,0.013021279342178086,-0.05193272477685554,0.012750641589346152,0.0193072821768428,0.12305717202408133
491,-537.0544473499934,3615.307734486455,54.0,-0.05233957624601527,-0.0869743754176365,-0.05193272477685554,-0.0895666931041097,0.0193072821768428,0.1316583954448663
492,-463.572090848466,3711.004366750517,54.0,-0.05233957624601527,0.029634474560017898,-0.05193272477685554,0.032256683348184975,0.0193072821768428,0.11427961501841453
493,-428.8814616877872,3709.096178212622,54.0,-0.05233957624601527,0.1772770590814848,-0.05193272477685554,0.18331901809714105,0.0193072821768428,0.11811539005786183
494,-452.08297454444494,3697.423498379207,54.0,-0.05233957624601527,0.0759715754116688,-0.05193272477685554,0.07696479677563828,0.0193072821768428,0.1106786312678832
495,-434.7429570153381,3690.4541749506434,54.0,-0.05233957624601527,0.15242302656847503,-0.05193272477685554,0.15575913535035268,0.0193072821768428,0.11033192456319459
496,-415.8200064632521,3689.100170895516,54.0,-0.05233957624601527,0.16017804635154853,-0.05193272477685554,0.1578845499666638,0.0193072821768428,0.11738599421624674
497,-481.8116660349994,3658.097650487473,54.0,-0.05233957624601527,0.012688510065391631,-0.05193272477685554,0.012833346486675501,0.0193072821768428,0.12257297005480558
498,-437.4564705482827,3656.797051854789,54.0,-0.05233957624601527,0.0949311646374054,-0.05193272477685554,0.09987463394153434,0.0193072821768428,0.11438279277158529
499,-450.5410575375657,3640.030741604634,54.0,-0.05233957624601527,0.0618424262474473,-0.05193272477685554,0.0594073844414921,0.0193072821768428,0.118368384629419
500,-463.3957004431066,3657.5357537243694,54.0,-0.05233957624601527,0.05378213016785563,-0.05193272477685554,0.0539464952954484,0.0193072821768428,0.11271270453114057
501,-455.237107941275,3675.012391017058,54.0,-0.05233957624601527,0.018706470725389664,-0.05193272477685554,0.01717082679227263,0.0193072821768428,0.10475659676980005
502,-477.5301049296806,3698.6923434687433,54.0,-0.05233957624601527,-0.01971160720839286,-0.05193272477685554,-0.020234473728067248,0.0193072821768428,0.11861010281853947
503,377.93510059593416,3904.1107934632814,54.0,-0.05233957624601527,-0.2399168855366898,-0.05193272477685554,-0.23681857228613112,0.0193072821768428,0.12036153921017069
504,374.4537251326261,3889.892677250085,54.0,-0.05233957624601527,-0.17241245322120774,-0.05193272477685554,-0.175073167489716,0.0193072821768428,0.12500399609309937
505,367.3905705640541,3924.417227622252,54.0,-0.05233957624601527,-0.16595456958477303,-0.05193272477685554,-0.16578860495114914,0.0193072821768428,0.12190251629896579
506,332.8834058794852,3942.859446384328,54.0,-0.05233957624601527,-0.08694366096824718,-0.05193272477685554,-0.08622883079057819,0.0193072821768428,0.10983725657214066
507,330.5428326799933,3946.044034599065,54.0,-0.05233957624601527,-0.06044975742607831,-0.05193272477685554,-0.05924298620871794,0.0193072821768428,0.1064506273245038
508,322.3749110256175,3921.0794967894303,54.0,-0.05233957624601527,0.054644490196803244,-0.05193272477685554,0.05218684968677167,0.0193072821768428,0.1151338770662447
509,329.7498578052424,3915.277424063791,54.0,-0.05233957624601527,0.013132936338349489,-0.05193272477685554,0.009441013918530985,0.0193072821768428,0.1179417109571397
510,337.993275290487,3925.832516910632,54.0,-0.05233957624601527,-0.08405634424042155,-0.05193272477685554,-0.08512094253788745,0.0193072821768428,0.11431540956459091
511,-124.42297810413304,3730.045518548472,54.0,-0.05233957624601527,0.12262574117715211,-0.05193272477685554,0.11866075126036976,0.0193072821768428,0.11809521126821906
512,-136.7121078328898,3704.366146835558,54.0,-0.05233957624601527,0.13566690327913838,-0.05193272477685554,0.13974525386159423,0.0193072821768428,0.11653383589435193
513,-205.2490753627829,3731.957027743968,54.0,-0.05233957624601527,0.0011342683782034767,-0.05193272477685554,0.003617639645074062,0.0193072821768428,0.12463633933799566
514,-209.44442407532304,3763.734670847895,54.0,-0.05233957624601527,0.1075577581648043,-0.05193272477685554,0.10327706133258546,0.0193072821768428,0.11345122160443691
515,-227.38656380507663,3742.529007510596,54.0,-0.05233957624601527,0.06651566290101185,-0.05193272477685554,0.07230357888839783,0.0193072821768428,0.1197025818733884
516,-217.924998653439,3721.48468016429,54.0,-0.05233957624601527,-0.046029219895057774,-0.05193272477685554,-0.044743249089227166,0.0193072821768428,0.12047851472445377
517,-254.5992470950275,3724.926488861847,54.0,-0.05233957624601527,-0.097368574201658,-0.05193272477685554,-0.09940694903444,0.0193072821768428,0.11454240429935685
518,-248.90370498422487,3701.920243170104,54.0,-0.05233957624601527,-0.09184483077047925,-0.05193272477685554,-0.09013667450923374,0.0193072821768428,0.12076677722583948
519,-252.87591756006307,3650.634095306921,54.0,-0.05233957624601527,-0.05443772642643941,-0.05193272477685554,-0.053578692985789766,0.0193072821768428,0.13863360383736054
520,-173.77161208253168,3762.098398234272,54.0,-0.05233957624601527,-0.07980272470095733,-0.05193272477685554,-0.07703815976872151,0.0193072821768428,0.12344359314716519
521,-139.37097608890187,3732.660382688684,54.0,-0.05233957624601527,-0.0760738440685682,-0.05193272477685554,-0.07327341671945117,0.0193072821768428,0.12660875604812044
522,-208.37184709731315,3756.058669231986,54.0,-0.05233957624601527,0.036648950876591826,-0.05193272477685554,0.03558371525774713,0.0193072821768428,0.11937575548901774
523,-229.31829350277152,3750.8465259771865,54.0,-0.05233957624601527,0.12542904393654933,-0.05193272477685554,0.12598110789118142,0.0193072821768428,0.11510985578043256
524,-252.1369190391436,3688.5883507247336,54.0,-0.05233957624601527,-0.08636421936583334,-0.05193272477685554,-0.08901568542385528,0.0193072821768428,0.12381265134076196
525,-137.46750195522293,3704.002702190223,54.0,-0.05233957624601527,0.12956452897926865,-0.05193272477685554,0.1309641649565229,0.0193072821768428,0.1164377867806877
526,749.6258147719974,4813.866766971807,54.0,-0.05233957624601527,-0.01740946946958694,-0.05193272477685554,-0.01844831014490009,0.0193072821768428,0.11884762996982243
527,754.0871127859037,4778.231806502538,54.0,-0.05233957624601527,0.19169969348206053,-0.05193272477685554,0.18940511454841996,0.0193072821768428,0.11840376125158153
528,793.8634908705559,4809.942599619332,54.0,-0.05233957624601527,0.10236906773950487,-0.05193272477685554,0.10209772279953094,0.0193072821768428,0.11697241755245605
529,798.953726250781,4791.147655548635,54.0,-0.05233957624601527,0.11916320047494681,-0.05193272477685554,0.11857833951305038,0.0193072821768428,0.11945263480248268
530,762.4951895083617,4794.278313914385,54.0,-0.05233957624601527,0.19340349764234888,-0.05193272477685554,0.18794937840439424,0.0193072821768428,0.11477217915180384
531,778.4628514624378,4790.9547947373485,54.0,-0.05233957624601527,0.18698417772482667,-0.05193272477685554,0.18703829333988292,0.0193072821768428,0.11268888134405472
532,770.6225100795091,4781.28239237213,54.0,-0.05233957624601527,0.1869111684620702,-0.05193272477685554,0.18971813228384687,0.0193072821768428,0.11449128329896875
533,735.2450903228461,4782.681279368702,54.0,-0.05233957624601527,0.049543172686603354,-0.05193272477685554,0.0484062387265281,0.0193072821768428,0.10606194378690025
534,743.2937606324407,4763.537481917472,54.0,-0.05233957624601527,0.17402751541844055,-0.05193272477685554,0.1768515924118388,0.0193072821768428,0.11890676462059464
535,834.4356224973513,4792.191077471864,54.0,-0.05233957624601527,0.12543990476159214,-0.05193272477685554,0.1233758296611777,0.0193072821768428,0.11755313274948972
536,-33.590986472347865,3971.2525348924646,54.0,-0.05233957624601527,-0.13328947635582775,-0.05193272477685554,-0.1332646641869139,0.0193072821768428,0.11740948421758997
537,-16.824029787276814,3963.134227295509,54.0,-0.05233957624601527,-0.1639812251306083,-0.05193272477685554,-0.15988270357674172,0.0193072821768428,0.11919657605711083
538,-9.289119488028984,3940.320299022696,54.0,-0.05233957624601527,-0.09851719552309422,-0.05193272477685554,-0.09492738171655984,0.0193072821768428,0.11717925975533683
539,19.125675470905552,3919.7887611732062,54.0,-0.05233957624601527,-0.022076649970902706,-0.05193272477685554,-0.021420754458077847,0.0193072821768428,0.11619817537085682
540,-9.962046074219687,3916.4328558182974,54.0,-0.05233957624601527,-0.05972899015994977,-0.05193272477685554,-0.061140031219931223,0.0193072821768428,0.10869259061898175
541,-0.9972580126813264,3905.066613170967,54.0,-0.05233957624601527,-0.036511249072638835,-0.05193272477685554,-0.029630401613223185,0.0193072821768428,0.11273878338429487
542,24.09847480128595,3908.844200854287,54.0,-0.05233957624601527,-0.018926087994342488,-0.05193272477685554,-0.02189705630686484,0.0193072821768428,0.11890303691044361
543,26.96307308495755,3884.908015639917,54.0,-0.05233957624601527,-0.09415416090521185,-0.05193272477685554,-0.09380749819634754,0.0193072821768428,0.12202843588767176
544,41.55820239686442,3859.3360482487697,54.0,-0.05233957624601527,-0.021693149410171777,-0.05193272477685554,-0.0205499882534045,0.0193072821768428,0.11406016648616744
545,-33.030051360718204,3947.101925740972,54.0,-0.05233957624601527,-0.12534787675042663,-0.05193272477685554,-0.12390850288834791,0.0193072821768428,0.11896755245467039
546,-20.440069871896064,3967.068915194426,54.0,-0.05233957624601527,-0.1774851475839274,-0.05193272477685554,-0.17271140985132744,0.0193072821768428,0.11640368391630171
547,-33.601502441691814,3923.5780514405496,54.0,-0.05233957624601527,-0.008796120125350129,-0.05193272477685554,-0.005972438409381946,0.0193072821768428,0.11890077034167845
548,4.130621068015404,3916.458977597719,54.0,-0.05233957624601527,-0.045665944304113214,-0.05193272477685554,-0.046547924869907206,0.0193072821768428,0.11182712796413233
549,-40.82216668190109,3965.090048211267,54.0,-0.05233957624601527,-0.07389515844435988,-0.05193272477685554,-0.08226204287253791,0.0193072821768428,0.12060403426781648
550,-3.2682886956830624,3892.179388681665,54.0,-0.05233957624601527,-0.05075998037548909,-0.05193272477685554,-0.05282603795639072,0.0193072821768428,0.12004844905782773
551,90.0285824981926,3885.374004932618,54.0,-0.05233957624601527,-0.054950039576805616,-0.05193272477685554,-0.057828007265270646,0.0193072821768428,0.11654478115321015
552,83.86670580001751,3866.630653839721,54.0,-0.05233957624601527,0.0704218959393441,-0.05193272477685554,0.07044375315887072,0.0193072821768428,0.11087731197065737
553,52.79801574862894,3858.169085806702,54.0,-0.05233957624601527,-0.022518239932241977,-0.05193272477685554,-0.023410796903847682,0.0193072821768428,0.11309836549321928
554,72.4423782875265,3843.4141825954302,54.0,-0.05233957624601527,0.07459359944880244,-0.05193272477685554,0.0748485097044903,0.0193072821768428,0.11116729153721243
555,51.330164428461806,3842.748038309236,54.0,-0.05233957624601527,0.057038615583681104,-0.05193272477685554,0.05330260838391314,0.0193072821768428,0.11066865898931244
556,71.0063011612224,3819.538010924277,54.0,-0.05233957624601527,0.22695307794454625,-0.05193272477685554,0.23115986432677876,0.0193072821768428,0.11449017856454233
557,53.97552747189277,3779.7778986115927,54.0,-0.05233957624601527,0.33667165403620547,-0.05193272477685554,0.33547673157186997,0.0193072821768428,0.11400420258024017
558,29.84882850616204,3760.0903002068953,54.0,-0.05233957624601527,0.10306224180385302,-0.05193272477685554,0.10374875096032149,0.0193072821768428,0.11333133204005728
559,70.84382095259998,3812.213793609557,54.0,-0.05233957624601527,0.21632410011583972,-0.05193272477685554,0.2184128213740531,0.0193072821768428,0.10784463705514787
560,85.15373079383198,3880.811543855472,54.0,-0.05233957624601527,-0.07298315179190075,-0.05193272477685554,-0.07768665328350437,0.0193072821768428,0.11171486667091912
561,68.21929053265893,3857.2635974168033,54.0,-0.05233957624601527,0.010584891688772705,-0.05193272477685554,0.01343818833607097,0.0193072821768428,0.10901280079588846
562,74.94999357907247,3832.562273689816,54.0,-0.05233957624601527,0.1818797142173703,-0.05193272477685554,0.18163901379361577,0.0193072821768428,0.11636492913870704
563,93.9798506618169,3810.153790083169,54.0,-0.05233957624601527,0.03502284288470248,-0.05193272477685554,0.030532082695109188,0.0193072821768428,0.1278707789898123
564,53.99348219513684,3779.765921014686,54.0,-0.05233957624601527,0.33646856430241107,-0.05193272477685554,0.33585739468883113,0.0193072821768428,0.11388053357382272
565,70.31493711953587,3811.7486463338,54.0,-0.05233957624601527,0.20986118117097965,-0.05193272477685554,0.21188341292140642,0.0193072821768428,0.10720581061415692
566,115.16205876560493,3798.270755871877,54.0,-0.05233957624601527,0.06201609021515084,-0.05193272477685554,0.06426118259676936,0.0193072821768428,0.13554438554798545
567,87.2451405287995,3831.494039957056,54.0,-0.05233957624601527,0.16023618773441237,-0.05193272477685554,0.15780519907113563,0.0193072821768428,0.11860623143122948
568,36.476303073102144,3747.298457980633,54.0,-0.05233957624601527,-0.02000809330518973,-0.05193272477685554,-0.02073862528805028,0.0193072821768428,0.11909626588627478
569,81.42211507964093,3862.904094352834,54.0,-0.05233957624601527,0.06601316083079677,-0.05193272477685554,0.06680907803126676,0.0193072821768428,0.10975138916089218
570,549.2870939563649,4305.9995539661,54.0,-0.05233957624601527,0.24022438415146624,-0.05193272477685554,0.23673949652180562,0.0193072821768428,0.11084294269000573
571,544.4098499221095,4286.51728713991,54.0,-0.05233957624601527,0.32526305151226576,-0.05193272477685554,0.31874850983123704,0.0193072821768428,0.11650436912588076
572,526.9955380856456,4287.393509187453,54.0,-0.05233957624601527,0.24834627826842023,-0.05193272477685554,0.24670390222723107,0.0193072821768428,0.10845110967959729
573,502.3554500387008,4287.081754576032,54.0,-0.05233957624601527,0.13206286878238094,-0.05193272477685554,0.13053035017698494,0.0193072821768428,0.12372263916154581
574,521.860148154005,4271.043596927122,54.0,-0.05233957624601527,0.07732315970838405,-0.05193272477685554,0.08083147191414819,0.0193072821768428,0.11521622687574805
575,490.1742733047821,4255.374110181812,54.0,-0.05233957624601527,-0.090691745789906,-0.05193272477685554,-0.09053453578805287,0.0193072821768428,0.12356786868567343
576,544.1009429454423,4239.798803024585,54.0,-0.05233957624601527,0.06712010214677497,-0.05193272477685554,0.06642361048324222,0.0193072821768428,0.12951968421916604
577,493.8152420653565,4235.364592782937,54.0,-0.05233957624601527,-0.05828771461677583,-0.05193272477685554,-0.05811770763181229,0.0193072821768428,0.12006776857395086
578,468.1538607220498,4241.128223716155,54.0,-0.05233957624601527,0.04867012442076808,-0.05193272477685554,0.04727689847727621,0.0193072821768428,0.1251060440480392
579,499.7287176848287,4232.444068380425,54.0,-0.05233957624601527,-0.04118912392762638,-0.05193272477685554,-0.04163896601446493,0.0193072821768428,0.12216343870572006
580,469.7454521096344,4301.154322219481,54.0,-0.05233957624601527,-0.19949260136312533,-0.05193272477685554,-0.2003922513714097,0.0193072821768428,0.12672578338024829
581,555.2813891908964,4308.169914388606,54.0,-0.05233957624601527,0.1467924761030072,-0.05193272477685554,0.1434599051164236,0.0193072821768428,0.11316377852251384
582,528.2616691728058,4293.079481721901,54.0,-0.05233957624601527,0.2796016341001202,-0.05193272477685554,0.28016029204552334,0.0193072821768428,0.10598115226099285
583,480.8723494206272,4270.11559654706,54.0,-0.05233957624601527,-0.04841088316120656,-0.05193272477685554,-0.04732618739580366,0.0193072821768428,0.12603533083013316
584,506.1832779263153,4271.360107928358,54.0,-0.05233957624601527,-0.12357030372269145,-0.05193272477685554,-0.1198180230135062,0.0193072821768428,0.12720542203860377
585,486.333478002448,4218.397487853233,54.0,-0.05233957624601527,-0.11221878339468001,-0.05193272477685554,-0.11420005609126785,0.0193072821768428,0.12470034006509041
586,465.122364122729,4206.899148776987,54.0,-0.05233957624601527,0.004011039830491199,-0.05193272477685554,0.003451452006116048,0.0193072821768428,0.12435582139374755
587,490.5454553088719,4199.285433819725,54.0,-0.05233957624601527,0.10068773028505257,-0.05193272477685554,0.09873488200881764,0.0193072821768428,0.11923723398985052
588,529.8239150277818,4263.102067604929,54.0,-0.05233957624601527,0.09929887791560123,-0.05193272477685554,0.09804080757431187,0.0193072821768428,0.12131086789113132
589,538.5355942881802,4277.098759825456,54.0,-0.05233957624601527,0.15352220128796046,-0.05193272477685554,0.15420151098008228,0.0193072821768428,0.11345638053255705
590,-410.1123796079147,3660.414914445813,54.0,-0.05233957624601527,0.14700515749818258,-0.05193272477685554,0.14949042794071657,0.0193072821768428,0.12055685769347123
591,-374.9103311708055,3656.421360427769,54.0,-0.05233957624601527,0.08658176460191672,-0.05193272477685554,0.08376517063323416,0.0193072821768428,0.12180034619869738
592,-378.4105488505552,3641.913217468345,54.0,-0.05233957624601527,0.05944395966795563,-0.05193272477685554,0.06098342641571419,0.0193072821768428,0.12483705285721211
593,-410.9857444853892,3624.9470229330495,54.0,-0.05233957624601527,-0.09874827381514523,-0.05193272477685554,-0.09778972010533607,0.0193072821768428,0.1290818889997632
594,-385.33208216661006,3627.100488486961,54.0,-0.05233957624601527,-0.05794933433947467,-0.05193272477685554,-0.055516793263021155,0.0193072821768428,0.12086475516175516
595,-390.8209967890227,3608.249021001745,54.0,-0.05233957624601527,0.01744941926101846,-0.05193272477685554,0.015945210348206063,0.0193072821768428,0.12166840867769763
596,-433.222559345482,3609.7170698355617,54.0,-0.05233957624601527,-0.06455131701341636,-0.05193272477685554,-0.06624513100584424,0.0193072821768428,0.13266056743358945
597,-408.2621432632536,3592.8912921219685,54.0,-0.05233957624601527,0.04082144568566701,-0.05193272477685554,0.04563678056706125,0.0193072821768428,0.13336620385368497
598,-441.4715424153037,3569.6343433615034,54.0,-0.05233957624601527,-0.01623684064293855,-0.05193272477685554,-0.0109957380196513,0.0193072821768428,0.1317896498130823
599,-427.98671344849896,3633.9501530677458,54.0,-0.05233957624601527,-0.020350303007517005,-0.05193272477685554,-0.025017415358299225,0.0193072821768428,0.12359195480742509
600,16.947210370460294,3854.162344069313,54.0,-0.05233957624601527,-0.14432800579414073,-0.05193272477685554,-0.14331616864793034,0.0193072821768428,0.11281849094957815
601,26.581794784317434,3848.416710936236,54.0,-0.05233957624601527,-0.06801408650703397,-0.05193272477685554,-0.0672333830671755,0.0193072821768428,0.11682372649501273
602,15.046854621301405,3832.1565750001578,54.0,-0.05233957624601527,-0.24108292582719273,-0.05193272477685554,-0.2439981511320778,0.0193072821768428,0.11223432090076665
603,11.187468754086296,3812.747884834706,54.0,-0.05233957624601527,-0.14751261946142258,-0.05193272477685554,-0.15092332659843027,0.0193072821768428,0.107535820969419
604,35.65775954728463,3811.2184228857313,54.0,-0.05233957624601527,0.0696573655600389,-0.05193272477685554,0.06861656934320305,0.0193072821768428,0.1070005227816919
605,14.975934229222824,3799.243068897464,54.0,-0.05233957624601527,0.024327886261879383,-0.05193272477685554,0.025712826652212088,0.0193072821768428,0.1184061176729566
606,39.2002283746347,3788.436119844561,54.0,-0.05233957624601527,0.2686706615583466,-0.05193272477685554,0.26673790828521593,0.0193072821768428,0.12081876571336332
607,15.04579642413452,3767.694366626262,54.0,-0.05233957624601527,0.08219028654220308,-0.05193272477685554,0.07861669350675324,0.0193072821768428,0.10740052590502615
608,5.372355331992672,3771.380109193948,54.0,-0.05233957624601527,0.05427010684501262,-0.05193272477685554,0.05478278863243316,0.0193072821768428,0.11348538607035631
609,24.679452052912616,3770.6789526338025,54.0,-0.05233957624601527,0.06570994926162145,-0.05193272477685554,0.06498232498297722,0.0193072821768428,0.11477832082591552
610,39.83749752635614,3805.9132554474304,54.0,-0.05233957624601527,0.08356828523515283,-0.05193272477685554,0.08368250937431508,0.0193072821768428,0.11240556624623804
611,24.679857010352134,3808.1866342615103,54.0,-0.05233957624601527,0.010262017168620635,-0.05193272477685554,0.015480346379484896,0.0193072821768428,0.1110381903440857
612,43.05926388611581,3820.358120360771,54.0,-0.05233957624601527,0.06941473004901869,-0.05193272477685554,0.07057670967692714,0.0193072821768428,0.1093280017744903
613,46.2511058172998,3844.421224149216,54.0,-0.05233957624601527,0.029785891484296563,-0.05193272477685554,0.03010498222308345,0.0193072821768428,0.11414979582873759
614,27.838527006137475,3838.99962359604,54.0,-0.05233957624601527,-0.06385864434374665,-0.05193272477685554,-0.06230002744248122,0.0193072821768428,0.11434468347829738
615,250.8258249438829,4077.09190549598,54.0,-0.05233957624601527,-0.024970562006164838,-0.05193272477685554,-0.025891924310405625,0.0193072821768428,0.11655653084934611
616,269.0070066875137,4069.184449779752,54.0,-0.05233957624601527,0.021706519902932174,-0.05193272477685554,0.021777135639899952,0.0193072821768428,0.12518907142644817
617,218.97355483206192,4065.9952167575098,54.0,-0.05233957624601527,-0.26569304696216556,-0.05193272477685554,-0.26711583849937803,0.0193072821768428,0.12131536897577239
618,253.3047041406585,4032.075905579567,54.0,-0.05233957624601527,-0.08773097850782059,-0.05193272477685554,-0.0895512685275451,0.0193072821768428,0.11529721650584386
619,210.88337358800035,4009.070829044608,54.0,-0.05233957624601527,-0.09967385687361889,-0.05193272477685554,-0.10179964097537456,0.0193072821768428,0.11651341032293343
620,249.40203896940795,3977.89614196583,54.0,-0.05233957624601527,-0.030121070330863087,-0.05193272477685554,-0.029703893060573895,0.0193072821768428,0.11497613278356453
621,213.75311227222025,3985.814400159764,54.0,-0.05233957624601527,-0.04269437019765965,-0.05193272477685554,-0.037699104134914896,0.0193072821768428,0.10271295181850142
622,202.69234717139835,3973.005610838789,54.0,-0.05233957624601527,0.02038318935259077,-0.05193272477685554,0.017169470101268028,0.0193072821768428,0.10994523472606704
623,193.13049431647704,3945.745622670177,54.0,-0.05233957624601527,0.10561171715751878,-0.05193272477685554,0.10469709319610429,0.0193072821768428,0.10641701447051258
624,231.2096817700889,3941.271980870057,54.0,-0.05233957624601527,-0.15504134409157197,-0.05193272477685554,-0.15542011871737504,0.0193072821768428,0.11538563257791913
625,213.2088148446705,3935.668148667985,54.0,-0.05233957624601527,0.08312589949411545,-0.05193272477685554,0.07874450865818435,0.0193072821768428,0.10366478125516777
626,214.159983359104,3909.3358891854223,54.0,-0.05233957624601527,0.13606820184800758,-0.05193272477685554,0.13406539461210965,0.0193072821768428,0.10955094163721389
627,203.71947329620775,3931.023396399216,54.0,-0.05233957624601527,0.17151924083898032,-0.05193272477685554,0.17380863051014156,0.0193072821768428,0.11305228892297504
628,217.78621872145484,4016.709547047492,54.0,-0.05233957624601527,-0.2154768856834917,-0.05193272477685554,-0.21820372541438798,0.0193072821768428,0.11685305541450294
629,252.93723737990092,4019.171331489568,54.0,-0.05233957624601527,-0.09760708377244058,-0.05193272477685554,-0.09812988501437145,0.0193072821768428,0.11473039670211826
630,208.42466583089583,3984.700961738825,54.0,-0.05233957624601527,-0.032538388627972564,-0.05193272477685554,-0.029847183518580025,0.0193072821768428,0.10628995381778197
631,256.83766692814663,3977.954207213813,54.0,-0.05233957624601527,-0.03989138293734634,-0.05193272477685554,-0.036168764891586644,0.0193072821768428,0.11357421041609991
632,216.7424768273763,3934.5668680946055,54.0,-0.05233957624601527,0.06677293260094631,-0.05193272477685554,0.06707798086973721,0.0193072821768428,0.10212238435469559
633,193.2304932149353,3912.590394161609,54.0,-0.05233957624601527,0.29962225900235706,-0.05193272477685554,0.28989699389251067,0.0193072821768428,0.12237108524542796
634,223.3428052277796,3989.2837293720168,54.0,-0.05233957624601527,-0.07071794582922127,-0.05193272477685554,-0.06918932328791587,0.0193072821768428,0.11223170542709994
635,246.06942951702663,3981.67837797846,54.0,-0.05233957624601527,-0.037641222257557796,-0.05193272477685554,-0.038668734676924665,0.0193072821768428,0.11516401264108567
636,279.6006376701204,4002.5337399919367,54.0,-0.05233957624601527,-0.043953568222348506,-0.05193272477685554,-0.04289964667888087,0.0193072821768428,0.12319605208745966
637,192.79701301972855,3981.811109796079,54.0,-0.05233957624601527,0.1612040019983321,-0.05193272477685554,0.15679447807664665,0.0193072821768428,0.11956421847361272
638,282.20374954028966,3983.706942123103,54.0,-0.05233957624601527,-0.037868855306088314,-0.05193272477685554,-0.03643072717106885,0.0193072821768428,0.11785463574346648
639,203.2927786194446,3965.297674897721,54.0,-0.05233957624601527,-0.022807769263452113,-0.05193272477685554,-0.022627946795303718,0.0193072821768428,0.11223353482033589
640,222.10039796658828,3969.629559878969,54.0,-0.05233957624601527,-0.15855462236864443,-0.05193272477685554,-0.1539057414347997,0.0193072821768428,0.11736506989002751
641,236.3271697378009,3965.095470247745,54.0,-0.05233957624601527,-0.17678432983422662,-0.05193272477685554,-0.17365325927710074,0.0193072821768428,0.12035200604215432
642,192.940446962362,3945.496639258913,54.0,-0.05233957624601527,0.10881562796373222,-0.05193272477685554,0.10869411598533023,0.0193072821768428,0.1055253760561736
643,217.36962251063744,3945.754127331859,54.0,-0.05233957624601527,-0.0676356549000269,-0.05193272477685554,-0.06518214801947309,0.0193072821768428,0.11508534521311502
644,220.543097825573,3910.490639159292,54.0,-0.05233957624601527,0.10594612607975619,-0.05193272477685554,0.10626882628005582,0.0193072821768428,0.10909173211655195
645,244.3927331677535,4039.453609614884,54.0,-0.05233957624601527,-0.1365859797417643,-0.05193272477685554,-0.13568757927377392,0.0193072821768428,0.11248913260080692
646,235.85174675780948,4052.0064504657407,54.0,-0.05233957624601527,-0.25101737233737453,-0.05193272477685554,-0.2488136741829472,0.0193072821768428,0.11449702451198206
647,240.6308949961324,4066.355460037511,54.0,-0.05233957624601527,-0.14526433804419278,-0.05193272477685554,-0.1471469912983111,0.0193072821768428,0.1116492770191881
648,272.0036303115525,4087.9698110724366,54.0,-0.05233957624601527,0.004450349693888824,-0.05193272477685554,0.001251136536432745,0.0193072821768428,0.11535509976044749
649,201.40797252687383,3996.1355278762608,54.0,-0.05233957624601527,0.0066426551015875785,-0.05193272477685554,0.007718702722140429,0.0193072821768428,0.11726653112629712
650,224.482998151289,4001.4216244713134,54.0,-0.05233957624601527,-0.08345740880619848,-0.05193272477685554,-0.08579181935151367,0.0193072821768428,0.11460215223775727
651,229.5458883605087,4016.746868363543,54.0,-0.05233957624601527,-0.18626248701453985,-0.05193272477685554,-0.18030866315143457,0.0193072821768428,0.11579453728424838
652,227.90513404909052,4039.235656730924,54.0,-0.05233957624601527,-0.31434392641877784,-0.05193272477685554,-0.30985177604717956,0.0193072821768428,0.11578662523872497
653,215.30007276246957,4047.741048059149,54.0,-0.05233957624601527,-0.39902167066410577,-0.05193272477685554,-0.3970166705776748,0.0193072821768428,0.12414506038649054
654,214.7494271220868,4031.061700351105,54.0,-0.05233957624601527,-0.2671056167229108,-0.05193272477685554,-0.2710022016796475,0.0193072821768428,0.12227264207213125
655,275.30803990511106,4023.5491126828542,54.0,-0.05233957624601527,0.06532057082016358,-0.05193272477685554,0.06246178659493879,0.0193072821768428,0.12390396421658122
656,228.23403405678565,3926.946867381492,54.0,-0.05233957624601527,-0.022989095156346354,-0.05193272477685554,-0.020269346294338055,0.0193072821768428,0.10752157793513052
657,-499.9773429811749,3678.532005153513,54.0,-0.05233957624601527,-0.07262504676528637,-0.05193272477685554,-0.07564963681127083,0.0193072821768428,0.12819443607913902
658,-517.2496129298322,3660.238901566688,54.0,-0.05233957624601527,0.048205425107785395,-0.05193272477685554,0.052145707172879176,0.0193072821768428,0.1278413908161522
659,-580.6716768976491,3734.978595164169,54.0,-0.05233957624601527,0.05956359475466769,-0.05193272477685554,0.058921584801875766,0.0193072821768428,0.1348267425829549
660,-546.4989859266002,3721.4900233429794,54.0,-0.05233957624601527,-0.12559472764266155,-0.05193272477685554,-0.12300959836154646,0.0193072821768428,0.121525560881306
661,-549.267120039264,3702.54178010288,54.0,-0.05233957624601527,-0.07460505665100803,-0.05193272477685554,-0.0746109522739937,0.0193072821768428,0.1324636425380241
662,-517.9434171149317,3694.1396214923566,54.0,-0.05233957624601527,-0.011782961929078678,-0.05193272477685554,-0.012264212005092229,0.0193072821768428,0.12837236155652157
663,275.46093069714203,4237.600593298557,54.0,-0.05233957624601527,-0.06976136686244815,-0.05193272477685554,-0.06780082869911203,0.0193072821768428,0.133698373378459
664,260.54382607193054,4189.386828262381,54.0,-0.05233957624601527,-0.14491403576987347,-0.05193272477685554,-0.14590717381228657,0.0193072821768428,0.14124133595061253
665,365.73068580729074,4172.10123667665,54.0,-0.05233957624601527,-0.04793801373208323,-0.05193272477685554,-0.044816172808963856,0.0193072821768428,0.11133620918378272
666,303.0397540729384,4168.450548701593,54.0,-0.05233957624601527,-0.20337007625298195,-0.05193272477685554,-0.1993441377931905,0.0193072821768428,0.13378581663229858
667,306.09515397216705,4130.874580079874,54.0,-0.05233957624601527,0.00371749451757299,-0.05193272477685554,0.002965530695269854,0.0193072821768428,0.12153132465117322
668,302.82165996923425,4119.504667691163,54.0,-0.05233957624601527,0.03316943854806286,-0.05193272477685554,0.033860495458368355,0.0193072821768428,0.10838866818365647
669,291.1882646910309,4099.078724905353,54.0,-0.05233957624601527,0.08067605076695228,-0.05193272477685554,0.07992775674914882,0.0193072821768428,0.11670458132085998
670,272.934747988071,4111.997012157693,54.0,-0.05233957624601527,0.0597293594992961,-0.05193272477685554,0.05564606982096027,0.0193072821768428,0.11894519942993008
671,255.4251274347216,4100.936453308112,54.0,-0.05233957624601527,0.015913529527701614,-0.05193272477685554,0.018373685983879805,0.0193072821768428,0.1155696152042963
672,220.87595282766387,4102.083892846976,54.0,-0.05233957624601527,-0.04718514658337711,-0.05193272477685554,-0.04083585656004181,0.0193072821768428,0.1210264449148704
673,373.0536264372821,4237.867458294468,54.0,-0.05233957624601527,-0.10018617301410229,-0.05193272477685554,-0.10231187327854871,0.0193072821768428,0.12667531329945178
674,362.3064081282481,4221.704404093187,54.0,-0.05233957624601527,-0.10811581202831112,-0.05193272477685554,-0.1084473498591321,0.0193072821768428,0.12147044831023608
675,372.2868734763583,4221.386114156595,54.0,-0.05233957624601527,-0.10928043290255943,-0.05193272477685554,-0.11056203336975115,0.0193072821768428,0.11680406377204898
676,348.8282222887337,4204.538514488947,54.0,-0.05233957624601527,-0.0480046613724743,-0.05193272477685554,-0.04689899575425527,0.0193072821768428,0.12258778807630424
677,329.5351738167448,4169.038905630156,54.0,-0.05233957624601527,0.00439574590382041,-0.05193272477685554,0.0013728335478531447,0.0193072821768428,0.12312940867633984
678,346.62414930987774,4170.158415182179,54.0,-0.05233957624601527,-0.08109305437080802,-0.05193272477685554,-0.08266153622413129,0.0193072821768428,0.11832078125228958
679,364.6091053140706,4170.399258321844,54.0,-0.05233957624601527,-0.047187601346548654,-0.05193272477685554,-0.0479672183815199,0.0193072821768428,0.11045223244640733
680,334.60250706622514,4156.27046823521,54.0,-0.05233957624601527,-0.07162568979905881,-0.05193272477685554,-0.07211820068374826,0.0193072821768428,0.11764840456357561
681,355.5439209369716,4156.456968582675,54.0,-0.05233957624601527,-0.11013055989203271,-0.05193272477685554,-0.11052366430764153,0.0193072821768428,0.11933363179846775
682,299.7110510601282,4116.425155454023,54.0,-0.05233957624601527,0.04072996853648759,-0.05193272477685554,0.038838070527223864,0.0193072821768428,0.11313065426557278
683,320.9729984334359,4121.618338208264,54.0,-0.05233957624601527,-0.06128118858362259,-0.05193272477685554,-0.059923252005728164,0.0193072821768428,0.12355626785409994
684,268.5028234668558,4104.077574133915,54.0,-0.05233957624601527,0.0019859310141844937,-0.05193272477685554,-0.0007514990425056456,0.0193072821768428,0.10813172619879004
685,308.95176142546023,4100.390848526726,54.0,-0.05233957624601527,0.00586714055478769,-0.05193272477685554,0.006473112570395271,0.0193072821768428,0.11636219018151657
686,321.7264183919306,4102.665007325553,54.0,-0.05233957624601527,-0.07560406816043473,-0.05193272477685554,-0.07695666317009296,0.0193072821768428,0.11797400793592613
687,219.27949383018264,4092.615330391432,54.0,-0.05233957624601527,-0.08860059284607306,-0.05193272477685554,-0.08629197530756293,0.0193072821768428,0.11875367371003881
688,241.15223999434448,4082.933807469713,54.0,-0.05233957624601527,-0.13362268545350978,-0.05193272477685554,-0.1335571054314213,0.0193072821768428,0.11332613891098235
689,255.9426322707364,4092.0033524375262,54.0,-0.05233957624601527,0.014831344958305038,-0.05193272477685554,0.012654157852562718,0.0193072821768428,0.11179223706670896
690,302.40939418690647,4076.239930161057,54.0,-0.05233957624601527,-0.019931189887396616,-0.05193272477685554,-0.02118467384564115,0.0193072821768428,0.12351645504580798
691,823.8432151226995,4855.87050783927,54.0,-0.05233957624601527,0.028546435146019445,-0.05193272477685554,0.0289314037505235,0.0193072821768428,0.11619979662014508
692,819.3628651065428,4843.652568747224,54.0,-0.05233957624601527,0.14131805284404764,-0.05193272477685554,0.1456350149074198,0.0193072821768428,0.11418149869036008
693,820.4132859790924,4829.631034390841,54.0,-0.05233957624601527,0.10383904621452004,-0.05193272477685554,0.10758386235208017,0.0193072821768428,0.10753277922291517
694,833.8506821285372,4813.25043740029,54.0,-0.05233957624601527,0.1392936566360414,-0.05193272477685554,0.1417357195761777,0.0193072821768428,0.12534158944099943
695,807.9486503849818,4811.149543201454,54.0,-0.05233957624601527,0.08001060265518552,-0.05193272477685554,0.08060100032711084,0.0193072821768428,0.11838329620789542
696,-373.43476264910015,3766.461917060813,54.0,-0.05233957624601527,0.0807310512959831,-0.05193272477685554,0.07847606575094448,0.0193072821768428,0.1197185041365674
697,-404.9594998600836,3757.059047829879,54.0,-0.05233957624601527,0.08268491140429499,-0.05193272477685554,0.08856132104863741,0.0193072821768428,0.1196144927674541
698,-388.4341386667703,3754.2694742453887,54.0,-0.05233957624601527,0.09526769852232843,-0.05193272477685554,0.09774695279867605,0.0193072821768428,0.11128239449448524
699,-361.1239523797188,3752.790302079386,54.0,-0.05233957624601527,0.024187828861448865,-0.05193272477685554,0.02323022913548494,0.0193072821768428,0.12273131624729937
700,-420.5155790009941,3745.761874945407,54.0,-0.05233957624601527,0.10016388221741175,-0.05193272477685554,0.09644575946321203,0.0193072821768428,0.11834419734299935
701,-402.0863261984077,3740.578611177712,54.0,-0.05233957624601527,0.09180467327645637,-0.05193272477685554,0.09466800112691857,0.0193072821768428,0.12249878706832201
702,-374.17678074725006,3737.152975783385,54.0,-0.05233957624601527,0.002366492840716918,-0.05193272477685554,0.00224690101092439,0.0193072821768428,0.11108357000034803
703,-350.91326110736713,3715.884060741088,54.0,-0.05233957624601527,0.000202627353321876,-0.05193272477685554,0.00021699547855161087,0.0193072821768428,0.1307713916995972
704,-400.3198472799375,3700.1520817218016,54.0,-0.05233957624601527,0.08446868222431919,-0.05193272477685554,0.0865199801210631,0.0193072821768428,0.11264629144600787
705,-379.6065561208264,3698.954138824738,54.0,-0.05233957624601527,0.16284645525972694,-0.05193272477685554,0.1627031371050076,0.0193072821768428,0.12197383316846196
706,-354.7620074744374,3695.953997662773,54.0,-0.05233957624601527,0.017068200666271776,-0.05193272477685554,0.013732854204277303,0.0193072821768428,0.12547541857462707
707,-399.0727213039516,3689.444607369494,54.0,-0.05233957624601527,0.08531732601875736,-0.05193272477685554,0.08421898351753168,0.0193072821768428,0.10996439664166455
708,-375.6216397006036,3674.460164358082,54.0,-0.05233957624601527,-0.04702764414505383,-0.05193272477685554,-0.0495358024209196,0.0193072821768428,0.1221801713981654
709,-351.1479509122784,3665.503242462116,54.0,-0.05233957624601527,-0.015521714395225187,-0.05193272477685554,-0.008050735622586628,0.0193072821768428,0.1304960927510187
710,-389.7627570705973,3743.2169933727887,54.0,-0.05233957624601527,0.13146560705657787,-0.05193272477685554,0.1331491042205783,0.0193072821768428,0.1149251504291425
711,-366.9323951215805,3742.866649151627,54.0,-0.05233957624601527,-0.02759958347262487,-0.05193272477685554,-0.02654098415014229,0.0193072821768428,0.11481862678946864
712,-402.1052308230248,3707.5373006073055,54.0,-0.05233957624601527,0.05226335654916521,-0.05193272477685554,0.0588233464328597,0.0193072821768428,0.11636172002126893
713,-380.9661528592131,3689.457435245816,54.0,-0.05233957624601527,0.03848570998804743,-0.05193272477685554,0.03977470312048881,0.0193072821768428,0.11472639013166688
714,-413.19707339021727,3725.878044612585,54.0,-0.05233957624601527,0.09242016912168509,-0.05193272477685554,0.08981846500423615,0.0193072821768428,0.11754945452663185
715,-162.52306238605374,3916.201907568545,54.0,-0.05233957624601527,0.10412770060742278,-0.05193272477685554,0.10215011314676964,0.0193072821768428,0.11104082921097892
716,-133.3415231743852,3915.05509414729,54.0,-0.05233957624601527,0.06948704898234868,-0.05193272477685554,0.06798999100582784,0.0193072821768428,0.11502526294611508
717,-107.03856041422884,3912.688158453438,54.0,-0.05233957624601527,-0.008581049886667974,-0.05193272477685554,-0.008053705962038785,0.0193072821768428,0.1095922253657084
718,-185.24762128328757,3894.1527541873807,54.0,-0.05233957624601527,0.1663147401186883,-0.05193272477685554,0.17160011088183377,0.0193072821768428,0.11391639541550579
719,-163.77609401928575,3898.3612294938825,54.0,-0.05233957624601527,0.14176641846172075,-0.05193272477685554,0.1433758565207205,0.0193072821768428,0.1187604829705129
720,-138.31483592452412,3903.081532209318,54.0,-0.05233957624601527,0.09356304423149248,-0.05193272477685554,0.09029287124392255,0.0193072821768428,0.11317126272805417
721,-176.60911080190527,3873.689646947577,54.0,-0.05233957624601527,0.013462160109527938,-0.05193272477685554,0.016829429534076065,0.0193072821768428,0.11589072531022579
722,-149.1571348158001,3881.691152823052,54.0,-0.05233957624601527,0.09197626163651137,-0.05193272477685554,0.08949370728285325,0.0193072821768428,0.1123189876911072
723,-131.5000538528961,3885.757679077044,54.0,-0.05233957624601527,0.11097484774925571,-0.05193272477685554,0.11102285205733696,0.0193072821768428,0.11412638519375645
724,-124.00630206861427,3866.008859174929,54.0,-0.05233957624601527,0.08694057647472572,-0.05193272477685554,0.08471583647755301,0.0193072821768428,0.11203665841650841
725,-188.24213287120952,3844.223822198344,54.0,-0.05233957624601527,0.04330119370465116,-0.05193272477685554,0.042901281745301945,0.0193072821768428,0.1229572427167183
726,-163.18022440468428,3835.315907696576,54.0,-0.05233957624601527,0.0868545879267539,-0.05193272477685554,0.08938039756179539,0.0193072821768428,0.11808919951475412
727,-143.89632797920137,3927.044930804073,54.0,-0.05233957624601527,0.06573564024218657,-0.05193272477685554,0.06472226515695931,0.0193072821768428,0.10322675308389571
728,-153.2235956101634,3841.402841089208,54.0,-0.05233957624601527,0.13880113848741846,-0.05193272477685554,0.1324835165825452,0.0193072821768428,0.11984564691522002
729,-134.8166939717991,3867.276296113637,54.0,-0.05233957624601527,0.031224996859182765,-0.05193272477685554,0.031081825770465293,0.0193072821768428,0.11555899821044026
730,-160.39702155560826,3872.236696721719,54.0,-0.05233957624601527,0.011883303274796612,-0.05193272477685554,0.014928771270658375,0.0193072821768428,0.11644920184882207
731,-170.93912756686086,3857.865301629393,54.0,-0.05233957624601527,-0.06624603876714438,-0.05193272477685554,-0.07239842623062981,0.0193072821768428,0.12349110700693904
732,-153.8352027724087,3881.8353385911855,54.0,-0.05233957624601527,0.06910962328169917,-0.05193272477685554,0.06902074342086725,0.0193072821768428,0.10959492908530251
733,-185.1723244532143,3862.5721872323993,54.0,-0.05233957624601527,-0.02792239048220101,-0.05193272477685554,-0.023427729155752787,0.0193072821768428,0.11383783073428322
734,-201.39282667417103,3905.61281133974,54.0,-0.05233957624601527,0.03524754514274284,-0.05193272477685554,0.037390713947830306,0.0193072821768428,0.11408176532947338
735,-194.47015295781316,3889.527551350435,54.0,-0.05233957624601527,0.16430283710674362,-0.05193272477685554,0.1624829654185423,0.0193072821768428,0.10821194164750579
736,-167.4205538799331,3917.759500104368,54.0,-0.05233957624601527,0.10630913946007496,-0.05193272477685554,0.10694751591734966,0.0193072821768428,0.11277348249988087
737,-143.8062093783999,3927.407261262322,54.0,-0.05233957624601527,0.06600891792199179,-0.05193272477685554,0.06715644774601816,0.0193072821768428,0.10253413497435701
738,-128.11374621265907,3902.904347709693,54.0,-0.05233957624601527,0.10882336043260327,-0.05193272477685554,0.11068133586815163,0.0193072821768428,0.11702751914999737
739,-109.38043299124205,3904.605524472531,54.0,-0.05233957624601527,0.04953483407912498,-0.05193272477685554,0.05007787317238652,0.0193072821768428,0.10981435047387691
740,-116.24285178055337,3863.5742101856567,54.0,-0.05233957624601527,0.04841645718373317,-0.05193272477685554,0.04582391630230884,0.0193072821768428,0.11312790695285944
741,-174.55729592021984,3890.937438124017,54.0,-0.05233957624601527,0.14463673813043695,-0.05193272477685554,0.1468295018097014,0.0193072821768428,0.11308614072276736
742,1.9277845768490225,3823.908729256164,54.0,-0.05233957624601527,-0.2638671930138588,-0.05193272477685554,-0.26402692236633307,0.0193072821768428,0.1154998548777302
743,-25.74162000676105,3821.09926387676,54.0,-0.05233957624601527,-0.308885951011965,-0.05193272477685554,-0.31087638236987497,0.0193072821768428,0.11707309447349976
744,-14.341553360039486,3849.999377693335,54.0,-0.05233957624601527,-0.20837902626183938,-0.05193272477685554,-0.20612557348423105,0.0193072821768428,0.12732703226612077
745,9.734006700963306,3833.316219177283,54.0,-0.05233957624601527,-0.27480731860644425,-0.05193272477685554,-0.2748757313786149,0.0193072821768428,0.11354605739964622
746,15.208905088541387,3859.554982036448,54.0,-0.05233957624601527,-0.17363276514707018,-0.05193272477685554,-0.17609757674038656,0.0193072821768428,0.11610447740793765
747,451.7226557817759,4605.272919197221,54.0,-0.05233957624601527,0.051428973355429175,-0.05193272477685554,0.056567720147618517,0.0193072821768428,0.11773060068897515
748,469.53695878019,4631.78824899171,54.0,-0.05233957624601527,-0.04509401640697312,-0.05193272477685554,-0.04827963174111999,0.0193072821768428,0.1293762973392034
749,-506.2854616274147,3745.149439059346,54.0,-0.05233957624601527,-0.07443070888542114,-0.05193272477685554,-0.0711673548169402,0.0193072821768428,0.11481117375767469
750,-534.606119933744,3763.415805899948,54.0,-0.05233957624601527,-0.016802147138058027,-0.05193272477685554,-0.014474613957056747,0.0193072821768428,0.13036466787271797
751,-538.2739372748354,3736.42271139639,54.0,-0.05233957624601527,-0.022660457709604898,-0.05193272477685554,-0.026380146122426715,0.0193072821768428,0.1259474755437727
752,-503.4668716314065,3749.0075009138736,54.0,-0.05233957624601527,-0.04613830033005009,-0.05193272477685554,-0.04428938619615172,0.0193072821768428,0.11420204888392484
753,-487.9031031712161,3742.382310792889,54.0,-0.05233957624601527,-0.02772315878513958,-0.05193272477685554,-0.024341264685486204,0.0193072821768428,0.11783899488364227
754,-518.1847377928273,3724.680691386569,54.0,-0.05233957624601527,-0.0744249873809129,-0.05193272477685554,-0.0742277332160502,0.0193072821768428,0.12443840827822582
755,469.3720137135748,4786.880795494608,54.0,-0.05233957624601527,0.1556145113599312,-0.05193272477685554,0.156394289726907,0.0193072821768428,0.11231310673284339
756,459.4190816211761,4766.787538002149,54.0,-0.05233957624601527,0.0651898941347238,-0.05193272477685554,0.07040272237174305,0.0193072821768428,0.12679532066826943
757,457.7529359859426,4742.166364246548,54.0,-0.05233957624601527,-0.03022106485999038,-0.05193272477685554,-0.03050785315351687,0.0193072821768428,0.12307415883857262
758,430.9369550640612,4736.696942853924,54.0,-0.05233957624601527,-0.01647710046827407,-0.05193272477685554,-0.016363569578698493,0.0193072821768428,0.1283312662899399
759,64.11247040924663,3872.825368185757,54.0,-0.05233957624601527,-0.0581964928923764,-0.05193272477685554,-0.05573417584271087,0.0193072821768428,0.10821635571321225
760,77.65905487220303,3909.3501493595386,54.0,-0.05233957624601527,-0.1250792730449934,-0.05193272477685554,-0.12183530204975641,0.0193072821768428,0.11994948927864595
761,32.823125034109225,3912.664070630043,54.0,-0.05233957624601527,-0.01851506199810624,-0.05193272477685554,-0.01390058807198816,0.0193072821768428,0.11578104236168184
762,45.6171520763773,3868.016782251201,54.0,-0.05233957624601527,-0.03288516371692978,-0.05193272477685554,-0.036908884567270345,0.0193072821768428,0.11318945960347224
763,67.19752621553442,3879.29954399636,54.0,-0.05233957624601527,-0.114316135058577,-0.05193272477685554,-0.1128020531978472,0.0193072821768428,0.11054528947064843
764,329.4081606104876,3998.689087059467,54.0,-0.05233957624601527,0.018337657039979312,-0.05193272477685554,0.02121135453006159,0.0193072821768428,0.09831313747544101
765,343.5160136838465,3991.578570639738,54.0,-0.05233957624601527,-0.08165525732040574,-0.05193272477685554,-0.07816088879298798,0.0193072821768428,0.10595365639602441
766,326.1144591510769,3985.159052073012,54.0,-0.05233957624601527,0.018284338624743126,-0.05193272477685554,0.016037282378037792,0.0193072821768428,0.10837075645436746
767,355.0956935944724,3991.135378270276,54.0,-0.05233957624601527,-0.06605937117257017,-0.05193272477685554,-0.0648554826018359,0.0193072821768428,0.11681287503668615
768,348.40911047628657,3967.513791775754,54.0,-0.05233957624601527,-0.1621210678638984,-0.05193272477685554,-0.16312187801693906,0.0193072821768428,0.11005896366778074
769,361.37558788138097,3962.4633601457217,54.0,-0.05233957624601527,-0.1729452713342166,-0.05193272477685554,-0.17917589037177886,0.0193072821768428,0.12465114169231688
770,301.7826715226189,3985.67443842124,54.0,-0.05233957624601527,0.036757600982494726,-0.05193272477685554,0.03763312079534496,0.0193072821768428,0.11621207175413163
771,324.6121656230089,4002.446351914743,54.0,-0.05233957624601527,0.003481899716947711,-0.05193272477685554,0.003169674845280607,0.0193072821768428,0.0954587715828506
772,346.0410833035202,3997.847804836481,54.0,-0.05233957624601527,-0.017546579293813484,-0.05193272477685554,-0.012082896086413011,0.0193072821768428,0.11172440947171357
773,332.9339408519666,3975.749452511216,54.0,-0.05233957624601527,-0.009429917298203647,-0.05193272477685554,-0.014221379354156308,0.0193072821768428,0.10621579379653845
774,317.01123892056614,3988.895486735146,54.0,-0.05233957624601527,0.044161986734782964,-0.05193272477685554,0.04527913827717276,0.0193072821768428,0.11202557970029985
775,328.8394826947961,3993.550836550456,54.0,-0.05233957624601527,-0.02958143392934991,-0.05193272477685554,-0.02945671787665269,0.0193072821768428,0.10041984798971511
776,339.4763602589023,3985.015682510838,54.0,-0.05233957624601527,-0.06013223962162391,-0.05193272477685554,-0.06055062730476492,0.0193072821768428,0.10607744833254702
777,344.03861217691355,3970.208576259624,54.0,-0.05233957624601527,-0.05578548549627447,-0.05193272477685554,-0.05369730447824663,0.0193072821768428,0.10369173389334575
778,-211.31902072657357,3961.00505155232,54.0,-0.05233957624601527,-0.07173352093842253,-0.05193272477685554,-0.07103363101126392,0.0193072821768428,0.12131478090136573
779,-220.7280618722674,3921.70947526317,54.0,-0.05233957624601527,0.24494229601819686,-0.05193272477685554,0.247403736384475,0.0193072821768428,0.11352790158074783
780,-237.32088222167792,3935.218089324849,54.0,-0.05233957624601527,-0.007382063837086288,-0.05193272477685554,-0.007260452660086665,0.0193072821768428,0.1084540237520587
781,-274.9589686987792,3927.862775208853,54.0,-0.05233957624601527,0.023851160358689373,-0.05193272477685554,0.022778595534042288,0.0193072821768428,0.12199845522777614
782,-267.48173061784684,3914.497260456359,54.0,-0.05233957624601527,0.12467111394494808,-0.05193272477685554,0.12676477892807447,0.0193072821768428,0.11156336795836258
783,-275.1961394385367,3889.546582295512,54.0,-0.05233957624601527,0.1318513820414603,-0.05193272477685554,0.13249491981627948,0.0193072821768428,0.1125026877534584
784,-301.9075316337328,3909.6895609842554,54.0,-0.05233957624601527,0.13262300103032706,-0.05193272477685554,0.13218421846748418,0.0193072821768428,0.11619201705679544
785,-316.3799621335906,3897.040788971913,54.0,-0.05233957624601527,-0.04340202397370193,-0.05193272477685554,-0.041037577489725446,0.0193072821768428,0.12378354910172451
786,-325.43376241113504,3862.4680735279408,54.0,-0.05233957624601527,0.0707635793118976,-0.05193272477685554,0.06946195191812991,0.0193072821768428,0.10146434238229758
787,-334.9041792227584,3838.7410632234864,54.0,-0.05233957624601527,0.09590889463574821,-0.05193272477685554,0.0984001392581826,0.0193072821768428,0.10930023849674743
788,-339.9484861477804,3874.699950437256,54.0,-0.05233957624601527,0.10089061840589028,-0.05193272477685554,0.1015655223343053,0.0193072821768428,0.11834229606766855
789,-348.5218148107753,3852.772908442407,54.0,-0.05233957624601527,0.12209308470844275,-0.05193272477685554,0.12149383636713751,0.0193072821768428,0.11052950902935338
790,-212.01572236275788,3941.715268979583,54.0,-0.05233957624601527,-0.06491272489802492,-0.05193272477685554,-0.06770595620114928,0.0193072821768428,0.1164165859986412
791,-246.002423575228,3925.582992152925,54.0,-0.05233957624601527,0.12218682582609598,-0.05193272477685554,0.12375922409234037,0.0193072821768428,0.10393926899371572
792,-222.33366666999925,4024.177170602505,54.0,-0.05233957624601527,-0.11584659276997733,-0.05193272477685554,-0.11481370739682775,0.0193072821768428,0.13003394532401044
793,-198.95663681156643,4033.374445441812,54.0,-0.05233957624601527,-0.10802438337500715,-0.05193272477685554,-0.1099709710294427,0.0193072821768428,0.1275608007510977
794,-186.97901038579923,4043.687913582171,54.0,-0.05233957624601527,-0.08079754872001516,-0.05193272477685554,-0.07562661266490724,0.0193072821768428,0.13519806568767417
795,-204.4101306880948,3933.491052087412,54.0,-0.05233957624601527,0.07972917628868582,-0.05193272477685554,0.08056250534100187,0.0193072821768428,0.10663452601307288
796,-221.0025600671725,3926.6580830205703,54.0,-0.05233957624601527,0.20796555391176874,-0.05193272477685554,0.2031371152956895,0.0193072821768428,0.11104320342890761
797,-254.16694977190264,3929.4688952512015,54.0,-0.05233957624601527,0.03519255881842177,-0.05193272477685554,0.03586105285807062,0.0193072821768428,0.10897906909195915
798,-272.92072447444207,3916.205604383721,54.0,-0.05233957624601527,0.05921000827193568,-0.05193272477685554,0.06273523143414614,0.0193072821768428,0.10953862801307819
799,-265.0502416392309,3890.639245876809,54.0,-0.05233957624601527,0.10672536323846565,-0.05193272477685554,0.10326152658077806,0.0193072821768428,0.11427228745929927
800,-305.0054529490755,3895.678747236552,54.0,-0.05233957624601527,0.06449485461431707,-0.05193272477685554,0.06284854581121893,0.0193072821768428,0.11756691584856026
801,-321.8097667276481,3875.861948073805,54.0,-0.05233957624601527,0.06038079517784991,-0.05193272477685554,0.06063899155377111,0.0193072821768428,0.12088811550944825
802,-285.02350266437804,3893.5060598089713,54.0,-0.05233957624601527,0.13068789813854817,-0.05193272477685554,0.13326817427960835,0.0193072821768428,0.11079197492167565
803,-325.60180416002567,3862.5617444854206,54.0,-0.05233957624601527,0.06864846967104228,-0.05193272477685554,0.06894789695217812,0.0193072821768428,0.10066916376731459
804,-198.48172235255237,3962.303825509364,54.0,-0.05233957624601527,-0.02436912751083572,-0.05193272477685554,-0.027263736129068135,0.0193072821768428,0.11722599947770883
805,-245.12942589735192,3951.303957723816,54.0,-0.05233957624601527,-0.17588822848708704,-0.05193272477685554,-0.17243256682623462,0.0193072821768428,0.12469750789447047
806,-242.5354076593333,3921.677539000169,54.0,-0.05233957624601527,0.19820000443965458,-0.05193272477685554,0.19343598279574642,0.0193072821768428,0.10961581845993314
807,-294.2191221519013,3908.731258999061,54.0,-0.05233957624601527,0.11899757053475636,-0.05193272477685554,0.11930338277031546,0.0193072821768428,0.11742346076648859
808,-338.47089415442724,3843.274304183631,54.0,-0.05233957624601527,0.09244918121820352,-0.05193272477685554,0.09350359575816977,0.0193072821768428,0.10919026908860004
809,-224.04897310096092,3960.4650681106295,54.0,-0.05233957624601527,-0.10708188398259026,-0.05193272477685554,-0.10676164547234204,0.0193072821768428,0.1251387609161902
810,-236.9623812718686,3941.249035298143,54.0,-0.05233957624601527,-0.07580862596781074,-0.05193272477685554,-0.07799955240276138,0.0193072821768428,0.10797628496754964
811,572.9048472765722,4786.747663651523,54.0,-0.05233957624601527,-0.05824417250385534,-0.05193272477685554,-0.05484281965469783,0.0193072821768428,0.12262099610541792
812,573.470920004366,4818.2752828395405,54.0,-0.05233957624601527,-0.05456343224629921,-0.05193272477685554,-0.057076848893430565,0.0193072821768428,0.1339295989351591
813,565.6577383414963,4767.648796143017,54.0,-0.05233957624601527,0.09554424533807195,-0.05193272477685554,0.09381194297191459,0.0193072821768428,0.11854213712746042
814,325.04419856673445,3890.523033053691,54.0,-0.05233957624601527,0.13190186312880112,-0.05193272477685554,0.1363950161071662,0.0193072821768428,0.11662920614250796
815,326.8205357700357,3870.82711033228,54.0,-0.05233957624601527,0.10233552840962014,-0.05193272477685554,0.10313373575814366,0.0193072821768428,0.10961918139149207
816,322.07013414792897,3854.3413164341778,54.0,-0.05233957624601527,0.220446755340887,-0.05193272477685554,0.21546560666502218,0.0193072821768428,0.11510962034306503
817,300.148444319119,3836.049470583129,54.0,-0.05233957624601527,0.03877960782472916,-0.05193272477685554,0.03822550573483338,0.0193072821768428,0.11939109356300241
818,298.4736831184446,3865.427505089792,54.0,-0.05233957624601527,0.06836292050191302,-0.05193272477685554,0.06417120564530425,0.0193072821768428,0.12058658510653049
819,312.55779460009745,3872.429480945586,54.0,-0.05233957624601527,0.160736938102717,-0.05193272477685554,0.16071058826889284,0.0193072821768428,0.10091479596408029
820,309.97405298229904,3896.896670356153,54.0,-0.05233957624601527,0.006959574617507799,-0.05193272477685554,0.003303389902703071,0.0193072821768428,0.11374988510269861
821,281.68860591242515,3899.277797409469,54.0,-0.05233957624601527,0.17492297162796086,-0.05193272477685554,0.17457784078356486,0.0193072821768428,0.11582898438096105
822,258.026281620782,3903.2885999367545,54.0,-0.05233957624601527,0.0769127760898761,-0.05193272477685554,0.07924523278421645,0.0193072821768428,0.11398765172893545
823,225.26275792109743,3851.6329722134415,54.0,-0.05233957624601527,-0.11731785590683058,-0.05193272477685554,-0.11805170031661291,0.0193072821768428,0.11274755969029407
824,238.67127808163656,3887.54982630175,54.0,-0.05233957624601527,0.030961531788049418,-0.05193272477685554,0.026803823369262687,0.0193072821768428,0.11369830736110409
825,216.78058276365192,3875.401286069962,54.0,-0.05233957624601527,-0.07371207478306774,-0.05193272477685554,-0.0734118134608682,0.0193072821768428,0.11491011169397286
826,194.69215329829044,3859.7518318258,54.0,-0.05233957624601527,-0.2510477103834269,-0.05193272477685554,-0.24826109933456983,0.0193072821768428,0.11537975135327266
827,184.8894463734039,3844.197419775655,54.0,-0.05233957624601527,-0.24202050330570327,-0.05193272477685554,-0.23511198371211367,0.0193072821768428,0.11809500489727963
828,216.67804085346188,3854.6589930314367,54.0,-0.05233957624601527,-0.14343318054856172,-0.05193272477685554,-0.14803436430015152,0.0193072821768428,0.11390181139271058
829,201.6426748967095,3841.084954194472,54.0,-0.05233957624601527,-0.1999824566766895,-0.05193272477685554,-0.20195003828662422,0.0193072821768428,0.11876093029606849
830,245.1738650954148,3910.692918075235,54.0,-0.05233957624601527,0.02906170726544055,-0.05193272477685554,0.029798565126838882,0.0193072821768428,0.11567446114589781
831,219.492026721324,3902.160321959544,54.0,-0.05233957624601527,0.05806028391113645,-0.05193272477685554,0.05883035907696024,0.0193072821768428,0.10978527400701742
832,233.00864843063775,3870.269977730515,54.0,-0.05233957624601527,-0.042702086009519795,-0.05193272477685554,-0.043440274925500316,0.0193072821768428,0.11860899114676575
833,211.7067472244628,3878.559134011484,54.0,-0.05233957624601527,-0.0990290002447655,-0.05193272477685554,-0.10000604559513898,0.0193072821768428,0.11459429331644856
834,258.4336883859368,3877.8657284365577,54.0,-0.05233957624601527,0.1297838004415359,-0.05193272477685554,0.13122197398619406,0.0193072821768428,0.12247716272192488
835,265.3096747297514,3890.540840509381,54.0,-0.05233957624601527,0.20709478554578317,-0.05193272477685554,0.20765195892563165,0.0193072821768428,0.11395535333418934
836,325.17422066430987,3868.80579167809,54.0,-0.05233957624601527,0.10670140174535542,-0.05193272477685554,0.10726415691249949,0.0193072821768428,0.108571315498039
837,244.26666170076163,3867.105363176406,54.0,-0.05233957624601527,0.04674377698330991,-0.05193272477685554,0.04502355768273439,0.0193072821768428,0.11894866357801069
838,278.4112143194352,3898.247540754817,54.0,-0.05233957624601527,0.18422224877929508,-0.05193272477685554,0.18782734564741682,0.0193072821768428,0.11538952768882627
839,315.6588536998603,3884.383887990511,54.0,-0.05233957624601527,0.11072832718267811,-0.05193272477685554,0.111380689828245,0.0193072821768428,0.10839700870385759
840,296.21345872966407,3852.992610644512,54.0,-0.05233957624601527,0.1558768209976671,-0.05193272477685554,0.15576238315390956,0.0193072821768428,0.12225024468077454
841,314.258204840562,3850.878766542768,54.0,-0.05233957624601527,0.1512711681117405,-0.05193272477685554,0.1485459728976653,0.0193072821768428,0.11540948953830527
842,301.5535634179998,3839.126306448653,54.0,-0.05233957624601527,0.045361573223855825,-0.05193272477685554,0.04708178963557744,0.0193072821768428,0.11495853503934005
843,309.4684575390872,3872.32704628831,54.0,-0.05233957624601527,0.15569330510939292,-0.05193272477685554,0.15502226946558573,0.0193072821768428,0.10240431679930313
844,271.0794516397593,3873.021199386558,54.0,-0.05233957624601527,0.13074343221195384,-0.05193272477685554,0.12948758308904368,0.0193072821768428,0.11895458653360604
845,418.3279091794528,4088.79789404924,54.0,-0.05233957624601527,-0.022100409847079252,-0.05193272477685554,-0.02163883416953921,0.0193072821768428,0.12293796565247335
846,393.5062405176661,4094.4322381805127,54.0,-0.05233957624601527,-0.058591102533390726,-0.05193272477685554,-0.053959137186859574,0.0193072821768428,0.11599214337655588
847,400.3313909243413,4047.66133186713,54.0,-0.05233957624601527,0.11945377554480771,-0.05193272477685554,0.11818832423635367,0.0193072821768428,0.10761922451574005
848,375.7370348868046,4027.7319162946624,54.0,-0.05233957624601527,0.003936460738258919,-0.05193272477685554,-0.002871362907463602,0.0193072821768428,0.12960863886991827
849,426.0873277925459,4044.716857998372,54.0,-0.05233957624601527,0.45031823914048685,-0.05193272477685554,0.45100590911910077,0.0193072821768428,0.11513473087191181
850,362.17199524503343,4082.865688514489,54.0,-0.05233957624601527,0.08204560881562634,-0.05193272477685554,0.07900408270712445,0.0193072821768428,0.11625118440076408
851,379.32967125049646,4082.7270292645976,54.0,-0.05233957624601527,0.0532116580951645,-0.05193272477685554,0.05137763339204925,0.0193072821768428,0.11508143431687472
852,396.279303214471,4080.2510948158647,54.0,-0.05233957624601527,-0.05084588295184545,-0.05193272477685554,-0.045148451230249825,0.0193072821768428,0.12108487358670932
853,412.8630024415256,4079.543733428927,54.0,-0.05233957624601527,0.0666661771972864,-0.05193272477685554,0.06399119006643011,0.0193072821768428,0.11286111616243456
854,390.0869155343114,4063.230642872049,54.0,-0.05233957624601527,0.14206157107999645,-0.05193272477685554,0.13962071593778957,0.0193072821768428,0.11752368742193735
855,409.2580805256216,4061.619137215324,54.0,-0.05233957624601527,0.17440797770157376,-0.05193272477685554,0.17331379211717454,0.0193072821768428,0.11172035953068478
856,426.6160858045599,4065.7017923821263,54.0,-0.05233957624601527,0.30452223486499963,-0.05193272477685554,0.29964306954447156,0.0193072821768428,0.11511295406434731
857,376.0794496043232,4045.9459437511223,54.0,-0.05233957624601527,0.22417622438790655,-0.05193272477685554,0.22386457910273688,0.0193072821768428,0.12202388247313176
858,398.3143118189128,4046.608749255166,54.0,-0.05233957624601527,0.1405069594192455,-0.05193272477685554,0.14111404097838667,0.0193072821768428,0.1087334564896919
859,417.2204341967305,4045.130344334564,54.0,-0.05233957624601527,0.3638242272278577,-0.05193272477685554,0.3597956565855034,0.0193072821768428,0.11351045502974158
860,383.6118848781027,4094.0408541803,54.0,-0.05233957624601527,0.019076049287867405,-0.05193272477685554,0.019343105632728338,0.0193072821768428,0.10854002064141441
861,717.0231393689389,4816.317861780097,54.0,-0.05233957624601527,-0.06650507075264651,-0.05193272477685554,-0.06466170337656213,0.0193072821768428,0.11883184510652826
862,734.7719603112209,4807.339234177854,54.0,-0.05233957624601527,0.003993260317907141,-0.05193272477685554,0.0027208640600381567,0.0193072821768428,0.12097274044333095
863,697.3348802667408,4793.758636608686,54.0,-0.05233957624601527,0.07273620595888308,-0.05193272477685554,0.07576943503269715,0.0193072821768428,0.11441289962869852
864,655.8608069869983,4781.911311219037,54.0,-0.05233957624601527,-0.0012716347837971138,-0.05193272477685554,-0.004284035927967212,0.0193072821768428,0.12111529607456217
865,712.9824267364081,4777.590250308541,54.0,-0.05233957624601527,0.18508520137083723,-0.05193272477685554,0.18036379454298243,0.0193072821768428,0.10654120038199137
866,668.2282066139936,4750.880796648703,54.0,-0.05233957624601527,-0.0038416519859996176,-0.05193272477685554,-0.0016314521872098989,0.0193072821768428,0.12162322291805638
867,706.0578596628206,4742.952353167281,54.0,-0.05233957624601527,0.1429585455917049,-0.05193272477685554,0.13989720513411324,0.0193072821768428,0.12193451658905015
868,676.8632672784381,4706.037975065071,54.0,-0.05233957624601527,0.13819176513805026,-0.05193272477685554,0.13570157217370554,0.0193072821768428,0.12544497019861378
869,657.6587194445295,4799.709264851667,54.0,-0.05233957624601527,-0.10809616532865718,-0.05193272477685554,-0.11064208177871913,0.0193072821768428,0.11791795066402365
870,653.7950700859194,4748.564883259625,54.0,-0.05233957624601527,0.010585983612689958,-0.05193272477685554,0.01307572962175862,0.0193072821768428,0.12337672602409717
871,-92.0214114912519,3766.382293386853,54.0,-0.05233957624601527,0.05008959791127627,-0.05193272477685554,0.047619393705434,0.0193072821768428,0.11961591828317499
872,-93.85219317436987,3755.7075478339193,54.0,-0.05233957624601527,0.054372122161935696,-0.05193272477685554,0.055856680656391454,0.0193072821768428,0.11583176579427869
873,-111.90305233878944,3768.4491518679,54.0,-0.05233957624601527,0.05134877117791201,-0.05193272477685554,0.049985389014040246,0.0193072821768428,0.1159355783547876
874,-127.89461504541896,3775.704322550012,54.0,-0.05233957624601527,0.21192147281463383,-0.05193272477685554,0.20656179358769483,0.0193072821768428,0.11620497497822974
875,-130.25309186349332,3757.715778785631,54.0,-0.05233957624601527,0.08517393183391461,-0.05193272477685554,0.0847800377755398,0.0193072821768428,0.11533280768819201
876,-141.06702293120463,3788.1607482074223,54.0,-0.05233957624601527,0.23702721529899023,-0.05193272477685554,0.2353410197477048,0.0193072821768428,0.1071186553920699
877,-155.24939862132854,3770.880467030972,54.0,-0.05233957624601527,-0.004825833767401993,-0.05193272477685554,-0.004423088023441362,0.0193072821768428,0.12058172387245537
878,-164.4795078687612,3789.103286028052,54.0,-0.05233957624601527,0.011602452725685343,-0.05193272477685554,0.008818914485670626,0.0193072821768428,0.11433420841280588
879,-102.38986574887532,3756.266858370933,54.0,-0.05233957624601527,-0.005341001646654887,-0.05193272477685554,-0.005981862129723586,0.0193072821768428,0.11747826639400057
880,-138.45523360743735,3784.989842871927,54.0,-0.05233957624601527,0.2639563058310357,-0.05193272477685554,0.2620520617473189,0.0193072821768428,0.10836920808540161
881,-135.97189737011166,3769.9233764008513,54.0,-0.05233957624601527,0.1795859055162346,-0.05193272477685554,0.18002263991547246,0.0193072821768428,0.11414247277588624
882,-97.69554891479424,3779.972848397416,54.0,-0.05233957624601527,-0.06278843201537554,-0.05193272477685554,-0.06320291609807299,0.0193072821768428,0.1222183519210139
883,-120.2634109186522,3744.879416152507,54.0,-0.05233957624601527,0.04159384751701414,-0.05193272477685554,0.04693876848843926,0.0193072821768428,0.11885074630471945
884,-156.924534585463,3784.9748286003496,54.0,-0.05233957624601527,0.060682725406358586,-0.05193272477685554,0.058492320837660094,0.0193072821768428,0.11072645757741247
885,327.9247883281511,3963.7608357246586,54.0,-0.05233957624601527,-0.07943619021674277,-0.05193272477685554,-0.07958023699508258,0.0193072821768428,0.10387065626003768
886,332.2728487453242,3955.63210174711,54.0,-0.05233957624601527,-0.09172415335214595,-0.05193272477685554,-0.093917738431965,0.0193072821768428,0.101511182465423
887,364.57712380559593,3776.74559736748,54.0,-0.05233957624601527,-0.0036181967556599454,-0.05193272477685554,-0.0028397129615375825,0.0193072821768428,0.13325045375533442
888,387.9276208759748,3665.165766546727,54.0,-0.05233957624601527,0.21133051937898653,-0.05193272477685554,0.21395750162943342,0.0193072821768428,0.14047292984933915
889,342.9721527010015,3948.745347291568,54.0,-0.05233957624601527,-0.14806950918414405,-0.05193272477685554,-0.14441836832886107,0.0193072821768428,0.11247133382120901
890,330.5930561410029,3952.47921941426,54.0,-0.05233957624601527,-0.054284954327412746,-0.05193272477685554,-0.05412657528678762,0.0193072821768428,0.10096981727321022
891,-100.4168935768999,3930.978631826396,54.0,-0.05233957624601527,-0.11888319201395295,-0.05193272477685554,-0.11787133792491147,0.0193072821768428,0.11834591935897212
892,-117.70848810354678,3932.343097354881,54.0,-0.05233957624601527,-0.008289448882466256,-0.05193272477685554,-0.00397341965243745,0.0193072821768428,0.11929838443261581
893,-151.82872063398,3944.3503644953935,54.0,-0.05233957624601527,0.008291094652147947,-0.05193272477685554,0.006810928668976062,0.0193072821768428,0.12063287033931284
894,-183.8079702103253,3930.364447740388,54.0,-0.05233957624601527,0.13773930020370553,-0.05193272477685554,0.13514095763554906,0.0193072821768428,0.1058657679511716
895,-200.8556110931154,3919.167762298929,54.0,-0.05233957624601527,0.1005540407065705,-0.05193272477685554,0.10183820133072513,0.0193072821768428,0.10864338967453448
896,-117.44853647594596,3923.077543792965,54.0,-0.05233957624601527,-0.037623811508569416,-0.05193272477685554,-0.03583393397876078,0.0193072821768428,0.1143374727153521
897,-193.0671079313358,3925.334640995718,54.0,-0.05233957624601527,0.1114658284521394,-0.05193272477685554,0.11519177885883823,0.0193072821768428,0.10717594357543525
898,-182.80882168342347,3938.420844118436,54.0,-0.05233957624601527,0.10411711492617218,-0.05193272477685554,0.10591025351000362,0.0193072821768428,0.1137748673172728
899,-169.22454351660818,3949.864122291554,54.0,-0.05233957624601527,-0.010215735698240237,-0.05193272477685554,-0.010614843031075877,0.0193072821768428,0.12635245300923625
900,199.6253137223575,4097.533562704541,54.0,-0.05233957624601527,-0.125879194750534,-0.05193272477685554,-0.1278202738443574,0.0193072821768428,0.12230379194579746
901,180.5705992492557,4080.48024937745,54.0,-0.05233957624601527,-0.11903409956030844,-0.05193272477685554,-0.11957982538446008,0.0193072821768428,0.11153996997533334
902,190.41227169080057,4085.240191257141,54.0,-0.05233957624601527,-0.19888034110580435,-0.05193272477685554,-0.19852066460199386,0.0193072821768428,0.11497659335422679
903,133.27665841837006,4066.2926462204714,54.0,-0.05233957624601527,0.06348824677291035,-0.05193272477685554,0.05998496930764747,0.0193072821768428,0.10719690110583521
904,161.45756366945437,4064.809444564428,54.0,-0.05233957624601527,-0.0010258809820930582,-0.05193272477685554,-0.004831345309156094,0.0193072821768428,0.10746700091246549
905,167.52959921164822,4057.890748444691,54.0,-0.05233957624601527,-0.07387525857031152,-0.05193272477685554,-0.07204330490992655,0.0193072821768428,0.10484270307745508
906,154.67860682326315,4055.93008952698,54.0,-0.05233957624601527,-0.048283299482882375,-0.05193272477685554,-0.04942752550275984,0.0193072821768428,0.09804149180917608
907,131.86898071170762,4053.9416228862974,54.0,-0.05233957624601527,-0.00110014871646706,-0.05193272477685554,-0.002439127828233627,0.0193072821768428,0.1097449929974859
908,176.52045162103826,4054.157155351148,54.0,-0.05233957624601527,-0.1391809232469978,-0.05193272477685554,-0.1415952850095597,0.0193072821768428,0.10975013318460769
909,144.58738366308845,4040.185673265095,54.0,-0.05233957624601527,-0.02918309828430987,-0.05193272477685554,-0.03177859621251741,0.0193072821768428,0.10319179498287766
910,137.0304050103369,4090.0427831962857,54.0,-0.05233957624601527,0.01872107448350079,-0.05193272477685554,0.018282377461822805,0.0193072821768428,0.12986200584614033
911,146.06286604885338,4070.4912970347327,54.0,-0.05233957624601527,0.053805072663940454,-0.05193272477685554,0.047529916885478835,0.0193072821768428,0.11332883659265171
912,184.90358304539177,4077.551448109347,54.0,-0.05233957624601527,-0.17702509546731726,-0.05193272477685554,-0.17281421476623524,0.0193072821768428,0.10842066080367284
913,138.3086584571955,4055.180570312392,54.0,-0.05233957624601527,0.0176664243373967,-0.05193272477685554,0.01570561566068596,0.0193072821768428,0.10724124409546047
914,156.30249231265788,4054.163957898228,54.0,-0.05233957624601527,-0.07705426578174372,-0.05193272477685554,-0.07462077589601084,0.0193072821768428,0.10255786910763073
915,144.93487867158464,4040.1157796648927,54.0,-0.05233957624601527,-0.030798090956270213,-0.05193272477685554,-0.03249220807076009,0.0193072821768428,0.10413397646596344
916,-14.089789104907949,3785.508897541508,54.0,-0.05233957624601527,-0.04494495498418011,-0.05193272477685554,-0.04668162415802139,0.0193072821768428,0.11694439770182379
917,-9.925235130187474,3764.08366154794,54.0,-0.05233957624601527,0.016854810940368167,-0.05193272477685554,0.012063365046050802,0.0193072821768428,0.11896783659596825
918,16.170423993237026,3756.447032381564,54.0,-0.05233957624601527,0.03305737461176526,-0.05193272477685554,0.030960613996907214,0.0193072821768428,0.11082966394822495
919,-11.141473043724488,3725.886702828202,54.0,-0.05233957624601527,-0.12406726832806864,-0.05193272477685554,-0.13134788588163507,0.0193072821768428,0.1124082480765077
920,30.8317163158991,3728.685939677773,54.0,-0.05233957624601527,-0.23134160799350004,-0.05193272477685554,-0.23015672410540935,0.0193072821768428,0.12855952918502367
921,15.043445181788934,3715.8110582869726,54.0,-0.05233957624601527,-0.13598938779326736,-0.05193272477685554,-0.13876450835575144,0.0193072821768428,0.1188710800184618
922,1.0232192929827142,3799.386055081737,54.0,-0.05233957624601527,-0.053082586680934414,-0.05193272477685554,-0.055839361260887385,0.0193072821768428,0.11011840462638103
923,3.004810249261907,3742.404604751321,54.0,-0.05233957624601527,-0.08658150283529269,-0.05193272477685554,-0.08958174172390904,0.0193072821768428,0.10555234160111106
924,-34.95691718764405,3775.115165439217,54.0,-0.05233957624601527,-0.17831465034436886,-0.05193272477685554,-0.1827208882082202,0.0193072821768428,0.124000043899852
925,-3.976707935406477,3790.887532136633,54.0,-0.05233957624601527,0.012061634349351293,-0.05193272477685554,0.014003209332166052,0.0193072821768428,0.11379468332867797
926,-23.639994217954985,3791.306169721887,54.0,-0.05233957624601527,-0.17341523867316552,-0.05193272477685554,-0.17282817617850038,0.0193072821768428,0.11798911521764814
927,-6.626156437287864,3726.2710578770343,54.0,-0.05233957624601527,-0.17098991755650828,-0.05193272477685554,-0.17493283609948523,0.0193072821768428,0.11309178561115862
928,23.08560742794845,3730.459636285315,54.0,-0.05233957624601527,-0.2346907391223496,-0.05193272477685554,-0.2293987057055493,0.0193072821768428,0.12319080297057217
929,-1.177771162963938,3741.453930125509,54.0,-0.05233957624601527,-0.09177142096022567,-0.05193272477685554,-0.0909535491405756,0.0193072821768428,0.10955207420069003
930,-15.66548375733837,3741.6238639024086,54.0,-0.05233957624601527,-0.07427914258125234,-0.05193272477685554,-0.0740417533691716,0.0193072821768428,0.11902502302154358
931,-11.032979497787542,3811.934593534735,54.0,-0.05233957624601527,-0.2297287867448066,-0.05193272477685554,-0.22815422483121817,0.0193072821768428,0.11728564529900386
932,-46.00446954103198,3809.903916821808,54.0,-0.05233957624601527,-0.37951551028478486,-0.05193272477685554,-0.37688149799139525,0.0193072821768428,0.12125634358177512
933,-35.47065700717375,3757.803246760093,54.0,-0.05233957624601527,-0.09531520192837202,-0.05193272477685554,-0.09861480091648607,0.0193072821768428,0.12525476072824027
934,-365.5449472651887,3844.923133756668,54.0,-0.05233957624601527,-0.0427911281543014,-0.05193272477685554,-0.044725201388966455,0.0193072821768428,0.12099213261125417
935,-404.3169497068079,3847.280124510167,54.0,-0.05233957624601527,-0.18270444554084334,-0.05193272477685554,-0.18726751008830048,0.0193072821768428,0.11697485387388835
936,-426.80940638540346,3840.4396818768737,54.0,-0.05233957624601527,-0.20030489307441787,-0.05193272477685554,-0.1972514336387562,0.0193072821768428,0.12336560463347815
937,-430.10570094557687,3824.844250380473,54.0,-0.05233957624601527,-0.12395833479316219,-0.05193272477685554,-0.12353512233730893,0.0193072821768428,0.1050739716967834
938,-404.2850942785308,3824.185449432093,54.0,-0.05233957624601527,-0.1634091034657711,-0.05193272477685554,-0.16346756799920986,0.0193072821768428,0.11020931740749713
939,-387.5803323118312,3805.307151192845,54.0,-0.05233957624601527,-0.022363455785019797,-0.05193272477685554,-0.021097646932902347,0.0193072821768428,0.11227949750781109
940,-347.06149835086603,3826.251861541413,54.0,-0.05233957624601527,0.007155856953363415,-0.05193272477685554,0.006557152541275696,0.0193072821768428,0.11571352573562671
941,-331.78244143248816,3824.7065382645146,54.0,-0.05233957624601527,0.07908343229732831,-0.05193272477685554,0.07911481550218989,0.0193072821768428,0.1003992213901141
942,-422.5455709687562,3814.5572286094944,54.0,-0.05233957624601527,-0.08879317236652375,-0.05193272477685554,-0.09317594829882113,0.0193072821768428,0.10302576829190584
943,-405.0491789294172,3804.950457916575,54.0,-0.05233957624601527,-0.054695561822316316,-0.05193272477685554,-0.05624542056538813,0.0193072821768428,0.1103661710673446
944,-375.2625317522474,3806.274998549873,54.0,-0.05233957624601527,0.08109777405004005,-0.05193272477685554,0.08219550346507323,0.0193072821768428,0.12291126583208507
945,-324.4374894603114,3809.0351637860767,54.0,-0.05233957624601527,0.05987456711829303,-0.05193272477685554,0.061110682273124745,0.0193072821768428,0.11071833947913323
946,-323.37869107917845,3794.1605352946544,54.0,-0.05233957624601527,0.06470217983021015,-0.05193272477685554,0.07038959531102776,0.0193072821768428,0.1138895902896367
947,-300.24385858311143,3785.907132981712,54.0,-0.05233957624601527,0.09424190290772234,-0.05193272477685554,0.09464701716496943,0.0193072821768428,0.12633106215382223
948,-322.7466350537741,3780.7052923180495,54.0,-0.05233957624601527,0.06800125174085676,-0.05193272477685554,0.06776171740185566,0.0193072821768428,0.12249837501938356
949,-410.71675667600334,3818.6661092592935,54.0,-0.05233957624601527,-0.1507838518834653,-0.05193272477685554,-0.15292713088859802,0.0193072821768428,0.10467746095396442
950,-318.88329414751405,3818.9288382704895,54.0,-0.05233957624601527,0.06657516596678212,-0.05193272477685554,0.06778370269809247,0.0193072821768428,0.111421632400344
951,-326.3434765158958,3801.390735089175,54.0,-0.05233957624601527,0.053021899396014864,-0.05193272477685554,0.0543924337767099,0.0193072821768428,0.10836883808427195
952,-330.9905831547808,3820.9309390757303,54.0,-0.05233957624601527,0.06306525943193594,-0.05193272477685554,0.0641179455550839,0.0193072821768428,0.10072159102943362
953,-397.3841504799605,3803.674758178313,54.0,-0.05233957624601527,-0.0773866482665634,-0.05193272477685554,-0.08014765194561552,0.0193072821768428,0.11340974530589316
954,-419.2811331727221,3819.932467451428,54.0,-0.05233957624601527,-0.13265211239236432,-0.05193272477685554,-0.13439276182625176,0.0193072821768428,0.1020861085876837
955,-430.0306146106633,3823.248815696748,54.0,-0.05233957624601527,-0.11462512382364812,-0.05193272477685554,-0.11449780838470383,0.0193072821768428,0.10324710391463106
956,-356.75431567410976,3871.390050348002,54.0,-0.05233957624601527,0.11939841394475392,-0.05193272477685554,0.12257168445072629,0.0193072821768428,0.12341649548451418
957,-361.4765283296221,3855.8723056535537,54.0,-0.05233957624601527,0.09117666926450398,-0.05193272477685554,0.08929306762544227,0.0193072821768428,0.11709965385118737
958,-359.4180979857128,3824.821999979614,54.0,-0.05233957624601527,-0.008765812337852112,-0.05193272477685554,-0.004407272776970152,0.0193072821768428,0.12156033554507865
959,-389.52855139742405,3828.604088282125,54.0,-0.05233957624601527,-0.10438964875737766,-0.05193272477685554,-0.10226898451528847,0.0193072821768428,0.12278864227584843
960,-405.1070033799106,3843.96989474742,54.0,-0.05233957624601527,-0.13496307589508624,-0.05193272477685554,-0.13508839309824025,0.0193072821768428,0.11231779028337434
961,-385.96925192827536,3848.54266155951,54.0,-0.05233957624601527,-0.009101944750676902,-0.05193272477685554,-0.009194894804788377,0.0193072821768428,0.11962360764002256
962,-349.86677463547466,3797.3692427216415,54.0,-0.05233957624601527,0.022225645811094204,-0.05193272477685554,0.02241298073700418,0.0193072821768428,0.12871662954957155
963,312.0063800751807,3962.5976151222,54.0,-0.05233957624601527,0.013129245669632025,-0.05193272477685554,0.012032081260543007,0.0193072821768428,0.11233793566015182
964,294.3184227939459,3953.278734719593,54.0,-0.05233957624601527,0.056612649289651124,-0.05193272477685554,0.055912346921208465,0.0193072821768428,0.11800972752030259
965,282.8565774544674,3927.6210696294247,54.0,-0.05233957624601527,0.037156111645366335,-0.05193272477685554,0.03536264595709727,0.0193072821768428,0.11371570399421542
966,257.8071990994817,3924.222274123985,54.0,-0.05233957624601527,-0.12180913536270294,-0.05193272477685554,-0.11461575580794256,0.0193072821768428,0.0981009360444165
967,269.84970995130976,3931.065440669821,54.0,-0.05233957624601527,-0.0207361368404683,-0.05193272477685554,-0.020604200963192446,0.0193072821768428,0.10905310367581082
968,265.89587639025353,3963.952669789918,54.0,-0.05233957624601527,-0.0712040386712904,-0.05193272477685554,-0.07611065527717488,0.0193072821768428,0.12246923733800259
969,257.8456175484073,3924.298953712429,54.0,-0.05233957624601527,-0.1221342914738782,-0.05193272477685554,-0.1153398951547041,0.0193072821768428,0.098377080128342
970,255.9945365072104,3935.7183858934864,54.0,-0.05233957624601527,-0.13972988214654083,-0.05193272477685554,-0.13676113081646601,0.0193072821768428,0.11243144427870047
971,316.862912508576,3944.2065035608966,54.0,-0.05233957624601527,0.04175318985869244,-0.05193272477685554,0.04306759988495151,0.0193072821768428,0.11148236074436679
972,268.7957598518551,3938.397485964539,54.0,-0.05233957624601527,-0.0799367634878915,-0.05193272477685554,-0.08199874174751369,0.0193072821768428,0.10950132494701781
973,265.5810654443671,3915.0122178437146,54.0,-0.05233957624601527,-0.06668921860015903,-0.05193272477685554,-0.06081791035077848,0.0193072821768428,0.10887888835627166
974,315.679871493891,3931.668345406915,54.0,-0.05233957624601527,0.08526199415579068,-0.05193272477685554,0.08529669842918308,0.0193072821768428,0.10974946874751694
975,282.8109787262265,3934.715241609255,54.0,-0.05233957624601527,0.10339124661171994,-0.05193272477685554,0.09917124696118387,0.0193072821768428,0.11312362000843251
976,438.81434760294826,4291.256191853341,54.0,-0.05233957624601527,-0.18201729241061074,-0.05193272477685554,-0.18525411107259465,0.0193072821768428,0.11508408673948561
977,377.16969184701134,4276.396603589449,54.0,-0.05233957624601527,-0.23394859645843374,-0.05193272477685554,-0.22936824656741445,0.0193072821768428,0.1267516973968926
978,427.0445354813797,4273.499297857495,54.0,-0.05233957624601527,-0.13157685525364957,-0.05193272477685554,-0.13417920185046173,0.0193072821768428,0.11433849218316121
979,448.2237718674139,4272.568389041,54.0,-0.05233957624601527,-0.17555669823119135,-0.05193272477685554,-0.17554538529086708,0.0193072821768428,0.12290004597573784
980,446.8191658251622,4253.768504772488,54.0,-0.05233957624601527,-0.106426240918389,-0.05193272477685554,-0.10736796676123629,0.0193072821768428,0.11723557044753803
981,411.9733803257818,4249.080345490381,54.0,-0.05233957624601527,-0.053470630072608834,-0.05193272477685554,-0.05804636174336894,0.0193072821768428,0.10412833374107305
982,436.6238156529476,4249.314832035256,54.0,-0.05233957624601527,-0.11332637371846672,-0.05193272477685554,-0.11493888383987833,0.0193072821768428,0.11529591429570425
983,443.0288497265207,4234.908068774709,54.0,-0.05233957624601527,-0.06254076886252762,-0.05193272477685554,-0.05992845832328324,0.0193072821768428,0.1064107600346168
984,435.8106676438648,4222.73374007691,54.0,-0.05233957624601527,-0.015624851433630195,-0.05193272477685554,-0.020210523326183345,0.0193072821768428,0.10767120558324512
985,416.0821692336259,4218.164004700096,54.0,-0.05233957624601527,-0.1445254107232069,-0.05193272477685554,-0.14386765363808873,0.0193072821768428,0.11493435173663846
986,391.0018042011845,4213.433874649227,54.0,-0.05233957624601527,-0.1980642033549045,-0.05193272477685554,-0.19886813732359374,0.0193072821768428,0.11490317840244128
987,400.6543211977099,4197.618852742186,54.0,-0.05233957624601527,-0.1467596789738338,-0.05193272477685554,-0.14013791776776324,0.0193072821768428,0.11244153419005959
988,420.8438581890216,4195.57911254482,54.0,-0.05233957624601527,0.0025011541997019796,-0.05193272477685554,0.003037653424934406,0.0193072821768428,0.10592649621128751
989,445.89422324985344,4248.614738828751,54.0,-0.05233957624601527,-0.08782877402262204,-0.05193272477685554,-0.0854415128369301,0.0193072821768428,0.11395085479467422
990,435.11914917042,4235.955205541315,54.0,-0.05233957624601527,-0.012444392336642851,-0.05193272477685554,-0.01678448272568757,0.0193072821768428,0.10695462098171689
991,425.9413030559138,4217.635551223826,54.0,-0.05233957624601527,-0.09250233008019859,-0.05193272477685554,-0.09132142925061221,0.0193072821768428,0.10779683994231291
992,438.4164680502774,4215.068249794143,54.0,-0.05233957624601527,0.04243276513120675,-0.05193272477685554,0.04328986242537574,0.0193072821768428,0.1105618055584447
993,394.7738706108567,4205.194212624403,54.0,-0.05233957624601527,-0.2313641630066284,-0.05193272477685554,-0.23037311884824022,0.0193072821768428,0.11382304044414078
994,428.2859587728415,4202.05740045784,54.0,-0.05233957624601527,0.0679199719707146,-0.05193272477685554,0.06284962118435597,0.0193072821768428,0.1093714695038147
995,414.5220180223404,4194.72156940495,54.0,-0.05233957624601527,-0.05429913442940631,-0.05193272477685554,-0.050811727500330445,0.0193072821768428,0.10772538440988276
996,416.2556929545757,4313.9028901392985,54.0,-0.05233957624601527,-0.18480305233745,-0.05193272477685554,-0.18461781429070429,0.0193072821768428,0.12110803213115788
997,428.5710453250903,4289.332939439008,54.0,-0.05233957624601527,-0.15031962534595578,-0.05193272477685554,-0.1549355011924076,0.0193072821768428,0.11396569224709978
998,445.6080558911104,4284.859160068763,54.0,-0.05233957624601527,-0.13573223175892482,-0.05193272477685554,-0.13903019123790597,0.0193072821768428,0.11420166574679684
999,461.25934481415896,4285.045081675647,54.0,-0.05233957624601527,-0.16899749963497993,-0.05193272477685554,-0.16778267100839328,0.0193072821768428,0.12154099139740235
1000,413.44368953224784,4276.820130489507,54.0,-0.05233957624601527,-0.19636396358502567,-0.05193272477685554,-0.19162883502010106,0.0193072821768428,0.11946691644160096
1001,391.8808158955226,4258.73653007643,54.0,-0.05233957624601527,-0.09405888856114375,-0.05193272477685554,-0.09563985945761447,0.0193072821768428,0.12116163573092789
1002,411.930196078557,4249.125208015304,54.0,-0.05233957624601527,-0.053064598616765664,-0.05193272477685554,-0.056062435987142153,0.0193072821768428,0.10438753724213011
1003,423.6141353116863,4253.411593782615,54.0,-0.05233957624601527,-0.08816096656411654,-0.05193272477685554,-0.08967664374530734,0.0193072821768428,0.11092948338314773
