ssn,staX,staY,zoneUTM,dc_0_mean,dc_1as_mean,dc_0_med,dc_1as_med,dc_0_unc,dc_1as_unc
1,709.3156474961163,4899.047215952385,54.0,-0.07493749604138895,-0.2146103668218728,-0.0744258788755369,-0.21590044806495579,0.027880311889110554,0.17795935629588597
2,667.6752331939205,4857.261376584086,54.0,-0.07493749604138895,-0.016033378124828662,-0.0744258788755369,-0.021559293337683524,0.027880311889110554,0.17966132938318305
3,819.8396797384605,4886.73951333974,54.0,-0.07493749604138895,0.08193411986129749,-0.0744258788755369,0.08231200525190654,0.027880311889110554,0.15423378378122657
4,805.6140450425772,4870.803030726163,54.0,-0.07493749604138895,0.14320846712849403,-0.0744258788755369,0.14443729635196445,0.027880311889110554,0.17952846056450072
5,735.8336122292334,4885.121782214496,54.0,-0.07493749604138895,-0.22636215928581876,-0.0744258788755369,-0.22613489915019003,0.027880311889110554,0.17790288546149974
6,756.232407030068,4867.317475790108,54.0,-0.07493749604138895,-0.0715586113384136,-0.0744258788755369,-0.07505485808227255,0.027880311889110554,0.1749151376901001
7,777.8676705895632,4861.758225558903,54.0,-0.07493749604138895,0.05977930483680322,-0.0744258788755369,0.0628408251267155,0.027880311889110554,0.16886186417706867
8,697.39154249737,4846.12742864999,54.0,-0.07493749604138895,-0.17487471967263646,-0.0744258788755369,-0.17262285024916968,0.027880311889110554,0.15945023307173145
9,756.4256578398193,4846.011984473181,54.0,-0.07493749604138895,-0.04912935064384279,-0.0744258788755369,-0.049570313175782345,0.027880311889110554,0.16745563950356093
10,702.4690973001353,4834.41795369018,54.0,-0.07493749604138895,-0.1745168772591644,-0.0744258788755369,-0.17625126074183795,0.027880311889110554,0.1556505923292056
11,128.51496790687293,3913.739001202812,54.0,-0.07493749604138895,-0.04512903699818606,-0.0744258788755369,-0.04278142578210031,0.027880311889110554,0.1536416603093349
12,154.50504546553583,3901.5896026139903,54.0,-0.07493749604138895,0.08464708104076124,-0.0744258788755369,0.08457893368392141,0.027880311889110554,0.15360321078100106
13,182.17667623346983,3902.5741380529994,54.0,-0.07493749604138895,0.26219077957323206,-0.0744258788755369,0.2599622662779882,0.027880311889110554,0.15336135539446286
14,166.08076979623368,3894.653559544712,54.0,-0.07493749604138895,0.1525749885391428,-0.0744258788755369,0.1501504787336378,0.027880311889110554,0.14631112958757433
15,187.83731878982752,3889.567114997888,54.0,-0.07493749604138895,0.09864791339904869,-0.0744258788755369,0.09457783957176319,0.027880311889110554,0.15171175324750125
16,143.10717359488643,3838.030342010029,54.0,-0.07493749604138895,-0.10262241046553103,-0.0744258788755369,-0.10526123416112135,0.027880311889110554,0.15826536977868585
17,139.77999744006962,3872.595402570746,54.0,-0.07493749604138895,0.19485585347742965,-0.0744258788755369,0.19498702082109134,0.027880311889110554,0.16883225041930838
18,123.08297592290974,3868.4555154718055,54.0,-0.07493749604138895,0.1725178530884673,-0.0744258788755369,0.16950438194009,0.027880311889110554,0.1647695122664954
19,137.03362976716522,3837.5668472098328,54.0,-0.07493749604138895,-0.07897190550613169,-0.0744258788755369,-0.07492053737489532,0.027880311889110554,0.16705805339029053
20,172.65571807246388,3903.30306557218,54.0,-0.07493749604138895,0.15592333428009406,-0.0744258788755369,0.15481183268154308,0.027880311889110554,0.1515642756598854
21,161.89050717369193,3870.304886320098,54.0,-0.07493749604138895,0.08342967042481114,-0.0744258788755369,0.0852629609896172,0.027880311889110554,0.1579118283499187
22,169.18230311230798,3841.7481574939534,54.0,-0.07493749604138895,-0.19625048664741143,-0.0744258788755369,-0.1934262277448645,0.027880311889110554,0.16518706428468027
23,191.90109938987828,3878.2746935665655,54.0,-0.07493749604138895,-0.03622985837665003,-0.0744258788755369,-0.036251174475575826,0.027880311889110554,0.16264780150792604
24,141.44423435963492,3914.1041134189504,54.0,-0.07493749604138895,-0.018054094430682354,-0.0744258788755369,-0.018556716869634594,0.027880311889110554,0.15280131932911897
25,143.62984271407734,3856.494018898308,54.0,-0.07493749604138895,0.04037115706577476,-0.0744258788755369,0.041299867778094954,0.027880311889110554,0.15573859669562234
26,140.03220610245066,3900.631536167624,54.0,-0.07493749604138895,0.09345331949416043,-0.0744258788755369,0.10142108648779384,0.027880311889110554,0.15688907080184203
27,166.13464768580218,3894.629348195649,54.0,-0.07493749604138895,0.1529163336817059,-0.0744258788755369,0.15248984294304094,0.027880311889110554,0.14620011969743837
28,184.34237201585265,3895.6542281596544,54.0,-0.07493749604138895,0.1978776372008261,-0.0744258788755369,0.19264779851305375,0.027880311889110554,0.14770631115559266
29,201.93033620389085,3898.3572697427626,54.0,-0.07493749604138895,0.23338901535641554,-0.0744258788755369,0.22570448148724032,0.027880311889110554,0.15647914370081478
30,156.44613989927444,3875.4647167104135,54.0,-0.07493749604138895,0.18218782444258452,-0.0744258788755369,0.17947792215698527,0.027880311889110554,0.1552245907377013
31,172.2658209063685,3873.515622530464,54.0,-0.07493749604138895,0.08442022745750785,-0.0744258788755369,0.08503167076514281,0.027880311889110554,0.155440261965778
32,179.01893925451702,3867.320308590613,54.0,-0.07493749604138895,-0.04293334084483709,-0.0744258788755369,-0.038803781528453235,0.027880311889110554,0.15881565293349612
33,128.10338903664118,3851.740618485764,54.0,-0.07493749604138895,0.005186221238228651,-0.0744258788755369,0.005922155175093041,0.027880311889110554,0.16600760222464034
34,174.16005358193937,3855.0147189033455,54.0,-0.07493749604138895,-0.1785917220764624,-0.0744258788755369,-0.17516935973494988,0.027880311889110554,0.16271519252649366
35,478.15084649167727,4464.183681943689,54.0,-0.07493749604138895,-0.07287733428922855,-0.0744258788755369,-0.0649698178655223,0.027880311889110554,0.16116532065625758
36,463.0904010410905,4457.560365448071,54.0,-0.07493749604138895,-0.1520245717403786,-0.0744258788755369,-0.14764264226173138,0.027880311889110554,0.15451256333562513
37,437.3541612908576,4458.895894433887,54.0,-0.07493749604138895,0.024809527145707163,-0.0744258788755369,0.023187552266232772,0.027880311889110554,0.1589238644131479
38,413.6573433925362,4471.4083781216295,54.0,-0.07493749604138895,-0.032953026378332854,-0.0744258788755369,-0.03446533642586232,0.027880311889110554,0.17202162905386068
39,420.6163417766562,4415.183917581038,54.0,-0.07493749604138895,-0.19149427504952765,-0.0744258788755369,-0.19019786890461876,0.027880311889110554,0.16288302831193907
40,401.3841185749654,4415.951924993758,54.0,-0.07493749604138895,-0.15518788048644366,-0.0744258788755369,-0.15419185268600533,0.027880311889110554,0.17278398249089794
41,422.8827476086131,4397.34517396153,54.0,-0.07493749604138895,-0.13929401106433584,-0.0744258788755369,-0.13256890701426582,0.027880311889110554,0.16768644135082222
42,464.0768372445594,4407.064429668476,54.0,-0.07493749604138895,-0.061970537868653135,-0.0744258788755369,-0.06285153167181276,0.027880311889110554,0.14376761951763065
43,475.8317961471988,4394.399108234459,54.0,-0.07493749604138895,-0.008619679306624172,-0.0744258788755369,-0.006723651862734326,0.027880311889110554,0.15472097911475083
44,441.7352774844472,4384.348452276274,54.0,-0.07493749604138895,-0.13889107502180975,-0.0744258788755369,-0.14131946242354052,0.027880311889110554,0.15639914184174156
45,461.8257494002237,4382.902154782314,54.0,-0.07493749604138895,-0.04707456556542273,-0.0744258788755369,-0.04432142915141171,0.027880311889110554,0.15273384279513774
46,462.3096820238882,4349.882377856321,54.0,-0.07493749604138895,-0.16463940981418138,-0.0744258788755369,-0.16677158660863078,0.027880311889110554,0.1585329655567812
47,430.0693145736199,4338.606545961896,54.0,-0.07493749604138895,-0.18198859459745761,-0.0744258788755369,-0.18480953165214437,0.027880311889110554,0.15728929029208125
48,452.48668196591865,4321.181261560588,54.0,-0.07493749604138895,-0.15384627456526384,-0.0744258788755369,-0.15942586427361008,0.027880311889110554,0.14650950751314099
49,449.044917057454,4427.372863314673,54.0,-0.07493749604138895,0.0553648938781839,-0.0744258788755369,0.04965572424670725,0.027880311889110554,0.1518011239578597
50,471.4559701946234,4402.715936092695,54.0,-0.07493749604138895,-0.026163271615199067,-0.0744258788755369,-0.026545209579957325,0.027880311889110554,0.1523947118142069
51,475.5450238588451,4333.03888591012,54.0,-0.07493749604138895,-0.05074131521109949,-0.0744258788755369,-0.053781634043882365,0.027880311889110554,0.1530084350388489
52,463.9665587999344,4407.275828022564,54.0,-0.07493749604138895,-0.06378247536952986,-0.0744258788755369,-0.06496431152852392,0.027880311889110554,0.14263218080266044
53,463.2958110311122,4390.486480472092,54.0,-0.07493749604138895,-0.001244000267307953,-0.0744258788755369,0.0004439701968194422,0.027880311889110554,0.14474904556788515
54,424.7541420823547,4341.807884221032,54.0,-0.07493749604138895,-0.1962611056665481,-0.0744258788755369,-0.18948119084657022,0.027880311889110554,0.15721247108875316
55,475.200490753821,4336.125087441123,54.0,-0.07493749604138895,-0.020412140762674974,-0.0744258788755369,-0.020073541190184417,0.027880311889110554,0.15142685751810933
56,441.0471192053797,4324.965345583502,54.0,-0.07493749604138895,-0.13995995307253595,-0.0744258788755369,-0.1366623453140689,0.027880311889110554,0.16190583690345411
57,456.2761219480929,4314.689427575413,54.0,-0.07493749604138895,-0.1989347607779749,-0.0744258788755369,-0.19880706617687754,0.027880311889110554,0.15277540788646277
58,486.3913924564008,4478.416425086557,54.0,-0.07493749604138895,-0.0788190683933271,-0.0744258788755369,-0.07743670438129086,0.027880311889110554,0.16241108424476075
59,434.92773393180914,4463.423300941039,54.0,-0.07493749604138895,0.03195004274696949,-0.0744258788755369,0.030813171981412042,0.027880311889110554,0.16043376539543344
60,454.0574214945663,4458.475818282948,54.0,-0.07493749604138895,-0.11653575341315765,-0.0744258788755369,-0.11249289587098059,0.027880311889110554,0.15932823245132174
61,464.4083453145252,4461.161482502334,54.0,-0.07493749604138895,-0.16048456837969519,-0.0744258788755369,-0.15663813806577132,0.027880311889110554,0.1536176278842917
62,433.5165486821991,4418.668216363436,54.0,-0.07493749604138895,-0.046335468295403553,-0.0744258788755369,-0.04693382038785528,0.027880311889110554,0.15738591006990058
63,449.3852529635216,4425.916545048914,54.0,-0.07493749604138895,0.07726496768634197,-0.0744258788755369,0.06449610948888095,0.027880311889110554,0.15085694527129537
64,483.6599253446036,4434.678431866685,54.0,-0.07493749604138895,0.1669440673051531,-0.0744258788755369,0.16122773864830436,0.027880311889110554,0.1640269731625071
65,449.19507381456793,4393.341358041034,54.0,-0.07493749604138895,-0.015864081135377517,-0.0744258788755369,-0.01596567007787559,0.027880311889110554,0.15639953848759547
66,443.9862101028399,4377.461544255477,54.0,-0.07493749604138895,-0.08984085418834283,-0.0744258788755369,-0.09153635994300861,0.027880311889110554,0.15902442128827532
67,466.6332349019849,4378.7179507745,54.0,-0.07493749604138895,-0.035514117159467534,-0.0744258788755369,-0.0394320859104227,0.027880311889110554,0.15282150751433843
68,447.1765556096275,4356.329542239,54.0,-0.07493749604138895,-0.21663348037513605,-0.0744258788755369,-0.21439535967548637,0.027880311889110554,0.1648909349250396
69,454.3164335836594,4338.138967133773,54.0,-0.07493749604138895,-0.11640009012752667,-0.0744258788755369,-0.1235382850285747,0.027880311889110554,0.15474498767711198
70,493.6928066659663,4597.231199427339,54.0,-0.07493749604138895,0.05561855320524175,-0.0744258788755369,0.06192621195397077,0.027880311889110554,0.15975290467834033
71,484.3679695761251,4575.18604113906,54.0,-0.07493749604138895,0.05095163356044042,-0.0744258788755369,0.0534313809104259,0.027880311889110554,0.16755901698763828
72,532.2627220778933,4557.589222026572,54.0,-0.07493749604138895,0.15513361227575798,-0.0744258788755369,0.15504045619903778,0.027880311889110554,0.17423120624622263
73,523.7563279528324,4473.568851454813,54.0,-0.07493749604138895,0.07892001713668458,-0.0744258788755369,0.0769627541132386,0.027880311889110554,0.15413157724175616
74,468.6871050542589,4480.412063966041,54.0,-0.07493749604138895,-0.13240240662837605,-0.0744258788755369,-0.12987552028419663,0.027880311889110554,0.152482357146631
75,409.3824134202946,4498.936102519641,54.0,-0.07493749604138895,-0.06907965789766801,-0.0744258788755369,-0.06862997662541456,0.027880311889110554,0.16609102175043663
76,432.2908893266161,4514.445305024319,54.0,-0.07493749604138895,-0.17529689714126476,-0.0744258788755369,-0.17516049663102842,0.027880311889110554,0.1596419627404439
77,492.89260402339454,4537.916828260732,54.0,-0.07493749604138895,0.0019217018812675865,-0.0744258788755369,-0.0012795271929403403,0.027880311889110554,0.17201208819254224
78,442.1326126035325,4553.206528131934,54.0,-0.07493749604138895,-0.0510873298645602,-0.0744258788755369,-0.05374112886164081,0.027880311889110554,0.17789577135581475
79,493.1570022965957,4505.480440009388,54.0,-0.07493749604138895,-0.0040873608425760575,-0.0744258788755369,-0.009165361877940287,0.027880311889110554,0.16942043664549092
80,492.7167606133789,4597.298731191927,54.0,-0.07493749604138895,0.06120751503165251,-0.0744258788755369,0.06866911719487731,0.027880311889110554,0.15960762770596126
81,499.1284447513814,4564.733863047741,54.0,-0.07493749604138895,0.008456740434233518,-0.0744258788755369,0.015181360131840018,0.027880311889110554,0.17447511192082518
82,508.7065167837801,4522.821433130314,54.0,-0.07493749604138895,0.21908596589564075,-0.0744258788755369,0.2160284279629654,0.027880311889110554,0.1693458477012773
83,531.4531433032308,4535.094421349946,54.0,-0.07493749604138895,0.12166606358972241,-0.0744258788755369,0.12788025568588532,0.027880311889110554,0.17540552299569645
84,417.5417981826776,4510.920120596271,54.0,-0.07493749604138895,-0.11698876719533317,-0.0744258788755369,-0.11205193758327756,0.027880311889110554,0.16667502287039287
85,441.93857113184015,4512.542727438793,54.0,-0.07493749604138895,-0.15775114081980735,-0.0744258788755369,-0.1515165576315255,0.027880311889110554,0.15872085015541124
86,445.0125303850925,4496.766849919227,54.0,-0.07493749604138895,-0.16488350710694907,-0.0744258788755369,-0.16286451394920642,0.027880311889110554,0.15369886727472498
87,471.62633083117146,4495.418984338536,54.0,-0.07493749604138895,-0.14945697522078824,-0.0744258788755369,-0.15407454909067655,0.027880311889110554,0.16379621909135547
88,499.5768344061536,4492.134792576995,54.0,-0.07493749604138895,0.1271045091517304,-0.0744258788755369,0.11994966822719008,0.027880311889110554,0.1535589495165882
89,513.0918490821646,4492.656885412151,54.0,-0.07493749604138895,0.18633446762607284,-0.0744258788755369,0.18375311873240135,0.027880311889110554,0.1593958118635161
90,537.6705968009035,4492.163362940774,54.0,-0.07493749604138895,0.03517266809900991,-0.0744258788755369,0.04374143525992276,0.027880311889110554,0.17279683634549903
91,438.40901748778265,4488.9257188186375,54.0,-0.07493749604138895,-0.12600251602811077,-0.0744258788755369,-0.12439709447268134,0.027880311889110554,0.16023707454657032
92,462.4116040953599,4481.584286994828,54.0,-0.07493749604138895,-0.10263858529851412,-0.0744258788755369,-0.10211645838605754,0.027880311889110554,0.1438738892132967
93,507.8253002981468,4479.085241861512,54.0,-0.07493749604138895,0.21273980457317074,-0.0744258788755369,0.21553116181080095,0.027880311889110554,0.16001729266709597
94,528.6107835631166,4477.670618395726,54.0,-0.07493749604138895,0.07479317474229293,-0.0744258788755369,0.08082553417137639,0.027880311889110554,0.15558091818623793
95,501.2323511637488,4460.633465574921,54.0,-0.07493749604138895,0.23011329917480347,-0.0744258788755369,0.23240431992788685,0.027880311889110554,0.168878627737313
96,438.2680378591523,3890.741886506603,54.0,-0.07493749604138895,-0.324529757775772,-0.0744258788755369,-0.3231686186407311,0.027880311889110554,0.16536098950508218
97,399.3173244151503,3863.428141230935,54.0,-0.07493749604138895,-0.29657137679753404,-0.0744258788755369,-0.2982602392507118,0.027880311889110554,0.1823567836099587
98,483.9940430056478,3954.482440948912,54.0,-0.07493749604138895,-0.2348195610557476,-0.0744258788755369,-0.23060916432395617,0.027880311889110554,0.17659389968529832
99,405.70298123725416,3888.881550381844,54.0,-0.07493749604138895,-0.49079192867783245,-0.0744258788755369,-0.48259010556559057,0.027880311889110554,0.1777078769895231
100,439.8810999468909,3892.2504618222415,54.0,-0.07493749604138895,-0.29061678276979247,-0.0744258788755369,-0.2854629200344546,0.027880311889110554,0.1670006461544193
101,417.93323151559457,3883.194833483968,54.0,-0.07493749604138895,-0.5293307539909313,-0.0744258788755369,-0.5315245935607928,0.027880311889110554,0.18117464616864043
102,-211.8566308583572,3780.2278417033567,54.0,-0.07493749604138895,-0.01197975372049384,-0.0744258788755369,-0.011638211872801008,0.027880311889110554,0.1663749481237514
103,-232.50749778238068,3782.3671187936193,54.0,-0.07493749604138895,0.011266547840167892,-0.0744258788755369,0.012238957135626848,0.027880311889110554,0.1572119383798794
104,-249.434903675779,3769.226507874873,54.0,-0.07493749604138895,-0.12315767765924318,-0.0744258788755369,-0.12479113184755244,0.027880311889110554,0.16212966992642583
105,-242.0482437829181,3751.134167359726,54.0,-0.07493749604138895,0.0153932131519172,-0.0744258788755369,0.01765532386276105,0.027880311889110554,0.1501097440959264
106,-266.50826610237664,3773.10118133424,54.0,-0.07493749604138895,-0.06532243979750103,-0.0744258788755369,-0.06501034721374396,0.027880311889110554,0.17334463204488423
107,-261.851117436295,3751.731866216136,54.0,-0.07493749604138895,-0.09456980716944435,-0.0744258788755369,-0.09565707746290072,0.027880311889110554,0.15486170295068402
108,-273.54552490604937,3732.368951402428,54.0,-0.07493749604138895,-0.16151039066582668,-0.0744258788755369,-0.1556269139385591,0.027880311889110554,0.164555940579891
109,-286.40547055304944,3707.690202627389,54.0,-0.07493749604138895,0.02002331832578341,-0.0744258788755369,0.013303391592814597,0.027880311889110554,0.16510763762511962
110,-327.7012512573552,3730.286516472573,54.0,-0.07493749604138895,-0.013292978757374879,-0.0744258788755369,-0.019179009508477174,0.027880311889110554,0.17293738668197234
111,-295.27916453833205,3677.430347998145,54.0,-0.07493749604138895,0.1284537331090403,-0.0744258788755369,0.12844483684302838,0.027880311889110554,0.17606631048147295
112,-289.54441480579004,3689.328351131421,54.0,-0.07493749604138895,0.15312638838380738,-0.0744258788755369,0.15148146289981082,0.027880311889110554,0.17197398341053022
113,-180.1634550721395,3777.199243510129,54.0,-0.07493749604138895,0.0075643190451655015,-0.0744258788755369,0.005013265520059594,0.027880311889110554,0.16963483184478445
114,-234.43386839926305,3779.796387654249,54.0,-0.07493749604138895,-0.0015691186675809417,-0.0744258788755369,-0.0011404553986598155,0.027880311889110554,0.1558358894187373
115,-260.50809694938306,3760.451821500796,54.0,-0.07493749604138895,-0.10751828390551961,-0.0744258788755369,-0.10767785681627853,0.027880311889110554,0.15956892927730837
116,-264.3272909714222,3718.592099740594,54.0,-0.07493749604138895,-0.14472805408208853,-0.0744258788755369,-0.14298232669657313,0.027880311889110554,0.1597179093070306
117,-267.51083232093475,3737.598467303164,54.0,-0.07493749604138895,-0.1790079730704311,-0.0744258788755369,-0.17847868773432637,0.027880311889110554,0.15445511012297666
118,-243.5468369526614,3739.808061808414,54.0,-0.07493749604138895,-0.029578553319484453,-0.0744258788755369,-0.02748568601338141,0.027880311889110554,0.15811148245143836
119,-232.63202339448617,3812.066692082,54.0,-0.07493749604138895,0.2443913972097017,-0.0744258788755369,0.2469403328414806,0.027880311889110554,0.1747405917925934
120,64.52109444086341,4019.163586406923,54.0,-0.07493749604138895,0.14176346919850688,-0.0744258788755369,0.1465127608768001,0.027880311889110554,0.1710963022542202
121,50.64002016635105,3999.750500246569,54.0,-0.07493749604138895,0.13405173835980624,-0.0744258788755369,0.13104406455919276,0.027880311889110554,0.1637042735812376
122,64.39756801276334,3984.373306734942,54.0,-0.07493749604138895,0.11010659358455976,-0.0744258788755369,0.11414822821228612,0.027880311889110554,0.1602509147179135
123,65.97166449095862,3969.425317258588,54.0,-0.07493749604138895,0.13332126955794849,-0.0744258788755369,0.1283566373203956,0.027880311889110554,0.16277422879900616
124,109.02350281496352,3982.61103169607,54.0,-0.07493749604138895,0.18107701583576927,-0.0744258788755369,0.18096856884961682,0.027880311889110554,0.14797994995845215
125,82.325137979417,4004.513518976007,54.0,-0.07493749604138895,0.13569322411818624,-0.0744258788755369,0.14339533859436857,0.027880311889110554,0.16630655448247186
126,53.90910149208794,3989.530166634408,54.0,-0.07493749604138895,0.12432891845643465,-0.0744258788755369,0.1254729603158163,0.027880311889110554,0.1582030180078527
127,111.96084943887492,3986.0180498356895,54.0,-0.07493749604138895,0.1468859795234585,-0.0744258788755369,0.14346551715397438,0.027880311889110554,0.147755372713306
128,34.82625588277541,3947.134417683412,54.0,-0.07493749604138895,-0.030864962503168048,-0.0744258788755369,-0.03261660357369295,0.027880311889110554,0.1687578914286762
129,49.8779388519763,3955.3007840830455,54.0,-0.07493749604138895,0.011426166305792188,-0.0744258788755369,0.009629178392669942,0.027880311889110554,0.16727413263896948
130,-0.5652269469219027,3941.476215702092,54.0,-0.07493749604138895,-0.03502636870519637,-0.0744258788755369,-0.04382600016908314,0.027880311889110554,0.1635087303344625
131,21.2636292335316,3936.559139808564,54.0,-0.07493749604138895,-0.009648177878192294,-0.0744258788755369,-0.010462567044003734,0.027880311889110554,0.16942816126911697
132,-472.7063867237094,3794.624663755236,54.0,-0.07493749604138895,-0.02609865623451479,-0.0744258788755369,-0.027045435525715193,0.027880311889110554,0.156395624883274
133,-454.57744224532297,3790.9468804560206,54.0,-0.07493749604138895,-0.04165212571536689,-0.0744258788755369,-0.040564392923739506,0.027880311889110554,0.16336104918929203
134,-436.2546998600079,3789.799142470708,54.0,-0.07493749604138895,-0.01677462426079347,-0.0744258788755369,-0.014916263663487458,0.027880311889110554,0.15252520279527576
135,-504.5462110094208,3766.186552768168,54.0,-0.07493749604138895,-0.1280585248356517,-0.0744258788755369,-0.12522251892782765,0.027880311889110554,0.1670354635554164
136,-443.5646973918035,3761.1490715057776,54.0,-0.07493749604138895,0.0842287694573252,-0.0744258788755369,0.08797760133566446,0.027880311889110554,0.15400033228853732
137,-475.9655548015333,3755.796978713459,54.0,-0.07493749604138895,-0.03455091324116822,-0.0744258788755369,-0.03133613223704544,0.027880311889110554,0.15911715977949736
138,-462.5032919906173,3746.350913748881,54.0,-0.07493749604138895,-0.10495108964629797,-0.0744258788755369,-0.10452612424090231,0.027880311889110554,0.15217978974408375
139,-474.86736635734536,3725.243820232357,54.0,-0.07493749604138895,-0.08609405532046226,-0.0744258788755369,-0.08445397048939157,0.027880311889110554,0.1611536364471422
140,-487.9015772866081,3702.963769094903,54.0,-0.07493749604138895,0.0702862001955972,-0.0744258788755369,0.06721834041390734,0.027880311889110554,0.15626822187882977
141,-428.38160283911657,3794.933062201984,54.0,-0.07493749604138895,-0.030950134130695944,-0.0744258788755369,-0.031054027428261844,0.027880311889110554,0.15495999529536497
142,-472.0782964220537,3762.796794072937,54.0,-0.07493749604138895,0.05074339269054451,-0.0744258788755369,0.048467270635380956,0.027880311889110554,0.1604923347732415
143,-453.95203478698,3759.8842648612144,54.0,-0.07493749604138895,0.05220882422014408,-0.0744258788755369,0.05670063439320752,0.027880311889110554,0.15309429650973053
144,-435.0261385222271,3755.544747653654,54.0,-0.07493749604138895,0.21064615574458884,-0.0744258788755369,0.2064171873463921,0.027880311889110554,0.16021820872560485
145,-417.1161916408624,3760.9208472899154,54.0,-0.07493749604138895,0.11277027596873329,-0.0744258788755369,0.11269658743719571,0.027880311889110554,0.16012662717604914
146,-447.1102371639245,3749.537456281792,54.0,-0.07493749604138895,0.14318478756618416,-0.0744258788755369,0.14080011973083978,0.027880311889110554,0.15636488126492434
147,-469.39782637970393,3795.140930301476,54.0,-0.07493749604138895,-0.03441329393994361,-0.0744258788755369,-0.03761424089174176,0.027880311889110554,0.15709309368528956
148,-450.1291765078887,3729.97633086938,54.0,-0.07493749604138895,-0.050250576848605316,-0.0744258788755369,-0.04655108809457384,0.027880311889110554,0.16050921871321366
149,492.9214799806672,4183.062189969636,54.0,-0.07493749604138895,0.1483685337865831,-0.0744258788755369,0.14238552559141482,0.027880311889110554,0.15844621180387283
150,464.921538708197,4188.681460967267,54.0,-0.07493749604138895,0.17277466136823613,-0.0744258788755369,0.17064083393137647,0.027880311889110554,0.16380849815426463
151,476.5976490413603,4170.33335841454,54.0,-0.07493749604138895,0.2023992769101698,-0.0744258788755369,0.20155738710602925,0.027880311889110554,0.15541681317809877
152,498.6677789749425,4165.707185554278,54.0,-0.07493749604138895,0.1452901275735057,-0.0744258788755369,0.1456449923179845,0.027880311889110554,0.15931617378538107
153,478.6811791095061,4150.712583205254,54.0,-0.07493749604138895,0.17681046474434825,-0.0744258788755369,0.17860162320053058,0.027880311889110554,0.14182945497908955
154,496.7431763964692,4139.924546025713,54.0,-0.07493749604138895,-0.014257085190579397,-0.0744258788755369,-0.009829514148852914,0.027880311889110554,0.15464553050235072
155,461.6768199290148,4143.362401904764,54.0,-0.07493749604138895,0.20547620070125128,-0.0744258788755369,0.21038700795618842,0.027880311889110554,0.14569701417521466
156,467.6333421217994,4125.7528114568895,54.0,-0.07493749604138895,0.11573266402709668,-0.0744258788755369,0.11540046694110812,0.027880311889110554,0.1483142352797391
157,500.1419238902247,4120.853453272017,54.0,-0.07493749604138895,-0.09906365050954155,-0.0744258788755369,-0.09767833571277534,0.027880311889110554,0.16677182533902943
158,491.42406278110894,4104.982822863553,54.0,-0.07493749604138895,-0.1782627183163099,-0.0744258788755369,-0.17428570611999755,0.027880311889110554,0.1672596860328843
159,448.0139883248622,4082.429338471364,54.0,-0.07493749604138895,-0.04848418583279055,-0.0744258788755369,-0.048368054092789735,0.027880311889110554,0.15915820198467792
160,444.6278396674389,4097.460747584184,54.0,-0.07493749604138895,-0.10009356885337699,-0.0744258788755369,-0.09764330306103854,0.027880311889110554,0.17273247269099073
161,450.2869634852289,4161.9176246461175,54.0,-0.07493749604138895,0.1830993592190381,-0.0744258788755369,0.18017245572376744,0.027880311889110554,0.16219204780283197
162,402.5205221667404,4129.574604513392,54.0,-0.07493749604138895,0.08048468585918787,-0.0744258788755369,0.07642003086663551,0.027880311889110554,0.15537998934423872
163,382.72760047919166,4103.451630849024,54.0,-0.07493749604138895,0.03267746825758689,-0.0744258788755369,0.030740216667538435,0.027880311889110554,0.14885885511947963
164,355.89235360691384,4097.862836751869,54.0,-0.07493749604138895,0.1937832030272244,-0.0744258788755369,0.1887634960560597,0.027880311889110554,0.14905959080684147
165,368.5042753278341,4146.164635417134,54.0,-0.07493749604138895,-0.08121586561398944,-0.0744258788755369,-0.08298780124695633,0.027880311889110554,0.16254096264643128
166,483.4527706543433,4132.207737141582,54.0,-0.07493749604138895,-0.04500002566140757,-0.0744258788755369,-0.040537288904703664,0.027880311889110554,0.15909819221035454
167,386.806017351092,4179.57604157623,54.0,-0.07493749604138895,0.020179507150671083,-0.0744258788755369,0.01298722181044892,0.027880311889110554,0.1578554566508928
168,401.4932788272162,4176.635388358298,54.0,-0.07493749604138895,-0.0416621055459825,-0.0744258788755369,-0.04636229522514919,0.027880311889110554,0.15943890886952822
169,389.9604697213796,4163.03171392889,54.0,-0.07493749604138895,-0.06704659869646717,-0.0744258788755369,-0.06513661880518622,0.027880311889110554,0.1498119559554661
170,394.9748241590559,4145.544797531951,54.0,-0.07493749604138895,0.01602725698684995,-0.0744258788755369,0.01287730672478256,0.027880311889110554,0.16432490504800834
171,400.0129569713684,4123.689989750867,54.0,-0.07493749604138895,0.05159086733464882,-0.0744258788755369,0.05528979904435994,0.027880311889110554,0.15529193235175084
172,368.6002895440568,4115.012049920167,54.0,-0.07493749604138895,0.06071007611322874,-0.0744258788755369,0.06532163394544269,0.027880311889110554,0.16876270576524843
173,355.472496002833,4097.248517477484,54.0,-0.07493749604138895,0.19382000131230873,-0.0744258788755369,0.18900886821172386,0.027880311889110554,0.15079913226266253
174,430.3589859894354,4126.467692831069,54.0,-0.07493749604138895,0.16212331450713452,-0.0744258788755369,0.16127072966466494,0.027880311889110554,0.1629456057590928
175,449.2000034266989,4134.187260300013,54.0,-0.07493749604138895,0.20428481469018678,-0.0744258788755369,0.19926231426877955,0.027880311889110554,0.16063655430656124
176,419.46889643673006,4113.184483667058,54.0,-0.07493749604138895,0.1845069537448442,-0.0744258788755369,0.18247014563836808,0.027880311889110554,0.16379887631195997
177,441.3058323016815,4117.330786645255,54.0,-0.07493749604138895,0.12223394599483181,-0.0744258788755369,0.11862393262578166,0.027880311889110554,0.1540129512474027
178,461.8757609389279,4119.020701517225,54.0,-0.07493749604138895,0.11544207639235662,-0.0744258788755369,0.11031473724280272,0.027880311889110554,0.15478412962229046
179,463.0991676542265,4094.409156956978,54.0,-0.07493749604138895,0.05627908449651893,-0.0744258788755369,0.06539862857471826,0.027880311889110554,0.1657910351612391
180,497.349430140396,4097.801429893575,54.0,-0.07493749604138895,-0.19527924519218628,-0.0744258788755369,-0.19044436802057044,0.027880311889110554,0.17144880020810194
181,427.0875297765728,4166.871477716365,54.0,-0.07493749604138895,-0.04165261573811246,-0.0744258788755369,-0.041551783150368296,0.027880311889110554,0.1665527238677279
182,445.0921586695306,4179.847078147817,54.0,-0.07493749604138895,0.07322772548853247,-0.0744258788755369,0.07186106876021808,0.027880311889110554,0.16566887066646002
183,464.4918658899569,4168.568037566508,54.0,-0.07493749604138895,0.171335376108586,-0.0744258788755369,0.16830794159331636,0.027880311889110554,0.1502142252684029
184,459.1578980508352,4149.265568710596,54.0,-0.07493749604138895,0.2225500384628594,-0.0744258788755369,0.22474703371974974,0.027880311889110554,0.1474285064816872
185,475.4797026759927,4147.082451233341,54.0,-0.07493749604138895,0.1780286002678052,-0.0744258788755369,0.18096792012947216,0.027880311889110554,0.1433680821862392
186,498.85963272442586,4149.354031148768,54.0,-0.07493749604138895,0.04409583519769518,-0.0744258788755369,0.044508334321595205,0.027880311889110554,0.15897183252544797
187,350.7173577542719,4134.155684330466,54.0,-0.07493749604138895,-0.06481426473483712,-0.0744258788755369,-0.06021957125316003,0.027880311889110554,0.16416745005895356
188,131.46744279750484,4022.1752609204777,54.0,-0.07493749604138895,0.11203046777805767,-0.0744258788755369,0.11172946264891667,0.027880311889110554,0.140683939039124
189,142.92374259500085,4021.607757539198,54.0,-0.07493749604138895,0.05930344631342809,-0.0744258788755369,0.06978103626577437,0.027880311889110554,0.148852988101171
190,167.98837729426415,4027.149371312973,54.0,-0.07493749604138895,-0.03779150010901264,-0.0744258788755369,-0.03682401352694839,0.027880311889110554,0.15159785289020156
191,187.05359221279923,4017.21674433976,54.0,-0.07493749604138895,0.04519350410205624,-0.0744258788755369,0.044804008609385236,0.027880311889110554,0.14595307634339327
192,162.7302657389057,4007.499501585424,54.0,-0.07493749604138895,0.043418801637119614,-0.0744258788755369,0.042223307772491725,0.027880311889110554,0.14034548653439646
193,162.64141812057804,3985.038793359939,54.0,-0.07493749604138895,0.10841222104997707,-0.0744258788755369,0.10816126808599072,0.027880311889110554,0.14336570384783612
194,160.65340157556597,3968.598112467385,54.0,-0.07493749604138895,0.11580262635967875,-0.0744258788755369,0.1158376030010534,0.027880311889110554,0.13751079919747167
195,136.56628878569435,3964.708171074401,54.0,-0.07493749604138895,0.22971997162528082,-0.0744258788755369,0.22322318504454247,0.027880311889110554,0.14927017393970893
196,91.3677403813582,3953.0176969902304,54.0,-0.07493749604138895,0.27019047873784163,-0.0744258788755369,0.2636208167881701,0.027880311889110554,0.15900546111788402
197,152.51651964535588,3953.440781658878,54.0,-0.07493749604138895,0.12868229889641258,-0.0744258788755369,0.1303882295094544,0.027880311889110554,0.14553811271626882
198,176.41135512934196,3951.860447410247,54.0,-0.07493749604138895,-0.03429097651716688,-0.0744258788755369,-0.03661159450315296,0.027880311889110554,0.15814132423856042
199,128.91722771380137,3941.241308419875,54.0,-0.07493749604138895,0.03992121967843939,-0.0744258788755369,0.04130631264977544,0.027880311889110554,0.14273423966112275
200,148.1263215529927,3940.12948749086,54.0,-0.07493749604138895,0.015133704919737137,-0.0744258788755369,0.011216607720840516,0.027880311889110554,0.14712118155493126
201,182.4648258664013,3932.874764215047,54.0,-0.07493749604138895,0.06831757704129852,-0.0744258788755369,0.07070021214995673,0.027880311889110554,0.14646481557985153
202,173.58386476794828,3928.838452489801,54.0,-0.07493749604138895,0.038659161569492215,-0.0744258788755369,0.03689728307166398,0.027880311889110554,0.144195333419976
203,136.87238558022665,3929.4849208670153,54.0,-0.07493749604138895,-0.029889935205737204,-0.0744258788755369,-0.02914836470031484,0.027880311889110554,0.13877100243782545
204,88.05299375847291,3913.886748310508,54.0,-0.07493749604138895,-0.11975295971159729,-0.0744258788755369,-0.11965272069254948,0.027880311889110554,0.1486901053860569
205,156.24135505481868,3922.6741068498113,54.0,-0.07493749604138895,0.05596239454377099,-0.0744258788755369,0.055936288885749245,0.027880311889110554,0.14753962722054634
206,171.44635452375624,3912.403444300099,54.0,-0.07493749604138895,0.138778383904557,-0.0744258788755369,0.132258134618636,0.027880311889110554,0.14775453837323876
207,118.65252903866116,3961.4694151676936,54.0,-0.07493749604138895,0.13892901772789432,-0.0744258788755369,0.13624247398530148,0.027880311889110554,0.13935303656638282
208,114.09596867009677,3946.963824253541,54.0,-0.07493749604138895,0.10262728887344227,-0.0744258788755369,0.09808611385363233,0.027880311889110554,0.14237821927386957
209,102.69447175575694,3952.059237909345,54.0,-0.07493749604138895,0.1999625331635852,-0.0744258788755369,0.20080710517724865,0.027880311889110554,0.15294159717990355
210,158.3478750756896,4017.808096291382,54.0,-0.07493749604138895,-0.04119113272309005,-0.0744258788755369,-0.038475483601838084,0.027880311889110554,0.14674936598798285
211,135.0015657158357,3998.808026349948,54.0,-0.07493749604138895,0.16881176010029367,-0.0744258788755369,0.16642126157825787,0.027880311889110554,0.155261242962303
212,118.44136868770892,3937.0570745757655,54.0,-0.07493749604138895,-0.02441838995458363,-0.0744258788755369,-0.015162382872581655,0.027880311889110554,0.14894675095743243
213,85.39288283212471,3928.9727849799824,54.0,-0.07493749604138895,0.08815849219978261,-0.0744258788755369,0.08206945867762089,0.027880311889110554,0.15372539663310872
214,135.20902570174414,3972.88068595065,54.0,-0.07493749604138895,0.1848356390991681,-0.0744258788755369,0.1896778251337835,0.027880311889110554,0.15590977893425947
215,108.83889360773516,3912.225849147117,54.0,-0.07493749604138895,-0.06760653237118473,-0.0744258788755369,-0.06487619925057292,0.027880311889110554,0.16664300820170597
216,174.48322464441975,4031.9823677236704,54.0,-0.07493749604138895,-0.07632374552234707,-0.0744258788755369,-0.07375796886255341,0.027880311889110554,0.15695246535023924
217,159.43739905401296,3933.477616981658,54.0,-0.07493749604138895,0.07799364372290038,-0.0744258788755369,0.07799859335713086,0.027880311889110554,0.14513358046497662
218,84.41627726602805,3949.6460271760247,54.0,-0.07493749604138895,0.3069585596085376,-0.0744258788755369,0.3001975457343996,0.027880311889110554,0.1655620554408701
219,131.47690223101853,4022.1859800698,54.0,-0.07493749604138895,0.11159811683770152,-0.0744258788755369,0.11015114964480657,0.027880311889110554,0.14067898108510166
220,187.053991585138,4017.227842472392,54.0,-0.07493749604138895,0.045220968777234694,-0.0744258788755369,0.045807926547076494,0.027880311889110554,0.14597809646286075
221,159.89027933223167,4005.408777123752,54.0,-0.07493749604138895,0.069739453072749,-0.0744258788755369,0.06871513888109947,0.027880311889110554,0.143973725482425
222,170.7980045065533,4000.56721463194,54.0,-0.07493749604138895,0.1061785094458151,-0.0744258788755369,0.10110196615342043,0.027880311889110554,0.14899019646423337
223,127.73251775700308,3986.4369142934142,54.0,-0.07493749604138895,0.16023134056157062,-0.0744258788755369,0.1633981518652688,0.027880311889110554,0.15445949025212818
224,152.43970563423912,3979.6112015162767,54.0,-0.07493749604138895,0.16043659456574466,-0.0744258788755369,0.16187449375336854,0.027880311889110554,0.1524505067567553
225,174.71523540000473,3992.374315235834,54.0,-0.07493749604138895,0.08254775359078362,-0.0744258788755369,0.08251357416225764,0.027880311889110554,0.15454241653015519
226,161.36958893878008,3968.148276780728,54.0,-0.07493749604138895,0.1137748627110341,-0.0744258788755369,0.10941081116093314,0.027880311889110554,0.1377894456487432
227,134.4228366966098,3954.478339318272,54.0,-0.07493749604138895,0.21627961634059864,-0.0744258788755369,0.2174198564635916,0.027880311889110554,0.14419857388198024
228,147.43696333343436,3954.1411790196416,54.0,-0.07493749604138895,0.17206280843435542,-0.0744258788755369,0.171826623876492,0.027880311889110554,0.14614334928246994
229,118.65300674518,3961.480515731901,54.0,-0.07493749604138895,0.13951431347689267,-0.0744258788755369,0.13779000551867226,0.027880311889110554,0.13917514475366857
230,166.63803351620655,3950.276785677188,54.0,-0.07493749604138895,0.04347119880587786,-0.0744258788755369,0.043630618498427656,0.027880311889110554,0.14982680468762186
231,102.08049116011732,3939.728583899344,54.0,-0.07493749604138895,0.10653181748028642,-0.0744258788755369,0.11061678812725026,0.027880311889110554,0.1538082544207475
232,125.50396993450582,3926.5617673616193,54.0,-0.07493749604138895,-0.061447344553670256,-0.0744258788755369,-0.06332668737731656,0.027880311889110554,0.14889454861446838
233,137.28112544023642,3930.5912278669,54.0,-0.07493749604138895,-0.023467127874989037,-0.0744258788755369,-0.019800981328499043,0.027880311889110554,0.13652378935325193
234,179.67090940770512,3929.463131396641,54.0,-0.07493749604138895,0.07538336564904782,-0.0744258788755369,0.07782811005619804,0.027880311889110554,0.13759450689751598
235,88.2681727690951,3915.200775925912,54.0,-0.07493749604138895,-0.11402618996043062,-0.0744258788755369,-0.11401155490628409,0.027880311889110554,0.14901117892165575
236,341.5724936781372,4071.071754032602,54.0,-0.07493749604138895,0.246070432706524,-0.0744258788755369,0.24477150374363849,0.027880311889110554,0.1601080233364596
237,284.64002970112773,4055.1089548280224,54.0,-0.07493749604138895,0.026395089093729257,-0.0744258788755369,0.025745783053382265,0.027880311889110554,0.16084828945443386
238,298.71808334848726,4042.900299437067,54.0,-0.07493749604138895,0.019262108081351606,-0.0744258788755369,0.01394370372220748,0.027880311889110554,0.16755339172733258
239,295.49475046157585,4024.814807490681,54.0,-0.07493749604138895,0.06098776867476115,-0.0744258788755369,0.06408528815329859,0.027880311889110554,0.15442816737393567
240,298.4942841222434,4011.6459546344126,54.0,-0.07493749604138895,0.1462518796428436,-0.0744258788755369,0.14949958228103627,0.027880311889110554,0.15192992778904593
241,313.25635416495834,3998.830416275237,54.0,-0.07493749604138895,0.10381431506838822,-0.0744258788755369,0.10125557249644092,0.027880311889110554,0.1397337898460907
242,340.1371375561863,4063.06336212007,54.0,-0.07493749604138895,0.19963759059526856,-0.0744258788755369,0.1987395194047477,0.027880311889110554,0.1600604413333661
243,278.252957276231,4041.337412517816,54.0,-0.07493749604138895,0.035131750768011054,-0.0744258788755369,0.024834541765129982,0.027880311889110554,0.16506883668309158
244,312.8233748838626,4054.8922790732095,54.0,-0.07493749604138895,-0.0901169082062649,-0.0744258788755369,-0.09284048951936014,0.027880311889110554,0.17378056042796142
245,295.92345652296734,4012.471765436985,54.0,-0.07493749604138895,0.12037835045671445,-0.0744258788755369,0.12511243170689654,0.027880311889110554,0.1499689996868554
246,313.2916641340094,4017.6982104419535,54.0,-0.07493749604138895,0.028403550498852067,-0.0744258788755369,0.03678423258042435,0.027880311889110554,0.16347025569457546
247,312.224459853089,4001.93805851142,54.0,-0.07493749604138895,0.09962911152997254,-0.0744258788755369,0.09870222769312503,0.027880311889110554,0.1461423734188403
248,327.306343705716,4081.3155709764615,54.0,-0.07493749604138895,0.06623054023003883,-0.0744258788755369,0.06460979820545312,0.027880311889110554,0.156658303446581
249,349.69763252524416,4039.951949456995,54.0,-0.07493749604138895,0.18634262506823565,-0.0744258788755369,0.18896146449289686,0.027880311889110554,0.17196091777077493
250,600.7045020356894,4728.578327237054,54.0,-0.07493749604138895,-0.2623364372865212,-0.0744258788755369,-0.25718790240044026,0.027880311889110554,0.14834180980970108
251,615.0972380746283,4729.136044277722,54.0,-0.07493749604138895,-0.24803133034662342,-0.0744258788755369,-0.24946203059963956,0.027880311889110554,0.15687361502771305
252,610.9322177974102,4716.550120256336,54.0,-0.07493749604138895,-0.231116627099716,-0.0744258788755369,-0.22481582162313007,0.027880311889110554,0.15579760114881142
253,585.2799478976351,4707.2142580438485,54.0,-0.07493749604138895,-0.16759772889861763,-0.0744258788755369,-0.16561917114070174,0.027880311889110554,0.16383833396359923
254,626.7173557268542,4717.2978723062015,54.0,-0.07493749604138895,-0.19724797084292098,-0.0744258788755369,-0.19765070511655763,0.027880311889110554,0.1625627897658029
255,611.7833747678618,4689.5072732073895,54.0,-0.07493749604138895,-0.3067547300310288,-0.0744258788755369,-0.3111054911293356,0.027880311889110554,0.16577180423256738
256,658.3837731695672,4666.320521897435,54.0,-0.07493749604138895,-0.15896639753328323,-0.0744258788755369,-0.15565956193245833,0.027880311889110554,0.16845381310198587
257,614.1078240497995,4759.599537053033,54.0,-0.07493749604138895,-0.24531870740786393,-0.0744258788755369,-0.2375906641754539,0.027880311889110554,0.1596298425681531
258,709.7868194729853,4851.286536622527,54.0,-0.07493749604138895,-0.18868749075411345,-0.0744258788755369,-0.1836512798315421,0.027880311889110554,0.16955433985421137
259,707.8319490604442,4838.528995008403,54.0,-0.07493749604138895,-0.1838123123669485,-0.0744258788755369,-0.18247493885925958,0.027880311889110554,0.15661893398331686
260,743.9056275573591,4843.618383029032,54.0,-0.07493749604138895,-0.13241566040019206,-0.0744258788755369,-0.1269797111136955,0.027880311889110554,0.16862775661810633
261,762.3183109776259,4879.314608845601,54.0,-0.07493749604138895,-0.028309685868892865,-0.0744258788755369,-0.0337512190488674,0.027880311889110554,0.16038776054107898
262,820.1121867911606,4887.409658363325,54.0,-0.07493749604138895,0.07845018334035375,-0.0744258788755369,0.07586705489611763,0.027880311889110554,0.15436972468485802
263,686.117062037542,4838.322673380027,54.0,-0.07493749604138895,-0.13162321175985586,-0.0744258788755369,-0.1319629640789984,0.027880311889110554,0.16202694208453508
264,839.9666946806605,4892.4253643392085,54.0,-0.07493749604138895,0.052718040493393466,-0.0744258788755369,0.04688532559809211,0.027880311889110554,0.16363484932391
265,835.7138504834124,4882.651568351076,54.0,-0.07493749604138895,0.0648477136459781,-0.0744258788755369,0.06741767668539941,0.027880311889110554,0.16131146018523126
266,820.8837607778523,4830.121101450797,54.0,-0.07493749604138895,0.2968689314918612,-0.0744258788755369,0.2910174781946677,0.027880311889110554,0.15524946663017844
267,845.9654275779601,4795.464012288639,54.0,-0.07493749604138895,0.22176307419244612,-0.0744258788755369,0.21952209957895988,0.027880311889110554,0.16550204430830778
268,867.3492606095851,4792.378098334041,54.0,-0.07493749604138895,0.1249365893014808,-0.0744258788755369,0.12661975466205033,0.027880311889110554,0.17413519951021775
269,872.9571364917919,4808.047677891233,54.0,-0.07493749604138895,0.16602934248803514,-0.0744258788755369,0.16547723215713317,0.027880311889110554,0.1767586629407124
270,889.1341090380087,4812.894460811884,54.0,-0.07493749604138895,0.20203889498213964,-0.0744258788755369,0.19658964107840288,0.027880311889110554,0.17682583663607712
271,836.1977774156197,4777.614491614041,54.0,-0.07493749604138895,0.13243046574815953,-0.0744258788755369,0.13177019451458982,0.027880311889110554,0.17129299620001706
272,791.9618452812189,4800.791116098234,54.0,-0.07493749604138895,0.2962987964473321,-0.0744258788755369,0.29552092884192493,0.027880311889110554,0.1534663140537385
273,769.9822830042261,4792.05829740607,54.0,-0.07493749604138895,0.4013998392948084,-0.0744258788755369,0.40118675155206684,0.027880311889110554,0.1557966818493151
274,733.5001364322503,4748.586620355318,54.0,-0.07493749604138895,0.16682719232201323,-0.0744258788755369,0.16877895275897836,0.027880311889110554,0.1742541572150782
275,735.121237879597,4781.5539469831065,54.0,-0.07493749604138895,0.0833723431070491,-0.0744258788755369,0.08011665087517486,0.027880311889110554,0.14790941227107762
276,722.2932557621302,4816.856741328317,54.0,-0.07493749604138895,0.05993596974224515,-0.0744258788755369,0.06364144483007056,0.027880311889110554,0.1497748500225208
277,707.3848569786213,4791.034976103771,54.0,-0.07493749604138895,0.1850651477076869,-0.0744258788755369,0.1826232844765399,0.027880311889110554,0.15091049265775786
278,712.9980031901063,4777.612970571223,54.0,-0.07493749604138895,0.15309985129960577,-0.0744258788755369,0.15708996515721016,0.027880311889110554,0.14028095569765947
279,699.7932708640618,4755.760924905943,54.0,-0.07493749604138895,0.16201905469840647,-0.0744258788755369,0.1608398679860888,0.027880311889110554,0.16178798830865565
280,686.8965221818985,4798.831092361476,54.0,-0.07493749604138895,0.012326924962301871,-0.0744258788755369,0.012320032433220409,0.027880311889110554,0.167869746743069
281,680.6398356896284,4755.541084095308,54.0,-0.07493749604138895,0.09048138059635011,-0.0744258788755369,0.09339613628731055,0.027880311889110554,0.1668402997247734
282,698.5462369914484,4721.24792534284,54.0,-0.07493749604138895,0.10499442493497743,-0.0744258788755369,0.09782566297787547,0.027880311889110554,0.17083336771740418
283,687.2411309135879,4707.631508201332,54.0,-0.07493749604138895,0.11703322117525028,-0.0744258788755369,0.11400527790334569,0.027880311889110554,0.16926702419900566
284,690.6183360672042,4684.164100497674,54.0,-0.07493749604138895,0.16376490422136375,-0.0744258788755369,0.16177654727996824,0.027880311889110554,0.17400909374459497
285,618.2919098528059,4748.229002741738,54.0,-0.07493749604138895,-0.25667639537649584,-0.0744258788755369,-0.2483539563509421,0.027880311889110554,0.16105715390318692
286,606.2075985001995,4731.370763159866,54.0,-0.07493749604138895,-0.2629745479522968,-0.0744258788755369,-0.26346119129549206,0.027880311889110554,0.14672575236824248
287,592.7991030181048,4715.751040197805,54.0,-0.07493749604138895,-0.2654056640950756,-0.0744258788755369,-0.2631582151157539,0.027880311889110554,0.1531063910536087
288,623.3428439903965,4697.432085439533,54.0,-0.07493749604138895,-0.3700235258146744,-0.0744258788755369,-0.37438850661741807,0.027880311889110554,0.16734839418339867
289,629.0391362438163,4679.029549685565,54.0,-0.07493749604138895,-0.28241609285074,-0.0744258788755369,-0.2841131859265835,0.027880311889110554,0.17121168835276773
290,645.9807538115654,4669.918769358841,54.0,-0.07493749604138895,-0.19746792366212226,-0.0744258788755369,-0.20251252196064595,0.027880311889110554,0.17062886627353677
291,677.9072626809317,4653.89718048063,54.0,-0.07493749604138895,-0.2822771387198154,-0.0744258788755369,-0.27856124216539146,0.027880311889110554,0.17527223516236273
292,685.7243502711287,4645.208724743927,54.0,-0.07493749604138895,-0.2229060084191326,-0.0744258788755369,-0.21716028361649714,0.027880311889110554,0.17817893205931715
293,691.3660822278478,4666.660196363947,54.0,-0.07493749604138895,0.021884076631264213,-0.0744258788755369,0.026146845889071575,0.027880311889110554,0.17472340578128248
294,564.4258101030795,4760.96239677223,54.0,-0.07493749604138895,0.0641514270122407,-0.0744258788755369,0.05580236988149838,0.027880311889110554,0.15265148198859507
295,592.8377865365509,4734.876730565503,54.0,-0.07493749604138895,-0.21290012229037336,-0.0744258788755369,-0.2138674171731018,0.027880311889110554,0.1536211995013064
296,567.0059918406176,4747.16037686089,54.0,-0.07493749604138895,0.13373214497890512,-0.0744258788755369,0.12695203151416073,0.027880311889110554,0.1507248934235057
297,449.6577175507031,4796.927098377143,54.0,-0.07493749604138895,0.05384001073859979,-0.0744258788755369,0.05142168391483776,0.027880311889110554,0.1728412415941758
298,467.665080100585,4793.329962170085,54.0,-0.07493749604138895,0.12493341475338565,-0.0744258788755369,0.12401021248010455,0.027880311889110554,0.16683571750624113
299,482.2719153734478,4782.759217046061,54.0,-0.07493749604138895,0.08789588546655888,-0.0744258788755369,0.08720504674801235,0.027880311889110554,0.16499095547489886
300,500.20796147231687,4618.267020372979,54.0,-0.07493749604138895,0.18197272860351169,-0.0744258788755369,0.1839532540688808,0.027880311889110554,0.1794623193139511
301,452.8407182199586,4614.347532250419,54.0,-0.07493749604138895,-0.038687554157198545,-0.0744258788755369,-0.04184812822425056,0.027880311889110554,0.16847251492596974
302,437.13896889547215,4593.005802237853,54.0,-0.07493749604138895,0.11543663672736965,-0.0744258788755369,0.11392170215579239,0.027880311889110554,0.16421274425479532
303,425.7675979026484,4587.306801321076,54.0,-0.07493749604138895,0.07695288517094204,-0.0744258788755369,0.08702312468911882,0.027880311889110554,0.1690439639074041
304,415.821304844712,4664.678751133025,54.0,-0.07493749604138895,-0.007326159358962735,-0.0744258788755369,-0.002658924596210209,0.027880311889110554,0.18528458836926037
305,447.73043194608914,4642.773796720821,54.0,-0.07493749604138895,-0.15802434772148083,-0.0744258788755369,-0.15538159012412145,0.027880311889110554,0.18148076886495768
306,416.52807431204894,4611.258260235148,54.0,-0.07493749604138895,-0.0036652351277428673,-0.0744258788755369,-0.00819804241287258,0.027880311889110554,0.17400495466488525
307,403.9039033992696,4716.495571963465,54.0,-0.07493749604138895,-0.08039618514156699,-0.0744258788755369,-0.08602000423035876,0.027880311889110554,0.18391649549763733
308,-239.5128446278165,3906.899903078088,54.0,-0.07493749604138895,0.29305124820909556,-0.0744258788755369,0.29053837700576335,0.027880311889110554,0.16047850862087165
309,-206.51370862307223,3888.753544352072,54.0,-0.07493749604138895,0.13136813287976687,-0.0744258788755369,0.13323313031090706,0.027880311889110554,0.1510737682813098
310,-247.0083933535225,3882.934832278036,54.0,-0.07493749604138895,0.12892077320758744,-0.0744258788755369,0.12858450307986913,0.027880311889110554,0.16092906881666647
311,-299.6987199382138,3877.517142896227,54.0,-0.07493749604138895,0.19842284124611492,-0.0744258788755369,0.19265378713900314,0.027880311889110554,0.1503201169447405
312,-207.05441320593363,3875.578724167899,54.0,-0.07493749604138895,0.17990604329555002,-0.0744258788755369,0.1766439428787121,0.027880311889110554,0.1521622271914181
313,-288.28040614727314,3869.763411078973,54.0,-0.07493749604138895,0.16264822387703382,-0.0744258788755369,0.1640723817818941,0.027880311889110554,0.15569054534464902
314,-224.7874470069469,3868.704572457101,54.0,-0.07493749604138895,0.08429304927909015,-0.0744258788755369,0.08970946022040709,0.027880311889110554,0.15801630800832198
315,-260.1284068828446,3860.327587174116,54.0,-0.07493749604138895,0.11278251924107446,-0.0744258788755369,0.1152515427723851,0.027880311889110554,0.16416684605888654
316,-301.76269843675186,3851.489323913676,54.0,-0.07493749604138895,0.241175600504673,-0.0744258788755369,0.2422293831636457,0.027880311889110554,0.1588874630450006
317,-230.0244001131252,3856.086690947165,54.0,-0.07493749604138895,0.19815402288584594,-0.0744258788755369,0.20405765301180442,0.027880311889110554,0.14952845242581067
318,-212.9190342948821,3852.70955400908,54.0,-0.07493749604138895,0.16089213075428127,-0.0744258788755369,0.16414727188152295,0.027880311889110554,0.1493411665884919
319,-259.69914487938223,3840.648840093646,54.0,-0.07493749604138895,0.18260562098250774,-0.0744258788755369,0.1778079500952462,0.027880311889110554,0.1517785914963893
320,-217.82064581615532,3836.435116427341,54.0,-0.07493749604138895,0.2185928712894823,-0.0744258788755369,0.2230802449602206,0.027880311889110554,0.14932668351455325
321,-228.4608267250068,3835.49661024065,54.0,-0.07493749604138895,0.386447728443304,-0.0744258788755369,0.387194298689136,0.027880311889110554,0.1548675094184065
322,-220.7072172819317,3822.533501197976,54.0,-0.07493749604138895,0.2926363055870657,-0.0744258788755369,0.29181793127730205,0.027880311889110554,0.16753795941524877
323,-220.52307878009043,3896.322588863719,54.0,-0.07493749604138895,0.21588653560936596,-0.0744258788755369,0.21313969536328703,0.027880311889110554,0.15047600175652212
324,-234.22537457612623,3832.547431286246,54.0,-0.07493749604138895,0.43286612186181334,-0.0744258788755369,0.4247036891602386,0.027880311889110554,0.16253538798248857
325,-239.64545070337945,3852.531569643749,54.0,-0.07493749604138895,0.22333000444839798,-0.0744258788755369,0.22025775066875328,0.027880311889110554,0.15186322941107086
326,-222.45927337673947,3847.821790182078,54.0,-0.07493749604138895,0.319903145232743,-0.0744258788755369,0.3204890082999313,0.027880311889110554,0.1447548559298472
327,-204.13750177921133,3830.7645324182754,54.0,-0.07493749604138895,0.13285521950385928,-0.0744258788755369,0.13925427870728568,0.027880311889110554,0.16124806783171086
328,-196.31793179281823,3850.097955642777,54.0,-0.07493749604138895,0.1019282322871436,-0.0744258788755369,0.10045854584348851,0.027880311889110554,0.14677003023740404
329,-239.63954182075463,3893.468471754271,54.0,-0.07493749604138895,0.17934141058669842,-0.0744258788755369,0.17873741074104177,0.027880311889110554,0.1509493719807984
330,-270.3096398577547,3825.91280365092,54.0,-0.07493749604138895,0.1878745796799813,-0.0744258788755369,0.18890930802354977,0.027880311889110554,0.16373490019730735
331,-313.64040487867874,3841.407442527648,54.0,-0.07493749604138895,0.16147088846858057,-0.0744258788755369,0.1637150538596182,0.027880311889110554,0.152523810283671
332,-237.86889380994464,3869.5690282123273,54.0,-0.07493749604138895,0.08116403112848737,-0.0744258788755369,0.08672668621710236,0.027880311889110554,0.15824437539728997
333,-290.1032136269349,3879.02770495162,54.0,-0.07493749604138895,0.1757460377921832,-0.0744258788755369,0.17472365493915154,0.027880311889110554,0.15159310762767989
334,-217.05716463296827,3881.450900568053,54.0,-0.07493749604138895,0.09074112892314318,-0.0744258788755369,0.0883232679667719,0.027880311889110554,0.15027894401326092
335,-287.08457697353265,3860.139446947377,54.0,-0.07493749604138895,0.05288235057916019,-0.0744258788755369,0.06288582771652362,0.027880311889110554,0.15858559761973148
336,-284.4670125726876,3807.7889507976943,54.0,-0.07493749604138895,0.07077714916078362,-0.0744258788755369,0.06943961028642104,0.027880311889110554,0.17814362431664157
337,-264.284648689563,3867.396538917314,54.0,-0.07493749604138895,0.06784256525899607,-0.0744258788755369,0.06431064347205388,0.027880311889110554,0.16934344425017053
338,-305.30829728411254,3860.661942635376,54.0,-0.07493749604138895,0.1557748828244277,-0.0744258788755369,0.15414136863014094,0.027880311889110554,0.14553103757820188
339,-254.8098989424844,3843.565233451433,54.0,-0.07493749604138895,0.2123998807451082,-0.0744258788755369,0.21073961545243308,0.027880311889110554,0.15359986018644683
340,-93.57726189495948,3961.546197789921,54.0,-0.07493749604138895,-0.1955430888154044,-0.0744258788755369,-0.18926144725682742,0.027880311889110554,0.17997687359303677
341,-56.035500045016406,3941.502507723401,54.0,-0.07493749604138895,-0.1550078932672576,-0.0744258788755369,-0.15542509063405913,0.027880311889110554,0.16319421399322004
342,-83.42484145845008,3942.88148701633,54.0,-0.07493749604138895,-0.1607463225632847,-0.0744258788755369,-0.16058627806574668,0.027880311889110554,0.17193941440961422
343,-58.13533851273078,3928.158727312826,54.0,-0.07493749604138895,-0.08795137335478193,-0.0744258788755369,-0.09024305940225175,0.027880311889110554,0.1525829536411061
344,-76.10278929015365,3928.390718488814,54.0,-0.07493749604138895,-0.09729667861658498,-0.0744258788755369,-0.0968199258305789,0.027880311889110554,0.15909643709839477
345,-88.19284338416543,3910.3239477963098,54.0,-0.07493749604138895,0.03160074301204834,-0.0744258788755369,0.03045782616941281,0.027880311889110554,0.14876024743789
346,-66.20733732343768,3907.189374107909,54.0,-0.07493749604138895,0.016100532469940306,-0.0744258788755369,0.018341171800689872,0.027880311889110554,0.1563697248205132
347,-31.22363826822373,3895.155107689023,54.0,-0.07493749604138895,-0.028414130043547897,-0.0744258788755369,-0.03197542502727263,0.027880311889110554,0.1446065481931703
348,-109.8933281317338,3891.788283909125,54.0,-0.07493749604138895,0.1660442426726018,-0.0744258788755369,0.16738893152232598,0.027880311889110554,0.15124361899516792
349,-88.84745792148391,3891.638924250811,54.0,-0.07493749604138895,0.11359527695511408,-0.0744258788755369,0.11426767551038164,0.027880311889110554,0.14058996511823385
350,-69.56334702608117,3889.639795815675,54.0,-0.07493749604138895,0.042620654587933134,-0.0744258788755369,0.04541823851604928,0.027880311889110554,0.14870413937200583
351,-47.84804575173801,3889.788154786775,54.0,-0.07493749604138895,-0.05964901858676175,-0.0744258788755369,-0.06030349544172146,0.027880311889110554,0.15280435527266742
352,-23.36300577374711,3882.6832047228254,54.0,-0.07493749604138895,-0.09986478320901876,-0.0744258788755369,-0.09396981230424178,0.027880311889110554,0.16019135458017142
353,-90.5169001182837,3876.50193235572,54.0,-0.07493749604138895,0.15507610500544244,-0.0744258788755369,0.1550442296256655,0.027880311889110554,0.1483033528832321
354,-65.13866586007784,3871.8509974488175,54.0,-0.07493749604138895,-0.043501604041703515,-0.0744258788755369,-0.04721789259863843,0.027880311889110554,0.1457685342030246
355,-50.13229410178342,3867.0999269122817,54.0,-0.07493749604138895,-0.21088577173470668,-0.0744258788755369,-0.20742665469443722,0.027880311889110554,0.1584230441937105
356,-35.39723016141716,3854.209722232396,54.0,-0.07493749604138895,-0.3067845947576627,-0.0744258788755369,-0.3104894766277452,0.027880311889110554,0.16848445125242867
357,-61.32288072890474,3816.801141060652,54.0,-0.07493749604138895,-0.38262761633676323,-0.0744258788755369,-0.3786555845859859,0.027880311889110554,0.1624521123718014
358,-70.85258713100723,3825.679041233032,54.0,-0.07493749604138895,-0.20933078594570537,-0.0744258788755369,-0.20834062078904367,0.027880311889110554,0.1663158388773191
359,-77.81854309749487,3807.703348510464,54.0,-0.07493749604138895,-0.329631052837287,-0.0744258788755369,-0.3296871742868375,0.027880311889110554,0.16698911659831916
360,-71.53169503986241,3812.202036985935,54.0,-0.07493749604138895,-0.3583646329142349,-0.0744258788755369,-0.36089208783800864,0.027880311889110554,0.16121189686837692
361,-100.08529526117316,3900.3226209859754,54.0,-0.07493749604138895,0.08552603943789389,-0.0744258788755369,0.08975222538279787,0.027880311889110554,0.15070585961907412
362,-89.8146653730421,3916.635476753353,54.0,-0.07493749604138895,0.06112010705375932,-0.0744258788755369,0.06168842403783337,0.027880311889110554,0.1512555478316112
363,-21.70518692471069,3895.884300151082,54.0,-0.07493749604138895,0.0016694193204631216,-0.0744258788755369,0.003780882507818121,0.027880311889110554,0.14885284559412573
364,-110.01626871790168,3882.272424637356,54.0,-0.07493749604138895,0.185103392512601,-0.0744258788755369,0.18952150740737464,0.027880311889110554,0.1488507615920683
365,-96.97654250745872,3869.5775486716034,54.0,-0.07493749604138895,0.14830460186556632,-0.0744258788755369,0.14848793727409856,0.027880311889110554,0.15305167022059837
366,-77.79031957572187,3894.979280828351,54.0,-0.07493749604138895,0.09763626438528497,-0.0744258788755369,0.10265872987096247,0.027880311889110554,0.14664513292994438
367,-55.97942679583037,3901.289986408653,54.0,-0.07493749604138895,-0.05279772081154129,-0.0744258788755369,-0.056414758054587844,0.027880311889110554,0.15480985356055588
368,-40.74382534446032,3878.871264722534,54.0,-0.07493749604138895,-0.16179761581541824,-0.0744258788755369,-0.15762267949305495,0.027880311889110554,0.16024415196014757
369,-66.69372584046727,3870.2071380379048,54.0,-0.07493749604138895,-0.03578245305633819,-0.0744258788755369,-0.04267070195041439,0.027880311889110554,0.1474430806722627
370,-54.35065196736064,3922.548138121946,54.0,-0.07493749604138895,-0.057679154103726496,-0.0744258788755369,-0.06128264594296852,0.027880311889110554,0.1546245672598271
371,-90.20027446475764,3884.516943179324,54.0,-0.07493749604138895,0.1798307159610605,-0.0744258788755369,0.17659828064005706,0.027880311889110554,0.1450482944965636
372,442.6118074904948,4070.2277085185783,54.0,-0.07493749604138895,0.124529566125032,-0.0744258788755369,0.1279438547529302,0.027880311889110554,0.14230769167213045
373,473.81212145827845,4062.309946420862,54.0,-0.07493749604138895,0.04036328420826601,-0.0744258788755369,0.04345734574496132,0.027880311889110554,0.16413887953618364
374,468.27210347413103,4049.616241434093,54.0,-0.07493749604138895,0.2422865803855232,-0.0744258788755369,0.23324502038349254,0.027880311889110554,0.16343661987489044
375,447.21509965388833,4045.293583999011,54.0,-0.07493749604138895,0.4338930659450897,-0.0744258788755369,0.42491292267085023,0.027880311889110554,0.15776174881616353
376,431.58584790895287,4026.933212132683,54.0,-0.07493749604138895,0.312022085621754,-0.0744258788755369,0.3056562531162378,0.027880311889110554,0.16257037956610598
377,408.9986108563161,3996.755525049388,54.0,-0.07493749604138895,0.005110379780874786,-0.0744258788755369,0.004568567158871972,0.027880311889110554,0.17660177818704956
378,422.862128182699,4025.3424938357566,54.0,-0.07493749604138895,0.2627252501136067,-0.0744258788755369,0.25453684189695247,0.027880311889110554,0.16035872449701521
379,439.19746758037405,4076.996335961541,54.0,-0.07493749604138895,0.08297960868583547,-0.0744258788755369,0.08031213206130394,0.027880311889110554,0.1461658668303959
380,462.0840432753972,4072.271140968799,54.0,-0.07493749604138895,0.07092477557437457,-0.0744258788755369,0.0658393434284626,0.027880311889110554,0.15800595681411367
381,459.6569034973903,4060.82300260624,54.0,-0.07493749604138895,0.14976865032469483,-0.0744258788755369,0.14987227235264927,0.027880311889110554,0.15048259936701727
382,437.47285354914527,4045.91348934747,54.0,-0.07493749604138895,0.4438045568161394,-0.0744258788755369,0.43839488574296687,0.027880311889110554,0.164478336319952
383,446.14924890749785,4055.162025087259,54.0,-0.07493749604138895,0.3454253017864621,-0.0744258788755369,0.33772062144796794,0.027880311889110554,0.1556048661036843
384,438.2395063544679,3993.749322917003,54.0,-0.07493749604138895,0.274649054209133,-0.0744258788755369,0.2672837529057333,0.027880311889110554,0.17883340628296276
385,465.8911725966613,4024.289872350432,54.0,-0.07493749604138895,0.16493719227295367,-0.0744258788755369,0.15834249898877223,0.027880311889110554,0.18228371240896274
386,418.14174019683327,4008.0356973029234,54.0,-0.07493749604138895,0.02535113792317635,-0.0744258788755369,0.028641330824771244,0.027880311889110554,0.17255551516231188
387,475.8206463571328,3964.9488424231126,54.0,-0.07493749604138895,-0.15702928594784343,-0.0744258788755369,-0.1575845216132849,0.027880311889110554,0.17465889749204527
388,566.9000301137978,4747.137133853987,54.0,-0.07493749604138895,0.13391731336408885,-0.0744258788755369,0.12712209245984618,0.027880311889110554,0.15123928745774903
389,592.1742243865796,4747.151768762015,54.0,-0.07493749604138895,-0.2092798502053488,-0.0744258788755369,-0.20622800124404966,0.027880311889110554,0.15669754506049785
390,570.8316210365269,4722.155506308706,54.0,-0.07493749604138895,-0.05983770917141348,-0.0744258788755369,-0.06043414710780384,0.027880311889110554,0.17599430464292962
391,528.7046952932974,4712.336696063006,54.0,-0.07493749604138895,0.003768182524732447,-0.0744258788755369,0.009577944718458208,0.027880311889110554,0.18681267962937306
392,552.9775415131319,4785.4968353270415,54.0,-0.07493749604138895,0.022641025267439486,-0.0744258788755369,0.02358154152475791,0.027880311889110554,0.17210205300390263
393,552.2519091763407,4748.576091798907,54.0,-0.07493749604138895,0.05224416610713209,-0.0744258788755369,0.04951896812963193,0.027880311889110554,0.1669060717197058
394,161.96578384564387,4157.2024176535,54.0,-0.07493749604138895,0.10936850123280564,-0.0744258788755369,0.10967808875767607,0.027880311889110554,0.16485810101177262
395,137.73214120296976,4146.211392684601,54.0,-0.07493749604138895,0.18142803135574484,-0.0744258788755369,0.18236203235131115,0.027880311889110554,0.16734747105444378
396,158.49410884129216,4136.006365328739,54.0,-0.07493749604138895,0.18549742319019982,-0.0744258788755369,0.1833018202471584,0.027880311889110554,0.1546190223051286
397,136.56558805196306,4128.332749792738,54.0,-0.07493749604138895,0.2136358835274426,-0.0744258788755369,0.20879744999143376,0.027880311889110554,0.1534122503089438
398,117.19421705345408,4121.351193952682,54.0,-0.07493749604138895,0.10295769767014765,-0.0744258788755369,0.10154337785597795,0.027880311889110554,0.1516129933909469
399,109.91679785969896,4052.896427825765,54.0,-0.07493749604138895,0.037955730196444236,-0.0744258788755369,0.04202143204091355,0.027880311889110554,0.15986822602509648
400,105.52394893714752,4032.581984936505,54.0,-0.07493749604138895,0.23253637499080942,-0.0744258788755369,0.2227696107435822,0.027880311889110554,0.16631746202964115
401,106.44842983383482,4012.84945915906,54.0,-0.07493749604138895,0.19410159748158157,-0.0744258788755369,0.19889758977326508,0.027880311889110554,0.16215943777808384
402,171.63451694131356,4159.78310361989,54.0,-0.07493749604138895,0.08471970816714462,-0.0744258788755369,0.08731289458052585,0.027880311889110554,0.17391075517206303
403,149.38437383192732,4142.655189530788,54.0,-0.07493749604138895,0.17612672572338772,-0.0744258788755369,0.1716140828964,0.027880311889110554,0.15400135707777668
404,167.22649373259551,4139.857029282407,54.0,-0.07493749604138895,0.184998657470577,-0.0744258788755369,0.1778816442019328,0.027880311889110554,0.16879470414839273
405,119.82403039050632,4124.56931096989,54.0,-0.07493749604138895,0.07770619998480185,-0.0744258788755369,0.08331373640327117,0.027880311889110554,0.14992489618672578
406,142.29614129157707,4127.163348327213,54.0,-0.07493749604138895,0.2816088495134702,-0.0744258788755369,0.272499289180264,0.027880311889110554,0.15880363737625125
407,128.30218247028407,4108.962098016365,54.0,-0.07493749604138895,0.043166996979684666,-0.0744258788755369,0.04589215702030348,0.027880311889110554,0.16056733672123225
408,109.11821937100868,4049.9401200264047,54.0,-0.07493749604138895,0.05449788087878782,-0.0744258788755369,0.05178216163088285,0.027880311889110554,0.15900631031693543
409,124.08609991612518,4074.076898022276,54.0,-0.07493749604138895,0.03841543141289279,-0.0744258788755369,0.05034813625552968,0.027880311889110554,0.15866770995804858
410,115.16096838828992,4022.0483223003416,54.0,-0.07493749604138895,0.3291462596035438,-0.0744258788755369,0.3193400594423217,0.027880311889110554,0.16752406280960788
411,561.0138184560105,4473.501935426613,54.0,-0.07493749604138895,-0.11041087089907076,-0.0744258788755369,-0.1108336734470019,0.027880311889110554,0.168591295743227
412,565.0502773452903,4448.226533767391,54.0,-0.07493749604138895,-0.2902955772290883,-0.0744258788755369,-0.2866340685490556,0.027880311889110554,0.16679040994123068
413,582.8694820082358,4398.870274634955,54.0,-0.07493749604138895,-0.06843626630353371,-0.0744258788755369,-0.06517234709641204,0.027880311889110554,0.1567476007739528
414,581.1993239604408,4389.028978416067,54.0,-0.07493749604138895,-0.11785196718220455,-0.0744258788755369,-0.11914976913712685,0.027880311889110554,0.15837514555885152
415,583.831138251116,4371.053286709621,54.0,-0.07493749604138895,0.02530941231817121,-0.0744258788755369,0.02685785755200415,0.027880311889110554,0.1625398185491101
416,561.2628392077421,4326.059519500939,54.0,-0.07493749604138895,0.18110441414266462,-0.0744258788755369,0.1787751283679993,0.027880311889110554,0.17380976199337148
417,534.8960064449519,4318.929029125519,54.0,-0.07493749604138895,0.46138293660968827,-0.0744258788755369,0.456395201321337,0.027880311889110554,0.16801839265638768
418,510.9466011058103,4309.526697793331,54.0,-0.07493749604138895,0.2784183029141434,-0.0744258788755369,0.2745190153487539,0.027880311889110554,0.15554612471497228
419,511.8782596396733,4352.397235288708,54.0,-0.07493749604138895,0.20295069924283843,-0.0744258788755369,0.20114671298303222,0.027880311889110554,0.15147429352649014
420,548.5850023962915,4353.449672308096,54.0,-0.07493749604138895,0.17414418050878824,-0.0744258788755369,0.17256831532235617,0.027880311889110554,0.1618053693490538
421,512.6417426087999,4370.543524351453,54.0,-0.07493749604138895,0.04959285477725167,-0.0744258788755369,0.04847160649700311,0.027880311889110554,0.1557858212765191
422,480.9664091966875,4352.089588299367,54.0,-0.07493749604138895,-0.07975786801054716,-0.0744258788755369,-0.0840491164627728,0.027880311889110554,0.16077663276094573
423,558.287928261929,4383.549496546334,54.0,-0.07493749604138895,-0.0071166553307715884,-0.0744258788755369,-0.006335923093829975,0.027880311889110554,0.1535187467419772
424,537.5523516970317,4387.183166028368,54.0,-0.07493749604138895,0.05829494742364979,-0.0744258788755369,0.05488757785487701,0.027880311889110554,0.16270880369290522
425,556.3622236943382,4406.099826935316,54.0,-0.07493749604138895,-0.05559143212729002,-0.0744258788755369,-0.047234431865347204,0.027880311889110554,0.14804506086177815
426,507.007626677084,4418.914577252973,54.0,-0.07493749604138895,0.24070440727653528,-0.0744258788755369,0.24362333045107376,0.027880311889110554,0.1726488022506574
427,504.4577215216528,4438.979738557756,54.0,-0.07493749604138895,0.17957172582956885,-0.0744258788755369,0.17923438440501002,0.027880311889110554,0.15592328289389137
428,538.408480740028,4431.916543109024,54.0,-0.07493749604138895,-0.03148567838034484,-0.0744258788755369,-0.0361353188500398,0.027880311889110554,0.14842686036203678
429,524.7277800422952,4456.789074584238,54.0,-0.07493749604138895,0.0933820629430287,-0.0744258788755369,0.09913432511880188,0.027880311889110554,0.14529892644181142
430,485.3956997431978,4374.153861375261,54.0,-0.07493749604138895,-0.006411980904431203,-0.0744258788755369,0.001673571059728371,0.027880311889110554,0.15802820265769882
431,529.1168317879833,4454.262917514842,54.0,-0.07493749604138895,0.06830744596283952,-0.0744258788755369,0.06612624873592349,0.027880311889110554,0.14711860091574439
432,532.7418826940634,4408.404237914756,54.0,-0.07493749604138895,0.1306661765688237,-0.0744258788755369,0.12816511714680837,0.027880311889110554,0.16255171101257151
433,555.815156934327,4405.984828369565,54.0,-0.07493749604138895,-0.047437192697693434,-0.0744258788755369,-0.04247115353300348,0.027880311889110554,0.14816937224211063
434,533.7624093755849,4336.924325778417,54.0,-0.07493749604138895,0.28530813030997243,-0.0744258788755369,0.2822779130721518,0.027880311889110554,0.16448020989338066
435,530.4685985461446,4301.8986450225775,54.0,-0.07493749604138895,0.40023154391717286,-0.0744258788755369,0.40555336922360274,0.027880311889110554,0.1636226104994108
436,514.5322622025869,4456.751426788521,54.0,-0.07493749604138895,0.16994208835661384,-0.0744258788755369,0.17656962939068954,0.027880311889110554,0.15202611890110698
437,548.53915137937,4457.937093293264,54.0,-0.07493749604138895,-0.18042822612368611,-0.0744258788755369,-0.18133347636948854,0.027880311889110554,0.15591731967096506
438,566.5828788927461,4457.8640046212495,54.0,-0.07493749604138895,-0.1581756002307955,-0.0744258788755369,-0.15775395867336656,0.027880311889110554,0.16084648137661198
439,560.6999742572023,4437.5564168372,54.0,-0.07493749604138895,-0.23362945280118172,-0.0744258788755369,-0.23017424143791038,0.027880311889110554,0.1562913675864954
440,495.98772785766295,4443.197207172899,54.0,-0.07493749604138895,0.1548217461325229,-0.0744258788755369,0.15723009127018775,0.027880311889110554,0.15528187059332899
441,516.32703292139,4436.776156702188,54.0,-0.07493749604138895,0.11962771278915336,-0.0744258788755369,0.12284798253071706,0.027880311889110554,0.15511621425893724
442,536.1540880146566,4444.858609584984,54.0,-0.07493749604138895,0.04181293184587597,-0.0744258788755369,0.044752798681449546,0.027880311889110554,0.149799165510559
443,546.9208165404689,4421.220011345582,54.0,-0.07493749604138895,-0.13774667485742217,-0.0744258788755369,-0.13157657622792476,0.027880311889110554,0.15422641439520388
444,577.856407148501,4399.683609216996,54.0,-0.07493749604138895,-0.003064015555192736,-0.0744258788755369,-0.00373176001439743,0.027880311889110554,0.15847328402427766
445,507.9742950230683,4385.009332545608,54.0,-0.07493749604138895,0.07127158253868904,-0.0744258788755369,0.07098091990748329,0.027880311889110554,0.15625819369593044
446,495.4096026336581,4388.202891193944,54.0,-0.07493749604138895,0.03935659000782031,-0.0744258788755369,0.03582788984998761,0.027880311889110554,0.16320331061718613
447,551.2834782412536,4388.438780991228,54.0,-0.07493749604138895,-0.013399457536048992,-0.0744258788755369,-0.014029283039385377,0.027880311889110554,0.15682439527109432
448,558.281918566655,4368.377251679958,54.0,-0.07493749604138895,0.10186380916970386,-0.0744258788755369,0.09852868393088156,0.027880311889110554,0.15487881663702097
449,500.0086033322366,4367.370280777083,54.0,-0.07493749604138895,0.05578389654608827,-0.0744258788755369,0.05486138433917541,0.027880311889110554,0.1507060088988108
450,504.0759183332692,4354.886242555075,54.0,-0.07493749604138895,0.12244675853859541,-0.0744258788755369,0.12619274392907406,0.027880311889110554,0.15434276106790015
451,580.3012850433586,4369.728357564728,54.0,-0.07493749604138895,0.029493021580539805,-0.0744258788755369,0.021969844848935736,0.027880311889110554,0.157413871832733
452,525.9842509759866,4353.885320843046,54.0,-0.07493749604138895,0.23074385433080266,-0.0744258788755369,0.23094597719660304,0.027880311889110554,0.16639108744665562
453,571.0156044926573,4347.517470595766,54.0,-0.07493749604138895,0.14283025437633814,-0.0744258788755369,0.13967002208573376,0.027880311889110554,0.18010975730534645
454,501.0189302378661,4338.738198947732,54.0,-0.07493749604138895,0.11029773453806299,-0.0744258788755369,0.10728440686652135,0.027880311889110554,0.15873471785004947
455,488.2077283117417,4317.806340175813,54.0,-0.07493749604138895,0.20781197979518032,-0.0744258788755369,0.20425609507154222,0.027880311889110554,0.15925950531813202
456,500.112618383455,4313.336489856109,54.0,-0.07493749604138895,0.3363213342948953,-0.0744258788755369,0.3396700288344976,0.027880311889110554,0.16270251860643006
457,546.047037488337,4320.318029487556,54.0,-0.07493749604138895,0.38040621288149673,-0.0744258788755369,0.38016791556330787,0.027880311889110554,0.1631321260008712
458,-507.2972229471795,3600.671376046247,54.0,-0.07493749604138895,0.20441479036448015,-0.0744258788755369,0.20579654039312703,0.027880311889110554,0.1783884994930944
459,-499.9524784687832,3578.403458104436,54.0,-0.07493749604138895,0.017154528505179314,-0.0744258788755369,0.014417089993350691,0.027880311889110554,0.17468406992828114
460,-451.4328774109917,3539.606050872365,54.0,-0.07493749604138895,-0.1280982145782795,-0.0744258788755369,-0.12833018336367613,0.027880311889110554,0.1811886007406216
461,-517.5789695601553,3525.510166099442,54.0,-0.07493749604138895,0.1109981797231171,-0.0744258788755369,0.10912087946730564,0.027880311889110554,0.18066045430826777
462,-521.1800805309396,3510.2303992648426,54.0,-0.07493749604138895,0.2406870157955529,-0.0744258788755369,0.24292721410576235,0.027880311889110554,0.1800135211306451
463,-449.2628013025546,3503.742664831391,54.0,-0.07493749604138895,-0.08336002236919958,-0.0744258788755369,-0.07259624973933379,0.027880311889110554,0.18622309809271448
464,-485.042933661256,3485.47979782113,54.0,-0.07493749604138895,0.07610857441812675,-0.0744258788755369,0.08176549452383351,0.027880311889110554,0.18522087851628707
465,-573.8953694348969,3556.3836779114804,54.0,-0.07493749604138895,-0.07945745387757515,-0.0744258788755369,-0.07638850266773765,0.027880311889110554,0.1799415312274158
466,-114.50920843118116,3834.9194074143743,54.0,-0.07493749604138895,0.1587713124093817,-0.0744258788755369,0.15798365714601537,0.027880311889110554,0.15519392732767937
467,-164.43942656566844,3815.0857932853287,54.0,-0.07493749604138895,0.1989298344284703,-0.0744258788755369,0.2009132822117014,0.027880311889110554,0.16062950991235886
468,-140.92825652262695,3822.7016028764,54.0,-0.07493749604138895,0.2682799645552447,-0.0744258788755369,0.2615432929227166,0.027880311889110554,0.16686103876298045
469,-127.99374614651722,3810.908692759558,54.0,-0.07493749604138895,0.2119760711593795,-0.0744258788755369,0.211684476059073,0.027880311889110554,0.15823801584898747
470,-152.77957078688812,3803.088929575855,54.0,-0.07493749604138895,0.20392245689268285,-0.0744258788755369,0.2023095557930986,0.027880311889110554,0.14949874140422045
471,-150.0499459232575,3808.954736715893,54.0,-0.07493749604138895,0.28150979904539547,-0.0744258788755369,0.284897118777109,0.027880311889110554,0.15174380626485479
472,-117.20662596065166,3807.599273888803,54.0,-0.07493749604138895,0.07691901284878863,-0.0744258788755369,0.0807819989485974,0.027880311889110554,0.16469395272718607
473,-113.68434153160244,3833.1341984416354,54.0,-0.07493749604138895,0.13972602497816972,-0.0744258788755369,0.13533113606113928,0.027880311889110554,0.15458051883618168
474,608.6375792072362,4802.7437232065695,54.0,-0.07493749604138895,-0.1700372864770453,-0.0744258788755369,-0.17321487440236505,0.027880311889110554,0.17160967264742785
475,634.9065337772719,4766.654345959582,54.0,-0.07493749604138895,-0.0267986666918287,-0.0744258788755369,-0.030110921309557684,0.027880311889110554,0.16923637908540273
476,623.483520387806,4804.598436442914,54.0,-0.07493749604138895,-0.060372064346508374,-0.0744258788755369,-0.05774172143632307,0.027880311889110554,0.17146264349909177
477,641.9015815200914,4857.238831024886,54.0,-0.07493749604138895,-0.05930753572535326,-0.0744258788755369,-0.05718375452937501,0.027880311889110554,0.17321149979361714
478,-465.54115273020966,3701.012924955217,54.0,-0.07493749604138895,-0.03162981347091018,-0.0744258788755369,-0.035754065835834514,0.027880311889110554,0.15019252963922855
479,-425.4027778878423,3687.3814848390944,54.0,-0.07493749604138895,0.12280840398467945,-0.0744258788755369,0.11976913173812709,0.027880311889110554,0.14752279205556104
480,-448.96079272698375,3683.345482242924,54.0,-0.07493749604138895,-0.0036151947220196493,-0.0744258788755369,0.0031088256518254135,0.027880311889110554,0.14781384162932001
481,-459.2972544242527,3675.036452891449,54.0,-0.07493749604138895,-0.039033022177908494,-0.0744258788755369,-0.0413396175129324,0.027880311889110554,0.15036487277002086
482,-426.40019030265967,3675.6261838774494,54.0,-0.07493749604138895,0.15208570829209989,-0.0744258788755369,0.1530588249568926,0.027880311889110554,0.1591299628040204
483,-440.8048070820975,3661.1342812774815,54.0,-0.07493749604138895,0.10872436863095906,-0.0744258788755369,0.10820430291808689,0.027880311889110554,0.14744587096071554
484,-452.908197457792,3654.514221142598,54.0,-0.07493749604138895,0.03554770914002634,-0.0744258788755369,0.03649910627996778,0.027880311889110554,0.14809733606946066
485,-489.2630394051725,3629.7069603146624,54.0,-0.07493749604138895,-0.02158490979128348,-0.0744258788755369,-0.020205216028776285,0.027880311889110554,0.16268282442684082
486,-458.90863996021136,3630.247549768804,54.0,-0.07493749604138895,0.026875652687880003,-0.0744258788755369,0.026841764476144735,0.027880311889110554,0.16385982978099833
487,-500.9029123182427,3614.0747562686,54.0,-0.07493749604138895,0.054387499412041115,-0.0744258788755369,0.05809749364840388,0.027880311889110554,0.16455054623928206
488,-465.8928410452483,3608.448596328204,54.0,-0.07493749604138895,-0.010746196970353599,-0.0744258788755369,-0.019529637893442548,0.027880311889110554,0.17007250885366898
489,-500.4398061409101,3634.1145749910206,54.0,-0.07493749604138895,0.08466290953827833,-0.0744258788755369,0.08945004153282266,0.027880311889110554,0.16180274180372017
490,-520.4786475198113,3632.693087605314,54.0,-0.07493749604138895,0.10478502273485686,-0.0744258788755369,0.1040173929262623,0.027880311889110554,0.16830705505721066
491,-537.0544473499934,3615.307734486455,54.0,-0.07493749604138895,-0.0674386413150662,-0.0744258788755369,-0.06293370669643897,0.027880311889110554,0.17588083607209096
492,-463.572090848466,3711.004366750517,54.0,-0.07493749604138895,0.022371363490816337,-0.0744258788755369,0.018490191171915304,0.027880311889110554,0.15629619613391355
493,-428.8814616877872,3709.096178212622,54.0,-0.07493749604138895,0.08867671254578093,-0.0744258788755369,0.09047519574666729,0.027880311889110554,0.16511528539416567
494,-452.08297454444494,3697.423498379207,54.0,-0.07493749604138895,0.0408040340597921,-0.0744258788755369,0.034936008241572586,0.027880311889110554,0.1434477015432812
495,-434.7429570153381,3690.4541749506434,54.0,-0.07493749604138895,0.11962943956258745,-0.0744258788755369,0.11929862091726909,0.027880311889110554,0.15110561155479324
496,-415.8200064632521,3689.100170895516,54.0,-0.07493749604138895,0.09555246586898603,-0.0744258788755369,0.09395513539720063,0.027880311889110554,0.15159921551951178
497,-481.8116660349994,3658.097650487473,54.0,-0.07493749604138895,0.018830856528882972,-0.0744258788755369,0.01865886320461668,0.027880311889110554,0.16661523371254253
498,-437.4564705482827,3656.797051854789,54.0,-0.07493749604138895,0.02755036757179112,-0.0744258788755369,0.024995920888289037,0.027880311889110554,0.14903133062955848
499,-450.5410575375657,3640.030741604634,54.0,-0.07493749604138895,-0.01219353049896703,-0.0744258788755369,-0.015351909386543773,0.027880311889110554,0.15653697054042762
500,-463.3957004431066,3657.5357537243694,54.0,-0.07493749604138895,0.005723391956765002,-0.0744258788755369,0.0006024701378648458,0.027880311889110554,0.15088613172137022
501,-455.237107941275,3675.012391017058,54.0,-0.07493749604138895,-0.023655354574864257,-0.0744258788755369,-0.022419819628912038,0.027880311889110554,0.14587713334407848
502,-477.5301049296806,3698.6923434687433,54.0,-0.07493749604138895,0.03579948399468137,-0.0744258788755369,0.0315459879196653,0.027880311889110554,0.14553648818707157
503,377.93510059593416,3904.1107934632814,54.0,-0.07493749604138895,-0.33054956043306905,-0.0744258788755369,-0.32563506959409183,0.027880311889110554,0.17769491627328748
504,374.4537251326261,3889.892677250085,54.0,-0.07493749604138895,-0.28875139333958993,-0.0744258788755369,-0.29226158001036817,0.027880311889110554,0.17855974563788926
505,367.3905705640541,3924.417227622252,54.0,-0.07493749604138895,-0.2911698018792626,-0.0744258788755369,-0.2869932990666266,0.027880311889110554,0.17344785483929168
506,332.8834058794852,3942.859446384328,54.0,-0.07493749604138895,-0.0147462795049662,-0.0744258788755369,-0.010041317805859852,0.027880311889110554,0.1439564885621017
507,330.5428326799933,3946.044034599065,54.0,-0.07493749604138895,0.03737520243881815,-0.0744258788755369,0.039931941943342486,0.027880311889110554,0.13718223493500076
508,322.3749110256175,3921.0794967894303,54.0,-0.07493749604138895,0.10399903641550133,-0.0744258788755369,0.10054665268960866,0.027880311889110554,0.15793070195565545
509,329.7498578052424,3915.277424063791,54.0,-0.07493749604138895,0.05228610501402902,-0.0744258788755369,0.05308501374941764,0.027880311889110554,0.1622130154236867
510,337.993275290487,3925.832516910632,54.0,-0.07493749604138895,-0.04276125232000206,-0.0744258788755369,-0.03572858084692743,0.027880311889110554,0.15891283990659058
511,-124.42297810413304,3730.045518548472,54.0,-0.07493749604138895,0.10159233814095402,-0.0744258788755369,0.0995120928388957,0.027880311889110554,0.16624356742084795
512,-136.7121078328898,3704.366146835558,54.0,-0.07493749604138895,0.11886951507132096,-0.0744258788755369,0.11725503073788016,0.027880311889110554,0.1606998487992474
513,-205.2490753627829,3731.957027743968,54.0,-0.07493749604138895,-0.010087951278134812,-0.0744258788755369,-0.009786507839844345,0.027880311889110554,0.17375902018822573
514,-209.44442407532304,3763.734670847895,54.0,-0.07493749604138895,0.06999291444821726,-0.0744258788755369,0.07293545183367836,0.027880311889110554,0.15824868748737994
515,-227.38656380507663,3742.529007510596,54.0,-0.07493749604138895,0.14196684292590786,-0.0744258788755369,0.14369683487730195,0.027880311889110554,0.1656723414099115
516,-217.924998653439,3721.48468016429,54.0,-0.07493749604138895,-0.03149868814196216,-0.0744258788755369,-0.03313541990453931,0.027880311889110554,0.16817453416386746
517,-254.5992470950275,3724.926488861847,54.0,-0.07493749604138895,-0.16591428666560756,-0.0744258788755369,-0.16985372471430815,0.027880311889110554,0.16281954275386912
518,-248.90370498422487,3701.920243170104,54.0,-0.07493749604138895,-0.09058750913408177,-0.0744258788755369,-0.09700470630489001,0.027880311889110554,0.16492882425188063
519,-252.87591756006307,3650.634095306921,54.0,-0.07493749604138895,-0.05146381975441666,-0.0744258788755369,-0.04681360459443032,0.027880311889110554,0.18255832140210634
520,-173.77161208253168,3762.098398234272,54.0,-0.07493749604138895,-0.10919372170017037,-0.0744258788755369,-0.10290712772139884,0.027880311889110554,0.17551652022261127
521,-139.37097608890187,3732.660382688684,54.0,-0.07493749604138895,-0.08255351454279052,-0.0744258788755369,-0.07384727601165003,0.027880311889110554,0.17334493939666332
522,-208.37184709731315,3756.058669231986,54.0,-0.07493749604138895,0.014870097725207941,-0.0744258788755369,0.017335208531006306,0.027880311889110554,0.15351456556615437
523,-229.31829350277152,3750.8465259771865,54.0,-0.07493749604138895,0.20582826397097148,-0.0744258788755369,0.2049074173372552,0.027880311889110554,0.16344369613528703
524,-252.1369190391436,3688.5883507247336,54.0,-0.07493749604138895,-0.05978004033941551,-0.0744258788755369,-0.057834950440746984,0.027880311889110554,0.16913083088826095
525,-137.46750195522293,3704.002702190223,54.0,-0.07493749604138895,0.11593101923912831,-0.0744258788755369,0.1132954244947171,0.027880311889110554,0.15961676135339908
526,749.6258147719974,4813.866766971807,54.0,-0.07493749604138895,0.09427286857008141,-0.0744258788755369,0.10137325986639475,0.027880311889110554,0.16758289096507975
527,754.0871127859037,4778.231806502538,54.0,-0.07493749604138895,0.26003638162824233,-0.0744258788755369,0.2638105289414897,0.027880311889110554,0.1581575767977042
528,793.8634908705559,4809.942599619332,54.0,-0.07493749604138895,0.2706817556933632,-0.0744258788755369,0.2729047409587294,0.027880311889110554,0.16259176152271268
529,798.953726250781,4791.147655548635,54.0,-0.07493749604138895,0.3379052326293989,-0.0744258788755369,0.33939245019368053,0.027880311889110554,0.16051592928587322
530,762.4951895083617,4794.278313914385,54.0,-0.07493749604138895,0.42577317536847153,-0.0744258788755369,0.41961726750582995,0.027880311889110554,0.15872053624773957
531,778.4628514624378,4790.9547947373485,54.0,-0.07493749604138895,0.4121481957863533,-0.0744258788755369,0.400354978815915,0.027880311889110554,0.15846750821615022
532,770.6225100795091,4781.28239237213,54.0,-0.07493749604138895,0.385507986611843,-0.0744258788755369,0.38928716507769967,0.027880311889110554,0.15717985540153195
533,735.2450903228461,4782.681279368702,54.0,-0.07493749604138895,0.08485652504047365,-0.0744258788755369,0.08565530558900096,0.027880311889110554,0.14839475015445666
534,743.2937606324407,4763.537481917472,54.0,-0.07493749604138895,0.134730447130812,-0.0744258788755369,0.13406524350712135,0.027880311889110554,0.1673795112842302
535,834.4356224973513,4792.191077471864,54.0,-0.07493749604138895,0.19451724079554625,-0.0744258788755369,0.18733793271001753,0.027880311889110554,0.1672787942223496
536,-33.590986472347865,3971.2525348924646,54.0,-0.07493749604138895,-0.16314522930188577,-0.0744258788755369,-0.1601898290612062,0.027880311889110554,0.15899056585349608
537,-16.824029787276814,3963.134227295509,54.0,-0.07493749604138895,-0.14467643583623674,-0.0744258788755369,-0.14435845480503512,0.027880311889110554,0.1587084193871748
538,-9.289119488028984,3940.320299022696,54.0,-0.07493749604138895,-0.11230610550724605,-0.0744258788755369,-0.11528908728178489,0.027880311889110554,0.15956602308852524
539,19.125675470905552,3919.7887611732062,54.0,-0.07493749604138895,0.031177760971486036,-0.0744258788755369,0.0326273044806101,0.027880311889110554,0.15935285753949385
540,-9.962046074219687,3916.4328558182974,54.0,-0.07493749604138895,0.04127988141356049,-0.0744258788755369,0.043098543128051336,0.027880311889110554,0.15319474186600346
541,-0.9972580126813264,3905.066613170967,54.0,-0.07493749604138895,0.04708486984216031,-0.0744258788755369,0.041551820824790725,0.027880311889110554,0.15770277628706214
542,24.09847480128595,3908.844200854287,54.0,-0.07493749604138895,0.06665011024787935,-0.0744258788755369,0.0658214237322648,0.027880311889110554,0.15979378742176295
543,26.96307308495755,3884.908015639917,54.0,-0.07493749604138895,-0.030241278646279283,-0.0744258788755369,-0.03322430337741321,0.027880311889110554,0.16574251431012652
544,41.55820239686442,3859.3360482487697,54.0,-0.07493749604138895,-0.07069025857308388,-0.0744258788755369,-0.06644604216031483,0.027880311889110554,0.1523068896273587
545,-33.030051360718204,3947.101925740972,54.0,-0.07493749604138895,-0.11023587376771642,-0.0744258788755369,-0.11014064799606085,0.027880311889110554,0.16801155304673204
546,-20.440069871896064,3967.068915194426,54.0,-0.07493749604138895,-0.1529733233235985,-0.0744258788755369,-0.14747462326536032,0.027880311889110554,0.15709344651552254
547,-33.601502441691814,3923.5780514405496,54.0,-0.07493749604138895,0.03148490549540087,-0.0744258788755369,0.03347530570017901,0.027880311889110554,0.16403707508281323
548,4.130621068015404,3916.458977597719,54.0,-0.07493749604138895,0.020738228115533386,-0.0744258788755369,0.017111256769663147,0.027880311889110554,0.15592746671603264
549,-40.82216668190109,3965.090048211267,54.0,-0.07493749604138895,-0.11633581045768857,-0.0744258788755369,-0.11414900243898976,0.027880311889110554,0.15774315239118872
550,-3.2682886956830624,3892.179388681665,54.0,-0.07493749604138895,-0.06966530938835641,-0.0744258788755369,-0.06704645819334593,0.027880311889110554,0.16065372729469965
551,90.0285824981926,3885.374004932618,54.0,-0.07493749604138895,-0.03254605987607426,-0.0744258788755369,-0.03037674105058687,0.027880311889110554,0.15362784866576693
552,83.86670580001751,3866.630653839721,54.0,-0.07493749604138895,0.06582633832351145,-0.0744258788755369,0.062303897629396365,0.027880311889110554,0.15174010901347365
553,52.79801574862894,3858.169085806702,54.0,-0.07493749604138895,-0.04791665329774601,-0.0744258788755369,-0.05169244700097844,0.027880311889110554,0.15094027349246344
554,72.4423782875265,3843.4141825954302,54.0,-0.07493749604138895,0.15993993568633885,-0.0744258788755369,0.1527767052875464,0.027880311889110554,0.15803824494813773
555,51.330164428461806,3842.748038309236,54.0,-0.07493749604138895,0.04846655607609678,-0.0744258788755369,0.046104445617412816,0.027880311889110554,0.15152095276857613
556,71.0063011612224,3819.538010924277,54.0,-0.07493749604138895,0.3276685533953361,-0.0744258788755369,0.32700175648478513,0.027880311889110554,0.15512856420384682
557,53.97552747189277,3779.7778986115927,54.0,-0.07493749604138895,0.3651564112633939,-0.0744258788755369,0.36323399514634813,0.027880311889110554,0.16694013270962038
558,29.84882850616204,3760.0903002068953,54.0,-0.07493749604138895,0.1531499655690853,-0.0744258788755369,0.15617470310320436,0.027880311889110554,0.15767491970048853
559,70.84382095259998,3812.213793609557,54.0,-0.07493749604138895,0.32688832227922243,-0.0744258788755369,0.33242080876314245,0.027880311889110554,0.15081125047642038
560,85.15373079383198,3880.811543855472,54.0,-0.07493749604138895,-0.0391453391776174,-0.0744258788755369,-0.03675509553522431,0.027880311889110554,0.1493987322032546
561,68.21929053265893,3857.2635974168033,54.0,-0.07493749604138895,0.0260966370683496,-0.0744258788755369,0.021759245373606823,0.027880311889110554,0.1547683736626139
562,74.94999357907247,3832.562273689816,54.0,-0.07493749604138895,0.29142646229069474,-0.0744258788755369,0.28192806732372,0.027880311889110554,0.16263036754225074
563,93.9798506618169,3810.153790083169,54.0,-0.07493749604138895,0.09686256257364725,-0.0744258788755369,0.10194503711756729,0.027880311889110554,0.16811758667759974
564,53.99348219513684,3779.765921014686,54.0,-0.07493749604138895,0.3651810924202512,-0.0744258788755369,0.36096318217045553,0.027880311889110554,0.16712707222637743
565,70.31493711953587,3811.7486463338,54.0,-0.07493749604138895,0.3180781642193239,-0.0744258788755369,0.31942428279977786,0.027880311889110554,0.1492490400993367
566,115.16205876560493,3798.270755871877,54.0,-0.07493749604138895,0.047707291030287285,-0.0744258788755369,0.04614004069329923,0.027880311889110554,0.17323712677729922
567,87.2451405287995,3831.494039957056,54.0,-0.07493749604138895,0.20584663105408754,-0.0744258788755369,0.2037452347580283,0.027880311889110554,0.1674054102883678
568,36.476303073102144,3747.298457980633,54.0,-0.07493749604138895,0.00919328415605299,-0.0744258788755369,0.010007669732925353,0.027880311889110554,0.16388193845225765
569,81.42211507964093,3862.904094352834,54.0,-0.07493749604138895,0.061669529506011275,-0.0744258788755369,0.061172758324904035,0.027880311889110554,0.16109341332878097
570,549.2870939563649,4305.9995539661,54.0,-0.07493749604138895,0.2618185425816572,-0.0744258788755369,0.2656183425863086,0.027880311889110554,0.15387103841730523
571,544.4098499221095,4286.51728713991,54.0,-0.07493749604138895,0.3940367525452421,-0.0744258788755369,0.39454249359593696,0.027880311889110554,0.16430839887173498
572,526.9955380856456,4287.393509187453,54.0,-0.07493749604138895,0.35027025831651165,-0.0744258788755369,0.3503085088523371,0.027880311889110554,0.15993978573086287
573,502.3554500387008,4287.081754576032,54.0,-0.07493749604138895,0.24572401313506081,-0.0744258788755369,0.24319937001143582,0.027880311889110554,0.17151351891220126
574,521.860148154005,4271.043596927122,54.0,-0.07493749604138895,0.1687008381473644,-0.0744258788755369,0.16501420472343648,0.027880311889110554,0.15912494353553436
575,490.1742733047821,4255.374110181812,54.0,-0.07493749604138895,-0.12600621261288567,-0.0744258788755369,-0.12056509952166955,0.027880311889110554,0.16976018113394323
576,544.1009429454423,4239.798803024585,54.0,-0.07493749604138895,0.0700059048722649,-0.0744258788755369,0.06117706727229756,0.027880311889110554,0.1782260784010637
577,493.8152420653565,4235.364592782937,54.0,-0.07493749604138895,-0.10813640184730178,-0.0744258788755369,-0.10903170762930114,0.027880311889110554,0.16419965010284107
578,468.1538607220498,4241.128223716155,54.0,-0.07493749604138895,-0.07086732797053727,-0.0744258788755369,-0.0741318309599315,0.027880311889110554,0.16739660283818408
579,499.7287176848287,4232.444068380425,54.0,-0.07493749604138895,-0.06386105394011428,-0.0744258788755369,-0.06447634262821385,0.027880311889110554,0.16323857210035428
580,469.7454521096344,4301.154322219481,54.0,-0.07493749604138895,-0.16824367187029707,-0.0744258788755369,-0.16572038911189713,0.027880311889110554,0.16199867600432113
581,555.2813891908964,4308.169914388606,54.0,-0.07493749604138895,0.1805003535749658,-0.0744258788755369,0.175629011486534,0.027880311889110554,0.16604901322923082
582,528.2616691728058,4293.079481721901,54.0,-0.07493749604138895,0.38030008542899796,-0.0744258788755369,0.3783157731193915,0.027880311889110554,0.15323650465273916
583,480.8723494206272,4270.11559654706,54.0,-0.07493749604138895,-0.054785189576387124,-0.0744258788755369,-0.04722488680695172,0.027880311889110554,0.1677953369586643
584,506.1832779263153,4271.360107928358,54.0,-0.07493749604138895,-0.04456387317627767,-0.0744258788755369,-0.04122764691546566,0.027880311889110554,0.1698577492305231
585,486.333478002448,4218.397487853233,54.0,-0.07493749604138895,-0.09134387452760273,-0.0744258788755369,-0.09207771309525431,0.027880311889110554,0.16445693363214792
586,465.122364122729,4206.899148776987,54.0,-0.07493749604138895,0.00796901414921328,-0.0744258788755369,0.006001948198954662,0.027880311889110554,0.1662080284598467
587,490.5454553088719,4199.285433819725,54.0,-0.07493749604138895,0.17508710111282585,-0.0744258788755369,0.16782763295087427,0.027880311889110554,0.17142167243362597
588,529.8239150277818,4263.102067604929,54.0,-0.07493749604138895,0.18545017538491718,-0.0744258788755369,0.18404326707816338,0.027880311889110554,0.16111990221350692
589,538.5355942881802,4277.098759825456,54.0,-0.07493749604138895,0.19800945527225083,-0.0744258788755369,0.19878123600487196,0.027880311889110554,0.15693768803729718
590,-410.1123796079147,3660.414914445813,54.0,-0.07493749604138895,0.0350606014741401,-0.0744258788755369,0.03174052304755026,0.027880311889110554,0.16977322536192652
591,-374.9103311708055,3656.421360427769,54.0,-0.07493749604138895,-0.017119421709866866,-0.0744258788755369,-0.016017890720720546,0.027880311889110554,0.1636770170604183
592,-378.4105488505552,3641.913217468345,54.0,-0.07493749604138895,-0.04840243593985589,-0.0744258788755369,-0.048626157643000004,0.027880311889110554,0.1742692619428431
593,-410.9857444853892,3624.9470229330495,54.0,-0.07493749604138895,-0.10080747700832562,-0.0744258788755369,-0.10060119487557657,0.027880311889110554,0.1800996807618886
594,-385.33208216661006,3627.100488486961,54.0,-0.07493749604138895,-0.11126727977561647,-0.0744258788755369,-0.10187025543749231,0.027880311889110554,0.18203653284167154
595,-390.8209967890227,3608.249021001745,54.0,-0.07493749604138895,0.15855734675850852,-0.0744258788755369,0.15018679260468148,0.027880311889110554,0.179494945337124
596,-433.222559345482,3609.7170698355617,54.0,-0.07493749604138895,0.016863677580073188,-0.0744258788755369,0.019148275476011507,0.027880311889110554,0.16250764618644295
597,-408.2621432632536,3592.8912921219685,54.0,-0.07493749604138895,0.1324656418445619,-0.0744258788755369,0.13473227652618863,0.027880311889110554,0.1721421318100398
598,-441.4715424153037,3569.6343433615034,54.0,-0.07493749604138895,-0.07816676815139821,-0.0744258788755369,-0.06931685997648462,0.027880311889110554,0.17980504119475063
599,-427.98671344849896,3633.9501530677458,54.0,-0.07493749604138895,-0.052429889548525774,-0.0744258788755369,-0.054688965412394125,0.027880311889110554,0.16388464614694853
600,16.947210370460294,3854.162344069313,54.0,-0.07493749604138895,-0.21711151388827774,-0.0744258788755369,-0.2174361312873095,0.027880311889110554,0.15605208848246327
601,26.581794784317434,3848.416710936236,54.0,-0.07493749604138895,-0.15579380869446838,-0.0744258788755369,-0.15338638315892902,0.027880311889110554,0.1494781897121275
602,15.046854621301405,3832.1565750001578,54.0,-0.07493749604138895,-0.3194879659186501,-0.0744258788755369,-0.3152624441651597,0.027880311889110554,0.15605397418062034
603,11.187468754086296,3812.747884834706,54.0,-0.07493749604138895,-0.18859467063387078,-0.0744258788755369,-0.18702720336912448,0.027880311889110554,0.15034801782435012
604,35.65775954728463,3811.2184228857313,54.0,-0.07493749604138895,0.06325441733179174,-0.0744258788755369,0.0633819962813278,0.027880311889110554,0.15104696814704485
605,14.975934229222824,3799.243068897464,54.0,-0.07493749604138895,0.05187282300478022,-0.0744258788755369,0.05315793304065155,0.027880311889110554,0.14704855299410913
606,39.2002283746347,3788.436119844561,54.0,-0.07493749604138895,0.33329750275238945,-0.0744258788755369,0.33250749863238316,0.027880311889110554,0.1667848228806483
607,15.04579642413452,3767.694366626262,54.0,-0.07493749604138895,0.16572333536453657,-0.0744258788755369,0.16418357860468097,0.027880311889110554,0.15017862194309095
608,5.372355331992672,3771.380109193948,54.0,-0.07493749604138895,0.11743548670866233,-0.0744258788755369,0.12173526549212495,0.027880311889110554,0.1516172176245382
609,24.679452052912616,3770.6789526338025,54.0,-0.07493749604138895,0.1413969576342874,-0.0744258788755369,0.14013040783831784,0.027880311889110554,0.14841840518489272
610,39.83749752635614,3805.9132554474304,54.0,-0.07493749604138895,0.09183622334532485,-0.0744258788755369,0.09458440767582782,0.027880311889110554,0.15415467091580135
611,24.679857010352134,3808.1866342615103,54.0,-0.07493749604138895,-0.024849165548031037,-0.0744258788755369,-0.021518538858449884,0.027880311889110554,0.15319919486122663
612,43.05926388611581,3820.358120360771,54.0,-0.07493749604138895,0.058361037715865226,-0.0744258788755369,0.05850109516961094,0.027880311889110554,0.1611660594600675
613,46.2511058172998,3844.421224149216,54.0,-0.07493749604138895,0.026228521833711795,-0.0744258788755369,0.018731932561300492,0.027880311889110554,0.14619329132855988
614,27.838527006137475,3838.99962359604,54.0,-0.07493749604138895,-0.12108260210808475,-0.0744258788755369,-0.12209946243810688,0.027880311889110554,0.14933034776023207
615,250.8258249438829,4077.09190549598,54.0,-0.07493749604138895,-0.23645237301160094,-0.0744258788755369,-0.23873530170284618,0.027880311889110554,0.16174019543452067
616,269.0070066875137,4069.184449779752,54.0,-0.07493749604138895,-0.03797940980215356,-0.0744258788755369,-0.03889846954548058,0.027880311889110554,0.17507862560237641
617,218.97355483206192,4065.9952167575098,54.0,-0.07493749604138895,-0.4243606983942936,-0.0744258788755369,-0.4211539008639356,0.027880311889110554,0.1619056835020683
618,253.3047041406585,4032.075905579567,54.0,-0.07493749604138895,-0.12189055483807579,-0.0744258788755369,-0.1261951940520234,0.027880311889110554,0.16206766195831904
619,210.88337358800035,4009.070829044608,54.0,-0.07493749604138895,-0.07897008570476495,-0.0744258788755369,-0.07974343983529468,0.027880311889110554,0.15508010446781206
620,249.40203896940795,3977.89614196583,54.0,-0.07493749604138895,0.006813424353344038,-0.0744258788755369,0.008324941177971567,0.027880311889110554,0.14938294607906485
621,213.75311227222025,3985.814400159764,54.0,-0.07493749604138895,0.003445770697092896,-0.0744258788755369,0.0012861957141763912,0.027880311889110554,0.14827851338956752
622,202.69234717139835,3973.005610838789,54.0,-0.07493749604138895,0.036694021215917076,-0.0744258788755369,0.04036257652728546,0.027880311889110554,0.14877389889826328
623,193.13049431647704,3945.745622670177,54.0,-0.07493749604138895,0.14140485266351738,-0.0744258788755369,0.1414557420656412,0.027880311889110554,0.1379903343566144
624,231.2096817700889,3941.271980870057,54.0,-0.07493749604138895,-0.09974231364935933,-0.0744258788755369,-0.09644646500537521,0.027880311889110554,0.16011557799005086
625,213.2088148446705,3935.668148667985,54.0,-0.07493749604138895,0.1427912438082667,-0.0744258788755369,0.14058696203238905,0.027880311889110554,0.1437026739267941
626,214.159983359104,3909.3358891854223,54.0,-0.07493749604138895,0.18785919043934038,-0.0744258788755369,0.1881261450373598,0.027880311889110554,0.14517198391936123
627,203.71947329620775,3931.023396399216,54.0,-0.07493749604138895,0.23003990917853026,-0.0744258788755369,0.22512002516077748,0.027880311889110554,0.15762817379717628
628,217.78621872145484,4016.709547047492,54.0,-0.07493749604138895,-0.19221741818893195,-0.0744258788755369,-0.18201828353001653,0.027880311889110554,0.15951731885240958
629,252.93723737990092,4019.171331489568,54.0,-0.07493749604138895,-0.08319401493450446,-0.0744258788755369,-0.08647632986975223,0.027880311889110554,0.16349388799118136
630,208.42466583089583,3984.700961738825,54.0,-0.07493749604138895,-0.001980846595022063,-0.0744258788755369,-0.003998871768522699,0.027880311889110554,0.1475282396326826
631,256.83766692814663,3977.954207213813,54.0,-0.07493749604138895,-0.016820681770609084,-0.0744258788755369,-0.01262005112530691,0.027880311889110554,0.1533714527459261
632,216.7424768273763,3934.5668680946055,54.0,-0.07493749604138895,0.1146633329987516,-0.0744258788755369,0.11264759441230171,0.027880311889110554,0.1453094365670165
633,193.2304932149353,3912.590394161609,54.0,-0.07493749604138895,0.4050267753559862,-0.0744258788755369,0.4047598641743954,0.027880311889110554,0.1669218511823314
634,223.3428052277796,3989.2837293720168,54.0,-0.07493749604138895,-0.018409603794694536,-0.0744258788755369,-0.02065893127882551,0.027880311889110554,0.15113703517287036
635,246.06942951702663,3981.67837797846,54.0,-0.07493749604138895,0.014788266319459611,-0.0744258788755369,0.013388378296108727,0.027880311889110554,0.15229662277048273
636,279.6006376701204,4002.5337399919367,54.0,-0.07493749604138895,0.1261119773809712,-0.0744258788755369,0.13100433608198414,0.027880311889110554,0.16394098456702821
637,192.79701301972855,3981.811109796079,54.0,-0.07493749604138895,0.13733995150504955,-0.0744258788755369,0.13152841230151419,0.027880311889110554,0.15453724176028777
638,282.20374954028966,3983.706942123103,54.0,-0.07493749604138895,0.1133132261062836,-0.0744258788755369,0.11345816198039785,0.027880311889110554,0.16654562504041473
639,203.2927786194446,3965.297674897721,54.0,-0.07493749604138895,-0.00955522289841025,-0.0744258788755369,-0.013085700510086024,0.027880311889110554,0.15155414730915595
640,222.10039796658828,3969.629559878969,54.0,-0.07493749604138895,-0.15451568292217915,-0.0744258788755369,-0.15056058553707252,0.027880311889110554,0.1641510756098336
641,236.3271697378009,3965.095470247745,54.0,-0.07493749604138895,-0.20529487866669183,-0.0744258788755369,-0.2005732558394917,0.027880311889110554,0.17137752496301123
642,192.940446962362,3945.496639258913,54.0,-0.07493749604138895,0.1449762894929501,-0.0744258788755369,0.14546231019518518,0.027880311889110554,0.13691800739118493
643,217.36962251063744,3945.754127331859,54.0,-0.07493749604138895,-0.0507868916397472,-0.0744258788755369,-0.054022748630681565,0.027880311889110554,0.15976625871614533
644,220.543097825573,3910.490639159292,54.0,-0.07493749604138895,0.1728837183924073,-0.0744258788755369,0.1675386935307243,0.027880311889110554,0.15278269101839612
645,244.3927331677535,4039.453609614884,54.0,-0.07493749604138895,-0.20143127672994357,-0.0744258788755369,-0.2016016378726952,0.027880311889110554,0.1543277312917049
646,235.85174675780948,4052.0064504657407,54.0,-0.07493749604138895,-0.3817839445708714,-0.0744258788755369,-0.38158297805280905,0.027880311889110554,0.1590184990607048
647,240.6308949961324,4066.355460037511,54.0,-0.07493749604138895,-0.36752369434619764,-0.0744258788755369,-0.3689831568137541,0.027880311889110554,0.16058310239248164
648,272.0036303115525,4087.9698110724366,54.0,-0.07493749604138895,-0.06762037678148942,-0.0744258788755369,-0.0681911132928174,0.027880311889110554,0.16466483371728236
649,201.40797252687383,3996.1355278762608,54.0,-0.07493749604138895,0.08690836590638809,-0.0744258788755369,0.08823978356739201,0.027880311889110554,0.1599803617061287
650,224.482998151289,4001.4216244713134,54.0,-0.07493749604138895,-0.016751292041146067,-0.0744258788755369,-0.020272237026221593,0.027880311889110554,0.1513920799533288
651,229.5458883605087,4016.746868363543,54.0,-0.07493749604138895,-0.1566505690036725,-0.0744258788755369,-0.16070019320232315,0.027880311889110554,0.16151304024973126
652,227.90513404909052,4039.235656730924,54.0,-0.07493749604138895,-0.3516411608242474,-0.0744258788755369,-0.34389584635871173,0.027880311889110554,0.16548665490211695
653,215.30007276246957,4047.741048059149,54.0,-0.07493749604138895,-0.4651307242669788,-0.0744258788755369,-0.45702996862935924,0.027880311889110554,0.170732205700463
654,214.7494271220868,4031.061700351105,54.0,-0.07493749604138895,-0.24305073985546707,-0.0744258788755369,-0.243661115823322,0.027880311889110554,0.16227134538007248
655,275.30803990511106,4023.5491126828542,54.0,-0.07493749604138895,0.11556380463764865,-0.0744258788755369,0.11843202308470144,0.027880311889110554,0.16383141996418313
656,228.23403405678565,3926.946867381492,54.0,-0.07493749604138895,-0.015384709605906589,-0.0744258788755369,-0.013346492087555718,0.027880311889110554,0.15170762616903063
657,-499.9773429811749,3678.532005153513,54.0,-0.07493749604138895,-0.07981577329037563,-0.0744258788755369,-0.07357916976250023,0.027880311889110554,0.17013120732032147
658,-517.2496129298322,3660.238901566688,54.0,-0.07493749604138895,0.027860943871589244,-0.0744258788755369,0.030477866443994264,0.027880311889110554,0.1686836328072883
659,-580.6716768976491,3734.978595164169,54.0,-0.07493749604138895,0.07665338863599049,-0.0744258788755369,0.07697736834127691,0.027880311889110554,0.17936195151360737
660,-546.4989859266002,3721.4900233429794,54.0,-0.07493749604138895,-0.10363202124699822,-0.0744258788755369,-0.09502853635080781,0.027880311889110554,0.17110405392262534
661,-549.267120039264,3702.54178010288,54.0,-0.07493749604138895,-0.05618904728937306,-0.0744258788755369,-0.053174362129253035,0.027880311889110554,0.17351995822797525
662,-517.9434171149317,3694.1396214923566,54.0,-0.07493749604138895,0.025106798010126406,-0.0744258788755369,0.023587936321303044,0.027880311889110554,0.1652118543510748
663,275.46093069714203,4237.600593298557,54.0,-0.07493749604138895,-0.1855810158239872,-0.0744258788755369,-0.18282334226838623,0.027880311889110554,0.18906884893755072
664,260.54382607193054,4189.386828262381,54.0,-0.07493749604138895,-0.17856862484190755,-0.0744258788755369,-0.183933648211161,0.027880311889110554,0.18949634286510428
665,365.73068580729074,4172.10123667665,54.0,-0.07493749604138895,-0.06446430531954932,-0.0744258788755369,-0.058576851329541824,0.027880311889110554,0.15225428917471776
666,303.0397540729384,4168.450548701593,54.0,-0.07493749604138895,-0.26361250898944333,-0.0744258788755369,-0.26405355582860124,0.027880311889110554,0.1794786137548208
667,306.09515397216705,4130.874580079874,54.0,-0.07493749604138895,-0.11345528080911649,-0.0744258788755369,-0.11679326076212604,0.027880311889110554,0.1647835327669733
668,302.82165996923425,4119.504667691163,54.0,-0.07493749604138895,-0.06350094709129513,-0.0744258788755369,-0.05836408531992144,0.027880311889110554,0.14764078196177904
669,291.1882646910309,4099.078724905353,54.0,-0.07493749604138895,0.028973735918275623,-0.0744258788755369,0.026922774844991452,0.027880311889110554,0.16257569888606352
670,272.934747988071,4111.997012157693,54.0,-0.07493749604138895,-0.022328026707283472,-0.0744258788755369,-0.022534465761436404,0.027880311889110554,0.16713874179537982
671,255.4251274347216,4100.936453308112,54.0,-0.07493749604138895,-0.11053970135678076,-0.0744258788755369,-0.10670936509251017,0.027880311889110554,0.1519512037131777
672,220.87595282766387,4102.083892846976,54.0,-0.07493749604138895,-0.08844310500294901,-0.0744258788755369,-0.08420885214997834,0.027880311889110554,0.16771396981842313
673,373.0536264372821,4237.867458294468,54.0,-0.07493749604138895,-0.07819431427435747,-0.0744258788755369,-0.07696218977523822,0.027880311889110554,0.16660156206232524
674,362.3064081282481,4221.704404093187,54.0,-0.07493749604138895,0.01651903039374099,-0.0744258788755369,0.01624131398803911,0.027880311889110554,0.1656305256829814
675,372.2868734763583,4221.386114156595,54.0,-0.07493749604138895,0.03637232230130521,-0.0744258788755369,0.03169047633955903,0.027880311889110554,0.1717220264959277
676,348.8282222887337,4204.538514488947,54.0,-0.07493749604138895,-0.051588478434602375,-0.0744258788755369,-0.043192359473258723,0.027880311889110554,0.1760071387856863
677,329.5351738167448,4169.038905630156,54.0,-0.07493749604138895,-0.09859555198695755,-0.0744258788755369,-0.10240060452199203,0.027880311889110554,0.1644366412414702
678,346.62414930987774,4170.158415182179,54.0,-0.07493749604138895,-0.10744333333956896,-0.0744258788755369,-0.10406410869498195,0.027880311889110554,0.16286169245474139
679,364.6091053140706,4170.399258321844,54.0,-0.07493749604138895,-0.06096465118326679,-0.0744258788755369,-0.06309517067521797,0.027880311889110554,0.1498547751138311
680,334.60250706622514,4156.27046823521,54.0,-0.07493749604138895,-0.11158698433440258,-0.0744258788755369,-0.11266970043672822,0.027880311889110554,0.1641918555854447
681,355.5439209369716,4156.456968582675,54.0,-0.07493749604138895,-0.0943542778519555,-0.0744258788755369,-0.09933469099043123,0.027880311889110554,0.16059704613525044
682,299.7110510601282,4116.425155454023,54.0,-0.07493749604138895,-0.057173461279882494,-0.0744258788755369,-0.05359032181879954,0.027880311889110554,0.1522256917379906
683,320.9729984334359,4121.618338208264,54.0,-0.07493749604138895,-0.09840222463294644,-0.0744258788755369,-0.09841079427985891,0.027880311889110554,0.15632870036105717
684,268.5028234668558,4104.077574133915,54.0,-0.07493749604138895,-0.0787265041950955,-0.0744258788755369,-0.08292121504488745,0.027880311889110554,0.1591238075926911
685,308.95176142546023,4100.390848526726,54.0,-0.07493749604138895,0.008534215710110243,-0.0744258788755369,0.007685718497506294,0.027880311889110554,0.15115682619563617
686,321.7264183919306,4102.665007325553,54.0,-0.07493749604138895,-0.05360279289462225,-0.0744258788755369,-0.056034669771457976,0.027880311889110554,0.15601873329784188
687,219.27949383018264,4092.615330391432,54.0,-0.07493749604138895,-0.11776271365121196,-0.0744258788755369,-0.11938046884294265,0.027880311889110554,0.15976312553925845
688,241.15223999434448,4082.933807469713,54.0,-0.07493749604138895,-0.31776693989954025,-0.0744258788755369,-0.3153678066906569,0.027880311889110554,0.1611002134732429
689,255.9426322707364,4092.0033524375262,54.0,-0.07493749604138895,-0.1616998480533147,-0.0744258788755369,-0.16285340128423537,0.027880311889110554,0.1557118572876894
690,302.40939418690647,4076.239930161057,54.0,-0.07493749604138895,-0.013460626193191692,-0.0744258788755369,-0.012634056204569057,0.027880311889110554,0.16194507575245648
691,823.8432151226995,4855.87050783927,54.0,-0.07493749604138895,0.23979546036745145,-0.0744258788755369,0.24136888269739287,0.027880311889110554,0.1671062280671204
692,819.3628651065428,4843.652568747224,54.0,-0.07493749604138895,0.29313976798848285,-0.0744258788755369,0.28408396608579356,0.027880311889110554,0.1643636601140495
693,820.4132859790924,4829.631034390841,54.0,-0.07493749604138895,0.2960597845517039,-0.0744258788755369,0.29230512317795243,0.027880311889110554,0.1551593792582684
694,833.8506821285372,4813.25043740029,54.0,-0.07493749604138895,0.22270168187592954,-0.0744258788755369,0.22586635048619602,0.027880311889110554,0.1636337528426207
695,807.9486503849818,4811.149543201454,54.0,-0.07493749604138895,0.25923570367825033,-0.0744258788755369,0.2508383969591004,0.027880311889110554,0.16682243873193747
696,-373.43476264910015,3766.461917060813,54.0,-0.07493749604138895,0.0865548764366281,-0.0744258788755369,0.082117609894812,0.027880311889110554,0.17393357180653635
697,-404.9594998600836,3757.059047829879,54.0,-0.07493749604138895,0.0959604954702307,-0.0744258788755369,0.09373123835507814,0.027880311889110554,0.15538984452496543
698,-388.4341386667703,3754.2694742453887,54.0,-0.07493749604138895,0.09720668211684232,-0.0744258788755369,0.09712579637791854,0.027880311889110554,0.15240105757696656
699,-361.1239523797188,3752.790302079386,54.0,-0.07493749604138895,0.053898502278345126,-0.0744258788755369,0.05244876689617824,0.027880311889110554,0.16312430439867925
700,-420.5155790009941,3745.761874945407,54.0,-0.07493749604138895,0.1027171808673852,-0.0744258788755369,0.10992011739532156,0.027880311889110554,0.1581507321834748
701,-402.0863261984077,3740.578611177712,54.0,-0.07493749604138895,0.09605603685217888,-0.0744258788755369,0.09852650983797759,0.027880311889110554,0.15166518303233398
702,-374.17678074725006,3737.152975783385,54.0,-0.07493749604138895,0.01044903856263183,-0.0744258788755369,0.004559275944454544,0.027880311889110554,0.1632073361099289
703,-350.91326110736713,3715.884060741088,54.0,-0.07493749604138895,-0.05196234941011672,-0.0744258788755369,-0.04851852265352912,0.027880311889110554,0.1714188377031698
704,-400.3198472799375,3700.1520817218016,54.0,-0.07493749604138895,0.06565139098068663,-0.0744258788755369,0.0640201808835349,0.027880311889110554,0.15019766360718204
705,-379.6065561208264,3698.954138824738,54.0,-0.07493749604138895,0.037773487378271804,-0.0744258788755369,0.03412208449322685,0.027880311889110554,0.16022854984681742
706,-354.7620074744374,3695.953997662773,54.0,-0.07493749604138895,-0.03954144262150019,-0.0744258788755369,-0.03778541993422412,0.027880311889110554,0.17842335779830046
707,-399.0727213039516,3689.444607369494,54.0,-0.07493749604138895,0.049798179503937626,-0.0744258788755369,0.051747341502724094,0.027880311889110554,0.150584370305678
708,-375.6216397006036,3674.460164358082,54.0,-0.07493749604138895,-0.13083132205738646,-0.0744258788755369,-0.13459494739550457,0.027880311889110554,0.16313558181505827
709,-351.1479509122784,3665.503242462116,54.0,-0.07493749604138895,-0.07946916817435909,-0.0744258788755369,-0.07059267980931536,0.027880311889110554,0.17779650063195412
710,-389.7627570705973,3743.2169933727887,54.0,-0.07493749604138895,0.13874378957144048,-0.0744258788755369,0.14323517673486796,0.027880311889110554,0.15443086817056345
711,-366.9323951215805,3742.866649151627,54.0,-0.07493749604138895,-0.027045324111722165,-0.0744258788755369,-0.02799125317718354,0.027880311889110554,0.16007226719201242
712,-402.1052308230248,3707.5373006073055,54.0,-0.07493749604138895,0.05247400295119197,-0.0744258788755369,0.05026928923040698,0.027880311889110554,0.15613308316702076
713,-380.9661528592131,3689.457435245816,54.0,-0.07493749604138895,-0.06188495086028367,-0.0744258788755369,-0.06415970803269067,0.027880311889110554,0.15775488384478775
714,-413.19707339021727,3725.878044612585,54.0,-0.07493749604138895,0.09961406046765044,-0.0744258788755369,0.10254440835896389,0.027880311889110554,0.16109070615334828
715,-162.52306238605374,3916.201907568545,54.0,-0.07493749604138895,0.22642872800120553,-0.0744258788755369,0.2303322964686088,0.027880311889110554,0.1587919970221161
716,-133.3415231743852,3915.05509414729,54.0,-0.07493749604138895,0.10777327466592583,-0.0744258788755369,0.10911811519857517,0.027880311889110554,0.1532204588250944
717,-107.03856041422884,3912.688158453438,54.0,-0.07493749604138895,0.1359236276571729,-0.0744258788755369,0.14317513338756593,0.027880311889110554,0.1485559450237786
718,-185.24762128328757,3894.1527541873807,54.0,-0.07493749604138895,0.19353871846421808,-0.0744258788755369,0.19226278474688996,0.027880311889110554,0.15520413753792292
719,-163.77609401928575,3898.3612294938825,54.0,-0.07493749604138895,0.21915041557976067,-0.0744258788755369,0.22040705994616844,0.027880311889110554,0.1612054885014164
720,-138.31483592452412,3903.081532209318,54.0,-0.07493749604138895,0.20929699432367138,-0.0744258788755369,0.20224256705774524,0.027880311889110554,0.15864181127711266
721,-176.60911080190527,3873.689646947577,54.0,-0.07493749604138895,0.11845706609653554,-0.0744258788755369,0.11788450141506247,0.027880311889110554,0.16016818940490946
722,-149.1571348158001,3881.691152823052,54.0,-0.07493749604138895,0.21958127257726118,-0.0744258788755369,0.21929801342850958,0.027880311889110554,0.14937112314447942
723,-131.5000538528961,3885.757679077044,54.0,-0.07493749604138895,0.27241976170611293,-0.0744258788755369,0.2740633474593533,0.027880311889110554,0.161123189743203
724,-124.00630206861427,3866.008859174929,54.0,-0.07493749604138895,0.19528664680788577,-0.0744258788755369,0.1921690928687652,0.027880311889110554,0.15081087350396405
725,-188.24213287120952,3844.223822198344,54.0,-0.07493749604138895,0.10266822743633452,-0.0744258788755369,0.10237867592901975,0.027880311889110554,0.15703691842474263
726,-163.18022440468428,3835.315907696576,54.0,-0.07493749604138895,0.18115526221026573,-0.0744258788755369,0.17932122229936392,0.027880311889110554,0.1591942084290522
727,-143.89632797920137,3927.044930804073,54.0,-0.07493749604138895,0.06578064942280894,-0.0744258788755369,0.06686329822206684,0.027880311889110554,0.1539934778313765
728,-153.2235956101634,3841.402841089208,54.0,-0.07493749604138895,0.21871383672643682,-0.0744258788755369,0.21504284114996391,0.027880311889110554,0.1560763241397138
729,-134.8166939717991,3867.276296113637,54.0,-0.07493749604138895,0.1155914920328757,-0.0744258788755369,0.11864141317208318,0.027880311889110554,0.15991741173767032
730,-160.39702155560826,3872.236696721719,54.0,-0.07493749604138895,0.13333236904748322,-0.0744258788755369,0.1329369730431303,0.027880311889110554,0.14805504468203765
731,-170.93912756686086,3857.865301629393,54.0,-0.07493749604138895,0.01070075214848752,-0.0744258788755369,0.007198067446163895,0.027880311889110554,0.16717857454985316
732,-153.8352027724087,3881.8353385911855,54.0,-0.07493749604138895,0.20119220773786203,-0.0744258788755369,0.20622366383283927,0.027880311889110554,0.15446783630556113
733,-185.1723244532143,3862.5721872323993,54.0,-0.07493749604138895,0.06205810566152358,-0.0744258788755369,0.06351755219358829,0.027880311889110554,0.16142764798179826
734,-201.39282667417103,3905.61281133974,54.0,-0.07493749604138895,-0.012804759946727192,-0.0744258788755369,-0.004933130868932049,0.027880311889110554,0.16981017596734976
735,-194.47015295781316,3889.527551350435,54.0,-0.07493749604138895,0.20267748188563384,-0.0744258788755369,0.20190905579428656,0.027880311889110554,0.15483596143659598
736,-167.4205538799331,3917.759500104368,54.0,-0.07493749604138895,0.23121072582024396,-0.0744258788755369,0.23096305634572084,0.027880311889110554,0.16109967924922763
737,-143.8062093783999,3927.407261262322,54.0,-0.07493749604138895,0.06388287086658825,-0.0744258788755369,0.06317975891593078,0.027880311889110554,0.15353191498830185
738,-128.11374621265907,3902.904347709693,54.0,-0.07493749604138895,0.24483812019159365,-0.0744258788755369,0.2432604118925281,0.027880311889110554,0.1493693309863541
739,-109.38043299124205,3904.605524472531,54.0,-0.07493749604138895,0.18388261294775088,-0.0744258788755369,0.18114443471843217,0.027880311889110554,0.14856282355910772
740,-116.24285178055337,3863.5742101856567,54.0,-0.07493749604138895,0.14603318814875196,-0.0744258788755369,0.15104782700679437,0.027880311889110554,0.15900376639728148
741,-174.55729592021984,3890.937438124017,54.0,-0.07493749604138895,0.19283506215378468,-0.0744258788755369,0.20242756818316643,0.027880311889110554,0.15800138392837154
742,1.9277845768490225,3823.908729256164,54.0,-0.07493749604138895,-0.31574854582326023,-0.0744258788755369,-0.3153393327069118,0.027880311889110554,0.15262399463381945
743,-25.74162000676105,3821.09926387676,54.0,-0.07493749604138895,-0.4219227911951734,-0.0744258788755369,-0.42146828732737135,0.027880311889110554,0.1712659397533957
744,-14.341553360039486,3849.999377693335,54.0,-0.07493749604138895,-0.37855615626105366,-0.0744258788755369,-0.3826504754982839,0.027880311889110554,0.18314744932577726
745,9.734006700963306,3833.316219177283,54.0,-0.07493749604138895,-0.35096467435625034,-0.0744258788755369,-0.3488933655678308,0.027880311889110554,0.1563810637003078
746,15.208905088541387,3859.554982036448,54.0,-0.07493749604138895,-0.2129487942473004,-0.0744258788755369,-0.21152569839084634,0.027880311889110554,0.154143339753195
747,451.7226557817759,4605.272919197221,54.0,-0.07493749604138895,-0.007632288385800581,-0.0744258788755369,-0.00366930368594126,0.027880311889110554,0.16383857562407175
748,469.53695878019,4631.78824899171,54.0,-0.07493749604138895,-0.10834807879538094,-0.0744258788755369,-0.10619450339173284,0.027880311889110554,0.18280793518048544
749,-506.2854616274147,3745.149439059346,54.0,-0.07493749604138895,-0.13628433271517262,-0.0744258788755369,-0.13351576606638643,0.027880311889110554,0.1574157808792758
750,-534.606119933744,3763.415805899948,54.0,-0.07493749604138895,0.0561349095029358,-0.0744258788755369,0.0541790269862745,0.027880311889110554,0.17691303092345442
751,-538.2739372748354,3736.42271139639,54.0,-0.07493749604138895,-0.0008116575491276788,-0.0744258788755369,0.0008319128781713238,0.027880311889110554,0.16762620270327536
752,-503.4668716314065,3749.0075009138736,54.0,-0.07493749604138895,-0.10760524290002692,-0.0744258788755369,-0.10991373392300757,0.027880311889110554,0.15813446123812389
753,-487.9031031712161,3742.382310792889,54.0,-0.07493749604138895,-0.05089033889287573,-0.0744258788755369,-0.051646994331755736,0.027880311889110554,0.16198413078800772
754,-518.1847377928273,3724.680691386569,54.0,-0.07493749604138895,-0.1446921016257819,-0.0744258788755369,-0.1455258894378571,0.027880311889110554,0.17397879686543422
755,469.3720137135748,4786.880795494608,54.0,-0.07493749604138895,0.10434540820981027,-0.0744258788755369,0.1047345294700689,0.027880311889110554,0.15829252452677808
756,459.4190816211761,4766.787538002149,54.0,-0.07493749604138895,0.09716803107270233,-0.0744258788755369,0.09417800143839355,0.027880311889110554,0.1701958047189931
757,457.7529359859426,4742.166364246548,54.0,-0.07493749604138895,0.03095516455461136,-0.0744258788755369,0.03394262375502008,0.027880311889110554,0.18340631933145068
758,430.9369550640612,4736.696942853924,54.0,-0.07493749604138895,0.05965563557777649,-0.0744258788755369,0.06260261539384303,0.027880311889110554,0.19000286269319908
759,64.11247040924663,3872.825368185757,54.0,-0.07493749604138895,-0.05784531086655087,-0.0744258788755369,-0.052321122521418864,0.027880311889110554,0.1592395684369698
760,77.65905487220303,3909.3501493595386,54.0,-0.07493749604138895,-0.09438656578026888,-0.0744258788755369,-0.09201113637623479,0.027880311889110554,0.15851750310695928
761,32.823125034109225,3912.664070630043,54.0,-0.07493749604138895,0.041298427193342375,-0.0744258788755369,0.039649356347900414,0.027880311889110554,0.16005388811079277
762,45.6171520763773,3868.016782251201,54.0,-0.07493749604138895,-0.05971037431797137,-0.0744258788755369,-0.05696939608460147,0.027880311889110554,0.1592572883436508
763,67.19752621553442,3879.29954399636,54.0,-0.07493749604138895,-0.06697931830405947,-0.0744258788755369,-0.07204452959384547,0.027880311889110554,0.16126567978676407
764,329.4081606104876,3998.689087059467,54.0,-0.07493749604138895,0.22187912651597044,-0.0744258788755369,0.22517042721050046,0.027880311889110554,0.14383772045463544
765,343.5160136838465,3991.578570639738,54.0,-0.07493749604138895,0.10302741080291122,-0.0744258788755369,0.10299649097347245,0.027880311889110554,0.14042890979209582
766,326.1144591510769,3985.159052073012,54.0,-0.07493749604138895,0.15830650171992836,-0.0744258788755369,0.15976107181552304,0.027880311889110554,0.13629603394361503
767,355.0956935944724,3991.135378270276,54.0,-0.07493749604138895,0.06922177716851807,-0.0744258788755369,0.06298753097514166,0.027880311889110554,0.15554878235517136
768,348.40911047628657,3967.513791775754,54.0,-0.07493749604138895,-0.15167194809411752,-0.0744258788755369,-0.1440682368013878,0.027880311889110554,0.15572877525757794
769,361.37558788138097,3962.4633601457217,54.0,-0.07493749604138895,-0.22308072491558137,-0.0744258788755369,-0.21914161175979924,0.027880311889110554,0.16884321926301188
770,301.7826715226189,3985.67443842124,54.0,-0.07493749604138895,0.17952131823460313,-0.0744258788755369,0.17711498058696906,0.027880311889110554,0.15526460928673572
771,324.6121656230089,4002.446351914743,54.0,-0.07493749604138895,0.15001064861042995,-0.0744258788755369,0.1557926025551699,0.027880311889110554,0.14254154792490537
772,346.0410833035202,3997.847804836481,54.0,-0.07493749604138895,0.1748393445267937,-0.0744258788755369,0.1761437818087496,0.027880311889110554,0.1516202561026045
773,332.9339408519666,3975.749452511216,54.0,-0.07493749604138895,0.10428816991707121,-0.0744258788755369,0.10531691756106083,0.027880311889110554,0.14983654612080083
774,317.01123892056614,3988.895486735146,54.0,-0.07493749604138895,0.1431115093540435,-0.0744258788755369,0.1474905451525635,0.027880311889110554,0.1391184154011916
775,328.8394826947961,3993.550836550456,54.0,-0.07493749604138895,0.14190808897073132,-0.0744258788755369,0.14351342963831676,0.027880311889110554,0.13557844569280017
776,339.4763602589023,3985.015682510838,54.0,-0.07493749604138895,0.07594937940695953,-0.0744258788755369,0.07476702782396609,0.027880311889110554,0.14114642432613567
777,344.03861217691355,3970.208576259624,54.0,-0.07493749604138895,-0.05192564344807104,-0.0744258788755369,-0.049494243850023864,0.027880311889110554,0.14798607660835894
778,-211.31902072657357,3961.00505155232,54.0,-0.07493749604138895,-0.14629806853626573,-0.0744258788755369,-0.1414566633087082,0.027880311889110554,0.16986879886539352
779,-220.7280618722674,3921.70947526317,54.0,-0.07493749604138895,0.2192161037233071,-0.0744258788755369,0.21839818122102483,0.027880311889110554,0.1559930143997041
780,-237.32088222167792,3935.218089324849,54.0,-0.07493749604138895,0.01043051268939878,-0.0744258788755369,0.012658105658481689,0.027880311889110554,0.14561224363803071
781,-274.9589686987792,3927.862775208853,54.0,-0.07493749604138895,-0.05277536164232925,-0.0744258788755369,-0.05443006520566615,0.027880311889110554,0.16372328255215066
782,-267.48173061784684,3914.497260456359,54.0,-0.07493749604138895,0.13485994302588186,-0.0744258788755369,0.12653932149246822,0.027880311889110554,0.14836542689329052
783,-275.1961394385367,3889.546582295512,54.0,-0.07493749604138895,0.13954189019535201,-0.0744258788755369,0.1377176117748547,0.027880311889110554,0.15286952757803118
784,-301.9075316337328,3909.6895609842554,54.0,-0.07493749604138895,0.10992450709508572,-0.0744258788755369,0.10517591773911265,0.027880311889110554,0.15902786949366446
785,-316.3799621335906,3897.040788971913,54.0,-0.07493749604138895,-0.04363006482666732,-0.0744258788755369,-0.04398437539635305,0.027880311889110554,0.16351553564917412
786,-325.43376241113504,3862.4680735279408,54.0,-0.07493749604138895,0.06408072193181975,-0.0744258788755369,0.06597164707632582,0.027880311889110554,0.13932360406927513
787,-334.9041792227584,3838.7410632234864,54.0,-0.07493749604138895,0.047257134174446415,-0.0744258788755369,0.042327485199004866,0.027880311889110554,0.1541097655202879
788,-339.9484861477804,3874.699950437256,54.0,-0.07493749604138895,0.08601590502958278,-0.0744258788755369,0.08966710853595969,0.027880311889110554,0.16316579606922454
789,-348.5218148107753,3852.772908442407,54.0,-0.07493749604138895,0.07792208128436001,-0.0744258788755369,0.0773941240476076,0.027880311889110554,0.15304432089699144
790,-212.01572236275788,3941.715268979583,54.0,-0.07493749604138895,-0.1435051015174821,-0.0744258788755369,-0.13754374667244557,0.027880311889110554,0.16782944382926074
791,-246.002423575228,3925.582992152925,54.0,-0.07493749604138895,0.13599157030644865,-0.0744258788755369,0.13683923702423145,0.027880311889110554,0.14973825774896848
792,-222.33366666999925,4024.177170602505,54.0,-0.07493749604138895,-0.11097309316518285,-0.0744258788755369,-0.1053532578843286,0.027880311889110554,0.1838421375810232
793,-198.95663681156643,4033.374445441812,54.0,-0.07493749604138895,-0.10355197890691173,-0.0744258788755369,-0.10375738849550853,0.027880311889110554,0.1755373675363256
794,-186.97901038579923,4043.687913582171,54.0,-0.07493749604138895,-0.03621098399340277,-0.0744258788755369,-0.0431338673269378,0.027880311889110554,0.17417984624378188
795,-204.4101306880948,3933.491052087412,54.0,-0.07493749604138895,0.03197008740262836,-0.0744258788755369,0.03838707767541699,0.027880311889110554,0.14817902236490066
796,-221.0025600671725,3926.6580830205703,54.0,-0.07493749604138895,0.16693567452766522,-0.0744258788755369,0.17010900566883808,0.027880311889110554,0.14958962041948518
797,-254.16694977190264,3929.4688952512015,54.0,-0.07493749604138895,-0.004461611652389645,-0.0744258788755369,-0.0036614264574510594,0.027880311889110554,0.15372845235027371
798,-272.92072447444207,3916.205604383721,54.0,-0.07493749604138895,0.042727956954680145,-0.0744258788755369,0.041879714920209025,0.027880311889110554,0.15588059577841962
799,-265.0502416392309,3890.639245876809,54.0,-0.07493749604138895,0.1365061732472092,-0.0744258788755369,0.13801574198577116,0.027880311889110554,0.15920886071552073
800,-305.0054529490755,3895.678747236552,54.0,-0.07493749604138895,0.05841255961750664,-0.0744258788755369,0.05400154190423821,0.027880311889110554,0.15604213598434166
801,-321.8097667276481,3875.861948073805,54.0,-0.07493749604138895,0.06908685704801382,-0.0744258788755369,0.06806643036458312,0.027880311889110554,0.16297906261982495
802,-285.02350266437804,3893.5060598089713,54.0,-0.07493749604138895,0.10211370900337441,-0.0744258788755369,0.09884473288548756,0.027880311889110554,0.14939006624603213
803,-325.60180416002567,3862.5617444854206,54.0,-0.07493749604138895,0.06312048754738957,-0.0744258788755369,0.06309877362955629,0.027880311889110554,0.1381855029916926
804,-198.48172235255237,3962.303825509364,54.0,-0.07493749604138895,-0.10367360354670946,-0.0744258788755369,-0.10389038833583372,0.027880311889110554,0.1718174557168038
805,-245.12942589735192,3951.303957723816,54.0,-0.07493749604138895,-0.1952326204549185,-0.0744258788755369,-0.18999256732729083,0.027880311889110554,0.16383554466016745
806,-242.5354076593333,3921.677539000169,54.0,-0.07493749604138895,0.22196578055980828,-0.0744258788755369,0.22203986353889393,0.027880311889110554,0.15263713366874865
807,-294.2191221519013,3908.731258999061,54.0,-0.07493749604138895,0.08238428394691258,-0.0744258788755369,0.0812484921235868,0.027880311889110554,0.15479469464606516
808,-338.47089415442724,3843.274304183631,54.0,-0.07493749604138895,0.05186348098679049,-0.0744258788755369,0.0527998903875949,0.027880311889110554,0.1542830914432057
809,-224.04897310096092,3960.4650681106295,54.0,-0.07493749604138895,-0.1830565598803097,-0.0744258788755369,-0.17787800052295483,0.027880311889110554,0.16951519926325037
810,-236.9623812718686,3941.249035298143,54.0,-0.07493749604138895,-0.0668798010526235,-0.0744258788755369,-0.06637101403678156,0.027880311889110554,0.1470269027768658
811,572.9048472765722,4786.747663651523,54.0,-0.07493749604138895,-0.1503742511420443,-0.0744258788755369,-0.144261526231461,0.027880311889110554,0.16994110647953553
812,573.470920004366,4818.2752828395405,54.0,-0.07493749604138895,-0.1126236731466587,-0.0744258788755369,-0.10701455333537133,0.027880311889110554,0.1816128154675184
813,565.6577383414963,4767.648796143017,54.0,-0.07493749604138895,0.046121539384084226,-0.0744258788755369,0.043199043746918096,0.027880311889110554,0.15497803648516414
814,325.04419856673445,3890.523033053691,54.0,-0.07493749604138895,0.19880832174832924,-0.0744258788755369,0.20274241586896624,0.027880311889110554,0.1535022122473124
815,326.8205357700357,3870.82711033228,54.0,-0.07493749604138895,0.07772231943679518,-0.0744258788755369,0.07873875024386233,0.027880311889110554,0.1515805619328805
816,322.07013414792897,3854.3413164341778,54.0,-0.07493749604138895,0.20815855928863922,-0.0744258788755369,0.2039181094536482,0.027880311889110554,0.1658737790803055
817,300.148444319119,3836.049470583129,54.0,-0.07493749604138895,0.10564477939184219,-0.0744258788755369,0.0998309000126675,0.027880311889110554,0.16088525128743403
818,298.4736831184446,3865.427505089792,54.0,-0.07493749604138895,0.1480467992319894,-0.0744258788755369,0.15443366285646748,0.027880311889110554,0.15923411435156767
819,312.55779460009745,3872.429480945586,54.0,-0.07493749604138895,0.224938522919034,-0.0744258788755369,0.22478284097839613,0.027880311889110554,0.14309002264224102
820,309.97405298229904,3896.896670356153,54.0,-0.07493749604138895,0.024197948697797615,-0.0744258788755369,0.031121859618652062,0.027880311889110554,0.16705215066241685
821,281.68860591242515,3899.277797409469,54.0,-0.07493749604138895,0.10830257047352625,-0.0744258788755369,0.1138174784289791,0.027880311889110554,0.15416137522168966
822,258.026281620782,3903.2885999367545,54.0,-0.07493749604138895,0.029438492928031513,-0.0744258788755369,0.029792424496591433,0.027880311889110554,0.1528424853736077
823,225.26275792109743,3851.6329722134415,54.0,-0.07493749604138895,-0.1435615184627971,-0.0744258788755369,-0.13874310359997732,0.027880311889110554,0.15981911277884409
824,238.67127808163656,3887.54982630175,54.0,-0.07493749604138895,0.00852431862021256,-0.0744258788755369,0.01434902054950946,0.027880311889110554,0.16336949903874615
825,216.78058276365192,3875.401286069962,54.0,-0.07493749604138895,-0.06059070060296692,-0.0744258788755369,-0.06001323097226975,0.027880311889110554,0.15587108733695557
826,194.69215329829044,3859.7518318258,54.0,-0.07493749604138895,-0.21467693388622938,-0.0744258788755369,-0.2139803699820722,0.027880311889110554,0.1622094028980559
827,184.8894463734039,3844.197419775655,54.0,-0.07493749604138895,-0.22247734229066832,-0.0744258788755369,-0.21939267085656783,0.027880311889110554,0.1558628915775573
828,216.67804085346188,3854.6589930314367,54.0,-0.07493749604138895,-0.13005473973105228,-0.0744258788755369,-0.12698209402345068,0.027880311889110554,0.1600641182625023
829,201.6426748967095,3841.084954194472,54.0,-0.07493749604138895,-0.20873165250099815,-0.0744258788755369,-0.20704164577764014,0.027880311889110554,0.16363238729072538
830,245.1738650954148,3910.692918075235,54.0,-0.07493749604138895,0.0515406623376812,-0.0744258788755369,0.055536739921062186,0.027880311889110554,0.1538815504571063
831,219.492026721324,3902.160321959544,54.0,-0.07493749604138895,0.11297986095054803,-0.0744258788755369,0.12351632601552999,0.027880311889110554,0.14771644654480165
832,233.00864843063775,3870.269977730515,54.0,-0.07493749604138895,-0.06986523039789029,-0.0744258788755369,-0.0652717065597678,0.027880311889110554,0.1573270008559231
833,211.7067472244628,3878.559134011484,54.0,-0.07493749604138895,-0.07176737164729165,-0.0744258788755369,-0.06165937008994313,0.027880311889110554,0.15393314031852368
834,258.4336883859368,3877.8657284365577,54.0,-0.07493749604138895,0.04787595907004007,-0.0744258788755369,0.05169646691589222,0.027880311889110554,0.15830836532475967
835,265.3096747297514,3890.540840509381,54.0,-0.07493749604138895,0.10835486503736126,-0.0744258788755369,0.11688893094670222,0.027880311889110554,0.15230303321119446
836,325.17422066430987,3868.80579167809,54.0,-0.07493749604138895,0.08303873287595076,-0.0744258788755369,0.077524986607245,0.027880311889110554,0.15138814810822032
837,244.26666170076163,3867.105363176406,54.0,-0.07493749604138895,0.019010078089847057,-0.0744258788755369,0.01610596782522805,0.027880311889110554,0.15420750464741567
838,278.4112143194352,3898.247540754817,54.0,-0.07493749604138895,0.1023894551038897,-0.0744258788755369,0.09642061262610546,0.027880311889110554,0.151879862028408
839,315.6588536998603,3884.383887990511,54.0,-0.07493749604138895,0.17147209467623933,-0.0744258788755369,0.16862797809479685,0.027880311889110554,0.1536998949733724
840,296.21345872966407,3852.992610644512,54.0,-0.07493749604138895,0.2235101743837214,-0.0744258788755369,0.22033582474084473,0.027880311889110554,0.1664177390206749
841,314.258204840562,3850.878766542768,54.0,-0.07493749604138895,0.17287120755833388,-0.0744258788755369,0.17798635280241576,0.027880311889110554,0.1592599951594086
842,301.5535634179998,3839.126306448653,54.0,-0.07493749604138895,0.10748991266565833,-0.0744258788755369,0.10209320042868453,0.027880311889110554,0.15783487293430634
843,309.4684575390872,3872.32704628831,54.0,-0.07493749604138895,0.20704049373338104,-0.0744258788755369,0.20551104923275804,0.027880311889110554,0.14341309837323712
844,271.0794516397593,3873.021199386558,54.0,-0.07493749604138895,0.12389050885982411,-0.0744258788755369,0.12551397444351775,0.027880311889110554,0.16244519707594485
845,418.3279091794528,4088.79789404924,54.0,-0.07493749604138895,-0.005658002769778584,-0.0744258788755369,-0.0029885390710157806,0.027880311889110554,0.16259639620097388
846,393.5062405176661,4094.4322381805127,54.0,-0.07493749604138895,-0.023306763178538664,-0.0744258788755369,-0.022078032695428875,0.027880311889110554,0.1587150535182531
847,400.3313909243413,4047.66133186713,54.0,-0.07493749604138895,0.10470992367220894,-0.0744258788755369,0.11046772131085389,0.027880311889110554,0.14953440723263148
848,375.7370348868046,4027.7319162946624,54.0,-0.07493749604138895,0.07561664472958667,-0.0744258788755369,0.07953616095586452,0.027880311889110554,0.17538906530079063
849,426.0873277925459,4044.716857998372,54.0,-0.07493749604138895,0.36188280541497925,-0.0744258788755369,0.35356905193650334,0.027880311889110554,0.14959865404871375
850,362.17199524503343,4082.865688514489,54.0,-0.07493749604138895,0.1699855066326967,-0.0744258788755369,0.16980526899975107,0.027880311889110554,0.15519498201105197
851,379.32967125049646,4082.7270292645976,54.0,-0.07493749604138895,0.12463529706423261,-0.0744258788755369,0.12424429796198444,0.027880311889110554,0.15828048093253202
852,396.279303214471,4080.2510948158647,54.0,-0.07493749604138895,0.048761732309705506,-0.0744258788755369,0.047202818350380246,0.027880311889110554,0.15382458206967733
853,412.8630024415256,4079.543733428927,54.0,-0.07493749604138895,0.12474357078362289,-0.0744258788755369,0.13172860118592783,0.027880311889110554,0.15990318585518032
854,390.0869155343114,4063.230642872049,54.0,-0.07493749604138895,0.19425314574683977,-0.0744258788755369,0.18953843920375563,0.027880311889110554,0.16313291859890938
855,409.2580805256216,4061.619137215324,54.0,-0.07493749604138895,0.2640319696978126,-0.0744258788755369,0.26217188659674406,0.027880311889110554,0.1643203211016189
856,426.6160858045599,4065.7017923821263,54.0,-0.07493749604138895,0.23733374319441727,-0.0744258788755369,0.23867752903574008,0.027880311889110554,0.15146620404698138
857,376.0794496043232,4045.9459437511223,54.0,-0.07493749604138895,0.3100156536251687,-0.0744258788755369,0.31280407690321854,0.027880311889110554,0.17242955518089015
858,398.3143118189128,4046.608749255166,54.0,-0.07493749604138895,0.12254858328317646,-0.0744258788755369,0.1286470021070607,0.027880311889110554,0.15245157343116603
859,417.2204341967305,4045.130344334564,54.0,-0.07493749604138895,0.2586647768410613,-0.0744258788755369,0.2628720683325124,0.027880311889110554,0.1536577246081259
860,383.6118848781027,4094.0408541803,54.0,-0.07493749604138895,0.036191273929965156,-0.0744258788755369,0.03328905211015582,0.027880311889110554,0.1509897055948505
861,717.0231393689389,4816.317861780097,54.0,-0.07493749604138895,0.03829609080131986,-0.0744258788755369,0.0392795998929891,0.027880311889110554,0.15018814147863904
862,734.7719603112209,4807.339234177854,54.0,-0.07493749604138895,0.11182432345806567,-0.0744258788755369,0.11309437491745855,0.027880311889110554,0.16434610952305803
863,697.3348802667408,4793.758636608686,54.0,-0.07493749604138895,0.12552908675508032,-0.0744258788755369,0.12829052341260083,0.027880311889110554,0.14631724396307488
864,655.8608069869983,4781.911311219037,54.0,-0.07493749604138895,0.06367448503171445,-0.0744258788755369,0.06375262393853981,0.027880311889110554,0.16856191388007888
865,712.9824267364081,4777.590250308541,54.0,-0.07493749604138895,0.1530809813003282,-0.0744258788755369,0.15647843549435142,0.027880311889110554,0.14108602733859282
866,668.2282066139936,4750.880796648703,54.0,-0.07493749604138895,0.08497566309368901,-0.0744258788755369,0.08369543947952049,0.027880311889110554,0.16565220199877873
867,706.0578596628206,4742.952353167281,54.0,-0.07493749604138895,0.08308235106043782,-0.0744258788755369,0.08147685074451139,0.027880311889110554,0.16767336727092141
868,676.8632672784381,4706.037975065071,54.0,-0.07493749604138895,0.1860385678458119,-0.0744258788755369,0.19090040198400518,0.027880311889110554,0.1693824275445056
869,657.6587194445295,4799.709264851667,54.0,-0.07493749604138895,-0.021789831012846234,-0.0744258788755369,-0.023380021280855246,0.027880311889110554,0.16813567790367964
870,653.7950700859194,4748.564883259625,54.0,-0.07493749604138895,0.08409032598199345,-0.0744258788755369,0.08644191399394319,0.027880311889110554,0.16850504377625605
871,-92.0214114912519,3766.382293386853,54.0,-0.07493749604138895,0.04147688685789214,-0.0744258788755369,0.036371313289157034,0.027880311889110554,0.16275623575677337
872,-93.85219317436987,3755.7075478339193,54.0,-0.07493749604138895,0.0457830311307191,-0.0744258788755369,0.04456990957627584,0.027880311889110554,0.15828425981616934
873,-111.90305233878944,3768.4491518679,54.0,-0.07493749604138895,0.09572190864234033,-0.0744258788755369,0.09111729599886179,0.027880311889110554,0.16274144013693137
874,-127.89461504541896,3775.704322550012,54.0,-0.07493749604138895,0.2617362777857007,-0.0744258788755369,0.2616608738717817,0.027880311889110554,0.15942764252610445
875,-130.25309186349332,3757.715778785631,54.0,-0.07493749604138895,0.10582431965588196,-0.0744258788755369,0.10480132275240116,0.027880311889110554,0.15095437222443267
876,-141.06702293120463,3788.1607482074223,54.0,-0.07493749604138895,0.23558702624307576,-0.0744258788755369,0.23364564586085154,0.027880311889110554,0.14484561348691005
877,-155.24939862132854,3770.880467030972,54.0,-0.07493749604138895,-0.0233501233971836,-0.0744258788755369,-0.01912632366605111,0.027880311889110554,0.165494831478332
878,-164.4795078687612,3789.103286028052,54.0,-0.07493749604138895,0.04788608735319144,-0.0744258788755369,0.047136677964660256,0.027880311889110554,0.1592766478878041
879,-102.38986574887532,3756.266858370933,54.0,-0.07493749604138895,0.002738740174431971,-0.0744258788755369,0.000725071053170871,0.027880311889110554,0.15771930801202702
880,-138.45523360743735,3784.989842871927,54.0,-0.07493749604138895,0.28507401921875464,-0.0744258788755369,0.2835669075767563,0.027880311889110554,0.15034586596590904
881,-135.97189737011166,3769.9233764008513,54.0,-0.07493749604138895,0.20349764064669415,-0.0744258788755369,0.1998965862710608,0.027880311889110554,0.15319864515031406
882,-97.69554891479424,3779.972848397416,54.0,-0.07493749604138895,-0.06681328291341074,-0.0744258788755369,-0.06440346384710066,0.027880311889110554,0.1700842778201645
883,-120.2634109186522,3744.879416152507,54.0,-0.07493749604138895,0.06514499098752148,-0.0744258788755369,0.06429843142827366,0.027880311889110554,0.1651716625943778
884,-156.924534585463,3784.9748286003496,54.0,-0.07493749604138895,0.09470617521776253,-0.0744258788755369,0.08869093945410775,0.027880311889110554,0.15383283477324955
885,327.9247883281511,3963.7608357246586,54.0,-0.07493749604138895,0.06921023179503451,-0.0744258788755369,0.06974934824582046,0.027880311889110554,0.14697205755047782
886,332.2728487453242,3955.63210174711,54.0,-0.07493749604138895,0.05773816539079685,-0.0744258788755369,0.05736734036905653,0.027880311889110554,0.1353584762759514
887,364.57712380559593,3776.74559736748,54.0,-0.07493749604138895,-0.005785711805015559,-0.0744258788755369,-0.015726970975252448,0.027880311889110554,0.1911941294325334
888,387.9276208759748,3665.165766546727,54.0,-0.07493749604138895,0.23888004041754812,-0.0744258788755369,0.23715525000200288,0.027880311889110554,0.1856666368123817
889,342.9721527010015,3948.745347291568,54.0,-0.07493749604138895,-0.10772654502011589,-0.0744258788755369,-0.10362535650008575,0.027880311889110554,0.15282179568136556
890,330.5930561410029,3952.47921941426,54.0,-0.07493749604138895,0.09690583321730158,-0.0744258788755369,0.09427244805291532,0.027880311889110554,0.13564025379653563
891,-100.4168935768999,3930.978631826396,54.0,-0.07493749604138895,-0.08262771286613435,-0.0744258788755369,-0.08238458324095507,0.027880311889110554,0.15478344849855666
892,-117.70848810354678,3932.343097354881,54.0,-0.07493749604138895,0.0396958972333141,-0.0744258788755369,0.03616863201330297,0.027880311889110554,0.15889669574226276
893,-151.82872063398,3944.3503644953935,54.0,-0.07493749604138895,0.023892670362162912,-0.0744258788755369,0.018234990181175435,0.027880311889110554,0.16695249407103344
894,-183.8079702103253,3930.364447740388,54.0,-0.07493749604138895,0.13572898580672793,-0.0744258788755369,0.13608756738478026,0.027880311889110554,0.1529601490622571
895,-200.8556110931154,3919.167762298929,54.0,-0.07493749604138895,0.08221413002975096,-0.0744258788755369,0.08170179283512277,0.027880311889110554,0.15022269498266175
896,-117.44853647594596,3923.077543792965,54.0,-0.07493749604138895,0.04731945897694039,-0.0744258788755369,0.05126006986180465,0.027880311889110554,0.15277896609113636
897,-193.0671079313358,3925.334640995718,54.0,-0.07493749604138895,0.08879655331357406,-0.0744258788755369,0.08561467911171672,0.027880311889110554,0.14966261685434795
898,-182.80882168342347,3938.420844118436,54.0,-0.07493749604138895,0.12955061799962073,-0.0744258788755369,0.1315967593280245,0.027880311889110554,0.15661340775101504
899,-169.22454351660818,3949.864122291554,54.0,-0.07493749604138895,0.08508872293684379,-0.0744258788755369,0.07839495319488979,0.027880311889110554,0.16477177100386145
900,199.6253137223575,4097.533562704541,54.0,-0.07493749604138895,-0.10636988351265154,-0.0744258788755369,-0.09993158369704971,0.027880311889110554,0.1710923723917994
901,180.5705992492557,4080.48024937745,54.0,-0.07493749604138895,-0.1826289835056563,-0.0744258788755369,-0.18776614773519662,0.027880311889110554,0.15407306468236656
902,190.41227169080057,4085.240191257141,54.0,-0.07493749604138895,-0.19191150045060493,-0.0744258788755369,-0.19151406039549831,0.027880311889110554,0.15874273127566785
903,133.27665841837006,4066.2926462204714,54.0,-0.07493749604138895,0.0480194863886596,-0.0744258788755369,0.04750451360472269,0.027880311889110554,0.14895931395863393
904,161.45756366945437,4064.809444564428,54.0,-0.07493749604138895,-0.08774264338995795,-0.0744258788755369,-0.08899361557213276,0.027880311889110554,0.15113854198067156
905,167.52959921164822,4057.890748444691,54.0,-0.07493749604138895,-0.12466354635804268,-0.0744258788755369,-0.12174787287676439,0.027880311889110554,0.14563388199172006
906,154.67860682326315,4055.93008952698,54.0,-0.07493749604138895,-0.11727864091573453,-0.0744258788755369,-0.11604743511542885,0.027880311889110554,0.13848664359786528
907,131.86898071170762,4053.9416228862974,54.0,-0.07493749604138895,0.019654136705707544,-0.0744258788755369,0.023746826027149684,0.027880311889110554,0.1467946932156569
908,176.52045162103826,4054.157155351148,54.0,-0.07493749604138895,-0.18760330983898665,-0.0744258788755369,-0.18305412826974432,0.027880311889110554,0.15825803935129332
909,144.58738366308845,4040.185673265095,54.0,-0.07493749604138895,-0.03680513613137342,-0.0744258788755369,-0.03968602370074296,0.027880311889110554,0.1376533458740261
910,137.0304050103369,4090.0427831962857,54.0,-0.07493749604138895,0.026886476060892714,-0.0744258788755369,0.02552168590056609,0.027880311889110554,0.16547737479031802
911,146.06286604885338,4070.4912970347327,54.0,-0.07493749604138895,0.0030290562976775597,-0.0744258788755369,-0.000812682926938978,0.027880311889110554,0.1656782218999943
912,184.90358304539177,4077.551448109347,54.0,-0.07493749604138895,-0.22363368548530185,-0.0744258788755369,-0.2243624447255024,0.027880311889110554,0.15418630195577454
913,138.3086584571955,4055.180570312392,54.0,-0.07493749604138895,0.010790326129706727,-0.0744258788755369,0.008981870613164945,0.027880311889110554,0.14463817927153716
914,156.30249231265788,4054.163957898228,54.0,-0.07493749604138895,-0.1323319994917095,-0.0744258788755369,-0.13055746258448458,0.027880311889110554,0.13859281588972766
915,144.93487867158464,4040.1157796648927,54.0,-0.07493749604138895,-0.03925728805980518,-0.0744258788755369,-0.040572764038575654,0.027880311889110554,0.13811042535761311
916,-14.089789104907949,3785.508897541508,54.0,-0.07493749604138895,-0.034450385672956045,-0.0744258788755369,-0.026133121785315152,0.027880311889110554,0.1559797461376722
917,-9.925235130187474,3764.08366154794,54.0,-0.07493749604138895,0.11726217206718846,-0.0744258788755369,0.11646067222419951,0.027880311889110554,0.16150016050705823
918,16.170423993237026,3756.447032381564,54.0,-0.07493749604138895,0.10206733076782995,-0.0744258788755369,0.10344013797481916,0.027880311889110554,0.15351583494867058
919,-11.141473043724488,3725.886702828202,54.0,-0.07493749604138895,-0.1525062227854393,-0.0744258788755369,-0.14707609792901183,0.027880311889110554,0.1618731829183152
920,30.8317163158991,3728.685939677773,54.0,-0.07493749604138895,-0.3210652655191901,-0.0744258788755369,-0.3179521097508229,0.027880311889110554,0.17271050218175238
921,15.043445181788934,3715.8110582869726,54.0,-0.07493749604138895,-0.21370168070811715,-0.0744258788755369,-0.21040771332007546,0.027880311889110554,0.16174504676971582
922,1.0232192929827142,3799.386055081737,54.0,-0.07493749604138895,-0.07337432496967394,-0.0744258788755369,-0.07990737345276283,0.027880311889110554,0.15007905404406516
923,3.004810249261907,3742.404604751321,54.0,-0.07493749604138895,-0.049141426012881594,-0.0744258788755369,-0.05076687289615168,0.027880311889110554,0.1513642847873462
924,-34.95691718764405,3775.115165439217,54.0,-0.07493749604138895,-0.21784571340931483,-0.0744258788755369,-0.21197476486672778,0.027880311889110554,0.16462380224627787
925,-3.976707935406477,3790.887532136633,54.0,-0.07493749604138895,0.0074080171294304735,-0.0744258788755369,0.008578063501496046,0.027880311889110554,0.1553742292257101
926,-23.639994217954985,3791.306169721887,54.0,-0.07493749604138895,-0.2322783257045665,-0.0744258788755369,-0.2327005758489708,0.027880311889110554,0.16383411523137018
927,-6.626156437287864,3726.2710578770343,54.0,-0.07493749604138895,-0.20920279623904894,-0.0744258788755369,-0.20855885797022283,0.027880311889110554,0.16134688904980166
928,23.08560742794845,3730.459636285315,54.0,-0.07493749604138895,-0.33360842538976293,-0.0744258788755369,-0.32811342993183024,0.027880311889110554,0.17371657704088958
929,-1.177771162963938,3741.453930125509,54.0,-0.07493749604138895,-0.06336413684982298,-0.0744258788755369,-0.056525607660234914,0.027880311889110554,0.1504871943984306
930,-15.66548375733837,3741.6238639024086,54.0,-0.07493749604138895,-0.09985222819326803,-0.0744258788755369,-0.09885936863103675,0.027880311889110554,0.16463524772934718
931,-11.032979497787542,3811.934593534735,54.0,-0.07493749604138895,-0.35035728554318957,-0.0744258788755369,-0.3493357381905332,0.027880311889110554,0.16506646854846652
932,-46.00446954103198,3809.903916821808,54.0,-0.07493749604138895,-0.48257490159123234,-0.0744258788755369,-0.4832787282842377,0.027880311889110554,0.16681256002486422
933,-35.47065700717375,3757.803246760093,54.0,-0.07493749604138895,-0.10707119493725872,-0.0744258788755369,-0.10440252929805113,0.027880311889110554,0.16635762807756693
934,-365.5449472651887,3844.923133756668,54.0,-0.07493749604138895,-0.05030125934575035,-0.0744258788755369,-0.05038624959150963,0.027880311889110554,0.15851377563260302
935,-404.3169497068079,3847.280124510167,54.0,-0.07493749604138895,-0.17585211791687244,-0.0744258788755369,-0.1748116010750733,0.027880311889110554,0.1535795224533328
936,-426.80940638540346,3840.4396818768737,54.0,-0.07493749604138895,-0.18871859450972328,-0.0744258788755369,-0.1887336738199299,0.027880311889110554,0.16302860254634524
937,-430.10570094557687,3824.844250380473,54.0,-0.07493749604138895,-0.10535430145558766,-0.0744258788755369,-0.10816130067326499,0.027880311889110554,0.14257616195757933
938,-404.2850942785308,3824.185449432093,54.0,-0.07493749604138895,-0.1375743252889413,-0.0744258788755369,-0.1362588786897599,0.027880311889110554,0.14859897533834066
939,-387.5803323118312,3805.307151192845,54.0,-0.07493749604138895,-0.026098625501160478,-0.0744258788755369,-0.02555336450293396,0.027880311889110554,0.15057293183777185
940,-347.06149835086603,3826.251861541413,54.0,-0.07493749604138895,-0.000646644200096605,-0.0744258788755369,-0.0035191719883439156,0.027880311889110554,0.1548249015742195
941,-331.78244143248816,3824.7065382645146,54.0,-0.07493749604138895,0.11378581460025941,-0.0744258788755369,0.11239263769324145,0.027880311889110554,0.14845041685391736
942,-422.5455709687562,3814.5572286094944,54.0,-0.07493749604138895,-0.09180357041369422,-0.0744258788755369,-0.09220200124140981,0.027880311889110554,0.14537802791075546
943,-405.0491789294172,3804.950457916575,54.0,-0.07493749604138895,-0.09471409573867422,-0.0744258788755369,-0.08987578975256985,0.027880311889110554,0.1494973418535503
944,-375.2625317522474,3806.274998549873,54.0,-0.07493749604138895,0.09112644332298962,-0.0744258788755369,0.09921627171080794,0.027880311889110554,0.1645112013277869
945,-324.4374894603114,3809.0351637860767,54.0,-0.07493749604138895,0.05156179619016175,-0.0744258788755369,0.05566685773846543,0.027880311889110554,0.14863916147654072
946,-323.37869107917845,3794.1605352946544,54.0,-0.07493749604138895,0.049488422108661945,-0.0744258788755369,0.047525292408230196,0.027880311889110554,0.15473147174922952
947,-300.24385858311143,3785.907132981712,54.0,-0.07493749604138895,0.019226722240850817,-0.0744258788755369,0.023260927040018683,0.027880311889110554,0.17311465595615266
948,-322.7466350537741,3780.7052923180495,54.0,-0.07493749604138895,0.03176867070462352,-0.0744258788755369,0.032649857303472606,0.027880311889110554,0.16648684546781145
949,-410.71675667600334,3818.6661092592935,54.0,-0.07493749604138895,-0.10241566427279472,-0.0744258788755369,-0.09742321542363916,0.027880311889110554,0.13816934693783414
950,-318.88329414751405,3818.9288382704895,54.0,-0.07493749604138895,0.06599370609942036,-0.0744258788755369,0.06459876212792748,0.027880311889110554,0.15077199193636337
951,-326.3434765158958,3801.390735089175,54.0,-0.07493749604138895,0.045602096758176176,-0.0744258788755369,0.05283343452460931,0.027880311889110554,0.1499167495449555
952,-330.9905831547808,3820.9309390757303,54.0,-0.07493749604138895,0.1044575783602071,-0.0744258788755369,0.09947553772955814,0.027880311889110554,0.14952336287300386
953,-397.3841504799605,3803.674758178313,54.0,-0.07493749604138895,-0.1031818153403616,-0.0744258788755369,-0.09383176784735724,0.027880311889110554,0.15233200071734757
954,-419.2811331727221,3819.932467451428,54.0,-0.07493749604138895,-0.0765159446344213,-0.0744258788755369,-0.07423586684729302,0.027880311889110554,0.13577140067659133
955,-430.0306146106633,3823.248815696748,54.0,-0.07493749604138895,-0.09796651814740352,-0.0744258788755369,-0.09647804778262231,0.027880311889110554,0.14193631616968502
956,-356.75431567410976,3871.390050348002,54.0,-0.07493749604138895,0.1797398558587289,-0.0744258788755369,0.17841622214081226,0.027880311889110554,0.16969702512984408
957,-361.4765283296221,3855.8723056535537,54.0,-0.07493749604138895,0.10692859112858007,-0.0744258788755369,0.10123555132573125,0.027880311889110554,0.1584408577707392
958,-359.4180979857128,3824.821999979614,54.0,-0.07493749604138895,0.025107467632074144,-0.0744258788755369,0.03232982562558661,0.027880311889110554,0.15685825725175906
959,-389.52855139742405,3828.604088282125,54.0,-0.07493749604138895,-0.1114711703072571,-0.0744258788755369,-0.11112968230585016,0.027880311889110554,0.15904867046373725
960,-405.1070033799106,3843.96989474742,54.0,-0.07493749604138895,-0.14170180990364914,-0.0744258788755369,-0.14460574886086194,0.027880311889110554,0.15075794194001538
961,-385.96925192827536,3848.54266155951,54.0,-0.07493749604138895,-0.00013923084553020177,-0.0744258788755369,-0.00045075465803798797,0.027880311889110554,0.17258621467311927
962,-349.86677463547466,3797.3692427216415,54.0,-0.07493749604138895,0.10073869211854887,-0.0744258788755369,0.09959854922899858,0.027880311889110554,0.17440839799118452
963,312.0063800751807,3962.5976151222,54.0,-0.07493749604138895,0.10479014236469614,-0.0744258788755369,0.10512393357051994,0.027880311889110554,0.15675287792705433
964,294.3184227939459,3953.278734719593,54.0,-0.07493749604138895,0.12061128308205189,-0.0744258788755369,0.1154077912398615,0.027880311889110554,0.16814933123405895
965,282.8565774544674,3927.6210696294247,54.0,-0.07493749604138895,0.04257728534384691,-0.0744258788755369,0.04405453675346592,0.027880311889110554,0.15380453573121738
966,257.8071990994817,3924.222274123985,54.0,-0.07493749604138895,-0.09605263005354012,-0.0744258788755369,-0.09432109138627506,0.027880311889110554,0.1352000835975494
967,269.84970995130976,3931.065440669821,54.0,-0.07493749604138895,-0.06402379629116874,-0.0744258788755369,-0.06846096918076901,0.027880311889110554,0.14436241580831152
968,265.89587639025353,3963.952669789918,54.0,-0.07493749604138895,-0.02741371860321356,-0.0744258788755369,-0.027374268440090586,0.027880311889110554,0.16545472584358176
969,257.8456175484073,3924.298953712429,54.0,-0.07493749604138895,-0.09617871949815042,-0.0744258788755369,-0.09107837948647737,0.027880311889110554,0.13569164601317474
970,255.9945365072104,3935.7183858934864,54.0,-0.07493749604138895,-0.12588493257490388,-0.0744258788755369,-0.1253036967319689,0.027880311889110554,0.15453809611809669
971,316.862912508576,3944.2065035608966,54.0,-0.07493749604138895,0.09792133152013796,-0.0744258788755369,0.09696922818593767,0.027880311889110554,0.15239247350759244
972,268.7957598518551,3938.397485964539,54.0,-0.07493749604138895,-0.09217798957107595,-0.0744258788755369,-0.08212816775992586,0.027880311889110554,0.15262816169920337
973,265.5810654443671,3915.0122178437146,54.0,-0.07493749604138895,-0.10788263903852406,-0.0744258788755369,-0.1037521378910013,0.027880311889110554,0.1565162249156428
974,315.679871493891,3931.668345406915,54.0,-0.07493749604138895,0.17133150899203275,-0.0744258788755369,0.1712249034980739,0.027880311889110554,0.15752002377885135
975,282.8109787262265,3934.715241609255,54.0,-0.07493749604138895,0.10123002491091272,-0.0744258788755369,0.09529627230811932,0.027880311889110554,0.1608029418375843
976,438.81434760294826,4291.256191853341,54.0,-0.07493749604138895,-0.2080489243744268,-0.0744258788755369,-0.21291627906299432,0.027880311889110554,0.15683350861615647
977,377.16969184701134,4276.396603589449,54.0,-0.07493749604138895,-0.2163191923350665,-0.0744258788755369,-0.21524302765727055,0.027880311889110554,0.17105179512267196
978,427.0445354813797,4273.499297857495,54.0,-0.07493749604138895,-0.24615235791921283,-0.0744258788755369,-0.25121207649679955,0.027880311889110554,0.1590432789831361
979,448.2237718674139,4272.568389041,54.0,-0.07493749604138895,-0.2807597458977734,-0.0744258788755369,-0.2829570749079416,0.027880311889110554,0.15398431302858723
980,446.8191658251622,4253.768504772488,54.0,-0.07493749604138895,-0.2041667516669611,-0.0744258788755369,-0.20269459869826967,0.027880311889110554,0.1541693268098548
981,411.9733803257818,4249.080345490381,54.0,-0.07493749604138895,-0.2566544276431271,-0.0744258788755369,-0.2499095692909094,0.027880311889110554,0.14188107757640517
982,436.6238156529476,4249.314832035256,54.0,-0.07493749604138895,-0.2597726944145504,-0.0744258788755369,-0.26064910592028945,0.027880311889110554,0.15114759269252326
983,443.0288497265207,4234.908068774709,54.0,-0.07493749604138895,-0.1561837040307146,-0.0744258788755369,-0.1548455631595308,0.027880311889110554,0.15541188568327535
984,435.8106676438648,4222.73374007691,54.0,-0.07493749604138895,-0.08671462517925424,-0.0744258788755369,-0.08638594638864577,0.027880311889110554,0.14960770086466105
985,416.0821692336259,4218.164004700096,54.0,-0.07493749604138895,-0.168993397407142,-0.0744258788755369,-0.16963411251673477,0.027880311889110554,0.14950770124926016
986,391.0018042011845,4213.433874649227,54.0,-0.07493749604138895,-0.16370260854304222,-0.0744258788755369,-0.16321795693850413,0.027880311889110554,0.1677626245897897
987,400.6543211977099,4197.618852742186,54.0,-0.07493749604138895,-0.13458638205661871,-0.0744258788755369,-0.13632571881015196,0.027880311889110554,0.15260737424660203
988,420.8438581890216,4195.57911254482,54.0,-0.07493749604138895,-0.14370694518219246,-0.0744258788755369,-0.14175973608571318,0.027880311889110554,0.15129140749557965
989,445.89422324985344,4248.614738828751,54.0,-0.07493749604138895,-0.17200565678371607,-0.0744258788755369,-0.17313979414174674,0.027880311889110554,0.15729095518511016
990,435.11914917042,4235.955205541315,54.0,-0.07493749604138895,-0.13735451486509145,-0.0744258788755369,-0.1409415585295284,0.027880311889110554,0.14350919664455578
991,425.9413030559138,4217.635551223826,54.0,-0.07493749604138895,-0.15332564202505394,-0.0744258788755369,-0.15302186955244249,0.027880311889110554,0.1472238488916717
992,438.4164680502774,4215.068249794143,54.0,-0.07493749604138895,0.025447122274269637,-0.0744258788755369,0.025773381137443204,0.027880311889110554,0.15748288484755876
993,394.7738706108567,4205.194212624403,54.0,-0.07493749604138895,-0.184691125202852,-0.0744258788755369,-0.18771235754165816,0.027880311889110554,0.15848601267908444
994,428.2859587728415,4202.05740045784,54.0,-0.07493749604138895,-0.07082447646838196,-0.0744258788755369,-0.07466059795552063,0.027880311889110554,0.15641632938260214
995,414.5220180223404,4194.72156940495,54.0,-0.07493749604138895,-0.16492169770804782,-0.0744258788755369,-0.16822772510840867,0.027880311889110554,0.15672175026136279
996,416.2556929545757,4313.9028901392985,54.0,-0.07493749604138895,-0.1671687563460684,-0.0744258788755369,-0.1639859602145332,0.027880311889110554,0.17024184990735755
997,428.5710453250903,4289.332939439008,54.0,-0.07493749604138895,-0.2107630323835029,-0.0744258788755369,-0.21059783140007943,0.027880311889110554,0.1635543573697906
998,445.6080558911104,4284.859160068763,54.0,-0.07493749604138895,-0.18591170666062304,-0.0744258788755369,-0.18517936720450667,0.027880311889110554,0.15321219936910108
999,461.25934481415896,4285.045081675647,54.0,-0.07493749604138895,-0.23174247930315772,-0.0744258788755369,-0.223536192886223,0.027880311889110554,0.17096826477739585
1000,413.44368953224784,4276.820130489507,54.0,-0.07493749604138895,-0.28796965282060594,-0.0744258788755369,-0.27975196950628556,0.027880311889110554,0.16999453484162028
1001,391.8808158955226,4258.73653007643,54.0,-0.07493749604138895,-0.12063953428463572,-0.0744258788755369,-0.12433263063798952,0.027880311889110554,0.16335185038876862
1002,411.930196078557,4249.125208015304,54.0,-0.07493749604138895,-0.2563824758886897,-0.0744258788755369,-0.24876967300726816,0.027880311889110554,0.1417837381772553
1003,423.6141353116863,4253.411593782615,54.0,-0.07493749604138895,-0.2697356516047899,-0.0744258788755369,-0.2675424148034836,0.027880311889110554,0.1519975931010188
