ssn,staX,staY,zoneUTM,dc_0_mean,dc_1as_mean,dc_0_med,dc_1as_med,dc_0_unc,dc_1as_unc
1,709.3156474961163,4899.047215952385,54.0,-0.005740329083535543,-0.2400691144337835,-0.005413932939414214,-0.24088829125779393,0.02305951119789884,0.18879014126565097
2,667.6752331939205,4857.261376584086,54.0,-0.005740329083535543,-0.21514403064909104,-0.005413932939414214,-0.21290170162790018,0.02305951119789884,0.17860618483223972
3,819.8396797384605,4886.73951333974,54.0,-0.005740329083535543,-0.3694659202636188,-0.005413932939414214,-0.3720635027679825,0.02305951119789884,0.1488318865311247
4,805.6140450425772,4870.803030726163,54.0,-0.005740329083535543,-0.37861692780478107,-0.005413932939414214,-0.3762452349231412,0.02305951119789884,0.174740068466701
5,735.8336122292334,4885.121782214496,54.0,-0.005740329083535543,-0.3044902672932632,-0.005413932939414214,-0.3072969344669282,0.02305951119789884,0.17340331386030572
6,756.232407030068,4867.317475790108,54.0,-0.005740329083535543,-0.37678364775593487,-0.005413932939414214,-0.37346093464602187,0.02305951119789884,0.17155197265627942
7,777.8676705895632,4861.758225558903,54.0,-0.005740329083535543,-0.38374335626443185,-0.005413932939414214,-0.3775054323427426,0.02305951119789884,0.17009586594948217
8,697.39154249737,4846.12742864999,54.0,-0.005740329083535543,-0.1538964805921307,-0.005413932939414214,-0.15568130190596685,0.02305951119789884,0.15919589415042737
9,756.4256578398193,4846.011984473181,54.0,-0.005740329083535543,-0.3523066906257663,-0.005413932939414214,-0.34610263212054976,0.02305951119789884,0.1673746588464202
10,702.4690973001353,4834.41795369018,54.0,-0.005740329083535543,-0.1890398452082976,-0.005413932939414214,-0.1923647066622086,0.02305951119789884,0.15160905715443132
11,128.51496790687293,3913.739001202812,54.0,-0.005740329083535543,-0.06769932968341155,-0.005413932939414214,-0.06572475616506898,0.02305951119789884,0.14771682861740276
12,154.50504546553583,3901.5896026139903,54.0,-0.005740329083535543,-0.12446760766191953,-0.005413932939414214,-0.11871436765015245,0.02305951119789884,0.15402005224272156
13,182.17667623346983,3902.5741380529994,54.0,-0.005740329083535543,-0.19393138983687655,-0.005413932939414214,-0.1938523254835514,0.02305951119789884,0.14224796309148502
14,166.08076979623368,3894.653559544712,54.0,-0.005740329083535543,-0.21087108395971033,-0.005413932939414214,-0.21082994949777195,0.02305951119789884,0.1389649055918885
15,187.83731878982752,3889.567114997888,54.0,-0.005740329083535543,-0.3170556683338949,-0.005413932939414214,-0.31356935607831216,0.02305951119789884,0.15141403422260616
16,143.10717359488643,3838.030342010029,54.0,-0.005740329083535543,0.031301795059869304,-0.005413932939414214,0.02803242056510901,0.02305951119789884,0.1539198738367403
17,139.77999744006962,3872.595402570746,54.0,-0.005740329083535543,-0.042891501731089084,-0.005413932939414214,-0.04407624382530973,0.02305951119789884,0.16020144671826386
18,123.08297592290974,3868.4555154718055,54.0,-0.005740329083535543,-0.04708570108771571,-0.005413932939414214,-0.05077243133500949,0.02305951119789884,0.16543579129680372
19,137.03362976716522,3837.5668472098328,54.0,-0.005740329083535543,0.06254740038457474,-0.005413932939414214,0.06010145848942712,0.02305951119789884,0.15503948306241852
20,172.65571807246388,3903.30306557218,54.0,-0.005740329083535543,-0.14726828371775194,-0.005413932939414214,-0.14593302357310617,0.02305951119789884,0.14244600241000316
21,161.89050717369193,3870.304886320098,54.0,-0.005740329083535543,-0.22340802498163861,-0.005413932939414214,-0.22406111341639273,0.02305951119789884,0.14436060603524517
22,169.18230311230798,3841.7481574939534,54.0,-0.005740329083535543,-0.1704782939901862,-0.005413932939414214,-0.17622062484100834,0.02305951119789884,0.1683611233920342
23,191.90109938987828,3878.2746935665655,54.0,-0.005740329083535543,-0.35994709332288705,-0.005413932939414214,-0.36426929317312073,0.02305951119789884,0.1563099745374429
24,141.44423435963492,3914.1041134189504,54.0,-0.005740329083535543,-0.11060515783023239,-0.005413932939414214,-0.11360416748043842,0.02305951119789884,0.15249675163412774
25,143.62984271407734,3856.494018898308,54.0,-0.005740329083535543,-0.03746488716063201,-0.005413932939414214,-0.04121888202698208,0.02305951119789884,0.15437570115700844
26,140.03220610245066,3900.631536167624,54.0,-0.005740329083535543,-0.018284986281776213,-0.005413932939414214,-0.021355371777967116,0.02305951119789884,0.15323644494514685
27,166.13464768580218,3894.629348195649,54.0,-0.005740329083535543,-0.21091438120044062,-0.005413932939414214,-0.21061536018208193,0.02305951119789884,0.13897214176461653
28,184.34237201585265,3895.6542281596544,54.0,-0.005740329083535543,-0.2922206017275659,-0.005413932939414214,-0.28663102631401804,0.02305951119789884,0.1422314179415661
29,201.93033620389085,3898.3572697427626,54.0,-0.005740329083535543,-0.2328156447460035,-0.005413932939414214,-0.23483041317645958,0.02305951119789884,0.15680602148687395
30,156.44613989927444,3875.4647167104135,54.0,-0.005740329083535543,-0.18843624858272653,-0.005413932939414214,-0.187690102822652,0.02305951119789884,0.14944033879100327
31,172.2658209063685,3873.515622530464,54.0,-0.005740329083535543,-0.2847519946420348,-0.005413932939414214,-0.29060420099564044,0.02305951119789884,0.1468443587230447
32,179.01893925451702,3867.320308590613,54.0,-0.005740329083535543,-0.31771865574958585,-0.005413932939414214,-0.3143653421228715,0.02305951119789884,0.15448363985709068
33,128.10338903664118,3851.740618485764,54.0,-0.005740329083535543,0.005743101505050092,-0.005413932939414214,0.008656850313751255,0.02305951119789884,0.15429263713490018
34,174.16005358193937,3855.0147189033455,54.0,-0.005740329083535543,-0.28617179360138406,-0.005413932939414214,-0.28528958267324867,0.02305951119789884,0.1573319858952465
35,478.15084649167727,4464.183681943689,54.0,-0.005740329083535543,-0.12447424442247723,-0.005413932939414214,-0.1197374574900113,0.02305951119789884,0.16315483225403082
36,463.0904010410905,4457.560365448071,54.0,-0.005740329083535543,0.09015767281095731,-0.005413932939414214,0.0875523365307431,0.02305951119789884,0.14429757964683748
37,437.3541612908576,4458.895894433887,54.0,-0.005740329083535543,0.1552796801285278,-0.005413932939414214,0.1493184686269432,0.02305951119789884,0.15213083571086364
38,413.6573433925362,4471.4083781216295,54.0,-0.005740329083535543,-0.028964252370891196,-0.005413932939414214,-0.024616623338772264,0.02305951119789884,0.1792133887273606
39,420.6163417766562,4415.183917581038,54.0,-0.005740329083535543,0.25467377771169014,-0.005413932939414214,0.2531755913707108,0.02305951119789884,0.1666595595965111
40,401.3841185749654,4415.951924993758,54.0,-0.005740329083535543,0.2526494146867672,-0.005413932939414214,0.24902781399899446,0.02305951119789884,0.1819978939044272
41,422.8827476086131,4397.34517396153,54.0,-0.005740329083535543,0.16620720402349423,-0.005413932939414214,0.15973411993585748,0.02305951119789884,0.16448210619394907
42,464.0768372445594,4407.064429668476,54.0,-0.005740329083535543,0.11903511501287149,-0.005413932939414214,0.11890808098469229,0.02305951119789884,0.1329048510612126
43,475.8317961471988,4394.399108234459,54.0,-0.005740329083535543,0.06716360950798088,-0.005413932939414214,0.07074985454098548,0.02305951119789884,0.15492355180435793
44,441.7352774844472,4384.348452276274,54.0,-0.005740329083535543,0.021011129543943755,-0.005413932939414214,0.015948877012458982,0.02305951119789884,0.14821669562723855
45,461.8257494002237,4382.902154782314,54.0,-0.005740329083535543,-0.023865224135744396,-0.005413932939414214,-0.02258248014457446,0.02305951119789884,0.14421960928651453
46,462.3096820238882,4349.882377856321,54.0,-0.005740329083535543,0.08966302428851482,-0.005413932939414214,0.08404137895304004,0.02305951119789884,0.16723536668873165
47,430.0693145736199,4338.606545961896,54.0,-0.005740329083535543,-0.10085212242599276,-0.005413932939414214,-0.10655384960545004,0.02305951119789884,0.16006527142242344
48,452.48668196591865,4321.181261560588,54.0,-0.005740329083535543,-0.059036308824062696,-0.005413932939414214,-0.06105023260195723,0.02305951119789884,0.15324867696052263
49,449.044917057454,4427.372863314673,54.0,-0.005740329083535543,0.08891539864904226,-0.005413932939414214,0.08554992533639125,0.02305951119789884,0.1480834187935346
50,471.4559701946234,4402.715936092695,54.0,-0.005740329083535543,0.06945873099623047,-0.005413932939414214,0.06824073565956698,0.02305951119789884,0.14940114400920876
51,475.5450238588451,4333.03888591012,54.0,-0.005740329083535543,0.22541876672627026,-0.005413932939414214,0.22604953093895516,0.02305951119789884,0.15145459076562034
52,463.9665587999344,4407.275828022564,54.0,-0.005740329083535543,0.12047817930631605,-0.005413932939414214,0.12308384130028671,0.02305951119789884,0.13318402339355664
53,463.2958110311122,4390.486480472092,54.0,-0.005740329083535543,0.05517480311519107,-0.005413932939414214,0.053416219132837436,0.02305951119789884,0.14476336226439981
54,424.7541420823547,4341.807884221032,54.0,-0.005740329083535543,-0.12197078731796922,-0.005413932939414214,-0.11946964532441032,0.02305951119789884,0.1648043673410528
55,475.200490753821,4336.125087441123,54.0,-0.005740329083535543,0.20277479024214135,-0.005413932939414214,0.2010821540257281,0.02305951119789884,0.14994878795482827
56,441.0471192053797,4324.965345583502,54.0,-0.005740329083535543,-0.18241781889512246,-0.005413932939414214,-0.17946949248738192,0.02305951119789884,0.16051015325946785
57,456.2761219480929,4314.689427575413,54.0,-0.005740329083535543,-0.06278412510240483,-0.005413932939414214,-0.06062382522777183,0.02305951119789884,0.16237433920204775
58,486.3913924564008,4478.416425086557,54.0,-0.005740329083535543,-0.1128488304217083,-0.005413932939414214,-0.10583807045182603,0.02305951119789884,0.15925319879577451
59,434.92773393180914,4463.423300941039,54.0,-0.005740329083535543,0.09096233388544575,-0.005413932939414214,0.0936658649712608,0.02305951119789884,0.15410362654451465
60,454.0574214945663,4458.475818282948,54.0,-0.005740329083535543,0.06348607958391553,-0.005413932939414214,0.05973094494699811,0.02305951119789884,0.14834529126823287
61,464.4083453145252,4461.161482502334,54.0,-0.005740329083535543,0.02824790900452535,-0.005413932939414214,0.029568652442036512,0.02305951119789884,0.14152467409964206
62,433.5165486821991,4418.668216363436,54.0,-0.005740329083535543,0.21603304155960487,-0.005413932939414214,0.22000042455906524,0.02305951119789884,0.15830129817618352
63,449.3852529635216,4425.916545048914,54.0,-0.005740329083535543,0.08050605922923953,-0.005413932939414214,0.08324342824422151,0.02305951119789884,0.14793950358010158
64,483.6599253446036,4434.678431866685,54.0,-0.005740329083535543,-0.012733273829374768,-0.005413932939414214,-0.013740853213835814,0.02305951119789884,0.1657707214351368
65,449.19507381456793,4393.341358041034,54.0,-0.005740329083535543,-0.03747621397689897,-0.005413932939414214,-0.03123853965470391,0.02305951119789884,0.15252691339186125
66,443.9862101028399,4377.461544255477,54.0,-0.005740329083535543,-0.04481201493708676,-0.005413932939414214,-0.04458726426812566,0.02305951119789884,0.15385796952883474
67,466.6332349019849,4378.7179507745,54.0,-0.005740329083535543,-0.021728049249291444,-0.005413932939414214,-0.02077942569560183,0.02305951119789884,0.14487026188902982
68,447.1765556096275,4356.329542239,54.0,-0.005740329083535543,-0.08436711464568176,-0.005413932939414214,-0.08862040470986621,0.02305951119789884,0.173373833444502
69,454.3164335836594,4338.138967133773,54.0,-0.005740329083535543,-0.11094458293691671,-0.005413932939414214,-0.10685163590164948,0.02305951119789884,0.16448169381577676
70,493.6928066659663,4597.231199427339,54.0,-0.005740329083535543,0.0794332881383712,-0.005413932939414214,0.07949551648768977,0.02305951119789884,0.15608715067469345
71,484.3679695761251,4575.18604113906,54.0,-0.005740329083535543,0.0015597212905757822,-0.005413932939414214,0.012887350509131718,0.02305951119789884,0.16084641909845465
72,532.2627220778933,4557.589222026572,54.0,-0.005740329083535543,0.34806693067134703,-0.005413932939414214,0.34221687042979665,0.02305951119789884,0.18336233732583135
73,523.7563279528324,4473.568851454813,54.0,-0.005740329083535543,0.11819941856754686,-0.005413932939414214,0.11400215173835374,0.02305951119789884,0.1466057986715884
74,468.6871050542589,4480.412063966041,54.0,-0.005740329083535543,-0.03489029580596525,-0.005413932939414214,-0.03742680557528419,0.02305951119789884,0.15295165752953335
75,409.3824134202946,4498.936102519641,54.0,-0.005740329083535543,0.14751319916012223,-0.005413932939414214,0.15430808005640922,0.02305951119789884,0.17545342395284907
76,432.2908893266161,4514.445305024319,54.0,-0.005740329083535543,0.07180750033954814,-0.005413932939414214,0.06769149821467005,0.02305951119789884,0.1643463236758842
77,492.89260402339454,4537.916828260732,54.0,-0.005740329083535543,-0.027321001137499447,-0.005413932939414214,-0.027464896478336373,0.02305951119789884,0.16800927595727833
78,442.1326126035325,4553.206528131934,54.0,-0.005740329083535543,0.06677405237736955,-0.005413932939414214,0.0682696691272549,0.02305951119789884,0.1812176388118271
79,493.1570022965957,4505.480440009388,54.0,-0.005740329083535543,0.25027970269521377,-0.005413932939414214,0.24575973652773608,0.02305951119789884,0.17492425224929814
80,492.7167606133789,4597.298731191927,54.0,-0.005740329083535543,0.07281723701473766,-0.005413932939414214,0.06923002072294616,0.02305951119789884,0.15561171854633063
81,499.1284447513814,4564.733863047741,54.0,-0.005740329083535543,0.04120542067937783,-0.005413932939414214,0.04672186163911893,0.02305951119789884,0.17576474519355567
82,508.7065167837801,4522.821433130314,54.0,-0.005740329083535543,0.13622761162887223,-0.005413932939414214,0.13256159170667886,0.02305951119789884,0.16983463216751765
83,531.4531433032308,4535.094421349946,54.0,-0.005740329083535543,0.10195707172319617,-0.005413932939414214,0.10033222541387851,0.02305951119789884,0.17793411852325014
84,417.5417981826776,4510.920120596271,54.0,-0.005740329083535543,0.14717691407856326,-0.005413932939414214,0.14747168229498592,0.02305951119789884,0.1675731234561204
85,441.93857113184015,4512.542727438793,54.0,-0.005740329083535543,-0.11271575782739465,-0.005413932939414214,-0.11375980923719056,0.02305951119789884,0.16303340658004303
86,445.0125303850925,4496.766849919227,54.0,-0.005740329083535543,-0.14645362087068148,-0.005413932939414214,-0.14323019793202468,0.02305951119789884,0.15920143118594068
87,471.62633083117146,4495.418984338536,54.0,-0.005740329083535543,-0.03546609663495522,-0.005413932939414214,-0.03517850819240094,0.02305951119789884,0.16251035278607637
88,499.5768344061536,4492.134792576995,54.0,-0.005740329083535543,0.08352620234580241,-0.005413932939414214,0.07957805883164543,0.02305951119789884,0.15310522065507767
89,513.0918490821646,4492.656885412151,54.0,-0.005740329083535543,0.09321737599592538,-0.005413932939414214,0.09058892805273792,0.02305951119789884,0.1591674088541081
90,537.6705968009035,4492.163362940774,54.0,-0.005740329083535543,0.0487226025808394,-0.005413932939414214,0.048966793607359095,0.02305951119789884,0.168325022038367
91,438.40901748778265,4488.9257188186375,54.0,-0.005740329083535543,-0.11320124415169384,-0.005413932939414214,-0.10542648643459249,0.02305951119789884,0.1634340929230101
92,462.4116040953599,4481.584286994828,54.0,-0.005740329083535543,-0.012094650242376017,-0.005413932939414214,-0.012610533195601951,0.02305951119789884,0.15760402513176258
93,507.8253002981468,4479.085241861512,54.0,-0.005740329083535543,0.22881574615679404,-0.005413932939414214,0.22301708735300868,0.02305951119789884,0.16098557929142854
94,528.6107835631166,4477.670618395726,54.0,-0.005740329083535543,0.11042653514981055,-0.005413932939414214,0.11010065960801255,0.02305951119789884,0.15033421298695665
95,501.2323511637488,4460.633465574921,54.0,-0.005740329083535543,0.035226407732728685,-0.005413932939414214,0.03682949614090096,0.02305951119789884,0.15328752959555408
96,438.2680378591523,3890.741886506603,54.0,-0.005740329083535543,-0.21862938541495203,-0.005413932939414214,-0.21830286534327026,0.02305951119789884,0.160837188014558
97,399.3173244151503,3863.428141230935,54.0,-0.005740329083535543,-0.04016686020997272,-0.005413932939414214,-0.04377770295119034,0.02305951119789884,0.17517876226489099
98,483.9940430056478,3954.482440948912,54.0,-0.005740329083535543,-0.020728447151300053,-0.005413932939414214,-0.02208390326972424,0.02305951119789884,0.18100541430740444
99,405.70298123725416,3888.881550381844,54.0,-0.005740329083535543,-0.029468191865243056,-0.005413932939414214,-0.0292685452108657,0.02305951119789884,0.16764942534009825
100,439.8810999468909,3892.2504618222415,54.0,-0.005740329083535543,-0.22663177584011754,-0.005413932939414214,-0.22578828920409877,0.02305951119789884,0.1633146758808913
101,417.93323151559457,3883.194833483968,54.0,-0.005740329083535543,-0.02441016119841374,-0.005413932939414214,-0.023316378671392628,0.02305951119789884,0.16997695599830956
102,-211.8566308583572,3780.2278417033567,54.0,-0.005740329083535543,0.2137026074910404,-0.005413932939414214,0.20878414074492913,0.02305951119789884,0.16554322364443408
103,-232.50749778238068,3782.3671187936193,54.0,-0.005740329083535543,0.19127102452250938,-0.005413932939414214,0.1893497656534167,0.02305951119789884,0.1533106050748226
104,-249.434903675779,3769.226507874873,54.0,-0.005740329083535543,0.1209989013964848,-0.005413932939414214,0.11912019928947556,0.02305951119789884,0.15557281109309615
105,-242.0482437829181,3751.134167359726,54.0,-0.005740329083535543,0.09060248185142494,-0.005413932939414214,0.09507081450485058,0.02305951119789884,0.15636323466937713
106,-266.50826610237664,3773.10118133424,54.0,-0.005740329083535543,0.20968446664873194,-0.005413932939414214,0.20035564555498983,0.02305951119789884,0.16481316594754875
107,-261.851117436295,3751.731866216136,54.0,-0.005740329083535543,-0.027172950423195483,-0.005413932939414214,-0.02425186042540577,0.02305951119789884,0.1522230099580485
108,-273.54552490604937,3732.368951402428,54.0,-0.005740329083535543,-0.09986427099518554,-0.005413932939414214,-0.09404196514219344,0.02305951119789884,0.1570286447866473
109,-286.40547055304944,3707.690202627389,54.0,-0.005740329083535543,-0.0652810103249143,-0.005413932939414214,-0.06898490383889827,0.02305951119789884,0.17302176494414848
110,-327.7012512573552,3730.286516472573,54.0,-0.005740329083535543,-0.0797082219871357,-0.005413932939414214,-0.08524892918203017,0.02305951119789884,0.17721803134932437
111,-295.27916453833205,3677.430347998145,54.0,-0.005740329083535543,-0.20325138993490513,-0.005413932939414214,-0.19561161546367334,0.02305951119789884,0.18130835026137732
112,-289.54441480579004,3689.328351131421,54.0,-0.005740329083535543,-0.0435084764801275,-0.005413932939414214,-0.044906878592260224,0.02305951119789884,0.17748717704560155
113,-180.1634550721395,3777.199243510129,54.0,-0.005740329083535543,0.2894884312784525,-0.005413932939414214,0.2919684417009165,0.02305951119789884,0.16800596950651983
114,-234.43386839926305,3779.796387654249,54.0,-0.005740329083535543,0.1425038531232576,-0.005413932939414214,0.1411863262500109,0.02305951119789884,0.15401920599709362
115,-260.50809694938306,3760.451821500796,54.0,-0.005740329083535543,-0.016408763621708927,-0.005413932939414214,-0.013913195241107186,0.02305951119789884,0.14646541657529788
116,-264.3272909714222,3718.592099740594,54.0,-0.005740329083535543,-0.08096238366597332,-0.005413932939414214,-0.08264031030375585,0.02305951119789884,0.1642007258937355
117,-267.51083232093475,3737.598467303164,54.0,-0.005740329083535543,-0.05669289981068252,-0.005413932939414214,-0.061395975062703556,0.02305951119789884,0.15334123414132217
118,-243.5468369526614,3739.808061808414,54.0,-0.005740329083535543,-0.012251092655320588,-0.005413932939414214,-0.01336161655427727,0.02305951119789884,0.15418957391623161
119,-232.63202339448617,3812.066692082,54.0,-0.005740329083535543,0.13422822871844775,-0.005413932939414214,0.13849393310728209,0.02305951119789884,0.15583876656639242
120,64.52109444086341,4019.163586406923,54.0,-0.005740329083535543,-0.11987084438912823,-0.005413932939414214,-0.12188369529293061,0.02305951119789884,0.1663424026861589
121,50.64002016635105,3999.750500246569,54.0,-0.005740329083535543,-0.1840233352277963,-0.005413932939414214,-0.18367591151614052,0.02305951119789884,0.16487386391679393
122,64.39756801276334,3984.373306734942,54.0,-0.005740329083535543,-0.0444317747069525,-0.005413932939414214,-0.0469601511073144,0.02305951119789884,0.1595040822659223
123,65.97166449095862,3969.425317258588,54.0,-0.005740329083535543,0.04322474210997735,-0.005413932939414214,0.04427905247011489,0.02305951119789884,0.16077348103153233
124,109.02350281496352,3982.61103169607,54.0,-0.005740329083535543,0.09450128965468356,-0.005413932939414214,0.08496342589086078,0.02305951119789884,0.16059224547714707
125,82.325137979417,4004.513518976007,54.0,-0.005740329083535543,0.03891780763101246,-0.005413932939414214,0.032956666362358056,0.02305951119789884,0.16865096351241296
126,53.90910149208794,3989.530166634408,54.0,-0.005740329083535543,-0.21312406506951206,-0.005413932939414214,-0.21646162433743976,0.02305951119789884,0.1657720343343612
127,111.96084943887492,3986.0180498356895,54.0,-0.005740329083535543,0.15025315277788137,-0.005413932939414214,0.14357260013486212,0.02305951119789884,0.15817529013173676
128,34.82625588277541,3947.134417683412,54.0,-0.005740329083535543,0.03021592674230244,-0.005413932939414214,0.030733534456098957,0.02305951119789884,0.16366477026818108
129,49.8779388519763,3955.3007840830455,54.0,-0.005740329083535543,0.25915709930604536,-0.005413932939414214,0.25622615744391997,0.02305951119789884,0.17873758756267769
130,-0.5652269469219027,3941.476215702092,54.0,-0.005740329083535543,-0.31172427884052617,-0.005413932939414214,-0.3104302888882472,0.02305951119789884,0.15720981669056644
131,21.2636292335316,3936.559139808564,54.0,-0.005740329083535543,-0.23981289567491026,-0.005413932939414214,-0.23718986697171374,0.02305951119789884,0.15878971191574776
132,-472.7063867237094,3794.624663755236,54.0,-0.005740329083535543,0.039511984074243736,-0.005413932939414214,0.042375946525847835,0.02305951119789884,0.16107063064903368
133,-454.57744224532297,3790.9468804560206,54.0,-0.005740329083535543,0.2568297693663496,-0.005413932939414214,0.2527513695816567,0.02305951119789884,0.18458671803230348
134,-436.2546998600079,3789.799142470708,54.0,-0.005740329083535543,-0.014799910460920336,-0.005413932939414214,-0.019847107245107447,0.02305951119789884,0.159220106750767
135,-504.5462110094208,3766.186552768168,54.0,-0.005740329083535543,-0.18271321306851693,-0.005413932939414214,-0.1795670845760316,0.02305951119789884,0.16769240133183339
136,-443.5646973918035,3761.1490715057776,54.0,-0.005740329083535543,0.1641631450083998,-0.005413932939414214,0.17071717187255037,0.02305951119789884,0.15585037691554082
137,-475.9655548015333,3755.796978713459,54.0,-0.005740329083535543,-0.11969937683244,-0.005413932939414214,-0.11993736382273729,0.02305951119789884,0.15302822112167652
138,-462.5032919906173,3746.350913748881,54.0,-0.005740329083535543,-0.060111815805866275,-0.005413932939414214,-0.05860568168510072,0.02305951119789884,0.15245896599361922
139,-474.86736635734536,3725.243820232357,54.0,-0.005740329083535543,0.011986969878984713,-0.005413932939414214,0.01432870971586522,0.02305951119789884,0.16107057747186698
140,-487.9015772866081,3702.963769094903,54.0,-0.005740329083535543,0.031259440830240064,-0.005413932939414214,0.03418178860611662,0.02305951119789884,0.16330819733625104
141,-428.38160283911657,3794.933062201984,54.0,-0.005740329083535543,-0.04720720385118167,-0.005413932939414214,-0.04908248006223716,0.02305951119789884,0.15719067391697186
142,-472.0782964220537,3762.796794072937,54.0,-0.005740329083535543,-0.061151594645710655,-0.005413932939414214,-0.06422970064753725,0.02305951119789884,0.15080384569942742
143,-453.95203478698,3759.8842648612144,54.0,-0.005740329083535543,0.05541985275950611,-0.005413932939414214,0.05403588588251845,0.02305951119789884,0.15043828064189269
144,-435.0261385222271,3755.544747653654,54.0,-0.005740329083535543,0.15255333340182517,-0.005413932939414214,0.15868378609206057,0.02305951119789884,0.15156237367319206
145,-417.1161916408624,3760.9208472899154,54.0,-0.005740329083535543,0.2580788343374164,-0.005413932939414214,0.25412236179907943,0.02305951119789884,0.1595755668658632
146,-447.1102371639245,3749.537456281792,54.0,-0.005740329083535543,0.13745848013161488,-0.005413932939414214,0.13478025048194808,0.02305951119789884,0.15049923046226057
147,-469.39782637970393,3795.140930301476,54.0,-0.005740329083535543,0.08594548432041285,-0.005413932939414214,0.09009942734969105,0.02305951119789884,0.15590496980548063
148,-450.1291765078887,3729.97633086938,54.0,-0.005740329083535543,0.2654509183012833,-0.005413932939414214,0.2665574938880308,0.02305951119789884,0.16765278564480332
149,492.9214799806672,4183.062189969636,54.0,-0.005740329083535543,0.19656788024347452,-0.005413932939414214,0.20126428522013304,0.02305951119789884,0.1713686368800576
150,464.921538708197,4188.681460967267,54.0,-0.005740329083535543,0.24398410144782084,-0.005413932939414214,0.2446180501014798,0.02305951119789884,0.15926058619451122
151,476.5976490413603,4170.33335841454,54.0,-0.005740329083535543,-0.046565806095033274,-0.005413932939414214,-0.04096527901139538,0.02305951119789884,0.16483905344883684
152,498.6677789749425,4165.707185554278,54.0,-0.005740329083535543,0.2485741137544155,-0.005413932939414214,0.24313335958841448,0.02305951119789884,0.16923378366465958
153,478.6811791095061,4150.712583205254,54.0,-0.005740329083535543,-0.13172817396420572,-0.005413932939414214,-0.12911349690766,0.02305951119789884,0.14810706024321188
154,496.7431763964692,4139.924546025713,54.0,-0.005740329083535543,0.281372830219896,-0.005413932939414214,0.27771264198585915,0.02305951119789884,0.1660164722591733
155,461.6768199290148,4143.362401904764,54.0,-0.005740329083535543,-0.2676329624401359,-0.005413932939414214,-0.25687849733709256,0.02305951119789884,0.15081760693259244
156,467.6333421217994,4125.7528114568895,54.0,-0.005740329083535543,-0.21613403906762632,-0.005413932939414214,-0.21503413597199195,0.02305951119789884,0.1576478224862323
157,500.1419238902247,4120.853453272017,54.0,-0.005740329083535543,0.28182760883112407,-0.005413932939414214,0.2840251666830086,0.02305951119789884,0.17673156667372622
158,491.42406278110894,4104.982822863553,54.0,-0.005740329083535543,0.20732178493158093,-0.005413932939414214,0.21142879897332,0.02305951119789884,0.16367950882393853
159,448.0139883248622,4082.429338471364,54.0,-0.005740329083535543,0.07778540342754402,-0.005413932939414214,0.08285484620555238,0.02305951119789884,0.1471547881502104
160,444.6278396674389,4097.460747584184,54.0,-0.005740329083535543,0.1132317764077302,-0.005413932939414214,0.10938990758420941,0.02305951119789884,0.15686060564766657
161,450.2869634852289,4161.9176246461175,54.0,-0.005740329083535543,-0.08966615321645695,-0.005413932939414214,-0.08708637591938824,0.02305951119789884,0.16464432191523332
162,402.5205221667404,4129.574604513392,54.0,-0.005740329083535543,-0.019001066073253813,-0.005413932939414214,-0.019301055620445116,0.02305951119789884,0.1531488336499684
163,382.72760047919166,4103.451630849024,54.0,-0.005740329083535543,-0.30774671717509333,-0.005413932939414214,-0.3063209943541859,0.02305951119789884,0.16051748858356776
164,355.89235360691384,4097.862836751869,54.0,-0.005740329083535543,-0.5877464650735669,-0.005413932939414214,-0.5811990389424602,0.02305951119789884,0.15887494809746266
165,368.5042753278341,4146.164635417134,54.0,-0.005740329083535543,-0.0859517734020333,-0.005413932939414214,-0.08402222034373984,0.02305951119789884,0.1635221349945134
166,483.4527706543433,4132.207737141582,54.0,-0.005740329083535543,0.03719150180239191,-0.005413932939414214,0.035196371544734276,0.02305951119789884,0.16325925637506933
167,386.806017351092,4179.57604157623,54.0,-0.005740329083535543,-0.040788901280057764,-0.005413932939414214,-0.03732663702453608,0.02305951119789884,0.16235829679878422
168,401.4932788272162,4176.635388358298,54.0,-0.005740329083535543,0.023937004948167053,-0.005413932939414214,0.01913190928564585,0.02305951119789884,0.15874512259997944
169,389.9604697213796,4163.03171392889,54.0,-0.005740329083535543,0.05597399604121364,-0.005413932939414214,0.058901013829553706,0.02305951119789884,0.16062509179038642
170,394.9748241590559,4145.544797531951,54.0,-0.005740329083535543,-0.019932805185382447,-0.005413932939414214,-0.027646910767433787,0.02305951119789884,0.16504544384079142
171,400.0129569713684,4123.689989750867,54.0,-0.005740329083535543,-0.02811127036678158,-0.005413932939414214,-0.021542076461881485,0.02305951119789884,0.1570450879973404
172,368.6002895440568,4115.012049920167,54.0,-0.005740329083535543,-0.22080515205567697,-0.005413932939414214,-0.21847614438965376,0.02305951119789884,0.15286781045868947
173,355.472496002833,4097.248517477484,54.0,-0.005740329083535543,-0.584641258383147,-0.005413932939414214,-0.5808886131764448,0.02305951119789884,0.15781315435841234
174,430.3589859894354,4126.467692831069,54.0,-0.005740329083535543,0.12070676587831194,-0.005413932939414214,0.12122750407041293,0.02305951119789884,0.16134003626509247
175,449.2000034266989,4134.187260300013,54.0,-0.005740329083535543,-0.16823287136749113,-0.005413932939414214,-0.17056822050439402,0.02305951119789884,0.16400310195304874
176,419.46889643673006,4113.184483667058,54.0,-0.005740329083535543,0.2243022037188517,-0.005413932939414214,0.2237723477252102,0.02305951119789884,0.17136255010951806
177,441.3058323016815,4117.330786645255,54.0,-0.005740329083535543,0.15118997601075682,-0.005413932939414214,0.15053331082653013,0.02305951119789884,0.16260096779213484
178,461.8757609389279,4119.020701517225,54.0,-0.005740329083535543,-0.14087358852296564,-0.005413932939414214,-0.14353494231944924,0.02305951119789884,0.14891659968611945
179,463.0991676542265,4094.409156956978,54.0,-0.005740329083535543,-0.03819747930695982,-0.005413932939414214,-0.03448432492523627,0.02305951119789884,0.1589522382351705
180,497.349430140396,4097.801429893575,54.0,-0.005740329083535543,0.25021313334020073,-0.005413932939414214,0.25014741405771335,0.02305951119789884,0.16880422714227442
181,427.0875297765728,4166.871477716365,54.0,-0.005740329083535543,0.05604117010559823,-0.005413932939414214,0.05846050349111014,0.02305951119789884,0.16852342138885198
182,445.0921586695306,4179.847078147817,54.0,-0.005740329083535543,0.30702762241097414,-0.005413932939414214,0.3050743546734883,0.02305951119789884,0.17266038222418661
183,464.4918658899569,4168.568037566508,54.0,-0.005740329083535543,-0.0184531189828345,-0.005413932939414214,-0.015329475849023264,0.02305951119789884,0.1577406416144368
184,459.1578980508352,4149.265568710596,54.0,-0.005740329083535543,-0.24201400808991147,-0.005413932939414214,-0.23480756480718895,0.02305951119789884,0.1512414587988297
185,475.4797026759927,4147.082451233341,54.0,-0.005740329083535543,-0.188976498381902,-0.005413932939414214,-0.18787858795054144,0.02305951119789884,0.14884800917372293
186,498.85963272442586,4149.354031148768,54.0,-0.005740329083535543,0.28654147748688136,-0.005413932939414214,0.2876256035688204,0.02305951119789884,0.16614436501564356
187,350.7173577542719,4134.155684330466,54.0,-0.005740329083535543,-0.17406063705669333,-0.005413932939414214,-0.17138559062109848,0.02305951119789884,0.1692432593172644
188,131.46744279750484,4022.1752609204777,54.0,-0.005740329083535543,0.27682375569444256,-0.005413932939414214,0.27632795761230816,0.02305951119789884,0.14262870671516772
189,142.92374259500085,4021.607757539198,54.0,-0.005740329083535543,0.12193955851068897,-0.005413932939414214,0.11915622529403928,0.02305951119789884,0.15313892717969796
190,167.98837729426415,4027.149371312973,54.0,-0.005740329083535543,-0.10371530207101214,-0.005413932939414214,-0.10407416521040756,0.02305951119789884,0.16176426366317617
191,187.05359221279923,4017.21674433976,54.0,-0.005740329083535543,-0.21830548259671398,-0.005413932939414214,-0.21850005759152036,0.02305951119789884,0.1479183622189599
192,162.7302657389057,4007.499501585424,54.0,-0.005740329083535543,0.07216654503945415,-0.005413932939414214,0.07262990262305563,0.02305951119789884,0.1386433078321207
193,162.64141812057804,3985.038793359939,54.0,-0.005740329083535543,0.20599637564356135,-0.005413932939414214,0.20179160020488335,0.02305951119789884,0.15509184957923594
194,160.65340157556597,3968.598112467385,54.0,-0.005740329083535543,0.463763496283909,-0.005413932939414214,0.46206120562733793,0.02305951119789884,0.15173519592073287
195,136.56628878569435,3964.708171074401,54.0,-0.005740329083535543,0.054629849905535495,-0.005413932939414214,0.06051507901221985,0.02305951119789884,0.14767714159332151
196,91.3677403813582,3953.0176969902304,54.0,-0.005740329083535543,-0.15330775776044195,-0.005413932939414214,-0.15185106817559335,0.02305951119789884,0.14719495131720495
197,152.51651964535588,3953.440781658878,54.0,-0.005740329083535543,0.1739229070939156,-0.005413932939414214,0.16780199518515895,0.02305951119789884,0.14129199317007662
198,176.41135512934196,3951.860447410247,54.0,-0.005740329083535543,0.3264194192124274,-0.005413932939414214,0.3248647535572287,0.02305951119789884,0.15089423370467478
199,128.91722771380137,3941.241308419875,54.0,-0.005740329083535543,-0.09132391010558145,-0.005413932939414214,-0.09042658000777659,0.02305951119789884,0.14598677491040785
200,148.1263215529927,3940.12948749086,54.0,-0.005740329083535543,0.050314485893251666,-0.005413932939414214,0.04900468817289978,0.02305951119789884,0.14453448076481984
201,182.4648258664013,3932.874764215047,54.0,-0.005740329083535543,0.32526856996854414,-0.005413932939414214,0.32626423618783507,0.02305951119789884,0.1475388607554456
202,173.58386476794828,3928.838452489801,54.0,-0.005740329083535543,0.27237601912930554,-0.005413932939414214,0.27354343126335173,0.02305951119789884,0.14988199582272946
203,136.87238558022665,3929.4849208670153,54.0,-0.005740329083535543,0.02095539806134759,-0.005413932939414214,0.023020929360349836,0.02305951119789884,0.1396472649128563
204,88.05299375847291,3913.886748310508,54.0,-0.005740329083535543,0.003382939755766774,-0.005413932939414214,0.006857713414216234,0.02305951119789884,0.1366290237432092
205,156.24135505481868,3922.6741068498113,54.0,-0.005740329083535543,0.07809977339814105,-0.005413932939414214,0.07148164556829219,0.02305951119789884,0.15339659833223523
206,171.44635452375624,3912.403444300099,54.0,-0.005740329083535543,0.01609817383063175,-0.005413932939414214,0.017231980630906286,0.02305951119789884,0.15124880825630918
207,118.65252903866116,3961.4694151676936,54.0,-0.005740329083535543,-0.0818738158319202,-0.005413932939414214,-0.08139748948822051,0.02305951119789884,0.1493627024824405
208,114.09596867009677,3946.963824253541,54.0,-0.005740329083535543,-0.17077526681793184,-0.005413932939414214,-0.16881621146800013,0.02305951119789884,0.14569612709539267
209,102.69447175575694,3952.059237909345,54.0,-0.005740329083535543,-0.04686070739079075,-0.005413932939414214,-0.057174314255618024,0.02305951119789884,0.15501393049343107
210,158.3478750756896,4017.808096291382,54.0,-0.005740329083535543,-0.01046616220572027,-0.005413932939414214,-0.013170972025070286,0.02305951119789884,0.1485684743142991
211,135.0015657158357,3998.808026349948,54.0,-0.005740329083535543,0.09531977571188693,-0.005413932939414214,0.08926651023155008,0.02305951119789884,0.16211182691007867
212,118.44136868770892,3937.0570745757655,54.0,-0.005740329083535543,-0.15466257698547242,-0.005413932939414214,-0.15710657385947974,0.02305951119789884,0.1473976148689522
213,85.39288283212471,3928.9727849799824,54.0,-0.005740329083535543,-0.06399056019379569,-0.005413932939414214,-0.05921247233873303,0.02305951119789884,0.15228828160090666
214,135.20902570174414,3972.88068595065,54.0,-0.005740329083535543,0.07532561858847824,-0.005413932939414214,0.07295569186937126,0.02305951119789884,0.15030069192342418
215,108.83889360773516,3912.225849147117,54.0,-0.005740329083535543,-0.03179181748016232,-0.005413932939414214,-0.03720976806866885,0.02305951119789884,0.16365613937092502
216,174.48322464441975,4031.9823677236704,54.0,-0.005740329083535543,-0.10381547418063472,-0.005413932939414214,-0.10200909260795993,0.02305951119789884,0.1637961502661813
217,159.43739905401296,3933.477616981658,54.0,-0.005740329083535543,0.11482720543516116,-0.005413932939414214,0.1227605627325938,0.02305951119789884,0.15216899688882782
218,84.41627726602805,3949.6460271760247,54.0,-0.005740329083535543,-0.08147981813329612,-0.005413932939414214,-0.08089010988900025,0.02305951119789884,0.1523584226806718
219,131.47690223101853,4022.1859800698,54.0,-0.005740329083535543,0.27653099834380795,-0.005413932939414214,0.27301053624847005,0.02305951119789884,0.14288764692786568
220,187.053991585138,4017.227842472392,54.0,-0.005740329083535543,-0.2185468855658946,-0.005413932939414214,-0.21737240198597757,0.02305951119789884,0.14770349137716943
221,159.89027933223167,4005.408777123752,54.0,-0.005740329083535543,0.10200117857298693,-0.005413932939414214,0.10092939849531982,0.02305951119789884,0.14012088282805035
222,170.7980045065533,4000.56721463194,54.0,-0.005740329083535543,0.1512395882901991,-0.005413932939414214,0.1502939037698362,0.02305951119789884,0.1538399638817209
223,127.73251775700308,3986.4369142934142,54.0,-0.005740329083535543,0.07418635569031892,-0.005413932939414214,0.08369682211107374,0.02305951119789884,0.1502716107941358
224,152.43970563423912,3979.6112015162767,54.0,-0.005740329083535543,0.3317523969476369,-0.005413932939414214,0.3305271146039536,0.02305951119789884,0.1538336200670501
225,174.71523540000473,3992.374315235834,54.0,-0.005740329083535543,0.17196442836240208,-0.005413932939414214,0.16550864423343598,0.02305951119789884,0.15482725155909335
226,161.36958893878008,3968.148276780728,54.0,-0.005740329083535543,0.4721148762890424,-0.005413932939414214,0.467667756417813,0.02305951119789884,0.1531787275947845
227,134.4228366966098,3954.478339318272,54.0,-0.005740329083535543,-0.0032237992939762156,-0.005413932939414214,-0.005301406697804415,0.02305951119789884,0.1483842324590174
228,147.43696333343436,3954.1411790196416,54.0,-0.005740329083535543,0.12499400990266653,-0.005413932939414214,0.11923874744123165,0.02305951119789884,0.14128403691159885
229,118.65300674518,3961.480515731901,54.0,-0.005740329083535543,-0.08219519747600927,-0.005413932939414214,-0.08287673297093495,0.02305951119789884,0.1494006148112643
230,166.63803351620655,3950.276785677188,54.0,-0.005740329083535543,0.2355517135924287,-0.005413932939414214,0.23305272224432327,0.02305951119789884,0.15239046977736673
231,102.08049116011732,3939.728583899344,54.0,-0.005740329083535543,-0.13639394747735223,-0.005413932939414214,-0.1335875643718551,0.02305951119789884,0.15652989750489799
232,125.50396993450582,3926.5617673616193,54.0,-0.005740329083535543,-0.08943389373814632,-0.005413932939414214,-0.0891035663746177,0.02305951119789884,0.1448556269113113
233,137.28112544023642,3930.5912278669,54.0,-0.005740329083535543,0.018911489776176894,-0.005413932939414214,0.019839369605762776,0.02305951119789884,0.14117217215452593
234,179.67090940770512,3929.463131396641,54.0,-0.005740329083535543,0.2602395757315216,-0.005413932939414214,0.2569293955923738,0.02305951119789884,0.14514542669945513
235,88.2681727690951,3915.200775925912,54.0,-0.005740329083535543,-0.0016817023598179534,-0.005413932939414214,-0.001631149023051769,0.02305951119789884,0.13632086241364788
236,341.5724936781372,4071.071754032602,54.0,-0.005740329083535543,-0.3519738218909973,-0.005413932939414214,-0.354720594874901,0.02305951119789884,0.15458308479625393
237,284.64002970112773,4055.1089548280224,54.0,-0.005740329083535543,0.22334348030864812,-0.005413932939414214,0.2226205503146178,0.02305951119789884,0.16490551497792122
238,298.71808334848726,4042.900299437067,54.0,-0.005740329083535543,0.023453973317106913,-0.005413932939414214,0.023747240167458425,0.02305951119789884,0.1570622206034223
239,295.49475046157585,4024.814807490681,54.0,-0.005740329083535543,0.026822550243355767,-0.005413932939414214,0.02915475888166723,0.02305951119789884,0.16029205066878233
240,298.4942841222434,4011.6459546344126,54.0,-0.005740329083535543,-0.2812509877449676,-0.005413932939414214,-0.28319491367212885,0.02305951119789884,0.1470865321264391
241,313.25635416495834,3998.830416275237,54.0,-0.005740329083535543,-0.4113193393290155,-0.005413932939414214,-0.4051300206631667,0.02305951119789884,0.1430084971814411
242,340.1371375561863,4063.06336212007,54.0,-0.005740329083535543,-0.18407151838371197,-0.005413932939414214,-0.18156456441858365,0.02305951119789884,0.1579581518793906
243,278.252957276231,4041.337412517816,54.0,-0.005740329083535543,0.17163748708107554,-0.005413932939414214,0.17222749203635243,0.02305951119789884,0.15727656742654542
244,312.8233748838626,4054.8922790732095,54.0,-0.005740329083535543,0.018613788488298397,-0.005413932939414214,0.018040660027973145,0.02305951119789884,0.16282709087446687
245,295.92345652296734,4012.471765436985,54.0,-0.005740329083535543,-0.2745215511147752,-0.005413932939414214,-0.27545950203521263,0.02305951119789884,0.1482221059186563
246,313.2916641340094,4017.6982104419535,54.0,-0.005740329083535543,-0.1301294297089529,-0.005413932939414214,-0.13780566305526992,0.02305951119789884,0.1569599008637058
247,312.224459853089,4001.93805851142,54.0,-0.005740329083535543,-0.3793938750113691,-0.005413932939414214,-0.37774169812649594,0.02305951119789884,0.14413994249239806
248,327.306343705716,4081.3155709764615,54.0,-0.005740329083535543,-0.34637906753091374,-0.005413932939414214,-0.35052767596844336,0.02305951119789884,0.16495976025202722
249,349.69763252524416,4039.951949456995,54.0,-0.005740329083535543,-0.14987822648417004,-0.005413932939414214,-0.14399574019518552,0.02305951119789884,0.16928366277694634
250,600.7045020356894,4728.578327237054,54.0,-0.005740329083535543,0.12145576757269375,-0.005413932939414214,0.1193591839839479,0.02305951119789884,0.14421238877517348
251,615.0972380746283,4729.136044277722,54.0,-0.005740329083535543,0.10358292044598855,-0.005413932939414214,0.09954854716165897,0.02305951119789884,0.1475511472359148
252,610.9322177974102,4716.550120256336,54.0,-0.005740329083535543,0.11132044767932064,-0.005413932939414214,0.11219227925586883,0.02305951119789884,0.14385545968288313
253,585.2799478976351,4707.2142580438485,54.0,-0.005740329083535543,0.2365913074539465,-0.005413932939414214,0.22965767710114726,0.02305951119789884,0.16749649749899884
254,626.7173557268542,4717.2978723062015,54.0,-0.005740329083535543,0.0413658595299722,-0.005413932939414214,0.045835503389979604,0.02305951119789884,0.15319968873136772
255,611.7833747678618,4689.5072732073895,54.0,-0.005740329083535543,0.2279692907157503,-0.005413932939414214,0.225555759344033,0.02305951119789884,0.1637735726397638
256,658.3837731695672,4666.320521897435,54.0,-0.005740329083535543,0.19177755509236905,-0.005413932939414214,0.18800062737518586,0.02305951119789884,0.16482667445826127
257,614.1078240497995,4759.599537053033,54.0,-0.005740329083535543,0.09392095085737737,-0.005413932939414214,0.09728149970648448,0.02305951119789884,0.1682548410744828
258,709.7868194729853,4851.286536622527,54.0,-0.005740329083535543,-0.23647501908271343,-0.005413932939414214,-0.23757850203572073,0.02305951119789884,0.16439510494827264
259,707.8319490604442,4838.528995008403,54.0,-0.005740329083535543,-0.1878231910462101,-0.005413932939414214,-0.1876257701381382,0.02305951119789884,0.14599760568516207
260,743.9056275573591,4843.618383029032,54.0,-0.005740329083535543,-0.31873888511296844,-0.005413932939414214,-0.3206532255517745,0.02305951119789884,0.1647381852776695
261,762.3183109776259,4879.314608845601,54.0,-0.005740329083535543,-0.29036963972311797,-0.005413932939414214,-0.28918239536612667,0.02305951119789884,0.16188517729173327
262,820.1121867911606,4887.409658363325,54.0,-0.005740329083535543,-0.3666550795682922,-0.005413932939414214,-0.3681773696367808,0.02305951119789884,0.15011895948139165
263,686.117062037542,4838.322673380027,54.0,-0.005740329083535543,-0.28836268952153643,-0.005413932939414214,-0.2888613029388817,0.02305951119789884,0.1647006686820652
264,839.9666946806605,4892.4253643392085,54.0,-0.005740329083535543,-0.147047025912752,-0.005413932939414214,-0.14462646918970265,0.02305951119789884,0.1703985578815779
265,835.7138504834124,4882.651568351076,54.0,-0.005740329083535543,-0.14529227077738008,-0.005413932939414214,-0.15098632600029024,0.02305951119789884,0.16496412318738568
266,820.8837607778523,4830.121101450797,54.0,-0.005740329083535543,-0.10422911971279829,-0.005413932939414214,-0.10853909958869189,0.02305951119789884,0.15135313908952983
267,845.9654275779601,4795.464012288639,54.0,-0.005740329083535543,-0.08684118503232832,-0.005413932939414214,-0.0878986545971685,0.02305951119789884,0.15841601727955082
268,867.3492606095851,4792.378098334041,54.0,-0.005740329083535543,-0.10894142433650446,-0.005413932939414214,-0.11357361166859745,0.02305951119789884,0.16967976595697076
269,872.9571364917919,4808.047677891233,54.0,-0.005740329083535543,-0.12494805828709601,-0.005413932939414214,-0.12862291006836749,0.02305951119789884,0.16967104268471922
270,889.1341090380087,4812.894460811884,54.0,-0.005740329083535543,-0.09500033755227294,-0.005413932939414214,-0.09910186686926462,0.02305951119789884,0.18050718850580058
271,836.1977774156197,4777.614491614041,54.0,-0.005740329083535543,0.02637094504408918,-0.005413932939414214,0.022914856579025637,0.02305951119789884,0.1624993026662641
272,791.9618452812189,4800.791116098234,54.0,-0.005740329083535543,-0.0353160522955936,-0.005413932939414214,-0.03698699495740941,0.02305951119789884,0.152609540136054
273,769.9822830042261,4792.05829740607,54.0,-0.005740329083535543,-0.05043924456338874,-0.005413932939414214,-0.05816130943966212,0.02305951119789884,0.14939728555113516
274,733.5001364322503,4748.586620355318,54.0,-0.005740329083535543,0.14287163294479066,-0.005413932939414214,0.14719580596506282,0.02305951119789884,0.17004385868021843
275,735.121237879597,4781.5539469831065,54.0,-0.005740329083535543,-0.00888074856852241,-0.005413932939414214,-0.008228242249569999,0.02305951119789884,0.15006070287605902
276,722.2932557621302,4816.856741328317,54.0,-0.005740329083535543,-0.14775424711838417,-0.005413932939414214,-0.14367463335010927,0.02305951119789884,0.1521717796778902
277,707.3848569786213,4791.034976103771,54.0,-0.005740329083535543,0.0709155677353597,-0.005413932939414214,0.07268138396931575,0.02305951119789884,0.15203976968032354
278,712.9980031901063,4777.612970571223,54.0,-0.005740329083535543,-0.029825179483403925,-0.005413932939414214,-0.03193766375514573,0.02305951119789884,0.13889610694593185
279,699.7932708640618,4755.760924905943,54.0,-0.005740329083535543,0.05934302533727678,-0.005413932939414214,0.05323028520410317,0.02305951119789884,0.15964246717004646
280,686.8965221818985,4798.831092361476,54.0,-0.005740329083535543,0.0319743606347295,-0.005413932939414214,0.03681502745370214,0.02305951119789884,0.1665112855435562
281,680.6398356896284,4755.541084095308,54.0,-0.005740329083535543,0.12490466737764469,-0.005413932939414214,0.1304632724112209,0.02305951119789884,0.1666791735149007
282,698.5462369914484,4721.24792534284,54.0,-0.005740329083535543,0.12652898135744822,-0.005413932939414214,0.13074790831660152,0.02305951119789884,0.16131611583366592
283,687.2411309135879,4707.631508201332,54.0,-0.005740329083535543,0.2952600108979028,-0.005413932939414214,0.2962822965162454,0.02305951119789884,0.16107729141874688
284,690.6183360672042,4684.164100497674,54.0,-0.005740329083535543,-0.04021486011103219,-0.005413932939414214,-0.031997308462224754,0.02305951119789884,0.17216687453101298
285,618.2919098528059,4748.229002741738,54.0,-0.005740329083535543,0.12606056227963516,-0.005413932939414214,0.12757913678485466,0.02305951119789884,0.16019205244874857
286,606.2075985001995,4731.370763159866,54.0,-0.005740329083535543,0.14354692019256338,-0.005413932939414214,0.14539938953373932,0.02305951119789884,0.1383942062909321
287,592.7991030181048,4715.751040197805,54.0,-0.005740329083535543,0.23703853398820793,-0.005413932939414214,0.2366430866437512,0.02305951119789884,0.16181217297419648
288,623.3428439903965,4697.432085439533,54.0,-0.005740329083535543,0.08564374355422852,-0.005413932939414214,0.08683745123149801,0.02305951119789884,0.1614425659568892
289,629.0391362438163,4679.029549685565,54.0,-0.005740329083535543,0.04999169425847309,-0.005413932939414214,0.04691517620239546,0.02305951119789884,0.16850586120586294
290,645.9807538115654,4669.918769358841,54.0,-0.005740329083535543,0.11527922089331392,-0.005413932939414214,0.11927583551224873,0.02305951119789884,0.16790748746818268
291,677.9072626809317,4653.89718048063,54.0,-0.005740329083535543,0.012076205035721948,-0.005413932939414214,0.0178971736623435,0.02305951119789884,0.16135389392457436
292,685.7243502711287,4645.208724743927,54.0,-0.005740329083535543,-0.0763950866107648,-0.005413932939414214,-0.07386916522758126,0.02305951119789884,0.17052538163491068
293,691.3660822278478,4666.660196363947,54.0,-0.005740329083535543,0.004967566934099298,-0.005413932939414214,0.00701443328621211,0.02305951119789884,0.1678608604078886
294,564.4258101030795,4760.96239677223,54.0,-0.005740329083535543,0.14991974678066544,-0.005413932939414214,0.1479859711556406,0.02305951119789884,0.14987152809584542
295,592.8377865365509,4734.876730565503,54.0,-0.005740329083535543,0.11003198872306119,-0.005413932939414214,0.10244016837632541,0.02305951119789884,0.1508683254170216
296,567.0059918406176,4747.16037686089,54.0,-0.005740329083535543,0.14120963878660073,-0.005413932939414214,0.14325661643698062,0.02305951119789884,0.1445524224356604
297,449.6577175507031,4796.927098377143,54.0,-0.005740329083535543,0.1663247523352503,-0.005413932939414214,0.1656554169508591,0.02305951119789884,0.18191319499536723
298,467.665080100585,4793.329962170085,54.0,-0.005740329083535543,0.09710066198068087,-0.005413932939414214,0.09734666534968064,0.02305951119789884,0.1592137037214672
299,482.2719153734478,4782.759217046061,54.0,-0.005740329083535543,0.14422099864970447,-0.005413932939414214,0.1413973108711227,0.02305951119789884,0.1664823440174738
300,500.20796147231687,4618.267020372979,54.0,-0.005740329083535543,-0.2009529435108132,-0.005413932939414214,-0.193196613274358,0.02305951119789884,0.18299991126938864
301,452.8407182199586,4614.347532250419,54.0,-0.005740329083535543,-0.09141274804816707,-0.005413932939414214,-0.09120133332637938,0.02305951119789884,0.1635490574088538
302,437.13896889547215,4593.005802237853,54.0,-0.005740329083535543,0.0661079181513608,-0.005413932939414214,0.058966178083833885,0.02305951119789884,0.15726273911152414
303,425.7675979026484,4587.306801321076,54.0,-0.005740329083535543,0.0011270981990539179,-0.005413932939414214,-0.0019769312278960557,0.02305951119789884,0.16484342252948245
304,415.821304844712,4664.678751133025,54.0,-0.005740329083535543,-0.09694119173069032,-0.005413932939414214,-0.10025145358848198,0.02305951119789884,0.19238373474774256
305,447.73043194608914,4642.773796720821,54.0,-0.005740329083535543,-0.0748092173003162,-0.005413932939414214,-0.07550358400237132,0.02305951119789884,0.1726292985366931
306,416.52807431204894,4611.258260235148,54.0,-0.005740329083535543,-0.13431167366300992,-0.005413932939414214,-0.132943207708908,0.02305951119789884,0.16631359770845336
307,403.9039033992696,4716.495571963465,54.0,-0.005740329083535543,-0.2488291354299558,-0.005413932939414214,-0.24714596784088963,0.02305951119789884,0.19059744530927752
308,-239.5128446278165,3906.899903078088,54.0,-0.005740329083535543,-0.17237849211155654,-0.005413932939414214,-0.16750970459634362,0.02305951119789884,0.15702589260921743
309,-206.51370862307223,3888.753544352072,54.0,-0.005740329083535543,-0.2438635338426236,-0.005413932939414214,-0.24396431999716606,0.02305951119789884,0.1496015787803355
310,-247.0083933535225,3882.934832278036,54.0,-0.005740329083535543,-0.1564214202130085,-0.005413932939414214,-0.16029950757094805,0.02305951119789884,0.14809696894736296
311,-299.6987199382138,3877.517142896227,54.0,-0.005740329083535543,-0.12261850190087964,-0.005413932939414214,-0.12315933100371991,0.02305951119789884,0.1463665164365207
312,-207.05441320593363,3875.578724167899,54.0,-0.005740329083535543,-0.1584209243209579,-0.005413932939414214,-0.1594204728089962,0.02305951119789884,0.1510975685952071
313,-288.28040614727314,3869.763411078973,54.0,-0.005740329083535543,-0.19718140574406376,-0.005413932939414214,-0.20156911193399185,0.02305951119789884,0.15489020003766416
314,-224.7874470069469,3868.704572457101,54.0,-0.005740329083535543,-0.06696683698039628,-0.005413932939414214,-0.06622635447765085,0.02305951119789884,0.1498291990278266
315,-260.1284068828446,3860.327587174116,54.0,-0.005740329083535543,-0.13490789946380274,-0.005413932939414214,-0.13591929052017726,0.02305951119789884,0.14620273519663451
316,-301.76269843675186,3851.489323913676,54.0,-0.005740329083535543,0.05063674488840397,-0.005413932939414214,0.04742740344425982,0.02305951119789884,0.15099283636928865
317,-230.0244001131252,3856.086690947165,54.0,-0.005740329083535543,-0.02975429817346295,-0.005413932939414214,-0.024938747777603663,0.02305951119789884,0.14301866802840288
318,-212.9190342948821,3852.70955400908,54.0,-0.005740329083535543,0.039729959024268235,-0.005413932939414214,0.041383398017701495,0.02305951119789884,0.14951303475030775
319,-259.69914487938223,3840.648840093646,54.0,-0.005740329083535543,-0.08170071087069003,-0.005413932939414214,-0.08437132945507736,0.02305951119789884,0.14403580119327875
320,-217.82064581615532,3836.435116427341,54.0,-0.005740329083535543,0.08279679212032377,-0.005413932939414214,0.08018600268313793,0.02305951119789884,0.14506841534260462
321,-228.4608267250068,3835.49661024065,54.0,-0.005740329083535543,0.056787966669196555,-0.005413932939414214,0.057797563320416336,0.02305951119789884,0.14704765781721102
322,-220.7072172819317,3822.533501197976,54.0,-0.005740329083535543,0.1146276879572403,-0.005413932939414214,0.11088014305760896,0.02305951119789884,0.15038450130686962
323,-220.52307878009043,3896.322588863719,54.0,-0.005740329083535543,-0.24808486371068322,-0.005413932939414214,-0.25182016614625513,0.02305951119789884,0.15994683473461507
324,-234.22537457612623,3832.547431286246,54.0,-0.005740329083535543,-0.025139857036017642,-0.005413932939414214,-0.024015121036930858,0.02305951119789884,0.15399776221371542
325,-239.64545070337945,3852.531569643749,54.0,-0.005740329083535543,-0.1235028362900636,-0.005413932939414214,-0.12258961612473775,0.02305951119789884,0.15070006224146437
326,-222.45927337673947,3847.821790182078,54.0,-0.005740329083535543,0.06312475720791653,-0.005413932939414214,0.061883228509011595,0.02305951119789884,0.14231690017890358
327,-204.13750177921133,3830.7645324182754,54.0,-0.005740329083535543,0.11658067027017836,-0.005413932939414214,0.11242231291727148,0.02305951119789884,0.15726869861424514
328,-196.31793179281823,3850.097955642777,54.0,-0.005740329083535543,0.016330265959405482,-0.005413932939414214,0.017520615434564034,0.02305951119789884,0.16452727542794757
329,-239.63954182075463,3893.468471754271,54.0,-0.005740329083535543,-0.21498399972283655,-0.005413932939414214,-0.21436681642864566,0.02305951119789884,0.15762411504149096
330,-270.3096398577547,3825.91280365092,54.0,-0.005740329083535543,0.052956109679409134,-0.005413932939414214,0.055239975759742835,0.02305951119789884,0.1674843457033176
331,-313.64040487867874,3841.407442527648,54.0,-0.005740329083535543,0.11310323376994477,-0.005413932939414214,0.10957824634497873,0.02305951119789884,0.15999437286593557
332,-237.86889380994464,3869.5690282123273,54.0,-0.005740329083535543,-0.14810312942541415,-0.005413932939414214,-0.1479684604782472,0.02305951119789884,0.14937949986551743
333,-290.1032136269349,3879.02770495162,54.0,-0.005740329083535543,-0.21777372980847115,-0.005413932939414214,-0.22069041019377905,0.02305951119789884,0.14469315355737886
334,-217.05716463296827,3881.450900568053,54.0,-0.005740329083535543,-0.2043445309133126,-0.005413932939414214,-0.2081654484720697,0.02305951119789884,0.15018815609111855
335,-287.08457697353265,3860.139446947377,54.0,-0.005740329083535543,-0.13113396018680748,-0.005413932939414214,-0.13026329039457066,0.02305951119789884,0.15558479966120498
336,-284.4670125726876,3807.7889507976943,54.0,-0.005740329083535543,0.13834350663315406,-0.005413932939414214,0.14273706909243175,0.02305951119789884,0.17527333229069078
337,-264.284648689563,3867.396538917314,54.0,-0.005740329083535543,-0.1429770928459653,-0.005413932939414214,-0.14417091725482184,0.02305951119789884,0.15404529750231635
338,-305.30829728411254,3860.661942635376,54.0,-0.005740329083535543,-0.07536670894664017,-0.005413932939414214,-0.07364237818185632,0.02305951119789884,0.1527903646394476
339,-254.8098989424844,3843.565233451433,54.0,-0.005740329083535543,-0.07892015543449293,-0.005413932939414214,-0.07478599986475343,0.02305951119789884,0.14589152261969884
340,-93.57726189495948,3961.546197789921,54.0,-0.005740329083535543,-0.2302183207189497,-0.005413932939414214,-0.23148373178359882,0.02305951119789884,0.18016543230207765
341,-56.035500045016406,3941.502507723401,54.0,-0.005740329083535543,-0.3946163874454218,-0.005413932939414214,-0.39431301203053426,0.02305951119789884,0.15902946729728323
342,-83.42484145845008,3942.88148701633,54.0,-0.005740329083535543,-0.22027547091078992,-0.005413932939414214,-0.226899941173498,0.02305951119789884,0.1672752121677488
343,-58.13533851273078,3928.158727312826,54.0,-0.005740329083535543,-0.5323418251506105,-0.005413932939414214,-0.5300255853283817,0.02305951119789884,0.1593489412792955
344,-76.10278929015365,3928.390718488814,54.0,-0.005740329083535543,-0.3917653407423671,-0.005413932939414214,-0.3859945086360519,0.02305951119789884,0.16078941098357638
345,-88.19284338416543,3910.3239477963098,54.0,-0.005740329083535543,-0.36956662867479495,-0.005413932939414214,-0.36634385377120104,0.02305951119789884,0.14997610261624877
346,-66.20733732343768,3907.189374107909,54.0,-0.005740329083535543,-0.3637410743192484,-0.005413932939414214,-0.35747480262060916,0.02305951119789884,0.14963279393336004
347,-31.22363826822373,3895.155107689023,54.0,-0.005740329083535543,-0.19748417232949092,-0.005413932939414214,-0.1988240821247204,0.02305951119789884,0.14999119146504186
348,-109.8933281317338,3891.788283909125,54.0,-0.005740329083535543,-0.26515385174381517,-0.005413932939414214,-0.26160324219969283,0.02305951119789884,0.14356489049328253
349,-88.84745792148391,3891.638924250811,54.0,-0.005740329083535543,-0.21558546363621497,-0.005413932939414214,-0.2196378836352402,0.02305951119789884,0.14120681948249558
350,-69.56334702608117,3889.639795815675,54.0,-0.005740329083535543,-0.2537460721249834,-0.005413932939414214,-0.25458753126972367,0.02305951119789884,0.15420992128848474
351,-47.84804575173801,3889.788154786775,54.0,-0.005740329083535543,-0.04905332462271043,-0.005413932939414214,-0.05712178545688837,0.02305951119789884,0.15771601087339618
352,-23.36300577374711,3882.6832047228254,54.0,-0.005740329083535543,-0.10563613617120747,-0.005413932939414214,-0.10021720166535597,0.02305951119789884,0.15660552999968938
353,-90.5169001182837,3876.50193235572,54.0,-0.005740329083535543,-0.1371715664797599,-0.005413932939414214,-0.13325317450137855,0.02305951119789884,0.15078760919241516
354,-65.13866586007784,3871.8509974488175,54.0,-0.005740329083535543,0.020533116179256447,-0.005413932939414214,0.017270126296461182,0.02305951119789884,0.15056142747028675
355,-50.13229410178342,3867.0999269122817,54.0,-0.005740329083535543,0.11461078357634963,-0.005413932939414214,0.10703895516454216,0.02305951119789884,0.16635080152981926
356,-35.39723016141716,3854.209722232396,54.0,-0.005740329083535543,0.10322392092797505,-0.005413932939414214,0.09958061572032047,0.02305951119789884,0.1665813190701075
357,-61.32288072890474,3816.801141060652,54.0,-0.005740329083535543,-0.022684500778823547,-0.005413932939414214,-0.02860220645065923,0.02305951119789884,0.15418256408232542
358,-70.85258713100723,3825.679041233032,54.0,-0.005740329083535543,-0.016431997586108367,-0.005413932939414214,-0.017460837027439287,0.02305951119789884,0.15324024696732738
359,-77.81854309749487,3807.703348510464,54.0,-0.005740329083535543,0.10400837649734163,-0.005413932939414214,0.0982300439565298,0.02305951119789884,0.15820051967840743
360,-71.53169503986241,3812.202036985935,54.0,-0.005740329083535543,0.08807107324245293,-0.005413932939414214,0.08669678565560268,0.02305951119789884,0.15045198361498716
361,-100.08529526117316,3900.3226209859754,54.0,-0.005740329083535543,-0.24015742218166258,-0.005413932939414214,-0.2462440151651744,0.02305951119789884,0.15010814995869046
362,-89.8146653730421,3916.635476753353,54.0,-0.005740329083535543,-0.3589459176564709,-0.005413932939414214,-0.354824976017223,0.02305951119789884,0.1529562838416797
363,-21.70518692471069,3895.884300151082,54.0,-0.005740329083535543,-0.1695852178495066,-0.005413932939414214,-0.17468985045595203,0.02305951119789884,0.15060306792345043
364,-110.01626871790168,3882.272424637356,54.0,-0.005740329083535543,-0.22482724730829282,-0.005413932939414214,-0.2192983223857895,0.02305951119789884,0.15176630964808827
365,-96.97654250745872,3869.5775486716034,54.0,-0.005740329083535543,-0.13802397962058688,-0.005413932939414214,-0.1361274164328953,0.02305951119789884,0.15205978535738113
366,-77.79031957572187,3894.979280828351,54.0,-0.005740329083535543,-0.26446410609013404,-0.005413932939414214,-0.2642416010226421,0.02305951119789884,0.14342495343308223
367,-55.97942679583037,3901.289986408653,54.0,-0.005740329083535543,-0.2798204038487046,-0.005413932939414214,-0.28277984956775554,0.02305951119789884,0.1505777819096497
368,-40.74382534446032,3878.871264722534,54.0,-0.005740329083535543,0.00659805857903172,-0.005413932939414214,0.00809941442681303,0.02305951119789884,0.1583283335033014
369,-66.69372584046727,3870.2071380379048,54.0,-0.005740329083535543,0.0687973270060415,-0.005413932939414214,0.06809126638228985,0.02305951119789884,0.15382011806592774
370,-54.35065196736064,3922.548138121946,54.0,-0.005740329083535543,-0.5513274166218881,-0.005413932939414214,-0.5499645415259011,0.02305951119789884,0.15565971580542118
371,-90.20027446475764,3884.516943179324,54.0,-0.005740329083535543,-0.15963294354399452,-0.005413932939414214,-0.1602191374326506,0.02305951119789884,0.14483306963015144
372,442.6118074904948,4070.2277085185783,54.0,-0.005740329083535543,-0.001724795481749554,-0.005413932939414214,-0.00014401760792608813,0.02305951119789884,0.14520466609338456
373,473.81212145827845,4062.309946420862,54.0,-0.005740329083535543,0.0835933264202107,-0.005413932939414214,0.0861867580910047,0.02305951119789884,0.15385273226848858
374,468.27210347413103,4049.616241434093,54.0,-0.005740329083535543,-0.13182625847157242,-0.005413932939414214,-0.13074107128832974,0.02305951119789884,0.16483987429738345
375,447.21509965388833,4045.293583999011,54.0,-0.005740329083535543,0.041617669575013415,-0.005413932939414214,0.04574956471266359,0.02305951119789884,0.14964918723658088
376,431.58584790895287,4026.933212132683,54.0,-0.005740329083535543,0.047601713655062244,-0.005413932939414214,0.04698973511356432,0.02305951119789884,0.15409104537794743
377,408.9986108563161,3996.755525049388,54.0,-0.005740329083535543,0.1527208554533952,-0.005413932939414214,0.14949441476778952,0.02305951119789884,0.17620302827555073
378,422.862128182699,4025.3424938357566,54.0,-0.005740329083535543,0.01696999188517758,-0.005413932939414214,0.01896624966718701,0.02305951119789884,0.15312964925407074
379,439.19746758037405,4076.996335961541,54.0,-0.005740329083535543,0.06630698446254737,-0.005413932939414214,0.0669994495086274,0.02305951119789884,0.14651401393854685
380,462.0840432753972,4072.271140968799,54.0,-0.005740329083535543,-0.0520998970488476,-0.005413932939414214,-0.052134753499182895,0.02305951119789884,0.15278322953577342
381,459.6569034973903,4060.82300260624,54.0,-0.005740329083535543,-0.06430318407739498,-0.005413932939414214,-0.06160225265637691,0.02305951119789884,0.1516901981800913
382,437.47285354914527,4045.91348934747,54.0,-0.005740329083535543,0.0427080598905226,-0.005413932939414214,0.04744594232072526,0.02305951119789884,0.14893221065813528
383,446.14924890749785,4055.162025087259,54.0,-0.005740329083535543,0.023698758817786245,-0.005413932939414214,0.032212155945915644,0.02305951119789884,0.14997867584031196
384,438.2395063544679,3993.749322917003,54.0,-0.005740329083535543,-0.0684805065874898,-0.005413932939414214,-0.07098411977092867,0.02305951119789884,0.18341978659872987
385,465.8911725966613,4024.289872350432,54.0,-0.005740329083535543,-0.02914080806477628,-0.005413932939414214,-0.02907670352297328,0.02305951119789884,0.16309510788027867
386,418.14174019683327,4008.0356973029234,54.0,-0.005740329083535543,-0.011561665357056713,-0.005413932939414214,-0.015127534715406071,0.02305951119789884,0.1601016291183542
387,475.8206463571328,3964.9488424231126,54.0,-0.005740329083535543,-0.08865498646149007,-0.005413932939414214,-0.08996370010966209,0.02305951119789884,0.17468512291724433
388,566.9000301137978,4747.137133853987,54.0,-0.005740329083535543,0.1398599009913393,-0.005413932939414214,0.13968616955592744,0.02305951119789884,0.1444887856209312
389,592.1742243865796,4747.151768762015,54.0,-0.005740329083535543,0.12595673313471184,-0.005413932939414214,0.1290067423810195,0.02305951119789884,0.16620322998430775
390,570.8316210365269,4722.155506308706,54.0,-0.005740329083535543,0.3521199008716046,-0.005413932939414214,0.34649696191334367,0.02305951119789884,0.16774395560004293
391,528.7046952932974,4712.336696063006,54.0,-0.005740329083535543,0.07917708698843104,-0.005413932939414214,0.08091673132865718,0.02305951119789884,0.17697077167367786
392,552.9775415131319,4785.4968353270415,54.0,-0.005740329083535543,0.020555678994164696,-0.005413932939414214,0.02481402114483821,0.02305951119789884,0.16540076754635702
393,552.2519091763407,4748.576091798907,54.0,-0.005740329083535543,0.1832084700930718,-0.005413932939414214,0.17271739132922348,0.02305951119789884,0.16241808873833843
394,161.96578384564387,4157.2024176535,54.0,-0.005740329083535543,0.4684515885889584,-0.005413932939414214,0.46287990914321875,0.02305951119789884,0.17209806118115775
395,137.73214120296976,4146.211392684601,54.0,-0.005740329083535543,0.5137874157834234,-0.005413932939414214,0.5115911479482677,0.02305951119789884,0.17027956295408153
396,158.49410884129216,4136.006365328739,54.0,-0.005740329083535543,0.33986844436996316,-0.005413932939414214,0.3425938382427358,0.02305951119789884,0.15731575954254182
397,136.56558805196306,4128.332749792738,54.0,-0.005740329083535543,0.4099188025698825,-0.005413932939414214,0.4127251264745876,0.02305951119789884,0.14999933791823772
398,117.19421705345408,4121.351193952682,54.0,-0.005740329083535543,0.3985788370814113,-0.005413932939414214,0.4020736968345638,0.02305951119789884,0.15690005359531345
399,109.91679785969896,4052.896427825765,54.0,-0.005740329083535543,0.14314434288569597,-0.005413932939414214,0.1428531099789498,0.02305951119789884,0.1546036409393464
400,105.52394893714752,4032.581984936505,54.0,-0.005740329083535543,0.15805422199761382,-0.005413932939414214,0.15969495245227,0.02305951119789884,0.15621535848580548
401,106.44842983383482,4012.84945915906,54.0,-0.005740329083535543,0.2080073237214362,-0.005413932939414214,0.19744367308669722,0.02305951119789884,0.1630008285410702
402,171.63451694131356,4159.78310361989,54.0,-0.005740329083535543,0.34366918083646764,-0.005413932939414214,0.34427259211501404,0.02305951119789884,0.1701446570715398
403,149.38437383192732,4142.655189530788,54.0,-0.005740329083535543,0.4538224291972593,-0.005413932939414214,0.4563012273257758,0.02305951119789884,0.15988178618865817
404,167.22649373259551,4139.857029282407,54.0,-0.005740329083535543,0.40942729344159334,-0.005413932939414214,0.4119792730440206,0.02305951119789884,0.16502435278730454
405,119.82403039050632,4124.56931096989,54.0,-0.005740329083535543,0.39936374283805715,-0.005413932939414214,0.39994271554315125,0.02305951119789884,0.15505584696186117
406,142.29614129157707,4127.163348327213,54.0,-0.005740329083535543,0.3807343929703891,-0.005413932939414214,0.378235695480443,0.02305951119789884,0.15497929407044692
407,128.30218247028407,4108.962098016365,54.0,-0.005740329083535543,0.2046268398690461,-0.005413932939414214,0.21162526408450258,0.02305951119789884,0.16164457532860146
408,109.11821937100868,4049.9401200264047,54.0,-0.005740329083535543,0.13446669223159083,-0.005413932939414214,0.13513291357651086,0.02305951119789884,0.15387489892549788
409,124.08609991612518,4074.076898022276,54.0,-0.005740329083535543,-0.09501657290882154,-0.005413932939414214,-0.09612357137507843,0.02305951119789884,0.16811982889831256
410,115.16096838828992,4022.0483223003416,54.0,-0.005740329083535543,0.2931245765790834,-0.005413932939414214,0.2909531502713665,0.02305951119789884,0.15779115911857736
411,561.0138184560105,4473.501935426613,54.0,-0.005740329083535543,-0.23629633427366287,-0.005413932939414214,-0.2317280378124051,0.02305951119789884,0.16411732271479848
412,565.0502773452903,4448.226533767391,54.0,-0.005740329083535543,-0.19387202065327494,-0.005413932939414214,-0.1944369285527536,0.02305951119789884,0.15616373059625485
413,582.8694820082358,4398.870274634955,54.0,-0.005740329083535543,-0.3434911075711752,-0.005413932939414214,-0.3383444786870152,0.02305951119789884,0.16216693512015154
414,581.1993239604408,4389.028978416067,54.0,-0.005740329083535543,-0.17477772198611072,-0.005413932939414214,-0.16935672716974898,0.02305951119789884,0.14801218290851467
415,583.831138251116,4371.053286709621,54.0,-0.005740329083535543,-0.22610793760118522,-0.005413932939414214,-0.22841738613224863,0.02305951119789884,0.15580088373166817
416,561.2628392077421,4326.059519500939,54.0,-0.005740329083535543,-0.18489873361859335,-0.005413932939414214,-0.1866240483054185,0.02305951119789884,0.16931198226606883
417,534.8960064449519,4318.929029125519,54.0,-0.005740329083535543,-0.17936661153226105,-0.005413932939414214,-0.17655010955899367,0.02305951119789884,0.1577571841966817
418,510.9466011058103,4309.526697793331,54.0,-0.005740329083535543,0.17336193862472457,-0.005413932939414214,0.168971191529401,0.02305951119789884,0.15431899824920622
419,511.8782596396733,4352.397235288708,54.0,-0.005740329083535543,0.18733068595900926,-0.005413932939414214,0.18718546191537097,0.02305951119789884,0.15106158571151188
420,548.5850023962915,4353.449672308096,54.0,-0.005740329083535543,-0.29383110262055456,-0.005413932939414214,-0.29736872472394626,0.02305951119789884,0.16684761291471636
421,512.6417426087999,4370.543524351453,54.0,-0.005740329083535543,0.2805716872187356,-0.005413932939414214,0.2756811442864636,0.02305951119789884,0.16585846305926977
422,480.9664091966875,4352.089588299367,54.0,-0.005740329083535543,0.2045646637246181,-0.005413932939414214,0.19944528976297687,0.02305951119789884,0.15426334169887887
423,558.287928261929,4383.549496546334,54.0,-0.005740329083535543,-0.23464490435913088,-0.005413932939414214,-0.224755798005447,0.02305951119789884,0.15727612632131943
424,537.5523516970317,4387.183166028368,54.0,-0.005740329083535543,-0.13812383751205595,-0.005413932939414214,-0.13115429745386045,0.02305951119789884,0.16422280587017046
425,556.3622236943382,4406.099826935316,54.0,-0.005740329083535543,-0.015878176336540113,-0.005413932939414214,-0.01545117327960624,0.02305951119789884,0.14475853023596968
426,507.007626677084,4418.914577252973,54.0,-0.005740329083535543,0.41428916944646726,-0.005413932939414214,0.4068007303460246,0.02305951119789884,0.18691353173756659
427,504.4577215216528,4438.979738557756,54.0,-0.005740329083535543,0.24669263263909494,-0.005413932939414214,0.24065825987221684,0.02305951119789884,0.15480829199013033
428,538.408480740028,4431.916543109024,54.0,-0.005740329083535543,-0.23230400992669029,-0.005413932939414214,-0.22733856857277646,0.02305951119789884,0.1614663887505918
429,524.7277800422952,4456.789074584238,54.0,-0.005740329083535543,0.11186660142454401,-0.005413932939414214,0.10860137740315248,0.02305951119789884,0.14613682253144045
430,485.3956997431978,4374.153861375261,54.0,-0.005740329083535543,0.07744242010413703,-0.005413932939414214,0.07477135252289202,0.02305951119789884,0.15786426831196404
431,529.1168317879833,4454.262917514842,54.0,-0.005740329083535543,0.060487667072565754,-0.005413932939414214,0.06104456573370176,0.02305951119789884,0.14732305035573956
432,532.7418826940634,4408.404237914756,54.0,-0.005740329083535543,-0.0729283120574008,-0.005413932939414214,-0.07120677900332281,0.02305951119789884,0.16512125366641112
433,555.815156934327,4405.984828369565,54.0,-0.005740329083535543,-0.03084204679509191,-0.005413932939414214,-0.0299371234673088,0.02305951119789884,0.14344780669387866
434,533.7624093755849,4336.924325778417,54.0,-0.005740329083535543,-0.13842452238286235,-0.005413932939414214,-0.14279823092945504,0.02305951119789884,0.16144447906547288
435,530.4685985461446,4301.8986450225775,54.0,-0.005740329083535543,-0.11766554673908312,-0.005413932939414214,-0.11792253279787834,0.02305951119789884,0.15666580335489114
436,514.5322622025869,4456.751426788521,54.0,-0.005740329083535543,0.15881297610743847,-0.005413932939414214,0.16763408165300858,0.02305951119789884,0.15302051607493294
437,548.53915137937,4457.937093293264,54.0,-0.005740329083535543,-0.20399486057021077,-0.005413932939414214,-0.19541336993303138,0.02305951119789884,0.16073878414971118
438,566.5828788927461,4457.8640046212495,54.0,-0.005740329083535543,-0.2939929170545008,-0.005413932939414214,-0.29307657729930836,0.02305951119789884,0.16335666358292358
439,560.6999742572023,4437.5564168372,54.0,-0.005740329083535543,-0.21302021392910708,-0.005413932939414214,-0.21251335089104792,0.02305951119789884,0.15913373028505767
440,495.98772785766295,4443.197207172899,54.0,-0.005740329083535543,0.1184903922352661,-0.005413932939414214,0.12112447126299909,0.02305951119789884,0.15573275659309288
441,516.32703292139,4436.776156702188,54.0,-0.005740329083535543,0.1648667685279387,-0.005413932939414214,0.1667181873149465,0.02305951119789884,0.15606733299612402
442,536.1540880146566,4444.858609584984,54.0,-0.005740329083535543,-0.2281849190660644,-0.005413932939414214,-0.22046087542275078,0.02305951119789884,0.1635238616280242
443,546.9208165404689,4421.220011345582,54.0,-0.005740329083535543,-0.17811252178631065,-0.005413932939414214,-0.17715455825986737,0.02305951119789884,0.15296975241077232
444,577.856407148501,4399.683609216996,54.0,-0.005740329083535543,-0.30133847326098895,-0.005413932939414214,-0.30649588042727677,0.02305951119789884,0.157008282062975
445,507.9742950230683,4385.009332545608,54.0,-0.005740329083535543,0.18724188623870133,-0.005413932939414214,0.18509764029250655,0.02305951119789884,0.16172801695549405
446,495.4096026336581,4388.202891193944,54.0,-0.005740329083535543,0.22974633050151033,-0.005413932939414214,0.23078853087409623,0.02305951119789884,0.16665216587949377
447,551.2834782412536,4388.438780991228,54.0,-0.005740329083535543,-0.12192385131001972,-0.005413932939414214,-0.12328104839967519,0.02305951119789884,0.15402946212809585
448,558.281918566655,4368.377251679958,54.0,-0.005740329083535543,-0.3098824727679794,-0.005413932939414214,-0.30488203911804096,0.02305951119789884,0.1592401341572453
449,500.0086033322366,4367.370280777083,54.0,-0.005740329083535543,0.1793425523910639,-0.005413932939414214,0.1803836570196065,0.02305951119789884,0.1516936822547778
450,504.0759183332692,4354.886242555075,54.0,-0.005740329083535543,0.14894916602821195,-0.005413932939414214,0.1426765665922483,0.02305951119789884,0.15239866072099123
451,580.3012850433586,4369.728357564728,54.0,-0.005740329083535543,-0.2580434582473036,-0.005413932939414214,-0.2547798672230393,0.02305951119789884,0.14828013543201915
452,525.9842509759866,4353.885320843046,54.0,-0.005740329083535543,-0.08879079529414753,-0.005413932939414214,-0.0889949951259129,0.02305951119789884,0.1602391261418647
453,571.0156044926573,4347.517470595766,54.0,-0.005740329083535543,-0.24385568397346977,-0.005413932939414214,-0.2426963843433001,0.02305951119789884,0.1660970706729558
454,501.0189302378661,4338.738198947732,54.0,-0.005740329083535543,0.1114966195889411,-0.005413932939414214,0.11275090352373976,0.02305951119789884,0.1616840520549174
455,488.2077283117417,4317.806340175813,54.0,-0.005740329083535543,0.1049576952459936,-0.005413932939414214,0.10381023578533144,0.02305951119789884,0.15738551021122102
456,500.112618383455,4313.336489856109,54.0,-0.005740329083535543,0.1415485624452449,-0.005413932939414214,0.13799840942529618,0.02305951119789884,0.15372806980064907
457,546.047037488337,4320.318029487556,54.0,-0.005740329083535543,-0.203847000558492,-0.005413932939414214,-0.19563665104028613,0.02305951119789884,0.15105442490346413
458,-507.2972229471795,3600.671376046247,54.0,-0.005740329083535543,0.17730726557500015,-0.005413932939414214,0.17793098051924738,0.02305951119789884,0.16262242272584065
459,-499.9524784687832,3578.403458104436,54.0,-0.005740329083535543,0.18169414180318555,-0.005413932939414214,0.1758911904460104,0.02305951119789884,0.16786316465015053
460,-451.4328774109917,3539.606050872365,54.0,-0.005740329083535543,0.08368078120206004,-0.005413932939414214,0.08911735450627573,0.02305951119789884,0.17981821261864825
461,-517.5789695601553,3525.510166099442,54.0,-0.005740329083535543,0.1384100801230165,-0.005413932939414214,0.13296764810304834,0.02305951119789884,0.1773831782414177
462,-521.1800805309396,3510.2303992648426,54.0,-0.005740329083535543,0.020264550892551983,-0.005413932939414214,0.01927001925885055,0.02305951119789884,0.16707318629368642
463,-449.2628013025546,3503.742664831391,54.0,-0.005740329083535543,-0.17120424863547273,-0.005413932939414214,-0.1653251036931479,0.02305951119789884,0.17683805414144277
464,-485.042933661256,3485.47979782113,54.0,-0.005740329083535543,-0.16885806367786857,-0.005413932939414214,-0.1718703929924102,0.02305951119789884,0.18539580997117522
465,-573.8953694348969,3556.3836779114804,54.0,-0.005740329083535543,-0.2970241341401026,-0.005413932939414214,-0.30096488339499616,0.02305951119789884,0.19134908845865725
466,-114.50920843118116,3834.9194074143743,54.0,-0.005740329083535543,0.18189260904566013,-0.005413932939414214,0.18319381633649484,0.02305951119789884,0.15784276774056177
467,-164.43942656566844,3815.0857932853287,54.0,-0.005740329083535543,0.36343005268333795,-0.005413932939414214,0.3651953665218953,0.02305951119789884,0.16484941853750676
468,-140.92825652262695,3822.7016028764,54.0,-0.005740329083535543,0.372566683282381,-0.005413932939414214,0.371958606794327,0.02305951119789884,0.15175093814472745
469,-127.99374614651722,3810.908692759558,54.0,-0.005740329083535543,0.3692705833622272,-0.005413932939414214,0.3665545380706382,0.02305951119789884,0.1547002543964822
470,-152.77957078688812,3803.088929575855,54.0,-0.005740329083535543,0.30865445610976283,-0.005413932939414214,0.31010489486789,0.02305951119789884,0.14542234586231212
471,-150.0499459232575,3808.954736715893,54.0,-0.005740329083535543,0.31599503484123875,-0.005413932939414214,0.322100589147194,0.02305951119789884,0.14767521724548366
472,-117.20662596065166,3807.599273888803,54.0,-0.005740329083535543,0.22755291499167465,-0.005413932939414214,0.22239450735213373,0.02305951119789884,0.1619385297632281
473,-113.68434153160244,3833.1341984416354,54.0,-0.005740329083535543,0.19691614256350382,-0.005413932939414214,0.19641897107491668,0.02305951119789884,0.1539896609104062
474,608.6375792072362,4802.7437232065695,54.0,-0.005740329083535543,0.013699077605750737,-0.005413932939414214,0.014781007765337532,0.02305951119789884,0.17523140406461118
475,634.9065337772719,4766.654345959582,54.0,-0.005740329083535543,-0.13984194404717953,-0.005413932939414214,-0.13757718352243703,0.02305951119789884,0.17347255622417934
476,623.483520387806,4804.598436442914,54.0,-0.005740329083535543,-0.05222607379676257,-0.005413932939414214,-0.04675714432338205,0.02305951119789884,0.1789064100638514
477,641.9015815200914,4857.238831024886,54.0,-0.005740329083535543,-0.19175608446926473,-0.005413932939414214,-0.1888260470244516,0.02305951119789884,0.18118269444981855
478,-465.54115273020966,3701.012924955217,54.0,-0.005740329083535543,0.22666135822953629,-0.005413932939414214,0.22604323636801646,0.02305951119789884,0.15159006531823696
479,-425.4027778878423,3687.3814848390944,54.0,-0.005740329083535543,0.271734082412813,-0.005413932939414214,0.27025865721647485,0.02305951119789884,0.14930622613279237
480,-448.96079272698375,3683.345482242924,54.0,-0.005740329083535543,0.11253411674873248,-0.005413932939414214,0.11162273909434567,0.02305951119789884,0.14821623236499845
481,-459.2972544242527,3675.036452891449,54.0,-0.005740329083535543,0.05690817201216646,-0.005413932939414214,0.05188708801678197,0.02305951119789884,0.1441426409083682
482,-426.40019030265967,3675.6261838774494,54.0,-0.005740329083535543,0.22612206856905198,-0.005413932939414214,0.22292884004934269,0.02305951119789884,0.14623942213003174
483,-440.8048070820975,3661.1342812774815,54.0,-0.005740329083535543,0.021033614056959447,-0.005413932939414214,0.018578477159790226,0.02305951119789884,0.15037313645024247
484,-452.908197457792,3654.514221142598,54.0,-0.005740329083535543,-0.04252042523506558,-0.005413932939414214,-0.04259163751836355,0.02305951119789884,0.1551134934630681
485,-489.2630394051725,3629.7069603146624,54.0,-0.005740329083535543,0.08187834924155113,-0.005413932939414214,0.08189320652881403,0.02305951119789884,0.1607133463986346
486,-458.90863996021136,3630.247549768804,54.0,-0.005740329083535543,-0.03819334769410259,-0.005413932939414214,-0.03228354941397322,0.02305951119789884,0.16455732664903855
487,-500.9029123182427,3614.0747562686,54.0,-0.005740329083535543,0.2676837285302783,-0.005413932939414214,0.2624553122526361,0.02305951119789884,0.16568456161963788
488,-465.8928410452483,3608.448596328204,54.0,-0.005740329083535543,0.0651754484067004,-0.005413932939414214,0.05757922205401168,0.02305951119789884,0.16921877757321985
489,-500.4398061409101,3634.1145749910206,54.0,-0.005740329083535543,0.06546465026892462,-0.005413932939414214,0.06076569943397152,0.02305951119789884,0.1553154718143724
490,-520.4786475198113,3632.693087605314,54.0,-0.005740329083535543,0.0843357194479379,-0.005413932939414214,0.08700621486961962,0.02305951119789884,0.16642397904652204
491,-537.0544473499934,3615.307734486455,54.0,-0.005740329083535543,-0.09043321121339255,-0.005413932939414214,-0.09117566831930654,0.02305951119789884,0.17589247255144322
492,-463.572090848466,3711.004366750517,54.0,-0.005740329083535543,0.19880073585720087,-0.005413932939414214,0.1958322035485854,0.02305951119789884,0.1570767389374721
493,-428.8814616877872,3709.096178212622,54.0,-0.005740329083535543,0.34147347103482056,-0.005413932939414214,0.3420811493895199,0.02305951119789884,0.16743938868205785
494,-452.08297454444494,3697.423498379207,54.0,-0.005740329083535543,0.2400796229341033,-0.005413932939414214,0.24024621241763044,0.02305951119789884,0.15418639079168087
495,-434.7429570153381,3690.4541749506434,54.0,-0.005740329083535543,0.2765422654944702,-0.005413932939414214,0.27697536060531913,0.02305951119789884,0.15114817053499913
496,-415.8200064632521,3689.100170895516,54.0,-0.005740329083535543,0.22960880353099833,-0.005413932939414214,0.22542741550693302,0.02305951119789884,0.15532065046332774
497,-481.8116660349994,3658.097650487473,54.0,-0.005740329083535543,0.1233112765754573,-0.005413932939414214,0.11810812142641197,0.02305951119789884,0.17133917715684172
498,-437.4564705482827,3656.797051854789,54.0,-0.005740329083535543,0.05950081083688803,-0.005413932939414214,0.05326160147704116,0.02305951119789884,0.14905866543051696
499,-450.5410575375657,3640.030741604634,54.0,-0.005740329083535543,-0.02677421729187134,-0.005413932939414214,-0.026609516159582805,0.02305951119789884,0.15927743565776878
500,-463.3957004431066,3657.5357537243694,54.0,-0.005740329083535543,0.059945932004708574,-0.005413932939414214,0.05649872482913778,0.02305951119789884,0.15322039678893137
501,-455.237107941275,3675.012391017058,54.0,-0.005740329083535543,0.06540956698163514,-0.005413932939414214,0.06639738695592004,0.02305951119789884,0.14257749156310762
502,-477.5301049296806,3698.6923434687433,54.0,-0.005740329083535543,0.0691301125652582,-0.005413932939414214,0.07161568411987837,0.02305951119789884,0.15710149803562806
503,377.93510059593416,3904.1107934632814,54.0,-0.005740329083535543,0.03092192904161654,-0.005413932939414214,0.031189707437867097,0.02305951119789884,0.17023213631540773
504,374.4537251326261,3889.892677250085,54.0,-0.005740329083535543,0.009075317477131513,-0.005413932939414214,0.00811095742086083,0.02305951119789884,0.16903082820382895
505,367.3905705640541,3924.417227622252,54.0,-0.005740329083535543,0.07120536722337316,-0.005413932939414214,0.06988327511074707,0.02305951119789884,0.1860385424838409
506,332.8834058794852,3942.859446384328,54.0,-0.005740329083535543,-0.1705177397517058,-0.005413932939414214,-0.16273391066981402,0.02305951119789884,0.1404776933637944
507,330.5428326799933,3946.044034599065,54.0,-0.005740329083535543,-0.19828005308550214,-0.005413932939414214,-0.1920804587470098,0.02305951119789884,0.13314849511602486
508,322.3749110256175,3921.0794967894303,54.0,-0.005740329083535543,-0.10320886693157447,-0.005413932939414214,-0.10151937252066165,0.02305951119789884,0.14784017234285415
509,329.7498578052424,3915.277424063791,54.0,-0.005740329083535543,-0.11745004568646905,-0.005413932939414214,-0.11909295774246631,0.02305951119789884,0.15358772673963766
510,337.993275290487,3925.832516910632,54.0,-0.005740329083535543,-0.11538694322917303,-0.005413932939414214,-0.1191270074209019,0.02305951119789884,0.15335043874098028
511,-124.42297810413304,3730.045518548472,54.0,-0.005740329083535543,0.03935273100239986,-0.005413932939414214,0.04023738389855338,0.02305951119789884,0.16177262624119504
512,-136.7121078328898,3704.366146835558,54.0,-0.005740329083535543,0.10841142561103269,-0.005413932939414214,0.11183280073762786,0.02305951119789884,0.15547187416324562
513,-205.2490753627829,3731.957027743968,54.0,-0.005740329083535543,0.20246179189245825,-0.005413932939414214,0.19778037170463336,0.02305951119789884,0.17280691464206047
514,-209.44442407532304,3763.734670847895,54.0,-0.005740329083535543,0.2632585734823151,-0.005413932939414214,0.2561192375287179,0.02305951119789884,0.14994590676733405
515,-227.38656380507663,3742.529007510596,54.0,-0.005740329083535543,0.12216851426501357,-0.005413932939414214,0.12159629063247629,0.02305951119789884,0.15803633526658967
516,-217.924998653439,3721.48468016429,54.0,-0.005740329083535543,0.05551122466146977,-0.005413932939414214,0.05007914590751721,0.02305951119789884,0.1730846228120684
517,-254.5992470950275,3724.926488861847,54.0,-0.005740329083535543,0.03869103665041889,-0.005413932939414214,0.03442389095813296,0.02305951119789884,0.16297597055421661
518,-248.90370498422487,3701.920243170104,54.0,-0.005740329083535543,-0.1396302582298225,-0.005413932939414214,-0.14351859399347666,0.02305951119789884,0.17290960888918808
519,-252.87591756006307,3650.634095306921,54.0,-0.005740329083535543,-0.10226383348660016,-0.005413932939414214,-0.0980575423557388,0.02305951119789884,0.1760909347047995
520,-173.77161208253168,3762.098398234272,54.0,-0.005740329083535543,0.3071257755926973,-0.005413932939414214,0.29892417523928116,0.02305951119789884,0.17607723863721808
521,-139.37097608890187,3732.660382688684,54.0,-0.005740329083535543,-0.024710869601190812,-0.005413932939414214,-0.022788108032582355,0.02305951119789884,0.16803810676463135
522,-208.37184709731315,3756.058669231986,54.0,-0.005740329083535543,0.25105092809065005,-0.005413932939414214,0.2444190229050273,0.02305951119789884,0.1566217032994793
523,-229.31829350277152,3750.8465259771865,54.0,-0.005740329083535543,0.1437180941890942,-0.005413932939414214,0.14283543454664782,0.02305951119789884,0.1529974712583285
524,-252.1369190391436,3688.5883507247336,54.0,-0.005740329083535543,-0.13386683349947828,-0.005413932939414214,-0.12840535194569885,0.02305951119789884,0.1797896976210828
525,-137.46750195522293,3704.002702190223,54.0,-0.005740329083535543,0.11327671748000012,-0.005413932939414214,0.11599164259511492,0.02305951119789884,0.1587882074099235
526,749.6258147719974,4813.866766971807,54.0,-0.005740329083535543,-0.1473447729829048,-0.005413932939414214,-0.15139192967051973,0.02305951119789884,0.17059761905872703
527,754.0871127859037,4778.231806502538,54.0,-0.005740329083535543,-0.05009123375779479,-0.005413932939414214,-0.04875121637891755,0.02305951119789884,0.1587000182973442
528,793.8634908705559,4809.942599619332,54.0,-0.005740329083535543,-0.10622240620662074,-0.005413932939414214,-0.10190245470051823,0.02305951119789884,0.15643770001416502
529,798.953726250781,4791.147655548635,54.0,-0.005740329083535543,-0.13883520871462385,-0.005413932939414214,-0.136253115484065,0.02305951119789884,0.16276328849080177
530,762.4951895083617,4794.278313914385,54.0,-0.005740329083535543,-0.16918713045604886,-0.005413932939414214,-0.17079185125929447,0.02305951119789884,0.15165176939624367
531,778.4628514624378,4790.9547947373485,54.0,-0.005740329083535543,-0.1604033130325271,-0.005413932939414214,-0.16607226112819934,0.02305951119789884,0.15362585600321388
532,770.6225100795091,4781.28239237213,54.0,-0.005740329083535543,-0.13742002437710646,-0.005413932939414214,-0.141162622236017,0.02305951119789884,0.15957521703595273
533,735.2450903228461,4782.681279368702,54.0,-0.005740329083535543,-0.004385418692392549,-0.005413932939414214,-0.008112466822031723,0.02305951119789884,0.15090645590386312
534,743.2937606324407,4763.537481917472,54.0,-0.005740329083535543,0.019909731054072094,-0.005413932939414214,0.016829420252274324,0.02305951119789884,0.159776433308021
535,834.4356224973513,4792.191077471864,54.0,-0.005740329083535543,-0.08520516379861685,-0.005413932939414214,-0.08885477044840266,0.02305951119789884,0.15490837684679676
536,-33.590986472347865,3971.2525348924646,54.0,-0.005740329083535543,-0.05555720056089605,-0.005413932939414214,-0.05726859490150376,0.02305951119789884,0.1632299802511752
537,-16.824029787276814,3963.134227295509,54.0,-0.005740329083535543,-0.2120710772031326,-0.005413932939414214,-0.20797458068226743,0.02305951119789884,0.15893153220475356
538,-9.289119488028984,3940.320299022696,54.0,-0.005740329083535543,-0.27642090463029784,-0.005413932939414214,-0.28060996875710775,0.02305951119789884,0.15579298351787355
539,19.125675470905552,3919.7887611732062,54.0,-0.005740329083535543,-0.23313534138527586,-0.005413932939414214,-0.23013504562720172,0.02305951119789884,0.15839979145556574
540,-9.962046074219687,3916.4328558182974,54.0,-0.005740329083535543,-0.24617316366719147,-0.005413932939414214,-0.25076500488373266,0.02305951119789884,0.15604754804708182
541,-0.9972580126813264,3905.066613170967,54.0,-0.005740329083535543,-0.11066080016325508,-0.005413932939414214,-0.10992254530200177,0.02305951119789884,0.14830340221836305
542,24.09847480128595,3908.844200854287,54.0,-0.005740329083535543,-0.19616438723409826,-0.005413932939414214,-0.19558412469406244,0.02305951119789884,0.16342516610139923
543,26.96307308495755,3884.908015639917,54.0,-0.005740329083535543,-0.10046485827077481,-0.005413932939414214,-0.09996961565436621,0.02305951119789884,0.1689660963358595
544,41.55820239686442,3859.3360482487697,54.0,-0.005740329083535543,0.12253858356578834,-0.005413932939414214,0.12294824972692062,0.02305951119789884,0.14835580080217256
545,-33.030051360718204,3947.101925740972,54.0,-0.005740329083535543,-0.3890279999995626,-0.005413932939414214,-0.38312087136790934,0.02305951119789884,0.16217471468315584
546,-20.440069871896064,3967.068915194426,54.0,-0.005740329083535543,-0.20304771897588236,-0.005413932939414214,-0.20828014703137865,0.02305951119789884,0.15851647675258337
547,-33.601502441691814,3923.5780514405496,54.0,-0.005740329083535543,-0.34586620521370187,-0.005413932939414214,-0.3433142691002803,0.02305951119789884,0.16217333333609818
548,4.130621068015404,3916.458977597719,54.0,-0.005740329083535543,-0.2097822503801748,-0.005413932939414214,-0.2103027558594583,0.02305951119789884,0.148632246118524
549,-40.82216668190109,3965.090048211267,54.0,-0.005740329083535543,-0.08279913493652223,-0.005413932939414214,-0.08146080064866265,0.02305951119789884,0.16848134541581264
550,-3.2682886956830624,3892.179388681665,54.0,-0.005740329083535543,0.03557510223365499,-0.005413932939414214,0.03777223929423659,0.02305951119789884,0.1655086680574034
551,90.0285824981926,3885.374004932618,54.0,-0.005740329083535543,-0.007092842913048997,-0.005413932939414214,-0.007553429999119646,0.02305951119789884,0.14962491008696915
552,83.86670580001751,3866.630653839721,54.0,-0.005740329083535543,0.041365574477476595,-0.005413932939414214,0.04675484850930315,0.02305951119789884,0.16067348691331254
553,52.79801574862894,3858.169085806702,54.0,-0.005740329083535543,0.10737669630717264,-0.005413932939414214,0.10690792473108471,0.02305951119789884,0.15805687174116032
554,72.4423782875265,3843.4141825954302,54.0,-0.005740329083535543,-0.14969014286422846,-0.005413932939414214,-0.1472515108941014,0.02305951119789884,0.15385429671318868
555,51.330164428461806,3842.748038309236,54.0,-0.005740329083535543,-0.12526070805881184,-0.005413932939414214,-0.12227966064549468,0.02305951119789884,0.15120991230738692
556,71.0063011612224,3819.538010924277,54.0,-0.005740329083535543,-0.11256109260231106,-0.005413932939414214,-0.10798080078246222,0.02305951119789884,0.14493497106688047
557,53.97552747189277,3779.7778986115927,54.0,-0.005740329083535543,-0.10143109202212684,-0.005413932939414214,-0.10194088425386466,0.02305951119789884,0.1493574348365581
558,29.84882850616204,3760.0903002068953,54.0,-0.005740329083535543,-0.11921175789831395,-0.005413932939414214,-0.12202144243483169,0.02305951119789884,0.16150079165165374
559,70.84382095259998,3812.213793609557,54.0,-0.005740329083535543,-0.094239332500815,-0.005413932939414214,-0.09864102210737957,0.02305951119789884,0.13625737151588688
560,85.15373079383198,3880.811543855472,54.0,-0.005740329083535543,-0.009998848709030055,-0.005413932939414214,-0.007337378641041331,0.02305951119789884,0.15317126864705188
561,68.21929053265893,3857.2635974168033,54.0,-0.005740329083535543,-0.009199032559323752,-0.005413932939414214,-0.012021199955697658,0.02305951119789884,0.14916301401339133
562,74.94999357907247,3832.562273689816,54.0,-0.005740329083535543,-0.17522059875603113,-0.005413932939414214,-0.17469668835139585,0.02305951119789884,0.15594930505232082
563,93.9798506618169,3810.153790083169,54.0,-0.005740329083535543,0.004529076823431171,-0.005413932939414214,0.0038923609441273554,0.02305951119789884,0.16669128302901695
564,53.99348219513684,3779.765921014686,54.0,-0.005740329083535543,-0.10142062908407884,-0.005413932939414214,-0.10279978377300619,0.02305951119789884,0.1498021361793264
565,70.31493711953587,3811.7486463338,54.0,-0.005740329083535543,-0.09105770549017912,-0.005413932939414214,-0.09325968256459716,0.02305951119789884,0.13719604652586329
566,115.16205876560493,3798.270755871877,54.0,-0.005740329083535543,0.20845016349663417,-0.005413932939414214,0.21207626430785853,0.02305951119789884,0.17183128371169074
567,87.2451405287995,3831.494039957056,54.0,-0.005740329083535543,0.004285373873281955,-0.005413932939414214,0.004638476857200847,0.02305951119789884,0.1608520082505969
568,36.476303073102144,3747.298457980633,54.0,-0.005740329083535543,-0.003945850317258578,-0.005413932939414214,-0.002619853229397842,0.02305951119789884,0.1612165856099545
569,81.42211507964093,3862.904094352834,54.0,-0.005740329083535543,0.026162689569506476,-0.005413932939414214,0.03296168040635697,0.02305951119789884,0.16064439832433158
570,549.2870939563649,4305.9995539661,54.0,-0.005740329083535543,-0.1474940070273881,-0.005413932939414214,-0.14843485533485273,0.02305951119789884,0.14992468820676438
571,544.4098499221095,4286.51728713991,54.0,-0.005740329083535543,-0.15600603183260683,-0.005413932939414214,-0.1566368102826627,0.02305951119789884,0.1583902013280977
572,526.9955380856456,4287.393509187453,54.0,-0.005740329083535543,-0.10973610693176165,-0.005413932939414214,-0.11314630113784985,0.02305951119789884,0.1448484997165803
573,502.3554500387008,4287.081754576032,54.0,-0.005740329083535543,0.21822408736266913,-0.005413932939414214,0.2149941808491971,0.02305951119789884,0.16056481753928514
574,521.860148154005,4271.043596927122,54.0,-0.005740329083535543,0.02407052654669885,-0.005413932939414214,0.0248203920286321,0.02305951119789884,0.15544566530387274
575,490.1742733047821,4255.374110181812,54.0,-0.005740329083535543,0.35030902294443383,-0.005413932939414214,0.35125118997901683,0.02305951119789884,0.16939068135274266
576,544.1009429454423,4239.798803024585,54.0,-0.005740329083535543,-0.06073335621434475,-0.005413932939414214,-0.05937301550489424,0.02305951119789884,0.1828160833821247
577,493.8152420653565,4235.364592782937,54.0,-0.005740329083535543,0.23721422114079327,-0.005413932939414214,0.2320561742820116,0.02305951119789884,0.15121852841035432
578,468.1538607220498,4241.128223716155,54.0,-0.005740329083535543,0.2746281424290252,-0.005413932939414214,0.27060305133711726,0.02305951119789884,0.16838208418202993
579,499.7287176848287,4232.444068380425,54.0,-0.005740329083535543,0.19914218630137603,-0.005413932939414214,0.19505813214570594,0.02305951119789884,0.15474873418708948
580,469.7454521096344,4301.154322219481,54.0,-0.005740329083535543,-0.005972391629783753,-0.005413932939414214,-0.0027047510059229635,0.02305951119789884,0.16722489486535497
581,555.2813891908964,4308.169914388606,54.0,-0.005740329083535543,-0.1558159526259957,-0.005413932939414214,-0.15556229827971893,0.02305951119789884,0.15533191495441823
582,528.2616691728058,4293.079481721901,54.0,-0.005740329083535543,-0.0916939005922501,-0.005413932939414214,-0.08877253516496607,0.02305951119789884,0.14049631715586847
583,480.8723494206272,4270.11559654706,54.0,-0.005740329083535543,0.2670923150141176,-0.005413932939414214,0.2637748182679124,0.02305951119789884,0.16168432855077114
584,506.1832779263153,4271.360107928358,54.0,-0.005740329083535543,0.15566267774348824,-0.005413932939414214,0.15616982486620126,0.02305951119789884,0.158358682985464
585,486.333478002448,4218.397487853233,54.0,-0.005740329083535543,0.2082678323504174,-0.005413932939414214,0.2020578305457034,0.02305951119789884,0.15553794812043953
586,465.122364122729,4206.899148776987,54.0,-0.005740329083535543,0.37248565148979423,-0.005413932939414214,0.3703152141348505,0.02305951119789884,0.16731481179430288
587,490.5454553088719,4199.285433819725,54.0,-0.005740329083535543,0.18926580369421028,-0.005413932939414214,0.19417536352043874,0.02305951119789884,0.1668292173478626
588,529.8239150277818,4263.102067604929,54.0,-0.005740329083535543,-0.0387468861845726,-0.005413932939414214,-0.04041164854085994,0.02305951119789884,0.15587451044984527
589,538.5355942881802,4277.098759825456,54.0,-0.005740329083535543,-0.11138073785703144,-0.005413932939414214,-0.11381492435385221,0.02305951119789884,0.16062489117238335
590,-410.1123796079147,3660.414914445813,54.0,-0.005740329083535543,0.12789078865209166,-0.005413932939414214,0.12575042418855303,0.02305951119789884,0.161343219538411
591,-374.9103311708055,3656.421360427769,54.0,-0.005740329083535543,-0.07321022421802216,-0.005413932939414214,-0.06853292714040327,0.02305951119789884,0.16384229164229946
592,-378.4105488505552,3641.913217468345,54.0,-0.005740329083535543,-0.015350266844418365,-0.005413932939414214,-0.009918471199181728,0.02305951119789884,0.1707588164625787
593,-410.9857444853892,3624.9470229330495,54.0,-0.005740329083535543,0.11369189128028831,-0.005413932939414214,0.11373109923027072,0.02305951119789884,0.16329477196041506
594,-385.33208216661006,3627.100488486961,54.0,-0.005740329083535543,0.06686166537431913,-0.005413932939414214,0.06806460195598915,0.02305951119789884,0.1718912375827533
595,-390.8209967890227,3608.249021001745,54.0,-0.005740329083535543,0.15372850295432144,-0.005413932939414214,0.153874493333968,0.02305951119789884,0.17310216713974957
596,-433.222559345482,3609.7170698355617,54.0,-0.005740329083535543,-0.039408324599861995,-0.005413932939414214,-0.04197426956376439,0.02305951119789884,0.161604514157461
597,-408.2621432632536,3592.8912921219685,54.0,-0.005740329083535543,0.15568922652555853,-0.005413932939414214,0.15790426599976462,0.02305951119789884,0.1804584066234837
598,-441.4715424153037,3569.6343433615034,54.0,-0.005740329083535543,0.037516527425429595,-0.005413932939414214,0.04136391568723652,0.02305951119789884,0.17660117106610512
599,-427.98671344849896,3633.9501530677458,54.0,-0.005740329083535543,7.552187642080696e-05,-0.005413932939414214,0.003230065060800367,0.02305951119789884,0.1631870111695682
600,16.947210370460294,3854.162344069313,54.0,-0.005740329083535543,0.2467744920024243,-0.005413932939414214,0.24332866850280332,0.02305951119789884,0.16095992424623629
601,26.581794784317434,3848.416710936236,54.0,-0.005740329083535543,0.2799248540245834,-0.005413932939414214,0.27367221162691957,0.02305951119789884,0.16283556321238904
602,15.046854621301405,3832.1565750001578,54.0,-0.005740329083535543,0.20250970332745621,-0.005413932939414214,0.20650396027765672,0.02305951119789884,0.15775515702495688
603,11.187468754086296,3812.747884834706,54.0,-0.005740329083535543,-0.13571444373753525,-0.005413932939414214,-0.12730291770874086,0.02305951119789884,0.15720560494600133
604,35.65775954728463,3811.2184228857313,54.0,-0.005740329083535543,-0.18974439461332024,-0.005413932939414214,-0.1905475910622047,0.02305951119789884,0.14949622701746446
605,14.975934229222824,3799.243068897464,54.0,-0.005740329083535543,-0.2117722203515276,-0.005413932939414214,-0.20623902379556597,0.02305951119789884,0.1465628543282183
606,39.2002283746347,3788.436119844561,54.0,-0.005740329083535543,-0.19483955224723531,-0.005413932939414214,-0.19509131054290996,0.02305951119789884,0.16579914572394736
607,15.04579642413452,3767.694366626262,54.0,-0.005740329083535543,-0.23116020638072124,-0.005413932939414214,-0.2287444001334652,0.02305951119789884,0.1549222556500172
608,5.372355331992672,3771.380109193948,54.0,-0.005740329083535543,-0.16338545280268044,-0.005413932939414214,-0.16617189278161995,0.02305951119789884,0.14998394614083083
609,24.679452052912616,3770.6789526338025,54.0,-0.005740329083535543,-0.21602477069378548,-0.005413932939414214,-0.21280061403670358,0.02305951119789884,0.1617714282047116
610,39.83749752635614,3805.9132554474304,54.0,-0.005740329083535543,-0.19450961306961576,-0.005413932939414214,-0.19525666603137454,0.02305951119789884,0.1503018935572165
611,24.679857010352134,3808.1866342615103,54.0,-0.005740329083535543,-0.2123108977465216,-0.005413932939414214,-0.2084252632062531,0.02305951119789884,0.1516849938952356
612,43.05926388611581,3820.358120360771,54.0,-0.005740329083535543,-0.18628534094428362,-0.005413932939414214,-0.18600044041128944,0.02305951119789884,0.15488390557443474
613,46.2511058172998,3844.421224149216,54.0,-0.005740329083535543,-0.07034155520507573,-0.005413932939414214,-0.07004725590237901,0.02305951119789884,0.14751291370656466
614,27.838527006137475,3838.99962359604,54.0,-0.005740329083535543,0.15301639549319407,-0.005413932939414214,0.15411966011419015,0.02305951119789884,0.1534853526455885
615,250.8258249438829,4077.09190549598,54.0,-0.005740329083535543,0.39886278321761653,-0.005413932939414214,0.39145762248349986,0.02305951119789884,0.15141086579212185
616,269.0070066875137,4069.184449779752,54.0,-0.005740329083535543,0.15835102380282856,-0.005413932939414214,0.15397053968524926,0.02305951119789884,0.1648328690961957
617,218.97355483206192,4065.9952167575098,54.0,-0.005740329083535543,0.15657095047303546,-0.005413932939414214,0.15063994121193602,0.02305951119789884,0.16167317091304428
618,253.3047041406585,4032.075905579567,54.0,-0.005740329083535543,0.2759786861887411,-0.005413932939414214,0.2775075265756295,0.02305951119789884,0.16642657003447608
619,210.88337358800035,4009.070829044608,54.0,-0.005740329083535543,-0.07363522141503208,-0.005413932939414214,-0.0742220322513752,0.02305951119789884,0.14652362155054055
620,249.40203896940795,3977.89614196583,54.0,-0.005740329083535543,0.06498899410297074,-0.005413932939414214,0.06084750696847316,0.02305951119789884,0.14761248989066098
621,213.75311227222025,3985.814400159764,54.0,-0.005740329083535543,-0.031889454018971544,-0.005413932939414214,-0.02851387440228286,0.02305951119789884,0.14708296539948695
622,202.69234717139835,3973.005610838789,54.0,-0.005740329083535543,-0.1836800945121656,-0.005413932939414214,-0.17747475898230447,0.02305951119789884,0.15386249430451823
623,193.13049431647704,3945.745622670177,54.0,-0.005740329083535543,0.21888387313448765,-0.005413932939414214,0.2193508555363211,0.02305951119789884,0.143381832207476
624,231.2096817700889,3941.271980870057,54.0,-0.005740329083535543,-0.13260493497307932,-0.005413932939414214,-0.12629317505179732,0.02305951119789884,0.16592913974008777
625,213.2088148446705,3935.668148667985,54.0,-0.005740329083535543,0.22474049381155742,-0.005413932939414214,0.22548238317001373,0.02305951119789884,0.14236688301405065
626,214.159983359104,3909.3358891854223,54.0,-0.005740329083535543,0.03527295629743096,-0.005413932939414214,0.032318537127953705,0.02305951119789884,0.14655159393092318
627,203.71947329620775,3931.023396399216,54.0,-0.005740329083535543,0.24457766306403855,-0.005413932939414214,0.240375272747961,0.02305951119789884,0.14637674284415594
628,217.78621872145484,4016.709547047492,54.0,-0.005740329083535543,-0.07834402924468112,-0.005413932939414214,-0.08080379417246172,0.02305951119789884,0.1492569925493705
629,252.93723737990092,4019.171331489568,54.0,-0.005740329083535543,0.022781979075319456,-0.005413932939414214,0.019292072207576366,0.02305951119789884,0.15743647402614303
630,208.42466583089583,3984.700961738825,54.0,-0.005740329083535543,-0.02116333710240738,-0.005413932939414214,-0.0164093429151754,0.02305951119789884,0.15074782110908133
631,256.83766692814663,3977.954207213813,54.0,-0.005740329083535543,-0.0021406556773260876,-0.005413932939414214,0.00032516799642948505,0.02305951119789884,0.1511765409872642
632,216.7424768273763,3934.5668680946055,54.0,-0.005740329083535543,0.18573580134493226,-0.005413932939414214,0.1876574379841992,0.02305951119789884,0.14052375681956716
633,193.2304932149353,3912.590394161609,54.0,-0.005740329083535543,-0.013151920297303653,-0.005413932939414214,-0.009015241401589524,0.02305951119789884,0.15144811632286895
634,223.3428052277796,3989.2837293720168,54.0,-0.005740329083535543,0.04897815915940039,-0.005413932939414214,0.045130099920976274,0.02305951119789884,0.15954820248086168
635,246.06942951702663,3981.67837797846,54.0,-0.005740329083535543,-0.021170369556905974,-0.005413932939414214,-0.019635703068357557,0.02305951119789884,0.15409447175431604
636,279.6006376701204,4002.5337399919367,54.0,-0.005740329083535543,-0.41469354296305766,-0.005413932939414214,-0.4089686333682465,0.02305951119789884,0.1778919532041475
637,192.79701301972855,3981.811109796079,54.0,-0.005740329083535543,-0.0383664209571206,-0.005413932939414214,-0.04003794928129427,0.02305951119789884,0.15431681494646476
638,282.20374954028966,3983.706942123103,54.0,-0.005740329083535543,-0.4524126282815512,-0.005413932939414214,-0.451033236296153,0.02305951119789884,0.17346083547030397
639,203.2927786194446,3965.297674897721,54.0,-0.005740329083535543,-0.1013419943590987,-0.005413932939414214,-0.09366881112420931,0.02305951119789884,0.15848290067963494
640,222.10039796658828,3969.629559878969,54.0,-0.005740329083535543,0.0034086858916262605,-0.005413932939414214,0.003906572868230302,0.02305951119789884,0.16002599972592832
641,236.3271697378009,3965.095470247745,54.0,-0.005740329083535543,0.04404382799685084,-0.005413932939414214,0.03761898021662127,0.02305951119789884,0.15731677823834958
642,192.940446962362,3945.496639258913,54.0,-0.005740329083535543,0.22111669554463403,-0.005413932939414214,0.22225337915976864,0.02305951119789884,0.1423490238543826
643,217.36962251063744,3945.754127331859,54.0,-0.005740329083535543,0.10842796311801865,-0.005413932939414214,0.11497945545034335,0.02305951119789884,0.1498808067310413
644,220.543097825573,3910.490639159292,54.0,-0.005740329083535543,0.009314101331278928,-0.005413932939414214,0.014660223577033015,0.02305951119789884,0.14678586400017385
645,244.3927331677535,4039.453609614884,54.0,-0.005740329083535543,0.085082504463431,-0.005413932939414214,0.0853074943584759,0.02305951119789884,0.1515615014596762
646,235.85174675780948,4052.0064504657407,54.0,-0.005740329083535543,0.15831409262234794,-0.005413932939414214,0.15266605237902564,0.02305951119789884,0.1621123889945932
647,240.6308949961324,4066.355460037511,54.0,-0.005740329083535543,0.40437323652956464,-0.005413932939414214,0.40565750848146453,0.02305951119789884,0.1593247964935741
648,272.0036303115525,4087.9698110724366,54.0,-0.005740329083535543,0.19755473366438114,-0.005413932939414214,0.20622461788006374,0.02305951119789884,0.1646267935744185
649,201.40797252687383,3996.1355278762608,54.0,-0.005740329083535543,-0.03487388555366609,-0.005413932939414214,-0.031804914393354214,0.02305951119789884,0.15747720438486526
650,224.482998151289,4001.4216244713134,54.0,-0.005740329083535543,0.051295891513741344,-0.005413932939414214,0.04748334097219818,0.02305951119789884,0.16356151263333438
651,229.5458883605087,4016.746868363543,54.0,-0.005740329083535543,-0.08870040790630772,-0.005413932939414214,-0.08609501486185762,0.02305951119789884,0.15416287668171397
652,227.90513404909052,4039.235656730924,54.0,-0.005740329083535543,-0.07503777004165853,-0.005413932939414214,-0.07960682177581463,0.02305951119789884,0.1628452457965602
653,215.30007276246957,4047.741048059149,54.0,-0.005740329083535543,-0.04761404169524966,-0.005413932939414214,-0.047260000189338,0.02305951119789884,0.16323077677149042
654,214.7494271220868,4031.061700351105,54.0,-0.005740329083535543,-0.14070292151160604,-0.005413932939414214,-0.14555729075036636,0.02305951119789884,0.16047562076682648
655,275.30803990511106,4023.5491126828542,54.0,-0.005740329083535543,0.016254116035913632,-0.005413932939414214,0.01180262615257546,0.02305951119789884,0.16262467167666111
656,228.23403405678565,3926.946867381492,54.0,-0.005740329083535543,0.08569246444901604,-0.005413932939414214,0.08911626925018394,0.02305951119789884,0.15406476740542427
657,-499.9773429811749,3678.532005153513,54.0,-0.005740329083535543,0.09646524078744108,-0.005413932939414214,0.09814228077834006,0.02305951119789884,0.16599788531640897
658,-517.2496129298322,3660.238901566688,54.0,-0.005740329083535543,0.16945861914570925,-0.005413932939414214,0.1677542830769535,0.02305951119789884,0.17416466274549836
659,-580.6716768976491,3734.978595164169,54.0,-0.005740329083535543,-0.07772182631765803,-0.005413932939414214,-0.07327577512347398,0.02305951119789884,0.18460739989248923
660,-546.4989859266002,3721.4900233429794,54.0,-0.005740329083535543,-0.08464558909981439,-0.005413932939414214,-0.09112555922936534,0.02305951119789884,0.1710015389410473
661,-549.267120039264,3702.54178010288,54.0,-0.005740329083535543,-0.12075318233600144,-0.005413932939414214,-0.11145837298048149,0.02305951119789884,0.1753695223093969
662,-517.9434171149317,3694.1396214923566,54.0,-0.005740329083535543,0.021325524562680886,-0.005413932939414214,0.025015874217949673,0.02305951119789884,0.17052362343417857
663,275.46093069714203,4237.600593298557,54.0,-0.005740329083535543,0.11969368492283365,-0.005413932939414214,0.11528834823022524,0.02305951119789884,0.185401258340477
664,260.54382607193054,4189.386828262381,54.0,-0.005740329083535543,-0.22530434984487527,-0.005413932939414214,-0.22107447536429092,0.02305951119789884,0.1895432758046447
665,365.73068580729074,4172.10123667665,54.0,-0.005740329083535543,0.1056310231512524,-0.005413932939414214,0.10463982805887745,0.02305951119789884,0.14797228788379252
666,303.0397540729384,4168.450548701593,54.0,-0.005740329083535543,-0.1221401772018389,-0.005413932939414214,-0.12021491075937969,0.02305951119789884,0.17482235454559794
667,306.09515397216705,4130.874580079874,54.0,-0.005740329083535543,0.15223953317525596,-0.005413932939414214,0.15899177673825288,0.02305951119789884,0.16703735517356394
668,302.82165996923425,4119.504667691163,54.0,-0.005740329083535543,0.16920632216480258,-0.005413932939414214,0.1658795027717016,0.02305951119789884,0.1520999787394455
669,291.1882646910309,4099.078724905353,54.0,-0.005740329083535543,0.2609725046777132,-0.005413932939414214,0.2608330522900535,0.02305951119789884,0.15866542717502297
670,272.934747988071,4111.997012157693,54.0,-0.005740329083535543,0.2918036210355351,-0.005413932939414214,0.28787665643505334,0.02305951119789884,0.16058365571383804
671,255.4251274347216,4100.936453308112,54.0,-0.005740329083535543,0.32211618295359334,-0.005413932939414214,0.31772674752471863,0.02305951119789884,0.15806493065680993
672,220.87595282766387,4102.083892846976,54.0,-0.005740329083535543,0.018683359072860187,-0.005413932939414214,0.014220554304891546,0.02305951119789884,0.16348959310811026
673,373.0536264372821,4237.867458294468,54.0,-0.005740329083535543,0.17236622486535363,-0.005413932939414214,0.16991250143541192,0.02305951119789884,0.1680924524515308
674,362.3064081282481,4221.704404093187,54.0,-0.005740329083535543,-0.007514543220589408,-0.005413932939414214,-0.013452382845755456,0.02305951119789884,0.16314086939208008
675,372.2868734763583,4221.386114156595,54.0,-0.005740329083535543,0.06539927896461457,-0.005413932939414214,0.06456905240427395,0.02305951119789884,0.15859393367663271
676,348.8282222887337,4204.538514488947,54.0,-0.005740329083535543,-0.051308519321631656,-0.005413932939414214,-0.05027325470569574,0.02305951119789884,0.17451963127106807
677,329.5351738167448,4169.038905630156,54.0,-0.005740329083535543,-0.06580451585275639,-0.005413932939414214,-0.06806732722390844,0.02305951119789884,0.1699123021029975
678,346.62414930987774,4170.158415182179,54.0,-0.005740329083535543,-0.163758517023035,-0.005413932939414214,-0.16373771494482092,0.02305951119789884,0.17186471945368045
679,364.6091053140706,4170.399258321844,54.0,-0.005740329083535543,0.08427810491530778,-0.005413932939414214,0.08745794622481237,0.02305951119789884,0.14560349194290081
680,334.60250706622514,4156.27046823521,54.0,-0.005740329083535543,-0.06804885391506686,-0.005413932939414214,-0.07305803342531453,0.02305951119789884,0.1629037563600755
681,355.5439209369716,4156.456968582675,54.0,-0.005740329083535543,-0.07877110624446919,-0.005413932939414214,-0.08008329273886104,0.02305951119789884,0.15600066648617805
682,299.7110510601282,4116.425155454023,54.0,-0.005740329083535543,0.14263243697956585,-0.005413932939414214,0.14118098741527957,0.02305951119789884,0.15196854799711443
683,320.9729984334359,4121.618338208264,54.0,-0.005740329083535543,-0.07863521750808714,-0.005413932939414214,-0.07876814385022922,0.02305951119789884,0.15950210745262028
684,268.5028234668558,4104.077574133915,54.0,-0.005740329083535543,0.3101076121590083,-0.005413932939414214,0.31485537024325944,0.02305951119789884,0.15480765718420333
685,308.95176142546023,4100.390848526726,54.0,-0.005740329083535543,0.04736411280191692,-0.005413932939414214,0.0469559670857265,0.02305951119789884,0.14755094745772884
686,321.7264183919306,4102.665007325553,54.0,-0.005740329083535543,-0.17825813964753576,-0.005413932939414214,-0.1842740504495095,0.02305951119789884,0.1556349826667251
687,219.27949383018264,4092.615330391432,54.0,-0.005740329083535543,0.011124537337651012,-0.005413932939414214,0.011504707168880211,0.02305951119789884,0.1636267008923985
688,241.15223999434448,4082.933807469713,54.0,-0.005740329083535543,0.30174403916966325,-0.005413932939414214,0.2981867776054135,0.02305951119789884,0.1548992851047813
689,255.9426322707364,4092.0033524375262,54.0,-0.005740329083535543,0.3404629759287759,-0.005413932939414214,0.3418435290890113,0.02305951119789884,0.1568111040093528
690,302.40939418690647,4076.239930161057,54.0,-0.005740329083535543,0.013588778582435119,-0.005413932939414214,0.016746465970332323,0.02305951119789884,0.16538951056718054
691,823.8432151226995,4855.87050783927,54.0,-0.005740329083535543,-0.2586621519526481,-0.005413932939414214,-0.2642942412557851,0.02305951119789884,0.16372013879739253
692,819.3628651065428,4843.652568747224,54.0,-0.005740329083535543,-0.24423066096226628,-0.005413932939414214,-0.2537281732040448,0.02305951119789884,0.15897598060162535
693,820.4132859790924,4829.631034390841,54.0,-0.005740329083535543,-0.11130508945595617,-0.005413932939414214,-0.11751268222172087,0.02305951119789884,0.1500952377311362
694,833.8506821285372,4813.25043740029,54.0,-0.005740329083535543,-0.08975601971726573,-0.005413932939414214,-0.0910164559935755,0.02305951119789884,0.15955066348153846
695,807.9486503849818,4811.149543201454,54.0,-0.005740329083535543,-0.15593562213483939,-0.005413932939414214,-0.15747949352791857,0.02305951119789884,0.16136902932772004
696,-373.43476264910015,3766.461917060813,54.0,-0.005740329083535543,0.20952926978405087,-0.005413932939414214,0.21067143771555424,0.02305951119789884,0.16228848533728657
697,-404.9594998600836,3757.059047829879,54.0,-0.005740329083535543,0.2562722218607611,-0.005413932939414214,0.2566312487619733,0.02305951119789884,0.15539161055766984
698,-388.4341386667703,3754.2694742453887,54.0,-0.005740329083535543,0.23388847883779665,-0.005413932939414214,0.2352240949300874,0.02305951119789884,0.1543651631978654
699,-361.1239523797188,3752.790302079386,54.0,-0.005740329083535543,0.0739567978570174,-0.005413932939414214,0.07844571342952852,0.02305951119789884,0.15768147687512205
700,-420.5155790009941,3745.761874945407,54.0,-0.005740329083535543,0.16944161883082023,-0.005413932939414214,0.16897694923111056,0.02305951119789884,0.16219754391607477
701,-402.0863261984077,3740.578611177712,54.0,-0.005740329083535543,0.24235185068833406,-0.005413932939414214,0.2430583794086246,0.02305951119789884,0.15173388490711753
702,-374.17678074725006,3737.152975783385,54.0,-0.005740329083535543,0.07601134524279321,-0.005413932939414214,0.07524779310453424,0.02305951119789884,0.16517607163537124
703,-350.91326110736713,3715.884060741088,54.0,-0.005740329083535543,-0.19296639967579624,-0.005413932939414214,-0.19353986884979713,0.02305951119789884,0.175239365658213
704,-400.3198472799375,3700.1520817218016,54.0,-0.005740329083535543,0.2023724986203226,-0.005413932939414214,0.20261887204952198,0.02305951119789884,0.15242748687504007
705,-379.6065561208264,3698.954138824738,54.0,-0.005740329083535543,0.1838903834119912,-0.005413932939414214,0.18441230825999536,0.02305951119789884,0.1624466860833426
706,-354.7620074744374,3695.953997662773,54.0,-0.005740329083535543,-0.016791901397725156,-0.005413932939414214,-0.023252265003575773,0.02305951119789884,0.17118623161170948
707,-399.0727213039516,3689.444607369494,54.0,-0.005740329083535543,0.1930316905002334,-0.005413932939414214,0.2013455741005492,0.02305951119789884,0.15413944584148534
708,-375.6216397006036,3674.460164358082,54.0,-0.005740329083535543,-0.011641295749078025,-0.005413932939414214,-0.012306422860050653,0.02305951119789884,0.16293482523321698
709,-351.1479509122784,3665.503242462116,54.0,-0.005740329083535543,-0.02059826868160738,-0.005413932939414214,-0.023995491656712747,0.02305951119789884,0.17375092180895196
710,-389.7627570705973,3743.2169933727887,54.0,-0.005740329083535543,0.18318219685957837,-0.005413932939414214,0.18871389955229748,0.02305951119789884,0.15244013180837232
711,-366.9323951215805,3742.866649151627,54.0,-0.005740329083535543,0.008800772045063002,-0.005413932939414214,0.0033607018911221698,0.02305951119789884,0.15520483665495532
712,-402.1052308230248,3707.5373006073055,54.0,-0.005740329083535543,0.18217644351207263,-0.005413932939414214,0.18833084784764254,0.02305951119789884,0.1613841979057435
713,-380.9661528592131,3689.457435245816,54.0,-0.005740329083535543,0.0768804556566807,-0.005413932939414214,0.07687114737799997,0.02305951119789884,0.1524146621090258
714,-413.19707339021727,3725.878044612585,54.0,-0.005740329083535543,0.23059869783620834,-0.005413932939414214,0.23390887350698303,0.02305951119789884,0.16336906580501692
715,-162.52306238605374,3916.201907568545,54.0,-0.005740329083535543,-0.10940750744375007,-0.005413932939414214,-0.10651541487103217,0.02305951119789884,0.15177972659515113
716,-133.3415231743852,3915.05509414729,54.0,-0.005740329083535543,-0.24017778227284586,-0.005413932939414214,-0.23425145589664004,0.02305951119789884,0.1523789723137931
717,-107.03856041422884,3912.688158453438,54.0,-0.005740329083535543,-0.26716021976308224,-0.005413932939414214,-0.2640168549394053,0.02305951119789884,0.14890274997653968
718,-185.24762128328757,3894.1527541873807,54.0,-0.005740329083535543,-0.11357981462620396,-0.005413932939414214,-0.11787072030110268,0.02305951119789884,0.14561370485388714
719,-163.77609401928575,3898.3612294938825,54.0,-0.005740329083535543,-0.07648245151157107,-0.005413932939414214,-0.07860342411690108,0.02305951119789884,0.150125339744193
720,-138.31483592452412,3903.081532209318,54.0,-0.005740329083535543,-0.19297676187330423,-0.005413932939414214,-0.1904996433373766,0.02305951119789884,0.14703546873069434
721,-176.60911080190527,3873.689646947577,54.0,-0.005740329083535543,-0.12968079016461528,-0.005413932939414214,-0.12659629106524067,0.02305951119789884,0.15444058657465337
722,-149.1571348158001,3881.691152823052,54.0,-0.005740329083535543,-0.08477666583320433,-0.005413932939414214,-0.08186824512501646,0.02305951119789884,0.14898563238715318
723,-131.5000538528961,3885.757679077044,54.0,-0.005740329083535543,-0.1700836835505988,-0.005413932939414214,-0.16544225770414556,0.02305951119789884,0.1605601020423344
724,-124.00630206861427,3866.008859174929,54.0,-0.005740329083535543,-0.002451578375740468,-0.005413932939414214,-0.004926403280828379,0.02305951119789884,0.15034907486665286
725,-188.24213287120952,3844.223822198344,54.0,-0.005740329083535543,0.10710605830708678,-0.005413932939414214,0.1040154812093467,0.02305951119789884,0.16231711508245703
726,-163.18022440468428,3835.315907696576,54.0,-0.005740329083535543,0.16008122094054286,-0.005413932939414214,0.16095060742116257,0.02305951119789884,0.15869549943160047
727,-143.89632797920137,3927.044930804073,54.0,-0.005740329083535543,-0.16650975753887934,-0.005413932939414214,-0.17121090595434463,0.02305951119789884,0.1409471311663827
728,-153.2235956101634,3841.402841089208,54.0,-0.005740329083535543,0.20034904977501197,-0.005413932939414214,0.20319755219698138,0.02305951119789884,0.15930058968122812
729,-134.8166939717991,3867.276296113637,54.0,-0.005740329083535543,0.05885085305657948,-0.005413932939414214,0.05608819646129075,0.02305951119789884,0.14800991570336386
730,-160.39702155560826,3872.236696721719,54.0,-0.005740329083535543,-0.06596324472942997,-0.005413932939414214,-0.06276208936712356,0.02305951119789884,0.15653986320788513
731,-170.93912756686086,3857.865301629393,54.0,-0.005740329083535543,0.050542025188054424,-0.005413932939414214,0.04750960162881625,0.02305951119789884,0.16201059472079227
732,-153.8352027724087,3881.8353385911855,54.0,-0.005740329083535543,-0.06605996784565457,-0.005413932939414214,-0.06660791518518097,0.02305951119789884,0.1493734849859131
733,-185.1723244532143,3862.5721872323993,54.0,-0.005740329083535543,-0.0661619048070301,-0.005413932939414214,-0.06407903557951869,0.02305951119789884,0.16182344227943762
734,-201.39282667417103,3905.61281133974,54.0,-0.005740329083535543,-0.08218617409600772,-0.005413932939414214,-0.08142612981321473,0.02305951119789884,0.15514866451206336
735,-194.47015295781316,3889.527551350435,54.0,-0.005740329083535543,-0.1508340516795253,-0.005413932939414214,-0.15172372028516895,0.02305951119789884,0.1416006213799724
736,-167.4205538799331,3917.759500104368,54.0,-0.005740329083535543,-0.07087750516940067,-0.005413932939414214,-0.07226439348842133,0.02305951119789884,0.1485425151866253
737,-143.8062093783999,3927.407261262322,54.0,-0.005740329083535543,-0.1639044098715109,-0.005413932939414214,-0.16715085509722194,0.02305951119789884,0.142679960924477
738,-128.11374621265907,3902.904347709693,54.0,-0.005740329083535543,-0.21725733098267705,-0.005413932939414214,-0.21545324650467113,0.02305951119789884,0.14873567251087658
739,-109.38043299124205,3904.605524472531,54.0,-0.005740329083535543,-0.21395132527813157,-0.005413932939414214,-0.21722752687168573,0.02305951119789884,0.1449651523078767
740,-116.24285178055337,3863.5742101856567,54.0,-0.005740329083535543,0.034414092871068065,-0.005413932939414214,0.02920358751481815,0.02305951119789884,0.15604281490354235
741,-174.55729592021984,3890.937438124017,54.0,-0.005740329083535543,-0.09022926911860918,-0.005413932939414214,-0.08459024016854158,0.02305951119789884,0.144906292466103
742,1.9277845768490225,3823.908729256164,54.0,-0.005740329083535543,-0.011643702229859478,-0.005413932939414214,-0.006224448549635065,0.02305951119789884,0.1588837995234582
743,-25.74162000676105,3821.09926387676,54.0,-0.005740329083535543,0.033605333713042945,-0.005413932939414214,0.040213911201471914,0.02305951119789884,0.1641903477545245
744,-14.341553360039486,3849.999377693335,54.0,-0.005740329083535543,0.07448449400207399,-0.005413932939414214,0.07688303786525483,0.02305951119789884,0.1716076145437204
745,9.734006700963306,3833.316219177283,54.0,-0.005740329083535543,0.14925308546373062,-0.005413932939414214,0.1531285019533618,0.02305951119789884,0.15693337368033258
746,15.208905088541387,3859.554982036448,54.0,-0.005740329083535543,0.16111439119619594,-0.005413932939414214,0.16513071753908853,0.02305951119789884,0.1618041315272772
747,451.7226557817759,4605.272919197221,54.0,-0.005740329083535543,-0.03586678745146304,-0.005413932939414214,-0.033465795575281475,0.02305951119789884,0.16477932567032133
748,469.53695878019,4631.78824899171,54.0,-0.005740329083535543,-0.1836110673981065,-0.005413932939414214,-0.1864519563635637,0.02305951119789884,0.17219232811355212
749,-506.2854616274147,3745.149439059346,54.0,-0.005740329083535543,-0.1325564334581893,-0.005413932939414214,-0.12309988858345546,0.02305951119789884,0.15484901125010225
750,-534.606119933744,3763.415805899948,54.0,-0.005740329083535543,-0.17761547152480656,-0.005413932939414214,-0.17725131969262214,0.02305951119789884,0.17491999318471796
751,-538.2739372748354,3736.42271139639,54.0,-0.005740329083535543,-0.0012857923890585376,-0.005413932939414214,-0.0030608251292411365,0.02305951119789884,0.16251198800983732
752,-503.4668716314065,3749.0075009138736,54.0,-0.005740329083535543,-0.12364986499522256,-0.005413932939414214,-0.1208697946432758,0.02305951119789884,0.15680527002000194
753,-487.9031031712161,3742.382310792889,54.0,-0.005740329083535543,-0.05926711588254805,-0.005413932939414214,-0.06570349409053106,0.02305951119789884,0.1638555874354646
754,-518.1847377928273,3724.680691386569,54.0,-0.005740329083535543,0.13135439595144144,-0.005413932939414214,0.13131710612726566,0.02305951119789884,0.17883485630517476
755,469.3720137135748,4786.880795494608,54.0,-0.005740329083535543,0.08475340065017206,-0.005413932939414214,0.08702167466296065,0.02305951119789884,0.15889004035670273
756,459.4190816211761,4766.787538002149,54.0,-0.005740329083535543,-0.09184131333949502,-0.005413932939414214,-0.09159573052458012,0.02305951119789884,0.17025290779830188
757,457.7529359859426,4742.166364246548,54.0,-0.005740329083535543,-0.03717182323353714,-0.005413932939414214,-0.030495754354093255,0.02305951119789884,0.17956166377787172
758,430.9369550640612,4736.696942853924,54.0,-0.005740329083535543,-0.050415531708896504,-0.005413932939414214,-0.05157977770182337,0.02305951119789884,0.17920050038773552
759,64.11247040924663,3872.825368185757,54.0,-0.005740329083535543,0.05914841919829578,-0.005413932939414214,0.05611975894111162,0.02305951119789884,0.15014183202915576
760,77.65905487220303,3909.3501493595386,54.0,-0.005740329083535543,-0.057271577341468025,-0.005413932939414214,-0.06012991154689093,0.02305951119789884,0.15954327946541283
761,32.823125034109225,3912.664070630043,54.0,-0.005740329083535543,-0.11134433096553178,-0.005413932939414214,-0.11275469687732845,0.02305951119789884,0.16382531864559152
762,45.6171520763773,3868.016782251201,54.0,-0.005740329083535543,0.10550032978984877,-0.005413932939414214,0.10301530381820465,0.02305951119789884,0.1560628912896408
763,67.19752621553442,3879.29954399636,54.0,-0.005740329083535543,-0.07204336360305344,-0.005413932939414214,-0.07510863293359245,0.02305951119789884,0.1555303614080265
764,329.4081606104876,3998.689087059467,54.0,-0.005740329083535543,-0.3322798597597389,-0.005413932939414214,-0.33069745239910675,0.02305951119789884,0.1371361612809095
765,343.5160136838465,3991.578570639738,54.0,-0.005740329083535543,-0.20839762039525797,-0.005413932939414214,-0.20644427597132398,0.02305951119789884,0.14574113411177356
766,326.1144591510769,3985.159052073012,54.0,-0.005740329083535543,-0.20797974154943502,-0.005413932939414214,-0.21184835154316234,0.02305951119789884,0.14892609723558195
767,355.0956935944724,3991.135378270276,54.0,-0.005740329083535543,-0.05385335448432914,-0.005413932939414214,-0.05067091916384245,0.02305951119789884,0.1571091330393494
768,348.40911047628657,3967.513791775754,54.0,-0.005740329083535543,-0.1436262874658842,-0.005413932939414214,-0.14665497116000104,0.02305951119789884,0.14348269611873082
769,361.37558788138097,3962.4633601457217,54.0,-0.005740329083535543,-0.011133871978088211,-0.005413932939414214,-0.008307154835606883,0.02305951119789884,0.1630891315216413
770,301.7826715226189,3985.67443842124,54.0,-0.005740329083535543,-0.4867309437178056,-0.005413932939414214,-0.48316906679135907,0.02305951119789884,0.16522824152933502
771,324.6121656230089,4002.446351914743,54.0,-0.005740329083535543,-0.2931374114849765,-0.005413932939414214,-0.3002911635609753,0.02305951119789884,0.13820322686133077
772,346.0410833035202,3997.847804836481,54.0,-0.005740329083535543,-0.1647840962441529,-0.005413932939414214,-0.16510285818592568,0.02305951119789884,0.14786771294089626
773,332.9339408519666,3975.749452511216,54.0,-0.005740329083535543,-0.25364590536525916,-0.005413932939414214,-0.2518050796234648,0.02305951119789884,0.14625314147967786
774,317.01123892056614,3988.895486735146,54.0,-0.005740329083535543,-0.33346419034396285,-0.005413932939414214,-0.3352181237538158,0.02305951119789884,0.14052387170064398
775,328.8394826947961,3993.550836550456,54.0,-0.005740329083535543,-0.26999451887663695,-0.005413932939414214,-0.26709518478987226,0.02305951119789884,0.14029000049078838
776,339.4763602589023,3985.015682510838,54.0,-0.005740329083535543,-0.25553697469347225,-0.005413932939414214,-0.25067247769464107,0.02305951119789884,0.14190499158014386
777,344.03861217691355,3970.208576259624,54.0,-0.005740329083535543,-0.19840935654559794,-0.005413932939414214,-0.1998571220783114,0.02305951119789884,0.13984354300232846
778,-211.31902072657357,3961.00505155232,54.0,-0.005740329083535543,0.08744750125467116,-0.005413932939414214,0.0866787428990814,0.02305951119789884,0.15399943908443384
779,-220.7280618722674,3921.70947526317,54.0,-0.005740329083535543,0.07641839681604705,-0.005413932939414214,0.07121637804050135,0.02305951119789884,0.14860650021879318
780,-237.32088222167792,3935.218089324849,54.0,-0.005740329083535543,0.04346169578525067,-0.005413932939414214,0.04230268462085365,0.02305951119789884,0.14486167132549743
781,-274.9589686987792,3927.862775208853,54.0,-0.005740329083535543,0.08695845297049308,-0.005413932939414214,0.0863900350997913,0.02305951119789884,0.1653754128467804
782,-267.48173061784684,3914.497260456359,54.0,-0.005740329083535543,-0.11252722237762176,-0.005413932939414214,-0.10983009990747028,0.02305951119789884,0.14963462368395994
783,-275.1961394385367,3889.546582295512,54.0,-0.005740329083535543,-0.18385635581169224,-0.005413932939414214,-0.1844213653625279,0.02305951119789884,0.14734008970362855
784,-301.9075316337328,3909.6895609842554,54.0,-0.005740329083535543,-0.09973747301023515,-0.005413932939414214,-0.08971477207071005,0.02305951119789884,0.15458822921147178
785,-316.3799621335906,3897.040788971913,54.0,-0.005740329083535543,0.059626022844663604,-0.005413932939414214,0.05240392930232557,0.02305951119789884,0.16464867768649222
786,-325.43376241113504,3862.4680735279408,54.0,-0.005740329083535543,0.06566403388222153,-0.005413932939414214,0.06717172799993071,0.02305951119789884,0.13345880235291205
787,-334.9041792227584,3838.7410632234864,54.0,-0.005740329083535543,0.18475795721707888,-0.005413932939414214,0.18699097361631747,0.02305951119789884,0.15384822792034644
788,-339.9484861477804,3874.699950437256,54.0,-0.005740329083535543,0.18778299853901723,-0.005413932939414214,0.18004620799609505,0.02305951119789884,0.16206228331252662
789,-348.5218148107753,3852.772908442407,54.0,-0.005740329083535543,0.19854406120023083,-0.005413932939414214,0.2039246263290601,0.02305951119789884,0.15441274658317516
790,-212.01572236275788,3941.715268979583,54.0,-0.005740329083535543,0.16557036787540638,-0.005413932939414214,0.165828998619946,0.02305951119789884,0.1554369688446097
791,-246.002423575228,3925.582992152925,54.0,-0.005740329083535543,-0.07840746209888995,-0.005413932939414214,-0.0748405240484474,0.02305951119789884,0.14777667567437158
792,-222.33366666999925,4024.177170602505,54.0,-0.005740329083535543,-0.08049831395444963,-0.005413932939414214,-0.08303227025855654,0.02305951119789884,0.18297917954741372
793,-198.95663681156643,4033.374445441812,54.0,-0.005740329083535543,0.014676408170222699,-0.005413932939414214,0.014248268004282803,0.02305951119789884,0.17333119124603585
794,-186.97901038579923,4043.687913582171,54.0,-0.005740329083535543,-0.10068099089605746,-0.005413932939414214,-0.09531172047112976,0.02305951119789884,0.18214820255431174
795,-204.4101306880948,3933.491052087412,54.0,-0.005740329083535543,0.1411463507606679,-0.005413932939414214,0.1376026440063035,0.02305951119789884,0.14979502682725193
796,-221.0025600671725,3926.6580830205703,54.0,-0.005740329083535543,0.1528426199143644,-0.005413932939414214,0.14648304132227208,0.02305951119789884,0.14881431592773997
797,-254.16694977190264,3929.4688952512015,54.0,-0.005740329083535543,-0.03555667192908132,-0.005413932939414214,-0.03872642432060305,0.02305951119789884,0.15132300341790134
798,-272.92072447444207,3916.205604383721,54.0,-0.005740329083535543,-0.06375617037576323,-0.005413932939414214,-0.05934604904415,0.02305951119789884,0.1442583660540087
799,-265.0502416392309,3890.639245876809,54.0,-0.005740329083535543,-0.2065100793687334,-0.005413932939414214,-0.20983525759234561,0.02305951119789884,0.15275826140889154
800,-305.0054529490755,3895.678747236552,54.0,-0.005740329083535543,-0.026477598360272647,-0.005413932939414214,-0.028510870647311427,0.02305951119789884,0.15844713398032706
801,-321.8097667276481,3875.861948073805,54.0,-0.005740329083535543,0.03654088617394368,-0.005413932939414214,0.03651451813644712,0.02305951119789884,0.14874507762798186
802,-285.02350266437804,3893.5060598089713,54.0,-0.005740329083535543,-0.15293242396938,-0.005413932939414214,-0.1533797956522247,0.02305951119789884,0.1452475050924089
803,-325.60180416002567,3862.5617444854206,54.0,-0.005740329083535543,0.0656675135763765,-0.005413932939414214,0.06351846147845855,0.02305951119789884,0.13458561751270193
804,-198.48172235255237,3962.303825509364,54.0,-0.005740329083535543,0.08754618142029323,-0.005413932939414214,0.08940300509766956,0.02305951119789884,0.16912999013652302
805,-245.12942589735192,3951.303957723816,54.0,-0.005740329083535543,0.11923836024000754,-0.005413932939414214,0.11690182027780682,0.02305951119789884,0.16670861695078434
806,-242.5354076593333,3921.677539000169,54.0,-0.005740329083535543,-0.07121928017236999,-0.005413932939414214,-0.06379813130134489,0.02305951119789884,0.1495395883917044
807,-294.2191221519013,3908.731258999061,54.0,-0.005740329083535543,-0.10789972783419487,-0.005413932939414214,-0.11236901914703322,0.02305951119789884,0.14899370940489529
808,-338.47089415442724,3843.274304183631,54.0,-0.005740329083535543,0.20541903351117838,-0.005413932939414214,0.20545092914875576,0.02305951119789884,0.14903228976442653
809,-224.04897310096092,3960.4650681106295,54.0,-0.005740329083535543,0.07028321958005158,-0.005413932939414214,0.06975848569165802,0.02305951119789884,0.1592956156807317
810,-236.9623812718686,3941.249035298143,54.0,-0.005740329083535543,0.08127317795740953,-0.005413932939414214,0.07911135708636763,0.02305951119789884,0.15118746212275105
811,572.9048472765722,4786.747663651523,54.0,-0.005740329083535543,-0.025732226981517538,-0.005413932939414214,-0.026930040000959145,0.02305951119789884,0.1644632921165595
812,573.470920004366,4818.2752828395405,54.0,-0.005740329083535543,-0.11160849624267442,-0.005413932939414214,-0.11584088790093444,0.02305951119789884,0.17692672822830244
813,565.6577383414963,4767.648796143017,54.0,-0.005740329083535543,0.10768379593628535,-0.005413932939414214,0.10816759772061793,0.02305951119789884,0.15121980957691272
814,325.04419856673445,3890.523033053691,54.0,-0.005740329083535543,-0.12895071835168012,-0.005413932939414214,-0.12897332191885458,0.02305951119789884,0.16647641963730647
815,326.8205357700357,3870.82711033228,54.0,-0.005740329083535543,-0.024710226803639487,-0.005413932939414214,-0.025109522828207796,0.02305951119789884,0.14458397774310838
816,322.07013414792897,3854.3413164341778,54.0,-0.005740329083535543,-0.03760473051056817,-0.005413932939414214,-0.0430785984849006,0.02305951119789884,0.15399236054937196
817,300.148444319119,3836.049470583129,54.0,-0.005740329083535543,0.013003718884887792,-0.005413932939414214,0.013977157171076693,0.02305951119789884,0.1606758331241779
818,298.4736831184446,3865.427505089792,54.0,-0.005740329083535543,-0.06784341167362795,-0.005413932939414214,-0.07374150174018998,0.02305951119789884,0.16501353186790643
819,312.55779460009745,3872.429480945586,54.0,-0.005740329083535543,-0.060311798547227076,-0.005413932939414214,-0.05735155893307328,0.02305951119789884,0.15136934305336874
820,309.97405298229904,3896.896670356153,54.0,-0.005740329083535543,0.06536539796636194,-0.005413932939414214,0.0645572416776222,0.02305951119789884,0.16829221310640857
821,281.68860591242515,3899.277797409469,54.0,-0.005740329083535543,0.14696809324668725,-0.005413932939414214,0.1473417049782318,0.02305951119789884,0.15198871092240443
822,258.026281620782,3903.2885999367545,54.0,-0.005740329083535543,0.0953385719755098,-0.005413932939414214,0.09515541271703729,0.02305951119789884,0.14988094926181156
823,225.26275792109743,3851.6329722134415,54.0,-0.005740329083535543,0.06668918445574959,-0.005413932939414214,0.07186457495598667,0.02305951119789884,0.16959913010307456
824,238.67127808163656,3887.54982630175,54.0,-0.005740329083535543,0.11295896867319567,-0.005413932939414214,0.11093736594797277,0.02305951119789884,0.1649487423903584
825,216.78058276365192,3875.401286069962,54.0,-0.005740329083535543,-0.1764060053224029,-0.005413932939414214,-0.178425219676505,0.02305951119789884,0.1504711027936509
826,194.69215329829044,3859.7518318258,54.0,-0.005740329083535543,-0.32578788486488414,-0.005413932939414214,-0.32592722375132444,0.02305951119789884,0.1653765912376259
827,184.8894463734039,3844.197419775655,54.0,-0.005740329083535543,-0.31238912811225295,-0.005413932939414214,-0.31313584952700946,0.02305951119789884,0.16435123226736023
828,216.67804085346188,3854.6589930314367,54.0,-0.005740329083535543,-0.1430162458248529,-0.005413932939414214,-0.14510139862390348,0.02305951119789884,0.15797809491213702
829,201.6426748967095,3841.084954194472,54.0,-0.005740329083535543,-0.21206762905975976,-0.005413932939414214,-0.21846351314743506,0.02305951119789884,0.1723124945315887
830,245.1738650954148,3910.692918075235,54.0,-0.005740329083535543,-0.012556567132262912,-0.005413932939414214,-0.009870629724380808,0.02305951119789884,0.15317787879604847
831,219.492026721324,3902.160321959544,54.0,-0.005740329083535543,-0.10365083248388958,-0.005413932939414214,-0.09935380798658801,0.02305951119789884,0.15943525413800064
832,233.00864843063775,3870.269977730515,54.0,-0.005740329083535543,-0.014136501906437837,-0.005413932939414214,-0.016375491159106373,0.02305951119789884,0.15518126686383032
833,211.7067472244628,3878.559134011484,54.0,-0.005740329083535543,-0.20797494957363613,-0.005413932939414214,-0.20262547816430038,0.02305951119789884,0.1499236556426444
834,258.4336883859368,3877.8657284365577,54.0,-0.005740329083535543,0.10906279431923935,-0.005413932939414214,0.10627333695465196,0.02305951119789884,0.16082758192974833
835,265.3096747297514,3890.540840509381,54.0,-0.005740329083535543,0.20946925656137666,-0.005413932939414214,0.20879875675764759,0.02305951119789884,0.163213342467271
836,325.17422066430987,3868.80579167809,54.0,-0.005740329083535543,-0.026714000961620455,-0.005413932939414214,-0.028642562918962562,0.02305951119789884,0.14095700034066122
837,244.26666170076163,3867.105363176406,54.0,-0.005740329083535543,0.10199878664361564,-0.005413932939414214,0.10351584734891822,0.02305951119789884,0.16770375299940585
838,278.4112143194352,3898.247540754817,54.0,-0.005740329083535543,0.14220058664431973,-0.005413932939414214,0.14446902672636652,0.02305951119789884,0.14943218773244624
839,315.6588536998603,3884.383887990511,54.0,-0.005740329083535543,0.0030058696957981005,-0.005413932939414214,0.005964953085268683,0.02305951119789884,0.14915818265107442
840,296.21345872966407,3852.992610644512,54.0,-0.005740329083535543,-0.028966705400288274,-0.005413932939414214,-0.028610688083918576,0.02305951119789884,0.15599132618849174
841,314.258204840562,3850.878766542768,54.0,-0.005740329083535543,-0.06908267326793771,-0.005413932939414214,-0.06912889900323413,0.02305951119789884,0.15495160822444914
842,301.5535634179998,3839.126306448653,54.0,-0.005740329083535543,0.0019204115704233094,-0.005413932939414214,0.0037965625423889704,0.02305951119789884,0.15300995315168595
843,309.4684575390872,3872.32704628831,54.0,-0.005740329083535543,-0.04183948570204643,-0.005413932939414214,-0.043632823260922,0.02305951119789884,0.15181459829530605
844,271.0794516397593,3873.021199386558,54.0,-0.005740329083535543,-0.030643662165482633,-0.005413932939414214,-0.03339013721425109,0.02305951119789884,0.15446443558827072
845,418.3279091794528,4088.79789404924,54.0,-0.005740329083535543,0.2869922268413947,-0.005413932939414214,0.28601145505544334,0.02305951119789884,0.16938537527029296
846,393.5062405176661,4094.4322381805127,54.0,-0.005740329083535543,-0.10479368941838302,-0.005413932939414214,-0.10719345343806325,0.02305951119789884,0.154445097474054
847,400.3313909243413,4047.66133186713,54.0,-0.005740329083535543,0.19780385596856884,-0.005413932939414214,0.19241325928463487,0.02305951119789884,0.14385420441769706
848,375.7370348868046,4027.7319162946624,54.0,-0.005740329083535543,-0.14263179481620777,-0.005413932939414214,-0.13967849966822404,0.02305951119789884,0.16684128830493247
849,426.0873277925459,4044.716857998372,54.0,-0.005740329083535543,0.09491562446663065,-0.005413932939414214,0.09028593168419552,0.02305951119789884,0.15027917550614445
850,362.17199524503343,4082.865688514489,54.0,-0.005740329083535543,-0.40262843484808797,-0.005413932939414214,-0.39774825295945315,0.02305951119789884,0.16203701240924745
851,379.32967125049646,4082.7270292645976,54.0,-0.005740329083535543,-0.11569614322200472,-0.005413932939414214,-0.1181893026762095,0.02305951119789884,0.1554043959510698
852,396.279303214471,4080.2510948158647,54.0,-0.005740329083535543,0.01724024409642593,-0.005413932939414214,0.020475982161311426,0.02305951119789884,0.1497965753897571
853,412.8630024415256,4079.543733428927,54.0,-0.005740329083535543,0.17440991205519665,-0.005413932939414214,0.1753180665006529,0.02305951119789884,0.1563485395113226
854,390.0869155343114,4063.230642872049,54.0,-0.005740329083535543,-0.013419755976812024,-0.005413932939414214,-0.013456449285292767,0.02305951119789884,0.1586707030317167
855,409.2580805256216,4061.619137215324,54.0,-0.005740329083535543,0.11316223695624608,-0.005413932939414214,0.11305231117699646,0.02305951119789884,0.1603225329269429
856,426.6160858045599,4065.7017923821263,54.0,-0.005740329083535543,0.11415665078826037,-0.005413932939414214,0.11937175176899492,0.02305951119789884,0.15072753795985805
857,376.0794496043232,4045.9459437511223,54.0,-0.005740329083535543,-0.10835379317381945,-0.005413932939414214,-0.1033134717896077,0.02305951119789884,0.16484278855068987
858,398.3143118189128,4046.608749255166,54.0,-0.005740329083535543,0.19391394471223156,-0.005413932939414214,0.19879845812489785,0.02305951119789884,0.14106775409577363
859,417.2204341967305,4045.130344334564,54.0,-0.005740329083535543,0.11321797987698616,-0.005413932939414214,0.1142839600001548,0.02305951119789884,0.1454509833946096
860,383.6118848781027,4094.0408541803,54.0,-0.005740329083535543,-0.22625319973703142,-0.005413932939414214,-0.22830520677522342,0.02305951119789884,0.15036786585569484
861,717.0231393689389,4816.317861780097,54.0,-0.005740329083535543,-0.09198534704785999,-0.005413932939414214,-0.09176379210181002,0.02305951119789884,0.15289463386059152
862,734.7719603112209,4807.339234177854,54.0,-0.005740329083535543,-0.058121242688986226,-0.005413932939414214,-0.06306364387592288,0.02305951119789884,0.15182914332310768
863,697.3348802667408,4793.758636608686,54.0,-0.005740329083535543,0.021451101924975468,-0.005413932939414214,0.01574803576502036,0.02305951119789884,0.1557500567270539
864,655.8608069869983,4781.911311219037,54.0,-0.005740329083535543,-0.11879882070576121,-0.005413932939414214,-0.11971383216085754,0.02305951119789884,0.16412717527349202
865,712.9824267364081,4777.590250308541,54.0,-0.005740329083535543,-0.029839596894483497,-0.005413932939414214,-0.03186759158532068,0.02305951119789884,0.1391593805949242
866,668.2282066139936,4750.880796648703,54.0,-0.005740329083535543,-0.055772189974446974,-0.005413932939414214,-0.05838047123317805,0.02305951119789884,0.16946814337566754
867,706.0578596628206,4742.952353167281,54.0,-0.005740329083535543,0.11706816203610133,-0.005413932939414214,0.11581873429831313,0.02305951119789884,0.16733374941222684
868,676.8632672784381,4706.037975065071,54.0,-0.005740329083535543,0.16574106857915477,-0.005413932939414214,0.16118987504590054,0.02305951119789884,0.16074158497684526
869,657.6587194445295,4799.709264851667,54.0,-0.005740329083535543,-0.16330590888209037,-0.005413932939414214,-0.15915927957834783,0.02305951119789884,0.16970769893947743
870,653.7950700859194,4748.564883259625,54.0,-0.005740329083535543,-0.13907979033197967,-0.005413932939414214,-0.1359049771142007,0.02305951119789884,0.17426693516932115
871,-92.0214114912519,3766.382293386853,54.0,-0.005740329083535543,0.0009585548662924261,-0.005413932939414214,0.002835306759766545,0.02305951119789884,0.15770027123867472
872,-93.85219317436987,3755.7075478339193,54.0,-0.005740329083535543,-0.0035135370724767357,-0.005413932939414214,-0.0036456130928049354,0.02305951119789884,0.15210555730332748
873,-111.90305233878944,3768.4491518679,54.0,-0.005740329083535543,0.06167320306539315,-0.005413932939414214,0.059880508641835445,0.02305951119789884,0.1526296502720081
874,-127.89461504541896,3775.704322550012,54.0,-0.005740329083535543,0.11687955196274755,-0.005413932939414214,0.11222003219718568,0.02305951119789884,0.1450353079096543
875,-130.25309186349332,3757.715778785631,54.0,-0.005740329083535543,0.10796795356817429,-0.005413932939414214,0.112724279668562,0.02305951119789884,0.16983043761754327
876,-141.06702293120463,3788.1607482074223,54.0,-0.005740329083535543,0.2520476324924254,-0.005413932939414214,0.2463319250999536,0.02305951119789884,0.1451212935186799
877,-155.24939862132854,3770.880467030972,54.0,-0.005740329083535543,0.2516791999394218,-0.005413932939414214,0.2536023775027181,0.02305951119789884,0.1565632259134398
878,-164.4795078687612,3789.103286028052,54.0,-0.005740329083535543,0.35189021821533595,-0.005413932939414214,0.3500308484899981,0.02305951119789884,0.15290019668619728
879,-102.38986574887532,3756.266858370933,54.0,-0.005740329083535543,-0.0206498031096663,-0.005413932939414214,-0.015464927249625393,0.02305951119789884,0.1546964358820034
880,-138.45523360743735,3784.989842871927,54.0,-0.005740329083535543,0.20748737806489526,-0.005413932939414214,0.20601552184137448,0.02305951119789884,0.1457533509907088
881,-135.97189737011166,3769.9233764008513,54.0,-0.005740329083535543,0.12652406946389833,-0.005413932939414214,0.12822124087188624,0.02305951119789884,0.15221350256709948
882,-97.69554891479424,3779.972848397416,54.0,-0.005740329083535543,-0.0015620741472130782,-0.005413932939414214,0.008903761096574368,0.02305951119789884,0.16515406508667155
883,-120.2634109186522,3744.879416152507,54.0,-0.005740329083535543,-0.030864777742886526,-0.005413932939414214,-0.023925847149263196,0.02305951119789884,0.16409425994547036
884,-156.924534585463,3784.9748286003496,54.0,-0.005740329083535543,0.30152603558667673,-0.005413932939414214,0.3016372500439143,0.02305951119789884,0.1484210740586532
885,327.9247883281511,3963.7608357246586,54.0,-0.005740329083535543,-0.34364415394887654,-0.005413932939414214,-0.34247613762685086,0.02305951119789884,0.14583072336948238
886,332.2728487453242,3955.63210174711,54.0,-0.005740329083535543,-0.3291515826266686,-0.005413932939414214,-0.32864359176663016,0.02305951119789884,0.13963570243099097
887,364.57712380559593,3776.74559736748,54.0,-0.005740329083535543,0.03935524609195308,-0.005413932939414214,0.039897381847504076,0.02305951119789884,0.1895690076600806
888,387.9276208759748,3665.165766546727,54.0,-0.005740329083535543,0.10995194636329904,-0.005413932939414214,0.10958040079173456,0.02305951119789884,0.17812728316024176
889,342.9721527010015,3948.745347291568,54.0,-0.005740329083535543,-0.22604752372629533,-0.005413932939414214,-0.22464430464767776,0.02305951119789884,0.1497844829526482
890,330.5930561410029,3952.47921941426,54.0,-0.005740329083535543,-0.28385808839898236,-0.005413932939414214,-0.28604037125457127,0.02305951119789884,0.12966655886369705
891,-100.4168935768999,3930.978631826396,54.0,-0.005740329083535543,-0.3386065800161302,-0.005413932939414214,-0.34256359336345715,0.02305951119789884,0.16655413169781907
892,-117.70848810354678,3932.343097354881,54.0,-0.005740329083535543,-0.3054027365486213,-0.005413932939414214,-0.3029730013082071,0.02305951119789884,0.16477258319856358
893,-151.82872063398,3944.3503644953935,54.0,-0.005740329083535543,-0.1421180987229526,-0.005413932939414214,-0.138069227865207,0.02305951119789884,0.1659279528712385
894,-183.8079702103253,3930.364447740388,54.0,-0.005740329083535543,0.14488127846047574,-0.005413932939414214,0.14027181728214547,0.02305951119789884,0.15411718413867478
895,-200.8556110931154,3919.167762298929,54.0,-0.005740329083535543,0.08346520878293967,-0.005413932939414214,0.07344024131342015,0.02305951119789884,0.15115401577603324
896,-117.44853647594596,3923.077543792965,54.0,-0.005740329083535543,-0.28422886494820215,-0.005413932939414214,-0.2824131738861094,0.02305951119789884,0.15321126405507324
897,-193.0671079313358,3925.334640995718,54.0,-0.005740329083535543,0.13326879715144077,-0.005413932939414214,0.13049624767078727,0.02305951119789884,0.1435091769174194
898,-182.80882168342347,3938.420844118436,54.0,-0.005740329083535543,0.16143782409188492,-0.005413932939414214,0.164690214457698,0.02305951119789884,0.15857913732014647
899,-169.22454351660818,3949.864122291554,54.0,-0.005740329083535543,0.12393667987883594,-0.005413932939414214,0.12359235377877117,0.02305951119789884,0.16729189347388246
900,199.6253137223575,4097.533562704541,54.0,-0.005740329083535543,-0.07145185363308235,-0.005413932939414214,-0.07035472259441196,0.02305951119789884,0.16757228482119602
901,180.5705992492557,4080.48024937745,54.0,-0.005740329083535543,-0.00692357797229016,-0.005413932939414214,-0.0005667151566232297,0.02305951119789884,0.14977763081858653
902,190.41227169080057,4085.240191257141,54.0,-0.005740329083535543,-0.04791801119607988,-0.005413932939414214,-0.04971491479155768,0.02305951119789884,0.15347945151031414
903,133.27665841837006,4066.2926462204714,54.0,-0.005740329083535543,0.09936243450993473,-0.005413932939414214,0.09924478840312542,0.02305951119789884,0.1526382262880032
904,161.45756366945437,4064.809444564428,54.0,-0.005740329083535543,0.18625596975683884,-0.005413932939414214,0.18806462583795122,0.02305951119789884,0.14555284564880944
905,167.52959921164822,4057.890748444691,54.0,-0.005740329083535543,0.21538067892953103,-0.005413932939414214,0.20944215722708304,0.02305951119789884,0.1484474221350599
906,154.67860682326315,4055.93008952698,54.0,-0.005740329083535543,0.22363825551006916,-0.005413932939414214,0.22342560542625756,0.02305951119789884,0.1395119762022339
907,131.86898071170762,4053.9416228862974,54.0,-0.005740329083535543,0.24550699580304686,-0.005413932939414214,0.24123054546815928,0.02305951119789884,0.14802642881046663
908,176.52045162103826,4054.157155351148,54.0,-0.005740329083535543,0.07706799803786367,-0.005413932939414214,0.07442326719434031,0.02305951119789884,0.15466351382264354
909,144.58738366308845,4040.185673265095,54.0,-0.005740329083535543,0.012515350382027229,-0.005413932939414214,0.0222980383737062,0.02305951119789884,0.14378191647625704
910,137.0304050103369,4090.0427831962857,54.0,-0.005740329083535543,0.057206238176105526,-0.005413932939414214,0.058789701422117334,0.02305951119789884,0.1652034962307257
911,146.06286604885338,4070.4912970347327,54.0,-0.005740329083535543,0.08383948243509964,-0.005413932939414214,0.09279265678595275,0.02305951119789884,0.15445477135190866
912,184.90358304539177,4077.551448109347,54.0,-0.005740329083535543,-0.02567644565381823,-0.005413932939414214,-0.021693138024245037,0.02305951119789884,0.15335927720682987
913,138.3086584571955,4055.180570312392,54.0,-0.005740329083535543,0.18541349423780581,-0.005413932939414214,0.18323894261606882,0.02305951119789884,0.13627038259313914
914,156.30249231265788,4054.163957898228,54.0,-0.005740329083535543,0.18782257623123585,-0.005413932939414214,0.18547820788061536,0.02305951119789884,0.13615512733819754
915,144.93487867158464,4040.1157796648927,54.0,-0.005740329083535543,0.007734931595392949,-0.005413932939414214,0.011421956836468884,0.02305951119789884,0.14477199907809027
916,-14.089789104907949,3785.508897541508,54.0,-0.005740329083535543,-0.1867811332343077,-0.005413932939414214,-0.17929320865560905,0.02305951119789884,0.15283474365348082
917,-9.925235130187474,3764.08366154794,54.0,-0.005740329083535543,-0.2642700382068946,-0.005413932939414214,-0.26033976698653505,0.02305951119789884,0.16828876178907828
918,16.170423993237026,3756.447032381564,54.0,-0.005740329083535543,-0.18827070653958564,-0.005413932939414214,-0.18430730409909987,0.02305951119789884,0.14780337112467185
919,-11.141473043724488,3725.886702828202,54.0,-0.005740329083535543,-0.051500920654385336,-0.005413932939414214,-0.048494382910534525,0.02305951119789884,0.15805404298041756
920,30.8317163158991,3728.685939677773,54.0,-0.005740329083535543,0.09844859303073708,-0.005413932939414214,0.10079154766505637,0.02305951119789884,0.1561470372178848
921,15.043445181788934,3715.8110582869726,54.0,-0.005740329083535543,-0.015423229582176227,-0.005413932939414214,-0.015621245680980679,0.02305951119789884,0.16723730798379452
922,1.0232192929827142,3799.386055081737,54.0,-0.005740329083535543,-0.18461668142714732,-0.005413932939414214,-0.17901353174333764,0.02305951119789884,0.15082158489972647
923,3.004810249261907,3742.404604751321,54.0,-0.005740329083535543,-0.09879888528470412,-0.005413932939414214,-0.10223068063626262,0.02305951119789884,0.15036631593370078
924,-34.95691718764405,3775.115165439217,54.0,-0.005740329083535543,-0.07311331479570728,-0.005413932939414214,-0.07073964823231046,0.02305951119789884,0.1572728852738843
925,-3.976707935406477,3790.887532136633,54.0,-0.005740329083535543,-0.19165450221784439,-0.005413932939414214,-0.19099193728658803,0.02305951119789884,0.14425633236336144
926,-23.639994217954985,3791.306169721887,54.0,-0.005740329083535543,-0.023841768758667132,-0.005413932939414214,-0.01983478003041437,0.02305951119789884,0.16616676818870144
927,-6.626156437287864,3726.2710578770343,54.0,-0.005740329083535543,-0.04892307495155743,-0.005413932939414214,-0.047760516334980484,0.02305951119789884,0.1522836254576203
928,23.08560742794845,3730.459636285315,54.0,-0.005740329083535543,0.0029729746974620267,-0.005413932939414214,0.007037153098605297,0.02305951119789884,0.1594834467538711
929,-1.177771162963938,3741.453930125509,54.0,-0.005740329083535543,-0.06679803742014705,-0.005413932939414214,-0.06803731991626022,0.02305951119789884,0.14789104672708803
930,-15.66548375733837,3741.6238639024086,54.0,-0.005740329083535543,-0.02470814351323952,-0.005413932939414214,-0.01960952771673172,0.02305951119789884,0.15780215582717744
931,-11.032979497787542,3811.934593534735,54.0,-0.005740329083535543,0.08905412143083354,-0.005413932939414214,0.0868578313089046,0.02305951119789884,0.15738059923711595
932,-46.00446954103198,3809.903916821808,54.0,-0.005740329083535543,-0.017180054405853577,-0.005413932939414214,-0.013311887629303295,0.02305951119789884,0.15666139697797232
933,-35.47065700717375,3757.803246760093,54.0,-0.005740329083535543,-0.05489104390260721,-0.005413932939414214,-0.05848001855615463,0.02305951119789884,0.16814979548718192
934,-365.5449472651887,3844.923133756668,54.0,-0.005740329083535543,0.1002082702554959,-0.005413932939414214,0.09577557196138194,0.02305951119789884,0.1593679244684698
935,-404.3169497068079,3847.280124510167,54.0,-0.005740329083535543,-0.1560207305122394,-0.005413932939414214,-0.1549200300167366,0.02305951119789884,0.14958244973172422
936,-426.80940638540346,3840.4396818768737,54.0,-0.005740329083535543,-0.17640194686744595,-0.005413932939414214,-0.18456634004111538,0.02305951119789884,0.17172935530759204
937,-430.10570094557687,3824.844250380473,54.0,-0.005740329083535543,-0.18550397648616876,-0.005413932939414214,-0.19018022932578088,0.02305951119789884,0.14366250016487586
938,-404.2850942785308,3824.185449432093,54.0,-0.005740329083535543,-0.15926574471304536,-0.005413932939414214,-0.1539941377146995,0.02305951119789884,0.14634963466310988
939,-387.5803323118312,3805.307151192845,54.0,-0.005740329083535543,-0.1671720197120871,-0.005413932939414214,-0.16337338861986184,0.02305951119789884,0.15654209526485913
940,-347.06149835086603,3826.251861541413,54.0,-0.005740329083535543,0.12478507967656519,-0.005413932939414214,0.1224768497891256,0.02305951119789884,0.15629115653622477
941,-331.78244143248816,3824.7065382645146,54.0,-0.005740329083535543,0.11165163066570759,-0.005413932939414214,0.11010248744525789,0.02305951119789884,0.14670979309697696
942,-422.5455709687562,3814.5572286094944,54.0,-0.005740329083535543,-0.03896431729410772,-0.005413932939414214,-0.04191410508034762,0.02305951119789884,0.14464057738086844
943,-405.0491789294172,3804.950457916575,54.0,-0.005740329083535543,-0.023206753934588403,-0.005413932939414214,-0.02142980718182972,0.02305951119789884,0.1545281163538654
944,-375.2625317522474,3806.274998549873,54.0,-0.005740329083535543,-0.15483904687409614,-0.005413932939414214,-0.15497280148764264,0.02305951119789884,0.17182635524564518
945,-324.4374894603114,3809.0351637860767,54.0,-0.005740329083535543,0.2601311341628364,-0.005413932939414214,0.25991189155833905,0.02305951119789884,0.15048128816605566
946,-323.37869107917845,3794.1605352946544,54.0,-0.005740329083535543,0.27276120709953866,-0.005413932939414214,0.28038819209437443,0.02305951119789884,0.1576119749750363
947,-300.24385858311143,3785.907132981712,54.0,-0.005740329083535543,0.3674198794060721,-0.005413932939414214,0.36591717797715906,0.02305951119789884,0.18060538053171452
948,-322.7466350537741,3780.7052923180495,54.0,-0.005740329083535543,0.2901916808374287,-0.005413932939414214,0.2950729711918766,0.02305951119789884,0.17205142915006125
949,-410.71675667600334,3818.6661092592935,54.0,-0.005740329083535543,-0.11022733375745282,-0.005413932939414214,-0.10911483533981886,0.02305951119789884,0.1464511760922902
950,-318.88329414751405,3818.9288382704895,54.0,-0.005740329083535543,0.17046435261107115,-0.005413932939414214,0.17037669288345986,0.02305951119789884,0.15115101441022882
951,-326.3434765158958,3801.390735089175,54.0,-0.005740329083535543,0.2227674406604378,-0.005413932939414214,0.22542816417016073,0.02305951119789884,0.1489775573173482
952,-330.9905831547808,3820.9309390757303,54.0,-0.005740329083535543,0.11922144278517571,-0.005413932939414214,0.1232175236688774,0.02305951119789884,0.146672022036925
953,-397.3841504799605,3803.674758178313,54.0,-0.005740329083535543,-0.07788603154856188,-0.005413932939414214,-0.07270447852925596,0.02305951119789884,0.15560224779630832
954,-419.2811331727221,3819.932467451428,54.0,-0.005740329083535543,-0.1121016943775873,-0.005413932939414214,-0.12137925385692822,0.02305951119789884,0.14266109604766888
955,-430.0306146106633,3823.248815696748,54.0,-0.005740329083535543,-0.1796900104842778,-0.005413932939414214,-0.18231295551531101,0.02305951119789884,0.14365410712569446
956,-356.75431567410976,3871.390050348002,54.0,-0.005740329083535543,0.14021067770086845,-0.005413932939414214,0.13580152285739203,0.02305951119789884,0.16554494836457026
957,-361.4765283296221,3855.8723056535537,54.0,-0.005740329083535543,0.10929067293100739,-0.005413932939414214,0.10511617080787371,0.02305951119789884,0.15633987004949068
958,-359.4180979857128,3824.821999979614,54.0,-0.005740329083535543,0.023040131026497067,-0.005413932939414214,0.022736244313042577,0.02305951119789884,0.1674420745547682
959,-389.52855139742405,3828.604088282125,54.0,-0.005740329083535543,-0.1882271515548405,-0.005413932939414214,-0.18747080994634377,0.02305951119789884,0.153904659417303
960,-405.1070033799106,3843.96989474742,54.0,-0.005740329083535543,-0.18060090059299513,-0.005413932939414214,-0.1783415559180205,0.02305951119789884,0.14905675028394014
961,-385.96925192827536,3848.54266155951,54.0,-0.005740329083535543,-0.07076023003473168,-0.005413932939414214,-0.06921955460189685,0.02305951119789884,0.16546674545226295
962,-349.86677463547466,3797.3692427216415,54.0,-0.005740329083535543,-0.03619429632727278,-0.005413932939414214,-0.032109956347939714,0.02305951119789884,0.17170937462463126
963,312.0063800751807,3962.5976151222,54.0,-0.005740329083535543,-0.2854884578801628,-0.005413932939414214,-0.2922143413764776,0.02305951119789884,0.15502404934536623
964,294.3184227939459,3953.278734719593,54.0,-0.005740329083535543,0.04574914455738043,-0.005413932939414214,0.0403496698224594,0.02305951119789884,0.16348154130369041
965,282.8565774544674,3927.6210696294247,54.0,-0.005740329083535543,0.1675878851612938,-0.005413932939414214,0.1629461619957669,0.02305951119789884,0.15262481744985906
966,257.8071990994817,3924.222274123985,54.0,-0.005740329083535543,-0.08460397920678939,-0.005413932939414214,-0.07792815497652616,0.02305951119789884,0.14718702274602832
967,269.84970995130976,3931.065440669821,54.0,-0.005740329083535543,0.17714818432426593,-0.005413932939414214,0.17967774009204962,0.02305951119789884,0.14926799796848797
968,265.89587639025353,3963.952669789918,54.0,-0.005740329083535543,0.05271836991635974,-0.005413932939414214,0.04804951229884373,0.02305951119789884,0.1685842239722252
969,257.8456175484073,3924.298953712429,54.0,-0.005740329083535543,-0.08423190632647679,-0.005413932939414214,-0.0792371472206376,0.02305951119789884,0.14726024709493657
970,255.9945365072104,3935.7183858934864,54.0,-0.005740329083535543,-0.07185792487430367,-0.005413932939414214,-0.06136942622846683,0.02305951119789884,0.15958869932224606
971,316.862912508576,3944.2065035608966,54.0,-0.005740329083535543,-0.09631397802341357,-0.005413932939414214,-0.10008725377898953,0.02305951119789884,0.151896554927091
972,268.7957598518551,3938.397485964539,54.0,-0.005740329083535543,0.14857064843987394,-0.005413932939414214,0.15006696597777097,0.02305951119789884,0.1536930667412918
973,265.5810654443671,3915.0122178437146,54.0,-0.005740329083535543,0.17060410426521885,-0.005413932939414214,0.16601959630695162,0.02305951119789884,0.1499549274934439
974,315.679871493891,3931.668345406915,54.0,-0.005740329083535543,-0.12908162861359734,-0.005413932939414214,-0.13305748939129552,0.02305951119789884,0.1591752599885617
975,282.8109787262265,3934.715241609255,54.0,-0.005740329083535543,0.16066423425236925,-0.005413932939414214,0.16005107246717792,0.02305951119789884,0.14449597964367003
976,438.81434760294826,4291.256191853341,54.0,-0.005740329083535543,0.037311307636544964,-0.005413932939414214,0.035955251876640976,0.02305951119789884,0.15698962026190222
977,377.16969184701134,4276.396603589449,54.0,-0.005740329083535543,-0.08456368175118976,-0.005413932939414214,-0.08212268346259671,0.02305951119789884,0.17366514077885886
978,427.0445354813797,4273.499297857495,54.0,-0.005740329083535543,0.13659829128922327,-0.005413932939414214,0.13020986834155168,0.02305951119789884,0.15535315177102682
979,448.2237718674139,4272.568389041,54.0,-0.005740329083535543,0.07392116812433433,-0.005413932939414214,0.07317395586132697,0.02305951119789884,0.158176797038982
980,446.8191658251622,4253.768504772488,54.0,-0.005740329083535543,0.2794730788449408,-0.005413932939414214,0.2834859297722596,0.02305951119789884,0.15068905202135222
981,411.9733803257818,4249.080345490381,54.0,-0.005740329083535543,0.374220058582884,-0.005413932939414214,0.371335171161297,0.02305951119789884,0.1448024520058337
982,436.6238156529476,4249.314832035256,54.0,-0.005740329083535543,0.27065001722874515,-0.005413932939414214,0.27298583874805804,0.02305951119789884,0.1445067969219182
983,443.0288497265207,4234.908068774709,54.0,-0.005740329083535543,0.23145147407555602,-0.005413932939414214,0.2325032548576571,0.02305951119789884,0.1490825310705344
984,435.8106676438648,4222.73374007691,54.0,-0.005740329083535543,0.20341490433545806,-0.005413932939414214,0.20705948568378907,0.02305951119789884,0.14880733676635577
985,416.0821692336259,4218.164004700096,54.0,-0.005740329083535543,-0.0037043242328223796,-0.005413932939414214,-0.0007865091142635998,0.02305951119789884,0.16160170716330485
986,391.0018042011845,4213.433874649227,54.0,-0.005740329083535543,0.10651096875412082,-0.005413932939414214,0.10567799126219243,0.02305951119789884,0.16552437605518847
987,400.6543211977099,4197.618852742186,54.0,-0.005740329083535543,0.026460730086967667,-0.005413932939414214,0.03191386341856295,0.02305951119789884,0.15914185406706774
988,420.8438581890216,4195.57911254482,54.0,-0.005740329083535543,0.21783653565526065,-0.005413932939414214,0.21372942108635717,0.02305951119789884,0.15900373899278042
989,445.89422324985344,4248.614738828751,54.0,-0.005740329083535543,0.21269375664939433,-0.005413932939414214,0.21506155857589038,0.02305951119789884,0.14534303489694678
990,435.11914917042,4235.955205541315,54.0,-0.005740329083535543,0.21711830340556584,-0.005413932939414214,0.2215492980284791,0.02305951119789884,0.147274234179538
991,425.9413030559138,4217.635551223826,54.0,-0.005740329083535543,0.055424565558613054,-0.005413932939414214,0.05753850761702519,0.02305951119789884,0.1549950863608904
992,438.4164680502774,4215.068249794143,54.0,-0.005740329083535543,-0.04855866262748338,-0.005413932939414214,-0.04416259268725216,0.02305951119789884,0.16891569438616846
993,394.7738706108567,4205.194212624403,54.0,-0.005740329083535543,0.044259056229986694,-0.005413932939414214,0.04296492787632253,0.02305951119789884,0.16727727252165386
994,428.2859587728415,4202.05740045784,54.0,-0.005740329083535543,0.2179193998926167,-0.005413932939414214,0.2125179765584842,0.02305951119789884,0.15654155638683018
995,414.5220180223404,4194.72156940495,54.0,-0.005740329083535543,0.10106994271509735,-0.005413932939414214,0.10545917396193799,0.02305951119789884,0.15453526650590838
996,416.2556929545757,4313.9028901392985,54.0,-0.005740329083535543,-0.09757335384851992,-0.005413932939414214,-0.09192801627829963,0.02305951119789884,0.17586975458364654
997,428.5710453250903,4289.332939439008,54.0,-0.005740329083535543,-0.027162615754115108,-0.005413932939414214,-0.027015413685636445,0.02305951119789884,0.15196951708540476
998,445.6080558911104,4284.859160068763,54.0,-0.005740329083535543,0.0425462940784878,-0.005413932939414214,0.04044572766845754,0.02305951119789884,0.15353804314901648
999,461.25934481415896,4285.045081675647,54.0,-0.005740329083535543,0.0789566541891472,-0.005413932939414214,0.07773281091019109,0.02305951119789884,0.1610230492380767
1000,413.44368953224784,4276.820130489507,54.0,-0.005740329083535543,0.18803018673140398,-0.005413932939414214,0.1834902337068512,0.02305951119789884,0.16614914780122803
1001,391.8808158955226,4258.73653007643,54.0,-0.005740329083535543,0.10299560137572819,-0.005413932939414214,0.09873682824880708,0.02305951119789884,0.17407242400585468
1002,411.930196078557,4249.125208015304,54.0,-0.005740329083535543,0.3735869938678437,-0.005413932939414214,0.37243409501377,0.02305951119789884,0.14491533533549633
1003,423.6141353116863,4253.411593782615,54.0,-0.005740329083535543,0.28734305366396456,-0.005413932939414214,0.283687835804013,0.02305951119789884,0.16020519208907358
