ssn,staX,staY,zoneUTM,dc_0_mean,dc_1as_mean,dc_0_med,dc_1as_med,dc_0_unc,dc_1as_unc
1,709.3156474961163,4899.047215952385,54.0,-0.021212282076224963,-0.13704975551922954,-0.020442829961483895,-0.13958613480270665,0.021713312225856807,0.15492261504670582
2,667.6752331939205,4857.261376584086,54.0,-0.021212282076224963,-0.11567949057759869,-0.020442829961483895,-0.12075643135011835,0.021713312225856807,0.15240331730887863
3,819.8396797384605,4886.73951333974,54.0,-0.021212282076224963,-0.27412809441908204,-0.020442829961483895,-0.2737775338332405,0.021713312225856807,0.135790396252689
4,805.6140450425772,4870.803030726163,54.0,-0.021212282076224963,-0.29226172346827606,-0.020442829961483895,-0.29443502560039664,0.021713312225856807,0.1397262456653013
5,735.8336122292334,4885.121782214496,54.0,-0.021212282076224963,-0.15678664485568278,-0.020442829961483895,-0.16324474479150303,0.021713312225856807,0.15584313152882862
6,756.232407030068,4867.317475790108,54.0,-0.021212282076224963,-0.17925081872536988,-0.020442829961483895,-0.17677079026151138,0.021713312225856807,0.13340691832799695
7,777.8676705895632,4861.758225558903,54.0,-0.021212282076224963,-0.17911956438727028,-0.020442829961483895,-0.17661068231166688,0.021713312225856807,0.1427757754494209
8,697.39154249737,4846.12742864999,54.0,-0.021212282076224963,-0.14120614843900395,-0.020442829961483895,-0.1400930989308523,0.021713312225856807,0.13163168764474031
9,756.4256578398193,4846.011984473181,54.0,-0.021212282076224963,-0.17170987854253336,-0.020442829961483895,-0.17376224157465303,0.021713312225856807,0.1362543436682522
10,702.4690973001353,4834.41795369018,54.0,-0.021212282076224963,-0.1762382831557048,-0.020442829961483895,-0.17046859101789946,0.021713312225856807,0.13219405751261845
11,128.51496790687293,3913.739001202812,54.0,-0.021212282076224963,0.037647380982275484,-0.020442829961483895,0.03676627753432532,0.021713312225856807,0.13566335618361658
12,154.50504546553583,3901.5896026139903,54.0,-0.021212282076224963,-0.08411635000440441,-0.020442829961483895,-0.08030471073733844,0.021713312225856807,0.13194503143178007
13,182.17667623346983,3902.5741380529994,54.0,-0.021212282076224963,-0.08361976876258956,-0.020442829961483895,-0.07743534910015198,0.021713312225856807,0.12421791041686363
14,166.08076979623368,3894.653559544712,54.0,-0.021212282076224963,-0.17394410512004205,-0.020442829961483895,-0.1743877589939132,0.021713312225856807,0.12152087543884386
15,187.83731878982752,3889.567114997888,54.0,-0.021212282076224963,-0.16627879300271858,-0.020442829961483895,-0.16433834211416137,0.021713312225856807,0.12366812543592816
16,143.10717359488643,3838.030342010029,54.0,-0.021212282076224963,-0.020815913461148763,-0.020442829961483895,-0.01481484810564072,0.021713312225856807,0.13835738741856637
17,139.77999744006962,3872.595402570746,54.0,-0.021212282076224963,0.04307749052165979,-0.020442829961483895,0.0410562202854563,0.021713312225856807,0.14140181503396332
18,123.08297592290974,3868.4555154718055,54.0,-0.021212282076224963,0.04903677515704433,-0.020442829961483895,0.03841626687994236,0.021713312225856807,0.14399324844537764
19,137.03362976716522,3837.5668472098328,54.0,-0.021212282076224963,-0.043977636802772564,-0.020442829961483895,-0.04149445642077977,0.021713312225856807,0.13850846569833994
20,172.65571807246388,3903.30306557218,54.0,-0.021212282076224963,-0.12962038551415367,-0.020442829961483895,-0.12559539937251402,0.021713312225856807,0.12697096456481577
21,161.89050717369193,3870.304886320098,54.0,-0.021212282076224963,-0.11653600252179352,-0.020442829961483895,-0.118060015065265,0.021713312225856807,0.13585620017302544
22,169.18230311230798,3841.7481574939534,54.0,-0.021212282076224963,-0.11851498058898767,-0.020442829961483895,-0.12000066603887694,0.021713312225856807,0.1409682960238673
23,191.90109938987828,3878.2746935665655,54.0,-0.021212282076224963,-0.2570670813634711,-0.020442829961483895,-0.25925335208899447,0.021713312225856807,0.14034965717885792
24,141.44423435963492,3914.1041134189504,54.0,-0.021212282076224963,-0.037930480083206035,-0.020442829961483895,-0.031285588476368524,0.021713312225856807,0.13114873648862255
25,143.62984271407734,3856.494018898308,54.0,-0.021212282076224963,0.0677417384264883,-0.020442829961483895,0.061934246970082235,0.021713312225856807,0.13626251042539914
26,140.03220610245066,3900.631536167624,54.0,-0.021212282076224963,0.005622145877767046,-0.020442829961483895,0.0016980423049098065,0.021713312225856807,0.1322094524934797
27,166.13464768580218,3894.629348195649,54.0,-0.021212282076224963,-0.17372295119338296,-0.020442829961483895,-0.17718123276083117,0.021713312225856807,0.12187468076060023
28,184.34237201585265,3895.6542281596544,54.0,-0.021212282076224963,-0.11730917542268503,-0.020442829961483895,-0.11615036093713926,0.021713312225856807,0.1122742333655055
29,201.93033620389085,3898.3572697427626,54.0,-0.021212282076224963,-0.07990436956807505,-0.020442829961483895,-0.07780786514707773,0.021713312225856807,0.13056037397069778
30,156.44613989927444,3875.4647167104135,54.0,-0.021212282076224963,-0.08633691124134685,-0.020442829961483895,-0.08627019590735799,0.021713312225856807,0.1364299461147507
31,172.2658209063685,3873.515622530464,54.0,-0.021212282076224963,-0.22845724351517063,-0.020442829961483895,-0.22558247558524192,0.021713312225856807,0.13335617287363508
32,179.01893925451702,3867.320308590613,54.0,-0.021212282076224963,-0.23970414606727444,-0.020442829961483895,-0.2377492627793389,0.021713312225856807,0.13066703497549442
33,128.10338903664118,3851.740618485764,54.0,-0.021212282076224963,0.0412880697621788,-0.020442829961483895,0.04255505297817801,0.021713312225856807,0.13730141437136825
34,174.16005358193937,3855.0147189033455,54.0,-0.021212282076224963,-0.18548646794739304,-0.020442829961483895,-0.1772128388407076,0.021713312225856807,0.13621807321098953
35,478.15084649167727,4464.183681943689,54.0,-0.021212282076224963,-0.14957814998444754,-0.020442829961483895,-0.14590587977107597,0.021713312225856807,0.1388942190648346
36,463.0904010410905,4457.560365448071,54.0,-0.021212282076224963,-0.03755584112589336,-0.020442829961483895,-0.03850455176108437,0.021713312225856807,0.12852576488033315
37,437.3541612908576,4458.895894433887,54.0,-0.021212282076224963,0.013896869933924515,-0.020442829961483895,0.015651242378862097,0.021713312225856807,0.14426302468090607
38,413.6573433925362,4471.4083781216295,54.0,-0.021212282076224963,-0.005622571674759976,-0.020442829961483895,-0.00800872934302721,0.021713312225856807,0.1524726573195883
39,420.6163417766562,4415.183917581038,54.0,-0.021212282076224963,0.05989972408271416,-0.020442829961483895,0.05741760211866309,0.021713312225856807,0.1335109574679097
40,401.3841185749654,4415.951924993758,54.0,-0.021212282076224963,0.16666194364247408,-0.020442829961483895,0.1664103181273371,0.021713312225856807,0.14320718195029392
41,422.8827476086131,4397.34517396153,54.0,-0.021212282076224963,0.05962730922989818,-0.020442829961483895,0.06052668408371843,0.021713312225856807,0.13854977205583766
42,464.0768372445594,4407.064429668476,54.0,-0.021212282076224963,0.005824828100254771,-0.020442829961483895,0.007126578473742567,0.021713312225856807,0.12029304937413159
43,475.8317961471988,4394.399108234459,54.0,-0.021212282076224963,0.03961477612698754,-0.020442829961483895,0.04165316299988797,0.021713312225856807,0.12504795088051227
44,441.7352774844472,4384.348452276274,54.0,-0.021212282076224963,-0.061560016483224116,-0.020442829961483895,-0.057953291119299595,0.021713312225856807,0.13854629666156856
45,461.8257494002237,4382.902154782314,54.0,-0.021212282076224963,0.017848925745379458,-0.020442829961483895,0.016198919155965066,0.021713312225856807,0.1194001134015705
46,462.3096820238882,4349.882377856321,54.0,-0.021212282076224963,0.034941062146422085,-0.020442829961483895,0.033416935904121634,0.021713312225856807,0.13508099307091537
47,430.0693145736199,4338.606545961896,54.0,-0.021212282076224963,-0.12447633912358978,-0.020442829961483895,-0.12657076760324812,0.021713312225856807,0.13557550051127512
48,452.48668196591865,4321.181261560588,54.0,-0.021212282076224963,-0.1122355918853175,-0.020442829961483895,-0.11365852464378855,0.021713312225856807,0.13080662936756776
49,449.044917057454,4427.372863314673,54.0,-0.021212282076224963,-0.010209742792201281,-0.020442829961483895,-0.009274115924795052,0.021713312225856807,0.13209779697566637
50,471.4559701946234,4402.715936092695,54.0,-0.021212282076224963,-0.010690757638675023,-0.020442829961483895,-0.010392503063966718,0.021713312225856807,0.12142277011723994
51,475.5450238588451,4333.03888591012,54.0,-0.021212282076224963,0.14314131652067208,-0.020442829961483895,0.1385197425162338,0.021713312225856807,0.1354408050073944
52,463.9665587999344,4407.275828022564,54.0,-0.021212282076224963,0.006005193897265289,-0.020442829961483895,0.009100537686617697,0.021713312225856807,0.12073800588415272
53,463.2958110311122,4390.486480472092,54.0,-0.021212282076224963,0.045820451443889076,-0.020442829961483895,0.044436979471757135,0.021713312225856807,0.12168333341333433
54,424.7541420823547,4341.807884221032,54.0,-0.021212282076224963,-0.1489872839593896,-0.020442829961483895,-0.15076174555577004,0.021713312225856807,0.13741546126917717
55,475.200490753821,4336.125087441123,54.0,-0.021212282076224963,0.16016331590128638,-0.020442829961483895,0.15996126666701233,0.021713312225856807,0.13755963947924696
56,441.0471192053797,4324.965345583502,54.0,-0.021212282076224963,-0.17117000703268798,-0.020442829961483895,-0.1691836784546505,0.021713312225856807,0.13407348723934584
57,456.2761219480929,4314.689427575413,54.0,-0.021212282076224963,-0.13817662612746162,-0.020442829961483895,-0.13925326448794145,0.021713312225856807,0.13361714988278217
58,486.3913924564008,4478.416425086557,54.0,-0.021212282076224963,-0.11546423613364652,-0.020442829961483895,-0.11159408639997956,0.021713312225856807,0.1375725495356153
59,434.92773393180914,4463.423300941039,54.0,-0.021212282076224963,0.0012767852651319293,-0.020442829961483895,-0.001038586318150909,0.021713312225856807,0.14377442661251358
60,454.0574214945663,4458.475818282948,54.0,-0.021212282076224963,-0.04031228393415274,-0.020442829961483895,-0.03597857111604602,0.021713312225856807,0.1392756828564313
61,464.4083453145252,4461.161482502334,54.0,-0.021212282076224963,-0.059446031897233916,-0.020442829961483895,-0.06212562091602945,0.021713312225856807,0.12834429220449384
62,433.5165486821991,4418.668216363436,54.0,-0.021212282076224963,0.03387521204584616,-0.020442829961483895,0.03567828152031281,0.021713312225856807,0.13684879861135044
63,449.3852529635216,4425.916545048914,54.0,-0.021212282076224963,-0.019606664857574754,-0.020442829961483895,-0.02079452919459275,0.021713312225856807,0.13201781169685542
64,483.6599253446036,4434.678431866685,54.0,-0.021212282076224963,-0.02290943613885929,-0.020442829961483895,-0.02228468976378424,0.021713312225856807,0.1448071099492671
65,449.19507381456793,4393.341358041034,54.0,-0.021212282076224963,-0.07090247575410097,-0.020442829961483895,-0.07053131775020907,0.021713312225856807,0.13601075657100492
66,443.9862101028399,4377.461544255477,54.0,-0.021212282076224963,-0.07633238564397413,-0.020442829961483895,-0.07287661128020012,0.021713312225856807,0.13139198932523938
67,466.6332349019849,4378.7179507745,54.0,-0.021212282076224963,0.010590424992987997,-0.020442829961483895,0.016502131808555344,0.021713312225856807,0.12451011027864234
68,447.1765556096275,4356.329542239,54.0,-0.021212282076224963,-0.11834745611797293,-0.020442829961483895,-0.11943945526198066,0.021713312225856807,0.13586959846878466
69,454.3164335836594,4338.138967133773,54.0,-0.021212282076224963,-0.07658731334356401,-0.020442829961483895,-0.07318229142469726,0.021713312225856807,0.13316454985935816
70,493.6928066659663,4597.231199427339,54.0,-0.021212282076224963,0.02291497377264283,-0.020442829961483895,0.02439277776328931,0.021713312225856807,0.13235186796123305
71,484.3679695761251,4575.18604113906,54.0,-0.021212282076224963,0.046074320755137045,-0.020442829961483895,0.04479953728622916,0.021713312225856807,0.14324871976465994
72,532.2627220778933,4557.589222026572,54.0,-0.021212282076224963,0.5840966721390825,-0.020442829961483895,0.5783683206034096,0.021713312225856807,0.17768773566790055
73,523.7563279528324,4473.568851454813,54.0,-0.021212282076224963,0.06457860499825507,-0.020442829961483895,0.06733908574388667,0.021713312225856807,0.1302027785122517
74,468.6871050542589,4480.412063966041,54.0,-0.021212282076224963,-0.035445429506537625,-0.020442829961483895,-0.04037698378550164,0.021713312225856807,0.13202989566016643
75,409.3824134202946,4498.936102519641,54.0,-0.021212282076224963,0.1348576262419328,-0.020442829961483895,0.13067174750640798,0.021713312225856807,0.14936429211337734
76,432.2908893266161,4514.445305024319,54.0,-0.021212282076224963,0.1036093818597277,-0.020442829961483895,0.10814412542686838,0.021713312225856807,0.13656742482086182
77,492.89260402339454,4537.916828260732,54.0,-0.021212282076224963,0.15477487073404406,-0.020442829961483895,0.15300735064038345,0.021713312225856807,0.1463130803444058
78,442.1326126035325,4553.206528131934,54.0,-0.021212282076224963,0.06149542056856086,-0.020442829961483895,0.060178702733473186,0.021713312225856807,0.15679018383755475
79,493.1570022965957,4505.480440009388,54.0,-0.021212282076224963,0.19659116364997878,-0.020442829961483895,0.19555146776789178,0.021713312225856807,0.148993726062047
80,492.7167606133789,4597.298731191927,54.0,-0.021212282076224963,0.01607710938371949,-0.020442829961483895,0.015443357734205855,0.021713312225856807,0.1317285443606227
81,499.1284447513814,4564.733863047741,54.0,-0.021212282076224963,0.09808294209280068,-0.020442829961483895,0.10186686591182002,0.021713312225856807,0.1483101764782295
82,508.7065167837801,4522.821433130314,54.0,-0.021212282076224963,0.2949754045443928,-0.020442829961483895,0.29538878680882863,0.021713312225856807,0.15515845242400722
83,531.4531433032308,4535.094421349946,54.0,-0.021212282076224963,0.21952398055508535,-0.020442829961483895,0.22133219167540497,0.021713312225856807,0.156963323373703
84,417.5417981826776,4510.920120596271,54.0,-0.021212282076224963,0.1912662975737727,-0.020442829961483895,0.1835829633812883,0.021713312225856807,0.14573991021726473
85,441.93857113184015,4512.542727438793,54.0,-0.021212282076224963,-0.011672556926038821,-0.020442829961483895,-0.0072628971840996495,0.021713312225856807,0.14087574814318832
86,445.0125303850925,4496.766849919227,54.0,-0.021212282076224963,0.09294112483609022,-0.020442829961483895,0.09243116424999484,0.021713312225856807,0.1365868697009012
87,471.62633083117146,4495.418984338536,54.0,-0.021212282076224963,-0.02901480740207105,-0.020442829961483895,-0.029863151757103617,0.021713312225856807,0.1429738252572684
88,499.5768344061536,4492.134792576995,54.0,-0.021212282076224963,0.0830615169397455,-0.020442829961483895,0.08516452537178079,0.021713312225856807,0.13425977160955502
89,513.0918490821646,4492.656885412151,54.0,-0.021212282076224963,0.1291880004504415,-0.020442829961483895,0.12753461250922732,0.021713312225856807,0.1384833721533879
90,537.6705968009035,4492.163362940774,54.0,-0.021212282076224963,0.07176691448592615,-0.020442829961483895,0.06865017467710047,0.021713312225856807,0.14257783122979867
91,438.40901748778265,4488.9257188186375,54.0,-0.021212282076224963,0.08665942287384922,-0.020442829961483895,0.08191412079479495,0.021713312225856807,0.13754264472301617
92,462.4116040953599,4481.584286994828,54.0,-0.021212282076224963,0.00021661906820575287,-0.020442829961483895,-0.004063600692466481,0.021713312225856807,0.12981243713257512
93,507.8253002981468,4479.085241861512,54.0,-0.021212282076224963,0.15080208073211798,-0.020442829961483895,0.1522763867098625,0.021713312225856807,0.134480675407307
94,528.6107835631166,4477.670618395726,54.0,-0.021212282076224963,0.07207212659730589,-0.020442829961483895,0.071077183990542,0.021713312225856807,0.12886982229569757
95,501.2323511637488,4460.633465574921,54.0,-0.021212282076224963,-6.146938758443101e-05,-0.020442829961483895,-0.000785696744581008,0.021713312225856807,0.13600046354422288
96,438.2680378591523,3890.741886506603,54.0,-0.021212282076224963,-0.32771368989255567,-0.020442829961483895,-0.32388659928064206,0.021713312225856807,0.14256172947181708
97,399.3173244151503,3863.428141230935,54.0,-0.021212282076224963,-0.08453264764970017,-0.020442829961483895,-0.08840046837794448,0.021713312225856807,0.14303545400093848
98,483.9940430056478,3954.482440948912,54.0,-0.021212282076224963,-0.1074628471224634,-0.020442829961483895,-0.10895374066839975,0.021713312225856807,0.15428116803632236
99,405.70298123725416,3888.881550381844,54.0,-0.021212282076224963,-0.20484383643581472,-0.020442829961483895,-0.1999745231762651,0.021713312225856807,0.1490505308341826
100,439.8810999468909,3892.2504618222415,54.0,-0.021212282076224963,-0.34289328391134544,-0.020442829961483895,-0.339466203188082,0.021713312225856807,0.1464050709976328
101,417.93323151559457,3883.194833483968,54.0,-0.021212282076224963,-0.22323243670031137,-0.020442829961483895,-0.22015711357998358,0.021713312225856807,0.14142291823816316
102,-211.8566308583572,3780.2278417033567,54.0,-0.021212282076224963,-0.013395212684096955,-0.020442829961483895,-0.010741527415751902,0.021713312225856807,0.1450764297731651
103,-232.50749778238068,3782.3671187936193,54.0,-0.021212282076224963,0.10880036007730753,-0.020442829961483895,0.10325407317426342,0.021713312225856807,0.12808838189168842
104,-249.434903675779,3769.226507874873,54.0,-0.021212282076224963,0.1009970384956512,-0.020442829961483895,0.09741511211291645,0.021713312225856807,0.13136905629864318
105,-242.0482437829181,3751.134167359726,54.0,-0.021212282076224963,0.08110951875090561,-0.020442829961483895,0.08486346849318671,0.021713312225856807,0.12691666058936607
106,-266.50826610237664,3773.10118133424,54.0,-0.021212282076224963,0.2019591046055499,-0.020442829961483895,0.19987194494498672,0.021713312225856807,0.13655550313373735
107,-261.851117436295,3751.731866216136,54.0,-0.021212282076224963,0.0069187388578034305,-0.020442829961483895,0.010870553697010179,0.021713312225856807,0.12922858194674125
108,-273.54552490604937,3732.368951402428,54.0,-0.021212282076224963,-0.005363383335059167,-0.020442829961483895,-0.002702671644614037,0.021713312225856807,0.1337366304001192
109,-286.40547055304944,3707.690202627389,54.0,-0.021212282076224963,-0.05682321888056083,-0.020442829961483895,-0.06143632220256448,0.021713312225856807,0.14337572983567273
110,-327.7012512573552,3730.286516472573,54.0,-0.021212282076224963,-0.0012388548623827474,-0.020442829961483895,-0.001381254729233668,0.021713312225856807,0.15680254818936232
111,-295.27916453833205,3677.430347998145,54.0,-0.021212282076224963,-0.1683573976703618,-0.020442829961483895,-0.17097864604989643,0.021713312225856807,0.15127310940560354
112,-289.54441480579004,3689.328351131421,54.0,-0.021212282076224963,-0.10792909603741466,-0.020442829961483895,-0.09984514996880343,0.021713312225856807,0.1462137749138909
113,-180.1634550721395,3777.199243510129,54.0,-0.021212282076224963,0.0665631084254752,-0.020442829961483895,0.06475578901831643,0.021713312225856807,0.1403941629385169
114,-234.43386839926305,3779.796387654249,54.0,-0.021212282076224963,0.08835699421327724,-0.020442829961483895,0.08512733509332371,0.021713312225856807,0.128525031848491
115,-260.50809694938306,3760.451821500796,54.0,-0.021212282076224963,0.03480528671116926,-0.020442829961483895,0.03297645238510137,0.021713312225856807,0.12999175409715732
116,-264.3272909714222,3718.592099740594,54.0,-0.021212282076224963,-0.021215345524105585,-0.020442829961483895,-0.018438322875928392,0.021713312225856807,0.13457688906462448
117,-267.51083232093475,3737.598467303164,54.0,-0.021212282076224963,-0.0352780747267105,-0.020442829961483895,-0.03071018410789573,0.021713312225856807,0.13233549815294246
118,-243.5468369526614,3739.808061808414,54.0,-0.021212282076224963,0.0378870234714307,-0.020442829961483895,0.033761163864847406,0.021713312225856807,0.12917604984779163
119,-232.63202339448617,3812.066692082,54.0,-0.021212282076224963,0.14087672939233142,-0.020442829961483895,0.13908151559591528,0.021713312225856807,0.1443752725307013
120,64.52109444086341,4019.163586406923,54.0,-0.021212282076224963,-0.07948487073028777,-0.020442829961483895,-0.07337112533380136,0.021713312225856807,0.15156603639290292
121,50.64002016635105,3999.750500246569,54.0,-0.021212282076224963,-0.08486465417756438,-0.020442829961483895,-0.08513142050910538,0.021713312225856807,0.13960759924425578
122,64.39756801276334,3984.373306734942,54.0,-0.021212282076224963,-0.05987147932855988,-0.020442829961483895,-0.061019375019605915,0.021713312225856807,0.1387321233799222
123,65.97166449095862,3969.425317258588,54.0,-0.021212282076224963,-0.012247052602546951,-0.020442829961483895,-0.012215285709644166,0.021713312225856807,0.14209081683381813
124,109.02350281496352,3982.61103169607,54.0,-0.021212282076224963,0.06746924520089102,-0.020442829961483895,0.0660370510832459,0.021713312225856807,0.13215574488306137
125,82.325137979417,4004.513518976007,54.0,-0.021212282076224963,0.045309097735347234,-0.020442829961483895,0.04694915073865423,0.021713312225856807,0.1448324429977807
126,53.90910149208794,3989.530166634408,54.0,-0.021212282076224963,-0.10453284130957473,-0.020442829961483895,-0.10529852840908482,0.021713312225856807,0.1423326251577882
127,111.96084943887492,3986.0180498356895,54.0,-0.021212282076224963,0.10349565174752788,-0.020442829961483895,0.09925060869413069,0.021713312225856807,0.13056717611678226
128,34.82625588277541,3947.134417683412,54.0,-0.021212282076224963,0.04143927038494932,-0.020442829961483895,0.04324586139871273,0.021713312225856807,0.14843900404758062
129,49.8779388519763,3955.3007840830455,54.0,-0.021212282076224963,0.08821309799360216,-0.020442829961483895,0.08404326577342056,0.021713312225856807,0.137357847417071
130,-0.5652269469219027,3941.476215702092,54.0,-0.021212282076224963,-0.06212459110583507,-0.020442829961483895,-0.07087055169164025,0.021713312225856807,0.13316722427749966
131,21.2636292335316,3936.559139808564,54.0,-0.021212282076224963,-0.04878777052973055,-0.020442829961483895,-0.04499756838168219,0.021713312225856807,0.14799365205927106
132,-472.7063867237094,3794.624663755236,54.0,-0.021212282076224963,0.013240887840799792,-0.020442829961483895,0.010672024391272121,0.021713312225856807,0.13361072610926295
133,-454.57744224532297,3790.9468804560206,54.0,-0.021212282076224963,0.09920328953798874,-0.020442829961483895,0.10220981932968387,0.021713312225856807,0.13487671437203563
134,-436.2546998600079,3789.799142470708,54.0,-0.021212282076224963,0.08326952770546718,-0.020442829961483895,0.08953380621974175,0.021713312225856807,0.13993899613668143
135,-504.5462110094208,3766.186552768168,54.0,-0.021212282076224963,-0.033778541779142274,-0.020442829961483895,-0.03005403591934504,0.021713312225856807,0.14260923156097385
136,-443.5646973918035,3761.1490715057776,54.0,-0.021212282076224963,0.13924727622160013,-0.020442829961483895,0.13938817212954951,0.021713312225856807,0.12805458216686189
137,-475.9655548015333,3755.796978713459,54.0,-0.021212282076224963,-0.022440835557984606,-0.020442829961483895,-0.018595511784461748,0.021713312225856807,0.1376321043120232
138,-462.5032919906173,3746.350913748881,54.0,-0.021212282076224963,0.007732383727856355,-0.020442829961483895,0.009760079767382735,0.021713312225856807,0.1311822325101243
139,-474.86736635734536,3725.243820232357,54.0,-0.021212282076224963,0.01627132156660192,-0.020442829961483895,0.015961245206872213,0.021713312225856807,0.14082817233017092
140,-487.9015772866081,3702.963769094903,54.0,-0.021212282076224963,-0.024945992283217363,-0.020442829961483895,-0.019707185420793492,0.021713312225856807,0.14253669718551973
141,-428.38160283911657,3794.933062201984,54.0,-0.021212282076224963,0.028805971140957874,-0.020442829961483895,0.030744850132276964,0.021713312225856807,0.13992888097239511
142,-472.0782964220537,3762.796794072937,54.0,-0.021212282076224963,0.001052472773981526,-0.020442829961483895,0.0032604722138079223,0.021713312225856807,0.13429612923179565
143,-453.95203478698,3759.8842648612144,54.0,-0.021212282076224963,0.08597944602104822,-0.020442829961483895,0.08838925390801962,0.021713312225856807,0.1289268251582044
144,-435.0261385222271,3755.544747653654,54.0,-0.021212282076224963,0.1634080160540583,-0.020442829961483895,0.15993012852487673,0.021713312225856807,0.1309920685135408
145,-417.1161916408624,3760.9208472899154,54.0,-0.021212282076224963,0.22580491826040672,-0.020442829961483895,0.22741595628808944,0.021713312225856807,0.13716742141967042
146,-447.1102371639245,3749.537456281792,54.0,-0.021212282076224963,0.1462904968128046,-0.020442829961483895,0.14685340218586063,0.021713312225856807,0.12644826919634045
147,-469.39782637970393,3795.140930301476,54.0,-0.021212282076224963,0.03560783206461668,-0.020442829961483895,0.032682343985554765,0.021713312225856807,0.13365848844821154
148,-450.1291765078887,3729.97633086938,54.0,-0.021212282076224963,0.1515856891396595,-0.020442829961483895,0.15600590853194454,0.021713312225856807,0.13700041153997333
149,492.9214799806672,4183.062189969636,54.0,-0.021212282076224963,0.176497040127554,-0.020442829961483895,0.18109122493667984,0.021713312225856807,0.13330227765074898
150,464.921538708197,4188.681460967267,54.0,-0.021212282076224963,0.24082264650352728,-0.020442829961483895,0.23874699228434443,0.021713312225856807,0.13882458186173902
151,476.5976490413603,4170.33335841454,54.0,-0.021212282076224963,0.07098636808606572,-0.020442829961483895,0.07870430818172894,0.021713312225856807,0.1410534406582865
152,498.6677789749425,4165.707185554278,54.0,-0.021212282076224963,0.19908827028487008,-0.020442829961483895,0.19808022959499405,0.021713312225856807,0.13467240537446168
153,478.6811791095061,4150.712583205254,54.0,-0.021212282076224963,0.041598719616841966,-0.020442829961483895,0.039502898266550075,0.021713312225856807,0.1277958552603374
154,496.7431763964692,4139.924546025713,54.0,-0.021212282076224963,0.16127590567937075,-0.020442829961483895,0.16548333030093212,0.021713312225856807,0.13532767832705905
155,461.6768199290148,4143.362401904764,54.0,-0.021212282076224963,-0.060539286877293264,-0.020442829961483895,-0.05977021416956574,0.021713312225856807,0.1314189662976944
156,467.6333421217994,4125.7528114568895,54.0,-0.021212282076224963,-0.13782166558212633,-0.020442829961483895,-0.13102528622900617,0.021713312225856807,0.14178541312435902
157,500.1419238902247,4120.853453272017,54.0,-0.021212282076224963,0.08654670901026823,-0.020442829961483895,0.08686227780946701,0.021713312225856807,0.14284762586705357
158,491.42406278110894,4104.982822863553,54.0,-0.021212282076224963,-0.017853278482806146,-0.020442829961483895,-0.0116760960045224,0.021713312225856807,0.13814995802021945
159,448.0139883248622,4082.429338471364,54.0,-0.021212282076224963,0.019125752798331477,-0.020442829961483895,0.020350367533361037,0.021713312225856807,0.1326850344122965
160,444.6278396674389,4097.460747584184,54.0,-0.021212282076224963,0.02606418518241751,-0.020442829961483895,0.022109308052513557,0.021713312225856807,0.1350830013446232
161,450.2869634852289,4161.9176246461175,54.0,-0.021212282076224963,0.07498101952926542,-0.020442829961483895,0.0783427035117469,0.021713312225856807,0.1341357907039731
162,402.5205221667404,4129.574604513392,54.0,-0.021212282076224963,0.03081563828108946,-0.020442829961483895,0.028007002643891422,0.021713312225856807,0.13365289832962013
163,382.72760047919166,4103.451630849024,54.0,-0.021212282076224963,-0.19855209145429978,-0.020442829961483895,-0.1962245570192987,0.021713312225856807,0.14388525036711197
164,355.89235360691384,4097.862836751869,54.0,-0.021212282076224963,-0.3647580830568685,-0.020442829961483895,-0.36187206767605756,0.021713312225856807,0.14042100221007348
165,368.5042753278341,4146.164635417134,54.0,-0.021212282076224963,-0.09905053212132782,-0.020442829961483895,-0.10147988858975368,0.021713312225856807,0.1402531924760027
166,483.4527706543433,4132.207737141582,54.0,-0.021212282076224963,0.04890802401979746,-0.020442829961483895,0.04918832393027475,0.021713312225856807,0.12890074169911678
167,386.806017351092,4179.57604157623,54.0,-0.021212282076224963,-0.06057509547720489,-0.020442829961483895,-0.06414876294358535,0.021713312225856807,0.13748491763330353
168,401.4932788272162,4176.635388358298,54.0,-0.021212282076224963,0.02643469895025036,-0.020442829961483895,0.022919468284665692,0.021713312225856807,0.1411246800314072
169,389.9604697213796,4163.03171392889,54.0,-0.021212282076224963,0.0005530380151082747,-0.020442829961483895,-0.0007298631926098388,0.021713312225856807,0.14433112383204685
170,394.9748241590559,4145.544797531951,54.0,-0.021212282076224963,-0.013804669348452071,-0.020442829961483895,-0.014427965976198096,0.021713312225856807,0.13937441990329286
171,400.0129569713684,4123.689989750867,54.0,-0.021212282076224963,0.022504106604788306,-0.020442829961483895,0.01831963246020875,0.021713312225856807,0.13667072586327944
172,368.6002895440568,4115.012049920167,54.0,-0.021212282076224963,-0.16677103832769086,-0.020442829961483895,-0.1626113838086916,0.021713312225856807,0.14277689783315795
173,355.472496002833,4097.248517477484,54.0,-0.021212282076224963,-0.35934429480196717,-0.020442829961483895,-0.35788108842883304,0.021713312225856807,0.13774875108854912
174,430.3589859894354,4126.467692831069,54.0,-0.021212282076224963,0.06540480405463668,-0.020442829961483895,0.06686557031557125,0.021713312225856807,0.13557922273148168
175,449.2000034266989,4134.187260300013,54.0,-0.021212282076224963,-0.08117563509498678,-0.020442829961483895,-0.08552503257850688,0.021713312225856807,0.13945113348032726
176,419.46889643673006,4113.184483667058,54.0,-0.021212282076224963,0.1145539171410657,-0.020442829961483895,0.1145909510399383,0.021713312225856807,0.13968606853735158
177,441.3058323016815,4117.330786645255,54.0,-0.021212282076224963,0.02894371384242513,-0.020442829961483895,0.027843536044669905,0.021713312225856807,0.1327408347812953
178,461.8757609389279,4119.020701517225,54.0,-0.021212282076224963,-0.08630703286614934,-0.020442829961483895,-0.07963586349515188,0.021713312225856807,0.13553139963156974
179,463.0991676542265,4094.409156956978,54.0,-0.021212282076224963,-0.10945654883025412,-0.020442829961483895,-0.10373172625904799,0.021713312225856807,0.1400968978364424
180,497.349430140396,4097.801429893575,54.0,-0.021212282076224963,-0.023826159815109545,-0.020442829961483895,-0.02289697251566772,0.021713312225856807,0.14047767716636936
181,427.0875297765728,4166.871477716365,54.0,-0.021212282076224963,0.07180539501132471,-0.020442829961483895,0.07826952053682379,0.021713312225856807,0.14058419732495248
182,445.0921586695306,4179.847078147817,54.0,-0.021212282076224963,0.19974097320094658,-0.020442829961483895,0.19503607971658696,0.021713312225856807,0.13903419262329003
183,464.4918658899569,4168.568037566508,54.0,-0.021212282076224963,0.13792629145963575,-0.020442829961483895,0.1345401057311009,0.021713312225856807,0.12983833635677605
184,459.1578980508352,4149.265568710596,54.0,-0.021212282076224963,-0.009798330623217477,-0.020442829961483895,-0.010869075767461347,0.021713312225856807,0.12988255911036972
185,475.4797026759927,4147.082451233341,54.0,-0.021212282076224963,0.023409625115286055,-0.020442829961483895,0.01988454076917238,0.021713312225856807,0.1286152706380208
186,498.85963272442586,4149.354031148768,54.0,-0.021212282076224963,0.2127114110271672,-0.020442829961483895,0.2131210406298527,0.021713312225856807,0.13466261178629538
187,350.7173577542719,4134.155684330466,54.0,-0.021212282076224963,-0.10440282928641324,-0.020442829961483895,-0.10938451184713399,0.021713312225856807,0.13896291003305325
188,131.46744279750484,4022.1752609204777,54.0,-0.021212282076224963,0.18362314869260696,-0.020442829961483895,0.18148591569605474,0.021713312225856807,0.11633026753006992
189,142.92374259500085,4021.607757539198,54.0,-0.021212282076224963,0.15150140748532365,-0.020442829961483895,0.14603076821563965,0.021713312225856807,0.13241059706476577
190,167.98837729426415,4027.149371312973,54.0,-0.021212282076224963,0.006854543487963727,-0.020442829961483895,0.008968279654596678,0.021713312225856807,0.13754197020302655
191,187.05359221279923,4017.21674433976,54.0,-0.021212282076224963,-0.045649233710576845,-0.020442829961483895,-0.04398443786629321,0.021713312225856807,0.12934190656883887
192,162.7302657389057,4007.499501585424,54.0,-0.021212282076224963,0.17668223348833514,-0.020442829961483895,0.175705249906645,0.021713312225856807,0.12460441028289203
193,162.64141812057804,3985.038793359939,54.0,-0.021212282076224963,0.20576112402243268,-0.020442829961483895,0.21067463655063587,0.021713312225856807,0.13096769811035297
194,160.65340157556597,3968.598112467385,54.0,-0.021212282076224963,0.4055276149648187,-0.020442829961483895,0.40524570531132376,0.021713312225856807,0.1315710348103676
195,136.56628878569435,3964.708171074401,54.0,-0.021212282076224963,0.06702426309706695,-0.020442829961483895,0.06761699249502708,0.021713312225856807,0.1301106053890274
196,91.3677403813582,3953.0176969902304,54.0,-0.021212282076224963,-0.102067652313764,-0.020442829961483895,-0.09775872036292328,0.021713312225856807,0.14048006128766655
197,152.51651964535588,3953.440781658878,54.0,-0.021212282076224963,0.2204216140594535,-0.020442829961483895,0.22407507381097758,0.021713312225856807,0.12097510182938015
198,176.41135512934196,3951.860447410247,54.0,-0.021212282076224963,0.18887377854585816,-0.020442829961483895,0.18622164212042697,0.021713312225856807,0.1310881290745816
199,128.91722771380137,3941.241308419875,54.0,-0.021212282076224963,-0.00491346599459645,-0.020442829961483895,-0.00333498429183343,0.021713312225856807,0.1303029991750773
200,148.1263215529927,3940.12948749086,54.0,-0.021212282076224963,0.10593329822888804,-0.020442829961483895,0.11041976875994153,0.021713312225856807,0.12066715503423649
201,182.4648258664013,3932.874764215047,54.0,-0.021212282076224963,0.13445329750532478,-0.020442829961483895,0.13261750911552406,0.021713312225856807,0.1269881067905105
202,173.58386476794828,3928.838452489801,54.0,-0.021212282076224963,0.13026674630285406,-0.020442829961483895,0.12984046908463487,0.021713312225856807,0.12828344591327873
203,136.87238558022665,3929.4849208670153,54.0,-0.021212282076224963,0.10144610495976747,-0.020442829961483895,0.10045669860666315,0.021713312225856807,0.1189303958024785
204,88.05299375847291,3913.886748310508,54.0,-0.021212282076224963,-0.016257892489980472,-0.020442829961483895,-0.01736321730882827,0.021713312225856807,0.12204135056604956
205,156.24135505481868,3922.6741068498113,54.0,-0.021212282076224963,0.1014478705788516,-0.020442829961483895,0.09727447941522657,0.021713312225856807,0.13026128551787447
206,171.44635452375624,3912.403444300099,54.0,-0.021212282076224963,-0.007409553203010613,-0.020442829961483895,-0.0073916988070595385,0.021713312225856807,0.1336787135161785
207,118.65252903866116,3961.4694151676936,54.0,-0.021212282076224963,-0.024958246336248564,-0.020442829961483895,-0.02444017055360777,0.021713312225856807,0.12568386160587816
208,114.09596867009677,3946.963824253541,54.0,-0.021212282076224963,-0.08386163904866809,-0.020442829961483895,-0.07867786305516411,0.021713312225856807,0.13035223497015536
209,102.69447175575694,3952.059237909345,54.0,-0.021212282076224963,0.015021275299928005,-0.020442829961483895,0.015709443999011703,0.021713312225856807,0.1323264971143054
210,158.3478750756896,4017.808096291382,54.0,-0.021212282076224963,0.07841077120086945,-0.020442829961483895,0.07695481301035877,0.021713312225856807,0.13046915788981897
211,135.0015657158357,3998.808026349948,54.0,-0.021212282076224963,0.17681679035693235,-0.020442829961483895,0.17403029289609243,0.021713312225856807,0.1338084670762371
212,118.44136868770892,3937.0570745757655,54.0,-0.021212282076224963,-0.06437955658292278,-0.020442829961483895,-0.06276102468331389,0.021713312225856807,0.1293833737572957
213,85.39288283212471,3928.9727849799824,54.0,-0.021212282076224963,-0.10140918396228493,-0.020442829961483895,-0.0997667763931662,0.021713312225856807,0.13682518880021557
214,135.20902570174414,3972.88068595065,54.0,-0.021212282076224963,0.050568619689623055,-0.020442829961483895,0.055241581774251966,0.021713312225856807,0.13584156234654726
215,108.83889360773516,3912.225849147117,54.0,-0.021212282076224963,-0.004923637406933848,-0.020442829961483895,-0.0014357206909001434,0.021713312225856807,0.14166250962731103
216,174.48322464441975,4031.9823677236704,54.0,-0.021212282076224963,0.011700160645862006,-0.020442829961483895,0.01160766780940042,0.021713312225856807,0.13694520110610373
217,159.43739905401296,3933.477616981658,54.0,-0.021212282076224963,0.10822258812289773,-0.020442829961483895,0.11058398653169624,0.021713312225856807,0.12486795624012335
218,84.41627726602805,3949.6460271760247,54.0,-0.021212282076224963,-0.06906799582924969,-0.020442829961483895,-0.06921821077232476,0.021713312225856807,0.13964206406604815
219,131.47690223101853,4022.1859800698,54.0,-0.021212282076224963,0.18363860443875243,-0.020442829961483895,0.18013935205781895,0.021713312225856807,0.11646515324555437
220,187.053991585138,4017.227842472392,54.0,-0.021212282076224963,-0.04541170600938537,-0.020442829961483895,-0.0449887473295664,0.021713312225856807,0.12951143100892865
221,159.89027933223167,4005.408777123752,54.0,-0.021212282076224963,0.20234261868940961,-0.020442829961483895,0.2060768390475654,0.021713312225856807,0.1262367606294614
222,170.7980045065533,4000.56721463194,54.0,-0.021212282076224963,0.18739294361076128,-0.020442829961483895,0.1889095560020232,0.021713312225856807,0.1264893348436161
223,127.73251775700308,3986.4369142934142,54.0,-0.021212282076224963,0.12502796731444163,-0.020442829961483895,0.1214234540368922,0.021713312225856807,0.13679011512285236
224,152.43970563423912,3979.6112015162767,54.0,-0.021212282076224963,0.3083091369572355,-0.020442829961483895,0.30411458624131243,0.021713312225856807,0.1377581714977937
225,174.71523540000473,3992.374315235834,54.0,-0.021212282076224963,0.18153476000080004,-0.020442829961483895,0.1841212647465411,0.021713312225856807,0.12778404771654794
226,161.36958893878008,3968.148276780728,54.0,-0.021212282076224963,0.40860876736804297,-0.020442829961483895,0.40490911131561913,0.021713312225856807,0.1326803653006025
227,134.4228366966098,3954.478339318272,54.0,-0.021212282076224963,0.04197720341252922,-0.020442829961483895,0.04224399596557227,0.021713312225856807,0.13128945270839662
228,147.43696333343436,3954.1411790196416,54.0,-0.021212282076224963,0.1785900812329124,-0.020442829961483895,0.18128680959269305,0.021713312225856807,0.12225992151994282
229,118.65300674518,3961.480515731901,54.0,-0.021212282076224963,-0.02476893176622097,-0.020442829961483895,-0.022776076188098265,0.021713312225856807,0.12575398402028307
230,166.63803351620655,3950.276785677188,54.0,-0.021212282076224963,0.19067291790188198,-0.020442829961483895,0.1955578991994823,0.021713312225856807,0.1270675248073699
231,102.08049116011732,3939.728583899344,54.0,-0.021212282076224963,-0.055061439242704215,-0.020442829961483895,-0.05701316350627668,0.021713312225856807,0.1304272803230996
232,125.50396993450582,3926.5617673616193,54.0,-0.021212282076224963,0.06251484873159598,-0.020442829961483895,0.055577378346883755,0.021713312225856807,0.12494345684654187
233,137.28112544023642,3930.5912278669,54.0,-0.021212282076224963,0.1004459722302913,-0.020442829961483895,0.0959730403512363,0.021713312225856807,0.11865094054367761
234,179.67090940770512,3929.463131396641,54.0,-0.021212282076224963,0.10031436825805988,-0.020442829961483895,0.09761591757578464,0.021713312225856807,0.12476012165436376
235,88.2681727690951,3915.200775925912,54.0,-0.021212282076224963,-0.02720941306921805,-0.020442829961483895,-0.02527294191416833,0.021713312225856807,0.12287694210145074
236,341.5724936781372,4071.071754032602,54.0,-0.021212282076224963,-0.2626240712097687,-0.020442829961483895,-0.2638721894835163,0.021713312225856807,0.14043471210676362
237,284.64002970112773,4055.1089548280224,54.0,-0.021212282076224963,0.05696638786610484,-0.020442829961483895,0.058339656383110686,0.021713312225856807,0.13750849282010053
238,298.71808334848726,4042.900299437067,54.0,-0.021212282076224963,-0.05834814631826644,-0.020442829961483895,-0.05936624683628938,0.021713312225856807,0.1397834926758534
239,295.49475046157585,4024.814807490681,54.0,-0.021212282076224963,-0.03485780352688387,-0.020442829961483895,-0.036501831492357674,0.021713312225856807,0.1352360556539668
240,298.4942841222434,4011.6459546344126,54.0,-0.021212282076224963,-0.16536740831145563,-0.020442829961483895,-0.1604261361138958,0.021713312225856807,0.1257858499744478
241,313.25635416495834,3998.830416275237,54.0,-0.021212282076224963,-0.2445863594920427,-0.020442829961483895,-0.2386330135576282,0.021713312225856807,0.11886900147097582
242,340.1371375561863,4063.06336212007,54.0,-0.021212282076224963,-0.1508044611487298,-0.020442829961483895,-0.14805589177842898,0.021713312225856807,0.1347301269945489
243,278.252957276231,4041.337412517816,54.0,-0.021212282076224963,-0.007285736884795385,-0.020442829961483895,-0.008680847726407946,0.021713312225856807,0.13390509247083654
244,312.8233748838626,4054.8922790732095,54.0,-0.021212282076224963,-0.07925775601652066,-0.020442829961483895,-0.07981993388422165,0.021713312225856807,0.14226572489442632
245,295.92345652296734,4012.471765436985,54.0,-0.021212282076224963,-0.16129390308556132,-0.020442829961483895,-0.1652671481973514,0.021713312225856807,0.12803038896429564
246,313.2916641340094,4017.6982104419535,54.0,-0.021212282076224963,-0.13738544876756698,-0.020442829961483895,-0.13429728136242075,0.021713312225856807,0.1375715419035716
247,312.224459853089,4001.93805851142,54.0,-0.021212282076224963,-0.20941541570414052,-0.020442829961483895,-0.20699258250660374,0.021713312225856807,0.12103983723319915
248,327.306343705716,4081.3155709764615,54.0,-0.021212282076224963,-0.14126087737024198,-0.020442829961483895,-0.1419156430417859,0.021713312225856807,0.13632415121300878
249,349.69763252524416,4039.951949456995,54.0,-0.021212282076224963,-0.13071610427091113,-0.020442829961483895,-0.13871588155371756,0.021713312225856807,0.14198441614485047
250,600.7045020356894,4728.578327237054,54.0,-0.021212282076224963,0.01775420823851094,-0.020442829961483895,0.01754457385564584,0.021713312225856807,0.12879735475401632
251,615.0972380746283,4729.136044277722,54.0,-0.021212282076224963,-0.014607649233608994,-0.020442829961483895,-0.01150532405483821,0.021713312225856807,0.12820761107532772
252,610.9322177974102,4716.550120256336,54.0,-0.021212282076224963,0.033055116914022305,-0.020442829961483895,0.034881538030184664,0.021713312225856807,0.14047290363046966
253,585.2799478976351,4707.2142580438485,54.0,-0.021212282076224963,0.1748728577011644,-0.020442829961483895,0.17496662247499062,0.021713312225856807,0.13948014467661107
254,626.7173557268542,4717.2978723062015,54.0,-0.021212282076224963,0.010575915634284588,-0.020442829961483895,0.010372092568884194,0.021713312225856807,0.1382732080219369
255,611.7833747678618,4689.5072732073895,54.0,-0.021212282076224963,0.19841009626901665,-0.020442829961483895,0.19456181868653033,0.021713312225856807,0.1547885807151695
256,658.3837731695672,4666.320521897435,54.0,-0.021212282076224963,0.14073945954098635,-0.020442829961483895,0.14234901027530292,0.021713312225856807,0.14800708578712288
257,614.1078240497995,4759.599537053033,54.0,-0.021212282076224963,-0.06686491414944604,-0.020442829961483895,-0.06423444668110109,0.021713312225856807,0.14344792001965584
258,709.7868194729853,4851.286536622527,54.0,-0.021212282076224963,-0.13057010566879299,-0.020442829961483895,-0.13370688155629773,0.021713312225856807,0.14047795438347427
259,707.8319490604442,4838.528995008403,54.0,-0.021212282076224963,-0.1735141227840809,-0.020442829961483895,-0.1679102426066709,0.021713312225856807,0.1302228780162108
260,743.9056275573591,4843.618383029032,54.0,-0.021212282076224963,-0.18794283796261999,-0.020442829961483895,-0.19035815971058045,0.021713312225856807,0.1430110399059571
261,762.3183109776259,4879.314608845601,54.0,-0.021212282076224963,-0.15140079707058296,-0.020442829961483895,-0.15531871089441157,0.021713312225856807,0.1456665342949053
262,820.1121867911606,4887.409658363325,54.0,-0.021212282076224963,-0.27124066548810116,-0.020442829961483895,-0.26592868198178354,0.021713312225856807,0.13751488873426737
263,686.117062037542,4838.322673380027,54.0,-0.021212282076224963,-0.20374791358607255,-0.020442829961483895,-0.20357917650599544,0.021713312225856807,0.13879026591053678
264,839.9666946806605,4892.4253643392085,54.0,-0.021212282076224963,-0.07496405800880773,-0.020442829961483895,-0.07666580635883069,0.021713312225856807,0.15083528304572388
265,835.7138504834124,4882.651568351076,54.0,-0.021212282076224963,-0.0975239846023223,-0.020442829961483895,-0.0986086227042941,0.021713312225856807,0.13876771734459478
266,820.8837607778523,4830.121101450797,54.0,-0.021212282076224963,-0.03465054658143821,-0.020442829961483895,-0.03319553157297192,0.021713312225856807,0.12661566397121127
267,845.9654275779601,4795.464012288639,54.0,-0.021212282076224963,0.050865692990499776,-0.020442829961483895,0.049666807659503584,0.021713312225856807,0.13929547877310103
268,867.3492606095851,4792.378098334041,54.0,-0.021212282076224963,0.02111948912174129,-0.020442829961483895,0.022024106409804515,0.021713312225856807,0.138047416542731
269,872.9571364917919,4808.047677891233,54.0,-0.021212282076224963,0.08138533289951337,-0.020442829961483895,0.0781392630606784,0.021713312225856807,0.1422237914123196
270,889.1341090380087,4812.894460811884,54.0,-0.021212282076224963,0.13122361964040585,-0.020442829961483895,0.1318564812771592,0.021713312225856807,0.1512082464756906
271,836.1977774156197,4777.614491614041,54.0,-0.021212282076224963,0.009976724075174744,-0.020442829961483895,0.016608357955978904,0.021713312225856807,0.1418712603354281
272,791.9618452812189,4800.791116098234,54.0,-0.021212282076224963,-0.06016460811774902,-0.020442829961483895,-0.05968941126793774,0.021713312225856807,0.13008094239499868
273,769.9822830042261,4792.05829740607,54.0,-0.021212282076224963,-0.016492641706248305,-0.020442829961483895,-0.019133268291418815,0.021713312225856807,0.12709097565193073
274,733.5001364322503,4748.586620355318,54.0,-0.021212282076224963,0.24115927401201115,-0.020442829961483895,0.24066557694742063,0.021713312225856807,0.1461216955173048
275,735.121237879597,4781.5539469831065,54.0,-0.021212282076224963,-0.026893059743127563,-0.020442829961483895,-0.024365151739989932,0.021713312225856807,0.12486030196262331
276,722.2932557621302,4816.856741328317,54.0,-0.021212282076224963,-0.14989119200677556,-0.020442829961483895,-0.14731984535498238,0.021713312225856807,0.13058954691415556
277,707.3848569786213,4791.034976103771,54.0,-0.021212282076224963,-0.08803369162515197,-0.020442829961483895,-0.08912960927347012,0.021713312225856807,0.13842805525711566
278,712.9980031901063,4777.612970571223,54.0,-0.021212282076224963,-0.027292533270608068,-0.020442829961483895,-0.021631769762922443,0.021713312225856807,0.1244128972424254
279,699.7932708640618,4755.760924905943,54.0,-0.021212282076224963,0.0004778058628723749,-0.020442829961483895,0.000229216997775273,0.021713312225856807,0.13766558703373338
280,686.8965221818985,4798.831092361476,54.0,-0.021212282076224963,-0.15028759931965083,-0.020442829961483895,-0.14973702586106072,0.021713312225856807,0.13431891490757325
281,680.6398356896284,4755.541084095308,54.0,-0.021212282076224963,-0.032550034787995216,-0.020442829961483895,-0.0324079031495777,0.021713312225856807,0.1414757282099524
282,698.5462369914484,4721.24792534284,54.0,-0.021212282076224963,0.14809214543449428,-0.020442829961483895,0.14482592193845684,0.021713312225856807,0.15083533067159735
283,687.2411309135879,4707.631508201332,54.0,-0.021212282076224963,0.23275735742495385,-0.020442829961483895,0.23517546112104548,0.021713312225856807,0.14474536680954714
284,690.6183360672042,4684.164100497674,54.0,-0.021212282076224963,0.07636454430053136,-0.020442829961483895,0.07363170066451619,0.021713312225856807,0.14599720223239646
285,618.2919098528059,4748.229002741738,54.0,-0.021212282076224963,-0.06485599070320891,-0.020442829961483895,-0.06643054273739837,0.021713312225856807,0.13771580956144006
286,606.2075985001995,4731.370763159866,54.0,-0.021212282076224963,0.01062562319424422,-0.020442829961483895,0.01031676323550247,0.021713312225856807,0.12559515300999602
287,592.7991030181048,4715.751040197805,54.0,-0.021212282076224963,0.13119257582138533,-0.020442829961483895,0.1318416190699313,0.021713312225856807,0.13816072810638508
288,623.3428439903965,4697.432085439533,54.0,-0.021212282076224963,0.040081817321876934,-0.020442829961483895,0.040848816572431584,0.021713312225856807,0.14644613937878656
289,629.0391362438163,4679.029549685565,54.0,-0.021212282076224963,0.056432678225044566,-0.020442829961483895,0.06452495774877623,0.021713312225856807,0.14269283736087823
290,645.9807538115654,4669.918769358841,54.0,-0.021212282076224963,0.12854236855162618,-0.020442829961483895,0.12284298798665877,0.021713312225856807,0.150096248888385
291,677.9072626809317,4653.89718048063,54.0,-0.021212282076224963,-0.023256827218088548,-0.020442829961483895,-0.02718940907584652,0.021713312225856807,0.14074176338625158
292,685.7243502711287,4645.208724743927,54.0,-0.021212282076224963,-0.058334404777654975,-0.020442829961483895,-0.055032035317803915,0.021713312225856807,0.14865830231918395
293,691.3660822278478,4666.660196363947,54.0,-0.021212282076224963,0.07718636707908083,-0.020442829961483895,0.08247432028931487,0.021713312225856807,0.1458449849079938
294,564.4258101030795,4760.96239677223,54.0,-0.021212282076224963,0.10324369216385583,-0.020442829961483895,0.10270281135415021,0.021713312225856807,0.13263788184455652
295,592.8377865365509,4734.876730565503,54.0,-0.021212282076224963,0.05551556900846716,-0.020442829961483895,0.05380115005198435,0.021713312225856807,0.13047456151457476
296,567.0059918406176,4747.16037686089,54.0,-0.021212282076224963,0.10148431076324312,-0.020442829961483895,0.09889208546962372,0.021713312225856807,0.1282547477463519
297,449.6577175507031,4796.927098377143,54.0,-0.021212282076224963,0.19005752851117783,-0.020442829961483895,0.18504235557202417,0.021713312225856807,0.1565598041518179
298,467.665080100585,4793.329962170085,54.0,-0.021212282076224963,0.1577892384666427,-0.020442829961483895,0.15759961265199673,0.021713312225856807,0.1397698574761253
299,482.2719153734478,4782.759217046061,54.0,-0.021212282076224963,0.1538728581527103,-0.020442829961483895,0.15367447865571218,0.021713312225856807,0.1443103159571834
300,500.20796147231687,4618.267020372979,54.0,-0.021212282076224963,-0.0412181197814094,-0.020442829961483895,-0.03750701544082112,0.021713312225856807,0.15451447298611737
301,452.8407182199586,4614.347532250419,54.0,-0.021212282076224963,0.015963166533326602,-0.020442829961483895,0.009621227262788154,0.021713312225856807,0.13941992863849956
302,437.13896889547215,4593.005802237853,54.0,-0.021212282076224963,0.09997042648974795,-0.020442829961483895,0.10240821900279211,0.021713312225856807,0.14004568987607682
303,425.7675979026484,4587.306801321076,54.0,-0.021212282076224963,0.06389595588132076,-0.020442829961483895,0.06579477126226416,0.021713312225856807,0.14423822698765262
304,415.821304844712,4664.678751133025,54.0,-0.021212282076224963,-0.15953409507155944,-0.020442829961483895,-0.15883174550244045,0.021713312225856807,0.15359392709231565
305,447.73043194608914,4642.773796720821,54.0,-0.021212282076224963,-0.047194873374234995,-0.020442829961483895,-0.04426638879472036,0.021713312225856807,0.1531299179948351
306,416.52807431204894,4611.258260235148,54.0,-0.021212282076224963,-0.0558296729801526,-0.020442829961483895,-0.05191300081903025,0.021713312225856807,0.15083481232838492
307,403.9039033992696,4716.495571963465,54.0,-0.021212282076224963,-0.22744834223346397,-0.020442829961483895,-0.23159854922667095,0.021713312225856807,0.1566136837366501
308,-239.5128446278165,3906.899903078088,54.0,-0.021212282076224963,-0.044533753288137,-0.020442829961483895,-0.043758269638717304,0.021713312225856807,0.13769837892446088
309,-206.51370862307223,3888.753544352072,54.0,-0.021212282076224963,-0.17488094787756214,-0.020442829961483895,-0.1704082775000581,0.021713312225856807,0.1303005389820752
310,-247.0083933535225,3882.934832278036,54.0,-0.021212282076224963,-0.07989953723378754,-0.020442829961483895,-0.0832721990630991,0.021713312225856807,0.13158911236530943
311,-299.6987199382138,3877.517142896227,54.0,-0.021212282076224963,-0.032694281225954386,-0.020442829961483895,-0.031023370547360422,0.021713312225856807,0.13128665788532268
312,-207.05441320593363,3875.578724167899,54.0,-0.021212282076224963,-0.129546408410096,-0.020442829961483895,-0.1263533670638262,0.021713312225856807,0.1252123578742794
313,-288.28040614727314,3869.763411078973,54.0,-0.021212282076224963,-0.08669150324827944,-0.020442829961483895,-0.08785648857189275,0.021713312225856807,0.1300479278086786
314,-224.7874470069469,3868.704572457101,54.0,-0.021212282076224963,-0.11357897737537034,-0.020442829961483895,-0.11442818308681851,0.021713312225856807,0.12375222010403168
315,-260.1284068828446,3860.327587174116,54.0,-0.021212282076224963,-0.004174028855545542,-0.020442829961483895,-0.01002566694514586,0.021713312225856807,0.13744111081653776
316,-301.76269843675186,3851.489323913676,54.0,-0.021212282076224963,0.2127045148966684,-0.020442829961483895,0.2088672167595631,0.021713312225856807,0.14068578135598053
317,-230.0244001131252,3856.086690947165,54.0,-0.021212282076224963,-0.02357489120467286,-0.020442829961483895,-0.02503394562635685,0.021713312225856807,0.12282401735181188
318,-212.9190342948821,3852.70955400908,54.0,-0.021212282076224963,0.050846190862328146,-0.020442829961483895,0.048954075375124605,0.021713312225856807,0.13322301844466303
319,-259.69914487938223,3840.648840093646,54.0,-0.021212282076224963,0.07582968412065014,-0.020442829961483895,0.0768073691412623,0.021713312225856807,0.13403494708349487
320,-217.82064581615532,3836.435116427341,54.0,-0.021212282076224963,0.01648712428389058,-0.020442829961483895,0.012713605861720585,0.021713312225856807,0.12827002768699314
321,-228.4608267250068,3835.49661024065,54.0,-0.021212282076224963,0.00726845410378573,-0.020442829961483895,0.007407718012875177,0.021713312225856807,0.1209635365069449
322,-220.7072172819317,3822.533501197976,54.0,-0.021212282076224963,0.10050285607336672,-0.020442829961483895,0.10430177855237266,0.021713312225856807,0.13843105362881558
323,-220.52307878009043,3896.322588863719,54.0,-0.021212282076224963,-0.17320767411676388,-0.020442829961483895,-0.17422802558757003,0.021713312225856807,0.1387507855966909
324,-234.22537457612623,3832.547431286246,54.0,-0.021212282076224963,0.01062400601252557,-0.020442829961483895,0.012199771753006695,0.021713312225856807,0.13090155604886125
325,-239.64545070337945,3852.531569643749,54.0,-0.021212282076224963,-0.08901789063450831,-0.020442829961483895,-0.08917861577193667,0.021713312225856807,0.13065746096185865
326,-222.45927337673947,3847.821790182078,54.0,-0.021212282076224963,0.02154879503420426,-0.020442829961483895,0.019250940566726646,0.021713312225856807,0.12351773049635928
327,-204.13750177921133,3830.7645324182754,54.0,-0.021212282076224963,0.009332026462279434,-0.020442829961483895,0.007771586857126775,0.021713312225856807,0.1356265165641806
328,-196.31793179281823,3850.097955642777,54.0,-0.021212282076224963,-0.019225810375949476,-0.020442829961483895,-0.022572189995516204,0.021713312225856807,0.13156901449822733
329,-239.63954182075463,3893.468471754271,54.0,-0.021212282076224963,-0.08907098685301222,-0.020442829961483895,-0.09314403221499835,0.021713312225856807,0.13251265128147993
330,-270.3096398577547,3825.91280365092,54.0,-0.021212282076224963,0.17035483057336934,-0.020442829961483895,0.1704007329008237,0.021713312225856807,0.14547959019067638
331,-313.64040487867874,3841.407442527648,54.0,-0.021212282076224963,0.19707421094637959,-0.020442829961483895,0.19934982322686443,0.021713312225856807,0.14389553517763784
332,-237.86889380994464,3869.5690282123273,54.0,-0.021212282076224963,-0.14152835528174612,-0.020442829961483895,-0.13956269010666186,0.021713312225856807,0.12806894503383137
333,-290.1032136269349,3879.02770495162,54.0,-0.021212282076224963,-0.0919526292314772,-0.020442829961483895,-0.08969638635724454,0.021713312225856807,0.1286602299620208
334,-217.05716463296827,3881.450900568053,54.0,-0.021212282076224963,-0.1838729460737954,-0.020442829961483895,-0.18430448229820312,0.021713312225856807,0.12336590786356988
335,-287.08457697353265,3860.139446947377,54.0,-0.021212282076224963,-0.02894761045932281,-0.020442829961483895,-0.02550584280415148,0.021713312225856807,0.13138367129629244
336,-284.4670125726876,3807.7889507976943,54.0,-0.021212282076224963,0.1540261506443483,-0.020442829961483895,0.15686511536128903,0.021713312225856807,0.14800043513996483
337,-264.284648689563,3867.396538917314,54.0,-0.021212282076224963,-0.05123269812053902,-0.020442829961483895,-0.05589108597173716,0.021713312225856807,0.13393607365683902
338,-305.30829728411254,3860.661942635376,54.0,-0.021212282076224963,0.06950265865328355,-0.020442829961483895,0.07028338263193762,0.021713312225856807,0.1322706081424413
339,-254.8098989424844,3843.565233451433,54.0,-0.021212282076224963,0.050701165528487434,-0.020442829961483895,0.053049245019700486,0.021713312225856807,0.13318228332812557
340,-93.57726189495948,3961.546197789921,54.0,-0.021212282076224963,-0.1416581413059609,-0.020442829961483895,-0.14228518653880778,0.021713312225856807,0.15592828688983532
341,-56.035500045016406,3941.502507723401,54.0,-0.021212282076224963,-0.23720479057716257,-0.020442829961483895,-0.23705487961017624,0.021713312225856807,0.14360882128538197
342,-83.42484145845008,3942.88148701633,54.0,-0.021212282076224963,-0.1426285738357666,-0.020442829961483895,-0.14101929983089595,0.021713312225856807,0.13974320614953678
343,-58.13533851273078,3928.158727312826,54.0,-0.021212282076224963,-0.32596058208641365,-0.020442829961483895,-0.3228635338150499,0.021713312225856807,0.13319489360464942
344,-76.10278929015365,3928.390718488814,54.0,-0.021212282076224963,-0.27260886808957174,-0.020442829961483895,-0.27523711702125947,0.021713312225856807,0.13446264894875007
345,-88.19284338416543,3910.3239477963098,54.0,-0.021212282076224963,-0.26884076523310285,-0.020442829961483895,-0.26741605599031726,0.021713312225856807,0.12821379114063303
346,-66.20733732343768,3907.189374107909,54.0,-0.021212282076224963,-0.25827527978245324,-0.020442829961483895,-0.2547526849587107,0.021713312225856807,0.13406548012336147
347,-31.22363826822373,3895.155107689023,54.0,-0.021212282076224963,-0.060551483453421075,-0.020442829961483895,-0.06017508436831476,0.021713312225856807,0.13093738624878828
348,-109.8933281317338,3891.788283909125,54.0,-0.021212282076224963,-0.20488139708123732,-0.020442829961483895,-0.2016689815798554,0.021713312225856807,0.12623022223519936
349,-88.84745792148391,3891.638924250811,54.0,-0.021212282076224963,-0.1292663370523046,-0.020442829961483895,-0.12964493956293643,0.021713312225856807,0.12157863508541941
350,-69.56334702608117,3889.639795815675,54.0,-0.021212282076224963,-0.16928630861607655,-0.020442829961483895,-0.16847209703788463,0.021713312225856807,0.13600167327416904
351,-47.84804575173801,3889.788154786775,54.0,-0.021212282076224963,-0.04591170906667918,-0.020442829961483895,-0.04787521645883937,0.021713312225856807,0.1382087360464355
352,-23.36300577374711,3882.6832047228254,54.0,-0.021212282076224963,-0.04881672218989526,-0.020442829961483895,-0.05014720436702595,0.021713312225856807,0.1371579676964213
353,-90.5169001182837,3876.50193235572,54.0,-0.021212282076224963,-0.019405477992866477,-0.020442829961483895,-0.017755948357324903,0.021713312225856807,0.13170401648282526
354,-65.13866586007784,3871.8509974488175,54.0,-0.021212282076224963,-0.01622659622066016,-0.020442829961483895,-0.015185302902827717,0.021713312225856807,0.12971487480298022
355,-50.13229410178342,3867.0999269122817,54.0,-0.021212282076224963,0.020284408915448512,-0.020442829961483895,0.016001311870295718,0.021713312225856807,0.1380221009912305
356,-35.39723016141716,3854.209722232396,54.0,-0.021212282076224963,0.01789617884988699,-0.020442829961483895,0.01627629107217553,0.021713312225856807,0.14055620989997045
357,-61.32288072890474,3816.801141060652,54.0,-0.021212282076224963,-0.18082668917496142,-0.020442829961483895,-0.17921526011849365,0.021713312225856807,0.1376148881930373
358,-70.85258713100723,3825.679041233032,54.0,-0.021212282076224963,-0.14264415519657073,-0.020442829961483895,-0.1431280398961618,0.021713312225856807,0.14463861313340237
359,-77.81854309749487,3807.703348510464,54.0,-0.021212282076224963,-0.03550200651222301,-0.020442829961483895,-0.03575378648438804,0.021713312225856807,0.13423160091945538
360,-71.53169503986241,3812.202036985935,54.0,-0.021212282076224963,-0.10810967361044076,-0.020442829961483895,-0.10464419560501065,0.021713312225856807,0.13066527860441868
361,-100.08529526117316,3900.3226209859754,54.0,-0.021212282076224963,-0.1789003168555422,-0.020442829961483895,-0.1800403763760477,0.021713312225856807,0.12077602055033072
362,-89.8146653730421,3916.635476753353,54.0,-0.021212282076224963,-0.26113119943524293,-0.020442829961483895,-0.2624020424453523,0.021713312225856807,0.12899306647539927
363,-21.70518692471069,3895.884300151082,54.0,-0.021212282076224963,-0.04637977343032952,-0.020442829961483895,-0.04662155189339543,0.021713312225856807,0.13253657561616822
364,-110.01626871790168,3882.272424637356,54.0,-0.021212282076224963,-0.13217318350332088,-0.020442829961483895,-0.12793691143864694,0.021713312225856807,0.12811288281769498
365,-96.97654250745872,3869.5775486716034,54.0,-0.021212282076224963,-0.08358433548765566,-0.020442829961483895,-0.08199881913226348,0.021713312225856807,0.13076029895334468
366,-77.79031957572187,3894.979280828351,54.0,-0.021212282076224963,-0.18983468327456565,-0.020442829961483895,-0.19153326586593517,0.021713312225856807,0.12587023613051204
367,-55.97942679583037,3901.289986408653,54.0,-0.021212282076224963,-0.16986064452483998,-0.020442829961483895,-0.1641600835106909,0.021713312225856807,0.1387993787827492
368,-40.74382534446032,3878.871264722534,54.0,-0.021212282076224963,-0.016291814236745857,-0.020442829961483895,-0.0209539462149098,0.021713312225856807,0.1278150878731441
369,-66.69372584046727,3870.2071380379048,54.0,-0.021212282076224963,0.003039219079339003,-0.020442829961483895,0.004167026894234623,0.021713312225856807,0.13267703348445106
370,-54.35065196736064,3922.548138121946,54.0,-0.021212282076224963,-0.29330408949491615,-0.020442829961483895,-0.2936615041474161,0.021713312225856807,0.12897499599452672
371,-90.20027446475764,3884.516943179324,54.0,-0.021212282076224963,-0.06483395768168422,-0.020442829961483895,-0.06824251047699893,0.021713312225856807,0.12740771191145736
372,442.6118074904948,4070.2277085185783,54.0,-0.021212282076224963,0.01047525768821712,-0.020442829961483895,0.01131644349561307,0.021713312225856807,0.12764987719748
373,473.81212145827845,4062.309946420862,54.0,-0.021212282076224963,-0.041525474379373734,-0.020442829961483895,-0.03901000086298175,0.021713312225856807,0.13773747644262918
374,468.27210347413103,4049.616241434093,54.0,-0.021212282076224963,-0.07450733362873556,-0.020442829961483895,-0.07414903130745676,0.021713312225856807,0.13322282035026276
375,447.21509965388833,4045.293583999011,54.0,-0.021212282076224963,0.08488627226635853,-0.020442829961483895,0.08288616453140905,0.021713312225856807,0.12934582196441527
376,431.58584790895287,4026.933212132683,54.0,-0.021212282076224963,0.395655847971226,-0.020442829961483895,0.3857082260745066,0.021713312225856807,0.14821904848716214
377,408.9986108563161,3996.755525049388,54.0,-0.021212282076224963,0.19988309764979334,-0.020442829961483895,0.2039237922797778,0.021713312225856807,0.1580877268582568
378,422.862128182699,4025.3424938357566,54.0,-0.021212282076224963,0.337370635173274,-0.020442829961483895,0.3287100804098005,0.021713312225856807,0.13379906875309908
379,439.19746758037405,4076.996335961541,54.0,-0.021212282076224963,0.03096109822899561,-0.020442829961483895,0.03229971125762079,0.021713312225856807,0.1273887549074349
380,462.0840432753972,4072.271140968799,54.0,-0.021212282076224963,-0.018936286798738107,-0.020442829961483895,-0.021305281683735595,0.021713312225856807,0.12730144760372927
381,459.6569034973903,4060.82300260624,54.0,-0.021212282076224963,-0.059591800090110614,-0.020442829961483895,-0.05659686992740773,0.021713312225856807,0.12589204897859016
382,437.47285354914527,4045.91348934747,54.0,-0.021212282076224963,0.1604698147224593,-0.020442829961483895,0.16152147321065063,0.021713312225856807,0.12438579150025812
383,446.14924890749785,4055.162025087259,54.0,-0.021212282076224963,0.07120203985166994,-0.020442829961483895,0.06869901631531747,0.021713312225856807,0.12848420875065808
384,438.2395063544679,3993.749322917003,54.0,-0.021212282076224963,0.08500853436794163,-0.020442829961483895,0.08124457705282648,0.021713312225856807,0.147930806541378
385,465.8911725966613,4024.289872350432,54.0,-0.021212282076224963,0.06530340957992309,-0.020442829961483895,0.06725797086098569,0.021713312225856807,0.15101024449400283
386,418.14174019683327,4008.0356973029234,54.0,-0.021212282076224963,0.18409198147754427,-0.020442829961483895,0.1832159369348681,0.021713312225856807,0.1476704939054505
387,475.8206463571328,3964.9488424231126,54.0,-0.021212282076224963,-0.0482554349798503,-0.020442829961483895,-0.04770744844213738,0.021713312225856807,0.14893045447142073
388,566.9000301137978,4747.137133853987,54.0,-0.021212282076224963,0.1013584110181882,-0.020442829961483895,0.09976323952641396,0.021713312225856807,0.12837045747531003
389,592.1742243865796,4747.151768762015,54.0,-0.021212282076224963,0.030438311977603678,-0.020442829961483895,0.03228401390744649,0.021713312225856807,0.13516777572879415
390,570.8316210365269,4722.155506308706,54.0,-0.021212282076224963,0.22598872783062504,-0.020442829961483895,0.2263647556504745,0.021713312225856807,0.14149906687539196
391,528.7046952932974,4712.336696063006,54.0,-0.021212282076224963,0.11981947435695581,-0.020442829961483895,0.12225783586915523,0.021713312225856807,0.15801553313236114
392,552.9775415131319,4785.4968353270415,54.0,-0.021212282076224963,0.053546351728886506,-0.020442829961483895,0.05582376452209354,0.021713312225856807,0.14606328064769858
393,552.2519091763407,4748.576091798907,54.0,-0.021212282076224963,0.12191127251150488,-0.020442829961483895,0.12007212654372096,0.021713312225856807,0.14168809563112406
394,161.96578384564387,4157.2024176535,54.0,-0.021212282076224963,0.3905692151774493,-0.020442829961483895,0.3887742830215508,0.021713312225856807,0.14581191001802757
395,137.73214120296976,4146.211392684601,54.0,-0.021212282076224963,0.3190034831812834,-0.020442829961483895,0.31347695663887964,0.021713312225856807,0.140119139830926
396,158.49410884129216,4136.006365328739,54.0,-0.021212282076224963,0.28673638479667496,-0.020442829961483895,0.2826761776574131,0.021713312225856807,0.13166815746564375
397,136.56558805196306,4128.332749792738,54.0,-0.021212282076224963,0.23540775211460896,-0.020442829961483895,0.24060261798430516,0.021713312225856807,0.13633185195210695
398,117.19421705345408,4121.351193952682,54.0,-0.021212282076224963,0.14851818817630985,-0.020442829961483895,0.14487066678451216,0.021713312225856807,0.1369022642061211
399,109.91679785969896,4052.896427825765,54.0,-0.021212282076224963,0.05967675749992991,-0.020442829961483895,0.059644568607784894,0.021713312225856807,0.1319861667937249
400,105.52394893714752,4032.581984936505,54.0,-0.021212282076224963,0.12559844108098603,-0.020442829961483895,0.12881360821145965,0.021713312225856807,0.14334693873947327
401,106.44842983383482,4012.84945915906,54.0,-0.021212282076224963,0.1351341210461864,-0.020442829961483895,0.13969617142883478,0.021713312225856807,0.13419812042084533
402,171.63451694131356,4159.78310361989,54.0,-0.021212282076224963,0.33572871906919205,-0.020442829961483895,0.3313634850444792,0.021713312225856807,0.14506302539327562
403,149.38437383192732,4142.655189530788,54.0,-0.021212282076224963,0.35107775086477144,-0.020442829961483895,0.3553290180244117,0.021713312225856807,0.1397008606289292
404,167.22649373259551,4139.857029282407,54.0,-0.021212282076224963,0.27037094240474996,-0.020442829961483895,0.2634671749447879,0.021713312225856807,0.14102184207113347
405,119.82403039050632,4124.56931096989,54.0,-0.021212282076224963,0.1410283208688776,-0.020442829961483895,0.13632066419131836,0.021713312225856807,0.14043320406567478
406,142.29614129157707,4127.163348327213,54.0,-0.021212282076224963,0.20985303756300241,-0.020442829961483895,0.20942259549434433,0.021713312225856807,0.13881060735474576
407,128.30218247028407,4108.962098016365,54.0,-0.021212282076224963,0.04016812839713755,-0.020442829961483895,0.040080021617319835,0.021713312225856807,0.14691210484081474
408,109.11821937100868,4049.9401200264047,54.0,-0.021212282076224963,0.05885152002081366,-0.020442829961483895,0.05986793161761324,0.021713312225856807,0.13424978599528803
409,124.08609991612518,4074.076898022276,54.0,-0.021212282076224963,-0.03338763417431657,-0.020442829961483895,-0.0316720073837856,0.021713312225856807,0.13589802249390273
410,115.16096838828992,4022.0483223003416,54.0,-0.021212282076224963,0.22196129442171397,-0.020442829961483895,0.22033957554739086,0.021713312225856807,0.13442052196382012
411,561.0138184560105,4473.501935426613,54.0,-0.021212282076224963,-0.1435266520629794,-0.020442829961483895,-0.14313340681892606,0.021713312225856807,0.14833035958299
412,565.0502773452903,4448.226533767391,54.0,-0.021212282076224963,-0.13000200754056046,-0.020442829961483895,-0.1298518386039086,0.021713312225856807,0.13532392380059327
413,582.8694820082358,4398.870274634955,54.0,-0.021212282076224963,-0.2370731371115647,-0.020442829961483895,-0.23831548808584704,0.021713312225856807,0.13815945003435917
414,581.1993239604408,4389.028978416067,54.0,-0.021212282076224963,-0.1602683368867692,-0.020442829961483895,-0.16206725265585972,0.021713312225856807,0.13030775121161212
415,583.831138251116,4371.053286709621,54.0,-0.021212282076224963,-0.06777925978358548,-0.020442829961483895,-0.06182619306153105,0.021713312225856807,0.1379622235574174
416,561.2628392077421,4326.059519500939,54.0,-0.021212282076224963,-0.05953649167767156,-0.020442829961483895,-0.06040087843154854,0.021713312225856807,0.1348443053633504
417,534.8960064449519,4318.929029125519,54.0,-0.021212282076224963,-0.03948116663782772,-0.020442829961483895,-0.04226777110853268,0.021713312225856807,0.1311923313145881
418,510.9466011058103,4309.526697793331,54.0,-0.021212282076224963,0.06315773748509451,-0.020442829961483895,0.06350727674583204,0.021713312225856807,0.14070648552873483
419,511.8782596396733,4352.397235288708,54.0,-0.021212282076224963,0.2324486609929708,-0.020442829961483895,0.2236727699841594,0.021713312225856807,0.13378887832572875
420,548.5850023962915,4353.449672308096,54.0,-0.021212282076224963,-0.03616147484418949,-0.020442829961483895,-0.03723162452116362,0.021713312225856807,0.13595230647907983
421,512.6417426087999,4370.543524351453,54.0,-0.021212282076224963,0.15679060696541694,-0.020442829961483895,0.15678917901271183,0.021713312225856807,0.1384731857955111
422,480.9664091966875,4352.089588299367,54.0,-0.021212282076224963,0.20413823410097018,-0.020442829961483895,0.1996063858363339,0.021713312225856807,0.14027248499788222
423,558.287928261929,4383.549496546334,54.0,-0.021212282076224963,-0.1374754348392546,-0.020442829961483895,-0.1356685022944152,0.021713312225856807,0.12606645823313026
424,537.5523516970317,4387.183166028368,54.0,-0.021212282076224963,-0.11747239131280193,-0.020442829961483895,-0.10778269296670229,0.021713312225856807,0.13726833966908622
425,556.3622236943382,4406.099826935316,54.0,-0.021212282076224963,0.06027734431506103,-0.020442829961483895,0.059832817231777635,0.021713312225856807,0.1269075103096426
426,507.007626677084,4418.914577252973,54.0,-0.021212282076224963,0.17132115449873975,-0.020442829961483895,0.1653495865762851,0.021713312225856807,0.1420133706896014
427,504.4577215216528,4438.979738557756,54.0,-0.021212282076224963,0.12884924678166212,-0.020442829961483895,0.12653739157456428,0.021713312225856807,0.1347328415164
428,538.408480740028,4431.916543109024,54.0,-0.021212282076224963,-0.16382825183202993,-0.020442829961483895,-0.16535266285087102,0.021713312225856807,0.1377266858800013
429,524.7277800422952,4456.789074584238,54.0,-0.021212282076224963,0.003853992578642995,-0.020442829961483895,0.007175241830339839,0.021713312225856807,0.12627672105393495
430,485.3956997431978,4374.153861375261,54.0,-0.021212282076224963,0.0706600169803178,-0.020442829961483895,0.07402324642516443,0.021713312225856807,0.12998883868068073
431,529.1168317879833,4454.262917514842,54.0,-0.021212282076224963,-0.00206612709972246,-0.020442829961483895,-0.0009690720052648536,0.021713312225856807,0.12786186690142876
432,532.7418826940634,4408.404237914756,54.0,-0.021212282076224963,-0.05338744462416354,-0.020442829961483895,-0.04955229205717819,0.021713312225856807,0.14067767569963732
433,555.815156934327,4405.984828369565,54.0,-0.021212282076224963,0.0446242586268331,-0.020442829961483895,0.044678691871013934,0.021713312225856807,0.12454505222474004
434,533.7624093755849,4336.924325778417,54.0,-0.021212282076224963,0.0755716152969915,-0.020442829961483895,0.07517581187074641,0.021713312225856807,0.134818761240117
435,530.4685985461446,4301.8986450225775,54.0,-0.021212282076224963,-0.004863144737411711,-0.020442829961483895,-0.008048036786251465,0.021713312225856807,0.126676141260359
436,514.5322622025869,4456.751426788521,54.0,-0.021212282076224963,0.042072034006061826,-0.020442829961483895,0.04781327816908258,0.021713312225856807,0.13195057836745336
437,548.53915137937,4457.937093293264,54.0,-0.021212282076224963,-0.16542836015775414,-0.020442829961483895,-0.1606807695888665,0.021713312225856807,0.1395246936607073
438,566.5828788927461,4457.8640046212495,54.0,-0.021212282076224963,-0.1544078187976238,-0.020442829961483895,-0.15564791313641496,0.021713312225856807,0.1400037783412251
439,560.6999742572023,4437.5564168372,54.0,-0.021212282076224963,-0.16088043592167312,-0.020442829961483895,-0.1565773766539899,0.021713312225856807,0.1480109048857029
440,495.98772785766295,4443.197207172899,54.0,-0.021212282076224963,0.043514941776641995,-0.020442829961483895,0.04061704136686278,0.021713312225856807,0.1285886609505395
441,516.32703292139,4436.776156702188,54.0,-0.021212282076224963,0.09681292975286575,-0.020442829961483895,0.09414934009945525,0.021713312225856807,0.1422358978144084
442,536.1540880146566,4444.858609584984,54.0,-0.021212282076224963,-0.12493796951056571,-0.020442829961483895,-0.12619521214139856,0.021713312225856807,0.1283572627804402
443,546.9208165404689,4421.220011345582,54.0,-0.021212282076224963,-0.12738093058607158,-0.020442829961483895,-0.12456258508560483,0.021713312225856807,0.1365934727012334
444,577.856407148501,4399.683609216996,54.0,-0.021212282076224963,-0.2226179023398184,-0.020442829961483895,-0.2209429082786777,0.021713312225856807,0.13556409258332297
445,507.9742950230683,4385.009332545608,54.0,-0.021212282076224963,0.06439889155464665,-0.020442829961483895,0.06883860512285685,0.021713312225856807,0.141449473622504
446,495.4096026336581,4388.202891193944,54.0,-0.021212282076224963,0.09784291951619573,-0.020442829961483895,0.09161529208899488,0.021713312225856807,0.13144896912691492
447,551.2834782412536,4388.438780991228,54.0,-0.021212282076224963,-0.08360530292668021,-0.020442829961483895,-0.0830636579242175,0.021713312225856807,0.1256432361521689
448,558.281918566655,4368.377251679958,54.0,-0.021212282076224963,-0.14311248770539473,-0.020442829961483895,-0.1412859427810012,0.021713312225856807,0.13751207041083416
449,500.0086033322366,4367.370280777083,54.0,-0.021212282076224963,0.16006694187426668,-0.020442829961483895,0.1548780543576978,0.021713312225856807,0.13542541521750853
450,504.0759183332692,4354.886242555075,54.0,-0.021212282076224963,0.21602221982411507,-0.020442829961483895,0.21078733087832188,0.021713312225856807,0.13433432559177838
451,580.3012850433586,4369.728357564728,54.0,-0.021212282076224963,-0.10518494326566746,-0.020442829961483895,-0.10053772068675516,0.021713312225856807,0.13673373098014927
452,525.9842509759866,4353.885320843046,54.0,-0.021212282076224963,0.04791172226247955,-0.020442829961483895,0.045292788421521187,0.021713312225856807,0.13101245439233283
453,571.0156044926573,4347.517470595766,54.0,-0.021212282076224963,-0.08555606731525423,-0.020442829961483895,-0.08395573370607931,0.021713312225856807,0.13675470083810504
454,501.0189302378661,4338.738198947732,54.0,-0.021212282076224963,0.12431914439650688,-0.020442829961483895,0.12218891539166699,0.021713312225856807,0.1334798312925179
455,488.2077283117417,4317.806340175813,54.0,-0.021212282076224963,0.04323470266009594,-0.020442829961483895,0.03977752037867992,0.021713312225856807,0.13260421623259894
456,500.112618383455,4313.336489856109,54.0,-0.021212282076224963,0.05114487192120245,-0.020442829961483895,0.05443758280556029,0.021713312225856807,0.13606518139155718
457,546.047037488337,4320.318029487556,54.0,-0.021212282076224963,-0.02912874993832404,-0.020442829961483895,-0.026309431326438294,0.021713312225856807,0.13075673683477726
458,-507.2972229471795,3600.671376046247,54.0,-0.021212282076224963,0.09334879749958867,-0.020442829961483895,0.0882881053035168,0.021713312225856807,0.14295443139282288
459,-499.9524784687832,3578.403458104436,54.0,-0.021212282076224963,0.043983232361546436,-0.020442829961483895,0.03579721956382931,0.021713312225856807,0.14658020423724377
460,-451.4328774109917,3539.606050872365,54.0,-0.021212282076224963,-0.001565028281128122,-0.020442829961483895,-0.0015093576354912367,0.021713312225856807,0.16074890993723714
461,-517.5789695601553,3525.510166099442,54.0,-0.021212282076224963,0.04757306110750752,-0.020442829961483895,0.04261654531831936,0.021713312225856807,0.15179756218827611
462,-521.1800805309396,3510.2303992648426,54.0,-0.021212282076224963,0.03209582709320666,-0.020442829961483895,0.0282037340628467,0.021713312225856807,0.1503069390758727
463,-449.2628013025546,3503.742664831391,54.0,-0.021212282076224963,-0.1042290723859618,-0.020442829961483895,-0.10121501918253735,0.021713312225856807,0.15793070705466833
464,-485.042933661256,3485.47979782113,54.0,-0.021212282076224963,-0.04012794071109649,-0.020442829961483895,-0.035872882856589225,0.021713312225856807,0.1533501862316857
465,-573.8953694348969,3556.3836779114804,54.0,-0.021212282076224963,-0.1634484042126595,-0.020442829961483895,-0.15865693168823686,0.021713312225856807,0.15291158458514714
466,-114.50920843118116,3834.9194074143743,54.0,-0.021212282076224963,0.28003934277975073,-0.020442829961483895,0.27920253256346683,0.021713312225856807,0.13596372924037464
467,-164.43942656566844,3815.0857932853287,54.0,-0.021212282076224963,0.1197257457736004,-0.020442829961483895,0.12270198733592473,0.021713312225856807,0.1402003340173005
468,-140.92825652262695,3822.7016028764,54.0,-0.021212282076224963,0.2553293147914589,-0.020442829961483895,0.2568837986897632,0.021713312225856807,0.1392623899767656
469,-127.99374614651722,3810.908692759558,54.0,-0.021212282076224963,0.43141078842625014,-0.020442829961483895,0.4274138892432303,0.021713312225856807,0.14577592030837053
470,-152.77957078688812,3803.088929575855,54.0,-0.021212282076224963,0.22234090627671094,-0.020442829961483895,0.21152836809943654,0.021713312225856807,0.1312489325298722
471,-150.0499459232575,3808.954736715893,54.0,-0.021212282076224963,0.24262935071284394,-0.020442829961483895,0.23969211317858707,0.021713312225856807,0.13281908895165837
472,-117.20662596065166,3807.599273888803,54.0,-0.021212282076224963,0.29599299815275715,-0.020442829961483895,0.29299906235258755,0.021713312225856807,0.1368750485512781
473,-113.68434153160244,3833.1341984416354,54.0,-0.021212282076224963,0.293772225152002,-0.020442829961483895,0.29289383142544756,0.021713312225856807,0.136252657703942
474,608.6375792072362,4802.7437232065695,54.0,-0.021212282076224963,-0.0932538095191029,-0.020442829961483895,-0.09755263715835061,0.021713312225856807,0.1504678016494576
475,634.9065337772719,4766.654345959582,54.0,-0.021212282076224963,-0.06359231098702424,-0.020442829961483895,-0.06467636348571051,0.021713312225856807,0.15112972824785906
476,623.483520387806,4804.598436442914,54.0,-0.021212282076224963,-0.08177699468621852,-0.020442829961483895,-0.07746182172926704,0.021713312225856807,0.15171984167583008
477,641.9015815200914,4857.238831024886,54.0,-0.021212282076224963,-0.1461539848213809,-0.020442829961483895,-0.14364826087012583,0.021713312225856807,0.15526429064494793
478,-465.54115273020966,3701.012924955217,54.0,-0.021212282076224963,0.024293339880002873,-0.020442829961483895,0.020697300058926688,0.021713312225856807,0.1276809335816092
479,-425.4027778878423,3687.3814848390944,54.0,-0.021212282076224963,0.1373149693536341,-0.020442829961483895,0.1377101674480887,0.021713312225856807,0.13031292885758766
480,-448.96079272698375,3683.345482242924,54.0,-0.021212282076224963,0.0026611185566599027,-0.020442829961483895,0.0027455108780035133,0.021713312225856807,0.12987734932490191
481,-459.2972544242527,3675.036452891449,54.0,-0.021212282076224963,-0.03437890458285977,-0.020442829961483895,-0.034339371790857776,0.021713312225856807,0.13407958329549743
482,-426.40019030265967,3675.6261838774494,54.0,-0.021212282076224963,0.15371973954726115,-0.020442829961483895,0.157526478791035,0.021713312225856807,0.13446492312600458
483,-440.8048070820975,3661.1342812774815,54.0,-0.021212282076224963,0.023343419231569167,-0.020442829961483895,0.029734343896274374,0.021713312225856807,0.13292757895011675
484,-452.908197457792,3654.514221142598,54.0,-0.021212282076224963,0.015226886095387991,-0.020442829961483895,0.01587786840366073,0.021713312225856807,0.1299341646772979
485,-489.2630394051725,3629.7069603146624,54.0,-0.021212282076224963,0.06456990088079925,-0.020442829961483895,0.05796693564633448,0.021713312225856807,0.13511061107694577
486,-458.90863996021136,3630.247549768804,54.0,-0.021212282076224963,0.04492142878232384,-0.020442829961483895,0.050019857968531985,0.021713312225856807,0.14419110519272096
487,-500.9029123182427,3614.0747562686,54.0,-0.021212282076224963,0.1578982787900111,-0.020442829961483895,0.16140630862289657,0.021713312225856807,0.1432967725083017
488,-465.8928410452483,3608.448596328204,54.0,-0.021212282076224963,0.047922173076399455,-0.020442829961483895,0.044841709928416004,0.021713312225856807,0.14058185145394236
489,-500.4398061409101,3634.1145749910206,54.0,-0.021212282076224963,-0.0006887592230634291,-0.020442829961483895,-0.001199446295490543,0.021713312225856807,0.1411632950653777
490,-520.4786475198113,3632.693087605314,54.0,-0.021212282076224963,0.053530210991557976,-0.020442829961483895,0.054756783082806904,0.021713312225856807,0.1491125505680383
491,-537.0544473499934,3615.307734486455,54.0,-0.021212282076224963,-0.0334140839247266,-0.020442829961483895,-0.034434059834591774,0.021713312225856807,0.15129060153050863
492,-463.572090848466,3711.004366750517,54.0,-0.021212282076224963,0.06492161319714071,-0.020442829961483895,0.062366675684031515,0.021713312225856807,0.1286036213205707
493,-428.8814616877872,3709.096178212622,54.0,-0.021212282076224963,0.17502614129880725,-0.020442829961483895,0.16733807483230295,0.021713312225856807,0.13843072484113716
494,-452.08297454444494,3697.423498379207,54.0,-0.021212282076224963,0.06258040274705591,-0.020442829961483895,0.06517240545830283,0.021713312225856807,0.13134578288602236
495,-434.7429570153381,3690.4541749506434,54.0,-0.021212282076224963,0.09143961381251763,-0.020442829961483895,0.09252913249462458,0.021713312225856807,0.1328911986782894
496,-415.8200064632521,3689.100170895516,54.0,-0.021212282076224963,0.14705797489446218,-0.020442829961483895,0.1453066848685667,0.021713312225856807,0.13487054717557093
497,-481.8116660349994,3658.097650487473,54.0,-0.021212282076224963,0.05474596901820392,-0.020442829961483895,0.05596821732787581,0.021713312225856807,0.144100071557188
498,-437.4564705482827,3656.797051854789,54.0,-0.021212282076224963,0.03909135805661503,-0.020442829961483895,0.03937153264245822,0.021713312225856807,0.12904229348588675
499,-450.5410575375657,3640.030741604634,54.0,-0.021212282076224963,0.03186530898379011,-0.020442829961483895,0.030992589368501015,0.021713312225856807,0.13955719292952914
500,-463.3957004431066,3657.5357537243694,54.0,-0.021212282076224963,0.005391161244598819,-0.020442829961483895,0.012732165309831482,0.021713312225856807,0.13496892655752366
501,-455.237107941275,3675.012391017058,54.0,-0.021212282076224963,-0.029113497920124805,-0.020442829961483895,-0.02983673880223711,0.021713312225856807,0.13044984826765238
502,-477.5301049296806,3698.6923434687433,54.0,-0.021212282076224963,-0.014241164016372487,-0.020442829961483895,-0.019304108811574065,0.021713312225856807,0.13540165021024061
503,377.93510059593416,3904.1107934632814,54.0,-0.021212282076224963,-0.07744175724016103,-0.020442829961483895,-0.08121957334435498,0.021713312225856807,0.13567028108894164
504,374.4537251326261,3889.892677250085,54.0,-0.021212282076224963,-0.1132724550148605,-0.020442829961483895,-0.1133476782063875,0.021713312225856807,0.14539246346803048
505,367.3905705640541,3924.417227622252,54.0,-0.021212282076224963,-0.0021204544165442326,-0.020442829961483895,-0.007145594810279914,0.021713312225856807,0.1582357505577084
506,332.8834058794852,3942.859446384328,54.0,-0.021212282076224963,-0.08137508626020518,-0.020442829961483895,-0.0788885137542144,0.021713312225856807,0.11187077486682746
507,330.5428326799933,3946.044034599065,54.0,-0.021212282076224963,-0.06966671437691033,-0.020442829961483895,-0.06846549747815533,0.021713312225856807,0.10875190298773767
508,322.3749110256175,3921.0794967894303,54.0,-0.021212282076224963,-0.002923081746478961,-0.020442829961483895,-0.004900655016050173,0.021713312225856807,0.13194914898835314
509,329.7498578052424,3915.277424063791,54.0,-0.021212282076224963,-0.07851059552707611,-0.020442829961483895,-0.0751492003174814,0.021713312225856807,0.13729963671573003
510,337.993275290487,3925.832516910632,54.0,-0.021212282076224963,-0.09322729756530203,-0.020442829961483895,-0.09500965145680015,0.021713312225856807,0.1342283600075975
511,-124.42297810413304,3730.045518548472,54.0,-0.021212282076224963,0.038543357460054065,-0.020442829961483895,0.035939543862336276,0.021713312225856807,0.14122048847840438
512,-136.7121078328898,3704.366146835558,54.0,-0.021212282076224963,0.2050221144600009,-0.020442829961483895,0.20262518376708832,0.021713312225856807,0.14271388353078168
513,-205.2490753627829,3731.957027743968,54.0,-0.021212282076224963,0.01085420367271703,-0.020442829961483895,0.011652225965397948,0.021713312225856807,0.14185853526274067
514,-209.44442407532304,3763.734670847895,54.0,-0.021212282076224963,0.06523915745283008,-0.020442829961483895,0.06059472875341947,0.021713312225856807,0.13205478064298898
515,-227.38656380507663,3742.529007510596,54.0,-0.021212282076224963,0.06234723995064942,-0.020442829961483895,0.05631326088107627,0.021713312225856807,0.13309787809584012
516,-217.924998653439,3721.48468016429,54.0,-0.021212282076224963,-0.08186187093740678,-0.020442829961483895,-0.07887068288581722,0.021713312225856807,0.14453695382778844
517,-254.5992470950275,3724.926488861847,54.0,-0.021212282076224963,0.079835621899895,-0.020442829961483895,0.07360826380415222,0.021713312225856807,0.13733353711165758
518,-248.90370498422487,3701.920243170104,54.0,-0.021212282076224963,-0.08689002415470336,-0.020442829961483895,-0.08290933431447697,0.021713312225856807,0.1367307499094122
519,-252.87591756006307,3650.634095306921,54.0,-0.021212282076224963,-0.08471005502937409,-0.020442829961483895,-0.08173607582234346,0.021713312225856807,0.1645811925266088
520,-173.77161208253168,3762.098398234272,54.0,-0.021212282076224963,0.08926274563953165,-0.020442829961483895,0.08863064112278055,0.021713312225856807,0.14088980102145615
521,-139.37097608890187,3732.660382688684,54.0,-0.021212282076224963,-0.06337139769657107,-0.020442829961483895,-0.06053822137181185,0.021713312225856807,0.1477350531091634
522,-208.37184709731315,3756.058669231986,54.0,-0.021212282076224963,0.06343214475338592,-0.020442829961483895,0.06468487287019606,0.021713312225856807,0.13497177836955426
523,-229.31829350277152,3750.8465259771865,54.0,-0.021212282076224963,0.07194099260510745,-0.020442829961483895,0.07444850080714371,0.021713312225856807,0.13371570502031843
524,-252.1369190391436,3688.5883507247336,54.0,-0.021212282076224963,-0.1370961188332219,-0.020442829961483895,-0.12557397495654304,0.021713312225856807,0.14638047208732596
525,-137.46750195522293,3704.002702190223,54.0,-0.021212282076224963,0.20403557426492028,-0.020442829961483895,0.19965247074548867,0.021713312225856807,0.14202051328153484
526,749.6258147719974,4813.866766971807,54.0,-0.021212282076224963,-0.12925662156365259,-0.020442829961483895,-0.12802453950578924,0.021713312225856807,0.14583838163257362
527,754.0871127859037,4778.231806502538,54.0,-0.021212282076224963,0.06822240507296305,-0.020442829961483895,0.0728820283444335,0.021713312225856807,0.13689461260024535
528,793.8634908705559,4809.942599619332,54.0,-0.021212282076224963,-0.06436640220341386,-0.020442829961483895,-0.0714777697006167,0.021713312225856807,0.13444944504080392
529,798.953726250781,4791.147655548635,54.0,-0.021212282076224963,-0.0005756868550065529,-0.020442829961483895,0.001376109707983853,0.021713312225856807,0.1439199022452283
530,762.4951895083617,4794.278313914385,54.0,-0.021212282076224963,-0.09292768396555491,-0.020442829961483895,-0.09345044242664684,0.021713312225856807,0.13402797466107874
531,778.4628514624378,4790.9547947373485,54.0,-0.021212282076224963,-0.0847801574607864,-0.020442829961483895,-0.0868946721553405,0.021713312225856807,0.12878708755283869
532,770.6225100795091,4781.28239237213,54.0,-0.021212282076224963,0.002323573621454557,-0.020442829961483895,0.0032604748381337943,0.021713312225856807,0.1343117210906673
533,735.2450903228461,4782.681279368702,54.0,-0.021212282076224963,-0.02779606137844086,-0.020442829961483895,-0.02811950993150148,0.021713312225856807,0.12382375547789373
534,743.2937606324407,4763.537481917472,54.0,-0.021212282076224963,0.1076241196226059,-0.020442829961483895,0.11061254145987928,0.021713312225856807,0.13798121179909031
535,834.4356224973513,4792.191077471864,54.0,-0.021212282076224963,0.016135362800023877,-0.020442829961483895,0.0175545468251179,0.021713312225856807,0.1335527613752573
536,-33.590986472347865,3971.2525348924646,54.0,-0.021212282076224963,-0.09557360245906513,-0.020442829961483895,-0.09340253675169224,0.021713312225856807,0.1388187542545091
537,-16.824029787276814,3963.134227295509,54.0,-0.021212282076224963,-0.14873992215594825,-0.020442829961483895,-0.14629717186239982,0.021713312225856807,0.13300881730210323
538,-9.289119488028984,3940.320299022696,54.0,-0.021212282076224963,-0.08528076269305448,-0.020442829961483895,-0.08733455188652164,0.021713312225856807,0.13118111392790252
539,19.125675470905552,3919.7887611732062,54.0,-0.021212282076224963,-0.0692604159549667,-0.020442829961483895,-0.07124950464229171,0.021713312225856807,0.13767279326908155
540,-9.962046074219687,3916.4328558182974,54.0,-0.021212282076224963,-0.08086466056045537,-0.020442829961483895,-0.08468978514709277,0.021713312225856807,0.1288630547790556
541,-0.9972580126813264,3905.066613170967,54.0,-0.021212282076224963,-0.007527201684826951,-0.020442829961483895,-0.005939295567834831,0.021713312225856807,0.13328270914855245
542,24.09847480128595,3908.844200854287,54.0,-0.021212282076224963,-0.04747883794672436,-0.020442829961483895,-0.05045499955214462,0.021713312225856807,0.13658474345006402
543,26.96307308495755,3884.908015639917,54.0,-0.021212282076224963,-0.05896309213791618,-0.020442829961483895,-0.06150559277500615,0.021713312225856807,0.1394658813915052
544,41.55820239686442,3859.3360482487697,54.0,-0.021212282076224963,0.009162713020203262,-0.020442829961483895,0.007907695776006592,0.021713312225856807,0.1301810533365364
545,-33.030051360718204,3947.101925740972,54.0,-0.021212282076224963,-0.16790639499121032,-0.020442829961483895,-0.16706616216102782,0.021713312225856807,0.13651891800038274
546,-20.440069871896064,3967.068915194426,54.0,-0.021212282076224963,-0.16692969102853936,-0.020442829961483895,-0.1619510595623428,0.021713312225856807,0.13725494999778293
547,-33.601502441691814,3923.5780514405496,54.0,-0.021212282076224963,-0.12391822750282076,-0.020442829961483895,-0.11983602167650695,0.021713312225856807,0.1434861940354141
548,4.130621068015404,3916.458977597719,54.0,-0.021212282076224963,-0.053725316367238596,-0.020442829961483895,-0.05798410159717566,0.021713312225856807,0.1359868000541777
549,-40.82216668190109,3965.090048211267,54.0,-0.021212282076224963,-0.12927162972767617,-0.020442829961483895,-0.13819345736751654,0.021713312225856807,0.13953344567826917
550,-3.2682886956830624,3892.179388681665,54.0,-0.021212282076224963,0.07149055311728471,-0.020442829961483895,0.0673174500485052,0.021713312225856807,0.14051270963820506
551,90.0285824981926,3885.374004932618,54.0,-0.021212282076224963,-0.027451990574773332,-0.020442829961483895,-0.02999670671824258,0.021713312225856807,0.1282139339606583
552,83.86670580001751,3866.630653839721,54.0,-0.021212282076224963,-0.03186624044836916,-0.020442829961483895,-0.039168687070169,0.021713312225856807,0.13004206872778498
553,52.79801574862894,3858.169085806702,54.0,-0.021212282076224963,-0.0013005379895537053,-0.020442829961483895,-0.001603161079092544,0.021713312225856807,0.13021335718535515
554,72.4423782875265,3843.4141825954302,54.0,-0.021212282076224963,-0.1318945762313458,-0.020442829961483895,-0.13076179696902196,0.021713312225856807,0.13594701525356934
555,51.330164428461806,3842.748038309236,54.0,-0.021212282076224963,-0.12352212689158434,-0.020442829961483895,-0.12185159561628976,0.021713312225856807,0.1292508226794288
556,71.0063011612224,3819.538010924277,54.0,-0.021212282076224963,-0.1665963720018216,-0.020442829961483895,-0.16345354145935187,0.021713312225856807,0.13054202565443151
557,53.97552747189277,3779.7778986115927,54.0,-0.021212282076224963,-0.09850232774360256,-0.020442829961483895,-0.10096337368825722,0.021713312225856807,0.13802344782761014
558,29.84882850616204,3760.0903002068953,54.0,-0.021212282076224963,-0.18185145443316028,-0.020442829961483895,-0.17896711101830387,0.021713312225856807,0.13462997994514478
559,70.84382095259998,3812.213793609557,54.0,-0.021212282076224963,-0.1825422006383979,-0.020442829961483895,-0.18023622596580555,0.021713312225856807,0.12430044212305703
560,85.15373079383198,3880.811543855472,54.0,-0.021212282076224963,-0.05386408793925634,-0.020442829961483895,-0.05209042420873578,0.021713312225856807,0.12613366892343975
561,68.21929053265893,3857.2635974168033,54.0,-0.021212282076224963,-0.09441515944303663,-0.020442829961483895,-0.08928902655320572,0.021713312225856807,0.13561615074136507
562,74.94999357907247,3832.562273689816,54.0,-0.021212282076224963,-0.1474728040302372,-0.020442829961483895,-0.147860434876472,0.021713312225856807,0.12784424140429973
563,93.9798506618169,3810.153790083169,54.0,-0.021212282076224963,-0.04792051761358624,-0.020442829961483895,-0.04855528237347812,0.021713312225856807,0.14622064106734417
564,53.99348219513684,3779.765921014686,54.0,-0.021212282076224963,-0.09864602729750947,-0.020442829961483895,-0.09976041323179588,0.021713312225856807,0.1377151249960374
565,70.31493711953587,3811.7486463338,54.0,-0.021212282076224963,-0.18295898410254044,-0.020442829961483895,-0.17725441119806984,0.021713312225856807,0.12347615915424645
566,115.16205876560493,3798.270755871877,54.0,-0.021212282076224963,0.13277794168395599,-0.020442829961483895,0.12997258460203967,0.021713312225856807,0.15338281062460596
567,87.2451405287995,3831.494039957056,54.0,-0.021212282076224963,-0.01695226814604433,-0.020442829961483895,-0.019162889328638258,0.021713312225856807,0.13994582163611716
568,36.476303073102144,3747.298457980633,54.0,-0.021212282076224963,-0.12867376216146137,-0.020442829961483895,-0.13173002213963397,0.021713312225856807,0.13895205074256975
569,81.42211507964093,3862.904094352834,54.0,-0.021212282076224963,-0.05526478656457674,-0.020442829961483895,-0.05707133482862892,0.021713312225856807,0.13249969843555928
570,549.2870939563649,4305.9995539661,54.0,-0.021212282076224963,-0.022433736226604876,-0.020442829961483895,-0.019953786684576355,0.021713312225856807,0.13152905495364067
571,544.4098499221095,4286.51728713991,54.0,-0.021212282076224963,-0.05835666059935823,-0.020442829961483895,-0.06195943750549823,0.021713312225856807,0.134040132041522
572,526.9955380856456,4287.393509187453,54.0,-0.021212282076224963,-0.02269031689192657,-0.020442829961483895,-0.023013001921262818,0.021713312225856807,0.12659626721571646
573,502.3554500387008,4287.081754576032,54.0,-0.021212282076224963,0.0031713775616115446,-0.020442829961483895,0.0020524727790794135,0.021713312225856807,0.13828091503535797
574,521.860148154005,4271.043596927122,54.0,-0.021212282076224963,0.01095916276249998,-0.020442829961483895,0.008209316813943204,0.021713312225856807,0.12878351647873634
575,490.1742733047821,4255.374110181812,54.0,-0.021212282076224963,0.0823351703576595,-0.020442829961483895,0.07953120414299074,0.021713312225856807,0.13807424278534924
576,544.1009429454423,4239.798803024585,54.0,-0.021212282076224963,0.01160374498573995,-0.020442829961483895,0.016855746669084314,0.021713312225856807,0.1530484622540793
577,493.8152420653565,4235.364592782937,54.0,-0.021212282076224963,0.10385704702094219,-0.020442829961483895,0.10719896983801479,0.021713312225856807,0.13480466549680492
578,468.1538607220498,4241.128223716155,54.0,-0.021212282076224963,0.20970592165497204,-0.020442829961483895,0.2116416980926259,0.021713312225856807,0.13506429998249855
579,499.7287176848287,4232.444068380425,54.0,-0.021212282076224963,0.05849817588399967,-0.020442829961483895,0.05894342113960814,0.021713312225856807,0.13405546426781884
580,469.7454521096344,4301.154322219481,54.0,-0.021212282076224963,-0.14530384420374254,-0.020442829961483895,-0.1394394974924022,0.021713312225856807,0.13898074036960856
581,555.2813891908964,4308.169914388606,54.0,-0.021212282076224963,-0.050688721865870486,-0.020442829961483895,-0.049738884035132394,0.021713312225856807,0.132106419434398
582,528.2616691728058,4293.079481721901,54.0,-0.021212282076224963,0.009402680018156195,-0.020442829961483895,0.012649355352302265,0.021713312225856807,0.12124856664562482
583,480.8723494206272,4270.11559654706,54.0,-0.021212282076224963,-0.010920922026365939,-0.020442829961483895,-0.01543724473526512,0.021713312225856807,0.1442607177003828
584,506.1832779263153,4271.360107928358,54.0,-0.021212282076224963,-0.06617663049942181,-0.020442829961483895,-0.06706751356590307,0.021713312225856807,0.13833691920226157
585,486.333478002448,4218.397487853233,54.0,-0.021212282076224963,0.05317886189088631,-0.020442829961483895,0.056340491732682144,0.021713312225856807,0.13839917004840357
586,465.122364122729,4206.899148776987,54.0,-0.021212282076224963,0.18366818902116971,-0.020442829961483895,0.1833418848487512,0.021713312225856807,0.13704732332539726
587,490.5454553088719,4199.285433819725,54.0,-0.021212282076224963,0.08997300651028273,-0.020442829961483895,0.09397659038059092,0.021713312225856807,0.14467687703435228
588,529.8239150277818,4263.102067604929,54.0,-0.021212282076224963,0.017739652868641896,-0.020442829961483895,0.01374363461068042,0.021713312225856807,0.13883450690716923
589,538.5355942881802,4277.098759825456,54.0,-0.021212282076224963,-0.0411287094946484,-0.020442829961483895,-0.03805953502082961,0.021713312225856807,0.13392186092120123
590,-410.1123796079147,3660.414914445813,54.0,-0.021212282076224963,0.17906573174982718,-0.020442829961483895,0.18557125162650978,0.021713312225856807,0.15016823046764063
591,-374.9103311708055,3656.421360427769,54.0,-0.021212282076224963,0.09852367733033116,-0.020442829961483895,0.09661339711038447,0.021713312225856807,0.14508865833533058
592,-378.4105488505552,3641.913217468345,54.0,-0.021212282076224963,0.14692578373785098,-0.020442829961483895,0.13963038596264898,0.021713312225856807,0.14257815007873767
593,-410.9857444853892,3624.9470229330495,54.0,-0.021212282076224963,0.08041584030505554,-0.020442829961483895,0.08097315717167783,0.021713312225856807,0.14400945091415543
594,-385.33208216661006,3627.100488486961,54.0,-0.021212282076224963,0.10869358115137889,-0.020442829961483895,0.10924049394136368,0.021713312225856807,0.15063135523229546
595,-390.8209967890227,3608.249021001745,54.0,-0.021212282076224963,0.07294572258370419,-0.020442829961483895,0.0771919361927468,0.021713312225856807,0.1508518150590648
596,-433.222559345482,3609.7170698355617,54.0,-0.021212282076224963,-0.03598307043999863,-0.020442829961483895,-0.03909813358630236,0.021713312225856807,0.15623091493149258
597,-408.2621432632536,3592.8912921219685,54.0,-0.021212282076224963,0.0186013275830606,-0.020442829961483895,0.02081098097713904,0.021713312225856807,0.15137365489098284
598,-441.4715424153037,3569.6343433615034,54.0,-0.021212282076224963,0.057054411908041974,-0.020442829961483895,0.056457528483346196,0.021713312225856807,0.15498832583597327
599,-427.98671344849896,3633.9501530677458,54.0,-0.021212282076224963,0.09979698029905816,-0.020442829961483895,0.09967535686732976,0.021713312225856807,0.14767495991658713
600,16.947210370460294,3854.162344069313,54.0,-0.021212282076224963,0.08044716135404303,-0.020442829961483895,0.07831804773959675,0.021713312225856807,0.13168092070873522
601,26.581794784317434,3848.416710936236,54.0,-0.021212282076224963,0.07807342520555857,-0.020442829961483895,0.07098672416430304,0.021713312225856807,0.12703842647912475
602,15.046854621301405,3832.1565750001578,54.0,-0.021212282076224963,-0.02527506928157489,-0.020442829961483895,-0.026209733372239422,0.021713312225856807,0.12675431079479604
603,11.187468754086296,3812.747884834706,54.0,-0.021212282076224963,-0.09010096820182803,-0.020442829961483895,-0.08824995248959679,0.021713312225856807,0.13265712836036161
604,35.65775954728463,3811.2184228857313,54.0,-0.021212282076224963,-0.20100352680061873,-0.020442829961483895,-0.20348887573607471,0.021713312225856807,0.12932519125177316
605,14.975934229222824,3799.243068897464,54.0,-0.021212282076224963,-0.1508108891584037,-0.020442829961483895,-0.15257259409801655,0.021713312225856807,0.1366162558755809
606,39.2002283746347,3788.436119844561,54.0,-0.021212282076224963,-0.17273618204334515,-0.020442829961483895,-0.1704539826273944,0.021713312225856807,0.1320935779517753
607,15.04579642413452,3767.694366626262,54.0,-0.021212282076224963,-0.26441944667064216,-0.020442829961483895,-0.261963978308697,0.021713312225856807,0.12860859075472827
608,5.372355331992672,3771.380109193948,54.0,-0.021212282076224963,-0.1668379680791291,-0.020442829961483895,-0.17004559747146733,0.021713312225856807,0.1326321750224788
609,24.679452052912616,3770.6789526338025,54.0,-0.021212282076224963,-0.24712293513947903,-0.020442829961483895,-0.24940729162817588,0.021713312225856807,0.1293794738475925
610,39.83749752635614,3805.9132554474304,54.0,-0.021212282076224963,-0.22866258314908544,-0.020442829961483895,-0.23293237683419243,0.021713312225856807,0.13186632974239781
611,24.679857010352134,3808.1866342615103,54.0,-0.021212282076224963,-0.18858576219950435,-0.020442829961483895,-0.1862025183298494,0.021713312225856807,0.13133382123044463
612,43.05926388611581,3820.358120360771,54.0,-0.021212282076224963,-0.18402649773108326,-0.020442829961483895,-0.18036946309177948,0.021713312225856807,0.1345001184198212
613,46.2511058172998,3844.421224149216,54.0,-0.021212282076224963,-0.11227348980106264,-0.020442829961483895,-0.10526559572689195,0.021713312225856807,0.12922865991703678
614,27.838527006137475,3838.99962359604,54.0,-0.021212282076224963,0.015620531430528205,-0.020442829961483895,0.014932180489200478,0.021713312225856807,0.1283661528849849
615,250.8258249438829,4077.09190549598,54.0,-0.021212282076224963,0.1960478139849106,-0.020442829961483895,0.20326632481040574,0.021713312225856807,0.13334178363887678
616,269.0070066875137,4069.184449779752,54.0,-0.021212282076224963,0.11250241512269897,-0.020442829961483895,0.11136320971041061,0.021713312225856807,0.1432850650570384
617,218.97355483206192,4065.9952167575098,54.0,-0.021212282076224963,-0.04393791961307752,-0.020442829961483895,-0.04244330027562235,0.021713312225856807,0.13720019774511236
618,253.3047041406585,4032.075905579567,54.0,-0.021212282076224963,0.00822692813577693,-0.020442829961483895,0.004411669330958309,0.021713312225856807,0.13761812506138266
619,210.88337358800035,4009.070829044608,54.0,-0.021212282076224963,0.05028110494074905,-0.020442829961483895,0.04471006504294846,0.021713312225856807,0.1313667909302985
620,249.40203896940795,3977.89614196583,54.0,-0.021212282076224963,-0.04333459322702588,-0.020442829961483895,-0.04672265649710247,0.021713312225856807,0.13122908818179704
621,213.75311227222025,3985.814400159764,54.0,-0.021212282076224963,-0.012412521147544153,-0.020442829961483895,-0.01388248825549706,0.021713312225856807,0.12099695678500048
622,202.69234717139835,3973.005610838789,54.0,-0.021212282076224963,-0.0985282209350184,-0.020442829961483895,-0.09741066502264085,0.021713312225856807,0.13332705683692084
623,193.13049431647704,3945.745622670177,54.0,-0.021212282076224963,0.1527742812628682,-0.020442829961483895,0.15522060410727134,0.021713312225856807,0.12078700482801508
624,231.2096817700889,3941.271980870057,54.0,-0.021212282076224963,-0.14496800706582097,-0.020442829961483895,-0.1408285866489247,0.021713312225856807,0.13877270075356485
625,213.2088148446705,3935.668148667985,54.0,-0.021212282076224963,0.14009977508586366,-0.020442829961483895,0.1388411096108252,0.021713312225856807,0.12167644020654193
626,214.159983359104,3909.3358891854223,54.0,-0.021212282076224963,0.06484800187977681,-0.020442829961483895,0.06311137232741061,0.021713312225856807,0.1280304262895338
627,203.71947329620775,3931.023396399216,54.0,-0.021212282076224963,0.21133355864675976,-0.020442829961483895,0.20437181554837242,0.021713312225856807,0.1328118418469697
628,217.78621872145484,4016.709547047492,54.0,-0.021212282076224963,-0.03525401045653119,-0.020442829961483895,-0.03491904380142842,0.021713312225856807,0.12401403171174419
629,252.93723737990092,4019.171331489568,54.0,-0.021212282076224963,-0.060491962293344734,-0.020442829961483895,-0.06428342360745631,0.021713312225856807,0.13886764079154545
630,208.42466583089583,3984.700961738825,54.0,-0.021212282076224963,0.0032170823947800446,-0.020442829961483895,0.006920574703334809,0.021713312225856807,0.12156120852124629
631,256.83766692814663,3977.954207213813,54.0,-0.021212282076224963,-0.07841612317284055,-0.020442829961483895,-0.07834631300748657,0.021713312225856807,0.13771978373083638
632,216.7424768273763,3934.5668680946055,54.0,-0.021212282076224963,0.12405243462889873,-0.020442829961483895,0.11936081760366726,0.021713312225856807,0.11855873764431721
633,193.2304932149353,3912.590394161609,54.0,-0.021212282076224963,0.03268290742483492,-0.020442829961483895,0.034915022034568144,0.021713312225856807,0.12899624623402392
634,223.3428052277796,3989.2837293720168,54.0,-0.021212282076224963,0.020887338927778113,-0.020442829961483895,0.025134616330438203,0.021713312225856807,0.13066310969638292
635,246.06942951702663,3981.67837797846,54.0,-0.021212282076224963,-0.06465764204752056,-0.020442829961483895,-0.06278046246451083,0.021713312225856807,0.1321457015303507
636,279.6006376701204,4002.5337399919367,54.0,-0.021212282076224963,-0.24904812342845753,-0.020442829961483895,-0.24493385233278475,0.021713312225856807,0.14854938730112596
637,192.79701301972855,3981.811109796079,54.0,-0.021212282076224963,0.0940826155120401,-0.020442829961483895,0.09618467038103727,0.021713312225856807,0.1312731614474565
638,282.20374954028966,3983.706942123103,54.0,-0.021212282076224963,-0.23920434508772095,-0.020442829961483895,-0.23986295800169127,0.021713312225856807,0.14403484786114254
639,203.2927786194446,3965.297674897721,54.0,-0.021212282076224963,-0.07954636739035044,-0.020442829961483895,-0.07840951956825246,0.021713312225856807,0.13311434863521418
640,222.10039796658828,3969.629559878969,54.0,-0.021212282076224963,-0.0992290207507062,-0.020442829961483895,-0.09777545065111706,0.021713312225856807,0.13828549910416374
641,236.3271697378009,3965.095470247745,54.0,-0.021212282076224963,-0.031926257026643805,-0.020442829961483895,-0.03086852384586633,0.021713312225856807,0.14077711056078893
642,192.940446962362,3945.496639258913,54.0,-0.021212282076224963,0.15455421344524234,-0.020442829961483895,0.1570542723452198,0.021713312225856807,0.12067428132182734
643,217.36962251063744,3945.754127331859,54.0,-0.021212282076224963,-0.01035753266846666,-0.020442829961483895,-0.009130153885074162,0.021713312225856807,0.1261994982624432
644,220.543097825573,3910.490639159292,54.0,-0.021212282076224963,0.03541254919170044,-0.020442829961483895,0.038013392407149,0.021713312225856807,0.12662924151060073
645,244.3927331677535,4039.453609614884,54.0,-0.021212282076224963,-0.05196066975653846,-0.020442829961483895,-0.051547713416423016,0.021713312225856807,0.1393279372449294
646,235.85174675780948,4052.0064504657407,54.0,-0.021212282076224963,-0.07223824120327747,-0.020442829961483895,-0.07005674423057982,0.021713312225856807,0.13635339463474913
647,240.6308949961324,4066.355460037511,54.0,-0.021212282076224963,0.1427612241210512,-0.020442829961483895,0.14008472986663767,0.021713312225856807,0.133016255293472
648,272.0036303115525,4087.9698110724366,54.0,-0.021212282076224963,0.21443204818848524,-0.020442829961483895,0.21680427396350999,0.021713312225856807,0.13762903380924674
649,201.40797252687383,3996.1355278762608,54.0,-0.021212282076224963,0.05321294224562725,-0.020442829961483895,0.04949895626455467,0.021713312225856807,0.13441200966524497
650,224.482998151289,4001.4216244713134,54.0,-0.021212282076224963,0.02306249328030989,-0.020442829961483895,0.019938292540490232,0.021713312225856807,0.1338469440777939
651,229.5458883605087,4016.746868363543,54.0,-0.021212282076224963,-0.08377646477230494,-0.020442829961483895,-0.08623660263732935,0.021713312225856807,0.1346580871236884
652,227.90513404909052,4039.235656730924,54.0,-0.021212282076224963,-0.17089542932618149,-0.020442829961483895,-0.17346921383553182,0.021713312225856807,0.13711316668543058
653,215.30007276246957,4047.741048059149,54.0,-0.021212282076224963,-0.18174588840340394,-0.020442829961483895,-0.1786503925288161,0.021713312225856807,0.13990443524916069
654,214.7494271220868,4031.061700351105,54.0,-0.021212282076224963,-0.09036537522161302,-0.020442829961483895,-0.08935746100708958,0.021713312225856807,0.13536168142191854
655,275.30803990511106,4023.5491126828542,54.0,-0.021212282076224963,-0.03537823085309843,-0.020442829961483895,-0.03450307236814601,0.021713312225856807,0.13382733010823544
656,228.23403405678565,3926.946867381492,54.0,-0.021212282076224963,0.03067763016744322,-0.020442829961483895,0.02654128386286602,0.021713312225856807,0.13129313728213912
657,-499.9773429811749,3678.532005153513,54.0,-0.021212282076224963,0.050268390790403766,-0.020442829961483895,0.051148442033457454,0.021713312225856807,0.14500197571307594
658,-517.2496129298322,3660.238901566688,54.0,-0.021212282076224963,0.17791822750271316,-0.020442829961483895,0.17316607977423848,0.021713312225856807,0.159057854441382
659,-580.6716768976491,3734.978595164169,54.0,-0.021212282076224963,-0.02410382559972458,-0.020442829961483895,-0.026525248960018736,0.021713312225856807,0.14800106332624172
660,-546.4989859266002,3721.4900233429794,54.0,-0.021212282076224963,-0.08097571266478594,-0.020442829961483895,-0.07914177332077602,0.021713312225856807,0.14497116515888578
661,-549.267120039264,3702.54178010288,54.0,-0.021212282076224963,-0.052853820810122534,-0.020442829961483895,-0.057274086453868334,0.021713312225856807,0.14571869469474089
662,-517.9434171149317,3694.1396214923566,54.0,-0.021212282076224963,-0.011520487404410192,-0.020442829961483895,-0.012346512944705363,0.021713312225856807,0.1444353493062954
663,275.46093069714203,4237.600593298557,54.0,-0.021212282076224963,0.13159404731049124,-0.020442829961483895,0.13232333996133916,0.021713312225856807,0.15892908311897833
664,260.54382607193054,4189.386828262381,54.0,-0.021212282076224963,-0.1447961484166488,-0.020442829961483895,-0.14094230768233323,0.021713312225856807,0.16356115427823076
665,365.73068580729074,4172.10123667665,54.0,-0.021212282076224963,0.051128880428439875,-0.020442829961483895,0.042900423891222395,0.021713312225856807,0.13567533790237069
666,303.0397540729384,4168.450548701593,54.0,-0.021212282076224963,-0.156104818188844,-0.020442829961483895,-0.15269732531846342,0.021713312225856807,0.1516330891169918
667,306.09515397216705,4130.874580079874,54.0,-0.021212282076224963,0.11359181524746703,-0.020442829961483895,0.10951872617643463,0.021713312225856807,0.13819613473455833
668,302.82165996923425,4119.504667691163,54.0,-0.021212282076224963,0.15493859976314361,-0.020442829961483895,0.14898462909611088,0.021713312225856807,0.12774886573680566
669,291.1882646910309,4099.078724905353,54.0,-0.021212282076224963,0.2688740114511569,-0.020442829961483895,0.26789041579949857,0.021713312225856807,0.1428377374405661
670,272.934747988071,4111.997012157693,54.0,-0.021212282076224963,0.2813953630621997,-0.020442829961483895,0.28473116721890396,0.021713312225856807,0.14069657816875655
671,255.4251274347216,4100.936453308112,54.0,-0.021212282076224963,0.26768799424826545,-0.020442829961483895,0.26720531184312035,0.021713312225856807,0.131851955183656
672,220.87595282766387,4102.083892846976,54.0,-0.021212282076224963,0.019895484764219283,-0.020442829961483895,0.02530231029553085,0.021713312225856807,0.13629552145502088
673,373.0536264372821,4237.867458294468,54.0,-0.021212282076224963,-0.021250446561098705,-0.020442829961483895,-0.019277852189357632,0.021713312225856807,0.14528818279835576
674,362.3064081282481,4221.704404093187,54.0,-0.021212282076224963,-0.08640791106566019,-0.020442829961483895,-0.08852869663356078,0.021713312225856807,0.14465909823211753
675,372.2868734763583,4221.386114156595,54.0,-0.021212282076224963,-0.08190290518391155,-0.020442829961483895,-0.08052290170144344,0.021713312225856807,0.14656613412227534
676,348.8282222887337,4204.538514488947,54.0,-0.021212282076224963,-0.07965388619604159,-0.020442829961483895,-0.07544043589354744,0.021713312225856807,0.15274444244557706
677,329.5351738167448,4169.038905630156,54.0,-0.021212282076224963,-0.060909694489941844,-0.020442829961483895,-0.057519919297894614,0.021713312225856807,0.14480333783579746
678,346.62414930987774,4170.158415182179,54.0,-0.021212282076224963,-0.10191932060653511,-0.020442829961483895,-0.10140090422437584,0.021713312225856807,0.14211226274480185
679,364.6091053140706,4170.399258321844,54.0,-0.021212282076224963,0.03582040839563065,-0.020442829961483895,0.031607757953147755,0.021713312225856807,0.13419050922370027
680,334.60250706622514,4156.27046823521,54.0,-0.021212282076224963,-0.08937253514614268,-0.020442829961483895,-0.08968895117753924,0.021713312225856807,0.14372365422484662
681,355.5439209369716,4156.456968582675,54.0,-0.021212282076224963,-0.07737683249659358,-0.020442829961483895,-0.0836870802175951,0.021713312225856807,0.1336463350876552
682,299.7110510601282,4116.425155454023,54.0,-0.021212282076224963,0.16052230690264313,-0.020442829961483895,0.16060506971022756,0.021713312225856807,0.1269659733744276
683,320.9729984334359,4121.618338208264,54.0,-0.021212282076224963,0.006935420575708133,-0.020442829961483895,0.008910567078998819,0.021713312225856807,0.14616137648762792
684,268.5028234668558,4104.077574133915,54.0,-0.021212282076224963,0.310391499587298,-0.020442829961483895,0.310894854119659,0.021713312225856807,0.13235751566283888
685,308.95176142546023,4100.390848526726,54.0,-0.021212282076224963,0.08969277888685842,-0.020442829961483895,0.08917592880895683,0.021713312225856807,0.1332498318325927
686,321.7264183919306,4102.665007325553,54.0,-0.021212282076224963,-0.015864861682755662,-0.020442829961483895,-0.014169364544191414,0.021713312225856807,0.13535122712261136
687,219.27949383018264,4092.615330391432,54.0,-0.021212282076224963,0.009299326391354034,-0.020442829961483895,0.01171872313634112,0.021713312225856807,0.1330347741727843
688,241.15223999434448,4082.933807469713,54.0,-0.021212282076224963,0.11848665544320112,-0.020442829961483895,0.11502046138776602,0.021713312225856807,0.13339167989634046
689,255.9426322707364,4092.0033524375262,54.0,-0.021212282076224963,0.2750224650846555,-0.020442829961483895,0.27088681425293315,0.021713312225856807,0.13041891337988143
690,302.40939418690647,4076.239930161057,54.0,-0.021212282076224963,0.07480740474673073,-0.020442829961483895,0.0670918027777897,0.021713312225856807,0.14818969000576557
691,823.8432151226995,4855.87050783927,54.0,-0.021212282076224963,-0.21182878055320528,-0.020442829961483895,-0.21248248898464034,0.021713312225856807,0.13783150105484776
692,819.3628651065428,4843.652568747224,54.0,-0.021212282076224963,-0.13870191875301832,-0.020442829961483895,-0.13767332818983458,0.021713312225856807,0.13254975347282502
693,820.4132859790924,4829.631034390841,54.0,-0.021212282076224963,-0.03836799454857393,-0.020442829961483895,-0.03798581737247994,0.021713312225856807,0.12639761367698427
694,833.8506821285372,4813.25043740029,54.0,-0.021212282076224963,0.03493755655496809,-0.020442829961483895,0.039858390727816106,0.021713312225856807,0.14855346450900878
695,807.9486503849818,4811.149543201454,54.0,-0.021212282076224963,-0.037371040518986605,-0.020442829961483895,-0.03950657885652836,0.021713312225856807,0.14052569441992507
696,-373.43476264910015,3766.461917060813,54.0,-0.021212282076224963,0.20734026044784332,-0.020442829961483895,0.20498512761501286,0.021713312225856807,0.14595024906342044
697,-404.9594998600836,3757.059047829879,54.0,-0.021212282076224963,0.20162431820797394,-0.020442829961483895,0.20055891529630598,0.021713312225856807,0.1318495442580724
698,-388.4341386667703,3754.2694742453887,54.0,-0.021212282076224963,0.22075791770209052,-0.020442829961483895,0.2163712175577968,0.021713312225856807,0.1340789818289819
699,-361.1239523797188,3752.790302079386,54.0,-0.021212282076224963,0.1767489068449036,-0.020442829961483895,0.17050012702524658,0.021713312225856807,0.1503774281715054
700,-420.5155790009941,3745.761874945407,54.0,-0.021212282076224963,0.14693228614407547,-0.020442829961483895,0.14793177613223957,0.021713312225856807,0.13623848901241065
701,-402.0863261984077,3740.578611177712,54.0,-0.021212282076224963,0.2263187617851718,-0.020442829961483895,0.22599167726007954,0.021713312225856807,0.1352494688481407
702,-374.17678074725006,3737.152975783385,54.0,-0.021212282076224963,0.12707513242734023,-0.020442829961483895,0.12368803006266946,0.021713312225856807,0.14316505246539615
703,-350.91326110736713,3715.884060741088,54.0,-0.021212282076224963,-0.025318481125094272,-0.020442829961483895,-0.02313113385200815,0.021713312225856807,0.14770225447011093
704,-400.3198472799375,3700.1520817218016,54.0,-0.021212282076224963,0.17192329363017197,-0.020442829961483895,0.17460700437265708,0.021713312225856807,0.12997429196492088
705,-379.6065561208264,3698.954138824738,54.0,-0.021212282076224963,0.36064689601721506,-0.020442829961483895,0.35766110319185246,0.021713312225856807,0.14490012091993457
706,-354.7620074744374,3695.953997662773,54.0,-0.021212282076224963,0.08898655696901946,-0.020442829961483895,0.08890943235868365,0.021713312225856807,0.14758264803133248
707,-399.0727213039516,3689.444607369494,54.0,-0.021212282076224963,0.18558916144192414,-0.020442829961483895,0.18551287389367044,0.021713312225856807,0.13449143656937276
708,-375.6216397006036,3674.460164358082,54.0,-0.021212282076224963,0.10670202787777154,-0.020442829961483895,0.11344917736474354,0.021713312225856807,0.14489104985940598
709,-351.1479509122784,3665.503242462116,54.0,-0.021212282076224963,0.10060425740271342,-0.020442829961483895,0.10452378415680566,0.021713312225856807,0.1505393171235699
710,-389.7627570705973,3743.2169933727887,54.0,-0.021212282076224963,0.2102594989808722,-0.020442829961483895,0.20962425144045244,0.021713312225856807,0.1349500475973189
711,-366.9323951215805,3742.866649151627,54.0,-0.021212282076224963,0.09903400437633758,-0.020442829961483895,0.10126635175726793,0.021713312225856807,0.14315529652171527
712,-402.1052308230248,3707.5373006073055,54.0,-0.021212282076224963,0.14213098298514035,-0.020442829961483895,0.14572181794807165,0.021713312225856807,0.13360362456137073
713,-380.9661528592131,3689.457435245816,54.0,-0.021212282076224963,0.2341654383168848,-0.020442829961483895,0.23259618409577099,0.021713312225856807,0.1257044295451147
714,-413.19707339021727,3725.878044612585,54.0,-0.021212282076224963,0.1584505517656068,-0.020442829961483895,0.15757482652326915,0.021713312225856807,0.14081904414875707
715,-162.52306238605374,3916.201907568545,54.0,-0.021212282076224963,-0.033046353407161826,-0.020442829961483895,-0.03454459526960788,0.021713312225856807,0.12765754824631168
716,-133.3415231743852,3915.05509414729,54.0,-0.021212282076224963,-0.085294200137244,-0.020442829961483895,-0.08538672094632152,0.021713312225856807,0.13385818407246242
717,-107.03856041422884,3912.688158453438,54.0,-0.021212282076224963,-0.20522597088493832,-0.020442829961483895,-0.20525008791311547,0.021713312225856807,0.12326193432655733
718,-185.24762128328757,3894.1527541873807,54.0,-0.021212282076224963,-0.08379370429993771,-0.020442829961483895,-0.08018722423298558,0.021713312225856807,0.13153820568469268
719,-163.77609401928575,3898.3612294938825,54.0,-0.021212282076224963,-0.06700200992942171,-0.020442829961483895,-0.06723227893547085,0.021713312225856807,0.130084847334721
720,-138.31483592452412,3903.081532209318,54.0,-0.021212282076224963,-0.08974166992978894,-0.020442829961483895,-0.08977177161491563,0.021713312225856807,0.12576216474605248
721,-176.60911080190527,3873.689646947577,54.0,-0.021212282076224963,-0.19728774649301972,-0.020442829961483895,-0.1896320245674324,0.021713312225856807,0.13174547841920892
722,-149.1571348158001,3881.691152823052,54.0,-0.021212282076224963,-0.1233077834307282,-0.020442829961483895,-0.12024087514872478,0.021713312225856807,0.13062284980554398
723,-131.5000538528961,3885.757679077044,54.0,-0.021212282076224963,-0.1548601002967667,-0.020442829961483895,-0.1525542213456899,0.021713312225856807,0.1320725853989968
724,-124.00630206861427,3866.008859174929,54.0,-0.021212282076224963,-0.010042414594676452,-0.020442829961483895,-0.011480928393178953,0.021713312225856807,0.14055277171769326
725,-188.24213287120952,3844.223822198344,54.0,-0.021212282076224963,-0.029781174815811506,-0.020442829961483895,-0.030988499959644228,0.021713312225856807,0.1366271141959908
726,-163.18022440468428,3835.315907696576,54.0,-0.021212282076224963,-0.05840213562361612,-0.020442829961483895,-0.05441517020254501,0.021713312225856807,0.14161116490116954
727,-143.89632797920137,3927.044930804073,54.0,-0.021212282076224963,-0.07155570540219366,-0.020442829961483895,-0.06890039422774245,0.021713312225856807,0.12885783646879007
728,-153.2235956101634,3841.402841089208,54.0,-0.021212282076224963,0.022086656213174963,-0.020442829961483895,0.025477507161038387,0.021713312225856807,0.13596673756578465
729,-134.8166939717991,3867.276296113637,54.0,-0.021212282076224963,-0.04215963140061759,-0.020442829961483895,-0.04194619998366529,0.021713312225856807,0.14570345144744273
730,-160.39702155560826,3872.236696721719,54.0,-0.021212282076224963,-0.150542767307262,-0.020442829961483895,-0.15077430262215788,0.021713312225856807,0.12858803941930025
731,-170.93912756686086,3857.865301629393,54.0,-0.021212282076224963,-0.11997412971690355,-0.020442829961483895,-0.12239781838947132,0.021713312225856807,0.13820527766993143
732,-153.8352027724087,3881.8353385911855,54.0,-0.021212282076224963,-0.1162381113147201,-0.020442829961483895,-0.11976796925299335,0.021713312225856807,0.12616797339493577
733,-185.1723244532143,3862.5721872323993,54.0,-0.021212282076224963,-0.156370439298906,-0.020442829961483895,-0.15237940520730023,0.021713312225856807,0.13533117282580365
734,-201.39282667417103,3905.61281133974,54.0,-0.021212282076224963,-0.017483023518368505,-0.020442829961483895,-0.01434437796741506,0.021713312225856807,0.13079682638887555
735,-194.47015295781316,3889.527551350435,54.0,-0.021212282076224963,-0.11992602323273069,-0.020442829961483895,-0.11808173262345652,0.021713312225856807,0.13251515360796373
736,-167.4205538799331,3917.759500104368,54.0,-0.021212282076224963,-0.0038514774410969813,-0.020442829961483895,0.0017612182868710275,0.021713312225856807,0.12767796761890698
737,-143.8062093783999,3927.407261262322,54.0,-0.021212282076224963,-0.0707019179293403,-0.020442829961483895,-0.06660679632234787,0.021713312225856807,0.12832505033742375
738,-128.11374621265907,3902.904347709693,54.0,-0.021212282076224963,-0.0921944906376709,-0.020442829961483895,-0.08309391710879813,0.021713312225856807,0.12579422746914654
739,-109.38043299124205,3904.605524472531,54.0,-0.021212282076224963,-0.16919991334219747,-0.020442829961483895,-0.1682862158310736,0.021713312225856807,0.12424678432558244
740,-116.24285178055337,3863.5742101856567,54.0,-0.021212282076224963,0.03315793550100168,-0.020442829961483895,0.034243137011199465,0.021713312225856807,0.1427102558649359
741,-174.55729592021984,3890.937438124017,54.0,-0.021212282076224963,-0.1070415543856166,-0.020442829961483895,-0.10774523235902975,0.021713312225856807,0.12902974608637652
742,1.9277845768490225,3823.908729256164,54.0,-0.021212282076224963,-0.07574003229182535,-0.020442829961483895,-0.07608195680634122,0.021713312225856807,0.13120007916827425
743,-25.74162000676105,3821.09926387676,54.0,-0.021212282076224963,-0.06472066552518178,-0.020442829961483895,-0.06493747481479654,0.021713312225856807,0.13740688747122096
744,-14.341553360039486,3849.999377693335,54.0,-0.021212282076224963,-0.025475490877685577,-0.020442829961483895,-0.023198399584051746,0.021713312225856807,0.13849046667470905
745,9.734006700963306,3833.316219177283,54.0,-0.021212282076224963,-0.020436551221069233,-0.020442829961483895,-0.02110502864844334,0.021713312225856807,0.12730567990877462
746,15.208905088541387,3859.554982036448,54.0,-0.021212282076224963,0.049106698233630855,-0.020442829961483895,0.04787909666903817,0.021713312225856807,0.1354146108998647
747,451.7226557817759,4605.272919197221,54.0,-0.021212282076224963,0.033371923020057356,-0.020442829961483895,0.03228380882654018,0.021713312225856807,0.13703110051564002
748,469.53695878019,4631.78824899171,54.0,-0.021212282076224963,-0.0797739031669998,-0.020442829961483895,-0.08309797885938752,0.021713312225856807,0.15151447999965076
749,-506.2854616274147,3745.149439059346,54.0,-0.021212282076224963,-0.01724360556873591,-0.020442829961483895,-0.020069594126233957,0.021713312225856807,0.13097922676921964
750,-534.606119933744,3763.415805899948,54.0,-0.021212282076224963,-0.010762882924631357,-0.020442829961483895,-0.011728118149713555,0.021713312225856807,0.14861191229664697
751,-538.2739372748354,3736.42271139639,54.0,-0.021212282076224963,0.0081362701877284,-0.020442829961483895,0.008200371424663499,0.021713312225856807,0.145042496197242
752,-503.4668716314065,3749.0075009138736,54.0,-0.021212282076224963,-0.003706279693490026,-0.020442829961483895,-0.0026255627686501757,0.021713312225856807,0.12681148572101794
753,-487.9031031712161,3742.382310792889,54.0,-0.021212282076224963,-7.54419287644363e-05,-0.020442829961483895,-0.001946776977384965,0.021713312225856807,0.13128542402285706
754,-518.1847377928273,3724.680691386569,54.0,-0.021212282076224963,0.07117865264988278,-0.020442829961483895,0.07000544072280353,0.021713312225856807,0.14508493210469994
755,469.3720137135748,4786.880795494608,54.0,-0.021212282076224963,0.16028296216286264,-0.020442829961483895,0.16590572164573,0.021713312225856807,0.1391634082308032
756,459.4190816211761,4766.787538002149,54.0,-0.021212282076224963,0.03220580571222757,-0.020442829961483895,0.028448800388835044,0.021713312225856807,0.14921089709407365
757,457.7529359859426,4742.166364246548,54.0,-0.021212282076224963,-0.02791702183083757,-0.020442829961483895,-0.03165398433820392,0.021713312225856807,0.1513568254305087
758,430.9369550640612,4736.696942853924,54.0,-0.021212282076224963,-0.11894727867593884,-0.020442829961483895,-0.11828401363396687,0.021713312225856807,0.15581400974617424
759,64.11247040924663,3872.825368185757,54.0,-0.021212282076224963,-0.03335174136458311,-0.020442829961483895,-0.031884490559509066,0.021713312225856807,0.13033086546393244
760,77.65905487220303,3909.3501493595386,54.0,-0.021212282076224963,-0.052402687278715054,-0.020442829961483895,-0.05411108084236477,0.021713312225856807,0.1385360899264289
761,32.823125034109225,3912.664070630043,54.0,-0.021212282076224963,-0.00702536807927388,-0.020442829961483895,-0.00912791539235925,0.021713312225856807,0.1372757189892149
762,45.6171520763773,3868.016782251201,54.0,-0.021212282076224963,0.054102507747178036,-0.020442829961483895,0.05509831799647534,0.021713312225856807,0.13440058894815737
763,67.19752621553442,3879.29954399636,54.0,-0.021212282076224963,-0.09335224906066314,-0.020442829961483895,-0.09706376769798043,0.021713312225856807,0.13624496608478412
764,329.4081606104876,3998.689087059467,54.0,-0.021212282076224963,-0.2654106071030544,-0.020442829961483895,-0.26684875141388253,0.021713312225856807,0.11998258967345311
765,343.5160136838465,3991.578570639738,54.0,-0.021212282076224963,-0.23451758145677096,-0.020442829961483895,-0.23089117124259054,0.021713312225856807,0.12308481219982158
766,326.1144591510769,3985.159052073012,54.0,-0.021212282076224963,-0.13327568271391135,-0.020442829961483895,-0.13445177107784168,0.021713312225856807,0.12132553602977927
767,355.0956935944724,3991.135378270276,54.0,-0.021212282076224963,-0.08758325087571069,-0.020442829961483895,-0.08896612837751747,0.021713312225856807,0.13355236741358115
768,348.40911047628657,3967.513791775754,54.0,-0.021212282076224963,-0.07057734889433796,-0.020442829961483895,-0.0740443596516803,0.021713312225856807,0.12721253179130187
769,361.37558788138097,3962.4633601457217,54.0,-0.021212282076224963,-0.02158204998190269,-0.020442829961483895,-0.021090462748202296,0.021713312225856807,0.14837337839064865
770,301.7826715226189,3985.67443842124,54.0,-0.021212282076224963,-0.25851270028524564,-0.020442829961483895,-0.25618818405821775,0.021713312225856807,0.13506875089986115
771,324.6121656230089,4002.446351914743,54.0,-0.021212282076224963,-0.22881863249229292,-0.020442829961483895,-0.22371295284495296,0.021713312225856807,0.12820686121555747
772,346.0410833035202,3997.847804836481,54.0,-0.021212282076224963,-0.23029371448981512,-0.020442829961483895,-0.22733037740238216,0.021713312225856807,0.12725700809682106
773,332.9339408519666,3975.749452511216,54.0,-0.021212282076224963,-0.1726007275055681,-0.020442829961483895,-0.17230270090746713,0.021713312225856807,0.12435149035489491
774,317.01123892056614,3988.895486735146,54.0,-0.021212282076224963,-0.17360863923685663,-0.020442829961483895,-0.17598097964362394,0.021713312225856807,0.12710108724581076
775,328.8394826947961,3993.550836550456,54.0,-0.021212282076224963,-0.21453927685750765,-0.020442829961483895,-0.21557333027636344,0.021713312225856807,0.11762862476638279
776,339.4763602589023,3985.015682510838,54.0,-0.021212282076224963,-0.2351962589190514,-0.020442829961483895,-0.22997402437794884,0.021713312225856807,0.1257196668960965
777,344.03861217691355,3970.208576259624,54.0,-0.021212282076224963,-0.11208991252633375,-0.020442829961483895,-0.11406634823802048,0.021713312225856807,0.12493635998310029
778,-211.31902072657357,3961.00505155232,54.0,-0.021212282076224963,0.1194549272830331,-0.020442829961483895,0.12076591672716315,0.021713312225856807,0.13837812454041734
779,-220.7280618722674,3921.70947526317,54.0,-0.021212282076224963,0.11957454585692706,-0.020442829961483895,0.12044660950245997,0.021713312225856807,0.12803325254014733
780,-237.32088222167792,3935.218089324849,54.0,-0.021212282076224963,0.17332149558523172,-0.020442829961483895,0.17113289494431322,0.021713312225856807,0.12474950359201706
781,-274.9589686987792,3927.862775208853,54.0,-0.021212282076224963,0.16980791080076213,-0.020442829961483895,0.16661968616439365,0.021713312225856807,0.14337349332596472
782,-267.48173061784684,3914.497260456359,54.0,-0.021212282076224963,0.003628093512729455,-0.020442829961483895,-0.0019564534592689375,0.021713312225856807,0.13336842820374514
783,-275.1961394385367,3889.546582295512,54.0,-0.021212282076224963,-0.100310047684758,-0.020442829961483895,-0.09665583995438055,0.021713312225856807,0.12578878901307816
784,-301.9075316337328,3909.6895609842554,54.0,-0.021212282076224963,-0.02994796829047083,-0.020442829961483895,-0.031034836333447995,0.021713312225856807,0.13370412002611232
785,-316.3799621335906,3897.040788971913,54.0,-0.021212282076224963,0.044604830020381445,-0.020442829961483895,0.04768412854732536,0.021713312225856807,0.13957210093145309
786,-325.43376241113504,3862.4680735279408,54.0,-0.021212282076224963,0.10556370768069413,-0.020442829961483895,0.10673414128494953,0.021713312225856807,0.12297154840848111
787,-334.9041792227584,3838.7410632234864,54.0,-0.021212282076224963,0.24844592254960465,-0.020442829961483895,0.24644363082785092,0.021713312225856807,0.13073825477946094
788,-339.9484861477804,3874.699950437256,54.0,-0.021212282076224963,0.20184642523405902,-0.020442829961483895,0.19786390651685543,0.021713312225856807,0.13498587878335536
789,-348.5218148107753,3852.772908442407,54.0,-0.021212282076224963,0.24142057454780505,-0.020442829961483895,0.2403707941105978,0.021713312225856807,0.13497981141359716
790,-212.01572236275788,3941.715268979583,54.0,-0.021212282076224963,0.186496930726877,-0.020442829961483895,0.18309651769848886,0.021713312225856807,0.1289237436484721
791,-246.002423575228,3925.582992152925,54.0,-0.021212282076224963,0.03195626699461512,-0.020442829961483895,0.03183043776467645,0.021713312225856807,0.125841015925513
792,-222.33366666999925,4024.177170602505,54.0,-0.021212282076224963,-0.18168206697486772,-0.020442829961483895,-0.18320544554815668,0.021713312225856807,0.15961833780152937
793,-198.95663681156643,4033.374445441812,54.0,-0.021212282076224963,-0.13179777359845998,-0.020442829961483895,-0.12930119601196433,0.021713312225856807,0.14950363731066021
794,-186.97901038579923,4043.687913582171,54.0,-0.021212282076224963,-0.1781680579849509,-0.020442829961483895,-0.17883060653581762,0.021713312225856807,0.15405905274883047
795,-204.4101306880948,3933.491052087412,54.0,-0.021212282076224963,0.18956386910012568,-0.020442829961483895,0.18709368908413215,0.021713312225856807,0.12757893003929724
796,-221.0025600671725,3926.6580830205703,54.0,-0.021212282076224963,0.20649148193101186,-0.020442829961483895,0.20397709062246688,0.021713312225856807,0.1323283515639283
797,-254.16694977190264,3929.4688952512015,54.0,-0.021212282076224963,0.07145997624957226,-0.020442829961483895,0.0679056373774112,0.021713312225856807,0.13300702082246002
798,-272.92072447444207,3916.205604383721,54.0,-0.021212282076224963,0.03371670588101454,-0.020442829961483895,0.033544506388344546,0.021713312225856807,0.13342399311413006
799,-265.0502416392309,3890.639245876809,54.0,-0.021212282076224963,-0.1024339110269978,-0.020442829961483895,-0.10407733913785042,0.021713312225856807,0.13279046897660027
800,-305.0054529490755,3895.678747236552,54.0,-0.021212282076224963,0.009577673319359704,-0.020442829961483895,0.007614629561519209,0.021713312225856807,0.1283884079740942
801,-321.8097667276481,3875.861948073805,54.0,-0.021212282076224963,0.08777575923159667,-0.020442829961483895,0.08781096977356763,0.021713312225856807,0.12673985959549297
802,-285.02350266437804,3893.5060598089713,54.0,-0.021212282076224963,-0.08660714826031884,-0.020442829961483895,-0.08667061982122065,0.021713312225856807,0.12875223460699156
803,-325.60180416002567,3862.5617444854206,54.0,-0.021212282076224963,0.10563924651139485,-0.020442829961483895,0.10728490844117664,0.021713312225856807,0.12319129208491986
804,-198.48172235255237,3962.303825509364,54.0,-0.021212282076224963,0.1907670506677292,-0.020442829961483895,0.18961122367272748,0.021713312225856807,0.14233449074296345
805,-245.12942589735192,3951.303957723816,54.0,-0.021212282076224963,0.12016770295691853,-0.020442829961483895,0.12012474112841554,0.021713312225856807,0.1403603088154681
806,-242.5354076593333,3921.677539000169,54.0,-0.021212282076224963,0.0315697378759791,-0.020442829961483895,0.03914981245960582,0.021713312225856807,0.12635043275057992
807,-294.2191221519013,3908.731258999061,54.0,-0.021212282076224963,-0.055586229076292876,-0.020442829961483895,-0.055048705547186716,0.021713312225856807,0.1311206555292246
808,-338.47089415442724,3843.274304183631,54.0,-0.021212282076224963,0.23380810573418132,-0.020442829961483895,0.23232813350160444,0.021713312225856807,0.12938492536369883
809,-224.04897310096092,3960.4650681106295,54.0,-0.021212282076224963,0.06916798292132623,-0.020442829961483895,0.07048547148246959,0.021713312225856807,0.14104742428421707
810,-236.9623812718686,3941.249035298143,54.0,-0.021212282076224963,0.17180839927351396,-0.020442829961483895,0.16895056321295343,0.021713312225856807,0.12936293723456885
811,572.9048472765722,4786.747663651523,54.0,-0.021212282076224963,-0.04168429915160282,-0.020442829961483895,-0.04116058638054283,0.021713312225856807,0.14612785850361346
812,573.470920004366,4818.2752828395405,54.0,-0.021212282076224963,-0.12671651956527577,-0.020442829961483895,-0.12154263875709946,0.021713312225856807,0.15994361434462645
813,565.6577383414963,4767.648796143017,54.0,-0.021212282076224963,0.1018881128846579,-0.020442829961483895,0.10518014010031881,0.021713312225856807,0.13744237784723348
814,325.04419856673445,3890.523033053691,54.0,-0.021212282076224963,-0.027368458176648253,-0.020442829961483895,-0.02727047850681738,0.021713312225856807,0.1405224588688215
815,326.8205357700357,3870.82711033228,54.0,-0.021212282076224963,0.15583204118578686,-0.020442829961483895,0.14898913523857027,0.021713312225856807,0.12577175360293374
816,322.07013414792897,3854.3413164341778,54.0,-0.021212282076224963,0.16536897975844075,-0.020442829961483895,0.16798779833854421,0.021713312225856807,0.13286843003702195
817,300.148444319119,3836.049470583129,54.0,-0.021212282076224963,0.07710434519735103,-0.020442829961483895,0.07637363067478592,0.021713312225856807,0.1341192237251186
818,298.4736831184446,3865.427505089792,54.0,-0.021212282076224963,0.05440284613973892,-0.020442829961483895,0.0565987114424471,0.021713312225856807,0.1373864264589023
819,312.55779460009745,3872.429480945586,54.0,-0.021212282076224963,0.12079917979214592,-0.020442829961483895,0.12117429671556058,0.021713312225856807,0.12140523216564005
820,309.97405298229904,3896.896670356153,54.0,-0.021212282076224963,0.08749001725076233,-0.020442829961483895,0.08936323147949171,0.021713312225856807,0.13740410927103103
821,281.68860591242515,3899.277797409469,54.0,-0.021212282076224963,0.13583653149942151,-0.020442829961483895,0.136023426476718,0.021713312225856807,0.13503838956214917
822,258.026281620782,3903.2885999367545,54.0,-0.021212282076224963,0.09146169877832823,-0.020442829961483895,0.09218221027152383,0.021713312225856807,0.13375024413008174
823,225.26275792109743,3851.6329722134415,54.0,-0.021212282076224963,0.05103131344048399,-0.020442829961483895,0.051264911708032955,0.021713312225856807,0.1347314522440999
824,238.67127808163656,3887.54982630175,54.0,-0.021212282076224963,0.027203189894331223,-0.020442829961483895,0.02954597630097601,0.021713312225856807,0.13784050275303172
825,216.78058276365192,3875.401286069962,54.0,-0.021212282076224963,-0.10227200072749239,-0.020442829961483895,-0.10202589159767617,0.021713312225856807,0.12535024137580913
826,194.69215329829044,3859.7518318258,54.0,-0.021212282076224963,-0.20908679343166697,-0.020442829961483895,-0.21165197382397624,0.021713312225856807,0.14044984502003943
827,184.8894463734039,3844.197419775655,54.0,-0.021212282076224963,-0.21875729901320515,-0.020442829961483895,-0.21535317058271913,0.021713312225856807,0.14302825856741974
828,216.67804085346188,3854.6589930314367,54.0,-0.021212282076224963,-0.02883040871778966,-0.020442829961483895,-0.02935924456449821,0.021713312225856807,0.12979542741884736
829,201.6426748967095,3841.084954194472,54.0,-0.021212282076224963,-0.12888670074298306,-0.020442829961483895,-0.13277215465020775,0.021713312225856807,0.13979087855159894
830,245.1738650954148,3910.692918075235,54.0,-0.021212282076224963,0.009834153597859165,-0.020442829961483895,0.00634652631826178,0.021713312225856807,0.13747194040675412
831,219.492026721324,3902.160321959544,54.0,-0.021212282076224963,-0.056726474144539824,-0.020442829961483895,-0.05699028214728359,0.021713312225856807,0.12803392459007723
832,233.00864843063775,3870.269977730515,54.0,-0.021212282076224963,-0.004850327404806645,-0.020442829961483895,-0.005992469902592447,0.021713312225856807,0.13043272550711477
833,211.7067472244628,3878.559134011484,54.0,-0.021212282076224963,-0.09604886931200315,-0.020442829961483895,-0.10027410022322708,0.021713312225856807,0.12432179638002441
834,258.4336883859368,3877.8657284365577,54.0,-0.021212282076224963,0.1231004917560747,-0.020442829961483895,0.11998506313990714,0.021713312225856807,0.13896010004527054
835,265.3096747297514,3890.540840509381,54.0,-0.021212282076224963,0.1361509077239079,-0.020442829961483895,0.14197775010677816,0.021713312225856807,0.1347936001578436
836,325.17422066430987,3868.80579167809,54.0,-0.021212282076224963,0.17199554531750225,-0.020442829961483895,0.17023151380094323,0.021713312225856807,0.12378819877991587
837,244.26666170076163,3867.105363176406,54.0,-0.021212282076224963,0.10910446359159427,-0.020442829961483895,0.10879870141967275,0.021713312225856807,0.14335800981162483
838,278.4112143194352,3898.247540754817,54.0,-0.021212282076224963,0.12839498582186049,-0.020442829961483895,0.12672712007437476,0.021713312225856807,0.13391682203531524
839,315.6588536998603,3884.383887990511,54.0,-0.021212282076224963,0.09944326619823386,-0.020442829961483895,0.09764833491878913,0.021713312225856807,0.1321991606703885
840,296.21345872966407,3852.992610644512,54.0,-0.021212282076224963,0.09665848823738876,-0.020442829961483895,0.09575297299557456,0.021713312225856807,0.1358258581719791
841,314.258204840562,3850.878766542768,54.0,-0.021212282076224963,0.11463125310206723,-0.020442829961483895,0.112785563065763,0.021713312225856807,0.13157951863787026
842,301.5535634179998,3839.126306448653,54.0,-0.021212282076224963,0.09006726180642366,-0.020442829961483895,0.09109368823816821,0.021713312225856807,0.13209225068943098
843,309.4684575390872,3872.32704628831,54.0,-0.021212282076224963,0.14283431694391607,-0.020442829961483895,0.14621833086420438,0.021713312225856807,0.12221160346280348
844,271.0794516397593,3873.021199386558,54.0,-0.021212282076224963,0.061296826886686105,-0.020442829961483895,0.06181291448506143,0.021713312225856807,0.14293763712295693
845,418.3279091794528,4088.79789404924,54.0,-0.021212282076224963,0.10854756669700952,-0.020442829961483895,0.1099923294265972,0.021713312225856807,0.13757703040332278
846,393.5062405176661,4094.4322381805127,54.0,-0.021212282076224963,-0.012682070975094491,-0.020442829961483895,-0.010711630388517145,0.021713312225856807,0.1329386127653835
847,400.3313909243413,4047.66133186713,54.0,-0.021212282076224963,0.08169802686886243,-0.020442829961483895,0.08544061088718022,0.021713312225856807,0.13443903865076265
848,375.7370348868046,4027.7319162946624,54.0,-0.021212282076224963,-0.11531590214390254,-0.020442829961483895,-0.11786790187299068,0.021713312225856807,0.1437278821526642
849,426.0873277925459,4044.716857998372,54.0,-0.021212282076224963,0.20968205284284336,-0.020442829961483895,0.20721716606081947,0.021713312225856807,0.12617978416647982
850,362.17199524503343,4082.865688514489,54.0,-0.021212282076224963,-0.17994370208806731,-0.020442829961483895,-0.18228320126051445,0.021713312225856807,0.13961936955021606
851,379.32967125049646,4082.7270292645976,54.0,-0.021212282076224963,-0.01578147042856971,-0.020442829961483895,-0.023402163431265423,0.021713312225856807,0.13379414122187794
852,396.279303214471,4080.2510948158647,54.0,-0.021212282076224963,-0.020036824799479623,-0.020442829961483895,-0.01724065453146665,0.021713312225856807,0.13735608437511337
853,412.8630024415256,4079.543733428927,54.0,-0.021212282076224963,0.024207847862101766,-0.020442829961483895,0.022558612540645492,0.021713312225856807,0.13761995813908784
854,390.0869155343114,4063.230642872049,54.0,-0.021212282076224963,-0.02336434876783253,-0.020442829961483895,-0.02218975184291956,0.021713312225856807,0.1370237785359656
855,409.2580805256216,4061.619137215324,54.0,-0.021212282076224963,0.005141909488765326,-0.020442829961483895,0.0027890206173142923,0.021713312225856807,0.13405649352206786
856,426.6160858045599,4065.7017923821263,54.0,-0.021212282076224963,0.12129385603360743,-0.020442829961483895,0.11728956234492914,0.021713312225856807,0.13919718823387742
857,376.0794496043232,4045.9459437511223,54.0,-0.021212282076224963,-0.07707361617456916,-0.020442829961483895,-0.0757355974036404,0.021713312225856807,0.13675844234532838
858,398.3143118189128,4046.608749255166,54.0,-0.021212282076224963,0.07622805909940603,-0.020442829961483895,0.07535746598282833,0.021713312225856807,0.1321070552334645
859,417.2204341967305,4045.130344334564,54.0,-0.021212282076224963,0.16532690553331877,-0.020442829961483895,0.16587528458094702,0.021713312225856807,0.12898108153869972
860,383.6118848781027,4094.0408541803,54.0,-0.021212282076224963,-0.08415446552501933,-0.020442829961483895,-0.07870350228501038,0.021713312225856807,0.12966039853765138
861,717.0231393689389,4816.317861780097,54.0,-0.021212282076224963,-0.14783766724032946,-0.020442829961483895,-0.1429253153812098,0.021713312225856807,0.130072159918894
862,734.7719603112209,4807.339234177854,54.0,-0.021212282076224963,-0.13470903869871934,-0.020442829961483895,-0.1322881999256581,0.021713312225856807,0.13652429389908796
863,697.3348802667408,4793.758636608686,54.0,-0.021212282076224963,-0.13192038271637468,-0.020442829961483895,-0.12752672841931934,0.021713312225856807,0.13391991629597802
864,655.8608069869983,4781.911311219037,54.0,-0.021212282076224963,-0.11902767498832044,-0.020442829961483895,-0.11506170767336124,0.021713312225856807,0.14585802857142174
865,712.9824267364081,4777.590250308541,54.0,-0.021212282076224963,-0.027261606070595554,-0.020442829961483895,-0.022735956675411288,0.021713312225856807,0.12456952726678727
866,668.2282066139936,4750.880796648703,54.0,-0.021212282076224963,-0.09498703056383902,-0.020442829961483895,-0.09776149059033201,0.021713312225856807,0.144737751348389
867,706.0578596628206,4742.952353167281,54.0,-0.021212282076224963,0.18336657693392822,-0.020442829961483895,0.18046175421510952,0.021713312225856807,0.14435618969013378
868,676.8632672784381,4706.037975065071,54.0,-0.021212282076224963,0.16400667108443545,-0.020442829961483895,0.1612826613871996,0.021713312225856807,0.13865425515855512
869,657.6587194445295,4799.709264851667,54.0,-0.021212282076224963,-0.15086778352370814,-0.020442829961483895,-0.1485409808195579,0.021713312225856807,0.14967582146595912
870,653.7950700859194,4748.564883259625,54.0,-0.021212282076224963,-0.09445415798736126,-0.020442829961483895,-0.097410163418374,0.021713312225856807,0.13960411187587984
871,-92.0214114912519,3766.382293386853,54.0,-0.021212282076224963,0.03536662177777546,-0.020442829961483895,0.036163013551257214,0.021713312225856807,0.13362552790927665
872,-93.85219317436987,3755.7075478339193,54.0,-0.021212282076224963,0.015401949010953682,-0.020442829961483895,0.018578467678581605,0.021713312225856807,0.13977078238335322
873,-111.90305233878944,3768.4491518679,54.0,-0.021212282076224963,0.06598002562412242,-0.020442829961483895,0.06346314219454144,0.021713312225856807,0.1372677116525084
874,-127.89461504541896,3775.704322550012,54.0,-0.021212282076224963,0.12072491642633054,-0.020442829961483895,0.12400810894878382,0.021713312225856807,0.1330909062294567
875,-130.25309186349332,3757.715778785631,54.0,-0.021212282076224963,0.045414738730194845,-0.020442829961483895,0.04706997977521908,0.021713312225856807,0.13178110648931743
876,-141.06702293120463,3788.1607482074223,54.0,-0.021212282076224963,0.2578488956489094,-0.020442829961483895,0.25542375470360545,0.021713312225856807,0.12959697347812113
877,-155.24939862132854,3770.880467030972,54.0,-0.021212282076224963,0.1326502246060788,-0.020442829961483895,0.13204657151686783,0.021713312225856807,0.13665681404522767
878,-164.4795078687612,3789.103286028052,54.0,-0.021212282076224963,0.1658426028456829,-0.020442829961483895,0.16477114769707224,0.021713312225856807,0.1403524720186352
879,-102.38986574887532,3756.266858370933,54.0,-0.021212282076224963,0.009090292170623075,-0.020442829961483895,0.00954466844625006,0.021713312225856807,0.13779748484825421
880,-138.45523360743735,3784.989842871927,54.0,-0.021212282076224963,0.2359970517217036,-0.020442829961483895,0.23264927425216864,0.021713312225856807,0.1285635218828946
881,-135.97189737011166,3769.9233764008513,54.0,-0.021212282076224963,0.07970241939567868,-0.020442829961483895,0.07879762926096587,0.021713312225856807,0.13426387746792423
882,-97.69554891479424,3779.972848397416,54.0,-0.021212282076224963,0.053726511401371656,-0.020442829961483895,0.05126136849318729,0.021713312225856807,0.13390616116768592
883,-120.2634109186522,3744.879416152507,54.0,-0.021212282076224963,-0.004653586167155172,-0.020442829961483895,-6.851282468098427e-05,0.021713312225856807,0.136299047263019
884,-156.924534585463,3784.9748286003496,54.0,-0.021212282076224963,0.22490684304615877,-0.020442829961483895,0.22664493060300867,0.021713312225856807,0.13303851791247967
885,327.9247883281511,3963.7608357246586,54.0,-0.021212282076224963,-0.21865396452927827,-0.020442829961483895,-0.21542921459461134,0.021713312225856807,0.12461175942437869
886,332.2728487453242,3955.63210174711,54.0,-0.021212282076224963,-0.1828247079821584,-0.020442829961483895,-0.18267315772868908,0.021713312225856807,0.11737484288766117
887,364.57712380559593,3776.74559736748,54.0,-0.021212282076224963,-0.008687074639336512,-0.020442829961483895,-0.013526870017003466,0.021713312225856807,0.1526235687720141
888,387.9276208759748,3665.165766546727,54.0,-0.021212282076224963,0.10658710139002844,-0.020442829961483895,0.10500286020569877,0.021713312225856807,0.15150371997287976
889,342.9721527010015,3948.745347291568,54.0,-0.021212282076224963,-0.10409712163479075,-0.020442829961483895,-0.10310812305283354,0.021713312225856807,0.12757929736966084
890,330.5930561410029,3952.47921941426,54.0,-0.021212282076224963,-0.13786449302706796,-0.020442829961483895,-0.1358360329099379,0.021713312225856807,0.10852756477824124
891,-100.4168935768999,3930.978631826396,54.0,-0.021212282076224963,-0.21506972148413755,-0.020442829961483895,-0.21491082382016408,0.021713312225856807,0.13663480914899734
892,-117.70848810354678,3932.343097354881,54.0,-0.021212282076224963,-0.13551343241447217,-0.020442829961483895,-0.13607031359942012,0.021713312225856807,0.13603719254056765
893,-151.82872063398,3944.3503644953935,54.0,-0.021212282076224963,-0.01786234792605867,-0.020442829961483895,-0.010294472105582684,0.021713312225856807,0.13931358874272318
894,-183.8079702103253,3930.364447740388,54.0,-0.021212282076224963,0.2876954522365432,-0.020442829961483895,0.2845982659470455,0.021713312225856807,0.13451070147276512
895,-200.8556110931154,3919.167762298929,54.0,-0.021212282076224963,0.1524950003434368,-0.020442829961483895,0.15619408281366104,0.021713312225856807,0.12722729804592747
896,-117.44853647594596,3923.077543792965,54.0,-0.021212282076224963,-0.14350831109295364,-0.020442829961483895,-0.14246091343339906,0.021713312225856807,0.1350459696378959
897,-193.0671079313358,3925.334640995718,54.0,-0.021212282076224963,0.20325378525509608,-0.020442829961483895,0.1984377046222527,0.021713312225856807,0.12666609646366114
898,-182.80882168342347,3938.420844118436,54.0,-0.021212282076224963,0.3139605267580222,-0.020442829961483895,0.3128390122843744,0.021713312225856807,0.13469992024058888
899,-169.22454351660818,3949.864122291554,54.0,-0.021212282076224963,0.17281199903862043,-0.020442829961483895,0.17498925453657027,0.021713312225856807,0.14282004730247536
900,199.6253137223575,4097.533562704541,54.0,-0.021212282076224963,-0.04420726461842663,-0.020442829961483895,-0.03945624028063304,0.021713312225856807,0.14563341527416443
901,180.5705992492557,4080.48024937745,54.0,-0.021212282076224963,-0.007245303343900907,-0.020442829961483895,-0.008127731629619096,0.021713312225856807,0.12672505321703278
902,190.41227169080057,4085.240191257141,54.0,-0.021212282076224963,-0.06814819097117775,-0.020442829961483895,-0.06460744483707065,0.021713312225856807,0.13663434049292933
903,133.27665841837006,4066.2926462204714,54.0,-0.021212282076224963,0.05782090443900672,-0.020442829961483895,0.05521768111910476,0.021713312225856807,0.12646357193272886
904,161.45756366945437,4064.809444564428,54.0,-0.021212282076224963,0.10849318262874974,-0.020442829961483895,0.10501426472533872,0.021713312225856807,0.12279531891023457
905,167.52959921164822,4057.890748444691,54.0,-0.021212282076224963,0.09722577864541487,-0.020442829961483895,0.09704204147451789,0.021713312225856807,0.12298841575878942
906,154.67860682326315,4055.93008952698,54.0,-0.021212282076224963,0.13384370475595403,-0.020442829961483895,0.13201737006020575,0.021713312225856807,0.11987095874337002
907,131.86898071170762,4053.9416228862974,54.0,-0.021212282076224963,0.10245466065154012,-0.020442829961483895,0.1009951644802429,0.021713312225856807,0.12634975954946265
908,176.52045162103826,4054.157155351148,54.0,-0.021212282076224963,0.05027914698252975,-0.020442829961483895,0.05069948651983755,0.021713312225856807,0.13386466960978904
909,144.58738366308845,4040.185673265095,54.0,-0.021212282076224963,0.10723394672556547,-0.020442829961483895,0.10551787944772076,0.021713312225856807,0.12239124218643718
910,137.0304050103369,4090.0427831962857,54.0,-0.021212282076224963,0.0062446326364919294,-0.020442829961483895,0.0018797528672395635,0.021713312225856807,0.1350036078815777
911,146.06286604885338,4070.4912970347327,54.0,-0.021212282076224963,0.06646028393544362,-0.020442829961483895,0.06420292971312175,0.021713312225856807,0.13305458175291726
912,184.90358304539177,4077.551448109347,54.0,-0.021212282076224963,-0.06873135602113127,-0.020442829961483895,-0.06526091584475135,0.021713312225856807,0.13390907543613131
913,138.3086584571955,4055.180570312392,54.0,-0.021212282076224963,0.11530936677330997,-0.020442829961483895,0.1132740684514275,0.021713312225856807,0.1260013377423712
914,156.30249231265788,4054.163957898228,54.0,-0.021212282076224963,0.12068901132338072,-0.020442829961483895,0.12393066093170362,0.021713312225856807,0.11786780478327293
915,144.93487867158464,4040.1157796648927,54.0,-0.021212282076224963,0.10616749578197596,-0.020442829961483895,0.10552569255672743,0.021713312225856807,0.12189823729100527
916,-14.089789104907949,3785.508897541508,54.0,-0.021212282076224963,-0.2140976642582128,-0.020442829961483895,-0.21773800158837942,0.021713312225856807,0.13150184370177614
917,-9.925235130187474,3764.08366154794,54.0,-0.021212282076224963,-0.300394701002742,-0.020442829961483895,-0.2983211660850915,0.021713312225856807,0.14061870567682822
918,16.170423993237026,3756.447032381564,54.0,-0.021212282076224963,-0.21833176351846972,-0.020442829961483895,-0.21543057320091935,0.021713312225856807,0.1305015153525479
919,-11.141473043724488,3725.886702828202,54.0,-0.021212282076224963,-0.17617624069064527,-0.020442829961483895,-0.1659926019668957,0.021713312225856807,0.13925032750228877
920,30.8317163158991,3728.685939677773,54.0,-0.021212282076224963,-0.05552776707983881,-0.020442829961483895,-0.05420793573421169,0.021713312225856807,0.14039842561341687
921,15.043445181788934,3715.8110582869726,54.0,-0.021212282076224963,-0.0911406083629362,-0.020442829961483895,-0.09555222064729069,0.021713312225856807,0.14593437527891256
922,1.0232192929827142,3799.386055081737,54.0,-0.021212282076224963,-0.17974216446551614,-0.020442829961483895,-0.17656435876065202,0.021713312225856807,0.13220215609047783
923,3.004810249261907,3742.404604751321,54.0,-0.021212282076224963,-0.2175945773322501,-0.020442829961483895,-0.21820656081060233,0.021713312225856807,0.12876859668771093
924,-34.95691718764405,3775.115165439217,54.0,-0.021212282076224963,-0.22489797654505916,-0.020442829961483895,-0.22222037019378532,0.021713312225856807,0.1438570581076793
925,-3.976707935406477,3790.887532136633,54.0,-0.021212282076224963,-0.17055452478921393,-0.020442829961483895,-0.17002915225952475,0.021713312225856807,0.12957883243487392
926,-23.639994217954985,3791.306169721887,54.0,-0.021212282076224963,-0.16634924993044456,-0.020442829961483895,-0.16542468107048525,0.021713312225856807,0.1395242286350614
927,-6.626156437287864,3726.2710578770343,54.0,-0.021212282076224963,-0.1683481981902955,-0.020442829961483895,-0.16322506759815397,0.021713312225856807,0.13912071995418468
928,23.08560742794845,3730.459636285315,54.0,-0.021212282076224963,-0.11962523226329935,-0.020442829961483895,-0.11845237708543632,0.021713312225856807,0.13168830284625688
929,-1.177771162963938,3741.453930125509,54.0,-0.021212282076224963,-0.20909910885487792,-0.020442829961483895,-0.20385979854388123,0.021713312225856807,0.13080188356911304
930,-15.66548375733837,3741.6238639024086,54.0,-0.021212282076224963,-0.1834890068922161,-0.020442829961483895,-0.18199328903481604,0.021713312225856807,0.14428399157180868
931,-11.032979497787542,3811.934593534735,54.0,-0.021212282076224963,-0.0221812947741519,-0.020442829961483895,-0.025026335369314028,0.021713312225856807,0.14040177515345567
932,-46.00446954103198,3809.903916821808,54.0,-0.021212282076224963,-0.16665118802758144,-0.020442829961483895,-0.16592415557785756,0.021713312225856807,0.14502571596768965
933,-35.47065700717375,3757.803246760093,54.0,-0.021212282076224963,-0.19110244888302974,-0.020442829961483895,-0.19369986222602248,0.021713312225856807,0.15223208056355042
934,-365.5449472651887,3844.923133756668,54.0,-0.021212282076224963,0.14927396979520874,-0.020442829961483895,0.15149965103092633,0.021713312225856807,0.13387268684076561
935,-404.3169497068079,3847.280124510167,54.0,-0.021212282076224963,-0.14559826198873715,-0.020442829961483895,-0.14141137444165555,0.021713312225856807,0.1379523521707426
936,-426.80940638540346,3840.4396818768737,54.0,-0.021212282076224963,-0.14938459236242216,-0.020442829961483895,-0.14861884268058445,0.021713312225856807,0.13762151389040678
937,-430.10570094557687,3824.844250380473,54.0,-0.021212282076224963,-0.11829735394674747,-0.020442829961483895,-0.11757534089028421,0.021713312225856807,0.12531900357297254
938,-404.2850942785308,3824.185449432093,54.0,-0.021212282076224963,-0.095784099673298,-0.020442829961483895,-0.0879474336813213,0.021713312225856807,0.128762561148588
939,-387.5803323118312,3805.307151192845,54.0,-0.021212282076224963,-0.023962197226016627,-0.020442829961483895,-0.02182728766953295,0.021713312225856807,0.13064413269221536
940,-347.06149835086603,3826.251861541413,54.0,-0.021212282076224963,0.14710317612184337,-0.020442829961483895,0.15092079714689954,0.021713312225856807,0.13222290424392816
941,-331.78244143248816,3824.7065382645146,54.0,-0.021212282076224963,0.14788061841689087,-0.020442829961483895,0.14859639773690864,0.021713312225856807,0.12599395969555885
942,-422.5455709687562,3814.5572286094944,54.0,-0.021212282076224963,0.0605900726940486,-0.020442829961483895,0.05602464832057444,0.021713312225856807,0.1262736396825848
943,-405.0491789294172,3804.950457916575,54.0,-0.021212282076224963,0.06297353385725461,-0.020442829961483895,0.06332944400146452,0.021713312225856807,0.1315864708875505
944,-375.2625317522474,3806.274998549873,54.0,-0.021212282076224963,0.06288467952049508,-0.020442829961483895,0.06735150625961124,0.021713312225856807,0.13443928234339295
945,-324.4374894603114,3809.0351637860767,54.0,-0.021212282076224963,0.26763104061468457,-0.020442829961483895,0.2675955751230261,0.021713312225856807,0.1326640611671832
946,-323.37869107917845,3794.1605352946544,54.0,-0.021212282076224963,0.2541941691309013,-0.020442829961483895,0.24900978884975383,0.021713312225856807,0.13390312662993423
947,-300.24385858311143,3785.907132981712,54.0,-0.021212282076224963,0.31868543979595176,-0.020442829961483895,0.3116912076264542,0.021713312225856807,0.16084347054385248
948,-322.7466350537741,3780.7052923180495,54.0,-0.021212282076224963,0.22256007048980958,-0.020442829961483895,0.22788371368758584,0.021713312225856807,0.13937347128435645
949,-410.71675667600334,3818.6661092592935,54.0,-0.021212282076224963,-0.051763464151777384,-0.020442829961483895,-0.04735931716208481,0.021713312225856807,0.12438236392057847
950,-318.88329414751405,3818.9288382704895,54.0,-0.021212282076224963,0.166041066041222,-0.020442829961483895,0.16762336901804997,0.021713312225856807,0.13526853249028178
951,-326.3434765158958,3801.390735089175,54.0,-0.021212282076224963,0.23628050285339436,-0.020442829961483895,0.2385296653952334,0.021713312225856807,0.13625129093060664
952,-330.9905831547808,3820.9309390757303,54.0,-0.021212282076224963,0.15883320167010523,-0.020442829961483895,0.16114509537227942,0.021713312225856807,0.12458430235918241
953,-397.3841504799605,3803.674758178313,54.0,-0.021212282076224963,-0.0019527103284547546,-0.020442829961483895,-0.004056497190790289,0.021713312225856807,0.12891379664293254
954,-419.2811331727221,3819.932467451428,54.0,-0.021212282076224963,-0.02516788753622499,-0.020442829961483895,-0.024175382528140305,0.021713312225856807,0.11970269681971255
955,-430.0306146106633,3823.248815696748,54.0,-0.021212282076224963,-0.104907004917608,-0.020442829961483895,-0.10760172815779535,0.021713312225856807,0.12497003186264175
956,-356.75431567410976,3871.390050348002,54.0,-0.021212282076224963,0.18689829175058448,-0.020442829961483895,0.18354825128826185,0.021713312225856807,0.1372409435553346
957,-361.4765283296221,3855.8723056535537,54.0,-0.021212282076224963,0.17201665181856146,-0.020442829961483895,0.17087339683721825,0.021713312225856807,0.1282724450105909
958,-359.4180979857128,3824.821999979614,54.0,-0.021212282076224963,0.09431462958888646,-0.020442829961483895,0.0895506766978025,0.021713312225856807,0.13417814618659205
959,-389.52855139742405,3828.604088282125,54.0,-0.021212282076224963,-0.05593669003011241,-0.020442829961483895,-0.05439475716118164,0.021713312225856807,0.13339073957182768
960,-405.1070033799106,3843.96989474742,54.0,-0.021212282076224963,-0.1423929801773735,-0.020442829961483895,-0.1418011294041931,0.021713312225856807,0.1360392191313964
961,-385.96925192827536,3848.54266155951,54.0,-0.021212282076224963,0.07040752438972907,-0.020442829961483895,0.06578672025370294,0.021713312225856807,0.13771894357284906
962,-349.86677463547466,3797.3692427216415,54.0,-0.021212282076224963,0.07865130393340451,-0.020442829961483895,0.08460989011146378,0.021713312225856807,0.14174529615670967
963,312.0063800751807,3962.5976151222,54.0,-0.021212282076224963,-0.12013296194733004,-0.020442829961483895,-0.11599958461587138,0.021713312225856807,0.13349463908960704
964,294.3184227939459,3953.278734719593,54.0,-0.021212282076224963,0.0563869686750643,-0.020442829961483895,0.05787834506087221,0.021713312225856807,0.13878726091052232
965,282.8565774544674,3927.6210696294247,54.0,-0.021212282076224963,0.15561853426868683,-0.020442829961483895,0.15425291514149053,0.021713312225856807,0.13341389712610618
966,257.8071990994817,3924.222274123985,54.0,-0.021212282076224963,0.04640992294628408,-0.020442829961483895,0.0454425354186673,0.021713312225856807,0.12135923334710924
967,269.84970995130976,3931.065440669821,54.0,-0.021212282076224963,0.19916690917584845,-0.020442829961483895,0.20370068100896538,0.021713312225856807,0.1306871220704114
968,265.89587639025353,3963.952669789918,54.0,-0.021212282076224963,-0.021003852195351794,-0.020442829961483895,-0.02641907149446782,0.021713312225856807,0.14087711213934156
969,257.8456175484073,3924.298953712429,54.0,-0.021212282076224963,0.04726434825444548,-0.020442829961483895,0.049758845075750104,0.021713312225856807,0.12110995551944291
970,255.9945365072104,3935.7183858934864,54.0,-0.021212282076224963,-0.006576617546099765,-0.020442829961483895,-0.0037132633979650963,0.021713312225856807,0.12788444134412918
971,316.862912508576,3944.2065035608966,54.0,-0.021212282076224963,0.05324772785179497,-0.020442829961483895,0.04976524723732263,0.021713312225856807,0.1311428886069563
972,268.7957598518551,3938.397485964539,54.0,-0.021212282076224963,0.13923223510740124,-0.020442829961483895,0.13821855058193644,0.021713312225856807,0.12855283239559623
973,265.5810654443671,3915.0122178437146,54.0,-0.021212282076224963,0.15581610042321253,-0.020442829961483895,0.15490914777062736,0.021713312225856807,0.12854822783347605
974,315.679871493891,3931.668345406915,54.0,-0.021212282076224963,-0.02319914220883143,-0.020442829961483895,-0.02104608125326013,0.021713312225856807,0.1297957978406034
975,282.8109787262265,3934.715241609255,54.0,-0.021212282076224963,0.17619905106691913,-0.020442829961483895,0.17864034924647892,0.021713312225856807,0.1340222200424766
976,438.81434760294826,4291.256191853341,54.0,-0.021212282076224963,-0.0945040020068803,-0.020442829961483895,-0.09250771919429249,0.021713312225856807,0.13062763943051164
977,377.16969184701134,4276.396603589449,54.0,-0.021212282076224963,-0.17820383859681246,-0.020442829961483895,-0.16773123705447662,0.021713312225856807,0.14862618556806623
978,427.0445354813797,4273.499297857495,54.0,-0.021212282076224963,0.026263398523523693,-0.020442829961483895,0.02231124153256209,0.021713312225856807,0.13928664484203043
979,448.2237718674139,4272.568389041,54.0,-0.021212282076224963,-0.04932850273669671,-0.020442829961483895,-0.04684783736731821,0.021713312225856807,0.13516515916613323
980,446.8191658251622,4253.768504772488,54.0,-0.021212282076224963,0.13156437614471075,-0.020442829961483895,0.13215018246209326,0.021713312225856807,0.13102807783204037
981,411.9733803257818,4249.080345490381,54.0,-0.021212282076224963,0.17983083943564743,-0.020442829961483895,0.17910055610794823,0.021713312225856807,0.12229325580946035
982,436.6238156529476,4249.314832035256,54.0,-0.021212282076224963,0.16195512293706102,-0.020442829961483895,0.16537136554456722,0.021713312225856807,0.12591206790066334
983,443.0288497265207,4234.908068774709,54.0,-0.021212282076224963,0.16345281066442216,-0.020442829961483895,0.1624149315955063,0.021713312225856807,0.13185184795838947
984,435.8106676438648,4222.73374007691,54.0,-0.021212282076224963,0.10384079252498614,-0.020442829961483895,0.10250150937497003,0.021713312225856807,0.12655725617365346
985,416.0821692336259,4218.164004700096,54.0,-0.021212282076224963,0.05002709318069573,-0.020442829961483895,0.05131375435550906,0.021713312225856807,0.13515063783727935
986,391.0018042011845,4213.433874649227,54.0,-0.021212282076224963,0.014848538324049611,-0.020442829961483895,0.016301606177072867,0.021713312225856807,0.1359446477142101
987,400.6543211977099,4197.618852742186,54.0,-0.021212282076224963,-0.012963071347588782,-0.020442829961483895,-0.00984267716869145,0.021713312225856807,0.13086141469387366
988,420.8438581890216,4195.57911254482,54.0,-0.021212282076224963,0.13928599368266933,-0.020442829961483895,0.13516814722867954,0.021713312225856807,0.1292961245677877
989,445.89422324985344,4248.614738828751,54.0,-0.021212282076224963,0.13031151301656504,-0.020442829961483895,0.12786255504912486,0.021713312225856807,0.12750702215058532
990,435.11914917042,4235.955205541315,54.0,-0.021212282076224963,0.18073747932387374,-0.020442829961483895,0.17821746622702495,0.021713312225856807,0.13370949319167658
991,425.9413030559138,4217.635551223826,54.0,-0.021212282076224963,0.032752846794157034,-0.020442829961483895,0.030247416883462788,0.021713312225856807,0.12854737247450657
992,438.4164680502774,4215.068249794143,54.0,-0.021212282076224963,-0.033170627339225274,-0.020442829961483895,-0.0318012437853088,0.021713312225856807,0.1380937006513292
993,394.7738706108567,4205.194212624403,54.0,-0.021212282076224963,-0.07190293186043152,-0.020442829961483895,-0.07205623614688725,0.021713312225856807,0.13668674925900814
994,428.2859587728415,4202.05740045784,54.0,-0.021212282076224963,0.10673601474599825,-0.020442829961483895,0.10110708759056591,0.021713312225856807,0.12936669988135518
995,414.5220180223404,4194.72156940495,54.0,-0.021212282076224963,0.058361054242815985,-0.020442829961483895,0.05939356073299852,0.021713312225856807,0.1344116373607295
996,416.2556929545757,4313.9028901392985,54.0,-0.021212282076224963,-0.17585413327551655,-0.020442829961483895,-0.1753122542439964,0.021713312225856807,0.14719152386961815
997,428.5710453250903,4289.332939439008,54.0,-0.021212282076224963,-0.09165499963636434,-0.020442829961483895,-0.09189165726579696,0.021713312225856807,0.13539027894157718
998,445.6080558911104,4284.859160068763,54.0,-0.021212282076224963,-0.08505327404604833,-0.020442829961483895,-0.08460333961776237,0.021713312225856807,0.12791142318625978
999,461.25934481415896,4285.045081675647,54.0,-0.021212282076224963,-0.11824398935037148,-0.020442829961483895,-0.11745734942451955,0.021713312225856807,0.14486450553908728
1000,413.44368953224784,4276.820130489507,54.0,-0.021212282076224963,-0.02933016381628948,-0.020442829961483895,-0.03239612212523791,0.021713312225856807,0.14167412787360215
1001,391.8808158955226,4258.73653007643,54.0,-0.021212282076224963,-0.0018519723420593547,-0.020442829961483895,-0.004259201378225212,0.021713312225856807,0.1359062037082676
1002,411.930196078557,4249.125208015304,54.0,-0.021212282076224963,0.1793810224074835,-0.020442829961483895,0.1777574629414116,0.021713312225856807,0.1224780660913287
1003,423.6141353116863,4253.411593782615,54.0,-0.021212282076224963,0.14063571178891598,-0.020442829961483895,0.1386540334235875,0.021713312225856807,0.13221804271150622
