ssn,staX,staY,zoneUTM,dc_0_mean,dc_1as_mean,dc_0_med,dc_1as_med,dc_0_unc,dc_1as_unc
1,709.3156474961163,4899.047215952385,54.0,-0.06856225267773834,-0.2136000948725217,-0.06738430553242146,-0.21170557061150602,0.03263853078307237,0.15512691511242854
2,667.6752331939205,4857.261376584086,54.0,-0.06856225267773834,-0.0897349318465996,-0.06738430553242146,-0.09260168301297335,0.03263853078307237,0.1481923956253042
3,819.8396797384605,4886.73951333974,54.0,-0.06856225267773834,-0.026923548180896054,-0.06738430553242146,-0.02749172784923945,0.03263853078307237,0.12751748947569524
4,805.6140450425772,4870.803030726163,54.0,-0.06856225267773834,0.02373559921636238,-0.06738430553242146,0.02544191367243663,0.03263853078307237,0.1423479763859225
5,735.8336122292334,4885.121782214496,54.0,-0.06856225267773834,-0.24763659714041877,-0.06738430553242146,-0.2480005048078609,0.03263853078307237,0.15113079973547283
6,756.232407030068,4867.317475790108,54.0,-0.06856225267773834,-0.1103903059549491,-0.06738430553242146,-0.10314853542965338,0.03263853078307237,0.13945067930963642
7,777.8676705895632,4861.758225558903,54.0,-0.06856225267773834,0.014297415104407593,-0.06738430553242146,0.014187128306155856,0.03263853078307237,0.14158287249084717
8,697.39154249737,4846.12742864999,54.0,-0.06856225267773834,-0.17263378432430818,-0.06738430553242146,-0.16915868638503684,0.03263853078307237,0.13028972393095933
9,756.4256578398193,4846.011984473181,54.0,-0.06856225267773834,-0.10774540455681039,-0.06738430553242146,-0.1136186983112798,0.03263853078307237,0.1367251793252127
10,702.4690973001353,4834.41795369018,54.0,-0.06856225267773834,-0.1943203624783532,-0.06738430553242146,-0.19477745642524127,0.03263853078307237,0.1309013138426442
11,128.51496790687293,3913.739001202812,54.0,-0.06856225267773834,0.047783422423335824,-0.06738430553242146,0.043236953368511355,0.03263853078307237,0.1326011458305386
12,154.50504546553583,3901.5896026139903,54.0,-0.06856225267773834,0.11541414234248566,-0.06738430553242146,0.11672216682499467,0.03263853078307237,0.1296856908097358
13,182.17667623346983,3902.5741380529994,54.0,-0.06856225267773834,0.23890669035529502,-0.06738430553242146,0.24152028704030887,0.03263853078307237,0.11779590966134194
14,166.08076979623368,3894.653559544712,54.0,-0.06856225267773834,0.17913303221126362,-0.06738430553242146,0.17868266398068566,0.03263853078307237,0.1115306448575137
15,187.83731878982752,3889.567114997888,54.0,-0.06856225267773834,0.11303057224583424,-0.06738430553242146,0.11083974279988601,0.03263853078307237,0.12703046410211588
16,143.10717359488643,3838.030342010029,54.0,-0.06856225267773834,-0.14510646935378976,-0.06738430553242146,-0.1408947101497542,0.03263853078307237,0.14049480404874906
17,139.77999744006962,3872.595402570746,54.0,-0.06856225267773834,0.2268771502844065,-0.06738430553242146,0.2230095727542738,0.03263853078307237,0.1353921266002426
18,123.08297592290974,3868.4555154718055,54.0,-0.06856225267773834,0.19930568549066482,-0.06738430553242146,0.19802589527125206,0.03263853078307237,0.14686917055929669
19,137.03362976716522,3837.5668472098328,54.0,-0.06856225267773834,-0.09226860690503495,-0.06738430553242146,-0.09132446887167593,0.03263853078307237,0.14129569973460124
20,172.65571807246388,3903.30306557218,54.0,-0.06856225267773834,0.13533562046837874,-0.06738430553242146,0.1317985494359054,0.03263853078307237,0.11792640228830646
21,161.89050717369193,3870.304886320098,54.0,-0.06856225267773834,0.1298033469197297,-0.06738430553242146,0.12596842164193733,0.03263853078307237,0.12272696728977768
22,169.18230311230798,3841.7481574939534,54.0,-0.06856225267773834,-0.18317474804704864,-0.06738430553242146,-0.18798617704345816,0.03263853078307237,0.13591404669873763
23,191.90109938987828,3878.2746935665655,54.0,-0.06856225267773834,-0.09573650253313983,-0.06738430553242146,-0.09129687200575143,0.03263853078307237,0.12562106890179447
24,141.44423435963492,3914.1041134189504,54.0,-0.06856225267773834,0.04994583719499944,-0.06738430553242146,0.052945644426783636,0.03263853078307237,0.13247890979599042
25,143.62984271407734,3856.494018898308,54.0,-0.06856225267773834,0.05007204356509741,-0.06738430553242146,0.05050834757945475,0.03263853078307237,0.13041084425357063
26,140.03220610245066,3900.631536167624,54.0,-0.06856225267773834,0.14486281241348342,-0.06738430553242146,0.1406779422157919,0.03263853078307237,0.13758016893336097
27,166.13464768580218,3894.629348195649,54.0,-0.06856225267773834,0.17945429748672415,-0.06738430553242146,0.17717561421250452,0.03263853078307237,0.11191499456169854
28,184.34237201585265,3895.6542281596544,54.0,-0.06856225267773834,0.18390587261243932,-0.06738430553242146,0.1832875156822061,0.03263853078307237,0.1174970566694286
29,201.93033620389085,3898.3572697427626,54.0,-0.06856225267773834,0.25388187032941706,-0.06738430553242146,0.25035650984188385,0.03263853078307237,0.13038326868869657
30,156.44613989927444,3875.4647167104135,54.0,-0.06856225267773834,0.18810561528738917,-0.06738430553242146,0.1881503937391187,0.03263853078307237,0.12542598739888186
31,172.2658209063685,3873.515622530464,54.0,-0.06856225267773834,0.04304261108188091,-0.06738430553242146,0.039234674077030005,0.03263853078307237,0.1259950586853492
32,179.01893925451702,3867.320308590613,54.0,-0.06856225267773834,-0.08196008766248715,-0.06738430553242146,-0.08370713384380002,0.03263853078307237,0.12450771813751094
33,128.10338903664118,3851.740618485764,54.0,-0.06856225267773834,0.05224913322628837,-0.06738430553242146,0.047838920238223476,0.03263853078307237,0.13573529126966458
34,174.16005358193937,3855.0147189033455,54.0,-0.06856225267773834,-0.18016041908173264,-0.06738430553242146,-0.1807068902355536,0.03263853078307237,0.1255350236240763
35,478.15084649167727,4464.183681943689,54.0,-0.06856225267773834,-0.1434696599782,-0.06738430553242146,-0.14251699247805044,0.03263853078307237,0.12513708245104674
36,463.0904010410905,4457.560365448071,54.0,-0.06856225267773834,-0.146110738211827,-0.06738430553242146,-0.14451311536440725,0.03263853078307237,0.12243706119826465
37,437.3541612908576,4458.895894433887,54.0,-0.06856225267773834,-0.06995361249403358,-0.06738430553242146,-0.06820618027112896,0.03263853078307237,0.13249774596998418
38,413.6573433925362,4471.4083781216295,54.0,-0.06856225267773834,-0.0927897347906532,-0.06738430553242146,-0.0915721913347595,0.03263853078307237,0.14505774644915995
39,420.6163417766562,4415.183917581038,54.0,-0.06856225267773834,-0.24820476126699517,-0.06738430553242146,-0.25082697267539666,0.03263853078307237,0.13775477619311127
40,401.3841185749654,4415.951924993758,54.0,-0.06856225267773834,-0.14993894047564005,-0.06738430553242146,-0.15426274118839237,0.03263853078307237,0.15430450812368474
41,422.8827476086131,4397.34517396153,54.0,-0.06856225267773834,-0.20039319010255488,-0.06738430553242146,-0.20045747551506027,0.03263853078307237,0.14458527984240227
42,464.0768372445594,4407.064429668476,54.0,-0.06856225267773834,-0.11979897008486401,-0.06738430553242146,-0.12010831320307355,0.03263853078307237,0.11249596669475816
43,475.8317961471988,4394.399108234459,54.0,-0.06856225267773834,-0.06651479904467371,-0.06738430553242146,-0.06441983831169953,0.03263853078307237,0.13365296494616097
44,441.7352774844472,4384.348452276274,54.0,-0.06856225267773834,-0.23448670935410984,-0.06738430553242146,-0.2372943247464464,0.03263853078307237,0.12741873609859675
45,461.8257494002237,4382.902154782314,54.0,-0.06856225267773834,-0.12336150883279555,-0.06738430553242146,-0.12389777774028723,0.03263853078307237,0.12006655934504126
46,462.3096820238882,4349.882377856321,54.0,-0.06856225267773834,-0.22447700717365482,-0.06738430553242146,-0.22868387091693498,0.03263853078307237,0.13702864399415876
47,430.0693145736199,4338.606545961896,54.0,-0.06856225267773834,-0.18716435588065528,-0.06738430553242146,-0.19151804174724116,0.03263853078307237,0.13180837754095165
48,452.48668196591865,4321.181261560588,54.0,-0.06856225267773834,-0.17351984608772755,-0.06738430553242146,-0.17349973892365045,0.03263853078307237,0.1253806128882122
49,449.044917057454,4427.372863314673,54.0,-0.06856225267773834,0.01737676777594047,-0.06738430553242146,0.01586555586970486,0.03263853078307237,0.12135916973512602
50,471.4559701946234,4402.715936092695,54.0,-0.06856225267773834,-0.10448031278772957,-0.06738430553242146,-0.10143794805233688,0.03263853078307237,0.12436695284198988
51,475.5450238588451,4333.03888591012,54.0,-0.06856225267773834,-0.05048442014344994,-0.06738430553242146,-0.050918421216719266,0.03263853078307237,0.12168899158550693
52,463.9665587999344,4407.275828022564,54.0,-0.06856225267773834,-0.1212870069338067,-0.06738430553242146,-0.12196736829861454,0.03263853078307237,0.11311924308707057
53,463.2958110311122,4390.486480472092,54.0,-0.06856225267773834,-0.08595451622778763,-0.06738430553242146,-0.08690702407208242,0.03263853078307237,0.12040130197135093
54,424.7541420823547,4341.807884221032,54.0,-0.06856225267773834,-0.2095793468452441,-0.06738430553242146,-0.2133092986817024,0.03263853078307237,0.1326213645959474
55,475.200490753821,4336.125087441123,54.0,-0.06856225267773834,-0.0077230834816567635,-0.06738430553242146,-0.006081319999721529,0.03263853078307237,0.12105443856892521
56,441.0471192053797,4324.965345583502,54.0,-0.06856225267773834,-0.22449248823768292,-0.06738430553242146,-0.2268154341160878,0.03263853078307237,0.12924384714945703
57,456.2761219480929,4314.689427575413,54.0,-0.06856225267773834,-0.23393274881822956,-0.06738430553242146,-0.23442156449275792,0.03263853078307237,0.12724319748525825
58,486.3913924564008,4478.416425086557,54.0,-0.06856225267773834,-0.14268077623421238,-0.06738430553242146,-0.1427944704326224,0.03263853078307237,0.13710932824043043
59,434.92773393180914,4463.423300941039,54.0,-0.06856225267773834,-0.050251296681758366,-0.06738430553242146,-0.05003369911114547,0.03263853078307237,0.1323327549256227
60,454.0574214945663,4458.475818282948,54.0,-0.06856225267773834,-0.13624871931024987,-0.06738430553242146,-0.13531434998864006,0.03263853078307237,0.12166933679265435
61,464.4083453145252,4461.161482502334,54.0,-0.06856225267773834,-0.17998303990002557,-0.06738430553242146,-0.17762173047764523,0.03263853078307237,0.12119408471278872
62,433.5165486821991,4418.668216363436,54.0,-0.06856225267773834,-0.12460686159055942,-0.06738430553242146,-0.12206819153117873,0.03263853078307237,0.13817722599978294
63,449.3852529635216,4425.916545048914,54.0,-0.06856225267773834,0.036411980288604255,-0.06738430553242146,0.042062335752021646,0.03263853078307237,0.12089319620694537
64,483.6599253446036,4434.678431866685,54.0,-0.06856225267773834,0.15525667649020894,-0.06738430553242146,0.15427864260327084,0.03263853078307237,0.13960297993612802
65,449.19507381456793,4393.341358041034,54.0,-0.06856225267773834,-0.1218628702958732,-0.06738430553242146,-0.12416761950808212,0.03263853078307237,0.12896871575365496
66,443.9862101028399,4377.461544255477,54.0,-0.06856225267773834,-0.19402822498604014,-0.06738430553242146,-0.1918599841706456,0.03263853078307237,0.130294251148704
67,466.6332349019849,4378.7179507745,54.0,-0.06856225267773834,-0.08512190025976851,-0.06738430553242146,-0.08337088286955385,0.03263853078307237,0.1259199467287241
68,447.1765556096275,4356.329542239,54.0,-0.06856225267773834,-0.27247434951256816,-0.06738430553242146,-0.2727667418654667,0.03263853078307237,0.1326355960767907
69,454.3164335836594,4338.138967133773,54.0,-0.06856225267773834,-0.17633867268484468,-0.06738430553242146,-0.17642098364672754,0.03263853078307237,0.1298404454810987
70,493.6928066659663,4597.231199427339,54.0,-0.06856225267773834,0.08991381791414264,-0.06738430553242146,0.08681436861331542,0.03263853078307237,0.12978907391591876
71,484.3679695761251,4575.18604113906,54.0,-0.06856225267773834,0.085178509909534,-0.06738430553242146,0.08106880189612471,0.03263853078307237,0.14207426192500497
72,532.2627220778933,4557.589222026572,54.0,-0.06856225267773834,0.27562902156917485,-0.06738430553242146,0.2769500957551738,0.03263853078307237,0.15618037349499075
73,523.7563279528324,4473.568851454813,54.0,-0.06856225267773834,0.0669222364926833,-0.06738430553242146,0.07259317365060462,0.03263853078307237,0.1290803990653084
74,468.6871050542589,4480.412063966041,54.0,-0.06856225267773834,-0.14091682751658943,-0.06738430553242146,-0.14587977100220556,0.03263853078307237,0.12142735748731384
75,409.3824134202946,4498.936102519641,54.0,-0.06856225267773834,-0.04923655938483393,-0.06738430553242146,-0.04803999181152676,0.03263853078307237,0.139674001442091
76,432.2908893266161,4514.445305024319,54.0,-0.06856225267773834,-0.13355399646254335,-0.06738430553242146,-0.13050101354516325,0.03263853078307237,0.13387445437402995
77,492.89260402339454,4537.916828260732,54.0,-0.06856225267773834,0.013672477987875556,-0.06738430553242146,0.012918892729361364,0.03263853078307237,0.14190841245821653
78,442.1326126035325,4553.206528131934,54.0,-0.06856225267773834,-0.021096754207652696,-0.06738430553242146,-0.02250593356754481,0.03263853078307237,0.140822815780126
79,493.1570022965957,4505.480440009388,54.0,-0.06856225267773834,0.014209930523092208,-0.06738430553242146,0.014031802877088217,0.03263853078307237,0.13784388631210054
80,492.7167606133789,4597.298731191927,54.0,-0.06856225267773834,0.0974739296052332,-0.06738430553242146,0.1005233686998919,0.03263853078307237,0.12870982805541012
81,499.1284447513814,4564.733863047741,54.0,-0.06856225267773834,0.009331931157473002,-0.06738430553242146,0.016005211061985266,0.03263853078307237,0.14035855526755175
82,508.7065167837801,4522.821433130314,54.0,-0.06856225267773834,0.2657131574768819,-0.06738430553242146,0.2669128224179422,0.03263853078307237,0.14498341553702102
83,531.4531433032308,4535.094421349946,54.0,-0.06856225267773834,0.0378525651440732,-0.06738430553242146,0.03556963677327925,0.03263853078307237,0.15227458154590953
84,417.5417981826776,4510.920120596271,54.0,-0.06856225267773834,-0.0893021620583835,-0.06738430553242146,-0.09387878059266505,0.03263853078307237,0.14125120085595996
85,441.93857113184015,4512.542727438793,54.0,-0.06856225267773834,-0.13012125681002942,-0.06738430553242146,-0.125925165566695,0.03263853078307237,0.13527501813628673
86,445.0125303850925,4496.766849919227,54.0,-0.06856225267773834,-0.1065521123171264,-0.06738430553242146,-0.10704389471238457,0.03263853078307237,0.13182798623235895
87,471.62633083117146,4495.418984338536,54.0,-0.06856225267773834,-0.1949404609763476,-0.06738430553242146,-0.19910036695463892,0.03263853078307237,0.13748129977777512
88,499.5768344061536,4492.134792576995,54.0,-0.06856225267773834,0.0957691153556375,-0.06738430553242146,0.09470250256025133,0.03263853078307237,0.13225563980851984
89,513.0918490821646,4492.656885412151,54.0,-0.06856225267773834,0.1468634012314901,-0.06738430553242146,0.14170184282879672,0.03263853078307237,0.1333159514605035
90,537.6705968009035,4492.163362940774,54.0,-0.06856225267773834,-0.01495647599138343,-0.06738430553242146,-0.01256331413294039,0.03263853078307237,0.1419310351101073
91,438.40901748778265,4488.9257188186375,54.0,-0.06856225267773834,-0.0667843474516592,-0.06738430553242146,-0.06494851427612502,0.03263853078307237,0.1285467464431811
92,462.4116040953599,4481.584286994828,54.0,-0.06856225267773834,-0.10430974929318192,-0.06738430553242146,-0.1049504430259584,0.03263853078307237,0.12646862376728216
93,507.8253002981468,4479.085241861512,54.0,-0.06856225267773834,0.21780090520626813,-0.06738430553242146,0.2117138690336577,0.03263853078307237,0.13251274558571338
94,528.6107835631166,4477.670618395726,54.0,-0.06856225267773834,0.04655750727622582,-0.06738430553242146,0.04869484066620086,0.03263853078307237,0.1270636970637474
95,501.2323511637488,4460.633465574921,54.0,-0.06856225267773834,0.11227765248946428,-0.06738430553242146,0.11125399933456011,0.03263853078307237,0.13092238902988956
96,438.2680378591523,3890.741886506603,54.0,-0.06856225267773834,-0.41420007420693433,-0.06738430553242146,-0.41520922702035973,0.03263853078307237,0.13232995689348484
97,399.3173244151503,3863.428141230935,54.0,-0.06856225267773834,-0.2713554220771228,-0.06738430553242146,-0.2725390466500275,0.03263853078307237,0.1497923161585088
98,483.9940430056478,3954.482440948912,54.0,-0.06856225267773834,-0.23825259164071555,-0.06738430553242146,-0.2391133834971545,0.03263853078307237,0.15178221263230698
99,405.70298123725416,3888.881550381844,54.0,-0.06856225267773834,-0.44056100751401306,-0.06738430553242146,-0.43635355523697905,0.03263853078307237,0.14141990839302762
100,439.8810999468909,3892.2504618222415,54.0,-0.06856225267773834,-0.39806726059257314,-0.06738430553242146,-0.3990073596181995,0.03263853078307237,0.1352765489993709
101,417.93323151559457,3883.194833483968,54.0,-0.06856225267773834,-0.4963203422605132,-0.06738430553242146,-0.49622302891900877,0.03263853078307237,0.14554980841184667
102,-211.8566308583572,3780.2278417033567,54.0,-0.06856225267773834,0.14375844512853686,-0.06738430553242146,0.14465824937912922,0.03263853078307237,0.1406755063762965
103,-232.50749778238068,3782.3671187936193,54.0,-0.06856225267773834,0.06345900722945795,-0.06738430553242146,0.06260973257469984,0.03263853078307237,0.125686457931673
104,-249.434903675779,3769.226507874873,54.0,-0.06856225267773834,-0.10590138061944573,-0.06738430553242146,-0.10080930090272006,0.03263853078307237,0.13307201284625142
105,-242.0482437829181,3751.134167359726,54.0,-0.06856225267773834,0.10831324053294501,-0.06738430553242146,0.10655658916731423,0.03263853078307237,0.1338966035931332
106,-266.50826610237664,3773.10118133424,54.0,-0.06856225267773834,-0.028124479061448972,-0.06738430553242146,-0.02907346483545367,0.03263853078307237,0.14265749527214583
107,-261.851117436295,3751.731866216136,54.0,-0.06856225267773834,-0.11903808620737033,-0.06738430553242146,-0.11518362882353958,0.03263853078307237,0.1287801090917271
108,-273.54552490604937,3732.368951402428,54.0,-0.06856225267773834,-0.17968970001884652,-0.06738430553242146,-0.1827217077425604,0.03263853078307237,0.12970434903254088
109,-286.40547055304944,3707.690202627389,54.0,-0.06856225267773834,-0.014938229995589919,-0.06738430553242146,-0.0051397364077619585,0.03263853078307237,0.1374818807198341
110,-327.7012512573552,3730.286516472573,54.0,-0.06856225267773834,-0.06390377321345607,-0.06738430553242146,-0.06913961270323543,0.03263853078307237,0.14983147339931302
111,-295.27916453833205,3677.430347998145,54.0,-0.06856225267773834,0.10818936078939,-0.06738430553242146,0.10520772193650871,0.03263853078307237,0.148289845961425
112,-289.54441480579004,3689.328351131421,54.0,-0.06856225267773834,0.08063894823008623,-0.06738430553242146,0.08568402967511635,0.03263853078307237,0.14298464356389942
113,-180.1634550721395,3777.199243510129,54.0,-0.06856225267773834,-0.00022328221809428433,-0.06738430553242146,0.0007174170891032989,0.03263853078307237,0.1355177139859273
114,-234.43386839926305,3779.796387654249,54.0,-0.06856225267773834,0.03591864201310944,-0.06738430553242146,0.036979929876378895,0.03263853078307237,0.12402387789912843
115,-260.50809694938306,3760.451821500796,54.0,-0.06856225267773834,-0.1248152095838853,-0.06738430553242146,-0.12236118996928748,0.03263853078307237,0.12986638570663742
116,-264.3272909714222,3718.592099740594,54.0,-0.06856225267773834,-0.20730090553470198,-0.06738430553242146,-0.2076080447699275,0.03263853078307237,0.1363073003252909
117,-267.51083232093475,3737.598467303164,54.0,-0.06856225267773834,-0.19979883832584683,-0.06738430553242146,-0.19345175819425567,0.03263853078307237,0.12232277333984021
118,-243.5468369526614,3739.808061808414,54.0,-0.06856225267773834,-0.030328250707560282,-0.06738430553242146,-0.028091419919186712,0.03263853078307237,0.13354803970628595
119,-232.63202339448617,3812.066692082,54.0,-0.06856225267773834,0.2955864316473412,-0.06738430553242146,0.2979559091993075,0.03263853078307237,0.1381109407281768
120,64.52109444086341,4019.163586406923,54.0,-0.06856225267773834,0.1697643991737154,-0.06738430553242146,0.16433853324983427,0.03263853078307237,0.145700314176465
121,50.64002016635105,3999.750500246569,54.0,-0.06856225267773834,0.1036562158984925,-0.06738430553242146,0.10400013418140272,0.03263853078307237,0.14355054563152375
122,64.39756801276334,3984.373306734942,54.0,-0.06856225267773834,0.09454777830964191,-0.06738430553242146,0.09205484755316912,0.03263853078307237,0.1357489687381066
123,65.97166449095862,3969.425317258588,54.0,-0.06856225267773834,0.06984555164620962,-0.06738430553242146,0.0705755588615184,0.03263853078307237,0.1381931296175463
124,109.02350281496352,3982.61103169607,54.0,-0.06856225267773834,0.07606787577273813,-0.06738430553242146,0.0756958117089859,0.03263853078307237,0.1291177786602235
125,82.325137979417,4004.513518976007,54.0,-0.06856225267773834,0.17111095054761602,-0.06738430553242146,0.1721874715237411,0.03263853078307237,0.13894159277914492
126,53.90910149208794,3989.530166634408,54.0,-0.06856225267773834,0.08670139811029742,-0.06738430553242146,0.08342103225995015,0.03263853078307237,0.14155454223683792
127,111.96084943887492,3986.0180498356895,54.0,-0.06856225267773834,0.06972336841983098,-0.06738430553242146,0.06490810064082042,0.03263853078307237,0.12739138448081966
128,34.82625588277541,3947.134417683412,54.0,-0.06856225267773834,-0.03441190834077828,-0.06738430553242146,-0.0370750790408572,0.03263853078307237,0.14470110428991367
129,49.8779388519763,3955.3007840830455,54.0,-0.06856225267773834,0.05141065340096132,-0.06738430553242146,0.052679212308563,0.03263853078307237,0.14124878396408413
130,-0.5652269469219027,3941.476215702092,54.0,-0.06856225267773834,-0.07311566718137111,-0.06738430553242146,-0.07124813188279872,0.03263853078307237,0.12864765114334187
131,21.2636292335316,3936.559139808564,54.0,-0.06856225267773834,-0.058661980128410555,-0.06738430553242146,-0.06205092046727265,0.03263853078307237,0.13266693014096426
132,-472.7063867237094,3794.624663755236,54.0,-0.06856225267773834,-0.06167053903728721,-0.06738430553242146,-0.06427199055969363,0.03263853078307237,0.12992298429337035
133,-454.57744224532297,3790.9468804560206,54.0,-0.06856225267773834,-0.034108746531368514,-0.06738430553242146,-0.034435771559090486,0.03263853078307237,0.13724650989176396
134,-436.2546998600079,3789.799142470708,54.0,-0.06856225267773834,-0.04279268022155327,-0.06738430553242146,-0.04533085785488558,0.03263853078307237,0.13029216168050223
135,-504.5462110094208,3766.186552768168,54.0,-0.06856225267773834,-0.14147777489904056,-0.06738430553242146,-0.13829119937535866,0.03263853078307237,0.14333080340124849
136,-443.5646973918035,3761.1490715057776,54.0,-0.06856225267773834,0.041713579908980426,-0.06738430553242146,0.04412388047570545,0.03263853078307237,0.12841453476002102
137,-475.9655548015333,3755.796978713459,54.0,-0.06856225267773834,-0.07613560049960295,-0.06738430553242146,-0.07727431550928751,0.03263853078307237,0.12964825644421296
138,-462.5032919906173,3746.350913748881,54.0,-0.06856225267773834,-0.14134125533697298,-0.06738430553242146,-0.14319355510567988,0.03263853078307237,0.134787392114142
139,-474.86736635734536,3725.243820232357,54.0,-0.06856225267773834,-0.1303878222235175,-0.06738430553242146,-0.1294904381788532,0.03263853078307237,0.13379339235752485
140,-487.9015772866081,3702.963769094903,54.0,-0.06856225267773834,-0.06192233528153732,-0.06738430553242146,-0.06116501049953989,0.03263853078307237,0.13740322408374275
141,-428.38160283911657,3794.933062201984,54.0,-0.06856225267773834,-0.05924289035380883,-0.06738430553242146,-0.05385163939611069,0.03263853078307237,0.13558502138642925
142,-472.0782964220537,3762.796794072937,54.0,-0.06856225267773834,0.03441089593893704,-0.06738430553242146,0.033931844972601134,0.03263853078307237,0.13258063503267498
143,-453.95203478698,3759.8842648612144,54.0,-0.06856225267773834,0.02497423454237264,-0.06738430553242146,0.021374286366495764,0.03263853078307237,0.12286609603293878
144,-435.0261385222271,3755.544747653654,54.0,-0.06856225267773834,0.2045244329840016,-0.06738430553242146,0.2038681574917443,0.03263853078307237,0.13456210415649272
145,-417.1161916408624,3760.9208472899154,54.0,-0.06856225267773834,0.15389996091172709,-0.06738430553242146,0.15189733154206497,0.03263853078307237,0.13673434052892824
146,-447.1102371639245,3749.537456281792,54.0,-0.06856225267773834,0.12335361484525392,-0.06738430553242146,0.12013223922047926,0.03263853078307237,0.13571100846476966
147,-469.39782637970393,3795.140930301476,54.0,-0.06856225267773834,-0.0638148025863218,-0.06738430553242146,-0.0625828076652692,0.03263853078307237,0.12807127596177215
148,-450.1291765078887,3729.97633086938,54.0,-0.06856225267773834,0.0023127791413803714,-0.06738430553242146,0.0009281644186247438,0.03263853078307237,0.1399419086976075
149,492.9214799806672,4183.062189969636,54.0,-0.06856225267773834,0.1922469177984169,-0.06738430553242146,0.18527615871038025,0.03263853078307237,0.1365194885771751
150,464.921538708197,4188.681460967267,54.0,-0.06856225267773834,0.2584147913657492,-0.06738430553242146,0.25502959935650166,0.03263853078307237,0.13432223784036196
151,476.5976490413603,4170.33335841454,54.0,-0.06856225267773834,0.3189358632007923,-0.06738430553242146,0.31543978802855277,0.03263853078307237,0.12817649456072633
152,498.6677789749425,4165.707185554278,54.0,-0.06856225267773834,0.07963031173978138,-0.06738430553242146,0.0774365906756518,0.03263853078307237,0.1461332070300419
153,478.6811791095061,4150.712583205254,54.0,-0.06856225267773834,0.25491398882055805,-0.06738430553242146,0.25509943131922475,0.03263853078307237,0.12035461403432818
154,496.7431763964692,4139.924546025713,54.0,-0.06856225267773834,0.04307659835966669,-0.06738430553242146,0.04018869642916385,0.03263853078307237,0.136624053024711
155,461.6768199290148,4143.362401904764,54.0,-0.06856225267773834,0.31663636565242914,-0.06738430553242146,0.3146741219940977,0.03263853078307237,0.12713304458812533
156,467.6333421217994,4125.7528114568895,54.0,-0.06856225267773834,0.1254849584406694,-0.06738430553242146,0.12707346875268782,0.03263853078307237,0.13291160726607493
157,500.1419238902247,4120.853453272017,54.0,-0.06856225267773834,-0.10965322483046087,-0.06738430553242146,-0.11137800319151978,0.03263853078307237,0.14191535045437637
158,491.42406278110894,4104.982822863553,54.0,-0.06856225267773834,-0.26630389642347246,-0.06738430553242146,-0.26587515105825277,0.03263853078307237,0.13815918139779496
159,448.0139883248622,4082.429338471364,54.0,-0.06856225267773834,-0.09179372600123294,-0.06738430553242146,-0.08640427892071297,0.03263853078307237,0.1301933017964184
160,444.6278396674389,4097.460747584184,54.0,-0.06856225267773834,-0.17377030519457307,-0.06738430553242146,-0.1755227587629976,0.03263853078307237,0.13500155859362004
161,450.2869634852289,4161.9176246461175,54.0,-0.06856225267773834,0.262365406113643,-0.06738430553242146,0.26522904954724486,0.03263853078307237,0.134291281258598
162,402.5205221667404,4129.574604513392,54.0,-0.06856225267773834,0.013756059328295442,-0.06738430553242146,0.016202425963777384,0.03263853078307237,0.1317207833435562
163,382.72760047919166,4103.451630849024,54.0,-0.06856225267773834,0.2537087970471889,-0.06738430553242146,0.2516115587605166,0.03263853078307237,0.13116525982233376
164,355.89235360691384,4097.862836751869,54.0,-0.06856225267773834,0.2505477247767988,-0.06738430553242146,0.24416751735285763,0.03263853078307237,0.1287288248235551
165,368.5042753278341,4146.164635417134,54.0,-0.06856225267773834,-0.14441003825647034,-0.06738430553242146,-0.14224729729146127,0.03263853078307237,0.1370541328070768
166,483.4527706543433,4132.207737141582,54.0,-0.06856225267773834,0.043824807788766566,-0.06738430553242146,0.044915402304399964,0.03263853078307237,0.12829960634798473
167,386.806017351092,4179.57604157623,54.0,-0.06856225267773834,-0.0645204193722687,-0.06738430553242146,-0.06734606885869493,0.03263853078307237,0.13733868308886032
168,401.4932788272162,4176.635388358298,54.0,-0.06856225267773834,-0.06980348948593332,-0.06738430553242146,-0.07243658013623835,0.03263853078307237,0.12933004730399242
169,389.9604697213796,4163.03171392889,54.0,-0.06856225267773834,-0.1094843900349476,-0.06738430553242146,-0.10488375069996142,0.03263853078307237,0.1378505114146831
170,394.9748241590559,4145.544797531951,54.0,-0.06856225267773834,-0.08310895515081668,-0.06738430553242146,-0.08125430581506116,0.03263853078307237,0.1324781805718057
171,400.0129569713684,4123.689989750867,54.0,-0.06856225267773834,0.05217063907438887,-0.06738430553242146,0.05535808863951542,0.03263853078307237,0.12662837049091033
172,368.6002895440568,4115.012049920167,54.0,-0.06856225267773834,0.08689195907625243,-0.06738430553242146,0.0883629880794657,0.03263853078307237,0.13624992838760644
173,355.472496002833,4097.248517477484,54.0,-0.06856225267773834,0.24873768134174484,-0.06738430553242146,0.24511813975175942,0.03263853078307237,0.12842626382540817
174,430.3589859894354,4126.467692831069,54.0,-0.06856225267773834,0.09243908103489505,-0.06738430553242146,0.1000100509761121,0.03263853078307237,0.13626093634348302
175,449.2000034266989,4134.187260300013,54.0,-0.06856225267773834,0.17805547533636146,-0.06738430553242146,0.17354929198731184,0.03263853078307237,0.13775291092733344
176,419.46889643673006,4113.184483667058,54.0,-0.06856225267773834,0.18860192746300344,-0.06738430553242146,0.19223120124224335,0.03263853078307237,0.14208473449289044
177,441.3058323016815,4117.330786645255,54.0,-0.06856225267773834,0.031256040771694076,-0.06738430553242146,0.030978587972424216,0.03263853078307237,0.13928307745608798
178,461.8757609389279,4119.020701517225,54.0,-0.06856225267773834,0.08500807787257546,-0.06738430553242146,0.07937576650144765,0.03263853078307237,0.13432068468258535
179,463.0991676542265,4094.409156956978,54.0,-0.06856225267773834,-0.06961696131407293,-0.06738430553242146,-0.06743597315241101,0.03263853078307237,0.1331886840933183
180,497.349430140396,4097.801429893575,54.0,-0.06856225267773834,-0.26632924683855336,-0.06738430553242146,-0.26532480137136427,0.03263853078307237,0.14542775493447438
181,427.0875297765728,4166.871477716365,54.0,-0.06856225267773834,-0.05763419533054379,-0.06738430553242146,-0.05357004666649294,0.03263853078307237,0.13690091025388001
182,445.0921586695306,4179.847078147817,54.0,-0.06856225267773834,0.04526142453001098,-0.06738430553242146,0.043505634981627586,0.03263853078307237,0.13713905450655742
183,464.4918658899569,4168.568037566508,54.0,-0.06856225267773834,0.23382490398528663,-0.06738430553242146,0.23741341424267448,0.03263853078307237,0.12634679723235379
184,459.1578980508352,4149.265568710596,54.0,-0.06856225267773834,0.29598457069957324,-0.06738430553242146,0.2969823404348887,0.03263853078307237,0.12724751065084322
185,475.4797026759927,4147.082451233341,54.0,-0.06856225267773834,0.2514031464419377,-0.06738430553242146,0.25040799391180674,0.03263853078307237,0.11779681165863498
186,498.85963272442586,4149.354031148768,54.0,-0.06856225267773834,0.10377902797418859,-0.06738430553242146,0.10677582733868142,0.03263853078307237,0.13473961267956794
187,350.7173577542719,4134.155684330466,54.0,-0.06856225267773834,-0.028129976209819597,-0.06738430553242146,-0.02678687413183485,0.03263853078307237,0.13659604406735099
188,131.46744279750484,4022.1752609204777,54.0,-0.06856225267773834,0.11119333045497987,-0.06738430553242146,0.11453307452059627,0.03263853078307237,0.11903572681438283
189,142.92374259500085,4021.607757539198,54.0,-0.06856225267773834,0.08998998761101588,-0.06738430553242146,0.0892153132957211,0.03263853078307237,0.12486988767451676
190,167.98837729426415,4027.149371312973,54.0,-0.06856225267773834,0.099402780292181,-0.06738430553242146,0.09986945874030997,0.03263853078307237,0.12735370817363248
191,187.05359221279923,4017.21674433976,54.0,-0.06856225267773834,0.0759959853549135,-0.06738430553242146,0.07977676162639216,0.03263853078307237,0.12104340337308536
192,162.7302657389057,4007.499501585424,54.0,-0.06856225267773834,0.08104728229716572,-0.06738430553242146,0.08257545162884608,0.03263853078307237,0.11418567335738253
193,162.64141812057804,3985.038793359939,54.0,-0.06856225267773834,0.16556992826225703,-0.06738430553242146,0.16480247054429936,0.03263853078307237,0.12681271446095466
194,160.65340157556597,3968.598112467385,54.0,-0.06856225267773834,0.18565366486068052,-0.06738430553242146,0.18712292138112294,0.03263853078307237,0.11632691449672641
195,136.56628878569435,3964.708171074401,54.0,-0.06856225267773834,0.11526375898363243,-0.06738430553242146,0.11144507274512025,0.03263853078307237,0.12416564869042014
196,91.3677403813582,3953.0176969902304,54.0,-0.06856225267773834,0.07639516551970628,-0.06738430553242146,0.08098338804041941,0.03263853078307237,0.1277825205659904
197,152.51651964535588,3953.440781658878,54.0,-0.06856225267773834,0.21166415326710647,-0.06738430553242146,0.21207185782318835,0.03263853078307237,0.11927549342191812
198,176.41135512934196,3951.860447410247,54.0,-0.06856225267773834,0.046372118506836604,-0.06738430553242146,0.04543670266003866,0.03263853078307237,0.13168755278179328
199,128.91722771380137,3941.241308419875,54.0,-0.06856225267773834,0.014903870996839425,-0.06738430553242146,0.010894178412448925,0.03263853078307237,0.1236564302611575
200,148.1263215529927,3940.12948749086,54.0,-0.06856225267773834,0.1784925271807176,-0.06738430553242146,0.1768052718741695,0.03263853078307237,0.12306082412782439
201,182.4648258664013,3932.874764215047,54.0,-0.06856225267773834,0.12725094822752142,-0.06738430553242146,0.1249580667737343,0.03263853078307237,0.10948939749159056
202,173.58386476794828,3928.838452489801,54.0,-0.06856225267773834,0.09121484961239464,-0.06738430553242146,0.09409198923728736,0.03263853078307237,0.120304409714782
203,136.87238558022665,3929.4849208670153,54.0,-0.06856225267773834,0.10986013646111076,-0.06738430553242146,0.10400952824804058,0.03263853078307237,0.11430738496622152
204,88.05299375847291,3913.886748310508,54.0,-0.06856225267773834,-0.15691346089913116,-0.06738430553242146,-0.14930646755785387,0.03263853078307237,0.12046762950288525
205,156.24135505481868,3922.6741068498113,54.0,-0.06856225267773834,0.110523003132995,-0.06738430553242146,0.11285380013401985,0.03263853078307237,0.12798446464501442
206,171.44635452375624,3912.403444300099,54.0,-0.06856225267773834,0.11063116259238649,-0.06738430553242146,0.11011715153791199,0.03263853078307237,0.1265596714035985
207,118.65252903866116,3961.4694151676936,54.0,-0.06856225267773834,0.035197730639279785,-0.06738430553242146,0.035040641068091974,0.03263853078307237,0.11088242632589204
208,114.09596867009677,3946.963824253541,54.0,-0.06856225267773834,-0.015668850141584145,-0.06738430553242146,-0.01714855874422118,0.03263853078307237,0.12414975542694694
209,102.69447175575694,3952.059237909345,54.0,-0.06856225267773834,0.0735584568539943,-0.06738430553242146,0.07316621765384033,0.03263853078307237,0.12494976751327232
210,158.3478750756896,4017.808096291382,54.0,-0.06856225267773834,0.04136203194263901,-0.06738430553242146,0.03902293973530514,0.03263853078307237,0.1238222770145209
211,135.0015657158357,3998.808026349948,54.0,-0.06856225267773834,0.14628254970803312,-0.06738430553242146,0.14984859314456683,0.03263853078307237,0.1361667562460363
212,118.44136868770892,3937.0570745757655,54.0,-0.06856225267773834,-0.0915593955521884,-0.06738430553242146,-0.09224693862319795,0.03263853078307237,0.12690802446457342
213,85.39288283212471,3928.9727849799824,54.0,-0.06856225267773834,-0.05868544827382523,-0.06738430553242146,-0.058459236080617635,0.03263853078307237,0.1357973792701111
214,135.20902570174414,3972.88068595065,54.0,-0.06856225267773834,0.11344085110700239,-0.06738430553242146,0.10842496246642874,0.03263853078307237,0.12867235947529898
215,108.83889360773516,3912.225849147117,54.0,-0.06856225267773834,-0.02845118924114652,-0.06738430553242146,-0.02888859341305887,0.03263853078307237,0.13687826768305741
216,174.48322464441975,4031.9823677236704,54.0,-0.06856225267773834,0.024972154353283267,-0.06738430553242146,0.026787333798130326,0.03263853078307237,0.12805686636713184
217,159.43739905401296,3933.477616981658,54.0,-0.06856225267773834,0.13133229634114052,-0.06738430553242146,0.13530433826077987,0.03263853078307237,0.12055723459552667
218,84.41627726602805,3949.6460271760247,54.0,-0.06856225267773834,0.10654899891044627,-0.06738430553242146,0.1021079359229257,0.03263853078307237,0.13089768552689693
219,131.47690223101853,4022.1859800698,54.0,-0.06856225267773834,0.11126990099346278,-0.06738430553242146,0.11483225901672861,0.03263853078307237,0.1189127115706435
220,187.053991585138,4017.227842472392,54.0,-0.06856225267773834,0.07630739576458676,-0.06738430553242146,0.07956205825361823,0.03263853078307237,0.1210044303093038
221,159.89027933223167,4005.408777123752,54.0,-0.06856225267773834,0.12156771610567269,-0.06738430553242146,0.12282321758366897,0.03263853078307237,0.11420104199894372
222,170.7980045065533,4000.56721463194,54.0,-0.06856225267773834,0.08681963632590509,-0.06738430553242146,0.08358294354416607,0.03263853078307237,0.12197843044781692
223,127.73251775700308,3986.4369142934142,54.0,-0.06856225267773834,0.13852226163131398,-0.06738430553242146,0.1394280859839577,0.03263853078307237,0.12724361597701186
224,152.43970563423912,3979.6112015162767,54.0,-0.06856225267773834,0.17309899755211527,-0.06738430553242146,0.16939053520680217,0.03263853078307237,0.12895235285097276
225,174.71523540000473,3992.374315235834,54.0,-0.06856225267773834,0.06564263557627176,-0.06738430553242146,0.0667400001286314,0.03263853078307237,0.12602151097174022
226,161.36958893878008,3968.148276780728,54.0,-0.06856225267773834,0.18792049367326033,-0.06738430553242146,0.19277437757857951,0.03263853078307237,0.1158258439439671
227,134.4228366966098,3954.478339318272,54.0,-0.06856225267773834,0.10042566531014416,-0.06738430553242146,0.09755263021612323,0.03263853078307237,0.12110581491648947
228,147.43696333343436,3954.1411790196416,54.0,-0.06856225267773834,0.16859629118196096,-0.06738430553242146,0.16879139653365494,0.03263853078307237,0.11830930539606861
229,118.65300674518,3961.480515731901,54.0,-0.06856225267773834,0.03517520926164046,-0.06738430553242146,0.033732157761303255,0.03263853078307237,0.11107227699222182
230,166.63803351620655,3950.276785677188,54.0,-0.06856225267773834,0.19766280861833,-0.06738430553242146,0.20104024386121022,0.03263853078307237,0.13084547167389016
231,102.08049116011732,3939.728583899344,54.0,-0.06856225267773834,0.02067433152834457,-0.06738430553242146,0.022805190149393,0.03263853078307237,0.13007914416877212
232,125.50396993450582,3926.5617673616193,54.0,-0.06856225267773834,0.010961461598903417,-0.06738430553242146,0.011078839437449424,0.03263853078307237,0.1268346442235158
233,137.28112544023642,3930.5912278669,54.0,-0.06856225267773834,0.11229381213772054,-0.06738430553242146,0.11073606785743531,0.03263853078307237,0.11432139434427174
234,179.67090940770512,3929.463131396641,54.0,-0.06856225267773834,0.12772458263687864,-0.06738430553242146,0.1272491669894833,0.03263853078307237,0.11054534426376718
235,88.2681727690951,3915.200775925912,54.0,-0.06856225267773834,-0.15426698688036797,-0.06738430553242146,-0.15097319669400797,0.03263853078307237,0.12025612256393708
236,341.5724936781372,4071.071754032602,54.0,-0.06856225267773834,0.22368452608581046,-0.06738430553242146,0.22827100240973844,0.03263853078307237,0.13445073998991972
237,284.64002970112773,4055.1089548280224,54.0,-0.06856225267773834,0.021598368773970013,-0.06738430553242146,0.020541464119752027,0.03263853078307237,0.13784248331278023
238,298.71808334848726,4042.900299437067,54.0,-0.06856225267773834,-0.028817697211322883,-0.06738430553242146,-0.024219051233923768,0.03263853078307237,0.13623656296071976
239,295.49475046157585,4024.814807490681,54.0,-0.06856225267773834,0.018567883355099898,-0.06738430553242146,0.022685078346310693,0.03263853078307237,0.1330261133381418
240,298.4942841222434,4011.6459546344126,54.0,-0.06856225267773834,0.10441838601945497,-0.06738430553242146,0.1067071354415964,0.03263853078307237,0.11699596453690211
241,313.25635416495834,3998.830416275237,54.0,-0.06856225267773834,0.07941333693004299,-0.06738430553242146,0.07961974510197381,0.03263853078307237,0.11702589128552929
242,340.1371375561863,4063.06336212007,54.0,-0.06856225267773834,0.19478983810633763,-0.06738430553242146,0.1955214937915148,0.03263853078307237,0.13379673816388066
243,278.252957276231,4041.337412517816,54.0,-0.06856225267773834,0.03234662334973406,-0.06738430553242146,0.03268457614893911,0.03263853078307237,0.1391257592087841
244,312.8233748838626,4054.8922790732095,54.0,-0.06856225267773834,-0.1671648107472489,-0.06738430553242146,-0.16249689346799628,0.03263853078307237,0.14590920142515884
245,295.92345652296734,4012.471765436985,54.0,-0.06856225267773834,0.09007688809969575,-0.06738430553242146,0.09148690923947424,0.03263853078307237,0.11916954328121557
246,313.2916641340094,4017.6982104419535,54.0,-0.06856225267773834,-0.02341666412891691,-0.06738430553242146,-0.01987412506864876,0.03263853078307237,0.12634832504375082
247,312.224459853089,4001.93805851142,54.0,-0.06856225267773834,0.08919705152284133,-0.06738430553242146,0.09647667776057584,0.03263853078307237,0.11788324768397508
248,327.306343705716,4081.3155709764615,54.0,-0.06856225267773834,0.021319832575614782,-0.06738430553242146,0.015832222836290537,0.03263853078307237,0.14050917204645158
249,349.69763252524416,4039.951949456995,54.0,-0.06856225267773834,0.1569650691670477,-0.06738430553242146,0.15213256912291806,0.03263853078307237,0.1411185487529345
250,600.7045020356894,4728.578327237054,54.0,-0.06856225267773834,-0.19095028019322127,-0.06738430553242146,-0.18974184190908971,0.03263853078307237,0.11771276656275428
251,615.0972380746283,4729.136044277722,54.0,-0.06856225267773834,-0.2312096025755738,-0.06738430553242146,-0.22787642010824102,0.03263853078307237,0.12147130712827753
252,610.9322177974102,4716.550120256336,54.0,-0.06856225267773834,-0.1663580105605116,-0.06738430553242146,-0.17190078192120312,0.03263853078307237,0.13278341380124462
253,585.2799478976351,4707.2142580438485,54.0,-0.06856225267773834,-0.01631092432218902,-0.06738430553242146,-0.012015261927907778,0.03263853078307237,0.137719396625451
254,626.7173557268542,4717.2978723062015,54.0,-0.06856225267773834,-0.22838135227437717,-0.06738430553242146,-0.22899728296404723,0.03263853078307237,0.13889478475254818
255,611.7833747678618,4689.5072732073895,54.0,-0.06856225267773834,-0.19256642845070226,-0.06738430553242146,-0.19008913217773624,0.03263853078307237,0.1410367220836743
256,658.3837731695672,4666.320521897435,54.0,-0.06856225267773834,-0.04955918277002751,-0.06738430553242146,-0.0470030605573346,0.03263853078307237,0.13665028777114624
257,614.1078240497995,4759.599537053033,54.0,-0.06856225267773834,-0.297516427033308,-0.06738430553242146,-0.29936062648573003,0.03263853078307237,0.14362988329265544
258,709.7868194729853,4851.286536622527,54.0,-0.06856225267773834,-0.19092038777278494,-0.06738430553242146,-0.19109548396538423,0.03263853078307237,0.1392809351399059
259,707.8319490604442,4838.528995008403,54.0,-0.06856225267773834,-0.21247489516062756,-0.06738430553242146,-0.2116212211751101,0.03263853078307237,0.13097706910691262
260,743.9056275573591,4843.618383029032,54.0,-0.06856225267773834,-0.15403946700422536,-0.06738430553242146,-0.15033361271638024,0.03263853078307237,0.1322739145295232
261,762.3183109776259,4879.314608845601,54.0,-0.06856225267773834,-0.08950966963664721,-0.06738430553242146,-0.08871374725206052,0.03263853078307237,0.14394662053418103
262,820.1121867911606,4887.409658363325,54.0,-0.06856225267773834,-0.02585629583191441,-0.06738430553242146,-0.024978830606843784,0.03263853078307237,0.12793032362950232
263,686.117062037542,4838.322673380027,54.0,-0.06856225267773834,-0.16328216650142288,-0.06738430553242146,-0.16424046006751736,0.03263853078307237,0.13579068705737893
264,839.9666946806605,4892.4253643392085,54.0,-0.06856225267773834,0.055617385692479406,-0.06738430553242146,0.055723719797060235,0.03263853078307237,0.1397056855315352
265,835.7138504834124,4882.651568351076,54.0,-0.06856225267773834,0.03328666663525777,-0.06738430553242146,0.028587023864187187,0.03263853078307237,0.13591869418037938
266,820.8837607778523,4830.121101450797,54.0,-0.06856225267773834,0.16758349276865342,-0.06738430553242146,0.16761150229997185,0.03263853078307237,0.11693989035711293
267,845.9654275779601,4795.464012288639,54.0,-0.06856225267773834,0.21429375998959102,-0.06738430553242146,0.21486069601082067,0.03263853078307237,0.13350934596367442
268,867.3492606095851,4792.378098334041,54.0,-0.06856225267773834,0.17867186455242573,-0.06738430553242146,0.17804133975017955,0.03263853078307237,0.14029427800653446
269,872.9571364917919,4808.047677891233,54.0,-0.06856225267773834,0.1982137865939546,-0.06738430553242146,0.19582689573813877,0.03263853078307237,0.1383611384479818
270,889.1341090380087,4812.894460811884,54.0,-0.06856225267773834,0.2639357549825378,-0.06738430553242146,0.25795248796253717,0.03263853078307237,0.1535369602109064
271,836.1977774156197,4777.614491614041,54.0,-0.06856225267773834,0.05946492863037885,-0.06738430553242146,0.061450197883446925,0.03263853078307237,0.1360074823607171
272,791.9618452812189,4800.791116098234,54.0,-0.06856225267773834,0.14993750649678628,-0.06738430553242146,0.15462308032644995,0.03263853078307237,0.1302015292578523
273,769.9822830042261,4792.05829740607,54.0,-0.06856225267773834,0.25266189851265497,-0.06738430553242146,0.25308296747039405,0.03263853078307237,0.11825530565114624
274,733.5001364322503,4748.586620355318,54.0,-0.06856225267773834,0.253230749052722,-0.06738430553242146,0.25583874551798674,0.03263853078307237,0.14772292885883506
275,735.121237879597,4781.5539469831065,54.0,-0.06856225267773834,0.044706960046011546,-0.06738430553242146,0.047798633252204355,0.03263853078307237,0.12373767558083913
276,722.2932557621302,4816.856741328317,54.0,-0.06856225267773834,-0.01808763656277531,-0.06738430553242146,-0.022137220975789317,0.03263853078307237,0.12947068959042626
277,707.3848569786213,4791.034976103771,54.0,-0.06856225267773834,0.2095156671292672,-0.06738430553242146,0.20735408215370307,0.03263853078307237,0.12848061467567226
278,712.9980031901063,4777.612970571223,54.0,-0.06856225267773834,0.20094707224736488,-0.06738430553242146,0.2007214697408013,0.03263853078307237,0.12139695091508469
279,699.7932708640618,4755.760924905943,54.0,-0.06856225267773834,0.19599907090701077,-0.06738430553242146,0.19546125968491831,0.03263853078307237,0.13782054287116027
280,686.8965221818985,4798.831092361476,54.0,-0.06856225267773834,0.1292757233096581,-0.06738430553242146,0.12681523334955502,0.03263853078307237,0.13073064568221246
281,680.6398356896284,4755.541084095308,54.0,-0.06856225267773834,0.07341460846457663,-0.06738430553242146,0.07875546485525661,0.03263853078307237,0.14162751420247408
282,698.5462369914484,4721.24792534284,54.0,-0.06856225267773834,0.17684724109006558,-0.06738430553242146,0.18329699385101095,0.03263853078307237,0.1441224708554407
283,687.2411309135879,4707.631508201332,54.0,-0.06856225267773834,0.15360725566952968,-0.06738430553242146,0.15347561945823524,0.03263853078307237,0.13903180030298817
284,690.6183360672042,4684.164100497674,54.0,-0.06856225267773834,0.2123727155791734,-0.06738430553242146,0.21821052435568078,0.03263853078307237,0.1412413253013951
285,618.2919098528059,4748.229002741738,54.0,-0.06856225267773834,-0.2964112370450891,-0.06738430553242146,-0.2911400178358402,0.03263853078307237,0.13777207351211673
286,606.2075985001995,4731.370763159866,54.0,-0.06856225267773834,-0.21697195379134607,-0.06738430553242146,-0.2123109325923286,0.03263853078307237,0.11384759910966112
287,592.7991030181048,4715.751040197805,54.0,-0.06856225267773834,-0.15045520169785645,-0.06738430553242146,-0.14637397416108372,0.03263853078307237,0.1254635547639199
288,623.3428439903965,4697.432085439533,54.0,-0.06856225267773834,-0.35662134122039396,-0.06738430553242146,-0.3495951679232713,0.03263853078307237,0.13643897185237025
289,629.0391362438163,4679.029549685565,54.0,-0.06856225267773834,-0.20508432832135512,-0.06738430553242146,-0.20282287026343532,0.03263853078307237,0.13691789820544548
290,645.9807538115654,4669.918769358841,54.0,-0.06856225267773834,-0.08446535317678064,-0.06738430553242146,-0.08630873318535803,0.03263853078307237,0.13684045003791095
291,677.9072626809317,4653.89718048063,54.0,-0.06856225267773834,-0.1732761913446083,-0.06738430553242146,-0.18027106010443988,0.03263853078307237,0.13835404139135601
292,685.7243502711287,4645.208724743927,54.0,-0.06856225267773834,-0.19096963570845607,-0.06738430553242146,-0.19129351613917478,0.03263853078307237,0.1443067466358107
293,691.3660822278478,4666.660196363947,54.0,-0.06856225267773834,-0.016255112864780808,-0.06738430553242146,-0.01415402842666924,0.03263853078307237,0.14335293908192256
294,564.4258101030795,4760.96239677223,54.0,-0.06856225267773834,0.09978630370787724,-0.06738430553242146,0.0956667440218788,0.03263853078307237,0.1317543690112194
295,592.8377865365509,4734.876730565503,54.0,-0.06856225267773834,-0.12571531469564284,-0.06738430553242146,-0.12267733768830508,0.03263853078307237,0.12285894830179822
296,567.0059918406176,4747.16037686089,54.0,-0.06856225267773834,0.162331935755946,-0.06738430553242146,0.1608203496369811,0.03263853078307237,0.12468149992837256
297,449.6577175507031,4796.927098377143,54.0,-0.06856225267773834,0.08586686442161608,-0.06738430553242146,0.0863208492211961,0.03263853078307237,0.14901629964313684
298,467.665080100585,4793.329962170085,54.0,-0.06856225267773834,0.23016228749757464,-0.06738430553242146,0.22665201740582258,0.03263853078307237,0.13637418829458006
299,482.2719153734478,4782.759217046061,54.0,-0.06856225267773834,0.18321732639259863,-0.06738430553242146,0.18100953129900532,0.03263853078307237,0.14546267573269345
300,500.20796147231687,4618.267020372979,54.0,-0.06856225267773834,0.32216110832862965,-0.06738430553242146,0.32099995134064496,0.03263853078307237,0.15283546006127438
301,452.8407182199586,4614.347532250419,54.0,-0.06856225267773834,0.016660835906425225,-0.06738430553242146,0.01625437228629978,0.03263853078307237,0.1386074736209407
302,437.13896889547215,4593.005802237853,54.0,-0.06856225267773834,0.19932162283101698,-0.06738430553242146,0.1980024827318363,0.03263853078307237,0.14215546043495836
303,425.7675979026484,4587.306801321076,54.0,-0.06856225267773834,0.08044165720939517,-0.06738430553242146,0.08144479292507409,0.03263853078307237,0.14304969493172415
304,415.821304844712,4664.678751133025,54.0,-0.06856225267773834,-0.04232800583324772,-0.06738430553242146,-0.038375922954347705,0.03263853078307237,0.152984124973868
305,447.73043194608914,4642.773796720821,54.0,-0.06856225267773834,-0.12638360842825566,-0.06738430553242146,-0.12520253912437546,0.03263853078307237,0.15849858375442732
306,416.52807431204894,4611.258260235148,54.0,-0.06856225267773834,-0.05330599224436899,-0.06738430553242146,-0.051877200430527445,0.03263853078307237,0.14849863882436956
307,403.9039033992696,4716.495571963465,54.0,-0.06856225267773834,-0.1317167784812834,-0.06738430553242146,-0.13097691856185126,0.03263853078307237,0.1572730488896539
308,-239.5128446278165,3906.899903078088,54.0,-0.06856225267773834,0.27925160054315723,-0.06738430553242146,0.2755490761998687,0.03263853078307237,0.13285706464052735
309,-206.51370862307223,3888.753544352072,54.0,-0.06856225267773834,0.3075938468631923,-0.06738430553242146,0.3035563433918953,0.03263853078307237,0.12556222140971146
310,-247.0083933535225,3882.934832278036,54.0,-0.06856225267773834,0.07786273369637156,-0.06738430553242146,0.07663370751052034,0.03263853078307237,0.13283347925353187
311,-299.6987199382138,3877.517142896227,54.0,-0.06856225267773834,0.17150324086452007,-0.06738430553242146,0.16855440586355241,0.03263853078307237,0.12866994272128893
312,-207.05441320593363,3875.578724167899,54.0,-0.06856225267773834,0.29749585557971764,-0.06738430553242146,0.30184497185348524,0.03263853078307237,0.12746735075600885
313,-288.28040614727314,3869.763411078973,54.0,-0.06856225267773834,0.1963984085590439,-0.06738430553242146,0.18936074430749578,0.03263853078307237,0.12324963818292457
314,-224.7874470069469,3868.704572457101,54.0,-0.06856225267773834,0.16781902382196973,-0.06738430553242146,0.16772772162694777,0.03263853078307237,0.1260457765630065
315,-260.1284068828446,3860.327587174116,54.0,-0.06856225267773834,0.21015340825337028,-0.06738430553242146,0.20682576043378936,0.03263853078307237,0.12516967060867576
316,-301.76269843675186,3851.489323913676,54.0,-0.06856225267773834,0.28963620521035466,-0.06738430553242146,0.2897707286767991,0.03263853078307237,0.13243770300581822
317,-230.0244001131252,3856.086690947165,54.0,-0.06856225267773834,0.22030947966641629,-0.06738430553242146,0.2180438321808495,0.03263853078307237,0.12063075838325125
318,-212.9190342948821,3852.70955400908,54.0,-0.06856225267773834,0.1786343465392349,-0.06738430553242146,0.17871865801484071,0.03263853078307237,0.13353480459013004
319,-259.69914487938223,3840.648840093646,54.0,-0.06856225267773834,0.31152365269392274,-0.06738430553242146,0.31395763877683514,0.03263853078307237,0.1311658232659777
320,-217.82064581615532,3836.435116427341,54.0,-0.06856225267773834,0.3120901843886899,-0.06738430553242146,0.3152595852315147,0.03263853078307237,0.1239482058987029
321,-228.4608267250068,3835.49661024065,54.0,-0.06856225267773834,0.4925838673619473,-0.06738430553242146,0.49379626826825174,0.03263853078307237,0.12593753144748474
322,-220.7072172819317,3822.533501197976,54.0,-0.06856225267773834,0.3910093289183851,-0.06738430553242146,0.3906022737311484,0.03263853078307237,0.1350453343222565
323,-220.52307878009043,3896.322588863719,54.0,-0.06856225267773834,0.2596353331166127,-0.06738430553242146,0.26105258164593254,0.03263853078307237,0.12915573901613725
324,-234.22537457612623,3832.547431286246,54.0,-0.06856225267773834,0.4477243933792341,-0.06738430553242146,0.44680864453632796,0.03263853078307237,0.12906662302663252
325,-239.64545070337945,3852.531569643749,54.0,-0.06856225267773834,0.20965802574229417,-0.06738430553242146,0.21181017607876154,0.03263853078307237,0.1255444397381601
326,-222.45927337673947,3847.821790182078,54.0,-0.06856225267773834,0.35687313819485555,-0.06738430553242146,0.35759113990214453,0.03263853078307237,0.12581283836126253
327,-204.13750177921133,3830.7645324182754,54.0,-0.06856225267773834,0.1381575463652179,-0.06738430553242146,0.13734718382830421,0.03263853078307237,0.13380128559043558
328,-196.31793179281823,3850.097955642777,54.0,-0.06856225267773834,0.0760639034389493,-0.06738430553242146,0.07462474507518495,0.03263853078307237,0.12825835522974363
329,-239.63954182075463,3893.468471754271,54.0,-0.06856225267773834,0.15964490680696047,-0.06738430553242146,0.15917241120153902,0.03263853078307237,0.12892215115127548
330,-270.3096398577547,3825.91280365092,54.0,-0.06856225267773834,0.23376546014197994,-0.06738430553242146,0.2324497070590018,0.03263853078307237,0.14617371908846588
331,-313.64040487867874,3841.407442527648,54.0,-0.06856225267773834,0.1973297821017495,-0.06738430553242146,0.2016168300496327,0.03263853078307237,0.13178350345906045
332,-237.86889380994464,3869.5690282123273,54.0,-0.06856225267773834,0.12201961059678954,-0.06738430553242146,0.11763484160718282,0.03263853078307237,0.12771343117426248
333,-290.1032136269349,3879.02770495162,54.0,-0.06856225267773834,0.17700989035357437,-0.06738430553242146,0.17561475988897898,0.03263853078307237,0.12228466975002447
334,-217.05716463296827,3881.450900568053,54.0,-0.06856225267773834,0.23253956260187142,-0.06738430553242146,0.23371907274745576,0.03263853078307237,0.12682996190748982
335,-287.08457697353265,3860.139446947377,54.0,-0.06856225267773834,0.16128616785937938,-0.06738430553242146,0.15806312164328923,0.03263853078307237,0.13301117756682737
336,-284.4670125726876,3807.7889507976943,54.0,-0.06856225267773834,0.07197761680078252,-0.06738430553242146,0.07550503525920947,0.03263853078307237,0.15390157823363576
337,-264.284648689563,3867.396538917314,54.0,-0.06856225267773834,0.13958992174765736,-0.06738430553242146,0.13770112090092756,0.03263853078307237,0.12859409559866725
338,-305.30829728411254,3860.661942635376,54.0,-0.06856225267773834,0.1706605166714961,-0.06738430553242146,0.1765865979223451,0.03263853078307237,0.13139538878091572
339,-254.8098989424844,3843.565233451433,54.0,-0.06856225267773834,0.30068839385925195,-0.06738430553242146,0.3009820162579814,0.03263853078307237,0.12361516683853203
340,-93.57726189495948,3961.546197789921,54.0,-0.06856225267773834,0.07621072903487938,-0.06738430553242146,0.07774161637420367,0.03263853078307237,0.14577559950174485
341,-56.035500045016406,3941.502507723401,54.0,-0.06856225267773834,-0.027448148589504628,-0.06738430553242146,-0.02466821649750103,0.03263853078307237,0.13631836386528626
342,-83.42484145845008,3942.88148701633,54.0,-0.06856225267773834,0.02118286393542967,-0.06738430553242146,0.017651332775528463,0.03263853078307237,0.1390703134569965
343,-58.13533851273078,3928.158727312826,54.0,-0.06856225267773834,-0.017655255163262485,-0.06738430553242146,-0.01776191814874234,0.03263853078307237,0.12337423241966829
344,-76.10278929015365,3928.390718488814,54.0,-0.06856225267773834,0.07207364306414145,-0.06738430553242146,0.06762093534329441,0.03263853078307237,0.13522843677256444
345,-88.19284338416543,3910.3239477963098,54.0,-0.06856225267773834,0.0901944159785385,-0.06738430553242146,0.0914020603358443,0.03263853078307237,0.12586602214855808
346,-66.20733732343768,3907.189374107909,54.0,-0.06856225267773834,0.021842575581555744,-0.06738430553242146,0.021112802960417707,0.03263853078307237,0.12623370218897784
347,-31.22363826822373,3895.155107689023,54.0,-0.06856225267773834,-0.04167908702173756,-0.06738430553242146,-0.04045670087286923,0.03263853078307237,0.13669762068486224
348,-109.8933281317338,3891.788283909125,54.0,-0.06856225267773834,0.2508868029967445,-0.06738430553242146,0.2515991456167042,0.03263853078307237,0.1283859301214186
349,-88.84745792148391,3891.638924250811,54.0,-0.06856225267773834,0.065677656579195,-0.06738430553242146,0.06495428097803159,0.03263853078307237,0.12260349054474805
350,-69.56334702608117,3889.639795815675,54.0,-0.06856225267773834,0.035265086526809146,-0.06738430553242146,0.035471082609463016,0.03263853078307237,0.12677429317920097
351,-47.84804575173801,3889.788154786775,54.0,-0.06856225267773834,-0.02388485018558668,-0.06738430553242146,-0.030536291254266667,0.03263853078307237,0.13029878503593742
352,-23.36300577374711,3882.6832047228254,54.0,-0.06856225267773834,-0.08804301256774708,-0.06738430553242146,-0.08757283981411096,0.03263853078307237,0.1370068333441489
353,-90.5169001182837,3876.50193235572,54.0,-0.06856225267773834,0.10217781118804763,-0.06738430553242146,0.10247879973388507,0.03263853078307237,0.12612932450402614
354,-65.13866586007784,3871.8509974488175,54.0,-0.06856225267773834,-0.024288832395598408,-0.06738430553242146,-0.023997803398191603,0.03263853078307237,0.1264341553627031
355,-50.13229410178342,3867.0999269122817,54.0,-0.06856225267773834,-0.18532386760550332,-0.06738430553242146,-0.1839595363712967,0.03263853078307237,0.13529955551556802
356,-35.39723016141716,3854.209722232396,54.0,-0.06856225267773834,-0.24915390078653576,-0.06738430553242146,-0.2409677593566069,0.03263853078307237,0.13602633022481703
357,-61.32288072890474,3816.801141060652,54.0,-0.06856225267773834,-0.44272236877462584,-0.06738430553242146,-0.4429127993553018,0.03263853078307237,0.1338072725175639
358,-70.85258713100723,3825.679041233032,54.0,-0.06856225267773834,-0.26133990003004354,-0.06738430553242146,-0.2617630713699295,0.03263853078307237,0.13740646328625028
359,-77.81854309749487,3807.703348510464,54.0,-0.06856225267773834,-0.36652881981722735,-0.06738430553242146,-0.3661478925786372,0.03263853078307237,0.13280682364026397
360,-71.53169503986241,3812.202036985935,54.0,-0.06856225267773834,-0.3824327914351211,-0.06738430553242146,-0.38330463255298075,0.03263853078307237,0.12642174258766686
361,-100.08529526117316,3900.3226209859754,54.0,-0.06856225267773834,0.09380360504153842,-0.06738430553242146,0.09411187520193717,0.03263853078307237,0.12542384539751394
362,-89.8146653730421,3916.635476753353,54.0,-0.06856225267773834,0.15804443083603054,-0.06738430553242146,0.15321300931943202,0.03263853078307237,0.1298678059956159
363,-21.70518692471069,3895.884300151082,54.0,-0.06856225267773834,-0.08313646871097234,-0.06738430553242146,-0.08062577306294047,0.03263853078307237,0.1298159883754616
364,-110.01626871790168,3882.272424637356,54.0,-0.06856225267773834,0.2583124142036982,-0.06738430553242146,0.2545541377960559,0.03263853078307237,0.1265998542191699
365,-96.97654250745872,3869.5775486716034,54.0,-0.06856225267773834,0.12533706103856523,-0.06738430553242146,0.12327759926739554,0.03263853078307237,0.13513072518534572
366,-77.79031957572187,3894.979280828351,54.0,-0.06856225267773834,0.07445764953140573,-0.06738430553242146,0.0685199146560125,0.03263853078307237,0.12110249161392524
367,-55.97942679583037,3901.289986408653,54.0,-0.06856225267773834,-0.06274246967610062,-0.06738430553242146,-0.061661558624722786,0.03263853078307237,0.13398101442426463
368,-40.74382534446032,3878.871264722534,54.0,-0.06856225267773834,-0.12417139499747842,-0.06738430553242146,-0.12390914941041775,0.03263853078307237,0.13786274247636968
369,-66.69372584046727,3870.2071380379048,54.0,-0.06856225267773834,-0.019116874983459282,-0.06738430553242146,-0.015846692406013416,0.03263853078307237,0.13140707396751083
370,-54.35065196736064,3922.548138121946,54.0,-0.06856225267773834,-0.032169913035160015,-0.06738430553242146,-0.031371758507473785,0.03263853078307237,0.12617646654502584
371,-90.20027446475764,3884.516943179324,54.0,-0.06856225267773834,0.11646108946568627,-0.06738430553242146,0.11485652895188862,0.03263853078307237,0.12094435106256045
372,442.6118074904948,4070.2277085185783,54.0,-0.06856225267773834,0.07489424013887915,-0.06738430553242146,0.07382515036744858,0.03263853078307237,0.12105479436544617
373,473.81212145827845,4062.309946420862,54.0,-0.06856225267773834,0.04730414779530103,-0.06738430553242146,0.044816146040088954,0.03263853078307237,0.14298449778210762
374,468.27210347413103,4049.616241434093,54.0,-0.06856225267773834,0.2831537631670369,-0.06738430553242146,0.27619105054152626,0.03263853078307237,0.1376919828875947
375,447.21509965388833,4045.293583999011,54.0,-0.06856225267773834,0.31786382184722484,-0.06738430553242146,0.31852886931147584,0.03263853078307237,0.1275220666287011
376,431.58584790895287,4026.933212132683,54.0,-0.06856225267773834,0.40758365126406454,-0.06738430553242146,0.40756741228434445,0.03263853078307237,0.13147867863146018
377,408.9986108563161,3996.755525049388,54.0,-0.06856225267773834,0.11165203412436517,-0.06738430553242146,0.11211744426378178,0.03263853078307237,0.1446426409816426
378,422.862128182699,4025.3424938357566,54.0,-0.06856225267773834,0.37842354264364175,-0.06738430553242146,0.38109390788959285,0.03263853078307237,0.12935732070680234
379,439.19746758037405,4076.996335961541,54.0,-0.06856225267773834,0.03766905153213631,-0.06738430553242146,0.03444859622050637,0.03263853078307237,0.12330036477852813
380,462.0840432753972,4072.271140968799,54.0,-0.06856225267773834,0.02353995158593935,-0.06738430553242146,0.02270770875583851,0.03263853078307237,0.1305396743443736
381,459.6569034973903,4060.82300260624,54.0,-0.06856225267773834,0.15305087879544993,-0.06738430553242146,0.15336914018873968,0.03263853078307237,0.12609563345721547
382,437.47285354914527,4045.91348934747,54.0,-0.06856225267773834,0.36025718417744795,-0.06738430553242146,0.3640715386753485,0.03263853078307237,0.12575239739943814
383,446.14924890749785,4055.162025087259,54.0,-0.06856225267773834,0.2671141702050034,-0.06738430553242146,0.2683825071326172,0.03263853078307237,0.11894531809500014
384,438.2395063544679,3993.749322917003,54.0,-0.06856225267773834,0.21132434924441248,-0.06738430553242146,0.21202050495584118,0.03263853078307237,0.15528871536651417
385,465.8911725966613,4024.289872350432,54.0,-0.06856225267773834,0.15313295536267893,-0.06738430553242146,0.15060192050914006,0.03263853078307237,0.1452283693011828
386,418.14174019683327,4008.0356973029234,54.0,-0.06856225267773834,0.16539434126135397,-0.06738430553242146,0.15957421957652212,0.03263853078307237,0.12990668754657883
387,475.8206463571328,3964.9488424231126,54.0,-0.06856225267773834,-0.2006054735321682,-0.06738430553242146,-0.19737149783743768,0.03263853078307237,0.14494206322662295
388,566.9000301137978,4747.137133853987,54.0,-0.06856225267773834,0.16298675884154,-0.06738430553242146,0.16164036842608714,0.03263853078307237,0.1253227626524041
389,592.1742243865796,4747.151768762015,54.0,-0.06856225267773834,-0.18071739479843132,-0.06738430553242146,-0.18542131264356787,0.03263853078307237,0.12878967699620067
390,570.8316210365269,4722.155506308706,54.0,-0.06856225267773834,0.09396532486364376,-0.06738430553242146,0.0960913246904411,0.03263853078307237,0.14384801324445648
391,528.7046952932974,4712.336696063006,54.0,-0.06856225267773834,0.06098357577287419,-0.06738430553242146,0.059939824560641064,0.03263853078307237,0.14895357634009512
392,552.9775415131319,4785.4968353270415,54.0,-0.06856225267773834,0.14810115830021925,-0.06738430553242146,0.15334636770602209,0.03263853078307237,0.14528531796621466
393,552.2519091763407,4748.576091798907,54.0,-0.06856225267773834,0.11994531420725768,-0.06738430553242146,0.11634356132315465,0.03263853078307237,0.14059546274786455
394,161.96578384564387,4157.2024176535,54.0,-0.06856225267773834,0.1538641712685786,-0.06738430553242146,0.15407297478852094,0.03263853078307237,0.1389000578747678
395,137.73214120296976,4146.211392684601,54.0,-0.06856225267773834,0.2241844676894515,-0.06738430553242146,0.22197402835779162,0.03263853078307237,0.13640938024865742
396,158.49410884129216,4136.006365328739,54.0,-0.06856225267773834,0.2734249594338841,-0.06738430553242146,0.2742536979643345,0.03263853078307237,0.13743597397599341
397,136.56558805196306,4128.332749792738,54.0,-0.06856225267773834,0.2851644582027498,-0.06738430553242146,0.28644962301692767,0.03263853078307237,0.12849571599931495
398,117.19421705345408,4121.351193952682,54.0,-0.06856225267773834,0.1802869143822512,-0.06738430553242146,0.1802699249775639,0.03263853078307237,0.13173521302665478
399,109.91679785969896,4052.896427825765,54.0,-0.06856225267773834,0.10453813172992359,-0.06738430553242146,0.10415127852582468,0.03263853078307237,0.12832888939926307
400,105.52394893714752,4032.581984936505,54.0,-0.06856225267773834,0.19851456568839768,-0.06738430553242146,0.18916334092478698,0.03263853078307237,0.1339290245758557
401,106.44842983383482,4012.84945915906,54.0,-0.06856225267773834,0.15962193150764206,-0.06738430553242146,0.16253745389649826,0.03263853078307237,0.1339412375203208
402,171.63451694131356,4159.78310361989,54.0,-0.06856225267773834,0.15595756475740455,-0.06738430553242146,0.15477455766928871,0.03263853078307237,0.13755782242393946
403,149.38437383192732,4142.655189530788,54.0,-0.06856225267773834,0.24650955142428777,-0.06738430553242146,0.24403147884837345,0.03263853078307237,0.13100757002341298
404,167.22649373259551,4139.857029282407,54.0,-0.06856225267773834,0.25675736919943193,-0.06738430553242146,0.2553289313597107,0.03263853078307237,0.13591081433495578
405,119.82403039050632,4124.56931096989,54.0,-0.06856225267773834,0.14459179435518935,-0.06738430553242146,0.14575274853376713,0.03263853078307237,0.1312397757119883
406,142.29614129157707,4127.163348327213,54.0,-0.06856225267773834,0.34490428651605365,-0.06738430553242146,0.3450916235141983,0.03263853078307237,0.12774945191067288
407,128.30218247028407,4108.962098016365,54.0,-0.06856225267773834,0.08461189826805911,-0.06738430553242146,0.07999506161216959,0.03263853078307237,0.1358325017552533
408,109.11821937100868,4049.9401200264047,54.0,-0.06856225267773834,0.10834351388712847,-0.06738430553242146,0.1070681448263206,0.03263853078307237,0.12547487838811952
409,124.08609991612518,4074.076898022276,54.0,-0.06856225267773834,0.02423481383005239,-0.06738430553242146,0.025645720771486483,0.03263853078307237,0.13493861848595567
410,115.16096838828992,4022.0483223003416,54.0,-0.06856225267773834,0.28147334023380194,-0.06738430553242146,0.2779854762457957,0.03263853078307237,0.1319748925159967
411,561.0138184560105,4473.501935426613,54.0,-0.06856225267773834,-0.13542809877396486,-0.06738430553242146,-0.13130270819848328,0.03263853078307237,0.1424756714139912
412,565.0502773452903,4448.226533767391,54.0,-0.06856225267773834,-0.23456342786820408,-0.06738430553242146,-0.23149944042537257,0.03263853078307237,0.1356536414853803
413,582.8694820082358,4398.870274634955,54.0,-0.06856225267773834,-0.10005740429306122,-0.06738430553242146,-0.09919088023426134,0.03263853078307237,0.13206052147002045
414,581.1993239604408,4389.028978416067,54.0,-0.06856225267773834,-0.1318748740136265,-0.06738430553242146,-0.13172066470429508,0.03263853078307237,0.13389308678891826
415,583.831138251116,4371.053286709621,54.0,-0.06856225267773834,0.08750659498030217,-0.06738430553242146,0.08998114652898659,0.03263853078307237,0.12735328719289438
416,561.2628392077421,4326.059519500939,54.0,-0.06856225267773834,0.16314214704903932,-0.06738430553242146,0.16028818791086602,0.03263853078307237,0.13952625306382235
417,534.8960064449519,4318.929029125519,54.0,-0.06856225267773834,0.48290968275479335,-0.06738430553242146,0.4797883381036724,0.03263853078307237,0.1339200581324399
418,510.9466011058103,4309.526697793331,54.0,-0.06856225267773834,0.1939628845194154,-0.06738430553242146,0.1926750491276133,0.03263853078307237,0.1333721745305867
419,511.8782596396733,4352.397235288708,54.0,-0.06856225267773834,0.23761675942122512,-0.06738430553242146,0.24156788264659798,0.03263853078307237,0.12886231921077784
420,548.5850023962915,4353.449672308096,54.0,-0.06856225267773834,0.2991134214288336,-0.06738430553242146,0.2994073182152807,0.03263853078307237,0.13388781837306896
421,512.6417426087999,4370.543524351453,54.0,-0.06856225267773834,0.048448997862876576,-0.06738430553242146,0.048458107545252406,0.03263853078307237,0.12735141793120583
422,480.9664091966875,4352.089588299367,54.0,-0.06856225267773834,-0.07692393472248028,-0.06738430553242146,-0.07438985295455876,0.03263853078307237,0.13015185667624243
423,558.287928261929,4383.549496546334,54.0,-0.06856225267773834,0.05095747127266459,-0.06738430553242146,0.05114226655798402,0.03263853078307237,0.13079282285745697
424,537.5523516970317,4387.183166028368,54.0,-0.06856225267773834,0.12607694209537398,-0.06738430553242146,0.12360169269714238,0.03263853078307237,0.13789577717433224
425,556.3622236943382,4406.099826935316,54.0,-0.06856225267773834,-0.016664904902847198,-0.06738430553242146,-0.018493108246825322,0.03263853078307237,0.1224565438923989
426,507.007626677084,4418.914577252973,54.0,-0.06856225267773834,0.23901186943096553,-0.06738430553242146,0.23974423932743227,0.03263853078307237,0.14464350795061318
427,504.4577215216528,4438.979738557756,54.0,-0.06856225267773834,0.09119788338932602,-0.06738430553242146,0.0900541573875622,0.03263853078307237,0.12772919197741564
428,538.408480740028,4431.916543109024,54.0,-0.06856225267773834,0.015876903315735668,-0.06738430553242146,0.019677631516922194,0.03263853078307237,0.13115951719915317
429,524.7277800422952,4456.789074584238,54.0,-0.06856225267773834,0.08561682877780287,-0.06738430553242146,0.08428407742982753,0.03263853078307237,0.11885613155825972
430,485.3956997431978,4374.153861375261,54.0,-0.06856225267773834,-0.002126229501859904,-0.06738430553242146,8.450662950386414e-05,0.03263853078307237,0.12761418813949646
431,529.1168317879833,4454.262917514842,54.0,-0.06856225267773834,0.09149178742039216,-0.06738430553242146,0.09701947357851493,0.03263853078307237,0.12187185057493773
432,532.7418826940634,4408.404237914756,54.0,-0.06856225267773834,0.2542442101841898,-0.06738430553242146,0.24927040697972286,0.03263853078307237,0.1423446812876662
433,555.815156934327,4405.984828369565,54.0,-0.06856225267773834,-0.009562515046285452,-0.06738430553242146,-0.013078802318871707,0.03263853078307237,0.12260745768165732
434,533.7624093755849,4336.924325778417,54.0,-0.06856225267773834,0.3069372078191564,-0.06738430553242146,0.30907597991130326,0.03263853078307237,0.13329160260562561
435,530.4685985461446,4301.8986450225775,54.0,-0.06856225267773834,0.4259508754349116,-0.06738430553242146,0.4328482136214534,0.03263853078307237,0.13041552955688193
436,514.5322622025869,4456.751426788521,54.0,-0.06856225267773834,0.11194645863128239,-0.06738430553242146,0.1144568450481302,0.03263853078307237,0.12696171570067272
437,548.53915137937,4457.937093293264,54.0,-0.06856225267773834,-0.07475463606596333,-0.06738430553242146,-0.06882959641573469,0.03263853078307237,0.13620361484612933
438,566.5828788927461,4457.8640046212495,54.0,-0.06856225267773834,-0.15697521309314136,-0.06738430553242146,-0.15075933235675487,0.03263853078307237,0.14014746856387927
439,560.6999742572023,4437.5564168372,54.0,-0.06856225267773834,-0.06841874278786635,-0.06738430553242146,-0.06771290740995992,0.03263853078307237,0.14022902099114348
440,495.98772785766295,4443.197207172899,54.0,-0.06856225267773834,0.0608335688717991,-0.06738430553242146,0.061185849210806054,0.03263853078307237,0.12672377448771527
441,516.32703292139,4436.776156702188,54.0,-0.06856225267773834,0.08353941593572883,-0.06738430553242146,0.08211278923856938,0.03263853078307237,0.1285773059715777
442,536.1540880146566,4444.858609584984,54.0,-0.06856225267773834,0.0724430832452239,-0.06738430553242146,0.0714559932681206,0.03263853078307237,0.12656518930004507
443,546.9208165404689,4421.220011345582,54.0,-0.06856225267773834,0.002520961864460654,-0.06738430553242146,0.0008811197370248824,0.03263853078307237,0.12825262126749912
444,577.856407148501,4399.683609216996,54.0,-0.06856225267773834,-0.03306627795383826,-0.06738430553242146,-0.03386770669280326,0.03263853078307237,0.12619364154305934
445,507.9742950230683,4385.009332545608,54.0,-0.06856225267773834,0.042704569795531555,-0.06738430553242146,0.042800215567515926,0.03263853078307237,0.13253361944024517
446,495.4096026336581,4388.202891193944,54.0,-0.06856225267773834,0.04341585823773252,-0.06738430553242146,0.045563080917144595,0.03263853078307237,0.13807751586347614
447,551.2834782412536,4388.438780991228,54.0,-0.06856225267773834,0.08959200203990486,-0.06738430553242146,0.09200626531492359,0.03263853078307237,0.1293021238387107
448,558.281918566655,4368.377251679958,54.0,-0.06856225267773834,0.21370770603307335,-0.06738430553242146,0.21010146607562694,0.03263853078307237,0.1358816574790012
449,500.0086033322366,4367.370280777083,54.0,-0.06856225267773834,0.046836980615771906,-0.06738430553242146,0.04793132581787897,0.03263853078307237,0.11860281203524789
450,504.0759183332692,4354.886242555075,54.0,-0.06856225267773834,0.13853604551617552,-0.06738430553242146,0.1406196514718431,0.03263853078307237,0.12792465396316194
451,580.3012850433586,4369.728357564728,54.0,-0.06856225267773834,0.10581142410813535,-0.06738430553242146,0.10436883700158485,0.03263853078307237,0.12909714408098893
452,525.9842509759866,4353.885320843046,54.0,-0.06856225267773834,0.23140847373797813,-0.06738430553242146,0.2277661510557621,0.03263853078307237,0.13795115966392413
453,571.0156044926573,4347.517470595766,54.0,-0.06856225267773834,0.24800410768990153,-0.06738430553242146,0.2506017891177743,0.03263853078307237,0.13693919692323647
454,501.0189302378661,4338.738198947732,54.0,-0.06856225267773834,0.085098594333762,-0.06738430553242146,0.0822937015334225,0.03263853078307237,0.1391486702553086
455,488.2077283117417,4317.806340175813,54.0,-0.06856225267773834,0.18355857770379827,-0.06738430553242146,0.18039123206955882,0.03263853078307237,0.138750303760775
456,500.112618383455,4313.336489856109,54.0,-0.06856225267773834,0.22560277452378902,-0.06738430553242146,0.2290231566093648,0.03263853078307237,0.1338427722145275
457,546.047037488337,4320.318029487556,54.0,-0.06856225267773834,0.37904230510201453,-0.06738430553242146,0.3801612590732376,0.03263853078307237,0.13400917889746058
458,-507.2972229471795,3600.671376046247,54.0,-0.06856225267773834,0.19873946589273864,-0.06738430553242146,0.19909746580628668,0.03263853078307237,0.13964068497375018
459,-499.9524784687832,3578.403458104436,54.0,-0.06856225267773834,0.05804896281848884,-0.06738430553242146,0.056132812583454324,0.03263853078307237,0.14742958491155914
460,-451.4328774109917,3539.606050872365,54.0,-0.06856225267773834,-0.16425458374838045,-0.06738430553242146,-0.15750468035433615,0.03263853078307237,0.1477808044163739
461,-517.5789695601553,3525.510166099442,54.0,-0.06856225267773834,0.18053980523164823,-0.06738430553242146,0.1783445817472647,0.03263853078307237,0.14966677164228975
462,-521.1800805309396,3510.2303992648426,54.0,-0.06856225267773834,0.3029008647619268,-0.06738430553242146,0.3048330742565588,0.03263853078307237,0.15312682316252071
463,-449.2628013025546,3503.742664831391,54.0,-0.06856225267773834,-0.1544373823918225,-0.06738430553242146,-0.14741683931534538,0.03263853078307237,0.1576775761318854
464,-485.042933661256,3485.47979782113,54.0,-0.06856225267773834,0.12546959909676314,-0.06738430553242146,0.12391032480669675,0.03263853078307237,0.15016361704281556
465,-573.8953694348969,3556.3836779114804,54.0,-0.06856225267773834,0.17509835851031066,-0.06738430553242146,0.1803217651320586,0.03263853078307237,0.15712769022263615
466,-114.50920843118116,3834.9194074143743,54.0,-0.06856225267773834,0.18186440990413266,-0.06738430553242146,0.17879843233913081,0.03263853078307237,0.12625502925705798
467,-164.43942656566844,3815.0857932853287,54.0,-0.06856225267773834,0.11769989031249184,-0.06738430553242146,0.11609980476630818,0.03263853078307237,0.13350089395800147
468,-140.92825652262695,3822.7016028764,54.0,-0.06856225267773834,0.2556123046539473,-0.06738430553242146,0.2551960742351401,0.03263853078307237,0.13609589814624543
469,-127.99374614651722,3810.908692759558,54.0,-0.06856225267773834,0.19962934858800402,-0.06738430553242146,0.2016282236290589,0.03263853078307237,0.13083250410050795
470,-152.77957078688812,3803.088929575855,54.0,-0.06856225267773834,0.1474259335973032,-0.06738430553242146,0.1469409584373641,0.03263853078307237,0.11919071287777734
471,-150.0499459232575,3808.954736715893,54.0,-0.06856225267773834,0.2161830409422466,-0.06738430553242146,0.21255365962718392,0.03263853078307237,0.12332457819091736
472,-117.20662596065166,3807.599273888803,54.0,-0.06856225267773834,0.021083474728283376,-0.06738430553242146,0.018616738977700796,0.03263853078307237,0.13993524570361907
473,-113.68434153160244,3833.1341984416354,54.0,-0.06856225267773834,0.15971918752705017,-0.06738430553242146,0.16091774906554154,0.03263853078307237,0.12507045873462982
474,608.6375792072362,4802.7437232065695,54.0,-0.06856225267773834,-0.13196170952693437,-0.06738430553242146,-0.13403237489470154,0.03263853078307237,0.14393313990395454
475,634.9065337772719,4766.654345959582,54.0,-0.06856225267773834,-0.0489656623457766,-0.06738430553242146,-0.05536759107168733,0.03263853078307237,0.1422032842508035
476,623.483520387806,4804.598436442914,54.0,-0.06856225267773834,-0.10239699074875078,-0.06738430553242146,-0.10633136273438464,0.03263853078307237,0.14565970995592625
477,641.9015815200914,4857.238831024886,54.0,-0.06856225267773834,-0.1279892456108301,-0.06738430553242146,-0.12352612387841787,0.03263853078307237,0.15464256147205213
478,-465.54115273020966,3701.012924955217,54.0,-0.06856225267773834,-0.03569376541672691,-0.06738430553242146,-0.031552429153887424,0.03263853078307237,0.12567459234437553
479,-425.4027778878423,3687.3814848390944,54.0,-0.06856225267773834,0.1816906418331527,-0.06738430553242146,0.17797552434533773,0.03263853078307237,0.11998177895897565
480,-448.96079272698375,3683.345482242924,54.0,-0.06856225267773834,0.005941427293454449,-0.06738430553242146,0.006787009237906113,0.03263853078307237,0.12318952878352986
481,-459.2972544242527,3675.036452891449,54.0,-0.06856225267773834,-0.013429809430789499,-0.06738430553242146,-0.013114467839675794,0.03263853078307237,0.1285517976161225
482,-426.40019030265967,3675.6261838774494,54.0,-0.06856225267773834,0.222090994076439,-0.06738430553242146,0.2206008209512093,0.03263853078307237,0.12991080026705684
483,-440.8048070820975,3661.1342812774815,54.0,-0.06856225267773834,0.13332302342558006,-0.06738430553242146,0.1315038200594365,0.03263853078307237,0.12581645514567158
484,-452.908197457792,3654.514221142598,54.0,-0.06856225267773834,0.09183490493955446,-0.06738430553242146,0.09530109119645426,0.03263853078307237,0.12701101032334255
485,-489.2630394051725,3629.7069603146624,54.0,-0.06856225267773834,-0.022118782320261054,-0.06738430553242146,-0.016367599250055424,0.03263853078307237,0.13879104695754801
486,-458.90863996021136,3630.247549768804,54.0,-0.06856225267773834,0.04688764743040945,-0.06738430553242146,0.051687033850031615,0.03263853078307237,0.13995815022527702
487,-500.9029123182427,3614.0747562686,54.0,-0.06856225267773834,0.07999680566742295,-0.06738430553242146,0.08059770016104101,0.03263853078307237,0.1373488886560085
488,-465.8928410452483,3608.448596328204,54.0,-0.06856225267773834,-0.009007801808844425,-0.06738430553242146,-0.011493548264913679,0.03263853078307237,0.1546476446590942
489,-500.4398061409101,3634.1145749910206,54.0,-0.06856225267773834,0.14117380949171165,-0.06738430553242146,0.14071359407821038,0.03263853078307237,0.14436580848296546
490,-520.4786475198113,3632.693087605314,54.0,-0.06856225267773834,0.05793978681658802,-0.06738430553242146,0.06189480844017277,0.03263853078307237,0.14439594008944215
491,-537.0544473499934,3615.307734486455,54.0,-0.06856225267773834,-0.12211081691884303,-0.06738430553242146,-0.12130730819159016,0.03263853078307237,0.15962596629376374
492,-463.572090848466,3711.004366750517,54.0,-0.06856225267773834,-0.007471869797087159,-0.06738430553242146,-0.006639558381683088,0.03263853078307237,0.12988738981925263
493,-428.8814616877872,3709.096178212622,54.0,-0.06856225267773834,0.16421587543361832,-0.06738430553242146,0.16669699896593929,0.03263853078307237,0.13699233526449633
494,-452.08297454444494,3697.423498379207,54.0,-0.06856225267773834,0.05790262014330681,-0.06738430553242146,0.06271040206362244,0.03263853078307237,0.12990932841592256
495,-434.7429570153381,3690.4541749506434,54.0,-0.06856225267773834,0.15607429197838127,-0.06738430553242146,0.15717716558563355,0.03263853078307237,0.12773186599946865
496,-415.8200064632521,3689.100170895516,54.0,-0.06856225267773834,0.18448928253583421,-0.06738430553242146,0.18254159908812184,0.03263853078307237,0.1278817710355104
497,-481.8116660349994,3658.097650487473,54.0,-0.06856225267773834,-0.022244673281997297,-0.06738430553242146,-0.022263635566809308,0.03263853078307237,0.14155042773290943
498,-437.4564705482827,3656.797051854789,54.0,-0.06856225267773834,0.08123035348849265,-0.06738430553242146,0.08479112226142622,0.03263853078307237,0.1288773753309148
499,-450.5410575375657,3640.030741604634,54.0,-0.06856225267773834,0.04537324056255078,-0.06738430553242146,0.04544670982715742,0.03263853078307237,0.1344508887551639
500,-463.3957004431066,3657.5357537243694,54.0,-0.06856225267773834,0.04637859479822765,-0.06738430553242146,0.04769838184506953,0.03263853078307237,0.13677325466382131
501,-455.237107941275,3675.012391017058,54.0,-0.06856225267773834,0.010413180787480304,-0.06738430553242146,0.01178452795083968,0.03263853078307237,0.12314341504294453
502,-477.5301049296806,3698.6923434687433,54.0,-0.06856225267773834,-0.0389676130657031,-0.06738430553242146,-0.04727185290876447,0.03263853078307237,0.1330007152078362
503,377.93510059593416,3904.1107934632814,54.0,-0.06856225267773834,-0.34165142750837996,-0.06738430553242146,-0.3463983821234473,0.03263853078307237,0.14035075859266183
504,374.4537251326261,3889.892677250085,54.0,-0.06856225267773834,-0.250421127619413,-0.06738430553242146,-0.2570487709292336,0.03263853078307237,0.14448891638642272
505,367.3905705640541,3924.417227622252,54.0,-0.06856225267773834,-0.2594636520650084,-0.06738430553242146,-0.25409684563562707,0.03263853078307237,0.14941684171738123
506,332.8834058794852,3942.859446384328,54.0,-0.06856225267773834,-0.08563019665895717,-0.06738430553242146,-0.0861013324882556,0.03263853078307237,0.11550153596400242
507,330.5428326799933,3946.044034599065,54.0,-0.06856225267773834,-0.0453070599363175,-0.06738430553242146,-0.05110699981969849,0.03263853078307237,0.1138804571211884
508,322.3749110256175,3921.0794967894303,54.0,-0.06856225267773834,0.03193396807364247,-0.06738430553242146,0.03407207425810476,0.03263853078307237,0.13133731168168775
509,329.7498578052424,3915.277424063791,54.0,-0.06856225267773834,-0.019451023904371593,-0.06738430553242146,-0.015453297911835927,0.03263853078307237,0.12583340250053932
510,337.993275290487,3925.832516910632,54.0,-0.06856225267773834,-0.16276275850701047,-0.06738430553242146,-0.16149252973352918,0.03263853078307237,0.1305701086816495
511,-124.42297810413304,3730.045518548472,54.0,-0.06856225267773834,0.16818986811181136,-0.06738430553242146,0.16828111515217964,0.03263853078307237,0.1419949003609328
512,-136.7121078328898,3704.366146835558,54.0,-0.06856225267773834,0.08653367347547702,-0.06738430553242146,0.08818000292547003,0.03263853078307237,0.13161994070029753
513,-205.2490753627829,3731.957027743968,54.0,-0.06856225267773834,-0.008169779644421886,-0.06738430553242146,-0.006966976462759066,0.03263853078307237,0.14129334989643658
514,-209.44442407532304,3763.734670847895,54.0,-0.06856225267773834,0.19400868288863898,-0.06738430553242146,0.1900641540486162,0.03263853078307237,0.1340018975277745
515,-227.38656380507663,3742.529007510596,54.0,-0.06856225267773834,0.05601430702371305,-0.06738430553242146,0.057260429181068814,0.03263853078307237,0.12917233423304117
516,-217.924998653439,3721.48468016429,54.0,-0.06856225267773834,-0.10438158436867248,-0.06738430553242146,-0.1039346584262913,0.03263853078307237,0.14536165337983412
517,-254.5992470950275,3724.926488861847,54.0,-0.06856225267773834,-0.20299870925554658,-0.06738430553242146,-0.2059163657207111,0.03263853078307237,0.1326376202574302
518,-248.90370498422487,3701.920243170104,54.0,-0.06856225267773834,-0.17074118246666942,-0.06738430553242146,-0.17205710475306873,0.03263853078307237,0.14220664957506784
519,-252.87591756006307,3650.634095306921,54.0,-0.06856225267773834,-0.04115259629685497,-0.06738430553242146,-0.035506952055988694,0.03263853078307237,0.15444700263833852
520,-173.77161208253168,3762.098398234272,54.0,-0.06856225267773834,-0.07651202539088083,-0.06738430553242146,-0.07905160798164237,0.03263853078307237,0.1368070747359736
521,-139.37097608890187,3732.660382688684,54.0,-0.06856225267773834,0.013558557725887462,-0.06738430553242146,0.011771805983742454,0.03263853078307237,0.13551785698392582
522,-208.37184709731315,3756.058669231986,54.0,-0.06856225267773834,0.09852416776095131,-0.06738430553242146,0.09855257181034963,0.03263853078307237,0.13637340856361724
523,-229.31829350277152,3750.8465259771865,54.0,-0.06856225267773834,0.16279772381479793,-0.06738430553242146,0.16117698596033436,0.03263853078307237,0.13278536629163978
524,-252.1369190391436,3688.5883507247336,54.0,-0.06856225267773834,-0.13328763493420262,-0.06738430553242146,-0.13419728604336065,0.03263853078307237,0.1476442122530947
525,-137.46750195522293,3704.002702190223,54.0,-0.06856225267773834,0.07759953989530967,-0.06738430553242146,0.07603943654517155,0.03263853078307237,0.13275537345842794
526,749.6258147719974,4813.866766971807,54.0,-0.06856225267773834,0.004962176697317013,-0.06738430553242146,0.010189305959828029,0.03263853078307237,0.128981541886098
527,754.0871127859037,4778.231806502538,54.0,-0.06856225267773834,0.23111383682874148,-0.06738430553242146,0.23029323855944295,0.03263853078307237,0.13399460915126135
528,793.8634908705559,4809.942599619332,54.0,-0.06856225267773834,0.1615386882252029,-0.06738430553242146,0.1636876152431911,0.03263853078307237,0.13346207958288567
529,798.953726250781,4791.147655548635,54.0,-0.06856225267773834,0.1880807076062314,-0.06738430553242146,0.1871503819606184,0.03263853078307237,0.13502081603255373
530,762.4951895083617,4794.278313914385,54.0,-0.06856225267773834,0.2752817337563276,-0.06738430553242146,0.27551977285923257,0.03263853078307237,0.12537298310772385
531,778.4628514624378,4790.9547947373485,54.0,-0.06856225267773834,0.28243341086100576,-0.06738430553242146,0.2797038520272812,0.03263853078307237,0.12736365236130504
532,770.6225100795091,4781.28239237213,54.0,-0.06856225267773834,0.2614343516778699,-0.06738430553242146,0.2618466786873842,0.03263853078307237,0.13297322101561052
533,735.2450903228461,4782.681279368702,54.0,-0.06856225267773834,0.03971081562188092,-0.06738430553242146,0.037400287175215575,0.03263853078307237,0.12380239212049693
534,743.2937606324407,4763.537481917472,54.0,-0.06856225267773834,0.1919620596240189,-0.06738430553242146,0.1954688341410692,0.03263853078307237,0.1420042186517782
535,834.4356224973513,4792.191077471864,54.0,-0.06856225267773834,0.14675647530262154,-0.06738430553242146,0.1494913220576346,0.03263853078307237,0.13499296739941355
536,-33.590986472347865,3971.2525348924646,54.0,-0.06856225267773834,-0.10859053973723475,-0.06738430553242146,-0.11060336008630103,0.03263853078307237,0.13600409814665657
537,-16.824029787276814,3963.134227295509,54.0,-0.06856225267773834,-0.1683070274551908,-0.06738430553242146,-0.1692814465605907,0.03263853078307237,0.13067703914152867
538,-9.289119488028984,3940.320299022696,54.0,-0.06856225267773834,-0.1499954508511256,-0.06738430553242146,-0.14535089360694448,0.03263853078307237,0.13459821830546287
539,19.125675470905552,3919.7887611732062,54.0,-0.06856225267773834,-0.09763986283366498,-0.06738430553242146,-0.10029939840105892,0.03263853078307237,0.12757904671185363
540,-9.962046074219687,3916.4328558182974,54.0,-0.06856225267773834,-0.06856744415112472,-0.06738430553242146,-0.07002936101258014,0.03263853078307237,0.13514010873223045
541,-0.9972580126813264,3905.066613170967,54.0,-0.06856225267773834,-0.08948167237757026,-0.06738430553242146,-0.08777694600460187,0.03263853078307237,0.1302505178115933
542,24.09847480128595,3908.844200854287,54.0,-0.06856225267773834,-0.07531215782387858,-0.06738430553242146,-0.07598456383946156,0.03263853078307237,0.1283054943606714
543,26.96307308495755,3884.908015639917,54.0,-0.06856225267773834,-0.12712361505874495,-0.06738430553242146,-0.12708951027813659,0.03263853078307237,0.14610874791958475
544,41.55820239686442,3859.3360482487697,54.0,-0.06856225267773834,-0.027671859006311018,-0.06738430553242146,-0.027926730049933502,0.03263853078307237,0.12378129756083554
545,-33.030051360718204,3947.101925740972,54.0,-0.06856225267773834,-0.08276022494726637,-0.06738430553242146,-0.08774573925563177,0.03263853078307237,0.14423228625994827
546,-20.440069871896064,3967.068915194426,54.0,-0.06856225267773834,-0.17608780741449515,-0.06738430553242146,-0.17353011901501295,0.03263853078307237,0.1322583497523035
547,-33.601502441691814,3923.5780514405496,54.0,-0.06856225267773834,0.006584639004788925,-0.06738430553242146,0.0025094256439859314,0.03263853078307237,0.14091843231098625
548,4.130621068015404,3916.458977597719,54.0,-0.06856225267773834,-0.10059330801835027,-0.06738430553242146,-0.09865438428002636,0.03263853078307237,0.13421512969215393
549,-40.82216668190109,3965.090048211267,54.0,-0.06856225267773834,-0.0259062192713044,-0.06738430553242146,-0.02948442640138331,0.03263853078307237,0.13471457323706565
550,-3.2682886956830624,3892.179388681665,54.0,-0.06856225267773834,-0.1314802987881587,-0.06738430553242146,-0.12672471066498614,0.03263853078307237,0.13566956501855104
551,90.0285824981926,3885.374004932618,54.0,-0.06856225267773834,-0.028332080505200762,-0.06738430553242146,-0.028511148567437396,0.03263853078307237,0.13165978717285434
552,83.86670580001751,3866.630653839721,54.0,-0.06856225267773834,0.1165846919043039,-0.06738430553242146,0.1184945440947505,0.03263853078307237,0.12203383215266246
553,52.79801574862894,3858.169085806702,54.0,-0.06856225267773834,-0.006287383589183433,-0.06738430553242146,-0.007703966855216691,0.03263853078307237,0.11848919272403632
554,72.4423782875265,3843.4141825954302,54.0,-0.06856225267773834,0.14223093979106835,-0.06738430553242146,0.14257460632824456,0.03263853078307237,0.1253993692583276
555,51.330164428461806,3842.748038309236,54.0,-0.06856225267773834,0.08396957782503017,-0.06738430553242146,0.0846797536781828,0.03263853078307237,0.12326273482676744
556,71.0063011612224,3819.538010924277,54.0,-0.06856225267773834,0.42119723252867575,-0.06738430553242146,0.42230480904768175,0.03263853078307237,0.12221262086400535
557,53.97552747189277,3779.7778986115927,54.0,-0.06856225267773834,0.46973490096101256,-0.06738430553242146,0.47036586437390926,0.03263853078307237,0.13669453561260325
558,29.84882850616204,3760.0903002068953,54.0,-0.06856225267773834,0.21468823945035007,-0.06738430553242146,0.2124795947676077,0.03263853078307237,0.12559902299644196
559,70.84382095259998,3812.213793609557,54.0,-0.06856225267773834,0.4097735943118616,-0.06738430553242146,0.40702784287602883,0.03263853078307237,0.1253641118940762
560,85.15373079383198,3880.811543855472,54.0,-0.06856225267773834,-0.034179186949884095,-0.06738430553242146,-0.033572074487090625,0.03263853078307237,0.12796164230441745
561,68.21929053265893,3857.2635974168033,54.0,-0.06856225267773834,0.08962682008022915,-0.06738430553242146,0.08918469177345636,0.03263853078307237,0.12846172478926657
562,74.94999357907247,3832.562273689816,54.0,-0.06856225267773834,0.306748678967714,-0.06738430553242146,0.3068679164589032,0.03263853078307237,0.1286047280124247
563,93.9798506618169,3810.153790083169,54.0,-0.06856225267773834,0.21038400664302145,-0.06738430553242146,0.20623254360417004,0.03263853078307237,0.14581127088818183
564,53.99348219513684,3779.765921014686,54.0,-0.06856225267773834,0.4693025843536836,-0.06738430553242146,0.47030982814746425,0.03263853078307237,0.13671094682760399
565,70.31493711953587,3811.7486463338,54.0,-0.06856225267773834,0.40221064202922535,-0.06738430553242146,0.3986211660204393,0.03263853078307237,0.12802600257829186
566,115.16205876560493,3798.270755871877,54.0,-0.06856225267773834,0.08842019627064929,-0.06738430553242146,0.09261998431425583,0.03263853078307237,0.15466470507185107
567,87.2451405287995,3831.494039957056,54.0,-0.06856225267773834,0.31761209190201956,-0.06738430553242146,0.32255285239947273,0.03263853078307237,0.13668097803375176
568,36.476303073102144,3747.298457980633,54.0,-0.06856225267773834,-0.03133734240058379,-0.06738430553242146,-0.028852579663430536,0.03263853078307237,0.1398744804551807
569,81.42211507964093,3862.904094352834,54.0,-0.06856225267773834,0.13179072910430303,-0.06738430553242146,0.12956888287558935,0.03263853078307237,0.12256041994841946
570,549.2870939563649,4305.9995539661,54.0,-0.06856225267773834,0.3451534147474052,-0.06738430553242146,0.3492876080949491,0.03263853078307237,0.12621567097568756
571,544.4098499221095,4286.51728713991,54.0,-0.06856225267773834,0.4769058659326194,-0.06738430553242146,0.47796273768449055,0.03263853078307237,0.12627959632180993
572,526.9955380856456,4287.393509187453,54.0,-0.06856225267773834,0.3730873920823032,-0.06738430553242146,0.3764958124298618,0.03263853078307237,0.12541755924555492
573,502.3554500387008,4287.081754576032,54.0,-0.06856225267773834,0.17323627760022203,-0.06738430553242146,0.17458038115188623,0.03263853078307237,0.13963402625122504
574,521.860148154005,4271.043596927122,54.0,-0.06856225267773834,0.1463829059366659,-0.06738430553242146,0.15043410081627534,0.03263853078307237,0.1316045049555926
575,490.1742733047821,4255.374110181812,54.0,-0.06856225267773834,-0.08953230481066689,-0.06738430553242146,-0.0923363245186734,0.03263853078307237,0.13769507623818805
576,544.1009429454423,4239.798803024585,54.0,-0.06856225267773834,0.1698840669563087,-0.06738430553242146,0.17127765197856876,0.03263853078307237,0.14541494949451644
577,493.8152420653565,4235.364592782937,54.0,-0.06856225267773834,-0.05625838125581092,-0.06738430553242146,-0.05747920506374927,0.03263853078307237,0.12964735502891525
578,468.1538607220498,4241.128223716155,54.0,-0.06856225267773834,0.06842403202984634,-0.06738430553242146,0.06374228536760525,0.03263853078307237,0.13172788526212736
579,499.7287176848287,4232.444068380425,54.0,-0.06856225267773834,-0.03063528410692461,-0.06738430553242146,-0.030757909973518245,0.03263853078307237,0.13266742685027755
580,469.7454521096344,4301.154322219481,54.0,-0.06856225267773834,-0.21232097181330944,-0.06738430553242146,-0.20744537208863822,0.03263853078307237,0.13919552653725156
581,555.2813891908964,4308.169914388606,54.0,-0.06856225267773834,0.29519892325833363,-0.06738430553242146,0.29788941905828914,0.03263853078307237,0.13242233126115457
582,528.2616691728058,4293.079481721901,54.0,-0.06856225267773834,0.40686214563496514,-0.06738430553242146,0.40578549642075346,0.03263853078307237,0.12689275149508497
583,480.8723494206272,4270.11559654706,54.0,-0.06856225267773834,-0.011495085173307601,-0.06738430553242146,-0.006578797611302376,0.03263853078307237,0.13909336994130334
584,506.1832779263153,4271.360107928358,54.0,-0.06856225267773834,-0.12051437655150321,-0.06738430553242146,-0.11996177745019215,0.03263853078307237,0.14453271956445235
585,486.333478002448,4218.397487853233,54.0,-0.06856225267773834,-0.02584946934176412,-0.06738430553242146,-0.028910018085208315,0.03263853078307237,0.14004309307913104
586,465.122364122729,4206.899148776987,54.0,-0.06856225267773834,0.047426995474352376,-0.06738430553242146,0.04377492554528706,0.03263853078307237,0.1377126464104613
587,490.5454553088719,4199.285433819725,54.0,-0.06856225267773834,0.18768390763541828,-0.06738430553242146,0.18621369645694053,0.03263853078307237,0.1370002043813996
588,529.8239150277818,4263.102067604929,54.0,-0.06856225267773834,0.17879574457225958,-0.06738430553242146,0.18130101576408053,0.03263853078307237,0.1416075737117287
589,538.5355942881802,4277.098759825456,54.0,-0.06856225267773834,0.33213260487222807,-0.06738430553242146,0.33121399244024885,0.03263853078307237,0.12921196027663712
590,-410.1123796079147,3660.414914445813,54.0,-0.06856225267773834,0.11838911514519711,-0.06738430553242146,0.11387606363403613,0.03263853078307237,0.14267909045463273
591,-374.9103311708055,3656.421360427769,54.0,-0.06856225267773834,0.054170241878978315,-0.06738430553242146,0.05364366710573479,0.03263853078307237,0.13683630737219923
592,-378.4105488505552,3641.913217468345,54.0,-0.06856225267773834,-0.007583003745221141,-0.06738430553242146,-0.00852651120807596,0.03263853078307237,0.1361127399810241
593,-410.9857444853892,3624.9470229330495,54.0,-0.06856225267773834,-0.1662486261718473,-0.06738430553242146,-0.1626829530226133,0.03263853078307237,0.14261303661014368
594,-385.33208216661006,3627.100488486961,54.0,-0.06856225267773834,-0.16720377804600697,-0.06738430553242146,-0.16310360317124792,0.03263853078307237,0.13884477485816113
595,-390.8209967890227,3608.249021001745,54.0,-0.06856225267773834,0.022137412174692398,-0.06738430553242146,0.02019753383183341,0.03263853078307237,0.14354484933317296
596,-433.222559345482,3609.7170698355617,54.0,-0.06856225267773834,-0.06964401912379818,-0.06738430553242146,-0.06759176405009518,0.03263853078307237,0.14391857139229552
597,-408.2621432632536,3592.8912921219685,54.0,-0.06856225267773834,0.08140356544782232,-0.06738430553242146,0.0796053305375993,0.03263853078307237,0.14385744501608155
598,-441.4715424153037,3569.6343433615034,54.0,-0.06856225267773834,-0.054317633337891434,-0.06738430553242146,-0.05776441492810029,0.03263853078307237,0.15420439242386316
599,-427.98671344849896,3633.9501530677458,54.0,-0.06856225267773834,-0.0543083294273582,-0.06738430553242146,-0.04823621173520741,0.03263853078307237,0.1357997521061942
600,16.947210370460294,3854.162344069313,54.0,-0.06856225267773834,-0.2216209850017572,-0.06738430553242146,-0.21981093662631263,0.03263853078307237,0.12484506108334947
601,26.581794784317434,3848.416710936236,54.0,-0.06856225267773834,-0.11595544887824985,-0.06738430553242146,-0.1193565884480253,0.03263853078307237,0.12397181658250274
602,15.046854621301405,3832.1565750001578,54.0,-0.06856225267773834,-0.30591439304873935,-0.06738430553242146,-0.3021842820285472,0.03263853078307237,0.12341934969187293
603,11.187468754086296,3812.747884834706,54.0,-0.06856225267773834,-0.15567484688852384,-0.06738430553242146,-0.1558701960969745,0.03263853078307237,0.12244914105113046
604,35.65775954728463,3811.2184228857313,54.0,-0.06856225267773834,0.15380576793247427,-0.06738430553242146,0.15295935108626288,0.03263853078307237,0.12415654459740039
605,14.975934229222824,3799.243068897464,54.0,-0.06856225267773834,0.07600139857221014,-0.06738430553242146,0.08055788704418594,0.03263853078307237,0.12798515053240136
606,39.2002283746347,3788.436119844561,54.0,-0.06856225267773834,0.4095033159607603,-0.06738430553242146,0.4069363567512595,0.03263853078307237,0.14137048453874068
607,15.04579642413452,3767.694366626262,54.0,-0.06856225267773834,0.19401656156078886,-0.06738430553242146,0.1914264464719202,0.03263853078307237,0.12581188614717706
608,5.372355331992672,3771.380109193948,54.0,-0.06856225267773834,0.11452176430409085,-0.06738430553242146,0.1185715783990345,0.03263853078307237,0.13048886535470122
609,24.679452052912616,3770.6789526338025,54.0,-0.06856225267773834,0.1696780870179557,-0.06738430553242146,0.16895015613901737,0.03263853078307237,0.1261125366228609
610,39.83749752635614,3805.9132554474304,54.0,-0.06856225267773834,0.18583861548254574,-0.06738430553242146,0.18664147378314946,0.03263853078307237,0.12843939426954828
611,24.679857010352134,3808.1866342615103,54.0,-0.06856225267773834,0.1452031247132678,-0.06738430553242146,0.14486991197308352,0.03263853078307237,0.12451885700415483
612,43.05926388611581,3820.358120360771,54.0,-0.06856225267773834,0.12437183480414615,-0.06738430553242146,0.12424952110501827,0.03263853078307237,0.13197333184446716
613,46.2511058172998,3844.421224149216,54.0,-0.06856225267773834,0.04262071854683677,-0.06738430553242146,0.03978670016608769,0.03263853078307237,0.12132105293923648
614,27.838527006137475,3838.99962359604,54.0,-0.06856225267773834,-0.12668751464536432,-0.06738430553242146,-0.12791675502002417,0.03263853078307237,0.12707090648854927
615,250.8258249438829,4077.09190549598,54.0,-0.06856225267773834,-0.10806999267181994,-0.06738430553242146,-0.104697452780138,0.03263853078307237,0.13415086592465741
616,269.0070066875137,4069.184449779752,54.0,-0.06856225267773834,0.054480308124638166,-0.06738430553242146,0.05620343312105698,0.03263853078307237,0.13627882458835539
617,218.97355483206192,4065.9952167575098,54.0,-0.06856225267773834,-0.3654093567236155,-0.06738430553242146,-0.36491666355509156,0.03263853078307237,0.13086071819140757
618,253.3047041406585,4032.075905579567,54.0,-0.06856225267773834,-0.08355091093281128,-0.06738430553242146,-0.08255922904569145,0.03263853078307237,0.13515526946077064
619,210.88337358800035,4009.070829044608,54.0,-0.06856225267773834,-0.15819536797886444,-0.06738430553242146,-0.15866840834779972,0.03263853078307237,0.12683637709829063
620,249.40203896940795,3977.89614196583,54.0,-0.06856225267773834,-0.02723014502736086,-0.06738430553242146,-0.026619606301177413,0.03263853078307237,0.11929482121108112
621,213.75311227222025,3985.814400159764,54.0,-0.06856225267773834,-0.06039294659044707,-0.06738430553242146,-0.058280530707480814,0.03263853078307237,0.12129350060301018
622,202.69234717139835,3973.005610838789,54.0,-0.06856225267773834,0.07057199159645301,-0.06738430553242146,0.07070736144385635,0.03263853078307237,0.12325807817795832
623,193.13049431647704,3945.745622670177,54.0,-0.06856225267773834,0.2305576779874663,-0.06738430553242146,0.22226713673452864,0.03263853078307237,0.12308185306204464
624,231.2096817700889,3941.271980870057,54.0,-0.06856225267773834,-0.1314342496496537,-0.06738430553242146,-0.1315579000139872,0.03263853078307237,0.13216552339505405
625,213.2088148446705,3935.668148667985,54.0,-0.06856225267773834,0.10889369877237534,-0.06738430553242146,0.10650497144041579,0.03263853078307237,0.11508454097597492
626,214.159983359104,3909.3358891854223,54.0,-0.06856225267773834,0.1538787525320945,-0.06738430553242146,0.15516116889021714,0.03263853078307237,0.12404414456544234
627,203.71947329620775,3931.023396399216,54.0,-0.06856225267773834,0.22230152651712567,-0.06738430553242146,0.2173347462621453,0.03263853078307237,0.12998975814698924
628,217.78621872145484,4016.709547047492,54.0,-0.06856225267773834,-0.26260113657430006,-0.06738430553242146,-0.26038217011642917,0.03263853078307237,0.12561814982387795
629,252.93723737990092,4019.171331489568,54.0,-0.06856225267773834,-0.09140616535006754,-0.06738430553242146,-0.09079927593747811,0.03263853078307237,0.13948373696331504
630,208.42466583089583,3984.700961738825,54.0,-0.06856225267773834,-0.04961002969743042,-0.06738430553242146,-0.04915315896588483,0.03263853078307237,0.12031595496096784
631,256.83766692814663,3977.954207213813,54.0,-0.06856225267773834,-0.020278960972513943,-0.06738430553242146,-0.018784241299059083,0.03263853078307237,0.12536069546024745
632,216.7424768273763,3934.5668680946055,54.0,-0.06856225267773834,0.08802170503460663,-0.06738430553242146,0.08547579364884522,0.03263853078307237,0.11773640622686508
633,193.2304932149353,3912.590394161609,54.0,-0.06856225267773834,0.3604781306569296,-0.06738430553242146,0.35919086389489707,0.03263853078307237,0.132581006081975
634,223.3428052277796,3989.2837293720168,54.0,-0.06856225267773834,-0.10808439243871801,-0.06738430553242146,-0.1098600979330448,0.03263853078307237,0.12598917418351263
635,246.06942951702663,3981.67837797846,54.0,-0.06856225267773834,-0.033575171257615374,-0.06738430553242146,-0.031191879701793865,0.03263853078307237,0.1302144340501945
636,279.6006376701204,4002.5337399919367,54.0,-0.06856225267773834,0.05889229106985782,-0.06738430553242146,0.05898269704397109,0.03263853078307237,0.14109373569485423
637,192.79701301972855,3981.811109796079,54.0,-0.06856225267773834,0.16832333176702255,-0.06738430553242146,0.17074198056980253,0.03263853078307237,0.13084336193478727
638,282.20374954028966,3983.706942123103,54.0,-0.06856225267773834,0.13676088598823535,-0.06738430553242146,0.1334754213081219,0.03263853078307237,0.14445928083137374
639,203.2927786194446,3965.297674897721,54.0,-0.06856225267773834,0.03936772707620617,-0.06738430553242146,0.04273877867930044,0.03263853078307237,0.12506896572570073
640,222.10039796658828,3969.629559878969,54.0,-0.06856225267773834,-0.1583660283475013,-0.06738430553242146,-0.156984906330493,0.03263853078307237,0.132059805956679
641,236.3271697378009,3965.095470247745,54.0,-0.06856225267773834,-0.22855006493711622,-0.06738430553242146,-0.2299373143269537,0.03263853078307237,0.13581912088825995
642,192.940446962362,3945.496639258913,54.0,-0.06856225267773834,0.22969625603272462,-0.06738430553242146,0.22301544550222974,0.03263853078307237,0.12430903794221715
643,217.36962251063744,3945.754127331859,54.0,-0.06856225267773834,-0.03876692090313462,-0.06738430553242146,-0.03578198398908663,0.03263853078307237,0.11995670320539506
644,220.543097825573,3910.490639159292,54.0,-0.06856225267773834,0.11497315525415189,-0.06738430553242146,0.11237144629726471,0.03263853078307237,0.12145157143134916
645,244.3927331677535,4039.453609614884,54.0,-0.06856225267773834,-0.13378802741504017,-0.06738430553242146,-0.13115351864646874,0.03263853078307237,0.13685010632920208
646,235.85174675780948,4052.0064504657407,54.0,-0.06856225267773834,-0.31505386578041206,-0.06738430553242146,-0.3127837601076978,0.03263853078307237,0.1288325044734446
647,240.6308949961324,4066.355460037511,54.0,-0.06856225267773834,-0.25635410469766434,-0.06738430553242146,-0.2565836863002749,0.03263853078307237,0.13449358550353274
648,272.0036303115525,4087.9698110724366,54.0,-0.06856225267773834,-0.031942134084139824,-0.06738430553242146,-0.03378765757061551,0.03263853078307237,0.1323402351138675
649,201.40797252687383,3996.1355278762608,54.0,-0.06856225267773834,-0.02084934563244775,-0.06738430553242146,-0.01647361081097495,0.03263853078307237,0.13209794309074407
650,224.482998151289,4001.4216244713134,54.0,-0.06856225267773834,-0.12440366883884071,-0.06738430553242146,-0.11802888926353203,0.03263853078307237,0.12269904422967909
651,229.5458883605087,4016.746868363543,54.0,-0.06856225267773834,-0.21163009236105215,-0.06738430553242146,-0.2080451577870295,0.03263853078307237,0.131817145338645
652,227.90513404909052,4039.235656730924,54.0,-0.06856225267773834,-0.34942194262143056,-0.06738430553242146,-0.3481511371252213,0.03263853078307237,0.12780127142960787
653,215.30007276246957,4047.741048059149,54.0,-0.06856225267773834,-0.45852217936587986,-0.06738430553242146,-0.4577088628536278,0.03263853078307237,0.1293241973067105
654,214.7494271220868,4031.061700351105,54.0,-0.06856225267773834,-0.31615932836283495,-0.06738430553242146,-0.31166895170742825,0.03263853078307237,0.1304968275562162
655,275.30803990511106,4023.5491126828542,54.0,-0.06856225267773834,0.12600219011636818,-0.06738430553242146,0.12207290358473388,0.03263853078307237,0.13892410842298786
656,228.23403405678565,3926.946867381492,54.0,-0.06856225267773834,-0.02159559416174799,-0.06738430553242146,-0.021471799210984667,0.03263853078307237,0.1284107961582145
657,-499.9773429811749,3678.532005153513,54.0,-0.06856225267773834,-0.1490976633009291,-0.06738430553242146,-0.15265405719023772,0.03263853078307237,0.147513171914167
658,-517.2496129298322,3660.238901566688,54.0,-0.06856225267773834,-0.0053784038254340175,-0.06738430553242146,-0.00034273910646371013,0.03263853078307237,0.14674106753819313
659,-580.6716768976491,3734.978595164169,54.0,-0.06856225267773834,0.05820412758916807,-0.06738430553242146,0.058144849909472024,0.03263853078307237,0.1545901202604613
660,-546.4989859266002,3721.4900233429794,54.0,-0.06856225267773834,-0.14945749017102125,-0.06738430553242146,-0.15185539152600505,0.03263853078307237,0.14070997649089514
661,-549.267120039264,3702.54178010288,54.0,-0.06856225267773834,-0.11135447343180867,-0.06738430553242146,-0.11054328496974668,0.03263853078307237,0.1341809226609627
662,-517.9434171149317,3694.1396214923566,54.0,-0.06856225267773834,-0.035005966998139196,-0.06738430553242146,-0.037047260924114325,0.03263853078307237,0.13842273196112587
663,275.46093069714203,4237.600593298557,54.0,-0.06856225267773834,-0.18414530462493733,-0.06738430553242146,-0.17922923321476714,0.03263853078307237,0.16182534679548927
664,260.54382607193054,4189.386828262381,54.0,-0.06856225267773834,-0.19912236222360383,-0.06738430553242146,-0.19079608129777645,0.03263853078307237,0.1530396531352842
665,365.73068580729074,4172.10123667665,54.0,-0.06856225267773834,-0.06421143074227385,-0.06738430553242146,-0.06163535164821802,0.03263853078307237,0.12346821691469004
666,303.0397540729384,4168.450548701593,54.0,-0.06856225267773834,-0.26440175295326646,-0.06738430553242146,-0.26151888489364294,0.03263853078307237,0.15182800215582984
667,306.09515397216705,4130.874580079874,54.0,-0.06856225267773834,-0.05504498577170204,-0.06738430553242146,-0.05382726057003417,0.03263853078307237,0.13398576873900625
668,302.82165996923425,4119.504667691163,54.0,-0.06856225267773834,-0.009341002311913083,-0.06738430553242146,-0.012984919936908017,0.03263853078307237,0.12193664927286509
669,291.1882646910309,4099.078724905353,54.0,-0.06856225267773834,0.034525126954489616,-0.06738430553242146,0.03413745082124516,0.03263853078307237,0.1321707115033623
670,272.934747988071,4111.997012157693,54.0,-0.06856225267773834,-0.028927341702728836,-0.06738430553242146,-0.030205262659158794,0.03263853078307237,0.1316254418068655
671,255.4251274347216,4100.936453308112,54.0,-0.06856225267773834,-0.07437342644053418,-0.06738430553242146,-0.07061939337498294,0.03263853078307237,0.13531323084994396
672,220.87595282766387,4102.083892846976,54.0,-0.06856225267773834,-0.09100028226068954,-0.06738430553242146,-0.09294575284209575,0.03263853078307237,0.13254169207087793
673,373.0536264372821,4237.867458294468,54.0,-0.06856225267773834,-0.09956393055016768,-0.06738430553242146,-0.10000037724203058,0.03263853078307237,0.13725586039152202
674,362.3064081282481,4221.704404093187,54.0,-0.06856225267773834,-0.10964214754014326,-0.06738430553242146,-0.11407793742232636,0.03263853078307237,0.1305978269458644
675,372.2868734763583,4221.386114156595,54.0,-0.06856225267773834,-0.10973642313328284,-0.06738430553242146,-0.10726597239873573,0.03263853078307237,0.1343211527921904
676,348.8282222887337,4204.538514488947,54.0,-0.06856225267773834,-0.0700119709846545,-0.06738430553242146,-0.07254937653081694,0.03263853078307237,0.1457132469001519
677,329.5351738167448,4169.038905630156,54.0,-0.06856225267773834,-0.020887570550617032,-0.06738430553242146,-0.019989994829380645,0.03263853078307237,0.14285855194811176
678,346.62414930987774,4170.158415182179,54.0,-0.06856225267773834,-0.06724287459866511,-0.06738430553242146,-0.07159607242906857,0.03263853078307237,0.13763764328371664
679,364.6091053140706,4170.399258321844,54.0,-0.06856225267773834,-0.06106301519587066,-0.06738430553242146,-0.06321399935623935,0.03263853078307237,0.12287398577096988
680,334.60250706622514,4156.27046823521,54.0,-0.06856225267773834,-0.08165898313612555,-0.06738430553242146,-0.08674158681314059,0.03263853078307237,0.14081250795794056
681,355.5439209369716,4156.456968582675,54.0,-0.06856225267773834,-0.08086971165587808,-0.06738430553242146,-0.0754685561402949,0.03263853078307237,0.1293836521573184
682,299.7110510601282,4116.425155454023,54.0,-0.06856225267773834,0.0032516553044045944,-0.06738430553242146,0.0007557733392037949,0.03263853078307237,0.11977812015543156
683,320.9729984334359,4121.618338208264,54.0,-0.06856225267773834,-0.05580458402852672,-0.06738430553242146,-0.051919290987789427,0.03263853078307237,0.12892362476394464
684,268.5028234668558,4104.077574133915,54.0,-0.06856225267773834,-0.0903091919895548,-0.06738430553242146,-0.09014295796941954,0.03263853078307237,0.1337362058864255
685,308.95176142546023,4100.390848526726,54.0,-0.06856225267773834,-0.0022065460604669546,-0.06738430553242146,-0.0016980479291807363,0.03263853078307237,0.13568030952442126
686,321.7264183919306,4102.665007325553,54.0,-0.06856225267773834,-0.03735307961405061,-0.06738430553242146,-0.03800263204050845,0.03263853078307237,0.13848835827215625
687,219.27949383018264,4092.615330391432,54.0,-0.06856225267773834,-0.12498930607247315,-0.06738430553242146,-0.12138199952343284,0.03263853078307237,0.13399320113958696
688,241.15223999434448,4082.933807469713,54.0,-0.06856225267773834,-0.22576425981605144,-0.06738430553242146,-0.22748121690436013,0.03263853078307237,0.13449200175039644
689,255.9426322707364,4092.0033524375262,54.0,-0.06856225267773834,-0.06704438608626014,-0.06738430553242146,-0.06485613559328024,0.03263853078307237,0.127501361689681
690,302.40939418690647,4076.239930161057,54.0,-0.06856225267773834,-0.045241443720454744,-0.06738430553242146,-0.0411369217416218,0.03263853078307237,0.13625892433952588
691,823.8432151226995,4855.87050783927,54.0,-0.06856225267773834,0.08694008358398736,-0.06738430553242146,0.08596600921985326,0.03263853078307237,0.13945795393512447
692,819.3628651065428,4843.652568747224,54.0,-0.06856225267773834,0.21645047334809642,-0.06738430553242146,0.21345877180103817,0.03263853078307237,0.13282845108836858
693,820.4132859790924,4829.631034390841,54.0,-0.06856225267773834,0.16439750971078743,-0.06738430553242146,0.16748116334570617,0.03263853078307237,0.11855376496615298
694,833.8506821285372,4813.25043740029,54.0,-0.06856225267773834,0.1793838771439468,-0.06738430553242146,0.1853766317283401,0.03263853078307237,0.14096550502987248
695,807.9486503849818,4811.149543201454,54.0,-0.06856225267773834,0.12099996234689234,-0.06738430553242146,0.12484561156107342,0.03263853078307237,0.13104785560691948
696,-373.43476264910015,3766.461917060813,54.0,-0.06856225267773834,0.0562034324816524,-0.06738430553242146,0.05538493247886543,0.03263853078307237,0.14671113694934687
697,-404.9594998600836,3757.059047829879,54.0,-0.06856225267773834,0.08646265351396588,-0.06738430553242146,0.08593281736291379,0.03263853078307237,0.1297228684323995
698,-388.4341386667703,3754.2694742453887,54.0,-0.06856225267773834,0.08282090037195969,-0.06738430553242146,0.0838272346003335,0.03263853078307237,0.13015886879940314
699,-361.1239523797188,3752.790302079386,54.0,-0.06856225267773834,-0.002719027148640125,-0.06738430553242146,-0.009924467470540694,0.03263853078307237,0.13690850237162666
700,-420.5155790009941,3745.761874945407,54.0,-0.06856225267773834,0.12639317055836818,-0.06738430553242146,0.12887403582251017,0.03263853078307237,0.1377950454823779
701,-402.0863261984077,3740.578611177712,54.0,-0.06856225267773834,0.1078503099511759,-0.06738430553242146,0.10997741916295484,0.03263853078307237,0.1324339706467711
702,-374.17678074725006,3737.152975783385,54.0,-0.06856225267773834,-0.022129309758731487,-0.06738430553242146,-0.023593375188223714,0.03263853078307237,0.1269278777756796
703,-350.91326110736713,3715.884060741088,54.0,-0.06856225267773834,-0.012220051363670116,-0.06738430553242146,-0.006999453844219751,0.03263853078307237,0.14376453746208592
704,-400.3198472799375,3700.1520817218016,54.0,-0.06856225267773834,0.09013878761661366,-0.06738430553242146,0.08943807208900487,0.03263853078307237,0.1270990496486379
705,-379.6065561208264,3698.954138824738,54.0,-0.06856225267773834,0.13622151331755103,-0.06738430553242146,0.13369444706742617,0.03263853078307237,0.13233817454062266
706,-354.7620074744374,3695.953997662773,54.0,-0.06856225267773834,-0.004637916070332409,-0.06738430553242146,-0.0029588674128485913,0.03263853078307237,0.14476807104597209
707,-399.0727213039516,3689.444607369494,54.0,-0.06856225267773834,0.10934573193787091,-0.06738430553242146,0.10730166260274884,0.03263853078307237,0.13443301699768087
708,-375.6216397006036,3674.460164358082,54.0,-0.06856225267773834,-0.01097937569782741,-0.06738430553242146,-0.017341212270549418,0.03263853078307237,0.1352617069442825
709,-351.1479509122784,3665.503242462116,54.0,-0.06856225267773834,-0.0817547934488791,-0.06738430553242146,-0.08366144109095573,0.03263853078307237,0.14786968849112006
710,-389.7627570705973,3743.2169933727887,54.0,-0.06856225267773834,0.1362283537535637,-0.06738430553242146,0.13478798198132474,0.03263853078307237,0.12501530978965414
711,-366.9323951215805,3742.866649151627,54.0,-0.06856225267773834,-0.047322066762625944,-0.06738430553242146,-0.04785869187451272,0.03263853078307237,0.12755483591472286
712,-402.1052308230248,3707.5373006073055,54.0,-0.06856225267773834,0.04787151669196172,-0.06738430553242146,0.054773813635108,0.03263853078307237,0.128563617546299
713,-380.9661528592131,3689.457435245816,54.0,-0.06856225267773834,0.03801861750941048,-0.06738430553242146,0.038513016700726294,0.03263853078307237,0.13185454073122707
714,-413.19707339021727,3725.878044612585,54.0,-0.06856225267773834,0.10233198003219017,-0.06738430553242146,0.1043602803431573,0.03263853078307237,0.14144259550479185
715,-162.52306238605374,3916.201907568545,54.0,-0.06856225267773834,0.10794254050325537,-0.06738430553242146,0.10596967890535126,0.03263853078307237,0.12435074994535529
716,-133.3415231743852,3915.05509414729,54.0,-0.06856225267773834,0.17602800874372854,-0.06738430553242146,0.17539177857380495,0.03263853078307237,0.12817421757316658
717,-107.03856041422884,3912.688158453438,54.0,-0.06856225267773834,0.1231185161323968,-0.06738430553242146,0.12260245262274384,0.03263853078307237,0.1260365616659347
718,-185.24762128328757,3894.1527541873807,54.0,-0.06856225267773834,0.22409753556201262,-0.06738430553242146,0.22175150600837,0.03263853078307237,0.12946340534260484
719,-163.77609401928575,3898.3612294938825,54.0,-0.06856225267773834,0.19216795313158797,-0.06738430553242146,0.19563385836537234,0.03263853078307237,0.12573082298328345
720,-138.31483592452412,3903.081532209318,54.0,-0.06856225267773834,0.16995932113300238,-0.06738430553242146,0.17434867760901418,0.03263853078307237,0.12505768865177866
721,-176.60911080190527,3873.689646947577,54.0,-0.06856225267773834,0.06906238664634094,-0.06738430553242146,0.07327861664056298,0.03263853078307237,0.13161294669953644
722,-149.1571348158001,3881.691152823052,54.0,-0.06856225267773834,0.16658235076389208,-0.06738430553242146,0.1627734157305385,0.03263853078307237,0.12157005781004081
723,-131.5000538528961,3885.757679077044,54.0,-0.06856225267773834,0.26877315494312587,-0.06738430553242146,0.2715953602375355,0.03263853078307237,0.12759491654341604
724,-124.00630206861427,3866.008859174929,54.0,-0.06856225267773834,0.23489236524884974,-0.06738430553242146,0.23214252692704843,0.03263853078307237,0.13573445829364458
725,-188.24213287120952,3844.223822198344,54.0,-0.06856225267773834,0.07721236970290733,-0.06738430553242146,0.07432421952738241,0.03263853078307237,0.1304462017088904
726,-163.18022440468428,3835.315907696576,54.0,-0.06856225267773834,0.10287747783017377,-0.06738430553242146,0.10412786495704993,0.03263853078307237,0.13050375184405183
727,-143.89632797920137,3927.044930804073,54.0,-0.06856225267773834,0.07655936362815963,-0.06738430553242146,0.07278563260972526,0.03263853078307237,0.11416619373968509
728,-153.2235956101634,3841.402841089208,54.0,-0.06856225267773834,0.17396194803281334,-0.06738430553242146,0.17602984949278122,0.03263853078307237,0.13544297448988826
729,-134.8166939717991,3867.276296113637,54.0,-0.06856225267773834,0.14975511008210077,-0.06738430553242146,0.14996836924595214,0.03263853078307237,0.13010010366582017
730,-160.39702155560826,3872.236696721719,54.0,-0.06856225267773834,0.0437808232673603,-0.06738430553242146,0.046104229419098114,0.03263853078307237,0.12698806864268528
731,-170.93912756686086,3857.865301629393,54.0,-0.06856225267773834,-0.05817012844396575,-0.06738430553242146,-0.05897669880408302,0.03263853078307237,0.13487010462110965
732,-153.8352027724087,3881.8353385911855,54.0,-0.06856225267773834,0.13203110844702867,-0.06738430553242146,0.13221361492775918,0.03263853078307237,0.12164811779916138
733,-185.1723244532143,3862.5721872323993,54.0,-0.06856225267773834,-0.0023829258133288445,-0.06738430553242146,0.0047843698728637155,0.03263853078307237,0.13350062013135375
734,-201.39282667417103,3905.61281133974,54.0,-0.06856225267773834,0.12860617148242062,-0.06738430553242146,0.12534531221425604,0.03263853078307237,0.13166088227490294
735,-194.47015295781316,3889.527551350435,54.0,-0.06856225267773834,0.24287923375513273,-0.06738430553242146,0.24373746392029438,0.03263853078307237,0.12360928098462116
736,-167.4205538799331,3917.759500104368,54.0,-0.06856225267773834,0.08868091960621123,-0.06738430553242146,0.08975518281364711,0.03263853078307237,0.121835273029008
737,-143.8062093783999,3927.407261262322,54.0,-0.06856225267773834,0.07576286792221715,-0.06738430553242146,0.07537552792979972,0.03263853078307237,0.11418155492357497
738,-128.11374621265907,3902.904347709693,54.0,-0.06856225267773834,0.1748205283046173,-0.06738430553242146,0.17723771408481287,0.03263853078307237,0.13003808228192285
739,-109.38043299124205,3904.605524472531,54.0,-0.06856225267773834,0.17113727048937788,-0.06738430553242146,0.1745370870648354,0.03263853078307237,0.12209807353051758
740,-116.24285178055337,3863.5742101856567,54.0,-0.06856225267773834,0.20089883066984235,-0.06738430553242146,0.19868736844892804,0.03263853078307237,0.1326368566370214
741,-174.55729592021984,3890.937438124017,54.0,-0.06856225267773834,0.19475326466384227,-0.06738430553242146,0.1954203127100593,0.03263853078307237,0.12766435590549707
742,1.9277845768490225,3823.908729256164,54.0,-0.06856225267773834,-0.3265645645248711,-0.06738430553242146,-0.3230549650121628,0.03263853078307237,0.12385473385105623
743,-25.74162000676105,3821.09926387676,54.0,-0.06856225267773834,-0.42729640027812943,-0.06738430553242146,-0.4231857225165876,0.03263853078307237,0.13947450713170947
744,-14.341553360039486,3849.999377693335,54.0,-0.06856225267773834,-0.3181999124862354,-0.06738430553242146,-0.31324743251386833,0.03263853078307237,0.1391833436243715
745,9.734006700963306,3833.316219177283,54.0,-0.06856225267773834,-0.3445108856505229,-0.06738430553242146,-0.3418603636987094,0.03263853078307237,0.12346092599957723
746,15.208905088541387,3859.554982036448,54.0,-0.06856225267773834,-0.2482197706509586,-0.06738430553242146,-0.24871152199348623,0.03263853078307237,0.12893502334080278
747,451.7226557817759,4605.272919197221,54.0,-0.06856225267773834,0.06325662697066183,-0.06738430553242146,0.06449943513852882,0.03263853078307237,0.13675484126168116
748,469.53695878019,4631.78824899171,54.0,-0.06856225267773834,-0.04619255451425936,-0.06738430553242146,-0.04423252475269611,0.03263853078307237,0.15438682294171374
749,-506.2854616274147,3745.149439059346,54.0,-0.06856225267773834,-0.11387364627703526,-0.06738430553242146,-0.11534827349915558,0.03263853078307237,0.1273538265090304
750,-534.606119933744,3763.415805899948,54.0,-0.06856225267773834,-0.013959588259078934,-0.06738430553242146,-0.01584362376993819,0.03263853078307237,0.1469899881895245
751,-538.2739372748354,3736.42271139639,54.0,-0.06856225267773834,-0.02788253810522921,-0.06738430553242146,-0.033682029708146405,0.03263853078307237,0.1411855104263643
752,-503.4668716314065,3749.0075009138736,54.0,-0.06856225267773834,-0.06789326647359062,-0.06738430553242146,-0.06592555789074896,0.03263853078307237,0.12124654710706045
753,-487.9031031712161,3742.382310792889,54.0,-0.06856225267773834,-0.078033562746369,-0.06738430553242146,-0.07922600923951295,0.03263853078307237,0.13757624120638304
754,-518.1847377928273,3724.680691386569,54.0,-0.06856225267773834,-0.1448280654362991,-0.06738430553242146,-0.14749184133824428,0.03263853078307237,0.14003644525322345
755,469.3720137135748,4786.880795494608,54.0,-0.06856225267773834,0.17536340639467196,-0.06738430553242146,0.17137196145371889,0.03263853078307237,0.13479717427198168
756,459.4190816211761,4766.787538002149,54.0,-0.06856225267773834,0.08174757611756575,-0.06738430553242146,0.08447792713521685,0.03263853078307237,0.14814421897543192
757,457.7529359859426,4742.166364246548,54.0,-0.06856225267773834,-0.0208421098011673,-0.06738430553242146,-0.020313022692203662,0.03263853078307237,0.15139656149145408
758,430.9369550640612,4736.696942853924,54.0,-0.06856225267773834,-0.027491501809712257,-0.06738430553242146,-0.02855928888537424,0.03263853078307237,0.14724372316939635
759,64.11247040924663,3872.825368185757,54.0,-0.06856225267773834,0.00028762183510681123,-0.06738430553242146,0.003906394091412716,0.03263853078307237,0.13188347431006453
760,77.65905487220303,3909.3501493595386,54.0,-0.06856225267773834,-0.1250567538070564,-0.06738430553242146,-0.12202110706268687,0.03263853078307237,0.1382050088590998
761,32.823125034109225,3912.664070630043,54.0,-0.06856225267773834,-0.09339649251074818,-0.06738430553242146,-0.09174584802458804,0.03263853078307237,0.14194578824653514
762,45.6171520763773,3868.016782251201,54.0,-0.06856225267773834,-0.04275473598639945,-0.06738430553242146,-0.04578013596014005,0.03263853078307237,0.13130587308966904
763,67.19752621553442,3879.29954399636,54.0,-0.06856225267773834,-0.06316325894583905,-0.06738430553242146,-0.06626710273120118,0.03263853078307237,0.13661049789258636
764,329.4081606104876,3998.689087059467,54.0,-0.06856225267773834,0.12543980537056748,-0.06738430553242146,0.12524115730379587,0.03263853078307237,0.11838847970272667
765,343.5160136838465,3991.578570639738,54.0,-0.06856225267773834,-0.02977382954012144,-0.06738430553242146,-0.02952881652825598,0.03263853078307237,0.11435527568880988
766,326.1144591510769,3985.159052073012,54.0,-0.06856225267773834,0.05530919660594955,-0.06738430553242146,0.05229994184664902,0.03263853078307237,0.12517806528218842
767,355.0956935944724,3991.135378270276,54.0,-0.06856225267773834,-0.056320006355660805,-0.06738430553242146,-0.053685700028050294,0.03263853078307237,0.13751063192564628
768,348.40911047628657,3967.513791775754,54.0,-0.06856225267773834,-0.20157330958949693,-0.06738430553242146,-0.1934126556862864,0.03263853078307237,0.12213363280278346
769,361.37558788138097,3962.4633601457217,54.0,-0.06856225267773834,-0.2525099286289438,-0.06738430553242146,-0.2526486246400864,0.03263853078307237,0.1403574844072007
770,301.7826715226189,3985.67443842124,54.0,-0.06856225267773834,0.24495561659792955,-0.06738430553242146,0.2477198615363441,0.03263853078307237,0.1355188126818587
771,324.6121656230089,4002.446351914743,54.0,-0.06856225267773834,0.07946574530984604,-0.06738430553242146,0.08208412881201338,0.03263853078307237,0.12160366106516796
772,346.0410833035202,3997.847804836481,54.0,-0.06856225267773834,0.039464461204831824,-0.06738430553242146,0.04256394940891529,0.03263853078307237,0.1248649928051453
773,332.9339408519666,3975.749452511216,54.0,-0.06856225267773834,0.02165789048572707,-0.06738430553242146,0.025347155772951144,0.03263853078307237,0.12613809194102282
774,317.01123892056614,3988.895486735146,54.0,-0.06856225267773834,0.09762214670656154,-0.06738430553242146,0.09965925388276003,0.03263853078307237,0.1257085518686863
775,328.8394826947961,3993.550836550456,54.0,-0.06856225267773834,0.041371529802887504,-0.06738430553242146,0.03464933056558761,0.03263853078307237,0.1188200838948824
776,339.4763602589023,3985.015682510838,54.0,-0.06856225267773834,-0.02781475484375272,-0.06738430553242146,-0.029589729891846273,0.03263853078307237,0.11832079621224104
777,344.03861217691355,3970.208576259624,54.0,-0.06856225267773834,-0.078130207825178,-0.06738430553242146,-0.07895046521370375,0.03263853078307237,0.11574789402577665
778,-211.31902072657357,3961.00505155232,54.0,-0.06856225267773834,-0.2288573452389239,-0.06738430553242146,-0.23295651191469163,0.03263853078307237,0.13455675917637808
779,-220.7280618722674,3921.70947526317,54.0,-0.06856225267773834,0.3079344730223286,-0.06738430553242146,0.3037239541760517,0.03263853078307237,0.12851752906004912
780,-237.32088222167792,3935.218089324849,54.0,-0.06856225267773834,-0.0047360832871811715,-0.06738430553242146,-0.004153293845751839,0.03263853078307237,0.11789328082415276
781,-274.9589686987792,3927.862775208853,54.0,-0.06856225267773834,-0.06802087605907414,-0.06738430553242146,-0.06974808292964217,0.03263853078307237,0.1360681717265377
782,-267.48173061784684,3914.497260456359,54.0,-0.06856225267773834,0.13406434553203703,-0.06738430553242146,0.13492520186960144,0.03263853078307237,0.12422143823555355
783,-275.1961394385367,3889.546582295512,54.0,-0.06856225267773834,0.25662977436921414,-0.06738430553242146,0.25786244365893046,0.03263853078307237,0.13123249370497492
784,-301.9075316337328,3909.6895609842554,54.0,-0.06856225267773834,0.14336385971606708,-0.06738430553242146,0.142295053526679,0.03263853078307237,0.1280226189009317
785,-316.3799621335906,3897.040788971913,54.0,-0.06856225267773834,-0.14728601384509593,-0.06738430553242146,-0.14646862786301457,0.03263853078307237,0.1415524779708804
786,-325.43376241113504,3862.4680735279408,54.0,-0.06856225267773834,0.07039823514545582,-0.06738430553242146,0.070037614370153,0.03263853078307237,0.11918735086231971
787,-334.9041792227584,3838.7410632234864,54.0,-0.06856225267773834,0.04458241316863484,-0.06738430553242146,0.041185892521850856,0.03263853078307237,0.1248803841667179
788,-339.9484861477804,3874.699950437256,54.0,-0.06856225267773834,0.007736489874301465,-0.06738430553242146,0.0074307763080592145,0.03263853078307237,0.13231402811227408
789,-348.5218148107753,3852.772908442407,54.0,-0.06856225267773834,0.04209439551835794,-0.06738430553242146,0.04287218140578297,0.03263853078307237,0.12835232419333814
790,-212.01572236275788,3941.715268979583,54.0,-0.06856225267773834,-0.20533656451544546,-0.06738430553242146,-0.20761981313601713,0.03263853078307237,0.12832220864151297
791,-246.002423575228,3925.582992152925,54.0,-0.06856225267773834,0.08543717354314587,-0.06738430553242146,0.0804509674092147,0.03263853078307237,0.1217004955373013
792,-222.33366666999925,4024.177170602505,54.0,-0.06856225267773834,-0.15205759826752283,-0.06738430553242146,-0.1508835368784029,0.03263853078307237,0.15202695242398964
793,-198.95663681156643,4033.374445441812,54.0,-0.06856225267773834,-0.11158653120558579,-0.06738430553242146,-0.11354600708347559,0.03263853078307237,0.14480402014918664
794,-186.97901038579923,4043.687913582171,54.0,-0.06856225267773834,0.026663181060224927,-0.06738430553242146,0.026331642452079987,0.03263853078307237,0.1536671398695713
795,-204.4101306880948,3933.491052087412,54.0,-0.06856225267773834,-0.021551680941625705,-0.06738430553242146,-0.019587748443961585,0.03263853078307237,0.12686798824035164
796,-221.0025600671725,3926.6580830205703,54.0,-0.06856225267773834,0.20060707976176728,-0.06738430553242146,0.19962797064430482,0.03263853078307237,0.12864415592269934
797,-254.16694977190264,3929.4688952512015,54.0,-0.06856225267773834,-0.04591651043491485,-0.06738430553242146,-0.050392031923808075,0.03263853078307237,0.1293187473660512
798,-272.92072447444207,3916.205604383721,54.0,-0.06856225267773834,0.02217236291143883,-0.06738430553242146,0.02542622551248336,0.03263853078307237,0.12397580708701429
799,-265.0502416392309,3890.639245876809,54.0,-0.06856225267773834,0.20872147540824856,-0.06738430553242146,0.20526479107864937,0.03263853078307237,0.13327120054241304
800,-305.0054529490755,3895.678747236552,54.0,-0.06856225267773834,0.02129001539234206,-0.06738430553242146,0.026602268128633123,0.03263853078307237,0.1300017549025806
801,-321.8097667276481,3875.861948073805,54.0,-0.06856225267773834,0.012046388225160702,-0.06738430553242146,0.012606409142416342,0.03263853078307237,0.13477058413159315
802,-285.02350266437804,3893.5060598089713,54.0,-0.06856225267773834,0.2429021743975196,-0.06738430553242146,0.24764840494928927,0.03263853078307237,0.1300595755259896
803,-325.60180416002567,3862.5617444854206,54.0,-0.06856225267773834,0.06814612122798286,-0.06738430553242146,0.06781498255611412,0.03263853078307237,0.11883008197913703
804,-198.48172235255237,3962.303825509364,54.0,-0.06856225267773834,-0.1907607937162669,-0.06738430553242146,-0.18990848438256105,0.03263853078307237,0.13934360522756564
805,-245.12942589735192,3951.303957723816,54.0,-0.06856225267773834,-0.2722633156483014,-0.06738430553242146,-0.2739307918873084,0.03263853078307237,0.1401489319796809
806,-242.5354076593333,3921.677539000169,54.0,-0.06856225267773834,0.17543455578372816,-0.06738430553242146,0.1743220921399938,0.03263853078307237,0.12269707035533775
807,-294.2191221519013,3908.731258999061,54.0,-0.06856225267773834,0.16109296468267137,-0.06738430553242146,0.16175467235630622,0.03263853078307237,0.12838431258021887
808,-338.47089415442724,3843.274304183631,54.0,-0.06856225267773834,0.039948308259716576,-0.06738430553242146,0.03895332091209072,0.03263853078307237,0.12475304565379684
809,-224.04897310096092,3960.4650681106295,54.0,-0.06856225267773834,-0.25170404695605186,-0.06738430553242146,-0.2574857920805519,0.03263853078307237,0.13792185835336251
810,-236.9623812718686,3941.249035298143,54.0,-0.06856225267773834,-0.13476617662705329,-0.06738430553242146,-0.13506140073419992,0.03263853078307237,0.12197222166718537
811,572.9048472765722,4786.747663651523,54.0,-0.06856225267773834,-0.056176564042081246,-0.06738430553242146,-0.04809434265980914,0.03263853078307237,0.149165372211369
812,573.470920004366,4818.2752828395405,54.0,-0.06856225267773834,-0.032452177369430506,-0.06738430553242146,-0.028491161499397975,0.03263853078307237,0.14766518819189747
813,565.6577383414963,4767.648796143017,54.0,-0.06856225267773834,0.1323195319631002,-0.06738430553242146,0.1337186389218887,0.03263853078307237,0.13561624222228735
814,325.04419856673445,3890.523033053691,54.0,-0.06856225267773834,0.25637647612926395,-0.06738430553242146,0.25774445814365665,0.03263853078307237,0.1368297650820093
815,326.8205357700357,3870.82711033228,54.0,-0.06856225267773834,0.1332217356057693,-0.06738430553242146,0.13013540627492728,0.03263853078307237,0.12258434797198497
816,322.07013414792897,3854.3413164341778,54.0,-0.06856225267773834,0.2804901183984727,-0.06738430553242146,0.2819775533613473,0.03263853078307237,0.13835801096276198
817,300.148444319119,3836.049470583129,54.0,-0.06856225267773834,0.042763234157077376,-0.06738430553242146,0.04913059119957463,0.03263853078307237,0.12884539498087189
818,298.4736831184446,3865.427505089792,54.0,-0.06856225267773834,0.1323114822166076,-0.06738430553242146,0.127639279769601,0.03263853078307237,0.13012012908607298
819,312.55779460009745,3872.429480945586,54.0,-0.06856225267773834,0.23455993523266364,-0.06738430553242146,0.23593932140576307,0.03263853078307237,0.1212315664814462
820,309.97405298229904,3896.896670356153,54.0,-0.06856225267773834,0.023172976672222914,-0.06738430553242146,0.025933295789094278,0.03263853078307237,0.1312712151150286
821,281.68860591242515,3899.277797409469,54.0,-0.06856225267773834,0.14012252524044727,-0.06738430553242146,0.13965665076182132,0.03263853078307237,0.12937600907865546
822,258.026281620782,3903.2885999367545,54.0,-0.06856225267773834,0.05205576095528319,-0.06738430553242146,0.05278729769608689,0.03263853078307237,0.13310779098577838
823,225.26275792109743,3851.6329722134415,54.0,-0.06856225267773834,-0.21488186342252438,-0.06738430553242146,-0.20987225351623048,0.03263853078307237,0.13628104836067717
824,238.67127808163656,3887.54982630175,54.0,-0.06856225267773834,-0.0024271426126691903,-0.06738430553242146,-0.004206179810130091,0.03263853078307237,0.13518646075465107
825,216.78058276365192,3875.401286069962,54.0,-0.06856225267773834,-0.10891171981864027,-0.06738430553242146,-0.10939311853598326,0.03263853078307237,0.12716690113480658
826,194.69215329829044,3859.7518318258,54.0,-0.06856225267773834,-0.2022215796757193,-0.06738430553242146,-0.20284147823142726,0.03263853078307237,0.1297376816475531
827,184.8894463734039,3844.197419775655,54.0,-0.06856225267773834,-0.21120547205536744,-0.06738430553242146,-0.2106863874450348,0.03263853078307237,0.13700004201006594
828,216.67804085346188,3854.6589930314367,54.0,-0.06856225267773834,-0.2002362207318623,-0.06738430553242146,-0.20460400009412613,0.03263853078307237,0.12844668794996142
829,201.6426748967095,3841.084954194472,54.0,-0.06856225267773834,-0.21115004966001222,-0.06738430553242146,-0.2137262457844667,0.03263853078307237,0.14084616911668116
830,245.1738650954148,3910.692918075235,54.0,-0.06856225267773834,0.04504404849667718,-0.06738430553242146,0.04530233896504482,0.03263853078307237,0.13385492309553532
831,219.492026721324,3902.160321959544,54.0,-0.06856225267773834,0.08162562518999064,-0.06738430553242146,0.08225068172407142,0.03263853078307237,0.12796019279426477
832,233.00864843063775,3870.269977730515,54.0,-0.06856225267773834,-0.1513397280285253,-0.06738430553242146,-0.14797504728850974,0.03263853078307237,0.13485707102857775
833,211.7067472244628,3878.559134011484,54.0,-0.06856225267773834,-0.11482344901398465,-0.06738430553242146,-0.11460430498110843,0.03263853078307237,0.1246970902975667
834,258.4336883859368,3877.8657284365577,54.0,-0.06856225267773834,0.02604984594327025,-0.06738430553242146,0.020664093951696473,0.03263853078307237,0.12933316955683322
835,265.3096747297514,3890.540840509381,54.0,-0.06856225267773834,0.1365759264669842,-0.06738430553242146,0.13963360426848287,0.03263853078307237,0.13317906516669661
836,325.17422066430987,3868.80579167809,54.0,-0.06856225267773834,0.1386011381499084,-0.06738430553242146,0.13644321981975785,0.03263853078307237,0.12329216397675485
837,244.26666170076163,3867.105363176406,54.0,-0.06856225267773834,-0.08047022432579176,-0.06738430553242146,-0.07897626818911971,0.03263853078307237,0.12979572446199078
838,278.4112143194352,3898.247540754817,54.0,-0.06856225267773834,0.1360235359597595,-0.06738430553242146,0.13594436861458736,0.03263853078307237,0.12898330878015102
839,315.6588536998603,3884.383887990511,54.0,-0.06856225267773834,0.17966886124083692,-0.06738430553242146,0.17711511931394996,0.03263853078307237,0.12492054711710007
840,296.21345872966407,3852.992610644512,54.0,-0.06856225267773834,0.2231473178325614,-0.06738430553242146,0.2195574999331344,0.03263853078307237,0.13535558944959242
841,314.258204840562,3850.878766542768,54.0,-0.06856225267773834,0.23682817302742298,-0.06738430553242146,0.2333500524820637,0.03263853078307237,0.13634305480953732
842,301.5535634179998,3839.126306448653,54.0,-0.06856225267773834,0.055747803029229805,-0.06738430553242146,0.05805518346747716,0.03263853078307237,0.12670285886788976
843,309.4684575390872,3872.32704628831,54.0,-0.06856225267773834,0.21867632573198303,-0.06738430553242146,0.22170863675885819,0.03263853078307237,0.12163864840247318
844,271.0794516397593,3873.021199386558,54.0,-0.06856225267773834,0.0888247985427263,-0.06738430553242146,0.08476775139120625,0.03263853078307237,0.13869822611524127
845,418.3279091794528,4088.79789404924,54.0,-0.06856225267773834,0.023885035490733043,-0.06738430553242146,0.024363842358803543,0.03263853078307237,0.13083285931072705
846,393.5062405176661,4094.4322381805127,54.0,-0.06856225267773834,-0.005541513923058719,-0.06738430553242146,-0.005386592562707565,0.03263853078307237,0.12805183545853097
847,400.3313909243413,4047.66133186713,54.0,-0.06856225267773834,0.15815442801295182,-0.06738430553242146,0.15827471259902282,0.03263853078307237,0.12382473948649161
848,375.7370348868046,4027.7319162946624,54.0,-0.06856225267773834,0.02765826778708064,-0.06738430553242146,0.031666080462609394,0.03263853078307237,0.14556174069868916
849,426.0873277925459,4044.716857998372,54.0,-0.06856225267773834,0.41953044011973156,-0.06738430553242146,0.4183325010936768,0.03263853078307237,0.12668058144771704
850,362.17199524503343,4082.865688514489,54.0,-0.06856225267773834,0.19469109568741286,-0.06738430553242146,0.19968073121316343,0.03263853078307237,0.1347736823029796
851,379.32967125049646,4082.7270292645976,54.0,-0.06856225267773834,0.10322309769983269,-0.06738430553242146,0.10495906480153085,0.03263853078307237,0.12444162519624263
852,396.279303214471,4080.2510948158647,54.0,-0.06856225267773834,-0.028193095542879146,-0.06738430553242146,-0.020374443419311723,0.03263853078307237,0.13458822969891285
853,412.8630024415256,4079.543733428927,54.0,-0.06856225267773834,0.08440441669015601,-0.06738430553242146,0.08200751995224426,0.03263853078307237,0.1270373845573226
854,390.0869155343114,4063.230642872049,54.0,-0.06856225267773834,0.1676193687761137,-0.06738430553242146,0.16692791596817794,0.03263853078307237,0.13261148047568586
855,409.2580805256216,4061.619137215324,54.0,-0.06856225267773834,0.17878317500596433,-0.06738430553242146,0.1773055831236939,0.03263853078307237,0.13104461053606678
856,426.6160858045599,4065.7017923821263,54.0,-0.06856225267773834,0.2671469485682512,-0.06738430553242146,0.26198824471517806,0.03263853078307237,0.12868392618312124
857,376.0794496043232,4045.9459437511223,54.0,-0.06856225267773834,0.26212295597243235,-0.06738430553242146,0.2614685946081149,0.03263853078307237,0.1359276479562062
858,398.3143118189128,4046.608749255166,54.0,-0.06856225267773834,0.16958046955055545,-0.06738430553242146,0.172658178154946,0.03263853078307237,0.12540962561009036
859,417.2204341967305,4045.130344334564,54.0,-0.06856225267773834,0.3476079752608628,-0.06738430553242146,0.3482989852986607,0.03263853078307237,0.1322351614888609
860,383.6118848781027,4094.0408541803,54.0,-0.06856225267773834,0.17135905326221593,-0.06738430553242146,0.1692250398570107,0.03263853078307237,0.1235004348665684
861,717.0231393689389,4816.317861780097,54.0,-0.06856225267773834,-0.033785808069121945,-0.06738430553242146,-0.030759435740347355,0.03263853078307237,0.13155901483674406
862,734.7719603112209,4807.339234177854,54.0,-0.06856225267773834,0.0328785688149546,-0.06738430553242146,0.032427823623229254,0.03263853078307237,0.1285396295450744
863,697.3348802667408,4793.758636608686,54.0,-0.06856225267773834,0.17465992520435272,-0.06738430553242146,0.1747418507202,0.03263853078307237,0.13543055363292827
864,655.8608069869983,4781.911311219037,54.0,-0.06856225267773834,0.08115316462230776,-0.06738430553242146,0.08211311717622909,0.03263853078307237,0.13967618820854333
865,712.9824267364081,4777.590250308541,54.0,-0.06856225267773834,0.20117325136428083,-0.06738430553242146,0.19895025791019366,0.03263853078307237,0.12160480834249837
866,668.2282066139936,4750.880796648703,54.0,-0.06856225267773834,0.13142768661457271,-0.06738430553242146,0.13411256373091834,0.03263853078307237,0.14522048689324318
867,706.0578596628206,4742.952353167281,54.0,-0.06856225267773834,0.16955316111947058,-0.06738430553242146,0.1703242781998469,0.03263853078307237,0.13963392990819629
868,676.8632672784381,4706.037975065071,54.0,-0.06856225267773834,0.1688935115603954,-0.06738430553242146,0.171795239742672,0.03263853078307237,0.1469994595095607
869,657.6587194445295,4799.709264851667,54.0,-0.06856225267773834,-0.06133858160170232,-0.06738430553242146,-0.0661225163235532,0.03263853078307237,0.14732966491525698
870,653.7950700859194,4748.564883259625,54.0,-0.06856225267773834,0.165823514621056,-0.06738430553242146,0.16192247796641396,0.03263853078307237,0.148084895427104
871,-92.0214114912519,3766.382293386853,54.0,-0.06856225267773834,0.038056053860327475,-0.06738430553242146,0.03894687805473068,0.03263853078307237,0.12860845318401506
872,-93.85219317436987,3755.7075478339193,54.0,-0.06856225267773834,0.06688189823575028,-0.06738430553242146,0.06480911291924157,0.03263853078307237,0.1278173674954172
873,-111.90305233878944,3768.4491518679,54.0,-0.06856225267773834,0.06424142870771687,-0.06738430553242146,0.06970630852694983,0.03263853078307237,0.1346589848616151
874,-127.89461504541896,3775.704322550012,54.0,-0.06856225267773834,0.20385713591115062,-0.06738430553242146,0.2032218674456474,0.03263853078307237,0.13233564892254113
875,-130.25309186349332,3757.715778785631,54.0,-0.06856225267773834,0.18494883981010707,-0.06738430553242146,0.18671360004336407,0.03263853078307237,0.12921574625615884
876,-141.06702293120463,3788.1607482074223,54.0,-0.06856225267773834,0.1794594447735433,-0.06738430553242146,0.17621203790569956,0.03263853078307237,0.12177510390007162
877,-155.24939862132854,3770.880467030972,54.0,-0.06856225267773834,-0.0301024793407648,-0.06738430553242146,-0.024562398476403693,0.03263853078307237,0.13505188656527567
878,-164.4795078687612,3789.103286028052,54.0,-0.06856225267773834,-0.018747344041762825,-0.06738430553242146,-0.02092342962446094,0.03263853078307237,0.12590394768403504
879,-102.38986574887532,3756.266858370933,54.0,-0.06856225267773834,0.03554779913868738,-0.06738430553242146,0.03300789704848427,0.03263853078307237,0.1244420005560275
880,-138.45523360743735,3784.989842871927,54.0,-0.06856225267773834,0.21578715511981006,-0.06738430553242146,0.21311252352541366,0.03263853078307237,0.12364813231355551
881,-135.97189737011166,3769.9233764008513,54.0,-0.06856225267773834,0.1956180480714682,-0.06738430553242146,0.19363020961186767,0.03263853078307237,0.12893231729465837
882,-97.69554891479424,3779.972848397416,54.0,-0.06856225267773834,-0.13026845683538243,-0.06738430553242146,-0.1290737182784226,0.03263853078307237,0.13641992834888816
883,-120.2634109186522,3744.879416152507,54.0,-0.06856225267773834,0.10302556565473257,-0.06738430553242146,0.09959262319980122,0.03263853078307237,0.127998026712896
884,-156.924534585463,3784.9748286003496,54.0,-0.06856225267773834,0.02833096816991525,-0.06738430553242146,0.03246351507041893,0.03263853078307237,0.1263344862404421
885,327.9247883281511,3963.7608357246586,54.0,-0.06856225267773834,0.004008046471493,-0.06738430553242146,0.005343347806557954,0.03263853078307237,0.1254744273294992
886,332.2728487453242,3955.63210174711,54.0,-0.06856225267773834,-0.010772312589960273,-0.06738430553242146,-0.013604372290796782,0.03263853078307237,0.11562317550010054
887,364.57712380559593,3776.74559736748,54.0,-0.06856225267773834,0.022836134882952063,-0.06738430553242146,0.02487987792029958,0.03263853078307237,0.15381135211246336
888,387.9276208759748,3665.165766546727,54.0,-0.06856225267773834,0.2635187273977097,-0.06738430553242146,0.26022944379124946,0.03263853078307237,0.1687511544346601
889,342.9721527010015,3948.745347291568,54.0,-0.06856225267773834,-0.15930588213416227,-0.06738430553242146,-0.159225143523833,0.03263853078307237,0.11938863360982918
890,330.5930561410029,3952.47921941426,54.0,-0.06856225267773834,-0.0018131544213818107,-0.06738430553242146,-0.00041198970972826333,0.03263853078307237,0.11382097922980987
891,-100.4168935768999,3930.978631826396,54.0,-0.06856225267773834,0.07448508452056084,-0.06738430553242146,0.07148765742183173,0.03263853078307237,0.12928828471176668
892,-117.70848810354678,3932.343097354881,54.0,-0.06856225267773834,0.06245972363420829,-0.06738430553242146,0.058956126746205054,0.03263853078307237,0.1305603221936103
893,-151.82872063398,3944.3503644953935,54.0,-0.06856225267773834,0.03592268142540846,-0.06738430553242146,0.03773986324081063,0.03263853078307237,0.13852258096386727
894,-183.8079702103253,3930.364447740388,54.0,-0.06856225267773834,0.052645496743012894,-0.06738430553242146,0.056141399877295745,0.03263853078307237,0.12150931179931006
895,-200.8556110931154,3919.167762298929,54.0,-0.06856225267773834,0.08962338065005446,-0.06738430553242146,0.08539864061388956,0.03263853078307237,0.13183822492729305
896,-117.44853647594596,3923.077543792965,54.0,-0.06856225267773834,0.038631860420163706,-0.06738430553242146,0.03858518387493058,0.03263853078307237,0.1271896157220702
897,-193.0671079313358,3925.334640995718,54.0,-0.06856225267773834,0.04312498296962811,-0.06738430553242146,0.04469660234162877,0.03263853078307237,0.12421328657406813
898,-182.80882168342347,3938.420844118436,54.0,-0.06856225267773834,0.02034032932625503,-0.06738430553242146,0.019665982145233088,0.03263853078307237,0.12479444878776327
899,-169.22454351660818,3949.864122291554,54.0,-0.06856225267773834,-0.06319704205700806,-0.06738430553242146,-0.05945654420198163,0.03263853078307237,0.13935952155462744
900,199.6253137223575,4097.533562704541,54.0,-0.06856225267773834,-0.1648625638392233,-0.06738430553242146,-0.16982754462621868,0.03263853078307237,0.1321131009474554
901,180.5705992492557,4080.48024937745,54.0,-0.06856225267773834,-0.16430795957120314,-0.06738430553242146,-0.1618721545316144,0.03263853078307237,0.12951045474469125
902,190.41227169080057,4085.240191257141,54.0,-0.06856225267773834,-0.24840617522433375,-0.06738430553242146,-0.24793119750170747,0.03263853078307237,0.1307179478663878
903,133.27665841837006,4066.2926462204714,54.0,-0.06856225267773834,0.07620636226712316,-0.06738430553242146,0.07459960484735012,0.03263853078307237,0.12405508744589017
904,161.45756366945437,4064.809444564428,54.0,-0.06856225267773834,-0.05137528479623606,-0.06738430553242146,-0.049976226420179876,0.03263853078307237,0.12717755159769786
905,167.52959921164822,4057.890748444691,54.0,-0.06856225267773834,-0.10601409331650741,-0.06738430553242146,-0.10650686883911908,0.03263853078307237,0.1238149735516197
906,154.67860682326315,4055.93008952698,54.0,-0.06856225267773834,-0.08182464416048019,-0.06738430553242146,-0.08249611577513331,0.03263853078307237,0.11621675709191077
907,131.86898071170762,4053.9416228862974,54.0,-0.06856225267773834,0.055556613078136245,-0.06738430553242146,0.05143372485088378,0.03263853078307237,0.12027866315711266
908,176.52045162103826,4054.157155351148,54.0,-0.06856225267773834,-0.12951704291632504,-0.06738430553242146,-0.13294382413492056,0.03263853078307237,0.1340673550969859
909,144.58738366308845,4040.185673265095,54.0,-0.06856225267773834,-0.014421418927635554,-0.06738430553242146,-0.014341024232517825,0.03263853078307237,0.11212338749778537
910,137.0304050103369,4090.0427831962857,54.0,-0.06856225267773834,0.01615018446327415,-0.06738430553242146,0.01809376258792869,0.03263853078307237,0.14023738441229766
911,146.06286604885338,4070.4912970347327,54.0,-0.06856225267773834,0.027019167898516515,-0.06738430553242146,0.02725543609511811,0.03263853078307237,0.12888350253086897
912,184.90358304539177,4077.551448109347,54.0,-0.06856225267773834,-0.21393838089666536,-0.06738430553242146,-0.216296653927056,0.03263853078307237,0.12781552581650807
913,138.3086584571955,4055.180570312392,54.0,-0.06856225267773834,0.037619915672308955,-0.06738430553242146,0.0369829916826315,0.03263853078307237,0.11822378988818902
914,156.30249231265788,4054.163957898228,54.0,-0.06856225267773834,-0.09878058367167424,-0.06738430553242146,-0.09625218356945107,0.03263853078307237,0.11583812952969734
915,144.93487867158464,4040.1157796648927,54.0,-0.06856225267773834,-0.01244092894455459,-0.06738430553242146,-0.007762962188526314,0.03263853078307237,0.11273023023455234
916,-14.089789104907949,3785.508897541508,54.0,-0.06856225267773834,-0.006961011330086418,-0.06738430553242146,-0.007642992565799502,0.03263853078307237,0.1300256033957474
917,-9.925235130187474,3764.08366154794,54.0,-0.06856225267773834,0.12618688264302308,-0.06738430553242146,0.12152485785989858,0.03263853078307237,0.13547649694907746
918,16.170423993237026,3756.447032381564,54.0,-0.06856225267773834,0.1280732068650014,-0.06738430553242146,0.12817337593593037,0.03263853078307237,0.132624249335455
919,-11.141473043724488,3725.886702828202,54.0,-0.06856225267773834,-0.04110597632722957,-0.06738430553242146,-0.044589714386704324,0.03263853078307237,0.13079480826238482
920,30.8317163158991,3728.685939677773,54.0,-0.06856225267773834,-0.3441906746964833,-0.06738430553242146,-0.3407753559015988,0.03263853078307237,0.13794199205839067
921,15.043445181788934,3715.8110582869726,54.0,-0.06856225267773834,-0.19125356239685115,-0.06738430553242146,-0.1895331864779985,0.03263853078307237,0.14501958664793027
922,1.0232192929827142,3799.386055081737,54.0,-0.06856225267773834,-0.029872995155736687,-0.06738430553242146,-0.032215625855310244,0.03263853078307237,0.12755083984524987
923,3.004810249261907,3742.404604751321,54.0,-0.06856225267773834,-0.05849143587151571,-0.06738430553242146,-0.05600712464351704,0.03263853078307237,0.12085558563943948
924,-34.95691718764405,3775.115165439217,54.0,-0.06856225267773834,-0.16047268990202027,-0.06738430553242146,-0.1601701784848591,0.03263853078307237,0.13899747941844173
925,-3.976707935406477,3790.887532136633,54.0,-0.06856225267773834,0.03660634534259986,-0.06738430553242146,0.03548404981213618,0.03263853078307237,0.12878311311054463
926,-23.639994217954985,3791.306169721887,54.0,-0.06856225267773834,-0.1732270405406069,-0.06738430553242146,-0.17838188877595912,0.03263853078307237,0.13710250745069616
927,-6.626156437287864,3726.2710578770343,54.0,-0.06856225267773834,-0.12555780750880538,-0.06738430553242146,-0.1290618766444525,0.03263853078307237,0.12554166991408258
928,23.08560742794845,3730.459636285315,54.0,-0.06856225267773834,-0.31528364282523014,-0.06738430553242146,-0.3171429622318319,0.03263853078307237,0.1339303594636511
929,-1.177771162963938,3741.453930125509,54.0,-0.06856225267773834,-0.07535927353531423,-0.06738430553242146,-0.08204399777958388,0.03263853078307237,0.12384787453931953
930,-15.66548375733837,3741.6238639024086,54.0,-0.06856225267773834,-0.03304875299259679,-0.06738430553242146,-0.03535191891560621,0.03263853078307237,0.1317249523234593
931,-11.032979497787542,3811.934593534735,54.0,-0.06856225267773834,-0.31336800645951557,-0.06738430553242146,-0.3113172277552151,0.03263853078307237,0.1331669366873532
932,-46.00446954103198,3809.903916821808,54.0,-0.06856225267773834,-0.521175519091616,-0.06738430553242146,-0.5239868331011837,0.03263853078307237,0.14400426544279318
933,-35.47065700717375,3757.803246760093,54.0,-0.06856225267773834,-0.10727682311406656,-0.06738430553242146,-0.10484517666511561,0.03263853078307237,0.13808173808097898
934,-365.5449472651887,3844.923133756668,54.0,-0.06856225267773834,-0.12492556932398341,-0.06738430553242146,-0.12137494824810398,0.03263853078307237,0.1269841669249002
935,-404.3169497068079,3847.280124510167,54.0,-0.06856225267773834,-0.15389269475319164,-0.06738430553242146,-0.15787477118646698,0.03263853078307237,0.12782060911472615
936,-426.80940638540346,3840.4396818768737,54.0,-0.06856225267773834,-0.23892502750447608,-0.06738430553242146,-0.23240794453507874,0.03263853078307237,0.132203652707738
937,-430.10570094557687,3824.844250380473,54.0,-0.06856225267773834,-0.14929149987131585,-0.06738430553242146,-0.15549358999602766,0.03263853078307237,0.12252316124474814
938,-404.2850942785308,3824.185449432093,54.0,-0.06856225267773834,-0.17889097518410946,-0.06738430553242146,-0.18457626900794283,0.03263853078307237,0.12257132546493912
939,-387.5803323118312,3805.307151192845,54.0,-0.06856225267773834,-0.014020136038116556,-0.06738430553242146,-0.014935175609193056,0.03263853078307237,0.13205232634678327
940,-347.06149835086603,3826.251861541413,54.0,-0.06856225267773834,-0.02031389543889757,-0.06738430553242146,-0.02473366258744889,0.03263853078307237,0.12675587740608685
941,-331.78244143248816,3824.7065382645146,54.0,-0.06856225267773834,0.1380952802596114,-0.06738430553242146,0.14272834592624728,0.03263853078307237,0.11738301242247387
942,-422.5455709687562,3814.5572286094944,54.0,-0.06856225267773834,-0.13101198847453904,-0.06738430553242146,-0.13088056282770377,0.03263853078307237,0.12393707893651322
943,-405.0491789294172,3804.950457916575,54.0,-0.06856225267773834,-0.0972280495337,-0.06738430553242146,-0.09928667068443547,0.03263853078307237,0.12614203421442413
944,-375.2625317522474,3806.274998549873,54.0,-0.06856225267773834,0.08469574890486858,-0.06738430553242146,0.08238260491583838,0.03263853078307237,0.1373043065986085
945,-324.4374894603114,3809.0351637860767,54.0,-0.06856225267773834,0.10300983970910706,-0.06738430553242146,0.10253388682726106,0.03263853078307237,0.12526238215215382
946,-323.37869107917845,3794.1605352946544,54.0,-0.06856225267773834,0.09197388528799604,-0.06738430553242146,0.0934496534442042,0.03263853078307237,0.13259742688612036
947,-300.24385858311143,3785.907132981712,54.0,-0.06856225267773834,0.07500632909243954,-0.06738430553242146,0.07308517884380342,0.03263853078307237,0.14293416681879378
948,-322.7466350537741,3780.7052923180495,54.0,-0.06856225267773834,0.12485711330736801,-0.06738430553242146,0.12492323679480938,0.03263853078307237,0.14107159644921793
949,-410.71675667600334,3818.6661092592935,54.0,-0.06856225267773834,-0.1699860631475769,-0.06738430553242146,-0.16961315930256732,0.03263853078307237,0.11863976691881807
950,-318.88329414751405,3818.9288382704895,54.0,-0.06856225267773834,0.16592681646132063,-0.06738430553242146,0.16795492880865512,0.03263853078307237,0.12924495908685013
951,-326.3434765158958,3801.390735089175,54.0,-0.06856225267773834,0.0758986306181655,-0.06738430553242146,0.0740884325079129,0.03263853078307237,0.12517624921525447
952,-330.9905831547808,3820.9309390757303,54.0,-0.06856225267773834,0.12544040514491503,-0.06738430553242146,0.1219825370860578,0.03263853078307237,0.12066327745828301
953,-397.3841504799605,3803.674758178313,54.0,-0.06856225267773834,-0.1181000876228206,-0.06738430553242146,-0.11514891139250771,0.03263853078307237,0.12363851161039661
954,-419.2811331727221,3819.932467451428,54.0,-0.06856225267773834,-0.1544830893864786,-0.06738430553242146,-0.1534685881615649,0.03263853078307237,0.11731096687502182
955,-430.0306146106633,3823.248815696748,54.0,-0.06856225267773834,-0.13852079405432807,-0.06738430553242146,-0.14292581423284237,0.03263853078307237,0.12424364575435547
956,-356.75431567410976,3871.390050348002,54.0,-0.06856225267773834,0.061800769220511934,-0.06738430553242146,0.05511152688087743,0.03263853078307237,0.1398000377754312
957,-361.4765283296221,3855.8723056535537,54.0,-0.06856225267773834,0.018106474420929036,-0.06738430553242146,0.015004459567962435,0.03263853078307237,0.13061484967464604
958,-359.4180979857128,3824.821999979614,54.0,-0.06856225267773834,-0.02367163600767471,-0.06738430553242146,-0.01826096123994638,0.03263853078307237,0.13456163962529513
959,-389.52855139742405,3828.604088282125,54.0,-0.06856225267773834,-0.054564324105079116,-0.06738430553242146,-0.05689833034930708,0.03263853078307237,0.13457339153791462
960,-405.1070033799106,3843.96989474742,54.0,-0.06856225267773834,-0.11377400480421952,-0.06738430553242146,-0.11522527068116531,0.03263853078307237,0.12291440287682352
961,-385.96925192827536,3848.54266155951,54.0,-0.06856225267773834,0.007478537167694222,-0.06738430553242146,0.01185465987759728,0.03263853078307237,0.1369380312098415
962,-349.86677463547466,3797.3692427216415,54.0,-0.06856225267773834,0.07036783376219397,-0.06738430553242146,0.06954335908190959,0.03263853078307237,0.1474832056283657
963,312.0063800751807,3962.5976151222,54.0,-0.06856225267773834,0.13697513138791448,-0.06738430553242146,0.137774773586744,0.03263853078307237,0.1328507866862411
964,294.3184227939459,3953.278734719593,54.0,-0.06856225267773834,0.14249457858546732,-0.06738430553242146,0.14077696906990128,0.03263853078307237,0.14120774292476096
965,282.8565774544674,3927.6210696294247,54.0,-0.06856225267773834,0.023045028232177727,-0.06738430553242146,0.020197557406967097,0.03263853078307237,0.12758008684222452
966,257.8071990994817,3924.222274123985,54.0,-0.06856225267773834,-0.10950553184473016,-0.06738430553242146,-0.10727392316762925,0.03263853078307237,0.11790268645051716
967,269.84970995130976,3931.065440669821,54.0,-0.06856225267773834,-0.04460850809330417,-0.06738430553242146,-0.04393462616291598,0.03263853078307237,0.11974873735701252
968,265.89587639025353,3963.952669789918,54.0,-0.06856225267773834,-0.019555503024113918,-0.06738430553242146,-0.023274825313534336,0.03263853078307237,0.14401489634441397
969,257.8456175484073,3924.298953712429,54.0,-0.06856225267773834,-0.10991224066716224,-0.06738430553242146,-0.10725005735065632,0.03263853078307237,0.11819985768207962
970,255.9945365072104,3935.7183858934864,54.0,-0.06856225267773834,-0.15601939947191618,-0.06738430553242146,-0.15618394917299877,0.03263853078307237,0.12881387923457188
971,316.862912508576,3944.2065035608966,54.0,-0.06856225267773834,0.07842096933187269,-0.06738430553242146,0.07678268297673783,0.03263853078307237,0.12605611251310314
972,268.7957598518551,3938.397485964539,54.0,-0.06856225267773834,-0.10463500637631819,-0.06738430553242146,-0.10148349189507705,0.03263853078307237,0.12629132920345246
973,265.5810654443671,3915.0122178437146,54.0,-0.06856225267773834,-0.112549104532212,-0.06738430553242146,-0.1109798910388402,0.03263853078307237,0.12468654117462537
974,315.679871493891,3931.668345406915,54.0,-0.06856225267773834,0.11342729156413202,-0.06738430553242146,0.1152650008823232,0.03263853078307237,0.13350748455462128
975,282.8109787262265,3934.715241609255,54.0,-0.06856225267773834,0.10313815501373068,-0.06738430553242146,0.10040829649173702,0.03263853078307237,0.13442090898730402
976,438.81434760294826,4291.256191853341,54.0,-0.06856225267773834,-0.21621538081467614,-0.06738430553242146,-0.21304705424953388,0.03263853078307237,0.12480161507581225
977,377.16969184701134,4276.396603589449,54.0,-0.06856225267773834,-0.13735634822288667,-0.06738430553242146,-0.13474792017157772,0.03263853078307237,0.15598747848357755
978,427.0445354813797,4273.499297857495,54.0,-0.06856225267773834,-0.14128391069938734,-0.06738430553242146,-0.14485348271215331,0.03263853078307237,0.12881239553060914
979,448.2237718674139,4272.568389041,54.0,-0.06856225267773834,-0.20732939111799123,-0.06738430553242146,-0.2051367718073555,0.03263853078307237,0.13154894752853097
980,446.8191658251622,4253.768504772488,54.0,-0.06856225267773834,-0.12475632188019804,-0.06738430553242146,-0.1218748473554026,0.03263853078307237,0.12801702395409462
981,411.9733803257818,4249.080345490381,54.0,-0.06856225267773834,-0.11832580277458246,-0.06738430553242146,-0.12334805363894774,0.03263853078307237,0.12674333135097127
982,436.6238156529476,4249.314832035256,54.0,-0.06856225267773834,-0.17283922278722602,-0.06738430553242146,-0.1699027095648296,0.03263853078307237,0.12300513166009003
983,443.0288497265207,4234.908068774709,54.0,-0.06856225267773834,-0.07677799667901862,-0.06738430553242146,-0.07743976193925281,0.03263853078307237,0.1227799277395488
984,435.8106676438648,4222.73374007691,54.0,-0.06856225267773834,-0.03674761418989594,-0.06738430553242146,-0.03621944472180988,0.03263853078307237,0.12016437680899465
985,416.0821692336259,4218.164004700096,54.0,-0.06856225267773834,-0.18671575860446066,-0.06738430553242146,-0.18150491899826407,0.03263853078307237,0.1304678305855223
986,391.0018042011845,4213.433874649227,54.0,-0.06856225267773834,-0.24642303978060554,-0.06738430553242146,-0.2513392526595789,0.03263853078307237,0.1325008270055748
987,400.6543211977099,4197.618852742186,54.0,-0.06856225267773834,-0.19375100722838753,-0.06738430553242146,-0.1926420764419698,0.03263853078307237,0.13029440947592763
988,420.8438581890216,4195.57911254482,54.0,-0.06856225267773834,-0.04952763839122884,-0.06738430553242146,-0.05160980291727976,0.03263853078307237,0.11915230605770909
989,445.89422324985344,4248.614738828751,54.0,-0.06856225267773834,-0.10795837461602116,-0.06738430553242146,-0.10846686446978115,0.03263853078307237,0.11875393315231964
990,435.11914917042,4235.955205541315,54.0,-0.06856225267773834,-0.048522207869457046,-0.06738430553242146,-0.04704154354108962,0.03263853078307237,0.12175291141395785
991,425.9413030559138,4217.635551223826,54.0,-0.06856225267773834,-0.1424854137207878,-0.06738430553242146,-0.14354545774432387,0.03263853078307237,0.12415363207697068
992,438.4164680502774,4215.068249794143,54.0,-0.06856225267773834,0.07083434496603838,-0.06738430553242146,0.07000332667900791,0.03263853078307237,0.12489010608478515
993,394.7738706108567,4205.194212624403,54.0,-0.06856225267773834,-0.25420272636351415,-0.06738430553242146,-0.2510647786695467,0.03263853078307237,0.1349116253866478
994,428.2859587728415,4202.05740045784,54.0,-0.06856225267773834,0.037223584077032704,-0.06738430553242146,0.035804216147534845,0.03263853078307237,0.123974556070959
995,414.5220180223404,4194.72156940495,54.0,-0.06856225267773834,-0.10419834937870553,-0.06738430553242146,-0.10528472467047997,0.03263853078307237,0.12186988555663321
996,416.2556929545757,4313.9028901392985,54.0,-0.06856225267773834,-0.18850784435060303,-0.06738430553242146,-0.18742609447280975,0.03263853078307237,0.1469367938847502
997,428.5710453250903,4289.332939439008,54.0,-0.06856225267773834,-0.16951244824248876,-0.06738430553242146,-0.16876573671275305,0.03263853078307237,0.130254377292691
998,445.6080558911104,4284.859160068763,54.0,-0.06856225267773834,-0.1417380824072451,-0.06738430553242146,-0.1440172676639456,0.03263853078307237,0.1254713125939453
999,461.25934481415896,4285.045081675647,54.0,-0.06856225267773834,-0.1780983791466815,-0.06738430553242146,-0.177164586428432,0.03263853078307237,0.1387923655371971
1000,413.44368953224784,4276.820130489507,54.0,-0.06856225267773834,-0.21981211472826734,-0.06738430553242146,-0.22369862429446982,0.03263853078307237,0.14000881136591695
1001,391.8808158955226,4258.73653007643,54.0,-0.06856225267773834,-0.08487034031509191,-0.06738430553242146,-0.08528593255870645,0.03263853078307237,0.14362412455661835
1002,411.930196078557,4249.125208015304,54.0,-0.06856225267773834,-0.11865809062469564,-0.06738430553242146,-0.1211998468272199,0.03263853078307237,0.1268672946824195
1003,423.6141353116863,4253.411593782615,54.0,-0.06856225267773834,-0.14732946271140696,-0.06738430553242146,-0.1485154435398276,0.03263853078307237,0.12424464474658817
