ssn,staX,staY,zoneUTM,dc_0_mean,dc_1as_mean,dc_0_med,dc_1as_med,dc_0_unc,dc_1as_unc
1,709.3156474961163,4899.047215952385,54.0,-0.05248888110064261,-0.1528960273184613,-0.05232302575991722,-0.1539733557313768,0.022456391268802584,0.16931493463712752
2,667.6752331939205,4857.261376584086,54.0,-0.05248888110064261,-0.06656339693200435,-0.05232302575991722,-0.061621583165970106,0.022456391268802584,0.1573026215505773
3,819.8396797384605,4886.73951333974,54.0,-0.05248888110064261,-0.10074840419282248,-0.05232302575991722,-0.09713627586975998,0.022456391268802584,0.14526643801502545
4,805.6140450425772,4870.803030726163,54.0,-0.05248888110064261,-0.005708165882326653,-0.05232302575991722,-0.006975939960335694,0.022456391268802584,0.15236590567676034
5,735.8336122292334,4885.121782214496,54.0,-0.05248888110064261,-0.10715277053558497,-0.05232302575991722,-0.10742732469170027,0.022456391268802584,0.1559625809649601
6,756.232407030068,4867.317475790108,54.0,-0.05248888110064261,-0.07929592899448268,-0.05232302575991722,-0.0800641199224911,0.022456391268802584,0.1523523807935734
7,777.8676705895632,4861.758225558903,54.0,-0.05248888110064261,0.014557174631167973,-0.05232302575991722,0.013127877757996623,0.022456391268802584,0.15400526687121427
8,697.39154249737,4846.12742864999,54.0,-0.05248888110064261,-0.15537342049958872,-0.05232302575991722,-0.1518611317674628,0.022456391268802584,0.14775499996084274
9,756.4256578398193,4846.011984473181,54.0,-0.05248888110064261,-0.07430809830437167,-0.05232302575991722,-0.07557619840478656,0.022456391268802584,0.1562918705241671
10,702.4690973001353,4834.41795369018,54.0,-0.05248888110064261,-0.17791883479247592,-0.05232302575991722,-0.17368389393905506,0.022456391268802584,0.14820432932181932
11,128.51496790687293,3913.739001202812,54.0,-0.05248888110064261,-0.024937985492269263,-0.05232302575991722,-0.021926420918807157,0.022456391268802584,0.13738019613097768
12,154.50504546553583,3901.5896026139903,54.0,-0.05248888110064261,0.021567462526095,-0.05232302575991722,0.023018374654414045,0.022456391268802584,0.1346696604466829
13,182.17667623346983,3902.5741380529994,54.0,-0.05248888110064261,0.08909590342833056,-0.05232302575991722,0.09598533049616871,0.022456391268802584,0.13072409594553847
14,166.08076979623368,3894.653559544712,54.0,-0.05248888110064261,0.15427705458233745,-0.05232302575991722,0.15406903143491224,0.022456391268802584,0.1310281566112484
15,187.83731878982752,3889.567114997888,54.0,-0.05248888110064261,-0.014930382086652694,-0.05232302575991722,-0.011236680372603093,0.022456391268802584,0.1360166440255668
16,143.10717359488643,3838.030342010029,54.0,-0.05248888110064261,0.017927050765951733,-0.05232302575991722,0.013008331108490142,0.022456391268802584,0.1430187117230705
17,139.77999744006962,3872.595402570746,54.0,-0.05248888110064261,0.15036039036358628,-0.05232302575991722,0.1433063692331842,0.022456391268802584,0.15256380185240825
18,123.08297592290974,3868.4555154718055,54.0,-0.05248888110064261,0.1516296450242682,-0.05232302575991722,0.14785704179832027,0.022456391268802584,0.15004355575275616
19,137.03362976716522,3837.5668472098328,54.0,-0.05248888110064261,0.0012113667290460184,-0.05232302575991722,0.00033686730879471086,0.022456391268802584,0.13862590202898628
20,172.65571807246388,3903.30306557218,54.0,-0.05248888110064261,0.05720345148515631,-0.05232302575991722,0.054675108071452816,0.022456391268802584,0.1323454828657773
21,161.89050717369193,3870.304886320098,54.0,-0.05248888110064261,0.05094439154917981,-0.05232302575991722,0.046904877242338154,0.022456391268802584,0.1378739545744291
22,169.18230311230798,3841.7481574939534,54.0,-0.05248888110064261,-0.047615476446859435,-0.05232302575991722,-0.04338053298902221,0.022456391268802584,0.14338346252433548
23,191.90109938987828,3878.2746935665655,54.0,-0.05248888110064261,-0.13828272753031493,-0.05232302575991722,-0.136355473420037,0.022456391268802584,0.15033861753718294
24,141.44423435963492,3914.1041134189504,54.0,-0.05248888110064261,-0.09452107053716298,-0.05232302575991722,-0.08901111371222584,0.022456391268802584,0.143598184415637
25,143.62984271407734,3856.494018898308,54.0,-0.05248888110064261,0.0552663019190629,-0.05232302575991722,0.057547253753357265,0.022456391268802584,0.1484083036202386
26,140.03220610245066,3900.631536167624,54.0,-0.05248888110064261,0.06139646180543944,-0.05232302575991722,0.06696097195146072,0.022456391268802584,0.14132583700411813
27,166.13464768580218,3894.629348195649,54.0,-0.05248888110064261,0.15507410601174745,-0.05232302575991722,0.1533173865245667,0.022456391268802584,0.13092722095340384
28,184.34237201585265,3895.6542281596544,54.0,-0.05248888110064261,0.03898902750492154,-0.05232302575991722,0.043729758668046306,0.022456391268802584,0.13032397874332527
29,201.93033620389085,3898.3572697427626,54.0,-0.05248888110064261,0.13957670425971777,-0.05232302575991722,0.1309475807803323,0.022456391268802584,0.14175174836224608
30,156.44613989927444,3875.4647167104135,54.0,-0.05248888110064261,0.1287006633066106,-0.05232302575991722,0.12580405529999483,0.022456391268802584,0.14584106780340075
31,172.2658209063685,3873.515622530464,54.0,-0.05248888110064261,-0.02340980881641916,-0.05232302575991722,-0.025444018171960195,0.022456391268802584,0.13570604312370457
32,179.01893925451702,3867.320308590613,54.0,-0.05248888110064261,-0.08046362709764354,-0.05232302575991722,-0.08214415250333165,0.022456391268802584,0.1422284023466125
33,128.10338903664118,3851.740618485764,54.0,-0.05248888110064261,0.06303496020438996,-0.05232302575991722,0.06491591970798302,0.022456391268802584,0.1443180247610618
34,174.16005358193937,3855.0147189033455,54.0,-0.05248888110064261,-0.09567422722949842,-0.05232302575991722,-0.09404610697091952,0.022456391268802584,0.1400053738764738
35,478.15084649167727,4464.183681943689,54.0,-0.05248888110064261,-0.02240139053632369,-0.05232302575991722,-0.017661349153820588,0.022456391268802584,0.14023951405293383
36,463.0904010410905,4457.560365448071,54.0,-0.05248888110064261,-0.10136681354093267,-0.05232302575991722,-0.09635733503991334,0.022456391268802584,0.14093308479625818
37,437.3541612908576,4458.895894433887,54.0,-0.05248888110064261,-0.0954599730381638,-0.05232302575991722,-0.09480534585353155,0.022456391268802584,0.1468647574636435
38,413.6573433925362,4471.4083781216295,54.0,-0.05248888110064261,-0.08421397837525557,-0.05232302575991722,-0.0913937950388346,0.022456391268802584,0.16802646027162
39,420.6163417766562,4415.183917581038,54.0,-0.05248888110064261,-0.1167474763042078,-0.05232302575991722,-0.11683971409211065,0.022456391268802584,0.15114170580916284
40,401.3841185749654,4415.951924993758,54.0,-0.05248888110064261,-0.05653085930038145,-0.05232302575991722,-0.058561829136476666,0.022456391268802584,0.15834904748372605
41,422.8827476086131,4397.34517396153,54.0,-0.05248888110064261,-0.10778866115812437,-0.05232302575991722,-0.10321119124679864,0.022456391268802584,0.15317945832390628
42,464.0768372445594,4407.064429668476,54.0,-0.05248888110064261,-0.02074644834842029,-0.05232302575991722,-0.020215380127456627,0.022456391268802584,0.12323447711078332
43,475.8317961471988,4394.399108234459,54.0,-0.05248888110064261,-0.004679918183059315,-0.05232302575991722,-0.006114335966539755,0.022456391268802584,0.13252423700696042
44,441.7352774844472,4384.348452276274,54.0,-0.05248888110064261,-0.16194488243067837,-0.05232302575991722,-0.1610013133358374,0.022456391268802584,0.1486379041702748
45,461.8257494002237,4382.902154782314,54.0,-0.05248888110064261,-0.004537317298204838,-0.05232302575991722,-0.0069987846914981115,0.022456391268802584,0.12933537486146074
46,462.3096820238882,4349.882377856321,54.0,-0.05248888110064261,-0.07866738445731992,-0.05232302575991722,-0.07990341811065398,0.022456391268802584,0.13756550703510864
47,430.0693145736199,4338.606545961896,54.0,-0.05248888110064261,-0.24079522375352658,-0.05232302575991722,-0.2358699383718147,0.022456391268802584,0.14892711104799633
48,452.48668196591865,4321.181261560588,54.0,-0.05248888110064261,-0.11743756377557506,-0.05232302575991722,-0.11951584198145994,0.022456391268802584,0.14029544210949657
49,449.044917057454,4427.372863314673,54.0,-0.05248888110064261,0.0176954493067973,-0.05232302575991722,0.019282935768977896,0.022456391268802584,0.1334097931843643
50,471.4559701946234,4402.715936092695,54.0,-0.05248888110064261,-0.04049944300170005,-0.05232302575991722,-0.036612743417235,0.022456391268802584,0.1378701255878659
51,475.5450238588451,4333.03888591012,54.0,-0.05248888110064261,0.07260236392901402,-0.05232302575991722,0.07119503329110419,0.022456391268802584,0.14078947153344024
52,463.9665587999344,4407.275828022564,54.0,-0.05248888110064261,-0.021846304203864023,-0.05232302575991722,-0.02033236427978151,0.022456391268802584,0.12346153298071016
53,463.2958110311122,4390.486480472092,54.0,-0.05248888110064261,0.01965478957872778,-0.05232302575991722,0.015608320159535864,0.022456391268802584,0.12448517400981965
54,424.7541420823547,4341.807884221032,54.0,-0.05248888110064261,-0.24427878374263717,-0.05232302575991722,-0.2443114548213085,0.022456391268802584,0.1524922990765536
55,475.200490753821,4336.125087441123,54.0,-0.05248888110064261,0.11708861347836477,-0.05232302575991722,0.11321408007215687,0.022456391268802584,0.14404459970073172
56,441.0471192053797,4324.965345583502,54.0,-0.05248888110064261,-0.21478394236184215,-0.05232302575991722,-0.20992549886475104,0.022456391268802584,0.14556564649000714
57,456.2761219480929,4314.689427575413,54.0,-0.05248888110064261,-0.0839125721690386,-0.05232302575991722,-0.08946416939715521,0.022456391268802584,0.13992503817131127
58,486.3913924564008,4478.416425086557,54.0,-0.05248888110064261,-0.029060506533579885,-0.05232302575991722,-0.022176189991382045,0.022456391268802584,0.13803346912732647
59,434.92773393180914,4463.423300941039,54.0,-0.05248888110064261,-0.08181389127697433,-0.05232302575991722,-0.08160889022450485,0.022456391268802584,0.1438376120459318
60,454.0574214945663,4458.475818282948,54.0,-0.05248888110064261,-0.1150446195734132,-0.05232302575991722,-0.11891026057098292,0.022456391268802584,0.14048846291308328
61,464.4083453145252,4461.161482502334,54.0,-0.05248888110064261,-0.11930975300469493,-0.05232302575991722,-0.1139877869740829,0.022456391268802584,0.1409935157996411
62,433.5165486821991,4418.668216363436,54.0,-0.05248888110064261,-0.0801857225353036,-0.05232302575991722,-0.07692093629804976,0.022456391268802584,0.1471796575784649
63,449.3852529635216,4425.916545048914,54.0,-0.05248888110064261,0.018827937640952294,-0.05232302575991722,0.02091445705761691,0.022456391268802584,0.13282441049973928
64,483.6599253446036,4434.678431866685,54.0,-0.05248888110064261,0.24452832845827221,-0.05232302575991722,0.23615827677875506,0.022456391268802584,0.15808909076690741
65,449.19507381456793,4393.341358041034,54.0,-0.05248888110064261,-0.13517941479560097,-0.05232302575991722,-0.13281107510069717,0.022456391268802584,0.14135580572460002
66,443.9862101028399,4377.461544255477,54.0,-0.05248888110064261,-0.1287139530087749,-0.05232302575991722,-0.12247662566583675,0.022456391268802584,0.14272815616184603
67,466.6332349019849,4378.7179507745,54.0,-0.05248888110064261,0.01444274377787212,-0.05232302575991722,0.016644633514466305,0.022456391268802584,0.13692623405338739
68,447.1765556096275,4356.329542239,54.0,-0.05248888110064261,-0.17542615172025286,-0.05232302575991722,-0.17058304010686515,0.022456391268802584,0.14972704555480917
69,454.3164335836594,4338.138967133773,54.0,-0.05248888110064261,-0.07722988530974946,-0.05232302575991722,-0.07887090227627476,0.022456391268802584,0.14120279743603711
70,493.6928066659663,4597.231199427339,54.0,-0.05248888110064261,0.07145356299988537,-0.05232302575991722,0.06991177975398204,0.022456391268802584,0.14088900262747614
71,484.3679695761251,4575.18604113906,54.0,-0.05248888110064261,0.14739388406189086,-0.05232302575991722,0.14406227461000679,0.022456391268802584,0.15762787767493344
72,532.2627220778933,4557.589222026572,54.0,-0.05248888110064261,0.21348514943051058,-0.05232302575991722,0.21083682736406603,0.022456391268802584,0.17526285817642448
73,523.7563279528324,4473.568851454813,54.0,-0.05248888110064261,0.26285610105804463,-0.05232302575991722,0.25955274037301646,0.022456391268802584,0.148078553346999
74,468.6871050542589,4480.412063966041,54.0,-0.05248888110064261,-0.15046645521736954,-0.05232302575991722,-0.14659437254632224,0.022456391268802584,0.1401646030083603
75,409.3824134202946,4498.936102519641,54.0,-0.05248888110064261,-0.02016996272578626,-0.05232302575991722,-0.021179313733790745,0.022456391268802584,0.1505392943728926
76,432.2908893266161,4514.445305024319,54.0,-0.05248888110064261,-0.019748690817969712,-0.05232302575991722,-0.019627777752946968,0.022456391268802584,0.1460870926758702
77,492.89260402339454,4537.916828260732,54.0,-0.05248888110064261,0.07155467673473889,-0.05232302575991722,0.06672713231523794,0.022456391268802584,0.1528952353581748
78,442.1326126035325,4553.206528131934,54.0,-0.05248888110064261,-0.026441548643530554,-0.05232302575991722,-0.025225339619773957,0.022456391268802584,0.15550094459686617
79,493.1570022965957,4505.480440009388,54.0,-0.05248888110064261,0.07302075078852041,-0.05232302575991722,0.07319167491077885,0.022456391268802584,0.14627666040438023
80,492.7167606133789,4597.298731191927,54.0,-0.05248888110064261,0.0754508687512107,-0.05232302575991722,0.07509743362381625,0.022456391268802584,0.14351101394172056
81,499.1284447513814,4564.733863047741,54.0,-0.05248888110064261,0.043051871356478026,-0.05232302575991722,0.050067707196013514,0.022456391268802584,0.1591474923177617
82,508.7065167837801,4522.821433130314,54.0,-0.05248888110064261,0.27336712258610946,-0.05232302575991722,0.26962251726297504,0.022456391268802584,0.16576969381138962
83,531.4531433032308,4535.094421349946,54.0,-0.05248888110064261,0.09185482676008994,-0.05232302575991722,0.09055555239525628,0.022456391268802584,0.1648533026315268
84,417.5417981826776,4510.920120596271,54.0,-0.05248888110064261,-0.0006902986740818756,-0.05232302575991722,-0.00016105526052777325,0.022456391268802584,0.1495325569515527
85,441.93857113184015,4512.542727438793,54.0,-0.05248888110064261,-0.007625504698006889,-0.05232302575991722,-0.0057533326813283495,0.022456391268802584,0.14584381574778052
86,445.0125303850925,4496.766849919227,54.0,-0.05248888110064261,-0.10621719574393867,-0.05232302575991722,-0.10232311925466503,0.022456391268802584,0.14141660884109564
87,471.62633083117146,4495.418984338536,54.0,-0.05248888110064261,-0.16249181653767564,-0.05232302575991722,-0.15258082088940386,0.022456391268802584,0.15742918391756286
88,499.5768344061536,4492.134792576995,54.0,-0.05248888110064261,0.171155302057508,-0.05232302575991722,0.16772983268084096,0.022456391268802584,0.14172427764630874
89,513.0918490821646,4492.656885412151,54.0,-0.05248888110064261,0.23829412471962855,-0.05232302575991722,0.23179708657873022,0.022456391268802584,0.14796380521806093
90,537.6705968009035,4492.163362940774,54.0,-0.05248888110064261,0.1419632545800793,-0.05232302575991722,0.1409649991943012,0.022456391268802584,0.15294321968713365
91,438.40901748778265,4488.9257188186375,54.0,-0.05248888110064261,-0.06912002573054597,-0.05232302575991722,-0.06875047450428082,0.022456391268802584,0.14919837535587605
92,462.4116040953599,4481.584286994828,54.0,-0.05248888110064261,-0.14460433166697875,-0.05232302575991722,-0.1426024057565968,0.022456391268802584,0.1406905044307483
93,507.8253002981468,4479.085241861512,54.0,-0.05248888110064261,0.31060712379587674,-0.05232302575991722,0.30969937517625346,0.022456391268802584,0.15451150684661932
94,528.6107835631166,4477.670618395726,54.0,-0.05248888110064261,0.21148301275221215,-0.05232302575991722,0.20837484307302773,0.022456391268802584,0.14535935111511603
95,501.2323511637488,4460.633465574921,54.0,-0.05248888110064261,0.16909463293301402,-0.05232302575991722,0.16796699038068863,0.022456391268802584,0.14411439527770278
96,438.2680378591523,3890.741886506603,54.0,-0.05248888110064261,-0.3138584292766551,-0.05232302575991722,-0.31378850984072737,0.022456391268802584,0.15337445608200453
97,399.3173244151503,3863.428141230935,54.0,-0.05248888110064261,-0.13274544209363737,-0.05232302575991722,-0.1305086972183339,0.022456391268802584,0.16208911848729704
98,483.9940430056478,3954.482440948912,54.0,-0.05248888110064261,-0.12059371209410476,-0.05232302575991722,-0.12229134589606597,0.022456391268802584,0.15132385347854024
99,405.70298123725416,3888.881550381844,54.0,-0.05248888110064261,-0.2263462512942908,-0.05232302575991722,-0.22619628010056736,0.022456391268802584,0.15434788862314539
100,439.8810999468909,3892.2504618222415,54.0,-0.05248888110064261,-0.317927526353989,-0.05232302575991722,-0.32188800651023375,0.022456391268802584,0.15256519859339465
101,417.93323151559457,3883.194833483968,54.0,-0.05248888110064261,-0.31086266970304294,-0.05232302575991722,-0.3028039981113297,0.022456391268802584,0.15593535303842251
102,-211.8566308583572,3780.2278417033567,54.0,-0.05248888110064261,-0.044807019960893174,-0.05232302575991722,-0.03851756032747744,0.022456391268802584,0.14944348920554917
103,-232.50749778238068,3782.3671187936193,54.0,-0.05248888110064261,0.06995707001764606,-0.05232302575991722,0.07079280622935313,0.022456391268802584,0.13904022852190093
104,-249.434903675779,3769.226507874873,54.0,-0.05248888110064261,-0.0334718458017258,-0.05232302575991722,-0.032101326817431386,0.022456391268802584,0.14714200734581495
105,-242.0482437829181,3751.134167359726,54.0,-0.05248888110064261,0.012548741071146846,-0.05232302575991722,0.012376307840421593,0.022456391268802584,0.13482224483369573
106,-266.50826610237664,3773.10118133424,54.0,-0.05248888110064261,0.02477056077240207,-0.05232302575991722,0.027015782367159444,0.022456391268802584,0.14822327780341274
107,-261.851117436295,3751.731866216136,54.0,-0.05248888110064261,-0.03260245542956507,-0.05232302575991722,-0.03310256232876546,0.022456391268802584,0.13611735880064635
108,-273.54552490604937,3732.368951402428,54.0,-0.05248888110064261,-0.04778227323875994,-0.05232302575991722,-0.04741263095653125,0.022456391268802584,0.13816832592808595
109,-286.40547055304944,3707.690202627389,54.0,-0.05248888110064261,0.11855532363973223,-0.05232302575991722,0.10892503748054586,0.022456391268802584,0.15805674145864776
110,-327.7012512573552,3730.286516472573,54.0,-0.05248888110064261,-0.0036743804879524017,-0.05232302575991722,-0.010215355072991289,0.022456391268802584,0.1635951308355823
111,-295.27916453833205,3677.430347998145,54.0,-0.05248888110064261,0.044130549674411684,-0.05232302575991722,0.04458183006997635,0.022456391268802584,0.16479449805710855
112,-289.54441480579004,3689.328351131421,54.0,-0.05248888110064261,0.08641163157672585,-0.05232302575991722,0.08913832986479664,0.022456391268802584,0.1666086015605452
113,-180.1634550721395,3777.199243510129,54.0,-0.05248888110064261,-0.007317766181897712,-0.05232302575991722,-0.008336352582583553,0.022456391268802584,0.14793937917783212
114,-234.43386839926305,3779.796387654249,54.0,-0.05248888110064261,0.05742323508960474,-0.05232302575991722,0.054262241564191016,0.022456391268802584,0.13876412281102915
115,-260.50809694938306,3760.451821500796,54.0,-0.05248888110064261,-0.06148640842833274,-0.05232302575991722,-0.06000686442773337,0.022456391268802584,0.14259429164624537
116,-264.3272909714222,3718.592099740594,54.0,-0.05248888110064261,-0.04806239507014353,-0.05232302575991722,-0.04174738656657618,0.022456391268802584,0.14322826813064862
117,-267.51083232093475,3737.598467303164,54.0,-0.05248888110064261,-0.09716766631114439,-0.05232302575991722,-0.09255857516599761,0.022456391268802584,0.13723115163284974
118,-243.5468369526614,3739.808061808414,54.0,-0.05248888110064261,0.01751032642906078,-0.05232302575991722,0.016650377904550442,0.022456391268802584,0.13915543845058675
119,-232.63202339448617,3812.066692082,54.0,-0.05248888110064261,0.21698193419832143,-0.05232302575991722,0.20686121399257115,0.022456391268802584,0.15061099168204461
120,64.52109444086341,4019.163586406923,54.0,-0.05248888110064261,0.0731593062721981,-0.05232302575991722,0.07311494359977974,0.022456391268802584,0.1616072768369445
121,50.64002016635105,3999.750500246569,54.0,-0.05248888110064261,0.02816273840941329,-0.05232302575991722,0.02971574411322528,0.022456391268802584,0.14991324399211353
122,64.39756801276334,3984.373306734942,54.0,-0.05248888110064261,-0.001150359048815607,-0.05232302575991722,-0.010774417615949647,0.022456391268802584,0.14854045811251487
123,65.97166449095862,3969.425317258588,54.0,-0.05248888110064261,0.007404284107189156,-0.05232302575991722,0.00751486615795471,0.022456391268802584,0.14797546086700095
124,109.02350281496352,3982.61103169607,54.0,-0.05248888110064261,0.09342710182493856,-0.05232302575991722,0.09871107049247543,0.022456391268802584,0.14406381504732538
125,82.325137979417,4004.513518976007,54.0,-0.05248888110064261,0.17293584561974498,-0.05232302575991722,0.16803440953584664,0.022456391268802584,0.1618378706588334
126,53.90910149208794,3989.530166634408,54.0,-0.05248888110064261,0.0068804737370508386,-0.05232302575991722,0.004696861527241844,0.022456391268802584,0.1440903034272033
127,111.96084943887492,3986.0180498356895,54.0,-0.05248888110064261,0.12226540115438823,-0.05232302575991722,0.11695502485246792,0.022456391268802584,0.14599456853177728
128,34.82625588277541,3947.134417683412,54.0,-0.05248888110064261,-0.0003448481345466182,-0.05232302575991722,-0.0022564457746914817,0.022456391268802584,0.1587276039972148
129,49.8779388519763,3955.3007840830455,54.0,-0.05248888110064261,-0.010769590038408362,-0.05232302575991722,-0.01406967448582442,0.022456391268802584,0.1550194289352849
130,-0.5652269469219027,3941.476215702092,54.0,-0.05248888110064261,-0.008161315135815491,-0.05232302575991722,-0.008461294201881325,0.022456391268802584,0.14540041521444666
131,21.2636292335316,3936.559139808564,54.0,-0.05248888110064261,0.033461527372910416,-0.05232302575991722,0.02921350280489876,0.022456391268802584,0.1494001123746414
132,-472.7063867237094,3794.624663755236,54.0,-0.05248888110064261,-0.054707137626937755,-0.05232302575991722,-0.05671326114767872,0.022456391268802584,0.14082585057314498
133,-454.57744224532297,3790.9468804560206,54.0,-0.05248888110064261,-0.03321767509573345,-0.05232302575991722,-0.03288306287641396,0.022456391268802584,0.14707297577024503
134,-436.2546998600079,3789.799142470708,54.0,-0.05248888110064261,-0.06447911824767422,-0.05232302575991722,-0.06865446761918648,0.022456391268802584,0.14229814113580141
135,-504.5462110094208,3766.186552768168,54.0,-0.05248888110064261,-0.12042207783942473,-0.05232302575991722,-0.11739442575306626,0.022456391268802584,0.15676199751715528
136,-443.5646973918035,3761.1490715057776,54.0,-0.05248888110064261,0.037991282251205065,-0.05232302575991722,0.037622746464789907,0.022456391268802584,0.14571467766493143
137,-475.9655548015333,3755.796978713459,54.0,-0.05248888110064261,-0.07595472347262278,-0.05232302575991722,-0.07875127336973264,0.022456391268802584,0.13676276987045444
138,-462.5032919906173,3746.350913748881,54.0,-0.05248888110064261,-0.03762330570391695,-0.05232302575991722,-0.03969509686240865,0.022456391268802584,0.145481284202492
139,-474.86736635734536,3725.243820232357,54.0,-0.05248888110064261,-0.06472448686011889,-0.05232302575991722,-0.06577091762804185,0.022456391268802584,0.14213320717682174
140,-487.9015772866081,3702.963769094903,54.0,-0.05248888110064261,-0.10682194454611654,-0.05232302575991722,-0.10205770130944594,0.022456391268802584,0.14998814972318547
141,-428.38160283911657,3794.933062201984,54.0,-0.05248888110064261,-0.08357058839534824,-0.05232302575991722,-0.07902118550686713,0.022456391268802584,0.14478794231164532
142,-472.0782964220537,3762.796794072937,54.0,-0.05248888110064261,-0.03698879017088726,-0.05232302575991722,-0.042338787085354615,0.022456391268802584,0.1423150180370148
143,-453.95203478698,3759.8842648612144,54.0,-0.05248888110064261,0.028094243395615455,-0.05232302575991722,0.02423445020082198,0.022456391268802584,0.14614448637381214
144,-435.0261385222271,3755.544747653654,54.0,-0.05248888110064261,0.07265178700663717,-0.05232302575991722,0.06409821323206277,0.022456391268802584,0.14468341424275882
145,-417.1161916408624,3760.9208472899154,54.0,-0.05248888110064261,0.08971218243850575,-0.05232302575991722,0.0840334319672291,0.022456391268802584,0.1498580953687617
146,-447.1102371639245,3749.537456281792,54.0,-0.05248888110064261,0.07659310634733024,-0.05232302575991722,0.07320992297190021,0.022456391268802584,0.14526304815884078
147,-469.39782637970393,3795.140930301476,54.0,-0.05248888110064261,-0.03521223582920392,-0.05232302575991722,-0.035786358660479876,0.022456391268802584,0.13618533578652983
148,-450.1291765078887,3729.97633086938,54.0,-0.05248888110064261,0.038881023128257794,-0.05232302575991722,0.03600678858211045,0.022456391268802584,0.14707732862254252
149,492.9214799806672,4183.062189969636,54.0,-0.05248888110064261,0.03545266236120323,-0.05232302575991722,0.0379893547768403,0.022456391268802584,0.14847666164993803
150,464.921538708197,4188.681460967267,54.0,-0.05248888110064261,0.07337910422142913,-0.05232302575991722,0.07601481291378198,0.022456391268802584,0.1335569192271372
151,476.5976490413603,4170.33335841454,54.0,-0.05248888110064261,0.12292217440898029,-0.05232302575991722,0.12049201755560343,0.022456391268802584,0.14432816149171246
152,498.6677789749425,4165.707185554278,54.0,-0.05248888110064261,0.029945245466177172,-0.05232302575991722,0.03329418990172577,0.022456391268802584,0.15233777915085914
153,478.6811791095061,4150.712583205254,54.0,-0.05248888110064261,0.16849831065041007,-0.05232302575991722,0.1656975400994356,0.022456391268802584,0.13642853782827943
154,496.7431763964692,4139.924546025713,54.0,-0.05248888110064261,0.021794678749076084,-0.05232302575991722,0.02096232916299986,0.022456391268802584,0.13809958317211798
155,461.6768199290148,4143.362401904764,54.0,-0.05248888110064261,0.106554407844934,-0.05232302575991722,0.10318461749289536,0.022456391268802584,0.1388293753674899
156,467.6333421217994,4125.7528114568895,54.0,-0.05248888110064261,-0.009962528952849277,-0.05232302575991722,-0.00943248889160457,0.022456391268802584,0.14097128951333385
157,500.1419238902247,4120.853453272017,54.0,-0.05248888110064261,-0.040541172531472686,-0.05232302575991722,-0.03899688321953949,0.022456391268802584,0.1431956115917451
158,491.42406278110894,4104.982822863553,54.0,-0.05248888110064261,-0.16041615243437435,-0.05232302575991722,-0.15406925205313748,0.022456391268802584,0.1483273473325604
159,448.0139883248622,4082.429338471364,54.0,-0.05248888110064261,-0.03588486515283871,-0.05232302575991722,-0.0326421069141785,0.022456391268802584,0.14031286545358002
160,444.6278396674389,4097.460747584184,54.0,-0.05248888110064261,-0.05632541815561078,-0.05232302575991722,-0.05325444412538592,0.022456391268802584,0.144881485697461
161,450.2869634852289,4161.9176246461175,54.0,-0.05248888110064261,0.17292734541352867,-0.05232302575991722,0.1638764816078453,0.022456391268802584,0.147311794810476
162,402.5205221667404,4129.574604513392,54.0,-0.05248888110064261,0.033736558835864086,-0.05232302575991722,0.03187778119888829,0.022456391268802584,0.1434611254548865
163,382.72760047919166,4103.451630849024,54.0,-0.05248888110064261,-0.1413734260781852,-0.05232302575991722,-0.13141266886956127,0.022456391268802584,0.1448160191914194
164,355.89235360691384,4097.862836751869,54.0,-0.05248888110064261,-0.20651128496635116,-0.05232302575991722,-0.20411037473198873,0.022456391268802584,0.14169467146510398
165,368.5042753278341,4146.164635417134,54.0,-0.05248888110064261,-0.1798821603483364,-0.05232302575991722,-0.1795554392192924,0.022456391268802584,0.15225708878933333
166,483.4527706543433,4132.207737141582,54.0,-0.05248888110064261,0.0288121690142395,-0.05232302575991722,0.03240628489639464,0.022456391268802584,0.14394306680688196
167,386.806017351092,4179.57604157623,54.0,-0.05248888110064261,-0.1907085907490673,-0.05232302575991722,-0.19118779988129786,0.022456391268802584,0.14029559044264894
168,401.4932788272162,4176.635388358298,54.0,-0.05248888110064261,-0.14918753038764743,-0.05232302575991722,-0.1455394452302977,0.022456391268802584,0.14676794506038987
169,389.9604697213796,4163.03171392889,54.0,-0.05248888110064261,-0.12905687450449077,-0.05232302575991722,-0.13167589044173839,0.022456391268802584,0.1413480415385745
170,394.9748241590559,4145.544797531951,54.0,-0.05248888110064261,-0.06341654300037199,-0.05232302575991722,-0.06925721667583701,0.022456391268802584,0.1530966886956371
171,400.0129569713684,4123.689989750867,54.0,-0.05248888110064261,0.09020552387619701,-0.05232302575991722,0.09161524085366951,0.022456391268802584,0.14813828459546255
172,368.6002895440568,4115.012049920167,54.0,-0.05248888110064261,-0.12511415589405164,-0.05232302575991722,-0.12454322903683335,0.022456391268802584,0.14669054910143353
173,355.472496002833,4097.248517477484,54.0,-0.05248888110064261,-0.20115846525866432,-0.05232302575991722,-0.19880338305322603,0.022456391268802584,0.14145770182572337
174,430.3589859894354,4126.467692831069,54.0,-0.05248888110064261,0.09430043745791952,-0.05232302575991722,0.08946134924151222,0.022456391268802584,0.14843216712119675
175,449.2000034266989,4134.187260300013,54.0,-0.05248888110064261,0.018253140022848065,-0.05232302575991722,0.018905261798986644,0.022456391268802584,0.14671775471883877
176,419.46889643673006,4113.184483667058,54.0,-0.05248888110064261,0.20473029612121446,-0.05232302575991722,0.20073588966803008,0.022456391268802584,0.15691470212880937
177,441.3058323016815,4117.330786645255,54.0,-0.05248888110064261,0.04204771127510974,-0.05232302575991722,0.03702775734625127,0.022456391268802584,0.14757522370378762
178,461.8757609389279,4119.020701517225,54.0,-0.05248888110064261,0.05897159230867685,-0.05232302575991722,0.056215239059556874,0.022456391268802584,0.13937906117699503
179,463.0991676542265,4094.409156956978,54.0,-0.05248888110064261,-0.10689216087592542,-0.05232302575991722,-0.09802001499233766,0.022456391268802584,0.1516907887268628
180,497.349430140396,4097.801429893575,54.0,-0.05248888110064261,-0.15630674765287786,-0.05232302575991722,-0.1528765224721356,0.022456391268802584,0.15084646953033776
181,427.0875297765728,4166.871477716365,54.0,-0.05248888110064261,-0.021059655704203574,-0.05232302575991722,-0.017846766585228983,0.022456391268802584,0.15265532965227052
182,445.0921586695306,4179.847078147817,54.0,-0.05248888110064261,0.09937868041802636,-0.05232302575991722,0.09551809820928445,0.022456391268802584,0.1469929637400526
183,464.4918658899569,4168.568037566508,54.0,-0.05248888110064261,0.19755640260533336,-0.05232302575991722,0.19412414232994057,0.022456391268802584,0.15034990952777486
184,459.1578980508352,4149.265568710596,54.0,-0.05248888110064261,0.16350809169065406,-0.05232302575991722,0.15411509786410366,0.022456391268802584,0.14329278320298638
185,475.4797026759927,4147.082451233341,54.0,-0.05248888110064261,0.12421771382981468,-0.05232302575991722,0.12490898117213511,0.022456391268802584,0.132722261119157
186,498.85963272442586,4149.354031148768,54.0,-0.05248888110064261,0.049375721800914554,-0.05232302575991722,0.050802980590565636,0.022456391268802584,0.14284538098857674
187,350.7173577542719,4134.155684330466,54.0,-0.05248888110064261,-0.09093661405242567,-0.05232302575991722,-0.0878456566885629,0.022456391268802584,0.15285222544759877
188,131.46744279750484,4022.1752609204777,54.0,-0.05248888110064261,0.16356810237284572,-0.05232302575991722,0.1658011378707913,0.022456391268802584,0.1332678189622109
189,142.92374259500085,4021.607757539198,54.0,-0.05248888110064261,0.1841186868049441,-0.05232302575991722,0.17966304384293105,0.022456391268802584,0.14334803936708027
190,167.98837729426415,4027.149371312973,54.0,-0.05248888110064261,0.037137378670634685,-0.05232302575991722,0.04067482206058597,0.022456391268802584,0.14009126438341785
191,187.05359221279923,4017.21674433976,54.0,-0.05248888110064261,0.08984935227216546,-0.05232302575991722,0.08422315484480916,0.022456391268802584,0.13496046837282222
192,162.7302657389057,4007.499501585424,54.0,-0.05248888110064261,0.13632942764576772,-0.05232302575991722,0.13399845422163822,0.022456391268802584,0.13050005225654193
193,162.64141812057804,3985.038793359939,54.0,-0.05248888110064261,0.14679205477670443,-0.05232302575991722,0.1500871632267099,0.022456391268802584,0.13611025239356545
194,160.65340157556597,3968.598112467385,54.0,-0.05248888110064261,0.21674554928096101,-0.05232302575991722,0.2135618018229566,0.022456391268802584,0.128539788596152
195,136.56628878569435,3964.708171074401,54.0,-0.05248888110064261,0.06587268696914152,-0.05232302575991722,0.06987836316594859,0.022456391268802584,0.1357035308933485
196,91.3677403813582,3953.0176969902304,54.0,-0.05248888110064261,-0.04005286972100717,-0.05232302575991722,-0.04131312850286278,0.022456391268802584,0.14141346902114163
197,152.51651964535588,3953.440781658878,54.0,-0.05248888110064261,0.09610395300284025,-0.05232302575991722,0.09628942381387728,0.022456391268802584,0.13319716894404746
198,176.41135512934196,3951.860447410247,54.0,-0.05248888110064261,0.038644111190516924,-0.05232302575991722,0.043780627087781035,0.022456391268802584,0.13924249231431884
199,128.91722771380137,3941.241308419875,54.0,-0.05248888110064261,-0.07174674598716656,-0.05232302575991722,-0.0695614169068737,0.022456391268802584,0.1374202727648857
200,148.1263215529927,3940.12948749086,54.0,-0.05248888110064261,-0.013678636990323996,-0.05232302575991722,-0.010230040598826953,0.022456391268802584,0.13709282945652757
201,182.4648258664013,3932.874764215047,54.0,-0.05248888110064261,0.02619087301216439,-0.05232302575991722,0.024271240575430376,0.022456391268802584,0.13215323863735448
202,173.58386476794828,3928.838452489801,54.0,-0.05248888110064261,0.011039621678522998,-0.05232302575991722,0.01608020728717314,0.022456391268802584,0.12902026005837083
203,136.87238558022665,3929.4849208670153,54.0,-0.05248888110064261,-0.012076435229911602,-0.05232302575991722,-0.009700190303536629,0.022456391268802584,0.12800248293184383
204,88.05299375847291,3913.886748310508,54.0,-0.05248888110064261,-0.1121405135102141,-0.05232302575991722,-0.1152360744535758,0.022456391268802584,0.13376804332758763
205,156.24135505481868,3922.6741068498113,54.0,-0.05248888110064261,0.017179911052599143,-0.05232302575991722,0.01793493723274301,0.022456391268802584,0.1385636270258623
206,171.44635452375624,3912.403444300099,54.0,-0.05248888110064261,0.06739977540515342,-0.05232302575991722,0.07218758940584599,0.022456391268802584,0.13344885212562588
207,118.65252903866116,3961.4694151676936,54.0,-0.05248888110064261,-0.014526344125683712,-0.05232302575991722,-0.014737724052830388,0.022456391268802584,0.12879435978843623
208,114.09596867009677,3946.963824253541,54.0,-0.05248888110064261,-0.11200019837785247,-0.05232302575991722,-0.11310000062437983,0.022456391268802584,0.13871113500754295
209,102.69447175575694,3952.059237909345,54.0,-0.05248888110064261,-0.010195515007974259,-0.05232302575991722,-0.008096262342961388,0.022456391268802584,0.13869991231554404
210,158.3478750756896,4017.808096291382,54.0,-0.05248888110064261,0.09821501054458275,-0.05232302575991722,0.10097519986853128,0.022456391268802584,0.1407265706139819
211,135.0015657158357,3998.808026349948,54.0,-0.05248888110064261,0.22313984426463956,-0.05232302575991722,0.21700823109145895,0.022456391268802584,0.14278413310202254
212,118.44136868770892,3937.0570745757655,54.0,-0.05248888110064261,-0.11893516980145816,-0.05232302575991722,-0.11398488360827258,0.022456391268802584,0.14083488753332402
213,85.39288283212471,3928.9727849799824,54.0,-0.05248888110064261,-0.1303632953228888,-0.05232302575991722,-0.1275184473755692,0.022456391268802584,0.15116117181910355
214,135.20902570174414,3972.88068595065,54.0,-0.05248888110064261,0.07217380912317763,-0.05232302575991722,0.08096371414766486,0.022456391268802584,0.1429672148610732
215,108.83889360773516,3912.225849147117,54.0,-0.05248888110064261,-0.04932874477339173,-0.05232302575991722,-0.04059994673357209,0.022456391268802584,0.1455495210045592
216,174.48322464441975,4031.9823677236704,54.0,-0.05248888110064261,-0.004747249300302659,-0.05232302575991722,-0.009738694834450102,0.022456391268802584,0.14214562181247256
217,159.43739905401296,3933.477616981658,54.0,-0.05248888110064261,0.02437850708319485,-0.05232302575991722,0.03294146128949064,0.022456391268802584,0.13440837446650789
218,84.41627726602805,3949.6460271760247,54.0,-0.05248888110064261,-0.0078716884876885,-0.05232302575991722,-0.009601908926223972,0.022456391268802584,0.14387500909589865
219,131.47690223101853,4022.1859800698,54.0,-0.05248888110064261,0.16375550436498298,-0.05232302575991722,0.16559606024928358,0.022456391268802584,0.13334942991515047
220,187.053991585138,4017.227842472392,54.0,-0.05248888110064261,0.08991986610053018,-0.05232302575991722,0.08256751585675261,0.022456391268802584,0.13535432704385342
221,159.89027933223167,4005.408777123752,54.0,-0.05248888110064261,0.16571575110305992,-0.05232302575991722,0.16387942439248843,0.022456391268802584,0.13576594660019584
222,170.7980045065533,4000.56721463194,54.0,-0.05248888110064261,0.15487264666707262,-0.05232302575991722,0.14978418447899003,0.022456391268802584,0.13201320502788264
223,127.73251775700308,3986.4369142934142,54.0,-0.05248888110064261,0.21097601442917233,-0.05232302575991722,0.21250744919744863,0.022456391268802584,0.14038716785864191
224,152.43970563423912,3979.6112015162767,54.0,-0.05248888110064261,0.2104589758959086,-0.05232302575991722,0.20981087757656158,0.022456391268802584,0.1402934886485988
225,174.71523540000473,3992.374315235834,54.0,-0.05248888110064261,0.1441498776428837,-0.05232302575991722,0.14414556966269088,0.022456391268802584,0.13246217552204392
226,161.36958893878008,3968.148276780728,54.0,-0.05248888110064261,0.2177742307291962,-0.05232302575991722,0.21752458989358187,0.022456391268802584,0.12811456562883933
227,134.4228366966098,3954.478339318272,54.0,-0.05248888110064261,0.03086652139836577,-0.05232302575991722,0.027828729286976748,0.022456391268802584,0.1370324785379003
228,147.43696333343436,3954.1411790196416,54.0,-0.05248888110064261,0.09520051139393687,-0.05232302575991722,0.09329967955484705,0.022456391268802584,0.1318668825817331
229,118.65300674518,3961.480515731901,54.0,-0.05248888110064261,-0.014498378053289945,-0.05232302575991722,-0.015525565500227058,0.022456391268802584,0.1288785405401106
230,166.63803351620655,3950.276785677188,54.0,-0.05248888110064261,0.07051194627211424,-0.05232302575991722,0.07358592607636624,0.022456391268802584,0.13560755321987764
231,102.08049116011732,3939.728583899344,54.0,-0.05248888110064261,-0.05791707736193101,-0.05232302575991722,-0.06492644577588018,0.022456391268802584,0.13817628907571397
232,125.50396993450582,3926.5617673616193,54.0,-0.05248888110064261,-0.06623040488591964,-0.05232302575991722,-0.05980797926344243,0.022456391268802584,0.13349426913259815
233,137.28112544023642,3930.5912278669,54.0,-0.05248888110064261,-0.004321936604558976,-0.05232302575991722,-0.011797412269955773,0.022456391268802584,0.1259586028107255
234,179.67090940770512,3929.463131396641,54.0,-0.05248888110064261,0.011428612491330273,-0.05232302575991722,0.012348501386711428,0.022456391268802584,0.12761651206941302
235,88.2681727690951,3915.200775925912,54.0,-0.05248888110064261,-0.11563088718149941,-0.05232302575991722,-0.11371510956412234,0.022456391268802584,0.133679182652432
236,341.5724936781372,4071.071754032602,54.0,-0.05248888110064261,-0.08192319854974701,-0.05232302575991722,-0.08010645603743857,0.022456391268802584,0.14162617452286977
237,284.64002970112773,4055.1089548280224,54.0,-0.05248888110064261,-0.03454619677998252,-0.05232302575991722,-0.03640610409193598,0.022456391268802584,0.15219948146641793
238,298.71808334848726,4042.900299437067,54.0,-0.05248888110064261,-0.056275673919567996,-0.05232302575991722,-0.06109911337356674,0.022456391268802584,0.14413772846526118
239,295.49475046157585,4024.814807490681,54.0,-0.05248888110064261,-0.10860397212395834,-0.05232302575991722,-0.10814664852133833,0.022456391268802584,0.13727398222759643
240,298.4942841222434,4011.6459546344126,54.0,-0.05248888110064261,-0.10602906438068727,-0.05232302575991722,-0.1080812748718464,0.022456391268802584,0.13431503307245948
241,313.25635416495834,3998.830416275237,54.0,-0.05248888110064261,-0.05465100935927225,-0.05232302575991722,-0.0554090806957504,0.022456391268802584,0.13000260188715532
242,340.1371375561863,4063.06336212007,54.0,-0.05248888110064261,-0.03852595273613473,-0.05232302575991722,-0.035530081165413424,0.022456391268802584,0.14440522036569609
243,278.252957276231,4041.337412517816,54.0,-0.05248888110064261,-0.05384067483892583,-0.05232302575991722,-0.056756232121944875,0.022456391268802584,0.14632911398751214
244,312.8233748838626,4054.8922790732095,54.0,-0.05248888110064261,-0.1423361898899384,-0.05232302575991722,-0.13743216532237096,0.022456391268802584,0.14815438963013122
245,295.92345652296734,4012.471765436985,54.0,-0.05248888110064261,-0.11899584004564565,-0.05232302575991722,-0.11965105434863499,0.022456391268802584,0.13496534626030202
246,313.2916641340094,4017.6982104419535,54.0,-0.05248888110064261,-0.1405411381402908,-0.05232302575991722,-0.14330172131394134,0.022456391268802584,0.1497799218640079
247,312.224459853089,4001.93805851142,54.0,-0.05248888110064261,-0.031910192594452644,-0.05232302575991722,-0.033741134634711636,0.022456391268802584,0.133642924018179
248,327.306343705716,4081.3155709764615,54.0,-0.05248888110064261,-0.07517316470894592,-0.05232302575991722,-0.07388597166138268,0.022456391268802584,0.15182021781502805
249,349.69763252524416,4039.951949456995,54.0,-0.05248888110064261,-0.05105023684603909,-0.05232302575991722,-0.051938803570052205,0.022456391268802584,0.15461039319278655
250,600.7045020356894,4728.578327237054,54.0,-0.05248888110064261,-0.09927125742436042,-0.05232302575991722,-0.09367789768232365,0.022456391268802584,0.13629928522095566
251,615.0972380746283,4729.136044277722,54.0,-0.05248888110064261,-0.09190866690381613,-0.05232302575991722,-0.08737084648993859,0.022456391268802584,0.14160063071701073
252,610.9322177974102,4716.550120256336,54.0,-0.05248888110064261,-0.028933837801217492,-0.05232302575991722,-0.03308300804885897,0.022456391268802584,0.1392510433250138
253,585.2799478976351,4707.2142580438485,54.0,-0.05248888110064261,-0.04075021799226566,-0.05232302575991722,-0.04088051844611919,0.022456391268802584,0.14567458500661096
254,626.7173557268542,4717.2978723062015,54.0,-0.05248888110064261,-0.0637477544610004,-0.05232302575991722,-0.06634851853302542,0.022456391268802584,0.14680170639780635
255,611.7833747678618,4689.5072732073895,54.0,-0.05248888110064261,-0.1279430343321627,-0.05232302575991722,-0.12695842679083244,0.022456391268802584,0.1559307984611932
256,658.3837731695672,4666.320521897435,54.0,-0.05248888110064261,-0.030504527652798562,-0.05232302575991722,-0.03394265900577784,0.022456391268802584,0.14724194636419516
257,614.1078240497995,4759.599537053033,54.0,-0.05248888110064261,-0.22121212578580896,-0.05232302575991722,-0.21935567445291027,0.022456391268802584,0.15615333906027648
258,709.7868194729853,4851.286536622527,54.0,-0.05248888110064261,-0.11318051642737281,-0.05232302575991722,-0.11045583509723989,0.022456391268802584,0.15169028017741204
259,707.8319490604442,4838.528995008403,54.0,-0.05248888110064261,-0.16332771815824249,-0.05232302575991722,-0.1553658325013793,0.022456391268802584,0.14482272391593318
260,743.9056275573591,4843.618383029032,54.0,-0.05248888110064261,-0.10869766812613217,-0.05232302575991722,-0.10743683333073623,0.022456391268802584,0.15436381975416172
261,762.3183109776259,4879.314608845601,54.0,-0.05248888110064261,-0.08781887141885727,-0.05232302575991722,-0.08504299347301736,0.022456391268802584,0.1605006614369843
262,820.1121867911606,4887.409658363325,54.0,-0.05248888110064261,-0.10026329272269169,-0.05232302575991722,-0.1006359957822218,0.022456391268802584,0.14525897677623043
263,686.117062037542,4838.322673380027,54.0,-0.05248888110064261,-0.1711863376168274,-0.05232302575991722,-0.1681071114727274,0.022456391268802584,0.15060317164168627
264,839.9666946806605,4892.4253643392085,54.0,-0.05248888110064261,0.0069725415722406954,-0.05232302575991722,0.00222186567053339,0.022456391268802584,0.1543182742378915
265,835.7138504834124,4882.651568351076,54.0,-0.05248888110064261,-0.032964528218823376,-0.05232302575991722,-0.027940937839334413,0.022456391268802584,0.15393240814840656
266,820.8837607778523,4830.121101450797,54.0,-0.05248888110064261,0.12361366950167517,-0.05232302575991722,0.12391982424625544,0.022456391268802584,0.13331088089071413
267,845.9654275779601,4795.464012288639,54.0,-0.05248888110064261,0.14550476020375142,-0.05232302575991722,0.14632683997338058,0.022456391268802584,0.14654374101231976
268,867.3492606095851,4792.378098334041,54.0,-0.05248888110064261,0.20322288215938683,-0.05232302575991722,0.20808209904063146,0.022456391268802584,0.1539274849194324
269,872.9571364917919,4808.047677891233,54.0,-0.05248888110064261,0.18428447845305654,-0.05232302575991722,0.18491911969042477,0.022456391268802584,0.16016615385904068
270,889.1341090380087,4812.894460811884,54.0,-0.05248888110064261,0.1790270275326628,-0.05232302575991722,0.17923321017700142,0.022456391268802584,0.1704646480843612
271,836.1977774156197,4777.614491614041,54.0,-0.05248888110064261,-0.016635777271604205,-0.05232302575991722,-0.01258317568861722,0.022456391268802584,0.15195748335034787
272,791.9618452812189,4800.791116098234,54.0,-0.05248888110064261,0.036631194125774764,-0.05232302575991722,0.037418530534161,0.022456391268802584,0.14296806115928404
273,769.9822830042261,4792.05829740607,54.0,-0.05248888110064261,0.08243514204540403,-0.05232302575991722,0.08199482915566336,0.022456391268802584,0.13310233501659288
274,733.5001364322503,4748.586620355318,54.0,-0.05248888110064261,0.1584790639118325,-0.05232302575991722,0.1572643481367691,0.022456391268802584,0.15167876694595223
275,735.121237879597,4781.5539469831065,54.0,-0.05248888110064261,0.04629594916116052,-0.05232302575991722,0.04474776183392751,0.022456391268802584,0.14357881819529736
276,722.2932557621302,4816.856741328317,54.0,-0.05248888110064261,-0.08187620702824863,-0.05232302575991722,-0.08026108594875055,0.022456391268802584,0.14333716865514326
277,707.3848569786213,4791.034976103771,54.0,-0.05248888110064261,0.08518378915053662,-0.05232302575991722,0.08353073350056965,0.022456391268802584,0.14599081666572494
278,712.9980031901063,4777.612970571223,54.0,-0.05248888110064261,0.19651661128364667,-0.05232302575991722,0.19446039813413615,0.022456391268802584,0.13900679667722124
279,699.7932708640618,4755.760924905943,54.0,-0.05248888110064261,0.10283340249904911,-0.05232302575991722,0.10396222917489298,0.022456391268802584,0.14925273310442752
280,686.8965221818985,4798.831092361476,54.0,-0.05248888110064261,-0.1090284507195216,-0.05232302575991722,-0.107817712817317,0.022456391268802584,0.1529487640134164
281,680.6398356896284,4755.541084095308,54.0,-0.05248888110064261,-0.08650649159024554,-0.05232302575991722,-0.07357643880207004,0.022456391268802584,0.15530367207584667
282,698.5462369914484,4721.24792534284,54.0,-0.05248888110064261,0.19546038295938709,-0.05232302575991722,0.19535648671623002,0.022456391268802584,0.15988863546465978
283,687.2411309135879,4707.631508201332,54.0,-0.05248888110064261,0.136649095347484,-0.05232302575991722,0.12953760980194162,0.022456391268802584,0.15848499034209396
284,690.6183360672042,4684.164100497674,54.0,-0.05248888110064261,0.19534461225047392,-0.05232302575991722,0.19007497377099392,0.022456391268802584,0.16323941763893604
285,618.2919098528059,4748.229002741738,54.0,-0.05248888110064261,-0.20921676839802564,-0.05232302575991722,-0.20019586182191715,0.022456391268802584,0.15536872364967305
286,606.2075985001995,4731.370763159866,54.0,-0.05248888110064261,-0.1023966583068208,-0.05232302575991722,-0.10529516822362844,0.022456391268802584,0.13441177618414343
287,592.7991030181048,4715.751040197805,54.0,-0.05248888110064261,-0.0845328655126616,-0.05232302575991722,-0.07965258597879366,0.022456391268802584,0.14712801705249526
288,623.3428439903965,4697.432085439533,54.0,-0.05248888110064261,-0.19204254949592467,-0.05232302575991722,-0.1856159687776025,0.022456391268802584,0.1586014766877224
289,629.0391362438163,4679.029549685565,54.0,-0.05248888110064261,-0.0890139554268061,-0.05232302575991722,-0.08389301314004818,0.022456391268802584,0.15457313000885356
290,645.9807538115654,4669.918769358841,54.0,-0.05248888110064261,-0.03465759347602951,-0.05232302575991722,-0.028243934155240256,0.022456391268802584,0.1531103684099861
291,677.9072626809317,4653.89718048063,54.0,-0.05248888110064261,-0.1812857790339576,-0.05232302575991722,-0.17456749265077798,0.022456391268802584,0.15582876181201533
292,685.7243502711287,4645.208724743927,54.0,-0.05248888110064261,-0.11343803960603378,-0.05232302575991722,-0.11050488472742581,0.022456391268802584,0.1605722590836423
293,691.3660822278478,4666.660196363947,54.0,-0.05248888110064261,0.008964967958722772,-0.05232302575991722,0.009232210378723077,0.022456391268802584,0.1578320359117053
294,564.4258101030795,4760.96239677223,54.0,-0.05248888110064261,-0.0016013433227796024,-0.05232302575991722,-0.0012774941631333338,0.022456391268802584,0.1458895094105177
295,592.8377865365509,4734.876730565503,54.0,-0.05248888110064261,-0.09275733490946801,-0.05232302575991722,-0.08730759671728605,0.022456391268802584,0.1492687154551614
296,567.0059918406176,4747.16037686089,54.0,-0.05248888110064261,0.08635659125883191,-0.05232302575991722,0.08804461271974584,0.022456391268802584,0.1352900047778364
297,449.6577175507031,4796.927098377143,54.0,-0.05248888110064261,0.12223649295722043,-0.05232302575991722,0.11924806535790937,0.022456391268802584,0.14777844243096924
298,467.665080100585,4793.329962170085,54.0,-0.05248888110064261,0.18802531984203646,-0.05232302575991722,0.1854742140816535,0.022456391268802584,0.14935080798166483
299,482.2719153734478,4782.759217046061,54.0,-0.05248888110064261,0.1253335243479497,-0.05232302575991722,0.12400661087937184,0.022456391268802584,0.1537452472513762
300,500.20796147231687,4618.267020372979,54.0,-0.05248888110064261,0.20025435510817863,-0.05232302575991722,0.2000198214422601,0.022456391268802584,0.15246405757183573
301,452.8407182199586,4614.347532250419,54.0,-0.05248888110064261,-0.05507639705635808,-0.05232302575991722,-0.059756509096148866,0.022456391268802584,0.1460536120428449
302,437.13896889547215,4593.005802237853,54.0,-0.05248888110064261,0.1321322338040568,-0.05232302575991722,0.1282627584222044,0.022456391268802584,0.15345915685121816
303,425.7675979026484,4587.306801321076,54.0,-0.05248888110064261,0.07199316848862182,-0.05232302575991722,0.06843087708691674,0.022456391268802584,0.14679637642240528
304,415.821304844712,4664.678751133025,54.0,-0.05248888110064261,-0.08859525744284422,-0.05232302575991722,-0.08476768362829032,0.022456391268802584,0.15354363946965077
305,447.73043194608914,4642.773796720821,54.0,-0.05248888110064261,-0.11388732842117162,-0.05232302575991722,-0.11130051384990794,0.022456391268802584,0.158655308364519
306,416.52807431204894,4611.258260235148,54.0,-0.05248888110064261,-0.04574416943451643,-0.05232302575991722,-0.040147082392369346,0.022456391268802584,0.16226577257013916
307,403.9039033992696,4716.495571963465,54.0,-0.05248888110064261,-0.09440010289311018,-0.05232302575991722,-0.08793890794488712,0.022456391268802584,0.17027585354645394
308,-239.5128446278165,3906.899903078088,54.0,-0.05248888110064261,0.20896563530800458,-0.05232302575991722,0.2102346801044733,0.022456391268802584,0.14962458081153673
309,-206.51370862307223,3888.753544352072,54.0,-0.05248888110064261,0.0104961510144595,-0.05232302575991722,0.012953053079191812,0.022456391268802584,0.13799574225350644
310,-247.0083933535225,3882.934832278036,54.0,-0.05248888110064261,-0.006466070967499463,-0.05232302575991722,-0.0016590959702622843,0.022456391268802584,0.14858354213236571
311,-299.6987199382138,3877.517142896227,54.0,-0.05248888110064261,0.036554479162085644,-0.05232302575991722,0.030539686711642526,0.022456391268802584,0.14124097097606714
312,-207.05441320593363,3875.578724167899,54.0,-0.05248888110064261,0.13461134707979652,-0.05232302575991722,0.12915229185154392,0.022456391268802584,0.14714851059909995
313,-288.28040614727314,3869.763411078973,54.0,-0.05248888110064261,0.008173119110438897,-0.05232302575991722,0.007757247097533613,0.022456391268802584,0.144052184621997
314,-224.7874470069469,3868.704572457101,54.0,-0.05248888110064261,0.0025528850368208393,-0.05232302575991722,0.008343805698713232,0.022456391268802584,0.1406720331792505
315,-260.1284068828446,3860.327587174116,54.0,-0.05248888110064261,0.022464175937462482,-0.05232302575991722,0.028181080531838036,0.022456391268802584,0.14319180088493588
316,-301.76269843675186,3851.489323913676,54.0,-0.05248888110064261,0.2705670381765796,-0.05232302575991722,0.26898462014195623,0.022456391268802584,0.15416896664292482
317,-230.0244001131252,3856.086690947165,54.0,-0.05248888110064261,0.15000911039579995,-0.05232302575991722,0.14786541697050867,0.022456391268802584,0.13112907781274585
318,-212.9190342948821,3852.70955400908,54.0,-0.05248888110064261,0.14542123285848035,-0.05232302575991722,0.14639469921589326,0.022456391268802584,0.14280654219245606
319,-259.69914487938223,3840.648840093646,54.0,-0.05248888110064261,0.16189516578684357,-0.05232302575991722,0.1613104222413625,0.022456391268802584,0.14184004040091194
320,-217.82064581615532,3836.435116427341,54.0,-0.05248888110064261,0.1459175991378237,-0.05232302575991722,0.14098310513141216,0.022456391268802584,0.13794877213122242
321,-228.4608267250068,3835.49661024065,54.0,-0.05248888110064261,0.19131641085713286,-0.05232302575991722,0.18862121742051569,0.022456391268802584,0.13803551612298445
322,-220.7072172819317,3822.533501197976,54.0,-0.05248888110064261,0.2068768919144212,-0.05232302575991722,0.20210517015339824,0.022456391268802584,0.14471653453597702
323,-220.52307878009043,3896.322588863719,54.0,-0.05248888110064261,0.015951974868698315,-0.05232302575991722,0.016269220087313945,0.022456391268802584,0.14154707101471864
324,-234.22537457612623,3832.547431286246,54.0,-0.05248888110064261,0.15873818291846206,-0.05232302575991722,0.1608089313258843,0.022456391268802584,0.13932457844154372
325,-239.64545070337945,3852.531569643749,54.0,-0.05248888110064261,0.0717588983331397,-0.05232302575991722,0.07455273184764248,0.022456391268802584,0.14088775183237462
326,-222.45927337673947,3847.821790182078,54.0,-0.05248888110064261,0.21720190349676785,-0.05232302575991722,0.21329451092278195,0.022456391268802584,0.13928501732384488
327,-204.13750177921133,3830.7645324182754,54.0,-0.05248888110064261,0.08272427937817182,-0.05232302575991722,0.08071074548174148,0.022456391268802584,0.1420688278064838
328,-196.31793179281823,3850.097955642777,54.0,-0.05248888110064261,0.08487487021512435,-0.05232302575991722,0.08128493696242745,0.022456391268802584,0.13876853480904605
329,-239.63954182075463,3893.468471754271,54.0,-0.05248888110064261,0.09785994823509758,-0.05232302575991722,0.09752775681089836,0.022456391268802584,0.1455399596170165
330,-270.3096398577547,3825.91280365092,54.0,-0.05248888110064261,0.1656338722200294,-0.05232302575991722,0.16610560853259038,0.022456391268802584,0.15501994577592756
331,-313.64040487867874,3841.407442527648,54.0,-0.05248888110064261,0.22203394390681538,-0.05232302575991722,0.21682980406651509,0.022456391268802584,0.14334622181289963
332,-237.86889380994464,3869.5690282123273,54.0,-0.05248888110064261,-0.03368988341030467,-0.05232302575991722,-0.02815686952029104,0.022456391268802584,0.14271916042018948
333,-290.1032136269349,3879.02770495162,54.0,-0.05248888110064261,0.015456497006702158,-0.05232302575991722,0.013670796222524453,0.022456391268802584,0.13850020180936387
334,-217.05716463296827,3881.450900568053,54.0,-0.05248888110064261,0.03194689357775443,-0.05232302575991722,0.034704868734916246,0.022456391268802584,0.1404197167965245
335,-287.08457697353265,3860.139446947377,54.0,-0.05248888110064261,0.013147572286978947,-0.05232302575991722,0.01644093483567006,0.022456391268802584,0.15410892338545337
336,-284.4670125726876,3807.7889507976943,54.0,-0.05248888110064261,0.13424885130079586,-0.05232302575991722,0.13436006869098602,0.022456391268802584,0.15407408502772865
337,-264.284648689563,3867.396538917314,54.0,-0.05248888110064261,0.03153196492606101,-0.05232302575991722,0.03540151347453954,0.022456391268802584,0.14412356887417427
338,-305.30829728411254,3860.661942635376,54.0,-0.05248888110064261,0.15008613382165686,-0.05232302575991722,0.15072658704044928,0.022456391268802584,0.13975478052708232
339,-254.8098989424844,3843.565233451433,54.0,-0.05248888110064261,0.16524125176959437,-0.05232302575991722,0.1674389194214737,0.022456391268802584,0.14755711799867363
340,-93.57726189495948,3961.546197789921,54.0,-0.05248888110064261,-0.2093063041853129,-0.05232302575991722,-0.206199490696205,0.022456391268802584,0.15966185969976465
341,-56.035500045016406,3941.502507723401,54.0,-0.05248888110064261,-0.12423639241867315,-0.05232302575991722,-0.1288817474669932,0.022456391268802584,0.14229413209519162
342,-83.42484145845008,3942.88148701633,54.0,-0.05248888110064261,-0.15866294152108146,-0.05232302575991722,-0.16119008205940666,0.022456391268802584,0.1492707539443903
343,-58.13533851273078,3928.158727312826,54.0,-0.05248888110064261,-0.08468758282839851,-0.05232302575991722,-0.08645796286291596,0.022456391268802584,0.1396115903521449
344,-76.10278929015365,3928.390718488814,54.0,-0.05248888110064261,-0.19429364569555585,-0.05232302575991722,-0.18481196020174734,0.022456391268802584,0.1467488389790397
345,-88.19284338416543,3910.3239477963098,54.0,-0.05248888110064261,-0.1736614958140454,-0.05232302575991722,-0.17351588486458486,0.022456391268802584,0.14026669784693044
346,-66.20733732343768,3907.189374107909,54.0,-0.05248888110064261,-0.11305091878528022,-0.05232302575991722,-0.10729346547355997,0.022456391268802584,0.14164452789733026
347,-31.22363826822373,3895.155107689023,54.0,-0.05248888110064261,0.030122067147395216,-0.05232302575991722,0.031016316551722482,0.022456391268802584,0.14304649525299581
348,-109.8933281317338,3891.788283909125,54.0,-0.05248888110064261,-0.12591729983525987,-0.05232302575991722,-0.12127090968971689,0.022456391268802584,0.1487771360384553
349,-88.84745792148391,3891.638924250811,54.0,-0.05248888110064261,-0.02716716762095226,-0.05232302575991722,-0.030087882990035175,0.022456391268802584,0.137187432173101
350,-69.56334702608117,3889.639795815675,54.0,-0.05248888110064261,-0.010220590020752537,-0.05232302575991722,-0.006776817919391796,0.022456391268802584,0.13870170358817674
351,-47.84804575173801,3889.788154786775,54.0,-0.05248888110064261,0.06618085119928606,-0.05232302575991722,0.06874468249941165,0.022456391268802584,0.1390888979020259
352,-23.36300577374711,3882.6832047228254,54.0,-0.05248888110064261,0.088811027941928,-0.05232302575991722,0.08598911361040784,0.022456391268802584,0.14820609450726824
353,-90.5169001182837,3876.50193235572,54.0,-0.05248888110064261,-0.022112607591948344,-0.05232302575991722,-0.019279312381627056,0.022456391268802584,0.13955215850088679
354,-65.13866586007784,3871.8509974488175,54.0,-0.05248888110064261,0.08031917576600822,-0.05232302575991722,0.07922128454049288,0.022456391268802584,0.1381545637404709
355,-50.13229410178342,3867.0999269122817,54.0,-0.05248888110064261,0.040372959535609834,-0.05232302575991722,0.03549242597561722,0.022456391268802584,0.14620929929597096
356,-35.39723016141716,3854.209722232396,54.0,-0.05248888110064261,-0.03275522747980377,-0.05232302575991722,-0.033710310150007056,0.022456391268802584,0.15559240935607063
357,-61.32288072890474,3816.801141060652,54.0,-0.05248888110064261,-0.23828057526324903,-0.05232302575991722,-0.23629772670914112,0.022456391268802584,0.15480930392400438
358,-70.85258713100723,3825.679041233032,54.0,-0.05248888110064261,-0.17006672151617935,-0.05232302575991722,-0.16204234859164823,0.022456391268802584,0.15081175020709903
359,-77.81854309749487,3807.703348510464,54.0,-0.05248888110064261,-0.11339401617934451,-0.05232302575991722,-0.109443259949728,0.022456391268802584,0.14105204467481577
360,-71.53169503986241,3812.202036985935,54.0,-0.05248888110064261,-0.19028830216218215,-0.05232302575991722,-0.19033635001810795,0.022456391268802584,0.1442750711785573
361,-100.08529526117316,3900.3226209859754,54.0,-0.05248888110064261,-0.10253168281800279,-0.05232302575991722,-0.10602248350707544,0.022456391268802584,0.1366387332062121
362,-89.8146653730421,3916.635476753353,54.0,-0.05248888110064261,-0.16126982084394573,-0.05232302575991722,-0.16218884489728908,0.022456391268802584,0.1372150863608669
363,-21.70518692471069,3895.884300151082,54.0,-0.05248888110064261,0.01683221983382133,-0.05232302575991722,0.006282915734577598,0.022456391268802584,0.1446800340573987
364,-110.01626871790168,3882.272424637356,54.0,-0.05248888110064261,-0.06614356978343972,-0.05232302575991722,-0.062364620043156425,0.022456391268802584,0.14194711640017182
365,-96.97654250745872,3869.5775486716034,54.0,-0.05248888110064261,-0.06420100830209276,-0.05232302575991722,-0.06419964210007771,0.022456391268802584,0.1490630345534515
366,-77.79031957572187,3894.979280828351,54.0,-0.05248888110064261,-0.05948987030356239,-0.05232302575991722,-0.05395895609044747,0.022456391268802584,0.13713396458693117
367,-55.97942679583037,3901.289986408653,54.0,-0.05248888110064261,-0.03745249235291276,-0.05232302575991722,-0.03809893136412888,0.022456391268802584,0.1431913776939144
368,-40.74382534446032,3878.871264722534,54.0,-0.05248888110064261,0.07088111129926468,-0.05232302575991722,0.07920261616120297,0.022456391268802584,0.1443134221483264
369,-66.69372584046727,3870.2071380379048,54.0,-0.05248888110064261,0.07174796510454348,-0.05232302575991722,0.06693028832063108,0.022456391268802584,0.1413322393883593
370,-54.35065196736064,3922.548138121946,54.0,-0.05248888110064261,-0.0694763286074089,-0.05232302575991722,-0.07153350337485272,0.022456391268802584,0.13468340690268452
371,-90.20027446475764,3884.516943179324,54.0,-0.05248888110064261,0.007193406818866969,-0.05232302575991722,0.008654184171310302,0.022456391268802584,0.13781880899726295
372,442.6118074904948,4070.2277085185783,54.0,-0.05248888110064261,0.16313610903691564,-0.05232302575991722,0.16561147731503617,0.022456391268802584,0.13697647457812023
373,473.81212145827845,4062.309946420862,54.0,-0.05248888110064261,0.07050287491287645,-0.05232302575991722,0.07596928967514945,0.022456391268802584,0.1413745232513129
374,468.27210347413103,4049.616241434093,54.0,-0.05248888110064261,0.15132544746276663,-0.05232302575991722,0.15054109501798493,0.022456391268802584,0.14376444996905208
375,447.21509965388833,4045.293583999011,54.0,-0.05248888110064261,0.2701024786286011,-0.05232302575991722,0.26548791471910405,0.022456391268802584,0.14082450680232608
376,431.58584790895287,4026.933212132683,54.0,-0.05248888110064261,0.3810794177744865,-0.05232302575991722,0.3785774102996335,0.022456391268802584,0.1454494835330606
377,408.9986108563161,3996.755525049388,54.0,-0.05248888110064261,0.09884242869743685,-0.05232302575991722,0.0977541032828192,0.022456391268802584,0.15130333041798605
378,422.862128182699,4025.3424938357566,54.0,-0.05248888110064261,0.3747857263779943,-0.05232302575991722,0.36870670560635815,0.022456391268802584,0.15068479947726002
379,439.19746758037405,4076.996335961541,54.0,-0.05248888110064261,0.14535729001117717,-0.05232302575991722,0.14398699171640567,0.022456391268802584,0.1348775657344209
380,462.0840432753972,4072.271140968799,54.0,-0.05248888110064261,-0.025691966179107822,-0.05232302575991722,-0.022144305768016598,0.022456391268802584,0.14488710177894235
381,459.6569034973903,4060.82300260624,54.0,-0.05248888110064261,0.02789122219985918,-0.05232302575991722,0.03647271008822229,0.022456391268802584,0.14368495970157016
382,437.47285354914527,4045.91348934747,54.0,-0.05248888110064261,0.3755090454847456,-0.05232302575991722,0.37017824911981323,0.022456391268802584,0.1375501431251737
383,446.14924890749785,4055.162025087259,54.0,-0.05248888110064261,0.2681759796987001,-0.05232302575991722,0.27198040567617265,0.022456391268802584,0.1396179819133229
384,438.2395063544679,3993.749322917003,54.0,-0.05248888110064261,0.13585804853737785,-0.05232302575991722,0.13929280813109438,0.022456391268802584,0.15890156296232033
385,465.8911725966613,4024.289872350432,54.0,-0.05248888110064261,0.2763685238801127,-0.05232302575991722,0.268352502146023,0.022456391268802584,0.1639085268023357
386,418.14174019683327,4008.0356973029234,54.0,-0.05248888110064261,0.16061426619524288,-0.05232302575991722,0.16193845469487328,0.022456391268802584,0.14997229399962286
387,475.8206463571328,3964.9488424231126,54.0,-0.05248888110064261,-0.0719975371085542,-0.05232302575991722,-0.06613283493884317,0.022456391268802584,0.15243636537293986
388,566.9000301137978,4747.137133853987,54.0,-0.05248888110064261,0.08663748164589861,-0.05232302575991722,0.08879309888882445,0.022456391268802584,0.13537463686080672
389,592.1742243865796,4747.151768762015,54.0,-0.05248888110064261,-0.11101515162676098,-0.05232302575991722,-0.10986832403627506,0.022456391268802584,0.1487755537159731
390,570.8316210365269,4722.155506308706,54.0,-0.05248888110064261,0.042708776640740916,-0.05232302575991722,0.03987845853378445,0.022456391268802584,0.15722262734616052
391,528.7046952932974,4712.336696063006,54.0,-0.05248888110064261,0.038890686047216294,-0.05232302575991722,0.039741325012829204,0.022456391268802584,0.15498501862148867
392,552.9775415131319,4785.4968353270415,54.0,-0.05248888110064261,-0.0072352739449101835,-0.05232302575991722,-0.008578343961450836,0.022456391268802584,0.1579148151841219
393,552.2519091763407,4748.576091798907,54.0,-0.05248888110064261,0.036062136374513776,-0.05232302575991722,0.03574042243227768,0.022456391268802584,0.14436621925856377
394,161.96578384564387,4157.2024176535,54.0,-0.05248888110064261,0.18990655182100907,-0.05232302575991722,0.18756551614891334,0.022456391268802584,0.14216807615913962
395,137.73214120296976,4146.211392684601,54.0,-0.05248888110064261,0.18797700115858715,-0.05232302575991722,0.18694171115150665,0.022456391268802584,0.15018511228526635
396,158.49410884129216,4136.006365328739,54.0,-0.05248888110064261,0.22318567956984295,-0.05232302575991722,0.22448245825924174,0.022456391268802584,0.1449203476345177
397,136.56558805196306,4128.332749792738,54.0,-0.05248888110064261,0.21071352709216612,-0.05232302575991722,0.21149487356236443,0.022456391268802584,0.1435408452114845
398,117.19421705345408,4121.351193952682,54.0,-0.05248888110064261,0.13970095126622978,-0.05232302575991722,0.13699701859302604,0.022456391268802584,0.14398253644689527
399,109.91679785969896,4052.896427825765,54.0,-0.05248888110064261,0.06366906823062815,-0.05232302575991722,0.062074569504379715,0.022456391268802584,0.14410622531333697
400,105.52394893714752,4032.581984936505,54.0,-0.05248888110064261,0.10305147013433333,-0.05232302575991722,0.0997028021038136,0.022456391268802584,0.15099212214773006
401,106.44842983383482,4012.84945915906,54.0,-0.05248888110064261,0.1667480069765251,-0.05232302575991722,0.16554083132574557,0.022456391268802584,0.15321899517270693
402,171.63451694131356,4159.78310361989,54.0,-0.05248888110064261,0.1730987743775637,-0.05232302575991722,0.17199188287345019,0.022456391268802584,0.1457038184419949
403,149.38437383192732,4142.655189530788,54.0,-0.05248888110064261,0.2239483070297656,-0.05232302575991722,0.22426769016419495,0.022456391268802584,0.1436969065462059
404,167.22649373259551,4139.857029282407,54.0,-0.05248888110064261,0.2690784933107794,-0.05232302575991722,0.26506832040041806,0.022456391268802584,0.15384630762215173
405,119.82403039050632,4124.56931096989,54.0,-0.05248888110064261,0.1206924020093373,-0.05232302575991722,0.11186891435010737,0.022456391268802584,0.14691025737910665
406,142.29614129157707,4127.163348327213,54.0,-0.05248888110064261,0.23225160829269914,-0.05232302575991722,0.23107892806074515,0.022456391268802584,0.14824114500331928
407,128.30218247028407,4108.962098016365,54.0,-0.05248888110064261,0.0500006941458184,-0.05232302575991722,0.05090045125412458,0.022456391268802584,0.14747731417762988
408,109.11821937100868,4049.9401200264047,54.0,-0.05248888110064261,0.0640727093490242,-0.05232302575991722,0.06616423961213666,0.022456391268802584,0.14351999938683316
409,124.08609991612518,4074.076898022276,54.0,-0.05248888110064261,0.027471521173625158,-0.05232302575991722,0.027222162172084105,0.022456391268802584,0.1469582380933105
410,115.16096838828992,4022.0483223003416,54.0,-0.05248888110064261,0.23259525184557214,-0.05232302575991722,0.2295317849278684,0.022456391268802584,0.1489595088665308
411,561.0138184560105,4473.501935426613,54.0,-0.05248888110064261,-0.005023880234743477,-0.05232302575991722,-0.005773177150523742,0.022456391268802584,0.14895667108044666
412,565.0502773452903,4448.226533767391,54.0,-0.05248888110064261,-0.17131924836054122,-0.05232302575991722,-0.1678849149429778,0.022456391268802584,0.14711293598566305
413,582.8694820082358,4398.870274634955,54.0,-0.05248888110064261,-0.14494345097575456,-0.05232302575991722,-0.14522937865211133,0.022456391268802584,0.1349033002429473
414,581.1993239604408,4389.028978416067,54.0,-0.05248888110064261,-0.1366058451678352,-0.05232302575991722,-0.13158338368674366,0.022456391268802584,0.14312903871845703
415,583.831138251116,4371.053286709621,54.0,-0.05248888110064261,-0.016586282780920468,-0.05232302575991722,-0.010946139370433426,0.022456391268802584,0.14082589726876277
416,561.2628392077421,4326.059519500939,54.0,-0.05248888110064261,0.057232633390312,-0.05232302575991722,0.060835260247166505,0.022456391268802584,0.14040357723853034
417,534.8960064449519,4318.929029125519,54.0,-0.05248888110064261,0.11218495392711567,-0.05232302575991722,0.11031836443391005,0.022456391268802584,0.14060905233994642
418,510.9466011058103,4309.526697793331,54.0,-0.05248888110064261,0.05127357305046693,-0.05232302575991722,0.050955102173204675,0.022456391268802584,0.1426575799362395
419,511.8782596396733,4352.397235288708,54.0,-0.05248888110064261,0.2686338309276398,-0.05232302575991722,0.25859709502236106,0.022456391268802584,0.14862370977418268
420,548.5850023962915,4353.449672308096,54.0,-0.05248888110064261,-0.026991976111563863,-0.05232302575991722,-0.027389757729010443,0.022456391268802584,0.1513175320795533
421,512.6417426087999,4370.543524351453,54.0,-0.05248888110064261,0.12325190012371316,-0.05232302575991722,0.12451565952533913,0.022456391268802584,0.14374998320367324
422,480.9664091966875,4352.089588299367,54.0,-0.05248888110064261,0.05924949943978224,-0.05232302575991722,0.056904760244182256,0.022456391268802584,0.14760536378258457
423,558.287928261929,4383.549496546334,54.0,-0.05248888110064261,-0.06594740637137265,-0.05232302575991722,-0.06460288679606341,0.022456391268802584,0.14144796218513325
424,537.5523516970317,4387.183166028368,54.0,-0.05248888110064261,0.05809540204222383,-0.05232302575991722,0.05431208914105609,0.022456391268802584,0.1409914563406693
425,556.3622236943382,4406.099826935316,54.0,-0.05248888110064261,-0.08461428073687738,-0.05232302575991722,-0.08652828781205871,0.022456391268802584,0.12943438242645913
426,507.007626677084,4418.914577252973,54.0,-0.05248888110064261,0.21796307641303278,-0.05232302575991722,0.21675034356994768,0.022456391268802584,0.14563505363344964
427,504.4577215216528,4438.979738557756,54.0,-0.05248888110064261,0.14940509807788158,-0.05232302575991722,0.15153450665429408,0.022456391268802584,0.14071532187096317
428,538.408480740028,4431.916543109024,54.0,-0.05248888110064261,-0.10004122516720422,-0.05232302575991722,-0.09854136694707247,0.022456391268802584,0.1504022101516453
429,524.7277800422952,4456.789074584238,54.0,-0.05248888110064261,0.21133263878443467,-0.05232302575991722,0.2122966442386213,0.022456391268802584,0.13998379924224755
430,485.3956997431978,4374.153861375261,54.0,-0.05248888110064261,0.09687088669589519,-0.05232302575991722,0.09557912111800215,0.022456391268802584,0.13835515085295694
431,529.1168317879833,4454.262917514842,54.0,-0.05248888110064261,0.2253764067932472,-0.05232302575991722,0.22446167125607805,0.022456391268802584,0.14653080291450746
432,532.7418826940634,4408.404237914756,54.0,-0.05248888110064261,0.1569688764435799,-0.05232302575991722,0.15152238742766372,0.022456391268802584,0.15348719719287365
433,555.815156934327,4405.984828369565,54.0,-0.05248888110064261,-0.08848815997395217,-0.05232302575991722,-0.08583684536780553,0.022456391268802584,0.12999225404275677
434,533.7624093755849,4336.924325778417,54.0,-0.05248888110064261,0.12836014588246164,-0.05232302575991722,0.12993917664951804,0.022456391268802584,0.14822448757493598
435,530.4685985461446,4301.8986450225775,54.0,-0.05248888110064261,0.10084771417935419,-0.05232302575991722,0.10056571482760093,0.022456391268802584,0.1349096071573443
436,514.5322622025869,4456.751426788521,54.0,-0.05248888110064261,0.21071240713186323,-0.05232302575991722,0.20497570197352294,0.022456391268802584,0.14505738417940683
437,548.53915137937,4457.937093293264,54.0,-0.05248888110064261,-0.05813027110824021,-0.05232302575991722,-0.055971642582604925,0.022456391268802584,0.1484677909676514
438,566.5828788927461,4457.8640046212495,54.0,-0.05248888110064261,-0.15473628611998844,-0.05232302575991722,-0.14949075819639865,0.022456391268802584,0.1520030110541042
439,560.6999742572023,4437.5564168372,54.0,-0.05248888110064261,-0.17670325550567284,-0.05232302575991722,-0.1717640532180874,0.022456391268802584,0.1534654704652808
440,495.98772785766295,4443.197207172899,54.0,-0.05248888110064261,0.12480271093560404,-0.05232302575991722,0.12503598062364885,0.022456391268802584,0.1357422234851444
441,516.32703292139,4436.776156702188,54.0,-0.05248888110064261,0.09194133305889843,-0.05232302575991722,0.09474780715738276,0.022456391268802584,0.1447922461586366
442,536.1540880146566,4444.858609584984,54.0,-0.05248888110064261,0.05591021390636814,-0.05232302575991722,0.05542602927363108,0.022456391268802584,0.1413972083537886
443,546.9208165404689,4421.220011345582,54.0,-0.05248888110064261,-0.16996548499971517,-0.05232302575991722,-0.16536307264870836,0.022456391268802584,0.15304436892049306
444,577.856407148501,4399.683609216996,54.0,-0.05248888110064261,-0.16316764575789366,-0.05232302575991722,-0.15576772020038565,0.022456391268802584,0.13704186235859334
445,507.9742950230683,4385.009332545608,54.0,-0.05248888110064261,0.09895973344035855,-0.05232302575991722,0.09946376573000808,0.022456391268802584,0.13780941837483351
446,495.4096026336581,4388.202891193944,54.0,-0.05248888110064261,0.06518274712273454,-0.05232302575991722,0.06781346102741811,0.022456391268802584,0.14028522319129713
447,551.2834782412536,4388.438780991228,54.0,-0.05248888110064261,-0.07033989855624548,-0.05232302575991722,-0.07098192469891774,0.022456391268802584,0.137384052209347
448,558.281918566655,4368.377251679958,54.0,-0.05248888110064261,-0.08556355085585877,-0.05232302575991722,-0.078203881935128,0.022456391268802584,0.14586348992638187
449,500.0086033322366,4367.370280777083,54.0,-0.05248888110064261,0.12843214110084084,-0.05232302575991722,0.13066753585410562,0.022456391268802584,0.1366582556546863
450,504.0759183332692,4354.886242555075,54.0,-0.05248888110064261,0.201723912823535,-0.05232302575991722,0.20135036423291852,0.022456391268802584,0.13873324631299572
451,580.3012850433586,4369.728357564728,54.0,-0.05248888110064261,-0.01582130324938468,-0.05232302575991722,-0.020985240587802646,0.022456391268802584,0.13529076861591305
452,525.9842509759866,4353.885320843046,54.0,-0.05248888110064261,0.14226852987628158,-0.05232302575991722,0.142103272091595,0.022456391268802584,0.14031304536157696
453,571.0156044926573,4347.517470595766,54.0,-0.05248888110064261,-0.04388469082105591,-0.05232302575991722,-0.042046046987712124,0.022456391268802584,0.15247590878455608
454,501.0189302378661,4338.738198947732,54.0,-0.05248888110064261,0.11161763416868349,-0.05232302575991722,0.10941883964082846,0.022456391268802584,0.14602916253045978
455,488.2077283117417,4317.806340175813,54.0,-0.05248888110064261,0.05621263905064751,-0.05232302575991722,0.05110770937281005,0.022456391268802584,0.14530537217740655
456,500.112618383455,4313.336489856109,54.0,-0.05248888110064261,0.06500185682605045,-0.05232302575991722,0.06126486945516524,0.022456391268802584,0.14849640915958714
457,546.047037488337,4320.318029487556,54.0,-0.05248888110064261,0.12651261426287663,-0.05232302575991722,0.12176477448841774,0.022456391268802584,0.14687680632949907
458,-507.2972229471795,3600.671376046247,54.0,-0.05248888110064261,0.07272160164713862,-0.05232302575991722,0.06896657551078675,0.022456391268802584,0.1537644591367267
459,-499.9524784687832,3578.403458104436,54.0,-0.05248888110064261,-0.014883843987240193,-0.05232302575991722,-0.014913938336043202,0.022456391268802584,0.1624899184070323
460,-451.4328774109917,3539.606050872365,54.0,-0.05248888110064261,-0.02147690913080332,-0.05232302575991722,-0.019725891266725366,0.022456391268802584,0.15494235937767412
461,-517.5789695601553,3525.510166099442,54.0,-0.05248888110064261,0.04001633462091741,-0.05232302575991722,0.043188097976690834,0.022456391268802584,0.16163373203193734
462,-521.1800805309396,3510.2303992648426,54.0,-0.05248888110064261,0.11233711279883679,-0.05232302575991722,0.11305483551104678,0.022456391268802584,0.16577978739118399
463,-449.2628013025546,3503.742664831391,54.0,-0.05248888110064261,-0.10332366437867932,-0.05232302575991722,-0.1019901547690424,0.022456391268802584,0.16901509988055877
464,-485.042933661256,3485.47979782113,54.0,-0.05248888110064261,0.009773671335789633,-0.05232302575991722,0.000116672678243814,0.022456391268802584,0.16535328965078194
465,-573.8953694348969,3556.3836779114804,54.0,-0.05248888110064261,-0.05917807503692636,-0.05232302575991722,-0.054330632753526634,0.022456391268802584,0.16260471502369084
466,-114.50920843118116,3834.9194074143743,54.0,-0.05248888110064261,0.22031758702791052,-0.05232302575991722,0.2154481432511468,0.022456391268802584,0.14652475971391665
467,-164.43942656566844,3815.0857932853287,54.0,-0.05248888110064261,0.12904100900340787,-0.05232302575991722,0.13056454313959956,0.022456391268802584,0.1440083614626238
468,-140.92825652262695,3822.7016028764,54.0,-0.05248888110064261,0.22058538173617853,-0.05232302575991722,0.2159381645093098,0.022456391268802584,0.14541494000712857
469,-127.99374614651722,3810.908692759558,54.0,-0.05248888110064261,0.2769522280989554,-0.05232302575991722,0.27493465514573256,0.022456391268802584,0.14653517064115001
470,-152.77957078688812,3803.088929575855,54.0,-0.05248888110064261,0.19485012574435334,-0.05232302575991722,0.1884960053880791,0.022456391268802584,0.13877565839523748
471,-150.0499459232575,3808.954736715893,54.0,-0.05248888110064261,0.24858527499752878,-0.05232302575991722,0.24427085934426107,0.022456391268802584,0.14149708754073764
472,-117.20662596065166,3807.599273888803,54.0,-0.05248888110064261,0.21116062346563888,-0.05232302575991722,0.2102512139717234,0.022456391268802584,0.14541886422118858
473,-113.68434153160244,3833.1341984416354,54.0,-0.05248888110064261,0.21675199530837835,-0.05232302575991722,0.21204847294958604,0.022456391268802584,0.14761098694997488
474,608.6375792072362,4802.7437232065695,54.0,-0.05248888110064261,-0.10244936852994005,-0.05232302575991722,-0.10034166166035274,0.022456391268802584,0.15375328125130194
475,634.9065337772719,4766.654345959582,54.0,-0.05248888110064261,-0.11837165667112239,-0.05232302575991722,-0.11425735129237255,0.022456391268802584,0.15625603274080346
476,623.483520387806,4804.598436442914,54.0,-0.05248888110064261,-0.06488987288019787,-0.05232302575991722,-0.06446204263375283,0.022456391268802584,0.15261531943469053
477,641.9015815200914,4857.238831024886,54.0,-0.05248888110064261,-0.05692121845549048,-0.05232302575991722,-0.05756120566901399,0.022456391268802584,0.16160140474178625
478,-465.54115273020966,3701.012924955217,54.0,-0.05248888110064261,-0.002364959091102604,-0.05232302575991722,-0.006978176591520665,0.022456391268802584,0.14080795342778527
479,-425.4027778878423,3687.3814848390944,54.0,-0.05248888110064261,0.2447933421273061,-0.05232302575991722,0.24180362939185643,0.022456391268802584,0.13852921663038767
480,-448.96079272698375,3683.345482242924,54.0,-0.05248888110064261,0.07587265961588169,-0.05232302575991722,0.07721674257807978,0.022456391268802584,0.1323640573572952
481,-459.2972544242527,3675.036452891449,54.0,-0.05248888110064261,0.0211307076466675,-0.05232302575991722,0.019381000959467695,0.022456391268802584,0.1450835298314028
482,-426.40019030265967,3675.6261838774494,54.0,-0.05248888110064261,0.2438679749767502,-0.05232302575991722,0.2415002974641525,0.022456391268802584,0.14425269387208223
483,-440.8048070820975,3661.1342812774815,54.0,-0.05248888110064261,0.1592854961557174,-0.05232302575991722,0.16298881661972653,0.022456391268802584,0.1342365024044357
484,-452.908197457792,3654.514221142598,54.0,-0.05248888110064261,0.12514502651931772,-0.05232302575991722,0.11860135047497444,0.022456391268802584,0.14526601546862905
485,-489.2630394051725,3629.7069603146624,54.0,-0.05248888110064261,-0.02955773048610165,-0.05232302575991722,-0.027619437916025814,0.022456391268802584,0.14943508295003477
486,-458.90863996021136,3630.247549768804,54.0,-0.05248888110064261,0.14308862991191004,-0.05232302575991722,0.13600518337655737,0.022456391268802584,0.1487757164021523
487,-500.9029123182427,3614.0747562686,54.0,-0.05248888110064261,0.014460620954352995,-0.05232302575991722,0.012540067124998732,0.022456391268802584,0.15123799414601172
488,-465.8928410452483,3608.448596328204,54.0,-0.05248888110064261,0.04825777603596693,-0.05232302575991722,0.05010515970482746,0.022456391268802584,0.15036586628100854
489,-500.4398061409101,3634.1145749910206,54.0,-0.05248888110064261,-0.042618792856671896,-0.05232302575991722,-0.043091082623765084,0.022456391268802584,0.1466448061829229
490,-520.4786475198113,3632.693087605314,54.0,-0.05248888110064261,-0.018645005878268835,-0.05232302575991722,-0.02026841904735526,0.022456391268802584,0.15484360551414414
491,-537.0544473499934,3615.307734486455,54.0,-0.05248888110064261,-0.03499584032505387,-0.05232302575991722,-0.02899004786036133,0.022456391268802584,0.16279379516341616
492,-463.572090848466,3711.004366750517,54.0,-0.05248888110064261,0.023621910546853687,-0.05232302575991722,0.02292522028657723,0.022456391268802584,0.1385429314401284
493,-428.8814616877872,3709.096178212622,54.0,-0.05248888110064261,0.21829218041017331,-0.05232302575991722,0.21386627426284222,0.022456391268802584,0.15335503688125515
494,-452.08297454444494,3697.423498379207,54.0,-0.05248888110064261,0.12725869880623428,-0.05232302575991722,0.12420960059570155,0.022456391268802584,0.1420139056405484
495,-434.7429570153381,3690.4541749506434,54.0,-0.05248888110064261,0.21994220562542727,-0.05232302575991722,0.21889280908584835,0.022456391268802584,0.13290169535408405
496,-415.8200064632521,3689.100170895516,54.0,-0.05248888110064261,0.2417574236127986,-0.05232302575991722,0.23726726395699016,0.022456391268802584,0.14087031318160986
497,-481.8116660349994,3658.097650487473,54.0,-0.05248888110064261,0.061994774070487965,-0.05232302575991722,0.06006136534776788,0.022456391268802584,0.1448408659273518
498,-437.4564705482827,3656.797051854789,54.0,-0.05248888110064261,0.14270114072335402,-0.05232302575991722,0.14216986454059327,0.022456391268802584,0.13844125095307938
499,-450.5410575375657,3640.030741604634,54.0,-0.05248888110064261,0.10857284540653651,-0.05232302575991722,0.10662552057176453,0.022456391268802584,0.144188551874314
500,-463.3957004431066,3657.5357537243694,54.0,-0.05248888110064261,0.10522142463337363,-0.05232302575991722,0.1098319800779377,0.022456391268802584,0.14694797275023885
501,-455.237107941275,3675.012391017058,54.0,-0.05248888110064261,0.057366316889422786,-0.05232302575991722,0.053081396982272114,0.022456391268802584,0.13915544470171964
502,-477.5301049296806,3698.6923434687433,54.0,-0.05248888110064261,-0.06784466423803638,-0.05232302575991722,-0.06624752082964133,0.022456391268802584,0.14575499969070993
503,377.93510059593416,3904.1107934632814,54.0,-0.05248888110064261,-0.11126728353710962,-0.05232302575991722,-0.10919488705111402,0.022456391268802584,0.14227961547818954
504,374.4537251326261,3889.892677250085,54.0,-0.05248888110064261,-0.06841181533891459,-0.05232302575991722,-0.058887431628675484,0.022456391268802584,0.1454621666427981
505,367.3905705640541,3924.417227622252,54.0,-0.05248888110064261,-0.04855932647034198,-0.05232302575991722,-0.046705107792245154,0.022456391268802584,0.14680448917430985
506,332.8834058794852,3942.859446384328,54.0,-0.05248888110064261,-0.04069735533322191,-0.05232302575991722,-0.040676542211019684,0.022456391268802584,0.12747108225596734
507,330.5428326799933,3946.044034599065,54.0,-0.05248888110064261,-0.05931292580326274,-0.05232302575991722,-0.06101508644419196,0.022456391268802584,0.1238931842109721
508,322.3749110256175,3921.0794967894303,54.0,-0.05248888110064261,0.08182760797169578,-0.05232302575991722,0.08017816676224024,0.022456391268802584,0.14447572057296248
509,329.7498578052424,3915.277424063791,54.0,-0.05248888110064261,0.0610157047735312,-0.05232302575991722,0.06315044167438415,0.022456391268802584,0.14332804969375104
510,337.993275290487,3925.832516910632,54.0,-0.05248888110064261,0.02032826526155097,-0.05232302575991722,0.017441303254686288,0.022456391268802584,0.14234795917931972
511,-124.42297810413304,3730.045518548472,54.0,-0.05248888110064261,0.14853401626196952,-0.05232302575991722,0.14607701364557307,0.022456391268802584,0.14531306870134836
512,-136.7121078328898,3704.366146835558,54.0,-0.05248888110064261,0.1648522765600736,-0.05232302575991722,0.16686608299878802,0.022456391268802584,0.1498183961298288
513,-205.2490753627829,3731.957027743968,54.0,-0.05248888110064261,-0.02913665448832273,-0.05232302575991722,-0.02923732463776286,0.022456391268802584,0.14119061622330162
514,-209.44442407532304,3763.734670847895,54.0,-0.05248888110064261,-0.00985694697915034,-0.05232302575991722,-0.009423531437864532,0.022456391268802584,0.1402821769025943
515,-227.38656380507663,3742.529007510596,54.0,-0.05248888110064261,0.03602784271785016,-0.05232302575991722,0.03075801473840807,0.022456391268802584,0.1423857651805944
516,-217.924998653439,3721.48468016429,54.0,-0.05248888110064261,-0.0588899384063379,-0.05232302575991722,-0.05455935876858331,0.022456391268802584,0.15754373824591691
517,-254.5992470950275,3724.926488861847,54.0,-0.05248888110064261,-0.016902422285718418,-0.05232302575991722,-0.01949551256383804,0.022456391268802584,0.14319059680692844
518,-248.90370498422487,3701.920243170104,54.0,-0.05248888110064261,-0.016953494417553946,-0.05232302575991722,-0.0114871565225293,0.022456391268802584,0.149001445446147
519,-252.87591756006307,3650.634095306921,54.0,-0.05248888110064261,-0.015054689786728952,-0.05232302575991722,-0.011360057148411084,0.022456391268802584,0.15490591510331722
520,-173.77161208253168,3762.098398234272,54.0,-0.05248888110064261,-0.051524422528353694,-0.05232302575991722,-0.041352213510973554,0.022456391268802584,0.1509625854336515
521,-139.37097608890187,3732.660382688684,54.0,-0.05248888110064261,-0.030857559115334107,-0.05232302575991722,-0.022541272146324166,0.022456391268802584,0.15293327587731437
522,-208.37184709731315,3756.058669231986,54.0,-0.05248888110064261,-0.022390149901556085,-0.05232302575991722,-0.02137622547829044,0.022456391268802584,0.14033832704874508
523,-229.31829350277152,3750.8465259771865,54.0,-0.05248888110064261,0.04018995581458179,-0.05232302575991722,0.04051537229910633,0.022456391268802584,0.13968870073668185
524,-252.1369190391436,3688.5883507247336,54.0,-0.05248888110064261,0.02325280778305118,-0.05232302575991722,0.020390147567919892,0.022456391268802584,0.15235811252486142
525,-137.46750195522293,3704.002702190223,54.0,-0.05248888110064261,0.16555547701780401,-0.05232302575991722,0.16332820454212985,0.022456391268802584,0.15078194905555276
526,749.6258147719974,4813.866766971807,54.0,-0.05248888110064261,-0.059844726686237,-0.05232302575991722,-0.05745138368877835,0.022456391268802584,0.15893971478473445
527,754.0871127859037,4778.231806502538,54.0,-0.05248888110064261,0.1201367257963781,-0.05232302575991722,0.1217742192957373,0.022456391268802584,0.14868887620507892
528,793.8634908705559,4809.942599619332,54.0,-0.05248888110064261,0.11432207875825784,-0.05232302575991722,0.11537366689005962,0.022456391268802584,0.14464586111101418
529,798.953726250781,4791.147655548635,54.0,-0.05248888110064261,0.05868474964499247,-0.05232302575991722,0.05951731194588995,0.022456391268802584,0.14653708471783827
530,762.4951895083617,4794.278313914385,54.0,-0.05248888110064261,0.046997305991482524,-0.05232302575991722,0.04427283272316325,0.022456391268802584,0.1378333968245224
531,778.4628514624378,4790.9547947373485,54.0,-0.05248888110064261,0.09112347808701451,-0.05232302575991722,0.09251498755164553,0.022456391268802584,0.1400049657156791
532,770.6225100795091,4781.28239237213,54.0,-0.05248888110064261,0.05735481762009234,-0.05232302575991722,0.06265131626269364,0.022456391268802584,0.14202028473075254
533,735.2450903228461,4782.681279368702,54.0,-0.05248888110064261,0.0526717472399657,-0.05232302575991722,0.04662092591298808,0.022456391268802584,0.14179688431598367
534,743.2937606324407,4763.537481917472,54.0,-0.05248888110064261,0.14039086098731313,-0.05232302575991722,0.13807892838221442,0.022456391268802584,0.15294201118097647
535,834.4356224973513,4792.191077471864,54.0,-0.05248888110064261,0.1117819410606026,-0.05232302575991722,0.11143536688324825,0.022456391268802584,0.1428219425451214
536,-33.590986472347865,3971.2525348924646,54.0,-0.05248888110064261,-0.14606591950560874,-0.05232302575991722,-0.1478524953085878,0.022456391268802584,0.14772034981281412
537,-16.824029787276814,3963.134227295509,54.0,-0.05248888110064261,-0.14632300048802518,-0.05232302575991722,-0.14188540935088406,0.022456391268802584,0.1429979502321341
538,-9.289119488028984,3940.320299022696,54.0,-0.05248888110064261,-0.03388599023017665,-0.05232302575991722,-0.036040192482873025,0.022456391268802584,0.14445686411878958
539,19.125675470905552,3919.7887611732062,54.0,-0.05248888110064261,0.03836866606770122,-0.05232302575991722,0.035845823934233356,0.022456391268802584,0.14121345462614274
540,-9.962046074219687,3916.4328558182974,54.0,-0.05248888110064261,-0.045055733785776125,-0.05232302575991722,-0.04153403547464153,0.022456391268802584,0.13914852318228987
541,-0.9972580126813264,3905.066613170967,54.0,-0.05248888110064261,-0.015236587369828669,-0.05232302575991722,-0.019959346363888786,0.022456391268802584,0.13919087645535877
542,24.09847480128595,3908.844200854287,54.0,-0.05248888110064261,-0.008040804703452196,-0.05232302575991722,-0.007355845111156603,0.022456391268802584,0.1376725337942042
543,26.96307308495755,3884.908015639917,54.0,-0.05248888110064261,-0.11517503428535442,-0.05232302575991722,-0.11129287001087057,0.022456391268802584,0.15401280739496973
544,41.55820239686442,3859.3360482487697,54.0,-0.05248888110064261,-0.06553572188886109,-0.05232302575991722,-0.06286943756000311,0.022456391268802584,0.14747142691373658
545,-33.030051360718204,3947.101925740972,54.0,-0.05248888110064261,-0.09077780893561156,-0.05232302575991722,-0.08395181207651753,0.022456391268802584,0.14516066949321044
546,-20.440069871896064,3967.068915194426,54.0,-0.05248888110064261,-0.1639088302370826,-0.05232302575991722,-0.15803672359905188,0.022456391268802584,0.14477756924890517
547,-33.601502441691814,3923.5780514405496,54.0,-0.05248888110064261,0.026511202307997004,-0.05232302575991722,0.022226579481828206,0.022456391268802584,0.14841371376948737
548,4.130621068015404,3916.458977597719,54.0,-0.05248888110064261,-0.0070246017118110364,-0.05232302575991722,-0.010007937586774302,0.022456391268802584,0.1404332488827852
549,-40.82216668190109,3965.090048211267,54.0,-0.05248888110064261,-0.098449157061502,-0.05232302575991722,-0.0992317962122578,0.022456391268802584,0.14486414742826081
550,-3.2682886956830624,3892.179388681665,54.0,-0.05248888110064261,-0.028892042770867443,-0.05232302575991722,-0.03794558155090731,0.022456391268802584,0.14819590162445745
551,90.0285824981926,3885.374004932618,54.0,-0.05248888110064261,-0.018125523032698973,-0.05232302575991722,-0.01447412349321116,0.022456391268802584,0.1434891499927098
552,83.86670580001751,3866.630653839721,54.0,-0.05248888110064261,0.08743221305699697,-0.05232302575991722,0.079993624136768,0.022456391268802584,0.14021717586455118
553,52.79801574862894,3858.169085806702,54.0,-0.05248888110064261,-0.04385795042668931,-0.05232302575991722,-0.044507831977007875,0.022456391268802584,0.1338511027423881
554,72.4423782875265,3843.4141825954302,54.0,-0.05248888110064261,0.005151356663517272,-0.05232302575991722,0.008178789152894288,0.022456391268802584,0.14135522874231934
555,51.330164428461806,3842.748038309236,54.0,-0.05248888110064261,-0.004413543125496664,-0.05232302575991722,-0.0038101628781041343,0.022456391268802584,0.14072866051465835
556,71.0063011612224,3819.538010924277,54.0,-0.05248888110064261,0.02745045755422722,-0.05232302575991722,0.02673801588858357,0.022456391268802584,0.13473594860028115
557,53.97552747189277,3779.7778986115927,54.0,-0.05248888110064261,0.1490713739769077,-0.05232302575991722,0.14514990821599624,0.022456391268802584,0.1487956722781588
558,29.84882850616204,3760.0903002068953,54.0,-0.05248888110064261,0.029453093312606295,-0.05232302575991722,0.028728781395169357,0.022456391268802584,0.14793774354438502
559,70.84382095259998,3812.213793609557,54.0,-0.05248888110064261,0.002799463454335167,-0.05232302575991722,0.0017902157794118623,0.022456391268802584,0.13439188774717117
560,85.15373079383198,3880.811543855472,54.0,-0.05248888110064261,-0.03354077873663319,-0.05232302575991722,-0.031410885384294644,0.022456391268802584,0.14184550400907178
561,68.21929053265893,3857.2635974168033,54.0,-0.05248888110064261,-0.044588249560152955,-0.05232302575991722,-0.044029573454229795,0.022456391268802584,0.1358973586167951
562,74.94999357907247,3832.562273689816,54.0,-0.05248888110064261,-0.005477894965321706,-0.05232302575991722,-0.007031054076983673,0.022456391268802584,0.13909349948807126
563,93.9798506618169,3810.153790083169,54.0,-0.05248888110064261,-0.05645514629458152,-0.05232302575991722,-0.056177921511012474,0.022456391268802584,0.14999240077495019
564,53.99348219513684,3779.765921014686,54.0,-0.05248888110064261,0.14881468763755645,-0.05232302575991722,0.1429870962609328,0.022456391268802584,0.14836166808768236
565,70.31493711953587,3811.7486463338,54.0,-0.05248888110064261,0.0038283959868006708,-0.05232302575991722,0.004954913219677063,0.022456391268802584,0.13500984802464913
566,115.16205876560493,3798.270755871877,54.0,-0.05248888110064261,0.06502157287860809,-0.05232302575991722,0.06260630746811623,0.022456391268802584,0.15524227503955448
567,87.2451405287995,3831.494039957056,54.0,-0.05248888110064261,0.016122454895865453,-0.05232302575991722,0.01855681595953066,0.022456391268802584,0.14666256577040784
568,36.476303073102144,3747.298457980633,54.0,-0.05248888110064261,-0.03611211010599643,-0.05232302575991722,-0.03722140193544109,0.022456391268802584,0.15122638815333134
569,81.42211507964093,3862.904094352834,54.0,-0.05248888110064261,0.0724243002545528,-0.05232302575991722,0.0689806389397352,0.022456391268802584,0.13820994533689432
570,549.2870939563649,4305.9995539661,54.0,-0.05248888110064261,0.1768548054547223,-0.05232302575991722,0.17218888603303012,0.022456391268802584,0.14357235196471563
571,544.4098499221095,4286.51728713991,54.0,-0.05248888110064261,0.01768608541183914,-0.05232302575991722,0.017965521424958913,0.022456391268802584,0.14100881347892397
572,526.9955380856456,4287.393509187453,54.0,-0.05248888110064261,0.041315941513015986,-0.05232302575991722,0.039816260987768665,0.022456391268802584,0.13338607313106318
573,502.3554500387008,4287.081754576032,54.0,-0.05248888110064261,0.029261762482355055,-0.05232302575991722,0.023707118831704795,0.022456391268802584,0.14720139159644471
574,521.860148154005,4271.043596927122,54.0,-0.05248888110064261,-0.016655810696457968,-0.05232302575991722,-0.017208756074059788,0.022456391268802584,0.13346762507706036
575,490.1742733047821,4255.374110181812,54.0,-0.05248888110064261,-0.01822404162187805,-0.05232302575991722,-0.014074383379174077,0.022456391268802584,0.1475434961270759
576,544.1009429454423,4239.798803024585,54.0,-0.05248888110064261,0.049239442504261356,-0.05232302575991722,0.04623751047203913,0.022456391268802584,0.14960849442238489
577,493.8152420653565,4235.364592782937,54.0,-0.05248888110064261,0.018102449326717195,-0.05232302575991722,0.02129796917468057,0.022456391268802584,0.1486814417766534
578,468.1538607220498,4241.128223716155,54.0,-0.05248888110064261,0.05793208816258016,-0.05232302575991722,0.04569417283371573,0.022456391268802584,0.14993129744351813
579,499.7287176848287,4232.444068380425,54.0,-0.05248888110064261,0.03939413691927565,-0.05232302575991722,0.04475795113574661,0.022456391268802584,0.14478308550296726
580,469.7454521096344,4301.154322219481,54.0,-0.05248888110064261,-0.10312426632293713,-0.05232302575991722,-0.10327455116877204,0.022456391268802584,0.14426293087391634
581,555.2813891908964,4308.169914388606,54.0,-0.05248888110064261,0.09144369330002731,-0.05232302575991722,0.08731978061911123,0.022456391268802584,0.13979433676115613
582,528.2616691728058,4293.079481721901,54.0,-0.05248888110064261,0.060303916890884025,-0.05232302575991722,0.061359439666272095,0.022456391268802584,0.13429563142966827
583,480.8723494206272,4270.11559654706,54.0,-0.05248888110064261,-0.046789383752029935,-0.05232302575991722,-0.05123161988311735,0.022456391268802584,0.15073301850534954
584,506.1832779263153,4271.360107928358,54.0,-0.05248888110064261,-0.1268859106557815,-0.05232302575991722,-0.12311570881095524,0.022456391268802584,0.15557048379212945
585,486.333478002448,4218.397487853233,54.0,-0.05248888110064261,-0.05636032432876042,-0.05232302575991722,-0.0539927877795432,0.022456391268802584,0.15107616296541368
586,465.122364122729,4206.899148776987,54.0,-0.05248888110064261,-0.028748857131179827,-0.05232302575991722,-0.026965437925113158,0.022456391268802584,0.1419962821369039
587,490.5454553088719,4199.285433819725,54.0,-0.05248888110064261,0.06489575914797066,-0.05232302575991722,0.06717693890146804,0.022456391268802584,0.15451824847204668
588,529.8239150277818,4263.102067604929,54.0,-0.05248888110064261,-0.015383973052296579,-0.05232302575991722,-0.01356893937948778,0.022456391268802584,0.14673323148377884
589,538.5355942881802,4277.098759825456,54.0,-0.05248888110064261,-0.03744264162945603,-0.05232302575991722,-0.03674127339671859,0.022456391268802584,0.14405869069401228
590,-410.1123796079147,3660.414914445813,54.0,-0.05248888110064261,0.16730319384358044,-0.05232302575991722,0.16864630842339096,0.022456391268802584,0.1516783241116503
591,-374.9103311708055,3656.421360427769,54.0,-0.05248888110064261,0.17463364259821557,-0.05232302575991722,0.17397567687472223,0.022456391268802584,0.15536856420945933
592,-378.4105488505552,3641.913217468345,54.0,-0.05248888110064261,0.1037460319576307,-0.05232302575991722,0.10118551442962151,0.022456391268802584,0.15290328472144096
593,-410.9857444853892,3624.9470229330495,54.0,-0.05248888110064261,-0.05153478041761279,-0.05232302575991722,-0.04887291890753154,0.022456391268802584,0.15536788053763376
594,-385.33208216661006,3627.100488486961,54.0,-0.05248888110064261,0.020163139230955352,-0.05232302575991722,0.02041114190453734,0.022456391268802584,0.15152914835205605
595,-390.8209967890227,3608.249021001745,54.0,-0.05248888110064261,-0.03874887382692079,-0.05232302575991722,-0.036428690426283654,0.022456391268802584,0.15065952714456726
596,-433.222559345482,3609.7170698355617,54.0,-0.05248888110064261,-0.04956208183650429,-0.05232302575991722,-0.04554477821267687,0.022456391268802584,0.15820278173688343
597,-408.2621432632536,3592.8912921219685,54.0,-0.05248888110064261,-0.01433754914744924,-0.05232302575991722,-0.016738097586298108,0.022456391268802584,0.15657590160105203
598,-441.4715424153037,3569.6343433615034,54.0,-0.05248888110064261,0.02081291901951135,-0.05232302575991722,0.016969186547001205,0.022456391268802584,0.1608491486025277
599,-427.98671344849896,3633.9501530677458,54.0,-0.05248888110064261,0.008698847630924421,-0.05232302575991722,0.010816191956394678,0.022456391268802584,0.1508092187259018
600,16.947210370460294,3854.162344069313,54.0,-0.05248888110064261,-0.13629780081723814,-0.05232302575991722,-0.13168156802705153,0.022456391268802584,0.13917568554205356
601,26.581794784317434,3848.416710936236,54.0,-0.05248888110064261,-0.08004510903624595,-0.05232302575991722,-0.07258459985655938,0.022456391268802584,0.13715972638098395
602,15.046854621301405,3832.1565750001578,54.0,-0.05248888110064261,-0.22276952936409591,-0.05232302575991722,-0.21728594527042988,0.022456391268802584,0.14385879727264572
603,11.187468754086296,3812.747884834706,54.0,-0.05248888110064261,-0.14646512711168477,-0.05232302575991722,-0.14465119172104574,0.022456391268802584,0.13894829555780475
604,35.65775954728463,3811.2184228857313,54.0,-0.05248888110064261,0.03773045095838162,-0.05232302575991722,0.03260095861484452,0.022456391268802584,0.13692996792457401
605,14.975934229222824,3799.243068897464,54.0,-0.05248888110064261,-0.03402399766235679,-0.05232302575991722,-0.03332008076330896,0.022456391268802584,0.1392211333774774
606,39.2002283746347,3788.436119844561,54.0,-0.05248888110064261,0.05462138627947542,-0.05232302575991722,0.0590088632039642,0.022456391268802584,0.14737881187200438
607,15.04579642413452,3767.694366626262,54.0,-0.05248888110064261,-0.04920900271365605,-0.05232302575991722,-0.05590807132499388,0.022456391268802584,0.14082476047247738
608,5.372355331992672,3771.380109193948,54.0,-0.05248888110064261,-0.05376480007546412,-0.05232302575991722,-0.05119653714265689,0.022456391268802584,0.1444781283434809
609,24.679452052912616,3770.6789526338025,54.0,-0.05248888110064261,-0.05591764934516065,-0.05232302575991722,-0.05338522401364319,0.022456391268802584,0.14766828373768684
610,39.83749752635614,3805.9132554474304,54.0,-0.05248888110064261,0.04746343734855739,-0.05232302575991722,0.05229865064939916,0.022456391268802584,0.14141731941875804
611,24.679857010352134,3808.1866342615103,54.0,-0.05248888110064261,-0.08425704375259396,-0.05232302575991722,-0.08741496046933259,0.022456391268802584,0.13667217781716393
612,43.05926388611581,3820.358120360771,54.0,-0.05248888110064261,0.08704947391706812,-0.05232302575991722,0.09015763186933771,0.022456391268802584,0.1429376563644762
613,46.2511058172998,3844.421224149216,54.0,-0.05248888110064261,-0.03194068889796487,-0.05232302575991722,-0.029060024127897065,0.022456391268802584,0.1359926977199945
614,27.838527006137475,3838.99962359604,54.0,-0.05248888110064261,-0.056403839975598904,-0.05232302575991722,-0.05969859020547752,0.022456391268802584,0.14533400898602297
615,250.8258249438829,4077.09190549598,54.0,-0.05248888110064261,-0.026085648602045233,-0.05232302575991722,-0.03244458714283836,0.022456391268802584,0.14441412937040016
616,269.0070066875137,4069.184449779752,54.0,-0.05248888110064261,-0.01027144771459998,-0.05232302575991722,-0.0166474896644169,0.022456391268802584,0.15334217284722096
617,218.97355483206192,4065.9952167575098,54.0,-0.05248888110064261,-0.24221818782535343,-0.05232302575991722,-0.2355211537068749,0.022456391268802584,0.14657947253374456
618,253.3047041406585,4032.075905579567,54.0,-0.05248888110064261,-0.13506070079249363,-0.05232302575991722,-0.13438349514589568,0.022456391268802584,0.1496661450408915
619,210.88337358800035,4009.070829044608,54.0,-0.05248888110064261,-0.05037765311886522,-0.05232302575991722,-0.053446502080837885,0.022456391268802584,0.13945146228703373
620,249.40203896940795,3977.89614196583,54.0,-0.05248888110064261,-0.01966194571205575,-0.05232302575991722,-0.017764961392451553,0.022456391268802584,0.13634089807570415
621,213.75311227222025,3985.814400159764,54.0,-0.05248888110064261,-0.011832407994717051,-0.05232302575991722,-0.008297359401534254,0.022456391268802584,0.1333516304828157
622,202.69234717139835,3973.005610838789,54.0,-0.05248888110064261,0.08374450806428048,-0.05232302575991722,0.08313832385265235,0.022456391268802584,0.1335726410258076
623,193.13049431647704,3945.745622670177,54.0,-0.05248888110064261,0.03883180273578914,-0.05232302575991722,0.0381671344830782,0.022456391268802584,0.12916378186934155
624,231.2096817700889,3941.271980870057,54.0,-0.05248888110064261,-0.06255005440130179,-0.05232302575991722,-0.06376250037184786,0.022456391268802584,0.13980290233166742
625,213.2088148446705,3935.668148667985,54.0,-0.05248888110064261,0.060282208156235126,-0.05232302575991722,0.06244145380545483,0.022456391268802584,0.1260285921633938
626,214.159983359104,3909.3358891854223,54.0,-0.05248888110064261,0.06802420614535994,-0.05232302575991722,0.07068110460598187,0.022456391268802584,0.14170787358665268
627,203.71947329620775,3931.023396399216,54.0,-0.05248888110064261,0.091318879575866,-0.05232302575991722,0.09577244563458845,0.022456391268802584,0.13230962887131648
628,217.78621872145484,4016.709547047492,54.0,-0.05248888110064261,-0.19948113645906557,-0.05232302575991722,-0.19943673991635513,0.022456391268802584,0.1407956524525296
629,252.93723737990092,4019.171331489568,54.0,-0.05248888110064261,-0.09679332500911507,-0.05232302575991722,-0.09564748171656468,0.022456391268802584,0.15733107436347535
630,208.42466583089583,3984.700961738825,54.0,-0.05248888110064261,0.020278398209123378,-0.05232302575991722,0.017013600999107314,0.022456391268802584,0.12963021155795107
631,256.83766692814663,3977.954207213813,54.0,-0.05248888110064261,-0.013800408278170978,-0.05232302575991722,-0.013870918890784133,0.022456391268802584,0.1409942379992225
632,216.7424768273763,3934.5668680946055,54.0,-0.05248888110064261,0.05494638854497714,-0.05232302575991722,0.050221845344320934,0.022456391268802584,0.13306289215082132
633,193.2304932149353,3912.590394161609,54.0,-0.05248888110064261,0.09188032130441919,-0.05232302575991722,0.09013157546527588,0.022456391268802584,0.13509403565818648
634,223.3428052277796,3989.2837293720168,54.0,-0.05248888110064261,-0.051579715936936055,-0.05232302575991722,-0.05436023299554522,0.022456391268802584,0.13608532726387593
635,246.06942951702663,3981.67837797846,54.0,-0.05248888110064261,-0.030018856293674942,-0.05232302575991722,-0.02506061120927295,0.022456391268802584,0.13452101097647423
636,279.6006376701204,4002.5337399919367,54.0,-0.05248888110064261,-0.1419236773094287,-0.05232302575991722,-0.14770209630501258,0.022456391268802584,0.1482521168342188
637,192.79701301972855,3981.811109796079,54.0,-0.05248888110064261,0.191720795693157,-0.05232302575991722,0.189993554984226,0.022456391268802584,0.13944800491115533
638,282.20374954028966,3983.706942123103,54.0,-0.05248888110064261,-0.12502986383624853,-0.05232302575991722,-0.1275599711236824,0.022456391268802584,0.1460376969118392
639,203.2927786194446,3965.297674897721,54.0,-0.05248888110064261,0.07204736942123531,-0.05232302575991722,0.07076478048415731,0.022456391268802584,0.1293515694875156
640,222.10039796658828,3969.629559878969,54.0,-0.05248888110064261,-0.08480257792374861,-0.05232302575991722,-0.08264793716926994,0.022456391268802584,0.14145005254458112
641,236.3271697378009,3965.095470247745,54.0,-0.05248888110064261,-0.041071005641695794,-0.05232302575991722,-0.04655243804869705,0.022456391268802584,0.1433720261627706
642,192.940446962362,3945.496639258913,54.0,-0.05248888110064261,0.040469031469161226,-0.05232302575991722,0.03865320411026435,0.022456391268802584,0.12885535542219673
643,217.36962251063744,3945.754127331859,54.0,-0.05248888110064261,-0.03973156213033717,-0.05232302575991722,-0.03736208954195744,0.022456391268802584,0.13969866363696964
644,220.543097825573,3910.490639159292,54.0,-0.05248888110064261,0.04022656485287878,-0.05232302575991722,0.04373770492958008,0.022456391268802584,0.13966146542993393
645,244.3927331677535,4039.453609614884,54.0,-0.05248888110064261,-0.18635083644897135,-0.05232302575991722,-0.18471480558265335,0.022456391268802584,0.1433227146167992
646,235.85174675780948,4052.0064504657407,54.0,-0.05248888110064261,-0.29008609595794305,-0.05232302575991722,-0.28081199792931943,0.022456391268802584,0.15624361110568136
647,240.6308949961324,4066.355460037511,54.0,-0.05248888110064261,-0.15074264586636166,-0.05232302575991722,-0.1530223782599562,0.022456391268802584,0.14247044472665416
648,272.0036303115525,4087.9698110724366,54.0,-0.05248888110064261,-0.0044304825511775,-0.05232302575991722,-0.0028701666339827213,0.022456391268802584,0.14796144843555695
649,201.40797252687383,3996.1355278762608,54.0,-0.05248888110064261,0.02932277270477784,-0.05232302575991722,0.030700989509376497,0.022456391268802584,0.1447987559050866
650,224.482998151289,4001.4216244713134,54.0,-0.05248888110064261,-0.08918547163513474,-0.05232302575991722,-0.09122663556235056,0.022456391268802584,0.14193770030208566
651,229.5458883605087,4016.746868363543,54.0,-0.05248888110064261,-0.19166716065591477,-0.05232302575991722,-0.19176187205753503,0.022456391268802584,0.15147222694928864
652,227.90513404909052,4039.235656730924,54.0,-0.05248888110064261,-0.3005215867326468,-0.05232302575991722,-0.29922167696036295,0.022456391268802584,0.14880335618644872
653,215.30007276246957,4047.741048059149,54.0,-0.05248888110064261,-0.34960997593104887,-0.05232302575991722,-0.3456591918994616,0.022456391268802584,0.15934049982543078
654,214.7494271220868,4031.061700351105,54.0,-0.05248888110064261,-0.24819726059659875,-0.05232302575991722,-0.24378786775834355,0.022456391268802584,0.1441009658567789
655,275.30803990511106,4023.5491126828542,54.0,-0.05248888110064261,-0.002909505291571693,-0.05232302575991722,-0.00849751002065797,0.022456391268802584,0.15328613878765962
656,228.23403405678565,3926.946867381492,54.0,-0.05248888110064261,0.034598742223515715,-0.05232302575991722,0.03647154598480231,0.022456391268802584,0.13990585109024106
657,-499.9773429811749,3678.532005153513,54.0,-0.05248888110064261,-0.03778155169683271,-0.05232302575991722,-0.037645960550838464,0.022456391268802584,0.1527199506808238
658,-517.2496129298322,3660.238901566688,54.0,-0.05248888110064261,0.07553053907133216,-0.05232302575991722,0.06821141474934117,0.022456391268802584,0.1571688399445847
659,-580.6716768976491,3734.978595164169,54.0,-0.05248888110064261,0.06243062614793131,-0.05232302575991722,0.06125950192765088,0.022456391268802584,0.1696374209801794
660,-546.4989859266002,3721.4900233429794,54.0,-0.05248888110064261,-0.14007062519731653,-0.05232302575991722,-0.1444297125521522,0.022456391268802584,0.15244706346316295
661,-549.267120039264,3702.54178010288,54.0,-0.05248888110064261,-0.05268840314290291,-0.05232302575991722,-0.04377964337015606,0.022456391268802584,0.15629083151830905
662,-517.9434171149317,3694.1396214923566,54.0,-0.05248888110064261,-0.08213505536465493,-0.05232302575991722,-0.08694512888256825,0.022456391268802584,0.15002968610186845
663,275.46093069714203,4237.600593298557,54.0,-0.05248888110064261,0.04820680664824601,-0.05232302575991722,0.04652307596204214,0.022456391268802584,0.16215393738270323
664,260.54382607193054,4189.386828262381,54.0,-0.05248888110064261,-0.03138029722880613,-0.05232302575991722,-0.03215219222404575,0.022456391268802584,0.1586268731620603
665,365.73068580729074,4172.10123667665,54.0,-0.05248888110064261,-0.08859889400683131,-0.05232302575991722,-0.08946108380400225,0.022456391268802584,0.13974333181552492
666,303.0397540729384,4168.450548701593,54.0,-0.05248888110064261,-0.11605405610371737,-0.05232302575991722,-0.10928253772170399,0.022456391268802584,0.15908603939771623
667,306.09515397216705,4130.874580079874,54.0,-0.05248888110064261,-0.023616361628978386,-0.05232302575991722,-0.024852908684269898,0.022456391268802584,0.14406958772127001
668,302.82165996923425,4119.504667691163,54.0,-0.05248888110064261,-0.010895070674382378,-0.05232302575991722,-0.008918042638490662,0.022456391268802584,0.13785546465663367
669,291.1882646910309,4099.078724905353,54.0,-0.05248888110064261,0.05847698304725988,-0.05232302575991722,0.0552910744434436,0.022456391268802584,0.15035716429338344
670,272.934747988071,4111.997012157693,54.0,-0.05248888110064261,0.0641246762088983,-0.05232302575991722,0.06241461565651514,0.022456391268802584,0.14992662990722846
671,255.4251274347216,4100.936453308112,54.0,-0.05248888110064261,0.02710719197831737,-0.05232302575991722,0.022764622258811984,0.022456391268802584,0.14408776064974646
672,220.87595282766387,4102.083892846976,54.0,-0.05248888110064261,0.011592606540889967,-0.05232302575991722,0.011346477802060518,0.022456391268802584,0.15261369113842926
673,373.0536264372821,4237.867458294468,54.0,-0.05248888110064261,-0.13685053910971584,-0.05232302575991722,-0.1386476343988549,0.022456391268802584,0.1531052218760245
674,362.3064081282481,4221.704404093187,54.0,-0.05248888110064261,-0.12827787157259263,-0.05232302575991722,-0.12502422003571367,0.022456391268802584,0.14669223179471577
675,372.2868734763583,4221.386114156595,54.0,-0.05248888110064261,-0.16094291352116627,-0.05232302575991722,-0.15696191283916874,0.022456391268802584,0.14611447580845358
676,348.8282222887337,4204.538514488947,54.0,-0.05248888110064261,-0.02370787048066408,-0.05232302575991722,-0.0226924149116021,0.022456391268802584,0.16234515417056478
677,329.5351738167448,4169.038905630156,54.0,-0.05248888110064261,0.011339262099112783,-0.05232302575991722,0.013526699984687576,0.022456391268802584,0.1531043210735368
678,346.62414930987774,4170.158415182179,54.0,-0.05248888110064261,-0.05661028328470464,-0.05232302575991722,-0.05784732506199327,0.022456391268802584,0.1500719100711809
679,364.6091053140706,4170.399258321844,54.0,-0.05248888110064261,-0.09419434342700114,-0.05232302575991722,-0.09582116729675272,0.022456391268802584,0.14369370640610715
680,334.60250706622514,4156.27046823521,54.0,-0.05248888110064261,-0.09718900089167695,-0.05232302575991722,-0.09404040359958783,0.022456391268802584,0.15233326562058766
681,355.5439209369716,4156.456968582675,54.0,-0.05248888110064261,-0.1368310401038695,-0.05232302575991722,-0.13484964224555349,0.022456391268802584,0.15419843038669653
682,299.7110510601282,4116.425155454023,54.0,-0.05248888110064261,-0.0032060162896565005,-0.05232302575991722,-0.00020951779958124707,0.022456391268802584,0.138739860930194
683,320.9729984334359,4121.618338208264,54.0,-0.05248888110064261,-0.0883109518080643,-0.05232302575991722,-0.08324798343468008,0.022456391268802584,0.1465627933041919
684,268.5028234668558,4104.077574133915,54.0,-0.05248888110064261,0.0035321978605396985,-0.05232302575991722,0.002072732471677598,0.022456391268802584,0.14019384689476358
685,308.95176142546023,4100.390848526726,54.0,-0.05248888110064261,-0.03385303615771506,-0.05232302575991722,-0.03492313658256668,0.022456391268802584,0.13858910827598842
686,321.7264183919306,4102.665007325553,54.0,-0.05248888110064261,-0.1213075620767583,-0.05232302575991722,-0.12052526928931362,0.022456391268802584,0.14666673614833023
687,219.27949383018264,4092.615330391432,54.0,-0.05248888110064261,-0.05525658085504676,-0.05232302575991722,-0.05886952759080205,0.022456391268802584,0.14516685797504075
688,241.15223999434448,4082.933807469713,54.0,-0.05248888110064261,-0.1261479519290832,-0.05232302575991722,-0.12793994433172184,0.022456391268802584,0.1460210287110641
689,255.9426322707364,4092.0033524375262,54.0,-0.05248888110064261,0.020916531387669114,-0.05232302575991722,0.01272377988528407,0.022456391268802584,0.14327765567055803
690,302.40939418690647,4076.239930161057,54.0,-0.05248888110064261,-0.01623587660956586,-0.05232302575991722,-0.01488889483316937,0.022456391268802584,0.15035494084874043
691,823.8432151226995,4855.87050783927,54.0,-0.05248888110064261,0.00028459667966736885,-0.05232302575991722,0.008336493733373192,0.022456391268802584,0.14833530131479303
692,819.3628651065428,4843.652568747224,54.0,-0.05248888110064261,0.11848747449154735,-0.05232302575991722,0.11026964071578796,0.022456391268802584,0.1431406568956734
693,820.4132859790924,4829.631034390841,54.0,-0.05248888110064261,0.12447581060462956,-0.05232302575991722,0.12337774226345821,0.022456391268802584,0.1360698747859997
694,833.8506821285372,4813.25043740029,54.0,-0.05248888110064261,0.12150877667911916,-0.05232302575991722,0.12400399939556772,0.022456391268802584,0.1508510740345669
695,807.9486503849818,4811.149543201454,54.0,-0.05248888110064261,0.07610339953888999,-0.05232302575991722,0.07441488981149294,0.022456391268802584,0.14183013271373765
696,-373.43476264910015,3766.461917060813,54.0,-0.05248888110064261,0.035656339520818446,-0.05232302575991722,0.03540731586347512,0.022456391268802584,0.1503864687506411
697,-404.9594998600836,3757.059047829879,54.0,-0.05248888110064261,0.02638893825786525,-0.05232302575991722,0.0332956618645765,0.022456391268802584,0.141833247841183
698,-388.4341386667703,3754.2694742453887,54.0,-0.05248888110064261,0.06176995603759825,-0.05232302575991722,0.06216780661465962,0.022456391268802584,0.1396532137566371
699,-361.1239523797188,3752.790302079386,54.0,-0.05248888110064261,0.009031449865567757,-0.05232302575991722,0.0020747370905824327,0.022456391268802584,0.14734152672247858
700,-420.5155790009941,3745.761874945407,54.0,-0.05248888110064261,0.05955510822058793,-0.05232302575991722,0.056158169416074356,0.022456391268802584,0.1438954355592963
701,-402.0863261984077,3740.578611177712,54.0,-0.05248888110064261,0.0682056007419503,-0.05232302575991722,0.06925794101581371,0.022456391268802584,0.1460803127130109
702,-374.17678074725006,3737.152975783385,54.0,-0.05248888110064261,-0.030870824112814877,-0.05232302575991722,-0.02636515088904702,0.022456391268802584,0.14759583452486655
703,-350.91326110736713,3715.884060741088,54.0,-0.05248888110064261,-0.006216693711088662,-0.05232302575991722,-0.00848813420965662,0.022456391268802584,0.1565589542285479
704,-400.3198472799375,3700.1520817218016,54.0,-0.05248888110064261,0.08248206163793527,-0.05232302575991722,0.08169971558977368,0.022456391268802584,0.14396566436417071
705,-379.6065561208264,3698.954138824738,54.0,-0.05248888110064261,0.11800151037856402,-0.05232302575991722,0.11635485692421928,0.022456391268802584,0.14808022799487416
706,-354.7620074744374,3695.953997662773,54.0,-0.05248888110064261,0.03342694516484361,-0.05232302575991722,0.035538102023498164,0.022456391268802584,0.1525479847484447
707,-399.0727213039516,3689.444607369494,54.0,-0.05248888110064261,0.11670434872911656,-0.05232302575991722,0.1141428910909997,0.022456391268802584,0.14015382650224092
708,-375.6216397006036,3674.460164358082,54.0,-0.05248888110064261,0.037331770572723126,-0.05232302575991722,0.039160948466417815,0.022456391268802584,0.15484999972454044
709,-351.1479509122784,3665.503242462116,54.0,-0.05248888110064261,0.11952992793705985,-0.05232302575991722,0.12419114809844228,0.022456391268802584,0.15244914844135823
710,-389.7627570705973,3743.2169933727887,54.0,-0.05248888110064261,0.07359000739747348,-0.05232302575991722,0.07012658564763069,0.022456391268802584,0.14126486694062282
711,-366.9323951215805,3742.866649151627,54.0,-0.05248888110064261,-0.03746518547665041,-0.05232302575991722,-0.042050843187949355,0.022456391268802584,0.14625746300660344
712,-402.1052308230248,3707.5373006073055,54.0,-0.05248888110064261,0.07421030298105882,-0.05232302575991722,0.0731511470069208,0.022456391268802584,0.14853719346279934
713,-380.9661528592131,3689.457435245816,54.0,-0.05248888110064261,0.04985903252211395,-0.05232302575991722,0.05219488233122681,0.022456391268802584,0.14515247843622497
714,-413.19707339021727,3725.878044612585,54.0,-0.05248888110064261,0.06666875745021539,-0.05232302575991722,0.06651585162780262,0.022456391268802584,0.15100445841302315
715,-162.52306238605374,3916.201907568545,54.0,-0.05248888110064261,0.01925951486691578,-0.05232302575991722,0.02384398463447973,0.022456391268802584,0.13592825253173407
716,-133.3415231743852,3915.05509414729,54.0,-0.05248888110064261,0.04251265469136738,-0.05232302575991722,0.03699756430281798,0.022456391268802584,0.13931917810412528
717,-107.03856041422884,3912.688158453438,54.0,-0.05248888110064261,-0.10464182808741664,-0.05232302575991722,-0.1031771716344983,0.022456391268802584,0.1338845125468178
718,-185.24762128328757,3894.1527541873807,54.0,-0.05248888110064261,0.11030149571671051,-0.05232302575991722,0.10434951484632013,0.022456391268802584,0.14192851087677033
719,-163.77609401928575,3898.3612294938825,54.0,-0.05248888110064261,0.08871748901493506,-0.05232302575991722,0.08943817283261543,0.022456391268802584,0.14195844633041566
720,-138.31483592452412,3903.081532209318,54.0,-0.05248888110064261,0.05673564759690726,-0.05232302575991722,0.05390935747743649,0.022456391268802584,0.14371682619784099
721,-176.60911080190527,3873.689646947577,54.0,-0.05248888110064261,-0.043754590778022205,-0.05232302575991722,-0.04372898060820093,0.022456391268802584,0.14223883702287557
722,-149.1571348158001,3881.691152823052,54.0,-0.05248888110064261,-0.028809147590828553,-0.05232302575991722,-0.03274350488870279,0.022456391268802584,0.13663794757102043
723,-131.5000538528961,3885.757679077044,54.0,-0.05248888110064261,-0.03842168707881533,-0.05232302575991722,-0.03754757874999622,0.022456391268802584,0.14738766712417412
724,-124.00630206861427,3866.008859174929,54.0,-0.05248888110064261,0.02988952231551906,-0.05232302575991722,0.02792744474429178,0.022456391268802584,0.14211490548326766
725,-188.24213287120952,3844.223822198344,54.0,-0.05248888110064261,0.053701209714079816,-0.05232302575991722,0.05553309639690131,0.022456391268802584,0.14331791644042638
726,-163.18022440468428,3835.315907696576,54.0,-0.05248888110064261,0.11027017957076346,-0.05232302575991722,0.10733224575486164,0.022456391268802584,0.15163100942827792
727,-143.89632797920137,3927.044930804073,54.0,-0.05248888110064261,0.08747144614169006,-0.05232302575991722,0.090173902903009,0.022456391268802584,0.13717812015888148
728,-153.2235956101634,3841.402841089208,54.0,-0.05248888110064261,0.1491359033561438,-0.05232302575991722,0.14942900257588954,0.022456391268802584,0.14809243945869122
729,-134.8166939717991,3867.276296113637,54.0,-0.05248888110064261,-0.0037897121354718124,-0.05232302575991722,-0.010624933888976451,0.022456391268802584,0.14261588363920902
730,-160.39702155560826,3872.236696721719,54.0,-0.05248888110064261,-0.06954520948780524,-0.05232302575991722,-0.06927202286898644,0.022456391268802584,0.13631709075057646
731,-170.93912756686086,3857.865301629393,54.0,-0.05248888110064261,-0.0772019952032985,-0.05232302575991722,-0.07654023336306412,0.022456391268802584,0.14344308666061356
732,-153.8352027724087,3881.8353385911855,54.0,-0.05248888110064261,-0.05239365909470199,-0.05232302575991722,-0.0460508734595753,0.022456391268802584,0.1390558180489728
733,-185.1723244532143,3862.5721872323993,54.0,-0.05248888110064261,-0.02279060628741744,-0.05232302575991722,-0.016199714742924316,0.022456391268802584,0.1402804774053438
734,-201.39282667417103,3905.61281133974,54.0,-0.05248888110064261,-0.0006306453630752319,-0.05232302575991722,0.000474123136588154,0.022456391268802584,0.14417515498314498
735,-194.47015295781316,3889.527551350435,54.0,-0.05248888110064261,0.06480727044735905,-0.05232302575991722,0.0630327867614487,0.022456391268802584,0.13600230503487382
736,-167.4205538799331,3917.759500104368,54.0,-0.05248888110064261,0.005048824704704401,-0.05232302575991722,0.004861342235895873,0.022456391268802584,0.13966870751874774
737,-143.8062093783999,3927.407261262322,54.0,-0.05248888110064261,0.08722216708869741,-0.05232302575991722,0.0860175289704922,0.022456391268802584,0.1378436461245964
738,-128.11374621265907,3902.904347709693,54.0,-0.05248888110064261,0.010725622395553755,-0.05232302575991722,0.00910972098247467,0.022456391268802584,0.1417108981592388
739,-109.38043299124205,3904.605524472531,54.0,-0.05248888110064261,-0.07005523490259694,-0.05232302575991722,-0.07465792995826603,0.022456391268802584,0.13451304444860937
740,-116.24285178055337,3863.5742101856567,54.0,-0.05248888110064261,0.03494686061562341,-0.05232302575991722,0.03147059267105333,0.022456391268802584,0.1516922422405084
741,-174.55729592021984,3890.937438124017,54.0,-0.05248888110064261,0.06380407345952209,-0.05232302575991722,0.06431690633467563,0.022456391268802584,0.1365908274197807
742,1.9277845768490225,3823.908729256164,54.0,-0.05248888110064261,-0.2428908486195689,-0.05232302575991722,-0.237958029782932,0.022456391268802584,0.14317022253808198
743,-25.74162000676105,3821.09926387676,54.0,-0.05248888110064261,-0.26555736353476767,-0.05232302575991722,-0.26100569982746824,0.022456391268802584,0.15349303781601742
744,-14.341553360039486,3849.999377693335,54.0,-0.05248888110064261,-0.1686206247325642,-0.05232302575991722,-0.1579204212005842,0.022456391268802584,0.14882022218181934
745,9.734006700963306,3833.316219177283,54.0,-0.05248888110064261,-0.24014985476039338,-0.05232302575991722,-0.23885181117785442,0.022456391268802584,0.14266482585197746
746,15.208905088541387,3859.554982036448,54.0,-0.05248888110064261,-0.15896594418553428,-0.05232302575991722,-0.15314669197326208,0.022456391268802584,0.14399245944193986
747,451.7226557817759,4605.272919197221,54.0,-0.05248888110064261,-0.025413004583131185,-0.05232302575991722,-0.02078579486433088,0.022456391268802584,0.14516342888214803
748,469.53695878019,4631.78824899171,54.0,-0.05248888110064261,-0.07224294194527892,-0.05232302575991722,-0.06695306432984585,0.022456391268802584,0.15746116013024802
749,-506.2854616274147,3745.149439059346,54.0,-0.05248888110064261,-0.08288481204987187,-0.05232302575991722,-0.08307099709636181,0.022456391268802584,0.14215009706060705
750,-534.606119933744,3763.415805899948,54.0,-0.05248888110064261,-0.09549763056414713,-0.05232302575991722,-0.09106529006712286,0.022456391268802584,0.15269389497137403
751,-538.2739372748354,3736.42271139639,54.0,-0.05248888110064261,-0.10706956363697584,-0.05232302575991722,-0.10657475601877206,0.022456391268802584,0.14855849937346935
752,-503.4668716314065,3749.0075009138736,54.0,-0.05248888110064261,-0.0648786618329228,-0.05232302575991722,-0.06935636079203777,0.022456391268802584,0.1461258414613028
753,-487.9031031712161,3742.382310792889,54.0,-0.05248888110064261,-0.05730153664961197,-0.05232302575991722,-0.05666748338747074,0.022456391268802584,0.1488289537282952
754,-518.1847377928273,3724.680691386569,54.0,-0.05248888110064261,-0.09447131727070404,-0.05232302575991722,-0.09010323863528008,0.022456391268802584,0.1477329812996268
755,469.3720137135748,4786.880795494608,54.0,-0.05248888110064261,0.14860143204987078,-0.05232302575991722,0.1388762660273411,0.022456391268802584,0.1441669431196021
756,459.4190816211761,4766.787538002149,54.0,-0.05248888110064261,0.021838621277771114,-0.05232302575991722,0.024760237166659895,0.022456391268802584,0.15128082353470068
757,457.7529359859426,4742.166364246548,54.0,-0.05248888110064261,-0.031261727822806354,-0.05232302575991722,-0.027023766571198815,0.022456391268802584,0.15922028767372043
758,430.9369550640612,4736.696942853924,54.0,-0.05248888110064261,-0.05052654920376022,-0.05232302575991722,-0.05307441761286428,0.022456391268802584,0.15427995920353907
759,64.11247040924663,3872.825368185757,54.0,-0.05248888110064261,-0.05593751937040006,-0.05232302575991722,-0.04914996123882209,0.022456391268802584,0.1350658984748885
760,77.65905487220303,3909.3501493595386,54.0,-0.05248888110064261,-0.07097441765308553,-0.05232302575991722,-0.07164842877153518,0.022456391268802584,0.13902124645373073
761,32.823125034109225,3912.664070630043,54.0,-0.05248888110064261,0.02031829948341991,-0.05232302575991722,0.015523290041646843,0.022456391268802584,0.14857522179988045
762,45.6171520763773,3868.016782251201,54.0,-0.05248888110064261,-0.04841140534906612,-0.05232302575991722,-0.048611990558692815,0.022456391268802584,0.14126728822409135
763,67.19752621553442,3879.29954399636,54.0,-0.05248888110064261,-0.07042869728773007,-0.05232302575991722,-0.0674041224074593,0.022456391268802584,0.14311770211854502
764,329.4081606104876,3998.689087059467,54.0,-0.05248888110064261,-0.17713310765807438,-0.05232302575991722,-0.17784054056628085,0.022456391268802584,0.13071879874388756
765,343.5160136838465,3991.578570639738,54.0,-0.05248888110064261,-0.18614487503478008,-0.05232302575991722,-0.18679699815709738,0.022456391268802584,0.13401865448853278
766,326.1144591510769,3985.159052073012,54.0,-0.05248888110064261,-0.08362525751516077,-0.05232302575991722,-0.08410071763538812,0.022456391268802584,0.13183883724435308
767,355.0956935944724,3991.135378270276,54.0,-0.05248888110064261,-0.08352237956748408,-0.05232302575991722,-0.08005779794867512,0.022456391268802584,0.13989727336088464
768,348.40911047628657,3967.513791775754,54.0,-0.05248888110064261,-0.13952209618247025,-0.05232302575991722,-0.1380246062629238,0.022456391268802584,0.1344327898500231
769,361.37558788138097,3962.4633601457217,54.0,-0.05248888110064261,-0.12175784902229471,-0.05232302575991722,-0.12235096429315184,0.022456391268802584,0.15039988723577213
770,301.7826715226189,3985.67443842124,54.0,-0.05248888110064261,-0.12125360971117964,-0.05232302575991722,-0.12158496768916811,0.022456391268802584,0.13838169086147403
771,324.6121656230089,4002.446351914743,54.0,-0.05248888110064261,-0.1475178333508659,-0.05232302575991722,-0.1476632311923094,0.022456391268802584,0.133098322123371
772,346.0410833035202,3997.847804836481,54.0,-0.05248888110064261,-0.13945120737556146,-0.05232302575991722,-0.13557434997105006,0.022456391268802584,0.1391889106894905
773,332.9339408519666,3975.749452511216,54.0,-0.05248888110064261,-0.1292199310967316,-0.05232302575991722,-0.12705866462624762,0.022456391268802584,0.1381641914012416
774,317.01123892056614,3988.895486735146,54.0,-0.05248888110064261,-0.0431383191849054,-0.05232302575991722,-0.04698424112081358,0.022456391268802584,0.1364138810356873
775,328.8394826947961,3993.550836550456,54.0,-0.05248888110064261,-0.162710520159927,-0.05232302575991722,-0.16908693578719414,0.022456391268802584,0.13008510896835743
776,339.4763602589023,3985.015682510838,54.0,-0.05248888110064261,-0.16555028766829077,-0.05232302575991722,-0.16713857650777914,0.022456391268802584,0.12789583763861942
777,344.03861217691355,3970.208576259624,54.0,-0.05248888110064261,-0.08022797994325208,-0.05232302575991722,-0.08210665000882474,0.022456391268802584,0.1349847991227545
778,-211.31902072657357,3961.00505155232,54.0,-0.05248888110064261,0.06015611723171901,-0.05232302575991722,0.0655765696228208,0.022456391268802584,0.15182950512508797
779,-220.7280618722674,3921.70947526317,54.0,-0.05248888110064261,0.18061407909296864,-0.05232302575991722,0.17454436215539976,0.022456391268802584,0.14339082435669304
780,-237.32088222167792,3935.218089324849,54.0,-0.05248888110064261,0.0706244781784453,-0.05232302575991722,0.07142645160666725,0.022456391268802584,0.13977154228806524
781,-274.9589686987792,3927.862775208853,54.0,-0.05248888110064261,0.10590557026481892,-0.05232302575991722,0.10262757400147868,0.022456391268802584,0.15007988185137433
782,-267.48173061784684,3914.497260456359,54.0,-0.05248888110064261,0.15803719652869858,-0.05232302575991722,0.1601045410875911,0.022456391268802584,0.142695618911234
783,-275.1961394385367,3889.546582295512,54.0,-0.05248888110064261,-0.03527413715786119,-0.05232302575991722,-0.030441650764086878,0.022456391268802584,0.14156251786525284
784,-301.9075316337328,3909.6895609842554,54.0,-0.05248888110064261,0.032189680901708775,-0.05232302575991722,0.028437966589059272,0.022456391268802584,0.14048202406264051
785,-316.3799621335906,3897.040788971913,54.0,-0.05248888110064261,0.027198792247311143,-0.05232302575991722,0.024993802156165756,0.022456391268802584,0.15126376831893423
786,-325.43376241113504,3862.4680735279408,54.0,-0.05248888110064261,0.13724195240164097,-0.05232302575991722,0.13826749186664966,0.022456391268802584,0.1340403748353544
787,-334.9041792227584,3838.7410632234864,54.0,-0.05248888110064261,0.1747476966474115,-0.05232302575991722,0.17638806695421508,0.022456391268802584,0.1291372200008826
788,-339.9484861477804,3874.699950437256,54.0,-0.05248888110064261,0.15771711785337875,-0.05232302575991722,0.15415253805854745,0.022456391268802584,0.14530714583813456
789,-348.5218148107753,3852.772908442407,54.0,-0.05248888110064261,0.15940136382234438,-0.05232302575991722,0.15621684939713928,0.022456391268802584,0.1429405611992089
790,-212.01572236275788,3941.715268979583,54.0,-0.05248888110064261,0.08582166909979999,-0.05232302575991722,0.09087610622296916,0.022456391268802584,0.14120045061091124
791,-246.002423575228,3925.582992152925,54.0,-0.05248888110064261,0.18210132151312636,-0.05232302575991722,0.17895734118064044,0.022456391268802584,0.1376035633482168
792,-222.33366666999925,4024.177170602505,54.0,-0.05248888110064261,-0.04081353717823016,-0.05232302575991722,-0.04161167890094693,0.022456391268802584,0.1591062399490468
793,-198.95663681156643,4033.374445441812,54.0,-0.05248888110064261,-0.06986336253396194,-0.05232302575991722,-0.07046391499585705,0.022456391268802584,0.1585406626233611
794,-186.97901038579923,4043.687913582171,54.0,-0.05248888110064261,-0.09532935822951678,-0.05232302575991722,-0.09342452049676037,0.022456391268802584,0.1590786188866585
795,-204.4101306880948,3933.491052087412,54.0,-0.05248888110064261,0.13917600624640525,-0.05232302575991722,0.13908771859486824,0.022456391268802584,0.14121568222239564
796,-221.0025600671725,3926.6580830205703,54.0,-0.05248888110064261,0.2133238688677762,-0.05232302575991722,0.20745209629845704,0.022456391268802584,0.1423314537686349
797,-254.16694977190264,3929.4688952512015,54.0,-0.05248888110064261,0.17448487145990613,-0.05232302575991722,0.1713204668381832,0.022456391268802584,0.1447383553372966
798,-272.92072447444207,3916.205604383721,54.0,-0.05248888110064261,0.10781388849144496,-0.05232302575991722,0.1071169812054423,0.022456391268802584,0.14292841689992858
799,-265.0502416392309,3890.639245876809,54.0,-0.05248888110064261,-0.040027436638506775,-0.05232302575991722,-0.03449555252455462,0.022456391268802584,0.14766346492702542
800,-305.0054529490755,3895.678747236552,54.0,-0.05248888110064261,0.04376936588664792,-0.05232302575991722,0.04021392759598167,0.022456391268802584,0.1395323526891367
801,-321.8097667276481,3875.861948073805,54.0,-0.05248888110064261,0.1214517917990288,-0.05232302575991722,0.11806751701182469,0.022456391268802584,0.13830693145786135
802,-285.02350266437804,3893.5060598089713,54.0,-0.05248888110064261,-0.0665304796294229,-0.05232302575991722,-0.05976335228197133,0.022456391268802584,0.14650146307679635
803,-325.60180416002567,3862.5617444854206,54.0,-0.05248888110064261,0.13610057121430547,-0.05232302575991722,0.13689047737187152,0.022456391268802584,0.13394800918820424
804,-198.48172235255237,3962.303825509364,54.0,-0.05248888110064261,0.09514179051428762,-0.05232302575991722,0.09614933657344292,0.022456391268802584,0.15560683053575447
805,-245.12942589735192,3951.303957723816,54.0,-0.05248888110064261,0.00381920614489711,-0.05232302575991722,0.00422291453104841,0.022456391268802584,0.16063198946429025
806,-242.5354076593333,3921.677539000169,54.0,-0.05248888110064261,0.20006434722155583,-0.05232302575991722,0.1967328362031657,0.022456391268802584,0.13810143576878176
807,-294.2191221519013,3908.731258999061,54.0,-0.05248888110064261,-0.017802897602702733,-0.05232302575991722,-0.012519006084588055,0.022456391268802584,0.1447788637383402
808,-338.47089415442724,3843.274304183631,54.0,-0.05248888110064261,0.18150776672680158,-0.05232302575991722,0.1791003412144629,0.022456391268802584,0.1390953176754977
809,-224.04897310096092,3960.4650681106295,54.0,-0.05248888110064261,0.07078923066204089,-0.05232302575991722,0.0757369537363084,0.022456391268802584,0.15449425205235506
810,-236.9623812718686,3941.249035298143,54.0,-0.05248888110064261,0.044630371101164294,-0.05232302575991722,0.049313540418826414,0.022456391268802584,0.13985151277453575
811,572.9048472765722,4786.747663651523,54.0,-0.05248888110064261,-0.07285472264211551,-0.05232302575991722,-0.0731057870684089,0.022456391268802584,0.15439857256996314
812,573.470920004366,4818.2752828395405,54.0,-0.05248888110064261,-0.05311707534171178,-0.05232302575991722,-0.05104364522104528,0.022456391268802584,0.15828689892426523
813,565.6577383414963,4767.648796143017,54.0,-0.05248888110064261,0.009777249283587362,-0.05232302575991722,0.012255857722137248,0.022456391268802584,0.14136799392924898
814,325.04419856673445,3890.523033053691,54.0,-0.05248888110064261,-0.05647165873011448,-0.05232302575991722,-0.05337858141673528,0.022456391268802584,0.14910715259397697
815,326.8205357700357,3870.82711033228,54.0,-0.05248888110064261,-0.014038559655650342,-0.05232302575991722,-0.010326745905080644,0.022456391268802584,0.137028072356012
816,322.07013414792897,3854.3413164341778,54.0,-0.05248888110064261,0.16664791716574084,-0.05232302575991722,0.15979529547406873,0.022456391268802584,0.14828693411973623
817,300.148444319119,3836.049470583129,54.0,-0.05248888110064261,0.09117903393101066,-0.05232302575991722,0.090705036591819,0.022456391268802584,0.14835462599100754
818,298.4736831184446,3865.427505089792,54.0,-0.05248888110064261,0.03277902774777559,-0.05232302575991722,0.03498227027875323,0.022456391268802584,0.1406129663358708
819,312.55779460009745,3872.429480945586,54.0,-0.05248888110064261,0.019718395763899717,-0.05232302575991722,0.02043891928203219,0.022456391268802584,0.13200463393397813
820,309.97405298229904,3896.896670356153,54.0,-0.05248888110064261,-0.041488716598657105,-0.05232302575991722,-0.041600555590467506,0.022456391268802584,0.1484974277565949
821,281.68860591242515,3899.277797409469,54.0,-0.05248888110064261,0.217816385882332,-0.05232302575991722,0.21379623789780722,0.022456391268802584,0.13899610315199265
822,258.026281620782,3903.2885999367545,54.0,-0.05248888110064261,0.1399061238234433,-0.05232302575991722,0.13739337275027497,0.022456391268802584,0.13786016695168957
823,225.26275792109743,3851.6329722134415,54.0,-0.05248888110064261,-0.0016531911965188876,-0.05232302575991722,0.00254142694103201,0.022456391268802584,0.15036097981270163
824,238.67127808163656,3887.54982630175,54.0,-0.05248888110064261,0.045945058469901594,-0.05232302575991722,0.04633580972481823,0.022456391268802584,0.14560971699161696
825,216.78058276365192,3875.401286069962,54.0,-0.05248888110064261,-0.04209904011701369,-0.05232302575991722,-0.0445236338511552,0.022456391268802584,0.13828648610060013
826,194.69215329829044,3859.7518318258,54.0,-0.05248888110064261,-0.12304751878779378,-0.05232302575991722,-0.12230189252905242,0.022456391268802584,0.15161508622034492
827,184.8894463734039,3844.197419775655,54.0,-0.05248888110064261,-0.09623839186173219,-0.05232302575991722,-0.09684447414063625,0.022456391268802584,0.1443361159950924
828,216.67804085346188,3854.6589930314367,54.0,-0.05248888110064261,-0.03551713343906019,-0.05232302575991722,-0.03277712220863428,0.022456391268802584,0.1438255947517293
829,201.6426748967095,3841.084954194472,54.0,-0.05248888110064261,-0.049949607462693245,-0.05232302575991722,-0.04812724210050166,0.022456391268802584,0.14871320274392277
830,245.1738650954148,3910.692918075235,54.0,-0.05248888110064261,0.0756784751831694,-0.05232302575991722,0.07632750771556543,0.022456391268802584,0.13513459803759897
831,219.492026721324,3902.160321959544,54.0,-0.05248888110064261,0.01813448750300218,-0.05232302575991722,0.022434077580102584,0.022456391268802584,0.1428022392011357
832,233.00864843063775,3870.269977730515,54.0,-0.05248888110064261,0.028722560972412173,-0.05232302575991722,0.032045318472632645,0.022456391268802584,0.14663079497996173
833,211.7067472244628,3878.559134011484,54.0,-0.05248888110064261,-0.05247684414637346,-0.05232302575991722,-0.04670935564537104,0.022456391268802584,0.14331205889996537
834,258.4336883859368,3877.8657284365577,54.0,-0.05248888110064261,0.23436410290600299,-0.05232302575991722,0.2287009711229313,0.022456391268802584,0.1409880695821648
835,265.3096747297514,3890.540840509381,54.0,-0.05248888110064261,0.2729008127984783,-0.05232302575991722,0.2652008529165445,0.022456391268802584,0.15006924514896391
836,325.17422066430987,3868.80579167809,54.0,-0.05248888110064261,-0.008553540250561941,-0.05232302575991722,-0.007821281457952035,0.022456391268802584,0.137054196759049
837,244.26666170076163,3867.105363176406,54.0,-0.05248888110064261,0.12675507610834755,-0.05232302575991722,0.12508951701682386,0.022456391268802584,0.14942813470532484
838,278.4112143194352,3898.247540754817,54.0,-0.05248888110064261,0.2452478851486249,-0.05232302575991722,0.2375586971693413,0.022456391268802584,0.1425971278178945
839,315.6588536998603,3884.383887990511,54.0,-0.05248888110064261,-0.0261074770492682,-0.05232302575991722,-0.02399522156563559,0.022456391268802584,0.13491300560950012
840,296.21345872966407,3852.992610644512,54.0,-0.05248888110064261,0.11465734274092078,-0.05232302575991722,0.11091212340596737,0.022456391268802584,0.14594609148700516
841,314.258204840562,3850.878766542768,54.0,-0.05248888110064261,0.14475481652600333,-0.05232302575991722,0.14998628091202154,0.022456391268802584,0.1486516464706709
842,301.5535634179998,3839.126306448653,54.0,-0.05248888110064261,0.09814158567896482,-0.05232302575991722,0.09793531979822578,0.022456391268802584,0.14325730907503997
843,309.4684575390872,3872.32704628831,54.0,-0.05248888110064261,0.052974223765175556,-0.05232302575991722,0.0468198825824001,0.022456391268802584,0.1321105047868903
844,271.0794516397593,3873.021199386558,54.0,-0.05248888110064261,0.2082883388952521,-0.05232302575991722,0.2003900565478966,0.022456391268802584,0.1499371325649388
845,418.3279091794528,4088.79789404924,54.0,-0.05248888110064261,0.035222530579354774,-0.05232302575991722,0.04185958653271378,0.022456391268802584,0.14499323680103832
846,393.5062405176661,4094.4322381805127,54.0,-0.05248888110064261,-0.07463385873146312,-0.05232302575991722,-0.07288950883583932,0.022456391268802584,0.13631457740655392
847,400.3313909243413,4047.66133186713,54.0,-0.05248888110064261,0.17297897917798652,-0.05232302575991722,0.17738820502655017,0.022456391268802584,0.13793277543845506
848,375.7370348868046,4027.7319162946624,54.0,-0.05248888110064261,0.01080253378247041,-0.05232302575991722,0.007242866523779408,0.022456391268802584,0.1560916123413678
849,426.0873277925459,4044.716857998372,54.0,-0.05248888110064261,0.5356879811269775,-0.05232302575991722,0.5334071387866824,0.022456391268802584,0.15799696962490561
850,362.17199524503343,4082.865688514489,54.0,-0.05248888110064261,-0.023590293587294246,-0.05232302575991722,-0.03189224651308627,0.022456391268802584,0.14409220107602724
851,379.32967125049646,4082.7270292645976,54.0,-0.05248888110064261,0.000950305162759513,-0.05232302575991722,0.0010278538349033576,0.022456391268802584,0.14104102347880143
852,396.279303214471,4080.2510948158647,54.0,-0.05248888110064261,-0.06162537551081382,-0.05232302575991722,-0.052410151548294204,0.022456391268802584,0.14605409003312797
853,412.8630024415256,4079.543733428927,54.0,-0.05248888110064261,0.08264198165708955,-0.05232302575991722,0.08571673995342247,0.022456391268802584,0.14055805303493069
854,390.0869155343114,4063.230642872049,54.0,-0.05248888110064261,0.09599186535493154,-0.05232302575991722,0.098319930202581,0.022456391268802584,0.14821535259995589
855,409.2580805256216,4061.619137215324,54.0,-0.05248888110064261,0.21109369576389694,-0.05232302575991722,0.21048200847473733,0.022456391268802584,0.14141120404022278
856,426.6160858045599,4065.7017923821263,54.0,-0.05248888110064261,0.4093852085873988,-0.05232302575991722,0.4069289997962624,0.022456391268802584,0.15816352791011465
857,376.0794496043232,4045.9459437511223,54.0,-0.05248888110064261,0.061760302682467495,-0.05232302575991722,0.06616372086942342,0.022456391268802584,0.15081880393132285
858,398.3143118189128,4046.608749255166,54.0,-0.05248888110064261,0.17199505810432952,-0.05232302575991722,0.17320024478382456,0.022456391268802584,0.1380467045033577
859,417.2204341967305,4045.130344334564,54.0,-0.05248888110064261,0.48172577548925544,-0.05232302575991722,0.47819362812876987,0.022456391268802584,0.15367511792878
860,383.6118848781027,4094.0408541803,54.0,-0.05248888110064261,-0.08673421974727334,-0.05232302575991722,-0.08058439889775922,0.022456391268802584,0.14094247927229786
861,717.0231393689389,4816.317861780097,54.0,-0.05248888110064261,-0.08764111792401091,-0.05232302575991722,-0.08845848128595873,0.022456391268802584,0.14321872113876544
862,734.7719603112209,4807.339234177854,54.0,-0.05248888110064261,-0.01926007810013931,-0.05232302575991722,-0.023467902060328512,0.022456391268802584,0.14590006815191575
863,697.3348802667408,4793.758636608686,54.0,-0.05248888110064261,0.008064991717991672,-0.05232302575991722,0.002629705379996407,0.022456391268802584,0.14161870628456977
864,655.8608069869983,4781.911311219037,54.0,-0.05248888110064261,-0.06837274621139623,-0.05232302575991722,-0.0682441443101712,0.022456391268802584,0.15099304591160112
865,712.9824267364081,4777.590250308541,54.0,-0.05248888110064261,0.19688496764712965,-0.05232302575991722,0.19272310796260228,0.022456391268802584,0.13888850941931938
866,668.2282066139936,4750.880796648703,54.0,-0.05248888110064261,-0.13329500813626094,-0.05232302575991722,-0.12775619253606268,0.022456391268802584,0.15146570076560348
867,706.0578596628206,4742.952353167281,54.0,-0.05248888110064261,0.12561628262210617,-0.05232302575991722,0.114757690431881,0.022456391268802584,0.14960590142683455
868,676.8632672784381,4706.037975065071,54.0,-0.05248888110064261,0.09797182890733751,-0.05232302575991722,0.09915109617740027,0.022456391268802584,0.15453467753056674
869,657.6587194445295,4799.709264851667,54.0,-0.05248888110064261,-0.11577690737553989,-0.05232302575991722,-0.11471259922818172,0.022456391268802584,0.15336388524794073
870,653.7950700859194,4748.564883259625,54.0,-0.05248888110064261,-0.11818980844377376,-0.05232302575991722,-0.11532099712651753,0.022456391268802584,0.15394047440025585
871,-92.0214114912519,3766.382293386853,54.0,-0.05248888110064261,0.1386756951685043,-0.05232302575991722,0.1343994428389806,0.022456391268802584,0.1545533531078268
872,-93.85219317436987,3755.7075478339193,54.0,-0.05248888110064261,0.12202140405923295,-0.05232302575991722,0.11962861869142714,0.022456391268802584,0.1451607423355881
873,-111.90305233878944,3768.4491518679,54.0,-0.05248888110064261,0.0904830226659122,-0.05232302575991722,0.08918179608784298,0.022456391268802584,0.1482398846553836
874,-127.89461504541896,3775.704322550012,54.0,-0.05248888110064261,0.20149441722358555,-0.05232302575991722,0.20005896899278408,0.022456391268802584,0.14226888930489864
875,-130.25309186349332,3757.715778785631,54.0,-0.05248888110064261,0.05200637758589037,-0.05232302575991722,0.0511352776538869,0.022456391268802584,0.14570750638940796
876,-141.06702293120463,3788.1607482074223,54.0,-0.05248888110064261,0.2750759641301542,-0.05232302575991722,0.2743347649682855,0.022456391268802584,0.13858405376364297
877,-155.24939862132854,3770.880467030972,54.0,-0.05248888110064261,0.06167240949562867,-0.05232302575991722,0.0589433035667769,0.022456391268802584,0.1457205747629031
878,-164.4795078687612,3789.103286028052,54.0,-0.05248888110064261,0.08210895132423648,-0.05232302575991722,0.08066188328374689,0.022456391268802584,0.14459297186006279
879,-102.38986574887532,3756.266858370933,54.0,-0.05248888110064261,0.08674502506391742,-0.05232302575991722,0.09399291062336385,0.022456391268802584,0.1411316728723038
880,-138.45523360743735,3784.989842871927,54.0,-0.05248888110064261,0.284102850703947,-0.05232302575991722,0.28602863531073214,0.022456391268802584,0.14218498514535327
881,-135.97189737011166,3769.9233764008513,54.0,-0.05248888110064261,0.13929590376370085,-0.05232302575991722,0.13715215012350715,0.022456391268802584,0.13873916328470895
882,-97.69554891479424,3779.972848397416,54.0,-0.05248888110064261,0.07200603159890569,-0.05232302575991722,0.07334168889725845,0.022456391268802584,0.14976208791164308
883,-120.2634109186522,3744.879416152507,54.0,-0.05248888110064261,0.06957784529046548,-0.05232302575991722,0.07106270397640682,0.022456391268802584,0.14976293732718252
884,-156.924534585463,3784.9748286003496,54.0,-0.05248888110064261,0.13646007411406355,-0.05232302575991722,0.13798397632390602,0.022456391268802584,0.12936062940890133
885,327.9247883281511,3963.7608357246586,54.0,-0.05248888110064261,-0.1577779915865331,-0.05232302575991722,-0.1574476712588863,0.022456391268802584,0.1351637619646504
886,332.2728487453242,3955.63210174711,54.0,-0.05248888110064261,-0.1526378878139897,-0.05232302575991722,-0.14540206209588158,0.022456391268802584,0.13173384063700874
887,364.57712380559593,3776.74559736748,54.0,-0.05248888110064261,-0.0169184823195442,-0.05232302575991722,-0.016630804045292623,0.022456391268802584,0.1706423713016101
888,387.9276208759748,3665.165766546727,54.0,-0.05248888110064261,0.20002814693542284,-0.05232302575991722,0.19779194467253625,0.022456391268802584,0.1659814546626291
889,342.9721527010015,3948.745347291568,54.0,-0.05248888110064261,-0.08777929789630629,-0.05232302575991722,-0.08698385694973605,0.022456391268802584,0.13692816287697857
890,330.5930561410029,3952.47921941426,54.0,-0.05248888110064261,-0.12507315107123304,-0.05232302575991722,-0.1207538346843422,0.022456391268802584,0.12474432487222824
891,-100.4168935768999,3930.978631826396,54.0,-0.05248888110064261,-0.17942073959763485,-0.05232302575991722,-0.17999758553057074,0.022456391268802584,0.14087050503248255
892,-117.70848810354678,3932.343097354881,54.0,-0.05248888110064261,-0.030944501308487478,-0.05232302575991722,-0.030848715814469414,0.022456391268802584,0.1500454614846854
893,-151.82872063398,3944.3503644953935,54.0,-0.05248888110064261,-0.006138138431927601,-0.05232302575991722,-0.007795847686856826,0.022456391268802584,0.1509442378158137
894,-183.8079702103253,3930.364447740388,54.0,-0.05248888110064261,0.11705149882832334,-0.05232302575991722,0.11228666498051364,0.022456391268802584,0.1476358303070726
895,-200.8556110931154,3919.167762298929,54.0,-0.05248888110064261,0.11340293300030133,-0.05232302575991722,0.11544582627054026,0.022456391268802584,0.14155951842826903
896,-117.44853647594596,3923.077543792965,54.0,-0.05248888110064261,-0.07110841219478557,-0.05232302575991722,-0.0730810262141306,0.022456391268802584,0.14110678075881453
897,-193.0671079313358,3925.334640995718,54.0,-0.05248888110064261,0.10132833923440615,-0.05232302575991722,0.10066062722092392,0.022456391268802584,0.1402361024372001
898,-182.80882168342347,3938.420844118436,54.0,-0.05248888110064261,0.0983621245176398,-0.05232302575991722,0.09867899421453699,0.022456391268802584,0.1491184308421815
899,-169.22454351660818,3949.864122291554,54.0,-0.05248888110064261,-0.01347048684024734,-0.05232302575991722,-0.018021801731067984,0.022456391268802584,0.1486843808967241
900,199.6253137223575,4097.533562704541,54.0,-0.05248888110064261,-0.11251678113319241,-0.05232302575991722,-0.11021801980665072,0.022456391268802584,0.14961287388232153
901,180.5705992492557,4080.48024937745,54.0,-0.05248888110064261,-0.07694855337821305,-0.05232302575991722,-0.07751383377961271,0.022456391268802584,0.14551317155484228
902,190.41227169080057,4085.240191257141,54.0,-0.05248888110064261,-0.1541898283091235,-0.05232302575991722,-0.15778856778762765,0.022456391268802584,0.15329527638303939
903,133.27665841837006,4066.2926462204714,54.0,-0.05248888110064261,0.05425496061916295,-0.05232302575991722,0.05532668082965225,0.022456391268802584,0.1413827865421877
904,161.45756366945437,4064.809444564428,54.0,-0.05248888110064261,0.02860588978501419,-0.05232302575991722,0.02440958425859659,0.022456391268802584,0.13633100434890605
905,167.52959921164822,4057.890748444691,54.0,-0.05248888110064261,-0.027305672060661017,-0.05232302575991722,-0.02509557241878408,0.022456391268802584,0.13597874487381514
906,154.67860682326315,4055.93008952698,54.0,-0.05248888110064261,-0.02570558907581005,-0.05232302575991722,-0.025429612819873222,0.022456391268802584,0.14001695712614085
907,131.86898071170762,4053.9416228862974,54.0,-0.05248888110064261,0.026533819089110497,-0.05232302575991722,0.028907382526628857,0.022456391268802584,0.13852780787185676
908,176.52045162103826,4054.157155351148,54.0,-0.05248888110064261,-0.07017949407504986,-0.05232302575991722,-0.06905821659709885,0.022456391268802584,0.14166196106100906
909,144.58738366308845,4040.185673265095,54.0,-0.05248888110064261,0.02273421637433495,-0.05232302575991722,0.024075088752182963,0.022456391268802584,0.13574852955101854
910,137.0304050103369,4090.0427831962857,54.0,-0.05248888110064261,0.0157935665417547,-0.05232302575991722,0.012011872868514649,0.022456391268802584,0.149095029745824
911,146.06286604885338,4070.4912970347327,54.0,-0.05248888110064261,0.03983651540249245,-0.05232302575991722,0.034342003379108164,0.022456391268802584,0.14482061810348484
912,184.90358304539177,4077.551448109347,54.0,-0.05248888110064261,-0.12410694611774721,-0.05232302575991722,-0.1259603429415166,0.022456391268802584,0.14756607617228204
913,138.3086584571955,4055.180570312392,54.0,-0.05248888110064261,0.02969330873659418,-0.05232302575991722,0.03167115379345367,0.022456391268802584,0.1393559796999425
914,156.30249231265788,4054.163957898228,54.0,-0.05248888110064261,-0.04509222915828273,-0.05232302575991722,-0.04162580848852919,0.022456391268802584,0.14191073378821079
915,144.93487867158464,4040.1157796648927,54.0,-0.05248888110064261,0.02236342514374583,-0.05232302575991722,0.02427345376284725,0.022456391268802584,0.1360042923986038
916,-14.089789104907949,3785.508897541508,54.0,-0.05248888110064261,-0.1246960109177623,-0.05232302575991722,-0.1263056478751834,0.022456391268802584,0.1478535983415322
917,-9.925235130187474,3764.08366154794,54.0,-0.05248888110064261,-0.15556653488592234,-0.05232302575991722,-0.15348668805423898,0.022456391268802584,0.13961234308843143
918,16.170423993237026,3756.447032381564,54.0,-0.05248888110064261,-0.07019667826420256,-0.05232302575991722,-0.07385513778622799,0.022456391268802584,0.14203146371455888
919,-11.141473043724488,3725.886702828202,54.0,-0.05248888110064261,-0.17565212640293143,-0.05232302575991722,-0.17146833654823657,0.022456391268802584,0.139402424984633
920,30.8317163158991,3728.685939677773,54.0,-0.05248888110064261,-0.1646742099159516,-0.05232302575991722,-0.16426524121958613,0.022456391268802584,0.16009713525968372
921,15.043445181788934,3715.8110582869726,54.0,-0.05248888110064261,-0.13600432316610533,-0.05232302575991722,-0.14238502863512853,0.022456391268802584,0.15297076847836205
922,1.0232192929827142,3799.386055081737,54.0,-0.05248888110064261,-0.10441018618388861,-0.05232302575991722,-0.09969010931932121,0.022456391268802584,0.13896144047033374
923,3.004810249261907,3742.404604751321,54.0,-0.05248888110064261,-0.1494939212033401,-0.05232302575991722,-0.14626952835445062,0.022456391268802584,0.13474753779876106
924,-34.95691718764405,3775.115165439217,54.0,-0.05248888110064261,-0.21411412448390452,-0.05232302575991722,-0.21083905550969512,0.022456391268802584,0.1546155807405231
925,-3.976707935406477,3790.887532136633,54.0,-0.05248888110064261,-0.040120742793302105,-0.05232302575991722,-0.045510935121836855,0.022456391268802584,0.1429783490455577
926,-23.639994217954985,3791.306169721887,54.0,-0.05248888110064261,-0.15887741676442677,-0.05232302575991722,-0.16184943523494857,0.022456391268802584,0.1428481276984307
927,-6.626156437287864,3726.2710578770343,54.0,-0.05248888110064261,-0.19144538899335353,-0.05232302575991722,-0.19094341323953934,0.022456391268802584,0.14450899443369508
928,23.08560742794845,3730.459636285315,54.0,-0.05248888110064261,-0.2016271333645112,-0.05232302575991722,-0.2023765126835705,0.022456391268802584,0.15925722023548844
929,-1.177771162963938,3741.453930125509,54.0,-0.05248888110064261,-0.15762539430925604,-0.05232302575991722,-0.15544584219359214,0.022456391268802584,0.13501249789695768
930,-15.66548375733837,3741.6238639024086,54.0,-0.05248888110064261,-0.1624123643333833,-0.05232302575991722,-0.1672787430371424,0.022456391268802584,0.13484237797706844
931,-11.032979497787542,3811.934593534735,54.0,-0.05248888110064261,-0.24206562036600507,-0.05232302575991722,-0.23916136308204505,0.022456391268802584,0.1454382543459638
932,-46.00446954103198,3809.903916821808,54.0,-0.05248888110064261,-0.3234811708241926,-0.05232302575991722,-0.31674481529825393,0.022456391268802584,0.15665272897771088
933,-35.47065700717375,3757.803246760093,54.0,-0.05248888110064261,-0.17664725199691356,-0.05232302575991722,-0.17288498198214208,0.022456391268802584,0.14433434953829738
934,-365.5449472651887,3844.923133756668,54.0,-0.05248888110064261,-0.017538546948158658,-0.05232302575991722,-0.012479927431458426,0.022456391268802584,0.14430601321060677
935,-404.3169497068079,3847.280124510167,54.0,-0.05248888110064261,-0.1579316226797336,-0.05232302575991722,-0.15761304122575964,0.022456391268802584,0.14151248159198657
936,-426.80940638540346,3840.4396818768737,54.0,-0.05248888110064261,-0.13112998712468635,-0.05232302575991722,-0.1284752968994422,0.022456391268802584,0.1515415662148488
937,-430.10570094557687,3824.844250380473,54.0,-0.05248888110064261,-0.0899220698436924,-0.05232302575991722,-0.08603040668600001,0.022456391268802584,0.1278265663795081
938,-404.2850942785308,3824.185449432093,54.0,-0.05248888110064261,-0.15466825478475646,-0.05232302575991722,-0.15175286036565416,0.022456391268802584,0.13746574693354252
939,-387.5803323118312,3805.307151192845,54.0,-0.05248888110064261,-0.00592899374642524,-0.05232302575991722,-0.006969345898639865,0.022456391268802584,0.1366516616289433
940,-347.06149835086603,3826.251861541413,54.0,-0.05248888110064261,0.03528868382209432,-0.05232302575991722,0.03678062115127624,0.022456391268802584,0.14327294362950876
941,-331.78244143248816,3824.7065382645146,54.0,-0.05248888110064261,0.11759281271427553,-0.05232302575991722,0.11983233341463967,0.022456391268802584,0.13881277966724453
942,-422.5455709687562,3814.5572286094944,54.0,-0.05248888110064261,-0.1255052309406768,-0.05232302575991722,-0.12745954444464191,0.022456391268802584,0.13492834594403869
943,-405.0491789294172,3804.950457916575,54.0,-0.05248888110064261,-0.12067564348276977,-0.05232302575991722,-0.11443257965737295,0.022456391268802584,0.14023964213292966
944,-375.2625317522474,3806.274998549873,54.0,-0.05248888110064261,0.06859605777952583,-0.05232302575991722,0.06637687358883765,0.022456391268802584,0.1461632797820263
945,-324.4374894603114,3809.0351637860767,54.0,-0.05248888110064261,0.0962492284284656,-0.05232302575991722,0.09682191233632281,0.022456391268802584,0.1413028535808855
946,-323.37869107917845,3794.1605352946544,54.0,-0.05248888110064261,0.10374620190854718,-0.05232302575991722,0.10494420883738564,0.022456391268802584,0.13650519838517539
947,-300.24385858311143,3785.907132981712,54.0,-0.05248888110064261,0.12837379475619126,-0.05232302575991722,0.12944558398911732,0.022456391268802584,0.15779204689598308
948,-322.7466350537741,3780.7052923180495,54.0,-0.05248888110064261,0.14111751458486807,-0.05232302575991722,0.14096981572564887,0.022456391268802584,0.14895798479139977
949,-410.71675667600334,3818.6661092592935,54.0,-0.05248888110064261,-0.16617189358894313,-0.05232302575991722,-0.16386192568850327,0.022456391268802584,0.13496567781155872
950,-318.88329414751405,3818.9288382704895,54.0,-0.05248888110064261,0.1022349656577809,-0.05232302575991722,0.10269767588820253,0.022456391268802584,0.14596569688498193
951,-326.3434765158958,3801.390735089175,54.0,-0.05248888110064261,0.0893037489979612,-0.05232302575991722,0.09179408307598351,0.022456391268802584,0.13731045754930923
952,-330.9905831547808,3820.9309390757303,54.0,-0.05248888110064261,0.08970007641774258,-0.05232302575991722,0.08697261629678922,0.022456391268802584,0.13382274044395767
953,-397.3841504799605,3803.674758178313,54.0,-0.05248888110064261,-0.08139024138605185,-0.05232302575991722,-0.07800497592660977,0.022456391268802584,0.13741431760375455
954,-419.2811331727221,3819.932467451428,54.0,-0.05248888110064261,-0.14984148977050513,-0.05232302575991722,-0.14795539788513984,0.022456391268802584,0.13098120382433226
955,-430.0306146106633,3823.248815696748,54.0,-0.05248888110064261,-0.0913832081137989,-0.05232302575991722,-0.08996559639743912,0.022456391268802584,0.12688619043936097
956,-356.75431567410976,3871.390050348002,54.0,-0.05248888110064261,0.11967510526337269,-0.05232302575991722,0.1173846817930159,0.022456391268802584,0.14821751776907166
957,-361.4765283296221,3855.8723056535537,54.0,-0.05248888110064261,0.06818445687935522,-0.05232302575991722,0.07094201746994154,0.022456391268802584,0.14644860104740068
958,-359.4180979857128,3824.821999979614,54.0,-0.05248888110064261,-0.01603104544753665,-0.05232302575991722,-0.016375909262320985,0.022456391268802584,0.15479259671849416
959,-389.52855139742405,3828.604088282125,54.0,-0.05248888110064261,-0.11586768263276238,-0.05232302575991722,-0.11864874181875495,0.022456391268802584,0.14941850779528845
960,-405.1070033799106,3843.96989474742,54.0,-0.05248888110064261,-0.12133785243277222,-0.05232302575991722,-0.11837599124201349,0.022456391268802584,0.136037506667388
961,-385.96925192827536,3848.54266155951,54.0,-0.05248888110064261,-0.03341437591229452,-0.05232302575991722,-0.03302533014079643,0.022456391268802584,0.143629077761336
962,-349.86677463547466,3797.3692427216415,54.0,-0.05248888110064261,0.018151673786360147,-0.05232302575991722,0.016455516021235427,0.022456391268802584,0.14778578717349822
963,312.0063800751807,3962.5976151222,54.0,-0.05248888110064261,-0.11240481436720041,-0.05232302575991722,-0.10532282792738189,0.022456391268802584,0.13772288681623615
964,294.3184227939459,3953.278734719593,54.0,-0.05248888110064261,0.007457768486419381,-0.05232302575991722,-0.0013397257300051108,0.022456391268802584,0.1501112790080223
965,282.8565774544674,3927.6210696294247,54.0,-0.05248888110064261,0.06583264618096876,-0.05232302575991722,0.06544076184465053,0.022456391268802584,0.13778481203830972
966,257.8071990994817,3924.222274123985,54.0,-0.05248888110064261,-0.02116179449544367,-0.05232302575991722,-0.01756600590542494,0.022456391268802584,0.13081372837077043
967,269.84970995130976,3931.065440669821,54.0,-0.05248888110064261,0.012474492151635163,-0.05232302575991722,0.009088039081415634,0.022456391268802584,0.13669462472292018
968,265.89587639025353,3963.952669789918,54.0,-0.05248888110064261,-0.04499065075014521,-0.05232302575991722,-0.04660060832585953,0.022456391268802584,0.15122198755254843
969,257.8456175484073,3924.298953712429,54.0,-0.05248888110064261,-0.021155272702298455,-0.05232302575991722,-0.017273936016655438,0.022456391268802584,0.13072741625886006
970,255.9945365072104,3935.7183858934864,54.0,-0.05248888110064261,-0.004152562238529997,-0.05232302575991722,-0.002096839100604122,0.022456391268802584,0.14249520000603397
971,316.862912508576,3944.2065035608966,54.0,-0.05248888110064261,0.0061430885758083816,-0.05232302575991722,0.005173567789481715,0.022456391268802584,0.13046734124851397
972,268.7957598518551,3938.397485964539,54.0,-0.05248888110064261,-0.006353723917969073,-0.05232302575991722,-0.0039185967098113875,0.022456391268802584,0.13956333490317926
973,265.5810654443671,3915.0122178437146,54.0,-0.05248888110064261,0.03170219079808665,-0.05232302575991722,0.029054906610848405,0.022456391268802584,0.1325336762168088
974,315.679871493891,3931.668345406915,54.0,-0.05248888110064261,0.05815199174536917,-0.05232302575991722,0.05888054495755817,0.022456391268802584,0.14058817812448143
975,282.8109787262265,3934.715241609255,54.0,-0.05248888110064261,0.11146939488037397,-0.05232302575991722,0.10571035680701105,0.022456391268802584,0.14510779236163313
976,438.81434760294826,4291.256191853341,54.0,-0.05248888110064261,-0.20361136482113548,-0.05232302575991722,-0.19749343481014237,0.022456391268802584,0.14416477418889034
977,377.16969184701134,4276.396603589449,54.0,-0.05248888110064261,-0.23840316155285526,-0.05232302575991722,-0.23575901296844748,0.022456391268802584,0.17039701507337363
978,427.0445354813797,4273.499297857495,54.0,-0.05248888110064261,-0.1700650309954382,-0.05232302575991722,-0.16838956287829462,0.022456391268802584,0.140058389575214
979,448.2237718674139,4272.568389041,54.0,-0.05248888110064261,-0.1750810910241772,-0.05232302575991722,-0.1748773194519772,0.022456391268802584,0.14543540230309443
980,446.8191658251622,4253.768504772488,54.0,-0.05248888110064261,-0.11723914763333378,-0.05232302575991722,-0.1159321784433899,0.022456391268802584,0.13794322175669022
981,411.9733803257818,4249.080345490381,54.0,-0.05248888110064261,-0.13668324806194557,-0.05232302575991722,-0.1357815766403329,0.022456391268802584,0.12998665637128412
982,436.6238156529476,4249.314832035256,54.0,-0.05248888110064261,-0.14268967683018702,-0.05232302575991722,-0.14560040468537094,0.022456391268802584,0.13719778815357878
983,443.0288497265207,4234.908068774709,54.0,-0.05248888110064261,-0.08745565450213344,-0.05232302575991722,-0.08687941621814595,0.022456391268802584,0.13567905241849493
984,435.8106676438648,4222.73374007691,54.0,-0.05248888110064261,-0.0618534306629986,-0.05232302575991722,-0.05879721300287712,0.022456391268802584,0.13605343204001272
985,416.0821692336259,4218.164004700096,54.0,-0.05248888110064261,-0.14331842571601952,-0.05232302575991722,-0.1373792874781568,0.022456391268802584,0.14184453826036586
986,391.0018042011845,4213.433874649227,54.0,-0.05248888110064261,-0.20415373602250667,-0.05232302575991722,-0.2057509089193611,0.022456391268802584,0.15231554889941076
987,400.6543211977099,4197.618852742186,54.0,-0.05248888110064261,-0.17804135959286913,-0.05232302575991722,-0.17460589428269752,0.022456391268802584,0.1424144815622562
988,420.8438581890216,4195.57911254482,54.0,-0.05248888110064261,-0.035062866079612794,-0.05232302575991722,-0.03796973211138021,0.022456391268802584,0.1355762474964695
989,445.89422324985344,4248.614738828751,54.0,-0.05248888110064261,-0.10819441705957249,-0.05232302575991722,-0.10795428764191861,0.022456391268802584,0.13514320311631292
990,435.11914917042,4235.955205541315,54.0,-0.05248888110064261,-0.06739209834181764,-0.05232302575991722,-0.07431177551190023,0.022456391268802584,0.13618861002791327
991,425.9413030559138,4217.635551223826,54.0,-0.05248888110064261,-0.05336199675690313,-0.05232302575991722,-0.05355626286944007,0.022456391268802584,0.13737990471880496
992,438.4164680502774,4215.068249794143,54.0,-0.05248888110064261,-0.029716377773454206,-0.05232302575991722,-0.026185203917965288,0.022456391268802584,0.14273087998431286
993,394.7738706108567,4205.194212624403,54.0,-0.05248888110064261,-0.23512140755969782,-0.05232302575991722,-0.22693050496702533,0.022456391268802584,0.14635150055499194
994,428.2859587728415,4202.05740045784,54.0,-0.05248888110064261,0.034812568805417235,-0.05232302575991722,0.02659958502781169,0.022456391268802584,0.14331964913179082
995,414.5220180223404,4194.72156940495,54.0,-0.05248888110064261,-0.06784696674503966,-0.05232302575991722,-0.06988915095022591,0.022456391268802584,0.14332012725283855
996,416.2556929545757,4313.9028901392985,54.0,-0.05248888110064261,-0.1795082263123055,-0.05232302575991722,-0.17813418999418223,0.022456391268802584,0.15704730047879686
997,428.5710453250903,4289.332939439008,54.0,-0.05248888110064261,-0.1524098165999797,-0.05232302575991722,-0.15209032016730192,0.022456391268802584,0.14020765670090812
998,445.6080558911104,4284.859160068763,54.0,-0.05248888110064261,-0.1617665631974064,-0.05232302575991722,-0.16286474815572083,0.022456391268802584,0.1395787934596586
999,461.25934481415896,4285.045081675647,54.0,-0.05248888110064261,-0.14582719154701596,-0.05232302575991722,-0.14306160173411625,0.022456391268802584,0.14562555543958916
1000,413.44368953224784,4276.820130489507,54.0,-0.05248888110064261,-0.2245100796051306,-0.05232302575991722,-0.2235947062552146,0.022456391268802584,0.1440180973892905
1001,391.8808158955226,4258.73653007643,54.0,-0.05248888110064261,-0.1633176828610746,-0.05232302575991722,-0.16756048497665255,0.022456391268802584,0.14997830764034525
1002,411.930196078557,4249.125208015304,54.0,-0.05248888110064261,-0.13639848069730537,-0.05232302575991722,-0.1330675979164074,0.022456391268802584,0.12955987648391193
1003,423.6141353116863,4253.411593782615,54.0,-0.05248888110064261,-0.17205500699602444,-0.05232302575991722,-0.1718171076569552,0.022456391268802584,0.13709073722145995
