rsn,eqid,ssn,eqX,eqY,staX,staY,zoneUTM,dc_0_mean,Lc_ca_mean,dc_0_med,Lc_ca_med,dc_0_unc,Lc_ca_unc
1,38,0,292.2609771757026,3909.816818957042,128.51496790687293,3913.739001202812,54.0,0.10795065928260948,-0.19959257376479067,0.1077338678064981,-0.19711785057850903,0.013829234949633331,0.09382947985824895
2,25,0,264.330530090726,3842.899620060988,128.51496790687293,3913.739001202812,54.0,0.10795065928260948,-0.23044245188441959,0.1077338678064981,-0.22738033654699868,0.013829234949633331,0.09351938217027222
3,53,1,275.4374088407163,3843.51011953928,154.50504546553583,3901.5896026139903,54.0,0.10795065928260948,-0.18671760658083947,0.1077338678064981,-0.18290651189631868,0.013829234949633331,0.07790085650750378
4,38,1,292.2609771757026,3909.816818957042,154.50504546553583,3901.5896026139903,54.0,0.10795065928260948,-0.1628494415620143,0.1077338678064981,-0.16062528029916032,0.013829234949633331,0.07707020146095475
5,25,1,264.330530090726,3842.899620060988,154.50504546553583,3901.5896026139903,54.0,0.10795065928260948,-0.18671771067298049,0.1077338678064981,-0.18386735280531843,0.013829234949633331,0.07451300086174169
6,38,2,292.2609771757026,3909.816818957042,182.17667623346983,3902.5741380529994,54.0,0.10795065928260948,-0.1311659248268671,0.1077338678064981,-0.12960382206560275,0.013829234949633331,0.060782155407945196
7,28,2,181.0656949265822,4007.0767963031503,182.17667623346983,3902.5741380529994,54.0,0.10795065928260948,-0.1540025814149327,0.1077338678064981,-0.1517373721125247,0.013829234949633331,0.06179490309449784
8,25,2,264.330530090726,3842.899620060988,182.17667623346983,3902.5741380529994,54.0,0.10795065928260948,-0.12846291462526324,0.1077338678064981,-0.12522243208872721,0.013829234949633331,0.05662896521062512
9,53,2,275.4374088407163,3843.51011953928,182.17667623346983,3902.5741380529994,54.0,0.10795065928260948,-0.12810688990848854,0.1077338678064981,-0.12394609996887973,0.013829234949633331,0.05977152648671022
10,38,3,292.2609771757026,3909.816818957042,187.83731878982752,3889.567114997888,54.0,0.10795065928260948,-0.12737463119037354,0.1077338678064981,-0.12459785693563794,0.013829234949633331,0.059458294240410874
11,25,3,264.330530090726,3842.899620060988,187.83731878982752,3889.567114997888,54.0,0.10795065928260948,-0.123654352378414,0.1077338678064981,-0.12119050990050048,0.013829234949633331,0.051270421132744645
12,25,4,264.330530090726,3842.899620060988,143.10717359488643,3838.030342010029,54.0,0.10795065928260948,-0.31198645562202465,0.1077338678064981,-0.3108466000691425,0.013829234949633331,0.08575622190058599
13,21,5,103.34699834515416,4117.964937310308,139.77999744006962,3872.595402570746,54.0,0.10795065928260948,-0.44608408088306417,0.1077338678064981,-0.4397444341551934,0.013829234949633331,0.16049012661448603
14,18,5,97.03457460542091,3675.453369364249,139.77999744006962,3872.595402570746,54.0,0.10795065928260948,-0.3034384416941316,0.1077338678064981,-0.2962757756498805,0.013829234949633331,0.1318339233728453
15,18,6,81.55980152094574,3678.88477611573,123.08297592290974,3868.4555154718055,54.0,0.10795065928260948,-0.24551661235299813,0.1077338678064981,-0.23650492438652623,0.013829234949633331,0.12101661614351297
16,25,6,264.330530090726,3842.899620060988,123.08297592290974,3868.4555154718055,54.0,0.10795065928260948,-0.3066854234482001,0.1077338678064981,-0.30574063190541445,0.013829234949633331,0.09586642471619353
17,21,6,103.34699834515416,4117.964937310308,123.08297592290974,3868.4555154718055,54.0,0.10795065928260948,-0.48256912277539793,0.1077338678064981,-0.4762678563529126,0.013829234949633331,0.16777396268797293
18,38,7,292.2609771757026,3909.816818957042,137.03362976716522,3837.5668472098328,54.0,0.10795065928260948,-0.2920134062299077,0.1077338678064981,-0.2895420751090858,0.013829234949633331,0.10424820292858877
19,25,7,264.330530090726,3842.899620060988,137.03362976716522,3837.5668472098328,54.0,0.10795065928260948,-0.3248299902381059,0.1077338678064981,-0.3236597905016705,0.013829234949633331,0.0901703209516003
20,18,7,101.67141511603498,3674.484805454924,137.03362976716522,3837.5668472098328,54.0,0.10795065928260948,-0.2455316535365073,0.1077338678064981,-0.24084378199117162,0.013829234949633331,0.10929391044033458
21,38,8,292.2609771757026,3909.816818957042,172.65571807246388,3903.30306557218,54.0,0.10795065928260948,-0.1415088489665293,0.1077338678064981,-0.13972152158438755,0.013829234949633331,0.0660214743098061
22,25,8,264.330530090726,3842.899620060988,172.65571807246388,3903.30306557218,54.0,0.10795065928260948,-0.14651996817796786,0.1077338678064981,-0.14349450218887297,0.013829234949633331,0.06234282920651232
23,18,8,122.91219023912598,3669.973659608032,172.65571807246388,3903.30306557218,54.0,0.10795065928260948,-0.4512132913014688,0.1077338678064981,-0.44694495481930346,0.013829234949633331,0.163010536932906
24,18,9,119.10864313893713,3670.787988011353,161.89050717369193,3870.304886320098,54.0,0.10795065928260948,-0.37689661188856755,0.1077338678064981,-0.37454872282774376,0.013829234949633331,0.13914850115202798
25,18,10,126.52937545907687,3669.1679992851136,169.18230311230798,3841.7481574939534,54.0,0.10795065928260948,-0.3477668933746235,0.1077338678064981,-0.3441060668073188,0.013829234949633331,0.1231680245292694
26,53,10,275.4374088407163,3843.51011953928,169.18230311230798,3841.7481574939534,54.0,0.10795065928260948,-0.2685265166872539,0.1077338678064981,-0.26785310715452254,0.013829234949633331,0.07525092712504293
27,25,10,264.330530090726,3842.899620060988,169.18230311230798,3841.7481574939534,54.0,0.10795065928260948,-0.24679389645540978,0.1077338678064981,-0.24610562667000516,0.013829234949633331,0.0670943740502951
28,38,10,292.2609771757026,3909.816818957042,169.18230311230798,3841.7481574939534,54.0,0.10795065928260948,-0.22922740114905335,0.1077338678064981,-0.22705888393242066,0.013829234949633331,0.0828968833022265
29,38,11,292.2609771757026,3909.816818957042,191.90109938987828,3878.2746935665655,54.0,0.10795065928260948,-0.12056664508133122,0.1077338678064981,-0.11759787543353518,0.013829234949633331,0.05794411649939119
30,53,11,275.4374088407163,3843.51011953928,191.90109938987828,3878.2746935665655,54.0,0.10795065928260948,-0.13168724407045995,0.1077338678064981,-0.1293635654682316,0.013829234949633331,0.05236917711652244
31,25,11,264.330530090726,3842.899620060988,191.90109938987828,3878.2746935665655,54.0,0.10795065928260948,-0.1258776846916711,0.1077338678064981,-0.12427585392383794,0.013829234949633331,0.04792838611883041
32,18,11,126.52937545907687,3669.1679992851136,191.90109938987828,3878.2746935665655,54.0,0.10795065928260948,-0.465435039219676,0.1077338678064981,-0.46122765803324073,0.013829234949633331,0.15207882121533609
33,25,12,264.330530090726,3842.899620060988,141.44423435963492,3914.1041134189504,54.0,0.10795065928260948,-0.20085540744625405,0.1077338678064981,-0.19757330116094182,0.013829234949633331,0.08432963528534457
34,38,13,292.2609771757026,3909.816818957042,143.62984271407734,3856.494018898308,54.0,0.10795065928260948,-0.24228629613280453,0.1077338678064981,-0.23924960987144236,0.013829234949633331,0.09334396334790093
35,53,13,275.4374088407163,3843.51011953928,143.62984271407734,3856.494018898308,54.0,0.10795065928260948,-0.3001491897854897,0.1077338678064981,-0.2997673338519081,0.013829234949633331,0.08995974999749339
36,25,13,264.330530090726,3842.899620060988,143.62984271407734,3856.494018898308,54.0,0.10795065928260948,-0.28778048938606526,0.1077338678064981,-0.28742216918145586,0.013829234949633331,0.08273578432763631
37,18,13,104.17458112864377,3673.9383146686832,143.62984271407734,3856.494018898308,54.0,0.10795065928260948,-0.2912416978872137,0.1077338678064981,-0.28699285884813813,0.013829234949633331,0.12397410443435639
38,28,14,181.0656949265822,4007.0767963031503,140.03220610245066,3900.631536167624,54.0,0.10795065928260948,-0.17462705087622932,0.1077338678064981,-0.17193472882063976,0.013829234949633331,0.07152506373336935
39,38,14,292.2609771757026,3909.816818957042,140.03220610245066,3900.631536167624,54.0,0.10795065928260948,-0.18287466166384908,0.1077338678064981,-0.18047452426041433,0.013829234949633331,0.08638051862071906
40,18,14,91.38061998577184,3676.689171757528,140.03220610245066,3900.631536167624,54.0,0.10795065928260948,-0.33220214466373255,0.1077338678064981,-0.32280038018851354,0.013829234949633331,0.14818803909864078
41,21,15,103.34699834515416,4117.964937310308,166.13464768580218,3894.629348195649,54.0,0.10795065928260948,-0.3519121235006198,0.1077338678064981,-0.3454318069617894,0.013829234949633331,0.14132520718177705
42,38,15,292.2609771757026,3909.816818957042,166.13464768580218,3894.629348195649,54.0,0.10795065928260948,-0.16496276663910092,0.1077338678064981,-0.16285105469132727,0.013829234949633331,0.07240586158072325
43,25,15,264.330530090726,3842.899620060988,166.13464768580218,3894.629348195649,54.0,0.10795065928260948,-0.1669982326055162,0.1077338678064981,-0.16459816044636016,0.013829234949633331,0.06582540113594704
44,53,15,275.4374088407163,3843.51011953928,166.13464768580218,3894.629348195649,54.0,0.10795065928260948,-0.1684121567288321,0.1077338678064981,-0.16509092687236135,0.013829234949633331,0.06946246136176693
45,18,15,118.27240388292726,3670.9317607653247,166.13464768580218,3894.629348195649,54.0,0.10795065928260948,-0.41717502715413574,0.1077338678064981,-0.41433822085179145,0.013829234949633331,0.15567046935047926
46,28,15,181.0656949265822,4007.0767963031503,166.13464768580218,3894.629348195649,54.0,0.10795065928260948,-0.16883022209303244,0.1077338678064981,-0.16561916850306668,0.013829234949633331,0.06982079255955885
47,38,16,292.2609771757026,3909.816818957042,184.34237201585265,3895.6542281596544,54.0,0.10795065928260948,-0.13616264601382005,0.1077338678064981,-0.13419878516172096,0.013829234949633331,0.06114935281747864
48,18,16,126.52937545907687,3669.1679992851136,184.34237201585265,3895.6542281596544,54.0,0.10795065928260948,-0.4660657639204912,0.1077338678064981,-0.4618895738130113,0.013829234949633331,0.15936593943733546
49,21,16,103.34699834515416,4117.964937310308,184.34237201585265,3895.6542281596544,54.0,0.10795065928260948,-0.32636947111860165,0.1077338678064981,-0.3204662700966269,0.013829234949633331,0.13913702293906105
50,28,16,181.0656949265822,4007.0767963031503,184.34237201585265,3895.6542281596544,54.0,0.10795065928260948,-0.16336535455210424,0.1077338678064981,-0.1609878269438227,0.013829234949633331,0.06577119140787732
51,53,16,275.4374088407163,3843.51011953928,184.34237201585265,3895.6542281596544,54.0,0.10795065928260948,-0.1286399562568695,0.1077338678064981,-0.12492462238704398,0.013829234949633331,0.05767706083173657
52,25,16,264.330530090726,3842.899620060988,184.34237201585265,3895.6542281596544,54.0,0.10795065928260948,-0.12789546481379838,0.1077338678064981,-0.12509763064144008,0.013829234949633331,0.05426786153811548
53,38,17,292.2609771757026,3909.816818957042,201.93033620389085,3898.3572697427626,54.0,0.10795065928260948,-0.11021403273082606,0.1077338678064981,-0.10861252985306191,0.013829234949633331,0.05073841880945482
54,31,17,286.22286085268047,4096.016113555928,201.93033620389085,3898.3572697427626,54.0,0.10795065928260948,-0.3759451725874542,0.1077338678064981,-0.37097015960704405,0.013829234949633331,0.12365862377305195
55,25,17,264.330530090726,3842.899620060988,201.93033620389085,3898.3572697427626,54.0,0.10795065928260948,-0.09447408328344747,0.1077338678064981,-0.09108813180591502,0.013829234949633331,0.04520441695099201
56,53,17,275.4374088407163,3843.51011953928,201.93033620389085,3898.3572697427626,54.0,0.10795065928260948,-0.09855253365656258,0.1077338678064981,-0.09458137578546237,0.013829234949633331,0.04883319324479027
57,22,17,282.91308227706304,4129.966613278081,201.93033620389085,3898.3572697427626,54.0,0.10795065928260948,-0.42943138872390874,0.1077338678064981,-0.4245151687359056,0.013829234949633331,0.14471440141537212
58,28,17,181.0656949265822,4007.0767963031503,201.93033620389085,3898.3572697427626,54.0,0.10795065928260948,-0.16292331550782854,0.1077338678064981,-0.16060565776311475,0.013829234949633331,0.06535144047374161
59,21,17,103.34699834515416,4117.964937310308,201.93033620389085,3898.3572697427626,54.0,0.10795065928260948,-0.31919079143153356,0.1077338678064981,-0.3136986162935716,0.013829234949633331,0.13911726429535293
60,18,17,126.52937545907687,3669.1679992851136,201.93033620389085,3898.3572697427626,54.0,0.10795065928260948,-0.5041289876615804,0.1077338678064981,-0.4996407538434104,0.013829234949633331,0.16593737892490443
61,38,18,292.2609771757026,3909.816818957042,156.44613989927444,3875.4647167104135,54.0,0.10795065928260948,-0.1776476516956192,0.1077338678064981,-0.1738306955370723,0.013829234949633331,0.08040889218815658
62,25,18,264.330530090726,3842.899620060988,156.44613989927444,3875.4647167104135,54.0,0.10795065928260948,-0.2230256983719982,0.1077338678064981,-0.22203129602130484,0.013829234949633331,0.07193698323897314
63,18,18,112.80152619571466,3672.147380358592,156.44613989927444,3875.4647167104135,54.0,0.10795065928260948,-0.3584276963180609,0.1077338678064981,-0.3562585807162224,0.013829234949633331,0.14076137115865825
64,53,18,275.4374088407163,3843.51011953928,156.44613989927444,3875.4647167104135,54.0,0.10795065928260948,-0.22811960657087735,0.1077338678064981,-0.22668063718996775,0.013829234949633331,0.07751061133391415
65,21,18,103.34699834515416,4117.964937310308,156.44613989927444,3875.4647167104135,54.0,0.10795065928260948,-0.4141215754871524,0.1077338678064981,-0.40835076320307934,0.013829234949633331,0.1563949964639226
66,38,19,292.2609771757026,3909.816818957042,172.2658209063685,3873.515622530464,54.0,0.10795065928260948,-0.15542317043233542,0.1077338678064981,-0.1522812207896912,0.013829234949633331,0.07026714663587345
67,53,19,275.4374088407163,3843.51011953928,172.2658209063685,3873.515622530464,54.0,0.10795065928260948,-0.19106410984599698,0.1077338678064981,-0.18961229198747312,0.013829234949633331,0.06634073713287829
68,18,19,126.52937545907687,3669.1679992851136,172.2658209063685,3873.515622530464,54.0,0.10795065928260948,-0.4177765766535498,0.1077338678064981,-0.4143422665740543,0.013829234949633331,0.14501634388879
69,25,19,264.330530090726,3842.899620060988,172.2658209063685,3873.515622530464,54.0,0.10795065928260948,-0.184965148578611,0.1077338678064981,-0.1839985700983798,0.013829234949633331,0.06086501049520183
70,18,20,126.52937545907687,3669.1679992851136,179.01893925451702,3867.320308590613,54.0,0.10795065928260948,-0.41873117927001524,0.1077338678064981,-0.4146491305246907,0.013829234949633331,0.14174197162017335
71,38,20,292.2609771757026,3909.816818957042,179.01893925451702,3867.320308590613,54.0,0.10795065928260948,-0.16279715751877807,0.1077338678064981,-0.1601040812508748,0.013829234949633331,0.06844109056006208
72,25,20,264.330530090726,3842.899620060988,179.01893925451702,3867.320308590613,54.0,0.10795065928260948,-0.17087913707458213,0.1077338678064981,-0.17004510733460954,0.013829234949633331,0.056045732396725195
73,53,20,275.4374088407163,3843.51011953928,179.01893925451702,3867.320308590613,54.0,0.10795065928260948,-0.17748227400283503,0.1077338678064981,-0.17627620138772573,0.013829234949633331,0.0620951227950167
74,25,21,264.330530090726,3842.899620060988,128.10338903664118,3851.740618485764,54.0,0.10795065928260948,-0.3385707936205017,0.1077338678064981,-0.3370188583053896,0.013829234949633331,0.09562440813076027
75,38,21,292.2609771757026,3909.816818957042,128.10338903664118,3851.740618485764,54.0,0.10795065928260948,-0.2727917454475725,0.1077338678064981,-0.26933227119466785,0.013829234949633331,0.10434922605745364
76,18,21,90.08282576534675,3676.9660011790647,128.10338903664118,3851.740618485764,54.0,0.10795065928260948,-0.23512238288037346,0.1077338678064981,-0.2266948081296681,0.013829234949633331,0.11323515405550448
77,53,22,275.4374088407163,3843.51011953928,174.16005358193937,3855.0147189033455,54.0,0.10795065928260948,-0.22479282529559177,0.1077338678064981,-0.22464147300952586,0.013829234949633331,0.0687544989474346
78,25,22,264.330530090726,3842.899620060988,174.16005358193937,3855.0147189033455,54.0,0.10795065928260948,-0.21057241035447474,0.1077338678064981,-0.21043605153281197,0.013829234949633331,0.06125255012361898
79,38,22,292.2609771757026,3909.816818957042,174.16005358193937,3855.0147189033455,54.0,0.10795065928260948,-0.19491621036541887,0.1077338678064981,-0.19289136178501481,0.013829234949633331,0.07514969805762597
80,18,22,126.52937545907687,3669.1679992851136,174.16005358193937,3855.0147189033455,54.0,0.10795065928260948,-0.38498346073733786,0.1077338678064981,-0.3809282557585174,0.013829234949633331,0.13308074941317324
81,30,23,625.9985091941669,4344.425799606012,478.15084649167727,4464.183681943689,54.0,0.10795065928260948,-0.21006199593341518,0.1077338678064981,-0.20286958516414402,0.013829234949633331,0.09582573000391167
82,32,23,334.71484028241383,4482.861045979598,478.15084649167727,4464.183681943689,54.0,0.10795065928260948,-0.2692588977155259,0.1077338678064981,-0.267602740361388,0.013829234949633331,0.09876274212507137
83,23,23,492.6610906216525,4339.6404706179,478.15084649167727,4464.183681943689,54.0,0.10795065928260948,-0.28465734133661286,0.1077338678064981,-0.2846149703573123,0.013829234949633331,0.07944839826029605
84,30,24,625.9985091941669,4344.425799606012,463.0904010410905,4457.560365448071,54.0,0.10795065928260948,-0.22880365827626478,0.1077338678064981,-0.2220554142794518,0.013829234949633331,0.10056459209388399
85,23,24,492.6610906216525,4339.6404706179,463.0904010410905,4457.560365448071,54.0,0.10795065928260948,-0.2623876565914883,0.1077338678064981,-0.26175953823595827,0.013829234949633331,0.0754447676251433
86,56,24,677.3923123197425,4458.591690875839,463.0904010410905,4457.560365448071,54.0,0.10795065928260948,-0.3327357619858329,0.1077338678064981,-0.32809815441126217,0.013829234949633331,0.13218914861600092
87,32,24,334.71484028241383,4482.861045979598,463.0904010410905,4457.560365448071,54.0,0.10795065928260948,-0.24781986904176995,0.1077338678064981,-0.24635114726660115,0.013829234949633331,0.08929946822187682
88,23,25,492.6610906216525,4339.6404706179,437.3541612908576,4458.895894433887,54.0,0.10795065928260948,-0.2706067566657134,0.1077338678064981,-0.26981013681139737,0.013829234949633331,0.08277785202078054
89,7,25,477.9085898257795,4404.037580305916,437.3541612908576,4458.895894433887,54.0,0.10795065928260948,-0.11069835146847266,0.1077338678064981,-0.10983121452358807,0.013829234949633331,0.04322420503006212
90,30,25,625.9985091941669,4344.425799606012,437.3541612908576,4458.895894433887,54.0,0.10795065928260948,-0.2735063325687094,0.1077338678064981,-0.26668397773682617,0.013829234949633331,0.11605731295019367
91,32,25,334.71484028241383,4482.861045979598,437.3541612908576,4458.895894433887,54.0,0.10795065928260948,-0.20530465928299277,0.1077338678064981,-0.2045984904867582,0.013829234949633331,0.07216598563158487
92,32,26,334.71484028241383,4482.861045979598,413.6573433925362,4471.4083781216295,54.0,0.10795065928260948,-0.1593318846553479,0.1077338678064981,-0.15899055333537082,0.013829234949633331,0.05508684634399241
93,23,26,492.6610906216525,4339.6404706179,413.6573433925362,4471.4083781216295,54.0,0.10795065928260948,-0.31178367712448196,0.1077338678064981,-0.31055956373934934,0.013829234949633331,0.09928696657153499
94,8,27,404.480912881415,4338.111065579622,420.6163417766562,4415.183917581038,54.0,0.10795065928260948,-0.1722693134509649,0.1077338678064981,-0.17060195255000893,0.013829234949633331,0.05859581268491313
95,30,27,625.9985091941669,4344.425799606012,420.6163417766562,4415.183917581038,54.0,0.10795065928260948,-0.29770234156946485,0.1077338678064981,-0.29254750058101553,0.013829234949633331,0.1148805209023977
96,32,27,334.71484028241383,4482.861045979598,420.6163417766562,4415.183917581038,54.0,0.10795065928260948,-0.19151196911279578,0.1077338678064981,-0.1905524362001799,0.013829234949633331,0.07518011502400714
97,23,27,492.6610906216525,4339.6404706179,420.6163417766562,4415.183917581038,54.0,0.10795065928260948,-0.2282971849683519,0.1077338678064981,-0.22712970694883622,0.013829234949633331,0.0669869592193693
98,7,27,477.9085898257795,4404.037580305916,420.6163417766562,4415.183917581038,54.0,0.10795065928260948,-0.09123526873556467,0.1077338678064981,-0.09051132715639332,0.013829234949633331,0.03665513230731231
99,23,28,492.6610906216525,4339.6404706179,401.3841185749654,4415.951924993758,54.0,0.10795065928260948,-0.25500095477463175,0.1077338678064981,-0.25345807319092206,0.013829234949633331,0.07680892512005734
100,32,28,334.71484028241383,4482.861045979598,401.3841185749654,4415.951924993758,54.0,0.10795065928260948,-0.16508434580897924,0.1077338678064981,-0.16407202397933607,0.013829234949633331,0.06702971968557328
101,8,28,404.480912881415,4338.111065579622,401.3841185749654,4415.951924993758,54.0,0.10795065928260948,-0.170032394704127,0.1077338678064981,-0.16838302643887493,0.013829234949633331,0.057955872449648095
102,30,28,625.9985091941669,4344.425799606012,401.3841185749654,4415.951924993758,54.0,0.10795065928260948,-0.33322648326973797,0.1077338678064981,-0.32754597795055906,0.013829234949633331,0.12838742417878307
103,24,29,476.8845411410292,4318.364085281663,422.8827476086131,4397.34517396153,54.0,0.10795065928260948,-0.2309733900822413,0.1077338678064981,-0.2295738279603508,0.013829234949633331,0.06526421424723301
104,32,29,334.71484028241383,4482.861045979598,422.8827476086131,4397.34517396153,54.0,0.10795065928260948,-0.20873463505757706,0.1077338678064981,-0.2073363107340593,0.013829234949633331,0.0855818284884359
105,23,29,492.6610906216525,4339.6404706179,422.8827476086131,4397.34517396153,54.0,0.10795065928260948,-0.21160393798169952,0.1077338678064981,-0.21055849271585966,0.013829234949633331,0.05792740878262258
106,8,29,404.480912881415,4338.111065579622,422.8827476086131,4397.34517396153,54.0,0.10795065928260948,-0.14944876417411446,0.1077338678064981,-0.14805677624799032,0.013829234949633331,0.04804802951442127
107,30,29,625.9985091941669,4344.425799606012,422.8827476086131,4397.34517396153,54.0,0.10795065928260948,-0.31466755972607446,0.1077338678064981,-0.3093166691309438,0.013829234949633331,0.11225231306690947
108,30,30,625.9985091941669,4344.425799606012,464.0768372445594,4407.064429668476,54.0,0.10795065928260948,-0.22339105327544934,0.1077338678064981,-0.2190047470817431,0.013829234949633331,0.08621880934864352
109,26,30,492.46916862384336,4319.554466150916,464.0768372445594,4407.064429668476,54.0,0.10795065928260948,-0.22849760832850313,0.1077338678064981,-0.22856491006740765,0.013829234949633331,0.05779811229604935
110,8,30,404.480912881415,4338.111065579622,464.0768372445594,4407.064429668476,54.0,0.10795065928260948,-0.2066016712590841,0.1077338678064981,-0.20494389941135127,0.013829234949633331,0.0646945674455275
111,23,30,492.6610906216525,4339.6404706179,464.0768372445594,4407.064429668476,54.0,0.10795065928260948,-0.17905813723339573,0.1077338678064981,-0.17915167547742347,0.013829234949633331,0.04560742629695956
112,24,30,476.8845411410292,4318.364085281663,464.0768372445594,4407.064429668476,54.0,0.10795065928260948,-0.21653371211624767,0.1077338678064981,-0.2162527773189944,0.013829234949633331,0.05836057859702562
113,32,30,334.71484028241383,4482.861045979598,464.0768372445594,4407.064429668476,54.0,0.10795065928260948,-0.2621390791450774,0.1077338678064981,-0.2600178765774735,0.013829234949633331,0.09955570502979495
114,7,30,477.9085898257795,4404.037580305916,464.0768372445594,4407.064429668476,54.0,0.10795065928260948,-0.026379028364911607,0.1077338678064981,-0.026362542608183624,0.013829234949633331,0.009178016018433637
115,32,31,334.71484028241383,4482.861045979598,475.8317961471988,4394.399108234459,54.0,0.10795065928260948,-0.29107905629218933,0.1077338678064981,-0.2890344093486503,0.013829234949633331,0.110182647579617
116,23,31,492.6610906216525,4339.6404706179,475.8317961471988,4394.399108234459,54.0,0.10795065928260948,-0.15237893124440546,0.1077338678064981,-0.15241338388482295,0.013829234949633331,0.035281413335334556
117,24,31,476.8845411410292,4318.364085281663,475.8317961471988,4394.399108234459,54.0,0.10795065928260948,-0.2031180246485279,0.1077338678064981,-0.20317869504069375,0.013829234949633331,0.04721469467188214
118,8,31,404.480912881415,4338.111065579622,475.8317961471988,4394.399108234459,54.0,0.10795065928260948,-0.22373544777022578,0.1077338678064981,-0.2221258993826877,0.013829234949633331,0.06588352666984276
119,30,31,625.9985091941669,4344.425799606012,475.8317961471988,4394.399108234459,54.0,0.10795065928260948,-0.20469323142963322,0.1077338678064981,-0.20014724794031116,0.013829234949633331,0.07776669542721781
120,7,31,477.9085898257795,4404.037580305916,475.8317961471988,4394.399108234459,54.0,0.10795065928260948,-0.025395371980876838,0.1077338678064981,-0.025329652041626367,0.013829234949633331,0.007197587828200723
121,33,31,633.1852302568241,4317.679688677003,475.8317961471988,4394.399108234459,54.0,0.10795065928260948,-0.3102998447406162,0.1077338678064981,-0.30594978689323676,0.013829234949633331,0.09429273326288345
122,34,31,645.8872104090177,4370.307858894735,475.8317961471988,4394.399108234459,54.0,0.10795065928260948,-0.1918695506592891,0.1077338678064981,-0.18673758170711124,0.013829234949633331,0.0820740378089771
123,23,32,492.6610906216525,4339.6404706179,441.7352774844472,4384.348452276274,54.0,0.10795065928260948,-0.17181946039312213,0.1077338678064981,-0.17115727386084612,0.013829234949633331,0.04321575935687182
124,30,32,625.9985091941669,4344.425799606012,441.7352774844472,4384.348452276274,54.0,0.10795065928260948,-0.3001583420790133,0.1077338678064981,-0.29493769703119893,0.013829234949633331,0.099674232969149
125,32,32,334.71484028241383,4482.861045979598,441.7352774844472,4384.348452276274,54.0,0.10795065928260948,-0.24669031059947943,0.1077338678064981,-0.2451248148425814,0.013829234949633331,0.09945652021326329
126,7,32,477.9085898257795,4404.037580305916,441.7352774844472,4384.348452276274,54.0,0.10795065928260948,-0.078460578046021,0.1077338678064981,-0.07835961826565135,0.013829234949633331,0.02648667047729655
127,8,32,404.480912881415,4338.111065579622,441.7352774844472,4384.348452276274,54.0,0.10795065928260948,-0.15157569972817606,0.1077338678064981,-0.14997612713498862,0.013829234949633331,0.045573989172310495
128,32,33,334.71484028241383,4482.861045979598,461.8257494002237,4382.902154782314,54.0,0.10795065928260948,-0.27885637098266935,0.1077338678064981,-0.27715764414908867,0.013829234949633331,0.10911480981802309
129,30,33,625.9985091941669,4344.425799606012,461.8257494002237,4382.902154782314,54.0,0.10795065928260948,-0.25141502419422695,0.1077338678064981,-0.24623339162490468,0.013829234949633331,0.08646387904724186
130,24,33,476.8845411410292,4318.364085281663,461.8257494002237,4382.902154782314,54.0,0.10795065928260948,-0.17409701450152432,0.1077338678064981,-0.17374193064720053,0.013829234949633331,0.04413867294216319
131,23,33,492.6610906216525,4339.6404706179,461.8257494002237,4382.902154782314,54.0,0.10795065928260948,-0.14134780180245693,0.1077338678064981,-0.14115232074277553,0.013829234949633331,0.033606779962288086
132,8,33,404.480912881415,4338.111065579622,461.8257494002237,4382.902154782314,54.0,0.10795065928260948,-0.18929138669060128,0.1077338678064981,-0.1876065070196136,0.013829234949633331,0.05456502619271779
133,7,33,477.9085898257795,4404.037580305916,461.8257494002237,4382.902154782314,54.0,0.10795065928260948,-0.054666251349111905,0.1077338678064981,-0.0546553654520522,0.013829234949633331,0.017561810852980364
134,32,34,334.71484028241383,4482.861045979598,462.3096820238882,4349.882377856321,54.0,0.10795065928260948,-0.3439851565961205,0.1077338678064981,-0.3412312652897,0.013829234949633331,0.1274784507462153
135,44,34,472.0029937650396,4104.126300266757,462.3096820238882,4349.882377856321,54.0,0.10795065928260948,-0.3199911806980662,0.1077338678064981,-0.3095721944420612,0.013829234949633331,0.11027262017753378
136,26,34,492.46916862384336,4319.554466150916,462.3096820238882,4349.882377856321,54.0,0.10795065928260948,-0.11907325569234228,0.1077338678064981,-0.11895529927727451,0.013829234949633331,0.028272101603538775
137,24,34,476.8845411410292,4318.364085281663,462.3096820238882,4349.882377856321,54.0,0.10795065928260948,-0.09905781252080748,0.1077338678064981,-0.09891801395766421,0.013829234949633331,0.024301305250078127
138,8,34,404.480912881415,4338.111065579622,462.3096820238882,4349.882377856321,54.0,0.10795065928260948,-0.18389999639975382,0.1077338678064981,-0.18254292102226038,0.013829234949633331,0.04620944766033121
139,23,34,489.8052239433386,4334.538828818666,462.3096820238882,4349.882377856321,54.0,0.10795065928260948,-0.08957133567304987,0.1077338678064981,-0.08929152754379407,0.013829234949633331,0.020548886496203414
140,7,34,477.9085898257795,4404.037580305916,462.3096820238882,4349.882377856321,54.0,0.10795065928260948,-0.13202152262079228,0.1077338678064981,-0.13168096712310715,0.013829234949633331,0.03647366248086669
141,30,34,625.9985091941669,4344.425799606012,462.3096820238882,4349.882377856321,54.0,0.10795065928260948,-0.34465306913080335,0.1077338678064981,-0.342469565360181,0.013829234949633331,0.09490444038348367
142,33,34,633.1852302568241,4317.679688677003,462.3096820238882,4349.882377856321,54.0,0.10795065928260948,-0.3632595501433514,0.1077338678064981,-0.3613031800587293,0.013829234949633331,0.10267811006073554
143,8,35,404.480912881415,4338.111065579622,430.0693145736199,4338.606545961896,54.0,0.10795065928260948,-0.0964229195086741,0.1077338678064981,-0.09574729870704435,0.013829234949633331,0.02471988387045584
144,44,35,472.0029937650396,4104.126300266757,430.0693145736199,4338.606545961896,54.0,0.10795065928260948,-0.3079181205688977,0.1077338678064981,-0.2966235551492146,0.013829234949633331,0.10918211363895144
145,32,35,334.71484028241383,4482.861045979598,430.0693145736199,4338.606545961896,54.0,0.10795065928260948,-0.33694999890314853,0.1077338678064981,-0.3322665395333067,0.013829234949633331,0.12841562351000527
146,26,35,492.46916862384336,4319.554466150916,430.0693145736199,4338.606545961896,54.0,0.10795065928260948,-0.1794771440125809,0.1077338678064981,-0.17906780500969594,0.013829234949633331,0.045366945874477864
147,23,35,477.3861806054903,4312.148199732568,430.0693145736199,4338.606545961896,54.0,0.10795065928260948,-0.15703412189856095,0.1077338678064981,-0.15612701792002326,0.013829234949633331,0.03921474938295947
148,30,35,625.9985091941669,4344.425799606012,430.0693145736199,4338.606545961896,54.0,0.10795065928260948,-0.4384794917490788,0.1077338678064981,-0.43557334661721636,0.013829234949633331,0.11805490831348435
149,24,35,476.8845411410292,4318.364085281663,430.0693145736199,4338.606545961896,54.0,0.10795065928260948,-0.14911663567548034,0.1077338678064981,-0.14824107453444757,0.013829234949633331,0.037043989072361345
150,7,35,477.9085898257795,4404.037580305916,430.0693145736199,4338.606545961896,54.0,0.10795065928260948,-0.19209910106794542,0.1077338678064981,-0.19086545952430328,0.013829234949633331,0.055373220991544604
151,23,36,475.2952963933525,4308.492411153248,452.48668196591865,4321.181261560588,54.0,0.10795065928260948,-0.07583744637730713,0.1077338678064981,-0.07560587691350248,0.013829234949633331,0.0188338244432823
152,24,36,476.8845411410292,4318.364085281663,452.48668196591865,4321.181261560588,54.0,0.10795065928260948,-0.0732347725934436,0.1077338678064981,-0.073064640444294,0.013829234949633331,0.018295609297595376
153,44,36,472.0029937650396,4104.126300266757,452.48668196591865,4321.181261560588,54.0,0.10795065928260948,-0.2382844903043193,0.1077338678064981,-0.2280709891453216,0.013829234949633331,0.09061534932993877
154,30,36,625.9985091941669,4344.425799606012,452.48668196591865,4321.181261560588,54.0,0.10795065928260948,-0.373550617976928,0.1077338678064981,-0.37145519526987575,0.013829234949633331,0.1032968237268081
155,32,36,334.71484028241383,4482.861045979598,452.48668196591865,4321.181261560588,54.0,0.10795065928260948,-0.41051576963731284,0.1077338678064981,-0.4056406684420264,0.013829234949633331,0.14602002398350253
156,8,36,404.480912881415,4338.111065579622,452.48668196591865,4321.181261560588,54.0,0.10795065928260948,-0.16368208423342723,0.1077338678064981,-0.16251412331533702,0.013829234949633331,0.04112853556588315
157,7,36,477.9085898257795,4404.037580305916,452.48668196591865,4321.181261560588,54.0,0.10795065928260948,-0.21851034257075042,0.1077338678064981,-0.21791993334681042,0.013829234949633331,0.05746635745350214
158,26,36,492.46916862384336,4319.554466150916,452.48668196591865,4321.181261560588,54.0,0.10795065928260948,-0.10733241722727116,0.1077338678064981,-0.10756538431061179,0.013829234949633331,0.027789055458898697
159,32,37,334.71484028241383,4482.861045979598,449.044917057454,4427.372863314673,54.0,0.10795065928260948,-0.23112143039432287,0.1077338678064981,-0.22899901714542276,0.013829234949633331,0.08555646491001709
160,8,37,404.480912881415,4338.111065579622,449.044917057454,4427.372863314673,54.0,0.10795065928260948,-0.2037739089608504,0.1077338678064981,-0.20137414217324592,0.013829234949633331,0.07109562291455013
161,23,37,492.6610906216525,4339.6404706179,449.044917057454,4427.372863314673,54.0,0.10795065928260948,-0.21850193491420591,0.1077338678064981,-0.2185939875715531,0.013829234949633331,0.06060399764178774
162,7,37,477.9085898257795,4404.037580305916,449.044917057454,4427.372863314673,54.0,0.10795065928260948,-0.06189791899675596,0.1077338678064981,-0.06185623040028137,0.013829234949633331,0.022385926259779206
163,34,38,645.8872104090177,4370.307858894735,471.4559701946234,4402.715936092695,54.0,0.10795065928260948,-0.19903881831794956,0.1077338678064981,-0.19381446638547814,0.013829234949633331,0.08547306828377307
164,7,38,477.9085898257795,4404.037580305916,471.4559701946234,4402.715936092695,54.0,0.10795065928260948,-0.016545058584240567,0.1077338678064981,-0.01649390940499738,0.013829234949633331,0.005476255810433884
165,24,38,476.8845411410292,4318.364085281663,471.4559701946234,4402.715936092695,54.0,0.10795065928260948,-0.20720070147232686,0.1077338678064981,-0.20688690794478226,0.013829234949633331,0.05420366872995311
166,30,38,625.9985091941669,4344.425799606012,471.4559701946234,4402.715936092695,54.0,0.10795065928260948,-0.2113319941269532,0.1077338678064981,-0.20695060357495718,0.013829234949633331,0.08134183200937743
167,32,38,334.71484028241383,4482.861045979598,471.4559701946234,4402.715936092695,54.0,0.10795065928260948,-0.27579623037608014,0.1077338678064981,-0.27370093839440973,0.013829234949633331,0.1045425220189242
168,23,38,492.6610906216525,4339.6404706179,471.4559701946234,4402.715936092695,54.0,0.10795065928260948,-0.16940610585332339,0.1077338678064981,-0.16947018165346037,0.013829234949633331,0.04116915559077715
169,8,38,404.480912881415,4338.111065579622,471.4559701946234,4402.715936092695,54.0,0.10795065928260948,-0.21853419525852263,0.1077338678064981,-0.2169316109064983,0.013829234949633331,0.06661814226825301
170,34,39,645.8872104090177,4370.307858894735,475.5450238588451,4333.03888591012,54.0,0.10795065928260948,-0.2360692968202311,0.1077338678064981,-0.2323215139576168,0.013829234949633331,0.09073438505403492
171,30,39,625.9985091941669,4344.425799606012,475.5450238588451,4333.03888591012,54.0,0.10795065928260948,-0.30762008816544745,0.1077338678064981,-0.3055375578496606,0.013829234949633331,0.08606717885788888
172,23,39,485.8179580911125,4327.331720835381,475.5450238588451,4333.03888591012,54.0,0.10795065928260948,-0.03326759553153221,0.1077338678064981,-0.033155620821360296,0.013829234949633331,0.007299031691308214
173,32,39,334.71484028241383,4482.861045979598,475.5450238588451,4333.03888591012,54.0,0.10795065928260948,-0.40643837390917803,0.1077338678064981,-0.4034001990430924,0.013829234949633331,0.1427292807157155
174,35,39,583.2192292927565,4207.570440686977,475.5450238588451,4333.03888591012,54.0,0.10795065928260948,-0.3124382400734689,0.1077338678064981,-0.3109971491537671,0.013829234949633331,0.0983275757077969
175,33,39,633.1852302568241,4317.679688677003,475.5450238588451,4333.03888591012,54.0,0.10795065928260948,-0.356746163946156,0.1077338678064981,-0.35514337714209937,0.013829234949633331,0.09399252015128033
176,26,39,492.46916862384336,4319.554466150916,475.5450238588451,4333.03888591012,54.0,0.10795065928260948,-0.05943767388566685,0.1077338678064981,-0.05953960893689352,0.013829234949633331,0.01424791429326978
177,44,39,472.0029937650396,4104.126300266757,475.5450238588451,4333.03888591012,54.0,0.10795065928260948,-0.25368924506611534,0.1077338678064981,-0.24423420114807048,0.013829234949633331,0.0957532174778802
178,24,39,476.8845411410292,4318.364085281663,475.5450238588451,4333.03888591012,54.0,0.10795065928260948,-0.04226670632827701,0.1077338678064981,-0.042367316274536174,0.013829234949633331,0.010244237217379793
179,7,39,477.9085898257795,4404.037580305916,475.5450238588451,4333.03888591012,54.0,0.10795065928260948,-0.18612272499858948,0.1077338678064981,-0.18603811086165992,0.013829234949633331,0.04396215828574332
180,23,40,492.6610906216525,4339.6404706179,463.9665587999344,4407.275828022564,54.0,0.10795065928260948,-0.1794370569345846,0.1077338678064981,-0.17953131949370235,0.013829234949633331,0.04574772982335597
181,30,40,625.9985091941669,4344.425799606012,463.9665587999344,4407.275828022564,54.0,0.10795065928260948,-0.22353186802117905,0.1077338678064981,-0.21914247653508834,0.013829234949633331,0.08632077254332352
182,32,40,334.71484028241383,4482.861045979598,463.9665587999344,4407.275828022564,54.0,0.10795065928260948,-0.26187344455435807,0.1077338678064981,-0.25975076164057215,0.013829234949633331,0.09942937708093888
183,16,40,513.1636048475955,4263.301540421994,463.9665587999344,4407.275828022564,54.0,0.10795065928260948,-0.328275071429713,0.1077338678064981,-0.3282319597954103,0.013829234949633331,0.09197761519759938
184,67,40,614.1933123417826,4407.07660776138,463.9665587999344,4407.275828022564,54.0,0.10795065928260948,-0.2037641365707404,0.1077338678064981,-0.1989842840941125,0.013829234949633331,0.0829417122145983
185,32,41,334.71484028241383,4482.861045979598,463.2958110311122,4390.486480472092,54.0,0.10795065928260948,-0.2744370215354191,0.1077338678064981,-0.27249950377256554,0.013829234949633331,0.10675590649640641
186,30,41,625.9985091941669,4344.425799606012,463.2958110311122,4390.486480472092,54.0,0.10795065928260948,-0.2352869850294951,0.1077338678064981,-0.23045488583952262,0.013829234949633331,0.08560482642648394
187,68,41,607.5300941255965,4399.875364871049,463.2958110311122,4390.486480472092,54.0,0.10795065928260948,-0.15791917127806634,0.1077338678064981,-0.15310719412559445,0.013829234949633331,0.06610021835065891
188,26,41,492.46916862384336,4319.554466150916,463.2958110311122,4390.486480472092,54.0,0.10795065928260948,-0.19908655412298,0.1077338678064981,-0.19889246033042163,0.013829234949633331,0.04872997036426638
189,16,41,513.1636048475955,4263.301540421994,463.2958110311122,4390.486480472092,54.0,0.10795065928260948,-0.2991809549037014,0.1077338678064981,-0.2988353858413835,0.013829234949633331,0.08298255594693335
190,67,41,614.1933123417826,4407.07660776138,463.2958110311122,4390.486480472092,54.0,0.10795065928260948,-0.20992678090333577,0.1077338678064981,-0.2070323121766592,0.013829234949633331,0.08139448390483126
191,23,41,492.6610906216525,4339.6404706179,463.2958110311122,4390.486480472092,54.0,0.10795065928260948,-0.1521803648666602,0.1077338678064981,-0.15213694124469343,0.013829234949633331,0.03707042971882259
192,24,41,476.8845411410292,4318.364085281663,463.2958110311122,4390.486480472092,54.0,0.10795065928260948,-0.18766823778280198,0.1077338678064981,-0.18733790468641784,0.013829234949633331,0.048575656731565345
193,67,42,614.1933123417826,4407.07660776138,424.7541420823547,4341.807884221032,54.0,0.10795065928260948,-0.34102102076083585,0.1077338678064981,-0.33468179829686673,0.013829234949633331,0.10605373676197019
194,24,42,476.8845411410292,4318.364085281663,424.7541420823547,4341.807884221032,54.0,0.10795065928260948,-0.1671480750063302,0.1077338678064981,-0.16608898814264456,0.013829234949633331,0.0415571200345096
195,22,42,297.892598448241,4158.68162304286,424.7541420823547,4341.807884221032,54.0,0.10795065928260948,-0.4313936725554561,0.1077338678064981,-0.4229961191728124,0.013829234949633331,0.15899324976121043
196,23,42,477.4731403423149,4312.258922572526,424.7541420823547,4341.807884221032,54.0,0.10795065928260948,-0.1753810181422513,0.1077338678064981,-0.174289214409275,0.013829234949633331,0.043819980129666335
197,26,42,492.46916862384336,4319.554466150916,424.7541420823547,4341.807884221032,54.0,0.10795065928260948,-0.19766020804185455,0.1077338678064981,-0.19704332656824794,0.013829234949633331,0.04978611347858309
198,30,42,625.9985091941669,4344.425799606012,424.7541420823547,4341.807884221032,54.0,0.10795065928260948,-0.45401006853354,0.1077338678064981,-0.4509416355914476,0.013829234949633331,0.12194894157006525
199,19,42,313.8105789821288,4143.210879673134,424.7541420823547,4341.807884221032,54.0,0.10795065928260948,-0.42462554405357333,0.1077338678064981,-0.4177720860644202,0.013829234949633331,0.15523172248238115
200,32,42,334.71484028241383,4482.861045979598,424.7541420823547,4341.807884221032,54.0,0.10795065928260948,-0.3231720262408891,0.1077338678064981,-0.31855352987571256,0.013829234949633331,0.1252158875951797
201,44,42,472.0029937650396,4104.126300266757,424.7541420823547,4341.807884221032,54.0,0.10795065928260948,-0.3222121897361424,0.1077338678064981,-0.31074965022092405,0.013829234949633331,0.11369613742588372
202,16,42,513.1636048475955,4263.301540421994,424.7541420823547,4341.807884221032,54.0,0.10795065928260948,-0.27915754206908905,0.1077338678064981,-0.2765795305775973,0.013829234949633331,0.07752489800618684
203,68,43,607.5300941255965,4399.875364871049,475.200490753821,4336.125087441123,54.0,0.10795065928260948,-0.1709928631892597,0.1077338678064981,-0.16413768954809826,0.013829234949633331,0.06561064657350016
204,24,43,476.8845411410292,4318.364085281663,475.200490753821,4336.125087441123,54.0,0.10795065928260948,-0.05042370217217443,0.1077338678064981,-0.05048955052703273,0.013829234949633331,0.012004709292373017
205,23,43,487.0322857743624,4329.549091982163,475.200490753821,4336.125087441123,54.0,0.10795065928260948,-0.03830293071080029,0.1077338678064981,-0.03817400767032953,0.013829234949633331,0.008403802579093025
206,29,43,679.1344462972443,4226.875249913833,475.200490753821,4336.125087441123,54.0,0.10795065928260948,-0.5248710651905695,0.1077338678064981,-0.5220798527736202,0.013829234949633331,0.14669296689293285
207,26,43,492.46916862384336,4319.554466150916,475.200490753821,4336.125087441123,54.0,0.10795065928260948,-0.06615688382798013,0.1077338678064981,-0.06620358692225232,0.013829234949633331,0.01559176790794158
208,30,43,625.9985091941669,4344.425799606012,475.200490753821,4336.125087441123,54.0,0.10795065928260948,-0.30818777800713804,0.1077338678064981,-0.30610476877641685,0.013829234949633331,0.086166333151545
209,32,43,334.71484028241383,4482.861045979598,475.200490753821,4336.125087441123,54.0,0.10795065928260948,-0.39811685263569907,0.1077338678064981,-0.39519766819137003,0.013829234949633331,0.1405189253180006
210,67,43,614.1933123417826,4407.07660776138,475.200490753821,4336.125087441123,54.0,0.10795065928260948,-0.19469778126876347,0.1077338678064981,-0.18755301624600762,0.013829234949633331,0.07173876746064418
211,34,43,645.8872104090177,4370.307858894735,475.200490753821,4336.125087441123,54.0,0.10795065928260948,-0.23193631950958343,0.1077338678064981,-0.2276965337012045,0.013829234949633331,0.08957517845788342
212,56,43,677.3923123197425,4458.591690875839,475.200490753821,4336.125087441123,54.0,0.10795065928260948,-0.4019746047457502,0.1077338678064981,-0.3953070124059579,0.013829234949633331,0.12975427248740165
213,44,43,472.0029937650396,4104.126300266757,475.200490753821,4336.125087441123,54.0,0.10795065928260948,-0.2777867584164585,0.1077338678064981,-0.2675897837619418,0.013829234949633331,0.09961414918303428
214,33,43,633.1852302568241,4317.679688677003,475.200490753821,4336.125087441123,54.0,0.10795065928260948,-0.34195090392649874,0.1077338678064981,-0.34049231111934986,0.013829234949633331,0.09413333808106689
215,35,43,583.2192292927565,4207.570440686977,475.200490753821,4336.125087441123,54.0,0.10795065928260948,-0.3205233658671974,0.1077338678064981,-0.3189502805374639,0.013829234949633331,0.09991320986592322
216,19,43,324.8153272931308,4135.979057138678,475.200490753821,4336.125087441123,54.0,0.10795065928260948,-0.43935195437036073,0.1077338678064981,-0.43258731806953504,0.013829234949633331,0.15510043673863338
217,26,44,492.46916862384336,4319.554466150916,441.0471192053797,4324.965345583502,54.0,0.10795065928260948,-0.14260676240130574,0.1077338678064981,-0.1427022190855111,0.013829234949633331,0.036242312237284635
218,44,44,472.0029937650396,4104.126300266757,441.0471192053797,4324.965345583502,54.0,0.10795065928260948,-0.25876507118145564,0.1077338678064981,-0.2482303673870488,0.013829234949633331,0.09672807515421847
219,24,44,476.8845411410292,4318.364085281663,441.0471192053797,4324.965345583502,54.0,0.10795065928260948,-0.10856741707906037,0.1077338678064981,-0.10825921796172845,0.013829234949633331,0.02675747792603795
220,22,44,301.6304881357929,4156.037775497009,441.0471192053797,4324.965345583502,54.0,0.10795065928260948,-0.4074560680516182,0.1077338678064981,-0.40137192679991845,0.013829234949633331,0.14770415626286276
221,30,44,625.9985091941669,4344.425799606012,441.0471192053797,4324.965345583502,54.0,0.10795065928260948,-0.4081829348991882,0.1077338678064981,-0.40561435113262895,0.013829234949633331,0.11049113523572235
222,32,44,334.71484028241383,4482.861045979598,441.0471192053797,4324.965345583502,54.0,0.10795065928260948,-0.38702756946517775,0.1077338678064981,-0.381854490203856,0.013829234949633331,0.14083700000245825
223,19,44,321.49446726788966,4138.158474420299,441.0471192053797,4324.965345583502,54.0,0.10795065928260948,-0.38237340840030654,0.1077338678064981,-0.3767189698977521,0.013829234949633331,0.1416653612840901
224,23,44,474.24859212100233,4306.4982743148985,441.0471192053797,4324.965345583502,54.0,0.10795065928260948,-0.1124951961598893,0.1077338678064981,-0.1121085311722642,0.013829234949633331,0.027572150294130644
225,16,44,513.1636048475955,4263.301540421994,441.0471192053797,4324.965345583502,54.0,0.10795065928260948,-0.2107192346507522,0.1077338678064981,-0.20892279681463358,0.013829234949633331,0.06003459970667952
226,67,44,614.1933123417826,4407.07660776138,441.0471192053797,4324.965345583502,54.0,0.10795065928260948,-0.30298260212676803,0.1077338678064981,-0.29564217547337424,0.013829234949633331,0.09743694502179867
227,22,45,301.6304881357929,4156.037775497009,456.2761219480929,4314.689427575413,54.0,0.10795065928260948,-0.3955104154484944,0.1077338678064981,-0.389378638587567,0.013829234949633331,0.1433158881598601
228,24,45,476.8845411410292,4318.364085281663,456.2761219480929,4314.689427575413,54.0,0.10795065928260948,-0.06312564219108752,0.1077338678064981,-0.0629893537600513,0.013829234949633331,0.01579107662010277
229,26,45,492.46916862384336,4319.554466150916,456.2761219480929,4314.689427575413,54.0,0.10795065928260948,-0.09719423851081682,0.1077338678064981,-0.09746610729303909,0.013829234949633331,0.025287355568563815
230,32,45,334.71484028241383,4482.861045979598,456.2761219480929,4314.689427575413,54.0,0.10795065928260948,-0.4329907161332086,0.1077338678064981,-0.4279931577353135,0.013829234949633331,0.15159547353874592
231,30,45,625.9985091941669,4344.425799606012,456.2761219480929,4314.689427575413,54.0,0.10795065928260948,-0.3545532854973484,0.1077338678064981,-0.35326507918123146,0.013829234949633331,0.10211504026059952
232,23,45,473.463778736012,4305.169219038526,456.2761219480929,4314.689427575413,54.0,0.10795065928260948,-0.057263289866532306,0.1077338678064981,-0.057080153441934546,0.013829234949633331,0.01420428536524879
233,19,45,324.8153272931308,4135.979057138678,456.2761219480929,4314.689427575413,54.0,0.10795065928260948,-0.3604287356383983,0.1077338678064981,-0.35390965685740583,0.013829234949633331,0.13545765794360048
234,16,45,513.1636048475955,4263.301540421994,456.2761219480929,4314.689427575413,54.0,0.10795065928260948,-0.15511455931773496,0.1077338678064981,-0.15350398498354303,0.013829234949633331,0.04693402017373543
235,44,45,472.0029937650396,4104.126300266757,456.2761219480929,4314.689427575413,54.0,0.10795065928260948,-0.21902742076003473,0.1077338678064981,-0.20888726161776408,0.013829234949633331,0.08579940271174659
236,67,45,614.1933123417826,4407.07660776138,456.2761219480929,4314.689427575413,54.0,0.10795065928260948,-0.2633758712629858,0.1077338678064981,-0.2559458574091641,0.013829234949633331,0.08969134507926584
237,35,45,583.2192292927565,4207.570440686977,456.2761219480929,4314.689427575413,54.0,0.10795065928260948,-0.30400859749652387,0.1077338678064981,-0.30115298348636343,0.013829234949633331,0.09913226126379224
238,67,46,614.1933123417826,4407.07660776138,486.3913924564008,4478.416425086557,54.0,0.10795065928260948,-0.21761650887426112,0.1077338678064981,-0.21459725235544935,0.013829234949633331,0.0880360842951316
239,30,46,625.9985091941669,4344.425799606012,486.3913924564008,4478.416425086557,54.0,0.10795065928260948,-0.219153310982705,0.1077338678064981,-0.21026350259376855,0.013829234949633331,0.10002006939004376
240,23,46,492.6610906216525,4339.6404706179,486.3913924564008,4478.416425086557,54.0,0.10795065928260948,-0.3104842259937962,0.1077338678064981,-0.31031900765266063,0.013829234949633331,0.08906290978879124
241,32,46,334.71484028241383,4482.861045979598,486.3913924564008,4478.416425086557,54.0,0.10795065928260948,-0.2904832904574466,0.1077338678064981,-0.28921911028968583,0.013829234949633331,0.10654960192835958
242,30,47,625.9985091941669,4344.425799606012,434.92773393180914,4463.423300941039,54.0,0.10795065928260948,-0.2785435222063373,0.1077338678064981,-0.27150230374747786,0.013829234949633331,0.1189626852140143
243,67,47,614.1933123417826,4407.07660776138,434.92773393180914,4463.423300941039,54.0,0.10795065928260948,-0.2697264381245177,0.1077338678064981,-0.26613320140174224,0.013829234949633331,0.11203559143351742
244,23,47,492.6610906216525,4339.6404706179,434.92773393180914,4463.423300941039,54.0,0.10795065928260948,-0.2790030448302333,0.1077338678064981,-0.2780665533297463,0.013829234949633331,0.08627165521155886
245,32,47,334.71484028241383,4482.861045979598,434.92773393180914,4463.423300941039,54.0,0.10795065928260948,-0.2007271669015194,0.1077338678064981,-0.20006683606541426,0.013829234949633331,0.07001293933222764
246,23,48,492.6610906216525,4339.6404706179,454.0574214945663,4458.475818282948,54.0,0.10795065928260948,-0.262249311845462,0.1077338678064981,-0.26178842549815795,0.013829234949633331,0.07732372469163476
247,32,48,334.71484028241383,4482.861045979598,454.0574214945663,4458.475818282948,54.0,0.10795065928260948,-0.23275412983937063,0.1077338678064981,-0.23157228974473032,0.013829234949633331,0.08325995731277833
248,67,48,614.1933123417826,4407.07660776138,454.0574214945663,4458.475818282948,54.0,0.10795065928260948,-0.23809952884689137,0.1077338678064981,-0.2350323586278726,0.013829234949633331,0.09899247286738762
249,30,48,625.9985091941669,4344.425799606012,454.0574214945663,4458.475818282948,54.0,0.10795065928260948,-0.24399133279578042,0.1077338678064981,-0.23718594912789046,0.013829234949633331,0.10608398583257896
250,23,49,492.6610906216525,4339.6404706179,464.4083453145252,4461.161482502334,54.0,0.10795065928260948,-0.27029892488761276,0.1077338678064981,-0.269451470365211,0.013829234949633331,0.07787778854908763
251,30,49,625.9985091941669,4344.425799606012,464.4083453145252,4461.161482502334,54.0,0.10795065928260948,-0.22854221405745365,0.1077338678064981,-0.22154070794838637,0.013829234949633331,0.10116882382855043
252,32,49,334.71484028241383,4482.861045979598,464.4083453145252,4461.161482502334,54.0,0.10795065928260948,-0.24819712738040348,0.1077338678064981,-0.24676089115273256,0.013829234949633331,0.089789846538192
253,67,49,614.1933123417826,4407.07660776138,464.4083453145252,4461.161482502334,54.0,0.10795065928260948,-0.22674426653641772,0.1077338678064981,-0.22395051849259712,0.013829234949633331,0.0942021251594926
254,24,50,476.8845411410292,4318.364085281663,433.5165486821991,4418.668216363436,54.0,0.10795065928260948,-0.24644668212399606,0.1077338678064981,-0.24514930830233683,0.013829234949633331,0.07228397316710489
255,32,50,334.71484028241383,4482.861045979598,433.5165486821991,4418.668216363436,54.0,0.10795065928260948,-0.2106783452816378,0.1077338678064981,-0.20907969507639704,0.013829234949633331,0.07994035941565472
256,23,50,492.6610906216525,4339.6404706179,433.5165486821991,4418.668216363436,54.0,0.10795065928260948,-0.218530310591515,0.1077338678064981,-0.2176939366305772,0.013829234949633331,0.06335622619353223
257,16,50,513.1636048475955,4263.301540421994,433.5165486821991,4418.668216363436,54.0,0.10795065928260948,-0.3611761546986805,0.1077338678064981,-0.35970880012513584,0.013829234949633331,0.10907956784437464
258,67,50,614.1933123417826,4407.07660776138,433.5165486821991,4418.668216363436,54.0,0.10795065928260948,-0.2503231835405615,0.1077338678064981,-0.24515663862816325,0.013829234949633331,0.10203579098350024
259,30,50,625.9985091941669,4344.425799606012,433.5165486821991,4418.668216363436,54.0,0.10795065928260948,-0.27298965717539375,0.1077338678064981,-0.26820246477276655,0.013829234949633331,0.10650870919644366
260,67,51,614.1933123417826,4407.07660776138,449.3852529635216,4425.916545048914,54.0,0.10795065928260948,-0.2279867635186748,0.1077338678064981,-0.22309362966856253,0.013829234949633331,0.09242555182677982
261,30,51,625.9985091941669,4344.425799606012,449.3852529635216,4425.916545048914,54.0,0.10795065928260948,-0.24776849855496572,0.1077338678064981,-0.24264203008162843,0.013829234949633331,0.09813751380606271
262,26,51,492.46916862384336,4319.554466150916,449.3852529635216,4425.916545048914,54.0,0.10795065928260948,-0.26344948419294617,0.1077338678064981,-0.2633306488753439,0.013829234949633331,0.07162696093381091
263,24,51,476.8845411410292,4318.364085281663,449.3852529635216,4425.916545048914,54.0,0.10795065928260948,-0.2520889002490919,0.1077338678064981,-0.25179162337352545,0.013829234949633331,0.07154114322613339
264,32,51,334.71484028241383,4482.861045979598,449.3852529635216,4425.916545048914,54.0,0.10795065928260948,-0.23225911026060286,0.1077338678064981,-0.23005055011274722,0.013829234949633331,0.08613211420920293
265,68,52,607.5300941255965,4399.875364871049,483.6599253446036,4434.678431866685,54.0,0.10795065928260948,-0.15531890616627192,0.1077338678064981,-0.15173427569770215,0.013829234949633331,0.07012784966074795
266,16,52,513.1636048475955,4263.301540421994,483.6599253446036,4434.678431866685,54.0,0.10795065928260948,-0.3468957745515263,0.1077338678064981,-0.3456177555058266,0.013829234949633331,0.10349672397133881
267,56,52,677.3923123197425,4458.591690875839,483.6599253446036,4434.678431866685,54.0,0.10795065928260948,-0.3115051214978841,0.1077338678064981,-0.3094395743791506,0.013829234949633331,0.11783601940172242
268,34,52,645.8872104090177,4370.307858894735,483.6599253446036,4434.678431866685,54.0,0.10795065928260948,-0.1891292705746931,0.1077338678064981,-0.18283118891309696,0.013829234949633331,0.0886100566348718
269,69,52,685.3230867940251,4391.141433827922,483.6599253446036,4434.678431866685,54.0,0.10795065928260948,-0.3380240375438715,0.1077338678064981,-0.3323860771698509,0.013829234949633331,0.12845881332575537
270,23,52,492.6610906216525,4339.6404706179,483.6599253446036,4434.678431866685,54.0,0.10795065928260948,-0.22933989696159898,0.1077338678064981,-0.2291604808109638,0.013829234949633331,0.059418899680569
271,32,52,334.71484028241383,4482.861045979598,483.6599253446036,4434.678431866685,54.0,0.10795065928260948,-0.2853828914719372,0.1077338678064981,-0.28414412258930744,0.013829234949633331,0.10505780003832628
272,30,52,625.9985091941669,4344.425799606012,483.6599253446036,4434.678431866685,54.0,0.10795065928260948,-0.184382028871518,0.1077338678064981,-0.17804983499023466,0.013829234949633331,0.08193704599699135
273,49,52,663.3163926639071,4436.617662823868,483.6599253446036,4434.678431866685,54.0,0.10795065928260948,-0.3235246379466259,0.1077338678064981,-0.321144392775382,0.013829234949633331,0.11031411041629734
274,67,52,614.1933123417826,4407.07660776138,483.6599253446036,4434.678431866685,54.0,0.10795065928260948,-0.16828739577184101,0.1077338678064981,-0.16500096948286927,0.013829234949633331,0.07366629738526304
275,57,52,688.226455777822,4457.521568699916,483.6599253446036,4434.678431866685,54.0,0.10795065928260948,-0.34607246751021914,0.1077338678064981,-0.3435346757041515,0.013829234949633331,0.12754843495249207
276,23,53,492.6610906216525,4339.6404706179,449.19507381456793,4393.341358041034,54.0,0.10795065928260948,-0.17333456765011745,0.1077338678064981,-0.17308458408858474,0.013829234949633331,0.04400374538522705
277,68,53,607.5300941255965,4399.875364871049,449.19507381456793,4393.341358041034,54.0,0.10795065928260948,-0.18548927205899793,0.1077338678064981,-0.18072292798821743,0.013829234949633331,0.07510452795990605
278,30,53,625.9985091941669,4344.425799606012,449.19507381456793,4393.341358041034,54.0,0.10795065928260948,-0.2651601452845196,0.1077338678064981,-0.26031619344611806,0.013829234949633331,0.09497503351519518
279,16,53,513.1636048475955,4263.301540421994,449.19507381456793,4393.341358041034,54.0,0.10795065928260948,-0.3162613815483405,0.1077338678064981,-0.3155671697847727,0.013829234949633331,0.08951467660717469
280,24,53,476.8845411410292,4318.364085281663,449.19507381456793,4393.341358041034,54.0,0.10795065928260948,-0.2030316888577775,0.1077338678064981,-0.20260346321655892,0.013829234949633331,0.05320380655580645
281,32,53,334.71484028241383,4482.861045979598,449.19507381456793,4393.341358041034,54.0,0.10795065928260948,-0.24680603122910166,0.1077338678064981,-0.24505992368909843,0.013829234949633331,0.09853368775441562
282,67,53,614.1933123417826,4407.07660776138,449.19507381456793,4393.341358041034,54.0,0.10795065928260948,-0.23835548526553957,0.1077338678064981,-0.23491767561456414,0.013829234949633331,0.09162788270812329
283,16,54,513.1636048475955,4263.301540421994,443.9862101028399,4377.461544255477,54.0,0.10795065928260948,-0.29578959785525527,0.1077338678064981,-0.29473600488399443,0.013829234949633331,0.08394128309198795
284,32,54,334.71484028241383,4482.861045979598,443.9862101028399,4377.461544255477,54.0,0.10795065928260948,-0.258279847619454,0.1077338678064981,-0.256499199872157,0.013829234949633331,0.1041168056464329
285,24,54,476.8845411410292,4318.364085281663,443.9862101028399,4377.461544255477,54.0,0.10795065928260948,-0.18113945204952286,0.1077338678064981,-0.18035541388123646,0.013829234949633331,0.04622939363731027
286,68,54,607.5300941255965,4399.875364871049,443.9862101028399,4377.461544255477,54.0,0.10795065928260948,-0.19597114573519075,0.1077338678064981,-0.19109294873004826,0.013829234949633331,0.07906630645845972
287,67,54,614.1933123417826,4407.07660776138,443.9862101028399,4377.461544255477,54.0,0.10795065928260948,-0.2405986248507896,0.1077338678064981,-0.23751625162526566,0.013829234949633331,0.09067222678952512
288,23,54,492.6610906216525,4339.6404706179,443.9862101028399,4377.461544255477,54.0,0.10795065928260948,-0.1630772911972552,0.1077338678064981,-0.1623435656753488,0.013829234949633331,0.039620030714721526
289,26,54,492.46916862384336,4319.554466150916,443.9862101028399,4377.461544255477,54.0,0.10795065928260948,-0.20017887790580513,0.1077338678064981,-0.19946210127621736,0.013829234949633331,0.04950300730303877
290,30,54,625.9985091941669,4344.425799606012,443.9862101028399,4377.461544255477,54.0,0.10795065928260948,-0.32207720747026375,0.1077338678064981,-0.3167533848828795,0.013829234949633331,0.09833397776847812
291,24,55,476.8845411410292,4318.364085281663,466.6332349019849,4378.7179507745,54.0,0.10795065928260948,-0.16353133243973983,0.1077338678064981,-0.16316291060446764,0.013829234949633331,0.04065955454182371
292,16,55,513.1636048475955,4263.301540421994,466.6332349019849,4378.7179507745,54.0,0.10795065928260948,-0.2746999504976965,0.1077338678064981,-0.2742486345398271,0.013829234949633331,0.07521057631377316
293,68,55,607.5300941255965,4399.875364871049,466.6332349019849,4378.7179507745,54.0,0.10795065928260948,-0.15262072545429414,0.1077338678064981,-0.14775285807056238,0.013829234949633331,0.06451123190493897
294,32,55,334.71484028241383,4482.861045979598,466.6332349019849,4378.7179507745,54.0,0.10795065928260948,-0.29137990753802717,0.1077338678064981,-0.28971046265373473,0.013829234949633331,0.11323525934505561
295,34,55,645.8872104090177,4370.307858894735,466.6332349019849,4378.7179507745,54.0,0.10795065928260948,-0.21859352205207555,0.1077338678064981,-0.2146774047633633,0.013829234949633331,0.09135594316605683
296,33,55,633.1852302568241,4317.679688677003,466.6332349019849,4378.7179507745,54.0,0.10795065928260948,-0.3532279934070291,0.1077338678064981,-0.3501269123301207,0.013829234949633331,0.10147965575873795
297,67,55,614.1933123417826,4407.07660776138,466.6332349019849,4378.7179507745,54.0,0.10795065928260948,-0.19472140748263528,0.1077338678064981,-0.19146391002350388,0.013829234949633331,0.07534575877517961
298,23,55,492.6610906216525,4339.6404706179,466.6332349019849,4378.7179507745,54.0,0.10795065928260948,-0.12889528244352466,0.1077338678064981,-0.1287239014708981,0.013829234949633331,0.029564279955000446
299,56,55,677.3923123197425,4458.591690875839,466.6332349019849,4378.7179507745,54.0,0.10795065928260948,-0.3854473508116019,0.1077338678064981,-0.3802927972110893,0.013829234949633331,0.13124156567124212
300,30,55,625.9985091941669,4344.425799606012,466.6332349019849,4378.7179507745,54.0,0.10795065928260948,-0.2532054241740552,0.1077338678064981,-0.24804061186824145,0.013829234949633331,0.08337252244598187
301,26,56,492.46916862384336,4319.554466150916,447.1765556096275,4356.329542239,54.0,0.10795065928260948,-0.1598429831529662,0.1077338678064981,-0.1595098493378138,0.013829234949633331,0.03895413869506388
302,24,56,476.8845411410292,4318.364085281663,447.1765556096275,4356.329542239,54.0,0.10795065928260948,-0.13532618907114966,0.1077338678064981,-0.13489134156969962,0.013829234949633331,0.03364043445608131
303,16,56,513.1636048475955,4263.301540421994,447.1765556096275,4356.329542239,54.0,0.10795065928260948,-0.2529509530458783,0.1077338678064981,-0.2518802046713608,0.013829234949633331,0.07202406420018051
304,44,56,472.0029937650396,4104.126300266757,447.1765556096275,4356.329542239,54.0,0.10795065928260948,-0.3392149111952949,0.1077338678064981,-0.3280207388861295,0.013829234949633331,0.11655114159373528
305,32,56,334.71484028241383,4482.861045979598,447.1765556096275,4356.329542239,54.0,0.10795065928260948,-0.30872069104576905,0.1077338678064981,-0.30580454245732086,0.013829234949633331,0.11942641302951845
306,67,56,614.1933123417826,4407.07660776138,447.1765556096275,4356.329542239,54.0,0.10795065928260948,-0.26635317975157125,0.1077338678064981,-0.2613153670769861,0.013829234949633331,0.08788084707923745
307,30,56,625.9985091941669,4344.425799606012,447.1765556096275,4356.329542239,54.0,0.10795065928260948,-0.37863002729991135,0.1077338678064981,-0.3754833972991843,0.013829234949633331,0.10336110896851401
308,23,56,489.0254816670088,4332.986241933166,447.1765556096275,4356.329542239,54.0,0.10795065928260948,-0.13312873887212967,0.1077338678064981,-0.13258585256610145,0.013829234949633331,0.03166353930519565
309,26,57,492.46916862384336,4319.554466150916,454.3164335836594,4338.138967133773,54.0,0.10795065928260948,-0.11576616044041808,0.1077338678064981,-0.11582528374391667,0.013829234949633331,0.028493057450798755
310,19,57,324.8153272931308,4135.979057138678,454.3164335836594,4338.138967133773,54.0,0.10795065928260948,-0.42894126956604434,0.1077338678064981,-0.422504359337222,0.013829234949633331,0.15228680932479025
311,24,57,476.8845411410292,4318.364085281663,454.3164335836594,4338.138967133773,54.0,0.10795065928260948,-0.08723742337068235,0.1077338678064981,-0.08706269010685487,0.013829234949633331,0.021390376407240657
312,16,57,513.1636048475955,4263.301540421994,454.3164335836594,4338.138967133773,54.0,0.10795065928260948,-0.20406793308150584,0.1077338678064981,-0.20301853086644797,0.013829234949633331,0.05940778121236332
313,23,57,482.95294926390704,4322.121679026849,454.3164335836594,4338.138967133773,54.0,0.10795065928260948,-0.09052051654945342,0.1077338678064981,-0.09044483996658445,0.013829234949633331,0.022096693800362315
314,32,57,334.71484028241383,4482.861045979598,454.3164335836594,4338.138967133773,54.0,0.10795065928260948,-0.3652104142380157,0.1077338678064981,-0.36158079570802604,0.013829234949633331,0.1340761190911607
315,44,57,472.0029937650396,4104.126300266757,454.3164335836594,4338.138967133773,54.0,0.10795065928260948,-0.2869112646870685,0.1077338678064981,-0.27656669339973045,0.013829234949633331,0.10237140030122409
316,22,57,301.6304881357929,4156.037775497009,454.3164335836594,4338.138967133773,54.0,0.10795065928260948,-0.4604880061165857,0.1077338678064981,-0.45409147933526944,0.013829234949633331,0.16061390247912047
317,30,57,625.9985091941669,4344.425799606012,454.3164335836594,4338.138967133773,54.0,0.10795065928260948,-0.3674937116555889,0.1077338678064981,-0.36524632865390505,0.013829234949633331,0.1003965071980371
318,67,57,614.1933123417826,4407.07660776138,454.3164335836594,4338.138967133773,54.0,0.10795065928260948,-0.2588413061372186,0.1077338678064981,-0.25242761519368195,0.013829234949633331,0.08578115969942095
319,68,57,607.5300941255965,4399.875364871049,454.3164335836594,4338.138967133773,54.0,0.10795065928260948,-0.23229334495477302,0.1077338678064981,-0.2257101637791481,0.013829234949633331,0.07907463414056358
320,32,58,334.71484028241383,4482.861045979598,493.6928066659663,4597.231199427339,54.0,0.10795065928260948,-0.357234697794165,0.1077338678064981,-0.35251893827599684,0.013829234949633331,0.14242584907402778
321,32,59,334.71484028241383,4482.861045979598,484.3679695761251,4575.18604113906,54.0,0.10795065928260948,-0.32076396061891743,0.1077338678064981,-0.3173597111078933,0.013829234949633331,0.12652180878372618
322,23,60,492.6610906216525,4339.6404706179,532.2627220778933,4557.589222026572,54.0,0.10795065928260948,-0.39266706314812394,0.1077338678064981,-0.38848623436156626,0.013829234949633331,0.14279127671769018
323,30,60,625.9985091941669,4344.425799606012,532.2627220778933,4557.589222026572,54.0,0.10795065928260948,-0.31189015501450157,0.1077338678064981,-0.3056298203843794,0.013829234949633331,0.1376397793690847
324,32,60,334.71484028241383,4482.861045979598,532.2627220778933,4557.589222026572,54.0,0.10795065928260948,-0.4023733958322992,0.1077338678064981,-0.3975380150395793,0.013829234949633331,0.15606226250680144
325,56,60,677.3923123197425,4458.591690875839,532.2627220778933,4557.589222026572,54.0,0.10795065928260948,-0.2631202826916872,0.1077338678064981,-0.25604395054776885,0.013829234949633331,0.11741223439633786
326,59,60,687.7533482500393,4462.8415205037,532.2627220778933,4557.589222026572,54.0,0.10795065928260948,-0.2801569127103968,0.1077338678064981,-0.27213378044650155,0.013829234949633331,0.12637483084962034
327,57,60,688.226455777822,4457.521568699916,532.2627220778933,4557.589222026572,54.0,0.10795065928260948,-0.2863285128610915,0.1077338678064981,-0.27848056289617185,0.013829234949633331,0.12757231933756386
328,23,61,492.6610906216525,4339.6404706179,523.7563279528324,4473.568851454813,54.0,0.10795065928260948,-0.24893054659256494,0.1077338678064981,-0.24756214239520608,0.013829234949633331,0.0817429772289685
329,49,61,663.3163926639071,4436.617662823868,523.7563279528324,4473.568851454813,54.0,0.10795065928260948,-0.24529907732784925,0.1077338678064981,-0.24197581946852278,0.013829234949633331,0.08775915606446896
330,56,61,677.3923123197425,4458.591690875839,523.7563279528324,4473.568851454813,54.0,0.10795065928260948,-0.22748718247126326,0.1077338678064981,-0.22458276129509863,0.013829234949633331,0.09189724239590817
331,30,61,625.9985091941669,4344.425799606012,523.7563279528324,4473.568851454813,54.0,0.10795065928260948,-0.17363312515099616,0.1077338678064981,-0.1676052136594168,0.013829234949633331,0.08271431235942615
332,57,61,688.226455777822,4457.521568699916,523.7563279528324,4473.568851454813,54.0,0.10795065928260948,-0.25205510547267823,0.1077338678064981,-0.24874843610741731,0.013829234949633331,0.10140574637085675
333,59,61,687.7533482500393,4462.8415205037,523.7563279528324,4473.568851454813,54.0,0.10795065928260948,-0.2505258229994488,0.1077338678064981,-0.24724269779876829,0.013829234949633331,0.1008068480944682
334,34,61,645.8872104090177,4370.307858894735,523.7563279528324,4473.568851454813,54.0,0.10795065928260948,-0.22440807402682805,0.1077338678064981,-0.22268510789482354,0.013829234949633331,0.09194555945352749
335,23,62,492.6610906216525,4339.6404706179,468.6871050542589,4480.412063966041,54.0,0.10795065928260948,-0.31049086482261073,0.1077338678064981,-0.3095640568533143,0.013829234949633331,0.09095646643247819
336,30,62,625.9985091941669,4344.425799606012,468.6871050542589,4480.412063966041,54.0,0.10795065928260948,-0.24463841177658002,0.1077338678064981,-0.2367303528555644,0.013829234949633331,0.10921426617521254
337,32,62,334.71484028241383,4482.861045979598,468.6871050542589,4480.412063966041,54.0,0.10795065928260948,-0.2549366421029986,0.1077338678064981,-0.2537579688769074,0.013829234949633331,0.09355126712505266
338,32,63,334.71484028241383,4482.861045979598,409.3824134202946,4498.936102519641,54.0,0.10795065928260948,-0.150371838667525,0.1077338678064981,-0.15011369485549092,0.013829234949633331,0.05320122308340573
339,23,63,492.6610906216525,4339.6404706179,409.3824134202946,4498.936102519641,54.0,0.10795065928260948,-0.3557122686481105,0.1077338678064981,-0.3545740657859813,0.013829234949633331,0.11694701100816185
340,23,64,492.6610906216525,4339.6404706179,432.2908893266161,4514.445305024319,54.0,0.10795065928260948,-0.3668136080283788,0.1077338678064981,-0.36437261162781015,0.013829234949633331,0.11903395597962069
341,32,64,334.71484028241383,4482.861045979598,432.2908893266161,4514.445305024319,54.0,0.10795065928260948,-0.19188837071572193,0.1077338678064981,-0.19048887190992678,0.013829234949633331,0.07151674876311037
342,30,65,625.9985091941669,4344.425799606012,492.89260402339454,4537.916828260732,54.0,0.10795065928260948,-0.30233084856768255,0.1077338678064981,-0.2967721684968551,0.013829234949633331,0.13428676011937152
343,23,65,492.6610906216525,4339.6404706179,492.89260402339454,4537.916828260732,54.0,0.10795065928260948,-0.4339993218388271,0.1077338678064981,-0.43273764424600886,0.013829234949633331,0.13316163604466316
344,56,65,677.3923123197425,4458.591690875839,492.89260402339454,4537.916828260732,54.0,0.10795065928260948,-0.3027194502744487,0.1077338678064981,-0.29798205546425344,0.013829234949633331,0.13091920636469
345,32,65,334.71484028241383,4482.861045979598,492.89260402339454,4537.916828260732,54.0,0.10795065928260948,-0.32038766690900156,0.1077338678064981,-0.31661471303068683,0.013829234949633331,0.12150040101801586
346,32,66,334.71484028241383,4482.861045979598,442.1326126035325,4553.206528131934,54.0,0.10795065928260948,-0.2274574583460089,0.1077338678064981,-0.22473490060046908,0.013829234949633331,0.0913274785739189
347,23,66,492.6610906216525,4339.6404706179,442.1326126035325,4553.206528131934,54.0,0.10795065928260948,-0.448303672682953,0.1077338678064981,-0.44628929700608877,0.013829234949633331,0.14725332675075484
348,30,67,625.9985091941669,4344.425799606012,493.1570022965957,4505.480440009388,54.0,0.10795065928260948,-0.24739347573299736,0.1077338678064981,-0.23988257680229425,0.013829234949633331,0.1131775749027135
349,32,67,334.71484028241383,4482.861045979598,493.1570022965957,4505.480440009388,54.0,0.10795065928260948,-0.31048160775649586,0.1077338678064981,-0.3089002457111625,0.013829234949633331,0.11332290070126462
350,23,67,492.6610906216525,4339.6404706179,493.1570022965957,4505.480440009388,54.0,0.10795065928260948,-0.36577660494747316,0.1077338678064981,-0.36542961237938787,0.013829234949633331,0.10882860521544363
351,57,67,688.226455777822,4457.521568699916,493.1570022965957,4505.480440009388,54.0,0.10795065928260948,-0.301962698111903,0.1077338678064981,-0.2980472856445145,0.013829234949633331,0.1272922837317019
352,56,67,677.3923123197425,4458.591690875839,493.1570022965957,4505.480440009388,54.0,0.10795065928260948,-0.27798526861399797,0.1077338678064981,-0.2744564317879726,0.013829234949633331,0.11767982901725063
353,32,68,334.71484028241383,4482.861045979598,492.7167606133789,4597.298731191927,54.0,0.10795065928260948,-0.35552657320214004,0.1077338678064981,-0.35080446947380534,0.013829234949633331,0.1418266310469911
354,67,69,614.1933123417826,4407.07660776138,499.1284447513814,4564.733863047741,54.0,0.10795065928260948,-0.3043110533977735,0.1077338678064981,-0.3001049982577095,0.013829234949633331,0.12683436882223895
355,32,69,334.71484028241383,4482.861045979598,499.1284447513814,4564.733863047741,54.0,0.10795065928260948,-0.3444832580869689,0.1077338678064981,-0.34105195566760144,0.013829234949633331,0.13378996890812925
356,56,69,677.3923123197425,4458.591690875839,499.1284447513814,4564.733863047741,54.0,0.10795065928260948,-0.3174677113985256,0.1077338678064981,-0.31005056936939973,0.013829234949633331,0.13981535126131173
357,49,70,663.3163926639071,4436.617662823868,508.7065167837801,4522.821433130314,54.0,0.10795065928260948,-0.27346151596660573,0.1077338678064981,-0.2693496102837466,0.013829234949633331,0.11093809571861837
358,23,70,492.6610906216525,4339.6404706179,508.7065167837801,4522.821433130314,54.0,0.10795065928260948,-0.3687266395134339,0.1077338678064981,-0.3666009822072482,0.013829234949633331,0.11825494880933432
359,68,70,607.5300941255965,4399.875364871049,508.7065167837801,4522.821433130314,54.0,0.10795065928260948,-0.22498622756995795,0.1077338678064981,-0.22208265667317165,0.013829234949633331,0.09541889498841462
360,32,70,334.71484028241383,4482.861045979598,508.7065167837801,4522.821433130314,54.0,0.10795065928260948,-0.34802496291029605,0.1077338678064981,-0.3457760953207519,0.013829234949633331,0.12836980993921476
361,30,70,625.9985091941669,4344.425799606012,508.7065167837801,4522.821433130314,54.0,0.10795065928260948,-0.261417158804526,0.1077338678064981,-0.2567087894763973,0.013829234949633331,0.11819825019318976
362,67,70,614.1933123417826,4407.07660776138,508.7065167837801,4522.821433130314,54.0,0.10795065928260948,-0.23728313978092758,0.1077338678064981,-0.2338871432304766,0.013829234949633331,0.09650381121342176
363,57,70,688.226455777822,4457.521568699916,508.7065167837801,4522.821433130314,54.0,0.10795065928260948,-0.28506819336112443,0.1077338678064981,-0.2801292979151805,0.013829234949633331,0.12342993150872308
364,56,70,677.3923123197425,4458.591690875839,508.7065167837801,4522.821433130314,54.0,0.10795065928260948,-0.26194318406608363,0.1077338678064981,-0.25759846460271546,0.013829234949633331,0.11374025254376884
365,68,71,607.5300941255965,4399.875364871049,531.4531433032308,4535.094421349946,54.0,0.10795065928260948,-0.2190045748291962,0.1077338678064981,-0.2148519050144253,0.013829234949633331,0.09397120202516411
366,67,71,614.1933123417826,4407.07660776138,531.4531433032308,4535.094421349946,54.0,0.10795065928260948,-0.2218178567892524,0.1077338678064981,-0.21745799119214443,0.013829234949633331,0.0929486731923409
367,49,71,663.3163926639071,4436.617662823868,531.4531433032308,4535.094421349946,54.0,0.10795065928260948,-0.24754175366454653,0.1077338678064981,-0.2425853982439507,0.013829234949633331,0.10361700185776157
368,32,71,334.71484028241383,4482.861045979598,531.4531433032308,4535.094421349946,54.0,0.10795065928260948,-0.39263740559262106,0.1077338678064981,-0.3899072025360301,0.013829234949633331,0.14824883606888214
369,23,71,492.6610906216525,4339.6404706179,531.4531433032308,4535.094421349946,54.0,0.10795065928260948,-0.34871724574613655,0.1077338678064981,-0.34557558837623426,0.013829234949633331,0.1248817219539274
370,30,71,625.9985091941669,4344.425799606012,531.4531433032308,4535.094421349946,54.0,0.10795065928260948,-0.2757686256773507,0.1077338678064981,-0.27085461688413753,0.013829234949633331,0.12199338495453109
371,56,71,677.3923123197425,4458.591690875839,531.4531433032308,4535.094421349946,54.0,0.10795065928260948,-0.23699048742885565,0.1077338678064981,-0.23154445781197253,0.013829234949633331,0.10494128794865237
372,59,71,687.7533482500393,4462.8415205037,531.4531433032308,4535.094421349946,54.0,0.10795065928260948,-0.2535135872604874,0.1077338678064981,-0.24701250872451327,0.013829234949633331,0.11377569097325543
373,23,72,492.6610906216525,4339.6404706179,417.5417981826776,4510.920120596271,54.0,0.10795065928260948,-0.36644976653655564,0.1077338678064981,-0.3645585430083964,0.013829234949633331,0.1204734793850765
374,32,72,334.71484028241383,4482.861045979598,417.5417981826776,4510.920120596271,54.0,0.10795065928260948,-0.16415343315180475,0.1077338678064981,-0.16297533498758593,0.013829234949633331,0.060774234913528256
375,67,73,614.1933123417826,4407.07660776138,441.93857113184015,4512.542727438793,54.0,0.10795065928260948,-0.32952329281187315,0.1077338678064981,-0.32631047978187067,0.013829234949633331,0.12979788112118454
376,23,73,492.6610906216525,4339.6404706179,441.93857113184015,4512.542727438793,54.0,0.10795065928260948,-0.36206831819529467,0.1077338678064981,-0.35994022225385514,0.013829234949633331,0.11592593829499487
377,32,73,334.71484028241383,4482.861045979598,441.93857113184015,4512.542727438793,54.0,0.10795065928260948,-0.21100957296321055,0.1077338678064981,-0.20967548456494065,0.013829234949633331,0.07791547572192768
378,30,73,625.9985091941669,4344.425799606012,441.93857113184015,4512.542727438793,54.0,0.10795065928260948,-0.3272649347786756,0.1077338678064981,-0.31819859289328045,0.013829234949633331,0.1407123209141867
379,67,74,614.1933123417826,4407.07660776138,445.0125303850925,4496.766849919227,54.0,0.10795065928260948,-0.30334389530997363,0.1077338678064981,-0.29967819793922096,0.013829234949633331,0.1204357259041178
380,23,74,492.6610906216525,4339.6404706179,445.0125303850925,4496.766849919227,54.0,0.10795065928260948,-0.33111586639701224,0.1077338678064981,-0.329469652152314,0.013829234949633331,0.10392541241574423
381,30,74,625.9985091941669,4344.425799606012,445.0125303850925,4496.766849919227,54.0,0.10795065928260948,-0.29695252754324253,0.1077338678064981,-0.2888011120794122,0.013829234949633331,0.12924026211668968
382,32,74,334.71484028241383,4482.861045979598,445.0125303850925,4496.766849919227,54.0,0.10795065928260948,-0.2116178106568399,0.1077338678064981,-0.21077719643655113,0.013829234949633331,0.07707635996097745
383,23,75,492.6610906216525,4339.6404706179,471.62633083117146,4495.418984338536,54.0,0.10795065928260948,-0.3448981572144346,0.1077338678064981,-0.3444605334588329,0.013829234949633331,0.1022716585933112
384,30,75,625.9985091941669,4344.425799606012,471.62633083117146,4495.418984338536,54.0,0.10795065928260948,-0.26487582654967734,0.1077338678064981,-0.25571406099779326,0.013829234949633331,0.1166410764232829
385,32,75,334.71484028241383,4482.861045979598,471.62633083117146,4495.418984338536,54.0,0.10795065928260948,-0.2616813609204019,0.1077338678064981,-0.2604712464367444,0.013829234949633331,0.09609210360729231
386,49,76,663.3163926639071,4436.617662823868,499.5768344061536,4492.134792576995,54.0,0.10795065928260948,-0.2813129922579928,0.1077338678064981,-0.27776443353054925,0.013829234949633331,0.1076250493702299
387,56,76,677.3923123197425,4458.591690875839,499.5768344061536,4492.134792576995,54.0,0.10795065928260948,-0.2627014211889148,0.1077338678064981,-0.2595327240850706,0.013829234949633331,0.11065774290337012
388,23,76,492.6610906216525,4339.6404706179,499.5768344061536,4492.134792576995,54.0,0.10795065928260948,-0.3385397566790015,0.1077338678064981,-0.33834029281309774,0.013829234949633331,0.09913368066942824
389,30,76,625.9985091941669,4344.425799606012,499.5768344061536,4492.134792576995,54.0,0.10795065928260948,-0.21841426035599548,0.1077338678064981,-0.21035386533066314,0.013829234949633331,0.10230926230173011
390,32,76,334.71484028241383,4482.861045979598,499.5768344061536,4492.134792576995,54.0,0.10795065928260948,-0.31774788971899687,0.1077338678064981,-0.316449687470993,0.013829234949633331,0.11633843752426777
391,67,76,614.1933123417826,4407.07660776138,499.5768344061536,4492.134792576995,54.0,0.10795065928260948,-0.2088560116405035,0.1077338678064981,-0.20689156724447022,0.013829234949633331,0.08665195845367495
392,68,76,607.5300941255965,4399.875364871049,499.5768344061536,4492.134792576995,54.0,0.10795065928260948,-0.19525489424850567,0.1077338678064981,-0.19353541222871162,0.013829234949633331,0.08461761567231217
393,57,76,688.226455777822,4457.521568699916,499.5768344061536,4492.134792576995,54.0,0.10795065928260948,-0.2866850403163055,0.1077338678064981,-0.283091928119122,0.013829234949633331,0.12020169076864556
394,68,77,607.5300941255965,4399.875364871049,513.0918490821646,4492.656885412151,54.0,0.10795065928260948,-0.1799841424375619,0.1077338678064981,-0.1783427126818566,0.013829234949633331,0.07793866596246639
395,57,77,688.226455777822,4457.521568699916,513.0918490821646,4492.656885412151,54.0,0.10795065928260948,-0.26350043629494607,0.1077338678064981,-0.26000861308645323,0.013829234949633331,0.11096373895142665
396,34,77,645.8872104090177,4370.307858894735,513.0918490821646,4492.656885412151,54.0,0.10795065928260948,-0.2630498947125668,0.1077338678064981,-0.26068921432273107,0.013829234949633331,0.10693670453170169
397,49,77,663.3163926639071,4436.617662823868,513.0918490821646,4492.656885412151,54.0,0.10795065928260948,-0.25694189506975146,0.1077338678064981,-0.25361063678704276,0.013829234949633331,0.09839654412134081
398,32,77,334.71484028241383,4482.861045979598,513.0918490821646,4492.656885412151,54.0,0.10795065928260948,-0.3393250987757187,0.1077338678064981,-0.33786961704845403,0.013829234949633331,0.12582116435361068
399,30,77,625.9985091941669,4344.425799606012,513.0918490821646,4492.656885412151,54.0,0.10795065928260948,-0.2093235380335372,0.1077338678064981,-0.20372003622217683,0.013829234949633331,0.09811016791225259
400,56,77,677.3923123197425,4458.591690875839,513.0918490821646,4492.656885412151,54.0,0.10795065928260948,-0.23952187178725676,0.1077338678064981,-0.23644109034018343,0.013829234949633331,0.10140902819230847
401,23,77,492.6610906216525,4339.6404706179,513.0918490821646,4492.656885412151,54.0,0.10795065928260948,-0.2977383142888674,0.1077338678064981,-0.29608517861751,0.013829234949633331,0.0953594680953787
402,67,77,614.1933123417826,4407.07660776138,513.0918490821646,4492.656885412151,54.0,0.10795065928260948,-0.19306479793027773,0.1077338678064981,-0.1909704605823896,0.013829234949633331,0.07948371658006453
403,69,77,685.3230867940251,4391.141433827922,513.0918490821646,4492.656885412151,54.0,0.10795065928260948,-0.3752406093121165,0.1077338678064981,-0.36982598561761276,0.013829234949633331,0.13259785406880636
404,68,78,607.5300941255965,4399.875364871049,537.6705968009035,4492.163362940774,54.0,0.10795065928260948,-0.1618451687012621,0.1077338678064981,-0.15977467679809268,0.013829234949633331,0.06760699616375856
405,57,78,688.226455777822,4457.521568699916,537.6705968009035,4492.163362940774,54.0,0.10795065928260948,-0.22823924230883114,0.1077338678064981,-0.22521580792248908,0.013829234949633331,0.09574387859835215
406,56,78,677.3923123197425,4458.591690875839,537.6705968009035,4492.163362940774,54.0,0.10795065928260948,-0.20422813788590996,0.1077338678064981,-0.20158902908290785,0.013829234949633331,0.08617677977985025
407,32,78,334.71484028241383,4482.861045979598,537.6705968009035,4492.163362940774,54.0,0.10795065928260948,-0.3729527971275329,0.1077338678064981,-0.3710905371944412,0.013829234949633331,0.1414442562956729
408,69,78,685.3230867940251,4391.141433827922,537.6705968009035,4492.163362940774,54.0,0.10795065928260948,-0.3407167298300545,0.1077338678064981,-0.33556783499915566,0.013829234949633331,0.11806652327316944
409,59,78,687.7533482500393,4462.8415205037,537.6705968009035,4492.163362940774,54.0,0.10795065928260948,-0.2231280954718711,0.1077338678064981,-0.22021276269382997,0.013829234949633331,0.09497102940822326
410,67,78,614.1933123417826,4407.07660776138,537.6705968009035,4492.163362940774,54.0,0.10795065928260948,-0.17244127159233275,0.1077338678064981,-0.17003443833861637,0.013829234949633331,0.06828848601728
411,34,78,645.8872104090177,4370.307858894735,537.6705968009035,4492.163362940774,54.0,0.10795065928260948,-0.2560747106224176,0.1077338678064981,-0.25307073081521725,0.013829234949633331,0.09757189857921725
412,23,78,492.6610906216525,4339.6404706179,537.6705968009035,4492.163362940774,54.0,0.10795065928260948,-0.25401653452456796,0.1077338678064981,-0.2526554301856731,0.013829234949633331,0.09160258313213537
413,49,78,663.3163926639071,4436.617662823868,537.6705968009035,4492.163362940774,54.0,0.10795065928260948,-0.2191145982334342,0.1077338678064981,-0.21628215331444858,0.013829234949633331,0.08326426385771846
414,30,78,625.9985091941669,4344.425799606012,537.6705968009035,4492.163362940774,54.0,0.10795065928260948,-0.20372877307937007,0.1077338678064981,-0.20025063314301664,0.013829234949633331,0.09187983221344495
415,23,79,492.6610906216525,4339.6404706179,438.40901748778265,4488.9257188186375,54.0,0.10795065928260948,-0.31869282850273545,0.1077338678064981,-0.3172676103156862,0.013829234949633331,0.10041149642898982
416,30,79,625.9985091941669,4344.425799606012,438.40901748778265,4488.9257188186375,54.0,0.10795065928260948,-0.2922178581521054,0.1077338678064981,-0.283973692051544,0.013829234949633331,0.1271285650294771
417,32,79,334.71484028241383,4482.861045979598,438.40901748778265,4488.9257188186375,54.0,0.10795065928260948,-0.19878031693646245,0.1077338678064981,-0.1981775227956399,0.013829234949633331,0.0721604832686952
418,67,79,614.1933123417826,4407.07660776138,438.40901748778265,4488.9257188186375,54.0,0.10795065928260948,-0.29996553218622635,0.1077338678064981,-0.2957951897720565,0.013829234949633331,0.12062545409781322
419,23,80,492.6610906216525,4339.6404706179,462.4116040953599,4481.584286994828,54.0,0.10795065928260948,-0.30925336338695264,0.1077338678064981,-0.3077791250353824,0.013829234949633331,0.09231328145572662
420,67,80,614.1933123417826,4407.07660776138,462.4116040953599,4481.584286994828,54.0,0.10795065928260948,-0.25802028543117356,0.1077338678064981,-0.25440941847225756,0.013829234949633331,0.10392715726968457
421,30,80,625.9985091941669,4344.425799606012,462.4116040953599,4481.584286994828,54.0,0.10795065928260948,-0.25308103459071196,0.1077338678064981,-0.24532662714735506,0.013829234949633331,0.11261442139641442
422,32,80,334.71484028241383,4482.861045979598,462.4116040953599,4481.584286994828,54.0,0.10795065928260948,-0.24274080038708923,0.1077338678064981,-0.2416190616434832,0.013829234949633331,0.08893592347596857
423,67,81,614.1933123417826,4407.07660776138,507.8253002981468,4479.085241861512,54.0,0.10795065928260948,-0.18632521050494508,0.1077338678064981,-0.1844063587666721,0.013829234949633331,0.07628380623599018
424,32,81,334.71484028241383,4482.861045979598,507.8253002981468,4479.085241861512,54.0,0.10795065928260948,-0.33056438819988526,0.1077338678064981,-0.329173552474577,0.013829234949633331,0.12197333404773973
425,68,81,607.5300941255965,4399.875364871049,507.8253002981468,4479.085241861512,54.0,0.10795065928260948,-0.17142998022469122,0.1077338678064981,-0.16940022449124112,0.013829234949633331,0.07406111411180197
426,69,81,685.3230867940251,4391.141433827922,507.8253002981468,4479.085241861512,54.0,0.10795065928260948,-0.37543511140378605,0.1077338678064981,-0.37022847629466576,0.013829234949633331,0.13156456676640055
427,23,81,492.6610906216525,4339.6404706179,507.8253002981468,4479.085241861512,54.0,0.10795065928260948,-0.28475138039755993,0.1077338678064981,-0.2832846808135857,0.013829234949633331,0.08626552814387589
428,49,81,663.3163926639071,4436.617662823868,507.8253002981468,4479.085241861512,54.0,0.10795065928260948,-0.2704653482485663,0.1077338678064981,-0.2669171091660524,0.013829234949633331,0.09933169536446874
429,34,81,645.8872104090177,4370.307858894735,507.8253002981468,4479.085241861512,54.0,0.10795065928260948,-0.24444709597424663,0.1077338678064981,-0.24197913945976213,0.013829234949633331,0.10188673671395165
430,56,81,677.3923123197425,4458.591690875839,507.8253002981468,4479.085241861512,54.0,0.10795065928260948,-0.2535170722690836,0.1077338678064981,-0.25047318483859854,0.013829234949633331,0.10377756539723342
431,59,81,687.7533482500393,4462.8415205037,507.8253002981468,4479.085241861512,54.0,0.10795065928260948,-0.2760909014724124,0.1077338678064981,-0.27269108775656764,0.013829234949633331,0.11273711069330067
432,30,81,625.9985091941669,4344.425799606012,507.8253002981468,4479.085241861512,54.0,0.10795065928260948,-0.1933373672893278,0.1077338678064981,-0.18497020318569457,0.013829234949633331,0.09136862575809428
433,57,81,688.226455777822,4457.521568699916,507.8253002981468,4479.085241861512,54.0,0.10795065928260948,-0.2781226256673311,0.1077338678064981,-0.27467600709829715,0.013829234949633331,0.11330533326576188
434,67,82,614.1933123417826,4407.07660776138,528.6107835631166,4477.670618395726,54.0,0.10795065928260948,-0.16111962844020725,0.1077338678064981,-0.15938668608612155,0.013829234949633331,0.06514740648504933
435,32,82,334.71484028241383,4482.861045979598,528.6107835631166,4477.670618395726,54.0,0.10795065928260948,-0.36203238865416604,0.1077338678064981,-0.3603609813487009,0.013829234949633331,0.13610810048169866
436,59,82,687.7533482500393,4462.8415205037,528.6107835631166,4477.670618395726,54.0,0.10795065928260948,-0.24408192928775446,0.1077338678064981,-0.24098126024043556,0.013829234949633331,0.09852333837746241
437,68,82,607.5300941255965,4399.875364871049,528.6107835631166,4477.670618395726,54.0,0.10795065928260948,-0.14827405313533062,0.1077338678064981,-0.1469227500675671,0.013829234949633331,0.06359119921615027
438,34,82,645.8872104090177,4370.307858894735,528.6107835631166,4477.670618395726,54.0,0.10795065928260948,-0.23044198979814795,0.1077338678064981,-0.2284152057606818,0.013829234949633331,0.09238979803206182
439,30,82,625.9985091941669,4344.425799606012,528.6107835631166,4477.670618395726,54.0,0.10795065928260948,-0.17996344864022276,0.1077338678064981,-0.1753068750048215,0.013829234949633331,0.08424606148321939
440,57,82,688.226455777822,4457.521568699916,528.6107835631166,4477.670618395726,54.0,0.10795065928260948,-0.24668226045726746,0.1077338678064981,-0.24352228634492354,0.013829234949633331,0.09930505778246158
441,56,82,677.3923123197425,4458.591690875839,528.6107835631166,4477.670618395726,54.0,0.10795065928260948,-0.2220972745429566,0.1077338678064981,-0.2193398135561306,0.013829234949633331,0.08978557486268067
442,23,82,492.6610906216525,4339.6404706179,528.6107835631166,4477.670618395726,54.0,0.10795065928260948,-0.24591019437853578,0.1077338678064981,-0.24463159556253927,0.013829234949633331,0.08360736795827879
443,49,82,663.3163926639071,4436.617662823868,528.6107835631166,4477.670618395726,54.0,0.10795065928260948,-0.23592885304681563,0.1077338678064981,-0.2327596421180949,0.013829234949633331,0.08575905716390997
444,67,83,614.1933123417826,4407.07660776138,501.2323511637488,4460.633465574921,54.0,0.10795065928260948,-0.173688172823626,0.1077338678064981,-0.17059242117181278,0.013829234949633331,0.0727503912387701
445,68,83,607.5300941255965,4399.875364871049,501.2323511637488,4460.633465574921,54.0,0.10795065928260948,-0.15888447503137,0.1077338678064981,-0.15512942316940304,0.013829234949633331,0.06978406824435138
446,34,83,645.8872104090177,4370.307858894735,501.2323511637488,4460.633465574921,54.0,0.10795065928260948,-0.21674482490273678,0.1077338678064981,-0.21216867619688962,0.013829234949633331,0.09526527819555347
447,32,83,334.71484028241383,4482.861045979598,501.2323511637488,4460.633465574921,54.0,0.10795065928260948,-0.3131446900068376,0.1077338678064981,-0.31118182717661497,0.013829234949633331,0.11495300382423758
448,57,83,688.226455777822,4457.521568699916,501.2323511637488,4460.633465574921,54.0,0.10795065928260948,-0.288298019777048,0.1077338678064981,-0.28394705515129615,0.013829234949633331,0.11547472253887754
449,56,83,677.3923123197425,4458.591690875839,501.2323511637488,4460.633465574921,54.0,0.10795065928260948,-0.2638050204732392,0.1077338678064981,-0.2598545784645332,0.013829234949633331,0.10599420044100516
450,23,83,492.6610906216525,4339.6404706179,501.2323511637488,4460.633465574921,54.0,0.10795065928260948,-0.2718386478837209,0.1077338678064981,-0.2713837634520172,0.013829234949633331,0.07571779557438345
451,30,83,625.9985091941669,4344.425799606012,501.2323511637488,4460.633465574921,54.0,0.10795065928260948,-0.1750742600761933,0.1077338678064981,-0.16676773110381932,0.013829234949633331,0.08368753099735335
452,16,83,513.1636048475955,4263.301540421994,501.2323511637488,4460.633465574921,54.0,0.10795065928260948,-0.2943246642858046,0.1077338678064981,-0.29203813308298615,0.013829234949633331,0.11225742556853516
453,49,83,663.3163926639071,4436.617662823868,501.2323511637488,4460.633465574921,54.0,0.10795065928260948,-0.302674888536023,0.1077338678064981,-0.2987201045157859,0.013829234949633331,0.10205705203296374
454,59,83,687.7533482500393,4462.8415205037,501.2323511637488,4460.633465574921,54.0,0.10795065928260948,-0.2873837802112253,0.1077338678064981,-0.2830479614621681,0.013829234949633331,0.11512293853149219
455,10,84,331.5278665142546,3788.394860859632,438.2680378591523,3890.741886506603,54.0,0.10795065928260948,-0.39537059233661376,0.1077338678064981,-0.391988231233111,0.013829234949633331,0.13046118470449442
456,44,84,482.2902751987267,4093.226876078621,438.2680378591523,3890.741886506603,54.0,0.10795065928260948,-0.38220930037247064,0.1077338678064981,-0.37856192027366997,0.013829234949633331,0.13195917793851264
457,13,84,350.3727630331359,3756.461999998863,438.2680378591523,3890.741886506603,54.0,0.10795065928260948,-0.4154209116487258,0.1077338678064981,-0.4101108664088887,0.013829234949633331,0.1503804477411048
458,39,84,491.6009153175041,3965.873607703836,438.2680378591523,3890.741886506603,54.0,0.10795065928260948,-0.19394108232141596,0.1077338678064981,-0.19124111633828275,0.013829234949633331,0.07236323434961307
459,5,85,328.01618259779593,3866.898866582476,399.3173244151503,3863.428141230935,54.0,0.10795065928260948,-0.18930488633521725,0.1077338678064981,-0.1884221544585689,0.013829234949633331,0.05665017073569775
460,12,85,339.7794838460253,3807.442051326752,399.3173244151503,3863.428141230935,54.0,0.10795065928260948,-0.22478533721998145,0.1077338678064981,-0.2232915925761404,0.013829234949633331,0.06980613804561248
461,25,85,278.7601371768536,3840.6549618706185,399.3173244151503,3863.428141230935,54.0,0.10795065928260948,-0.3090824273727986,0.1077338678064981,-0.3066345310382362,0.013829234949633331,0.0944656285079136
462,38,85,292.2609771757026,3909.816818957042,399.3173244151503,3863.428141230935,54.0,0.10795065928260948,-0.2622353660318314,0.1077338678064981,-0.26127007128541324,0.013829234949633331,0.0841874315579996
463,13,85,350.3727630331359,3756.461999998863,399.3173244151503,3863.428141230935,54.0,0.10795065928260948,-0.31310364742526436,0.1077338678064981,-0.30980672290871214,0.013829234949633331,0.10739568248591974
464,66,86,493.8518825171933,3956.000689079267,483.9940430056478,3954.482440948912,54.0,0.10795065928260948,-0.022416964662823273,0.1077338678064981,-0.02168227938047506,0.013829234949633331,0.010909470070417102
465,19,86,309.4846467710166,4112.556925703692,483.9940430056478,3954.482440948912,54.0,0.10795065928260948,-0.40224566167053644,0.1077338678064981,-0.4006328947323451,0.013829234949633331,0.140864880592327
466,36,86,587.79522063936,3965.30735379632,483.9940430056478,3954.482440948912,54.0,0.10795065928260948,-0.1827455065370402,0.1077338678064981,-0.18048802327200097,0.013829234949633331,0.08136210486161281
467,44,86,482.2902751987267,4093.226876078621,483.9940430056478,3954.482440948912,54.0,0.10795065928260948,-0.24303260813091887,0.1077338678064981,-0.23943320723207018,0.013829234949633331,0.0829691267378256
468,48,86,542.8497150079456,3957.433060143872,483.9940430056478,3954.482440948912,54.0,0.10795065928260948,-0.09545167054580893,0.1077338678064981,-0.09338772689349956,0.013829234949633331,0.0436389638257878
469,41,86,461.8106926932424,4070.996636995212,483.9940430056478,3954.482440948912,54.0,0.10795065928260948,-0.13569718281320275,0.1077338678064981,-0.1319876573114273,0.013829234949633331,0.06157986064175511
470,39,86,491.6009153175041,3965.873607703836,483.9940430056478,3954.482440948912,54.0,0.10795065928260948,-0.021008176375362685,0.1077338678064981,-0.02031966219763589,0.013829234949633331,0.010223867274107488
471,62,86,438.3970135664206,3912.290557700556,483.9940430056478,3954.482440948912,54.0,0.10795065928260948,-0.1432158969911738,0.1077338678064981,-0.14174841635710822,0.013829234949633331,0.05107069777755123
472,44,87,482.2902751987267,4093.226876078621,405.70298123725416,3888.881550381844,54.0,0.10795065928260948,-0.4198870768602595,0.1077338678064981,-0.4185797251652561,0.013829234949633331,0.14150940251439575
473,38,87,292.2609771757026,3909.816818957042,405.70298123725416,3888.881550381844,54.0,0.10795065928260948,-0.2450349341145877,0.1077338678064981,-0.2436482949139949,0.013829234949633331,0.08174134907130781
474,66,87,493.8518825171933,3956.000689079267,405.70298123725416,3888.881550381844,54.0,0.10795065928260948,-0.2511482351418927,0.1077338678064981,-0.24872646150763764,0.013829234949633331,0.08832223711247467
475,62,87,438.3970135664206,3912.290557700556,405.70298123725416,3888.881550381844,54.0,0.10795065928260948,-0.11502939578735641,0.1077338678064981,-0.11419983363782545,0.013829234949633331,0.03791732315760408
476,25,87,278.7601371768536,3840.6549618706185,405.70298123725416,3888.881550381844,54.0,0.10795065928260948,-0.33843138388278987,0.1077338678064981,-0.33667912423931146,0.013829234949633331,0.10137878477604641
477,63,87,316.49031405012005,3929.154743051912,405.70298123725416,3888.881550381844,54.0,0.10795065928260948,-0.2200488990207843,0.1077338678064981,-0.21845851878563965,0.013829234949633331,0.07230979524743235
478,66,88,493.8518825171933,3956.000689079267,439.8810999468909,3892.2504618222415,54.0,0.10795065928260948,-0.18365919656133992,0.1077338678064981,-0.18109239212786757,0.013829234949633331,0.06864605974080555
479,62,88,438.3970135664206,3912.290557700556,439.8810999468909,3892.2504618222415,54.0,0.10795065928260948,-0.07485200462563493,0.1077338678064981,-0.07419612555082705,0.013829234949633331,0.02533733260763664
480,44,88,482.2902751987267,4093.226876078621,439.8810999468909,3892.2504618222415,54.0,0.10795065928260948,-0.37805867143690813,0.1077338678064981,-0.3743940937288765,0.013829234949633331,0.13061016250824023
481,44,89,482.2902751987267,4093.226876078621,417.93323151559457,3883.194833483968,54.0,0.10795065928260948,-0.41910327494575195,0.1077338678064981,-0.4162642748446133,0.013829234949633331,0.14173198984402094
482,14,90,-191.8510249122208,3920.732064928668,-211.8566308583572,3780.2278417033567,54.0,0.10795065928260948,-0.17840189628847872,0.1077338678064981,-0.17472667650507706,0.013829234949633331,0.08374261903802666
483,14,91,-191.8510249122208,3920.732064928668,-232.50749778238068,3782.3671187936193,54.0,0.10795065928260948,-0.20953798244701116,0.1077338678064981,-0.20630277859141888,0.013829234949633331,0.08825082452044096
484,3,91,-366.6419945922364,3850.319998086217,-232.50749778238068,3782.3671187936193,54.0,0.10795065928260948,-0.2531705965443056,0.1077338678064981,-0.24995185879136833,0.013829234949633331,0.10711938660294545
485,14,92,-191.8510249122208,3920.732064928668,-249.434903675779,3769.226507874873,54.0,0.10795065928260948,-0.24621162325575505,0.1077338678064981,-0.24317654722497875,0.013829234949633331,0.10201067354392912
486,14,93,-191.8510249122208,3920.732064928668,-242.0482437829181,3751.134167359726,54.0,0.10795065928260948,-0.258697782534275,0.1077338678064981,-0.25517084485271657,0.013829234949633331,0.11219403771092763
487,14,94,-191.8510249122208,3920.732064928668,-266.50826610237664,3773.10118133424,54.0,0.10795065928260948,-0.2648491970693429,0.1077338678064981,-0.26130750487203364,0.013829234949633331,0.10669044711754157
488,3,94,-366.6419945922364,3850.319998086217,-266.50826610237664,3773.10118133424,54.0,0.10795065928260948,-0.22489237223142508,0.1077338678064981,-0.222116842030421,0.013829234949633331,0.09310358754200863
489,14,95,-191.8510249122208,3920.732064928668,-261.851117436295,3751.731866216136,54.0,0.10795065928260948,-0.2849514853830244,0.1077338678064981,-0.2809065461480264,0.013829234949633331,0.11851405051302653
490,14,96,-191.8510249122208,3920.732064928668,-273.54552490604937,3732.368951402428,54.0,0.10795065928260948,-0.32518810470900844,0.1077338678064981,-0.3200128023357324,0.013829234949633331,0.13659145718879767
491,14,97,-191.8510249122208,3920.732064928668,-286.40547055304944,3707.690202627389,54.0,0.10795065928260948,-0.3790438327134973,0.1077338678064981,-0.3726374737412605,0.013829234949633331,0.160837996244159
492,0,98,-365.9515667162114,3575.364210182562,-295.27916453833205,3677.430347998145,54.0,0.10795065928260948,-0.2731318154921998,0.1077338678064981,-0.2679481374227602,0.013829234949633331,0.11255872613309126
493,14,99,-191.8510249122208,3920.732064928668,-180.1634550721395,3777.199243510129,54.0,0.10795065928260948,-0.15346741066132064,0.1077338678064981,-0.14724175243206009,0.013829234949633331,0.0820339919695359
494,14,100,-191.8510249122208,3920.732064928668,-234.43386839926305,3779.796387654249,54.0,0.10795065928260948,-0.21519131488811344,0.1077338678064981,-0.21192798903925,0.013829234949633331,0.0904430147306255
495,14,101,-191.8510249122208,3920.732064928668,-260.50809694938306,3760.451821500796,54.0,0.10795065928260948,-0.27265624526153553,0.1077338678064981,-0.26895674866435715,0.013829234949633331,0.11229469429475364
496,14,102,-191.8510249122208,3920.732064928668,-264.3272909714222,3718.592099740594,54.0,0.10795065928260948,-0.3319159235433938,0.1077338678064981,-0.3264648551004234,0.013829234949633331,0.143375987851588
497,14,103,-191.8510249122208,3920.732064928668,-267.51083232093475,3737.598467303164,54.0,0.10795065928260948,-0.31053785430139047,0.1077338678064981,-0.3057465041663378,0.013829234949633331,0.13047213849789926
498,14,104,-191.8510249122208,3920.732064928668,-243.5468369526614,3739.808061808414,54.0,0.10795065928260948,-0.2755154254415693,0.1077338678064981,-0.2714144378812468,0.013829234949633331,0.12083180154644085
499,46,105,-260.0556528336838,3915.584287356416,-232.63202339448617,3812.066692082,54.0,0.10795065928260948,-0.18732095036045435,0.1077338678064981,-0.18576163163319845,0.013829234949633331,0.07022763199450972
500,9,106,9.936533141897351,4088.226647492491,64.52109444086341,4019.163586406923,54.0,0.10795065928260948,-0.20603466268175985,0.1077338678064981,-0.20506646651133567,0.013829234949633331,0.06297032832835397
501,9,107,9.936533141897351,4088.226647492491,50.64002016635105,3999.750500246569,54.0,0.10795065928260948,-0.2559464298179418,0.1077338678064981,-0.2545802660629966,0.013829234949633331,0.07256959356352172
502,9,108,9.936533141897351,4088.226647492491,64.39756801276334,3984.373306734942,54.0,0.10795065928260948,-0.3111183914205854,0.1077338678064981,-0.3095593766307912,0.013829234949633331,0.08845691732974297
503,9,109,9.936533141897351,4088.226647492491,65.97166449095862,3969.425317258588,54.0,0.10795065928260948,-0.3563038368192013,0.1077338678064981,-0.35479465835134644,0.013829234949633331,0.1010696577718942
504,9,110,9.936533141897351,4088.226647492491,109.02350281496352,3982.61103169607,54.0,0.10795065928260948,-0.3585902931665259,0.1077338678064981,-0.35710947605899496,0.013829234949633331,0.10519091285265417
505,25,110,264.330530090726,3842.899620060988,109.02350281496352,3982.61103169607,54.0,0.10795065928260948,-0.29298613129877515,0.1077338678064981,-0.2850784142554699,0.013829234949633331,0.12273504379603595
506,28,110,181.0656949265822,4007.0767963031503,109.02350281496352,3982.61103169607,54.0,0.10795065928260948,-0.16694016780891432,0.1077338678064981,-0.16507428007781508,0.013829234949633331,0.05173590456434151
507,21,111,103.34699834515416,4117.964937310308,82.325137979417,4004.513518976007,54.0,0.10795065928260948,-0.2038084207585658,0.1077338678064981,-0.20071305273422396,0.013829234949633331,0.07096944032874311
508,9,111,9.936533141897351,4088.226647492491,82.325137979417,4004.513518976007,54.0,0.10795065928260948,-0.2676547514547269,0.1077338678064981,-0.2667079240401057,0.013829234949633331,0.07970894545964202
509,14,112,-191.2861040228232,3920.912450661129,53.90910149208794,3989.530166634408,54.0,0.10795065928260948,-0.6430083143004105,0.1077338678064981,-0.6382185694231045,0.013829234949633331,0.1959485024402311
510,9,112,9.936533141897351,4088.226647492491,53.90910149208794,3989.530166634408,54.0,0.10795065928260948,-0.2894105236498118,0.1077338678064981,-0.28799726243496826,0.013829234949633331,0.08159512068413455
511,9,113,9.936533141897351,4088.226647492491,111.96084943887492,3986.0180498356895,54.0,0.10795065928260948,-0.35275412182443444,0.1077338678064981,-0.3514258009507174,0.013829234949633331,0.10393274172746608
512,21,113,103.34699834515416,4117.964937310308,111.96084943887492,3986.0180498356895,54.0,0.10795065928260948,-0.2350815099530586,0.1077338678064981,-0.23161968276991984,0.013829234949633331,0.08221950856280139
513,14,114,-191.2861040228232,3920.912450661129,34.82625588277541,3947.134417683412,54.0,0.10795065928260948,-0.48843156771647306,0.1077338678064981,-0.4867452457634338,0.013829234949633331,0.16568117060424575
514,21,114,103.34699834515416,4117.964937310308,34.82625588277541,3947.134417683412,54.0,0.10795065928260948,-0.40966406773252884,0.1077338678064981,-0.4067511116766855,0.013829234949633331,0.12936326998907985
515,9,114,9.936533141897351,4088.226647492491,34.82625588277541,3947.134417683412,54.0,0.10795065928260948,-0.4139744199009187,0.1077338678064981,-0.41320148981150373,0.013829234949633331,0.1167367546900394
516,9,115,9.936533141897351,4088.226647492491,49.8779388519763,3955.3007840830455,54.0,0.10795065928260948,-0.39246462300077234,0.1077338678064981,-0.3916358618634503,0.013829234949633331,0.11034624865015029
517,14,115,-191.2861040228232,3920.912450661129,49.8779388519763,3955.3007840830455,54.0,0.10795065928260948,-0.5497975946288012,0.1077338678064981,-0.5486999723468098,0.013829234949633331,0.18191420804250924
518,21,115,103.34699834515416,4117.964937310308,49.8779388519763,3955.3007840830455,54.0,0.10795065928260948,-0.3683004214308109,0.1077338678064981,-0.36466153592343764,0.013829234949633331,0.11799267842551613
519,21,116,103.34699834515416,4117.964937310308,-0.5652269469219027,3941.476215702092,54.0,0.10795065928260948,-0.47570509900632946,0.1077338678064981,-0.47240918196983445,0.013829234949633331,0.14494403898859964
520,9,116,9.936533141897351,4088.226647492491,-0.5652269469219027,3941.476215702092,54.0,0.10795065928260948,-0.4333721315437162,0.1077338678064981,-0.431866628711528,0.013829234949633331,0.11875942553659938
521,14,116,-191.2861040228232,3920.912450661129,-0.5652269469219027,3941.476215702092,54.0,0.10795065928260948,-0.3946561401598208,0.1077338678064981,-0.3922168222214122,0.013829234949633331,0.13541513725337073
522,18,117,55.99463969610678,3684.4657106501672,21.2636292335316,3936.559139808564,54.0,0.10795065928260948,-0.3064257713072211,0.1077338678064981,-0.2961287918958516,0.013829234949633331,0.1494632545633506
523,21,117,103.34699834515416,4117.964937310308,21.2636292335316,3936.559139808564,54.0,0.10795065928260948,-0.4510460717013726,0.1077338678064981,-0.44840976922402037,0.013829234949633331,0.14165661501925264
524,9,117,9.936533141897351,4088.226647492491,21.2636292335316,3936.559139808564,54.0,0.10795065928260948,-0.4456815831809605,0.1077338678064981,-0.4446054594502675,0.013829234949633331,0.12297190974951505
525,14,117,-191.2861040228232,3920.912450661129,21.2636292335316,3936.559139808564,54.0,0.10795065928260948,-0.442625226825953,0.1077338678064981,-0.44013495095784644,0.013829234949633331,0.15118332702415951
526,3,118,-366.6419945922364,3850.319998086217,-472.7063867237094,3794.624663755236,54.0,0.10795065928260948,-0.2067881132935305,0.1077338678064981,-0.2037921602154208,0.013829234949633331,0.09348126219842877
527,3,119,-366.6419945922364,3850.319998086217,-454.57744224532297,3790.9468804560206,54.0,0.10795065928260948,-0.18199576330609976,0.1077338678064981,-0.17933697968186865,0.013829234949633331,0.08076573245831722
528,14,120,-191.8510249122208,3920.732064928668,-436.2546998600079,3789.799142470708,54.0,0.10795065928260948,-0.4573356232340681,0.1077338678064981,-0.4512542271380214,0.013829234949633331,0.18515266723682944
529,14,121,-191.8510249122208,3920.732064928668,-428.38160283911657,3794.933062201984,54.0,0.10795065928260948,-0.43913520612250095,0.1077338678064981,-0.4332132036783852,0.013829234949633331,0.17786293935165473
530,20,121,-491.6557639897821,3775.103401039669,-428.38160283911657,3794.933062201984,54.0,0.10795065928260948,-0.12471687670994408,0.1077338678064981,-0.1236892035413707,0.013829234949633331,0.0529567100490172
531,20,122,-491.6557639897821,3775.103401039669,-472.0782964220537,3762.796794072937,54.0,0.10795065928260948,-0.039898220175151135,0.1077338678064981,-0.03920183223098769,0.013829234949633331,0.016827752466523405
532,20,123,-491.6557639897821,3775.103401039669,-453.95203478698,3759.8842648612144,54.0,0.10795065928260948,-0.07049819263815696,0.1077338678064981,-0.06931562665032648,0.013829234949633331,0.030057988384887553
533,20,124,-491.6557639897821,3775.103401039669,-435.0261385222271,3755.544747653654,54.0,0.10795065928260948,-0.10548771098345947,0.1077338678064981,-0.1037345866097875,0.013829234949633331,0.04492233278795805
534,20,125,-491.6557639897821,3775.103401039669,-417.1161916408624,3760.9208472899154,54.0,0.10795065928260948,-0.13572225670607999,0.1077338678064981,-0.1336108457517613,0.013829234949633331,0.05738760797162654
535,20,126,-491.6557639897821,3775.103401039669,-447.1102371639245,3749.537456281792,54.0,0.10795065928260948,-0.08920283969516755,0.1077338678064981,-0.08772616907771967,0.013829234949633331,0.038127688653046776
536,20,127,-491.6557639897821,3775.103401039669,-469.39782637970393,3795.140930301476,54.0,0.10795065928260948,-0.056820153011931857,0.1077338678064981,-0.056122677544101295,0.013829234949633331,0.024543532873162334
537,20,128,-491.6557639897821,3775.103401039669,-450.1291765078887,3729.97633086938,54.0,0.10795065928260948,-0.09972726021840578,0.1077338678064981,-0.09757068060711006,0.013829234949633331,0.04488450211347034
538,44,129,472.0029937650396,4104.126300266757,492.9214799806672,4183.062189969636,54.0,0.10795065928260948,-0.041447274623601996,0.1077338678064981,-0.036851833433228405,0.013829234949633331,0.028102703588089042
539,60,129,462.2337953932308,4065.780960132662,492.9214799806672,4183.062189969636,54.0,0.10795065928260948,-0.10841031930213522,0.1077338678064981,-0.10319794239450736,0.013829234949633331,0.04879877461076308
540,35,129,583.2192292927565,4207.570440686977,492.9214799806672,4183.062189969636,54.0,0.10795065928260948,-0.15518295843784755,0.1077338678064981,-0.15446185503163784,0.013829234949633331,0.05425765661351222
541,24,129,476.8845411410292,4318.364085281663,492.9214799806672,4183.062189969636,54.0,0.10795065928260948,-0.1454800748326296,0.1077338678064981,-0.1412133678644783,0.013829234949633331,0.06242474669717971
542,41,129,461.8106926932424,4070.996636995212,492.9214799806672,4183.062189969636,54.0,0.10795065928260948,-0.09334221480616064,0.1077338678064981,-0.08777635891190536,0.013829234949633331,0.04443154782917518
543,27,129,413.6607163277177,4126.933692479007,492.9214799806672,4183.062189969636,54.0,0.10795065928260948,-0.07328044515294982,0.1077338678064981,-0.06796640187294714,0.013829234949633331,0.03956348571840292
544,23,129,485.3312407692456,4298.036308618457,492.9214799806672,4183.062189969636,54.0,0.10795065928260948,-0.09879396984128669,0.1077338678064981,-0.09414709310199504,0.013829234949633331,0.04920510131429117
545,43,129,630.0947010611478,4141.259609929846,492.9214799806672,4183.062189969636,54.0,0.10795065928260948,-0.2730392708459267,0.1077338678064981,-0.2715617091917863,0.013829234949633331,0.088649168336442
546,29,129,679.1344462972443,4226.875249913833,492.9214799806672,4183.062189969636,54.0,0.10795065928260948,-0.3118085244077786,0.1077338678064981,-0.30890875073478963,0.013829234949633331,0.11711680197950829
547,37,129,628.569594659982,4182.409690156388,492.9214799806672,4183.062189969636,54.0,0.10795065928260948,-0.2283708380493484,0.1077338678064981,-0.22594652784066344,0.013829234949633331,0.08033234809568017
548,31,129,286.22286085268047,4096.016113555928,492.9214799806672,4183.062189969636,54.0,0.10795065928260948,-0.2961003481182845,0.1077338678064981,-0.29024324513117694,0.013829234949633331,0.11735724942173734
549,61,129,463.203498736656,4062.892527800171,492.9214799806672,4183.062189969636,54.0,0.10795065928260948,-0.11808113713570627,0.1077338678064981,-0.11319865965723576,0.013829234949633331,0.05161422458412403
550,45,129,517.3116391169647,4113.7490927459785,492.9214799806672,4183.062189969636,54.0,0.10795065928260948,-0.10425955325398975,0.1077338678064981,-0.10203440843321526,0.013829234949633331,0.04012022333129218
551,30,129,625.9985091941669,4344.425799606012,492.9214799806672,4183.062189969636,54.0,0.10795065928260948,-0.4777785177087849,0.1077338678064981,-0.4739932096794717,0.013829234949633331,0.12583679098927297
552,60,130,462.2337953932308,4065.780960132662,464.921538708197,4188.681460967267,54.0,0.10795065928260948,-0.08953294500023629,0.1077338678064981,-0.08328526006484438,0.013829234949633331,0.04102663444686852
553,37,130,628.569594659982,4182.409690156388,464.921538708197,4188.681460967267,54.0,0.10795065928260948,-0.2388309616603214,0.1077338678064981,-0.23442529038024257,0.013829234949633331,0.08870782289781652
554,44,130,472.0029937650396,4104.126300266757,464.921538708197,4188.681460967267,54.0,0.10795065928260948,-0.025566135872333095,0.1077338678064981,-0.019961976886279577,0.013829234949633331,0.021299404163642836
555,40,130,580.3679443218005,4175.917211801147,464.921538708197,4188.681460967267,54.0,0.10795065928260948,-0.16459462352220894,0.1077338678064981,-0.16186316646991616,0.013829234949633331,0.05985046156704096
556,41,130,461.8106926932424,4070.996636995212,464.921538708197,4188.681460967267,54.0,0.10795065928260948,-0.07797795163887773,0.1077338678064981,-0.0716770111931935,0.013829234949633331,0.03771110086857661
557,43,130,630.0947010611478,4141.259609929846,464.921538708197,4188.681460967267,54.0,0.10795065928260948,-0.2850416102372979,0.1077338678064981,-0.28152849239078676,0.013829234949633331,0.09685140802031728
558,29,130,679.1344462972443,4226.875249913833,464.921538708197,4188.681460967267,54.0,0.10795065928260948,-0.30205807506210264,0.1077338678064981,-0.29682625046919964,0.013829234949633331,0.1235383048172588
559,35,130,583.2192292927565,4207.570440686977,464.921538708197,4188.681460967267,54.0,0.10795065928260948,-0.15267635689767226,0.1077338678064981,-0.1496595614777702,0.013829234949633331,0.061019847597040086
560,24,130,476.8845411410292,4318.364085281663,464.921538708197,4188.681460967267,54.0,0.10795065928260948,-0.19146229340723075,0.1077338678064981,-0.1874816856930603,0.013829234949633331,0.06570290986352402
561,23,130,485.3312407692456,4298.036308618457,464.921538708197,4188.681460967267,54.0,0.10795065928260948,-0.10173609462680522,0.1077338678064981,-0.09741482194269316,0.013829234949633331,0.04917208504759149
562,30,130,625.9985091941669,4344.425799606012,464.921538708197,4188.681460967267,54.0,0.10795065928260948,-0.43612362867153837,0.1077338678064981,-0.42991283846682254,0.013829234949633331,0.11982662552476975
563,61,130,463.203498736656,4062.892527800171,464.921538708197,4188.681460967267,54.0,0.10795065928260948,-0.09587347097573279,0.1077338678064981,-0.0896599619445425,0.013829234949633331,0.04283454853925435
564,45,130,517.3116391169647,4113.7490927459785,464.921538708197,4188.681460967267,54.0,0.10795065928260948,-0.08698188527406281,0.1077338678064981,-0.08219997021525974,0.013829234949633331,0.03914177541978427
565,40,131,580.3679443218005,4175.917211801147,476.5976490413603,4170.33335841454,54.0,0.10795065928260948,-0.1646752383176642,0.1077338678064981,-0.1627347450216425,0.013829234949633331,0.05631603933145621
566,27,131,413.6607163277177,4126.933692479007,476.5976490413603,4170.33335841454,54.0,0.10795065928260948,-0.06458295373772979,0.1077338678064981,-0.06057639696113883,0.013829234949633331,0.03298757244220086
567,61,131,463.203498736656,4062.892527800171,476.5976490413603,4170.33335841454,54.0,0.10795065928260948,-0.09297820749956703,0.1077338678064981,-0.08815546340717137,0.013829234949633331,0.03942396019167432
568,30,131,625.9985091941669,4344.425799606012,476.5976490413603,4170.33335841454,54.0,0.10795065928260948,-0.4753101191507373,0.1077338678064981,-0.4699193457138224,0.013829234949633331,0.13022007005895145
569,60,131,462.2337953932308,4065.780960132662,476.5976490413603,4170.33335841454,54.0,0.10795065928260948,-0.08652541625634369,0.1077338678064981,-0.08166243348932026,0.013829234949633331,0.03754561461248661
570,23,131,485.3312407692456,4298.036308618457,476.5976490413603,4170.33335841454,54.0,0.10795065928260948,-0.10427213911529382,0.1077338678064981,-0.09882956338621765,0.013829234949633331,0.05330814418215659
571,44,131,472.0029937650396,4104.126300266757,476.5976490413603,4170.33335841454,54.0,0.10795065928260948,-0.02339756500402708,0.1077338678064981,-0.019208400144694937,0.013829234949633331,0.0184723236882626
572,35,131,583.2192292927565,4207.570440686977,476.5976490413603,4170.33335841454,54.0,0.10795065928260948,-0.16879160401779356,0.1077338678064981,-0.16694918705872427,0.013829234949633331,0.0611425048692162
573,37,131,628.569594659982,4182.409690156388,476.5976490413603,4170.33335841454,54.0,0.10795065928260948,-0.24113538016747274,0.1077338678064981,-0.23758655257051675,0.013829234949633331,0.08566181932684133
574,43,131,630.0947010611478,4141.259609929846,476.5976490413603,4170.33335841454,54.0,0.10795065928260948,-0.29043955769642626,0.1077338678064981,-0.2880842313237146,0.013829234949633331,0.09270614189143628
575,45,131,517.3116391169647,4113.7490927459785,476.5976490413603,4170.33335841454,54.0,0.10795065928260948,-0.08040782774461969,0.1077338678064981,-0.07731859248607903,0.013829234949633331,0.03320244939425688
576,29,131,679.1344462972443,4226.875249913833,476.5976490413603,4170.33335841454,54.0,0.10795065928260948,-0.3268418049170845,0.1077338678064981,-0.3227881481066378,0.013829234949633331,0.12434615685443573
577,41,131,461.8106926932424,4070.996636995212,476.5976490413603,4170.33335841454,54.0,0.10795065928260948,-0.07479617640263231,0.1077338678064981,-0.06987351963206485,0.013829234949633331,0.03415360872651677
578,41,132,461.8106926932424,4070.996636995212,498.6677789749425,4165.707185554278,54.0,0.10795065928260948,-0.10090981867408894,0.1077338678064981,-0.09730214613088173,0.013829234949633331,0.04387287458234686
579,43,132,630.0947010611478,4141.259609929846,498.6677789749425,4165.707185554278,54.0,0.10795065928260948,-0.28122235033828774,0.1077338678064981,-0.2802642944582502,0.013829234949633331,0.08530992497710296
580,60,132,462.2337953932308,4065.780960132662,498.6677789749425,4165.707185554278,54.0,0.10795065928260948,-0.11620013508491135,0.1077338678064981,-0.11297588288819135,0.013829234949633331,0.04826356839079954
581,35,132,583.2192292927565,4207.570440686977,498.6677789749425,4165.707185554278,54.0,0.10795065928260948,-0.17424665469426576,0.1077338678064981,-0.17385312805458425,0.013829234949633331,0.05645139302259661
582,44,132,472.0029937650396,4104.126300266757,498.6677789749425,4165.707185554278,54.0,0.10795065928260948,-0.03953128967209174,0.1077338678064981,-0.03618994439948392,0.013829234949633331,0.024765856724231254
583,27,132,413.6607163277177,4126.933692479007,498.6677789749425,4165.707185554278,54.0,0.10795065928260948,-0.06977847951656854,0.1077338678064981,-0.06479183548395252,0.013829234949633331,0.03785292341784372
584,45,132,517.3116391169647,4113.7490927459785,498.6677789749425,4165.707185554278,54.0,0.10795065928260948,-0.0979051096653725,0.1077338678064981,-0.09678028829154195,0.013829234949633331,0.03473995890245492
585,30,132,625.9985091941669,4344.425799606012,498.6677789749425,4165.707185554278,54.0,0.10795065928260948,-0.5148854054501338,0.1077338678064981,-0.5117982966442922,0.013829234949633331,0.13553683394064928
586,23,132,485.3312407692456,4298.036308618457,498.6677789749425,4165.707185554278,54.0,0.10795065928260948,-0.10663678270382392,0.1077338678064981,-0.10089185288984326,0.013829234949633331,0.055002174317150834
587,29,132,679.1344462972443,4226.875249913833,498.6677789749425,4165.707185554278,54.0,0.10795065928260948,-0.3250823910844137,0.1077338678064981,-0.322406724482227,0.013829234949633331,0.11862640308986301
588,37,132,628.569594659982,4182.409690156388,498.6677789749425,4165.707185554278,54.0,0.10795065928260948,-0.23036842432290336,0.1077338678064981,-0.228160889229208,0.013829234949633331,0.07873147679394672
589,61,132,463.203498736656,4062.892527800171,498.6677789749425,4165.707185554278,54.0,0.10795065928260948,-0.1272173357852139,0.1077338678064981,-0.12418772980191002,0.013829234949633331,0.050595965407173794
590,40,133,580.3679443218005,4175.917211801147,478.6811791095061,4150.712583205254,54.0,0.10795065928260948,-0.16688298146275524,0.1077338678064981,-0.16512430545465184,0.013829234949633331,0.05729910171099859
591,29,133,679.1344462972443,4226.875249913833,478.6811791095061,4150.712583205254,54.0,0.10795065928260948,-0.3385916049952059,0.1077338678064981,-0.3337195569947336,0.013829234949633331,0.1269132823211362
592,27,133,413.6607163277177,4126.933692479007,478.6811791095061,4150.712583205254,54.0,0.10795065928260948,-0.057888054222296446,0.1077338678064981,-0.054405354564680715,0.013829234949633331,0.029424263447865872
593,35,133,583.2192292927565,4207.570440686977,478.6811791095061,4150.712583205254,54.0,0.10795065928260948,-0.1890182909114842,0.1077338678064981,-0.18720534479332548,0.013829234949633331,0.06489799258336508
594,54,133,562.1256537151418,3993.041990758743,478.6811791095061,4150.712583205254,54.0,0.10795065928260948,-0.3992723706393013,0.1077338678064981,-0.39535918053042196,0.013829234949633331,0.12134736462938588
595,44,133,472.0029937650396,4104.126300266757,478.6811791095061,4150.712583205254,54.0,0.10795065928260948,-0.017874023378136657,0.1077338678064981,-0.014760360805659893,0.013829234949633331,0.014091674344679247
596,37,133,628.569594659982,4182.409690156388,478.6811791095061,4150.712583205254,54.0,0.10795065928260948,-0.245244339557618,0.1077338678064981,-0.2416768051581437,0.013829234949633331,0.08701904686798317
597,45,133,517.3116391169647,4113.7490927459785,478.6811791095061,4150.712583205254,54.0,0.10795065928260948,-0.0708845477248216,0.1077338678064981,-0.06858027303707781,0.013829234949633331,0.026627473342598153
598,43,133,630.0947010611478,4141.259609929846,478.6811791095061,4150.712583205254,54.0,0.10795065928260948,-0.310632085418932,0.1077338678064981,-0.3073959790806143,0.013829234949633331,0.0928194112755625
599,23,133,485.3312407692456,4298.036308618457,478.6811791095061,4150.712583205254,54.0,0.10795065928260948,-0.11292418575740243,0.1077338678064981,-0.10627418171165873,0.013829234949633331,0.05978068302270145
600,41,133,461.8106926932424,4070.996636995212,478.6811791095061,4150.712583205254,54.0,0.10795065928260948,-0.07060126420352088,0.1077338678064981,-0.06676350058178564,0.013829234949633331,0.03033967711373132
601,61,133,463.203498736656,4062.892527800171,478.6811791095061,4150.712583205254,54.0,0.10795065928260948,-0.08895554394859984,0.1077338678064981,-0.0852104589565732,0.013829234949633331,0.03572284309887112
602,60,133,462.2337953932308,4065.780960132662,478.6811791095061,4150.712583205254,54.0,0.10795065928260948,-0.08247312582832841,0.1077338678064981,-0.07869229904682602,0.013829234949633331,0.03380422932467756
603,47,133,497.40279712570856,4039.075701869608,478.6811791095061,4150.712583205254,54.0,0.10795065928260948,-0.21388959295430282,0.1077338678064981,-0.21178368173254222,0.013829234949633331,0.06370706670191614
604,52,133,577.7231586056545,4060.836546501464,478.6811791095061,4150.712583205254,54.0,0.10795065928260948,-0.32583885432535337,0.1077338678064981,-0.32310861348843145,0.013829234949633331,0.08791153572233451
605,30,133,625.9985091941669,4344.425799606012,478.6811791095061,4150.712583205254,54.0,0.10795065928260948,-0.5098375595120455,0.1077338678064981,-0.5046209122317956,0.013829234949633331,0.14051866806405502
606,23,134,485.3312407692456,4298.036308618457,496.7431763964692,4139.924546025713,54.0,0.10795065928260948,-0.11758851320423663,0.1077338678064981,-0.11025136551687514,0.013829234949633331,0.06332296633294213
607,29,134,679.1344462972443,4226.875249913833,496.7431763964692,4139.924546025713,54.0,0.10795065928260948,-0.33666713013080435,0.1077338678064981,-0.33162536750408933,0.013829234949633331,0.1251010283948844
608,27,134,413.6607163277177,4126.933692479007,496.7431763964692,4139.924546025713,54.0,0.10795065928260948,-0.06242231052017039,0.1077338678064981,-0.057967334430538114,0.013829234949633331,0.033718488876216444
609,60,135,462.2337953932308,4065.780960132662,461.6768199290148,4143.362401904764,54.0,0.10795065928260948,-0.0763429040773044,0.1077338678064981,-0.07315027460345255,0.013829234949633331,0.029783931332685327
610,40,135,580.3679443218005,4175.917211801147,461.6768199290148,4143.362401904764,54.0,0.10795065928260948,-0.1725911300737701,0.1077338678064981,-0.16977822766831363,0.013829234949633331,0.06173877012394941
611,27,135,413.6607163277177,4126.933692479007,461.6768199290148,4143.362401904764,54.0,0.10795065928260948,-0.05218842651494977,0.1077338678064981,-0.04977553107382924,0.013829234949633331,0.02486475871015189
612,43,135,630.0947010611478,4141.259609929846,461.6768199290148,4143.362401904764,54.0,0.10795065928260948,-0.31458082676996496,0.1077338678064981,-0.3103460895541952,0.013829234949633331,0.09658899530273951
613,45,135,517.3116391169647,4113.7490927459785,461.6768199290148,4143.362401904764,54.0,0.10795065928260948,-0.07381437449041028,0.1077338678064981,-0.07115480796405185,0.013829234949633331,0.02775866404597482
614,44,135,472.0029937650396,4104.126300266757,461.6768199290148,4143.362401904764,54.0,0.10795065928260948,-0.012470509942392747,0.1077338678064981,-0.009857710404530502,0.013829234949633331,0.010247592520306038
615,41,135,461.8106926932424,4070.996636995212,461.6768199290148,4143.362401904764,54.0,0.10795065928260948,-0.06463105303964033,0.1077338678064981,-0.06138778104741267,0.013829234949633331,0.02641665675114367
616,52,135,577.7231586056545,4060.836546501464,461.6768199290148,4143.362401904764,54.0,0.10795065928260948,-0.32789833272988184,0.1077338678064981,-0.3251954040694774,0.013829234949633331,0.08957852059911733
617,37,135,628.569594659982,4182.409690156388,461.6768199290148,4143.362401904764,54.0,0.10795065928260948,-0.25173845139572143,0.1077338678064981,-0.24710378392903692,0.013829234949633331,0.091568680149472
618,29,135,679.1344462972443,4226.875249913833,461.6768199290148,4143.362401904764,54.0,0.10795065928260948,-0.34448133200305353,0.1077338678064981,-0.33846156867043065,0.013829234949633331,0.13150412495828712
619,61,135,463.203498736656,4062.892527800171,461.6768199290148,4143.362401904764,54.0,0.10795065928260948,-0.08273027801476251,0.1077338678064981,-0.07957090280502432,0.013829234949633331,0.03160783311620161
620,35,135,583.2192292927565,4207.570440686977,461.6768199290148,4143.362401904764,54.0,0.10795065928260948,-0.19288297779216507,0.1077338678064981,-0.18995206551979657,0.013829234949633331,0.06919174082932446
621,31,135,286.22286085268047,4096.016113555928,461.6768199290148,4143.362401904764,54.0,0.10795065928260948,-0.29603803378443566,0.1077338678064981,-0.2933762282206827,0.013829234949633331,0.10386133180512676
622,39,135,491.6009153175041,3965.873607703836,461.6768199290148,4143.362401904764,54.0,0.10795065928260948,-0.2240018676316231,0.1077338678064981,-0.2176176760062829,0.013829234949633331,0.08861558200527807
623,30,135,625.9985091941669,4344.425799606012,461.6768199290148,4143.362401904764,54.0,0.10795065928260948,-0.4979865283112625,0.1077338678064981,-0.49120114043531327,0.013829234949633331,0.14058645438741652
624,47,135,497.40279712570856,4039.075701869608,461.6768199290148,4143.362401904764,54.0,0.10795065928260948,-0.1984749551463839,0.1077338678064981,-0.19539314454692133,0.013829234949633331,0.05621911097847403
625,23,135,485.3312407692456,4298.036308618457,461.6768199290148,4143.362401904764,54.0,0.10795065928260948,-0.11137605746162943,0.1077338678064981,-0.10418107105043066,0.013829234949633331,0.05894937320056007
626,29,136,679.1344462972443,4226.875249913833,467.6333421217994,4125.7528114568895,54.0,0.10795065928260948,-0.34885491376403527,0.1077338678064981,-0.34181689630642675,0.013829234949633331,0.13465708234617454
627,43,136,630.0947010611478,4141.259609929846,467.6333421217994,4125.7528114568895,54.0,0.10795065928260948,-0.3144186650785561,0.1077338678064981,-0.310508659266568,0.013829234949633331,0.09568697684486858
628,27,136,413.6607163277177,4126.933692479007,467.6333421217994,4125.7528114568895,54.0,0.10795065928260948,-0.050962434179009634,0.1077338678064981,-0.04833657740094924,0.013829234949633331,0.024857651815151528
629,60,136,462.2337953932308,4065.780960132662,467.6333421217994,4125.7528114568895,54.0,0.10795065928260948,-0.07210121639213886,0.1077338678064981,-0.069907830236659,0.013829234949633331,0.025997265487916883
630,39,136,491.6009153175041,3965.873607703836,467.6333421217994,4125.7528114568895,54.0,0.10795065928260948,-0.22891341657313824,0.1077338678064981,-0.22332884072249665,0.013829234949633331,0.08516395297110184
631,45,136,517.3116391169647,4113.7490927459785,467.6333421217994,4125.7528114568895,54.0,0.10795065928260948,-0.08567174317108735,0.1077338678064981,-0.08491979932821281,0.013829234949633331,0.03004577130886391
632,35,136,583.2192292927565,4207.570440686977,467.6333421217994,4125.7528114568895,54.0,0.10795065928260948,-0.2094818628661388,0.1077338678064981,-0.20644495870695434,0.013829234949633331,0.07278158092105155
633,23,136,485.3312407692456,4298.036308618457,467.6333421217994,4125.7528114568895,54.0,0.10795065928260948,-0.11412337135109768,0.1077338678064981,-0.10553078746490505,0.013829234949633331,0.0626168974919325
634,37,136,628.569594659982,4182.409690156388,467.6333421217994,4125.7528114568895,54.0,0.10795065928260948,-0.26288650015969806,0.1077338678064981,-0.25816713875540287,0.013829234949633331,0.09496225616028776
635,40,136,580.3679443218005,4175.917211801147,467.6333421217994,4125.7528114568895,54.0,0.10795065928260948,-0.180453239342454,0.1077338678064981,-0.17747398988745508,0.013829234949633331,0.06439188060579858
636,44,136,472.0029937650396,4104.126300266757,467.6333421217994,4125.7528114568895,54.0,0.10795065928260948,-0.007419970852436767,0.1077338678064981,-0.005873080296103197,0.013829234949633331,0.006060747709438971
637,61,136,463.203498736656,4062.892527800171,467.6333421217994,4125.7528114568895,54.0,0.10795065928260948,-0.07839570487836389,0.1077338678064981,-0.07624003817033215,0.013829234949633331,0.027784111909185092
638,41,136,461.8106926932424,4070.996636995212,467.6333421217994,4125.7528114568895,54.0,0.10795065928260948,-0.06028911487697069,0.1077338678064981,-0.05804208336675701,0.013829234949633331,0.022608012736580658
639,39,137,491.6009153175041,3965.873607703836,500.1419238902247,4120.853453272017,54.0,0.10795065928260948,-0.279146341776819,0.1077338678064981,-0.27598118236978825,0.013829234949633331,0.09264246769161012
640,41,137,461.8106926932424,4070.996636995212,500.1419238902247,4120.853453272017,54.0,0.10795065928260948,-0.11710683707777982,0.1077338678064981,-0.11690044514643765,0.013829234949633331,0.03616733592075156
641,51,137,515.5112789978382,4127.169092421015,500.1419238902247,4120.853453272017,54.0,0.10795065928260948,-0.0483588544555927,0.1077338678064981,-0.04808377322581035,0.013829234949633331,0.013957330243539446
642,37,137,628.569594659982,4182.409690156388,500.1419238902247,4120.853453272017,54.0,0.10795065928260948,-0.28290235904682787,0.1077338678064981,-0.280229518182991,0.013829234949633331,0.09012596662726356
643,23,137,485.3312407692456,4298.036308618457,500.1419238902247,4120.853453272017,54.0,0.10795065928260948,-0.13119996784840995,0.1077338678064981,-0.12289945820549958,0.013829234949633331,0.0706024195366504
644,29,137,679.1344462972443,4226.875249913833,500.1419238902247,4120.853453272017,54.0,0.10795065928260948,-0.36714487728460937,0.1077338678064981,-0.3612930603572557,0.013829234949633331,0.13271958967284905
645,45,137,517.3116391169647,4113.7490927459785,500.1419238902247,4120.853453272017,54.0,0.10795065928260948,-0.07333503089275592,0.1077338678064981,-0.07313611674061671,0.013829234949633331,0.01862589586327103
646,47,137,497.40279712570856,4039.075701869608,500.1419238902247,4120.853453272017,54.0,0.10795065928260948,-0.20248413560367862,0.1077338678064981,-0.20201861824960138,0.013829234949633331,0.053106669429729296
647,27,137,413.6607163277177,4126.933692479007,500.1419238902247,4120.853453272017,54.0,0.10795065928260948,-0.08719883305965481,0.1077338678064981,-0.08417413071221487,0.013829234949633331,0.041387070611740295
648,31,137,286.22286085268047,4096.016113555928,500.1419238902247,4120.853453272017,54.0,0.10795065928260948,-0.3486338407243348,0.1077338678064981,-0.34552244802666476,0.013829234949633331,0.11717162781591678
649,61,137,463.203498736656,4062.892527800171,500.1419238902247,4120.853453272017,54.0,0.10795065928260948,-0.1431202084108652,0.1077338678064981,-0.14325377942289572,0.013829234949633331,0.041478722797376084
650,60,137,462.2337953932308,4065.780960132662,500.1419238902247,4120.853453272017,54.0,0.10795065928260948,-0.13373755929695894,0.1077338678064981,-0.1337374965021434,0.013829234949633331,0.03968517868123702
651,35,137,583.2192292927565,4207.570440686977,500.1419238902247,4120.853453272017,54.0,0.10795065928260948,-0.23932533761008992,0.1077338678064981,-0.2378749780651849,0.013829234949633331,0.07361955747070335
652,43,137,630.0947010611478,4141.259609929846,500.1419238902247,4120.853453272017,54.0,0.10795065928260948,-0.33365706706478626,0.1077338678064981,-0.33214592367949725,0.013829234949633331,0.08825975573717307
653,44,137,480.2527329069072,4097.225007571009,500.1419238902247,4120.853453272017,54.0,0.10795065928260948,-0.04388647105751298,0.1077338678064981,-0.0438344254442334,0.013829234949633331,0.017363571112553943
654,40,137,580.3679443218005,4175.917211801147,500.1419238902247,4120.853453272017,54.0,0.10795065928260948,-0.19799775326486496,0.1077338678064981,-0.19675199032835508,0.013829234949633331,0.061172503727072586
655,45,138,517.3116391169647,4113.7490927459785,491.42406278110894,4104.982822863553,54.0,0.10795065928260948,-0.07374181316765722,0.1077338678064981,-0.07354489395703,0.013829234949633331,0.021550196932672093
656,23,138,485.3312407692456,4298.036308618457,491.42406278110894,4104.982822863553,54.0,0.10795065928260948,-0.1473176933333223,0.1077338678064981,-0.13900188026198182,0.013829234949633331,0.07889691271365484
657,27,138,413.6607163277177,4126.933692479007,491.42406278110894,4104.982822863553,54.0,0.10795065928260948,-0.0857499946546856,0.1077338678064981,-0.08341100795527717,0.013829234949633331,0.03741275087368607
658,47,138,497.40279712570856,4039.075701869608,491.42406278110894,4104.982822863553,54.0,0.10795065928260948,-0.1790936547408288,0.1077338678064981,-0.17868918740240725,0.013829234949633331,0.044265071328851685
659,35,138,583.2192292927565,4207.570440686977,491.42406278110894,4104.982822863553,54.0,0.10795065928260948,-0.2728595598060198,0.1077338678064981,-0.27136328882037614,0.013829234949633331,0.08410452499750076
660,39,138,491.6009153175041,3965.873607703836,491.42406278110894,4104.982822863553,54.0,0.10795065928260948,-0.2563311851449886,0.1077338678064981,-0.2532267477404191,0.013829234949633331,0.08355589964849747
661,60,138,462.2337953932308,4065.780960132662,491.42406278110894,4104.982822863553,54.0,0.10795065928260948,-0.11652299826106907,0.1077338678064981,-0.11663067710480143,0.013829234949633331,0.03029422433141958
662,40,138,580.3679443218005,4175.917211801147,491.42406278110894,4104.982822863553,54.0,0.10795065928260948,-0.2375939884310191,0.1077338678064981,-0.2363286260493162,0.013829234949633331,0.07144147614279155
663,37,138,628.569594659982,4182.409690156388,491.42406278110894,4104.982822863553,54.0,0.10795065928260948,-0.33427904931721564,0.1077338678064981,-0.3318233494232943,0.013829234949633331,0.10013909283434992
664,44,138,482.9165862241457,4094.8895965639263,491.42406278110894,4104.982822863553,54.0,0.10795065928260948,-0.028316397686272924,0.1077338678064981,-0.028351366787306688,0.013829234949633331,0.008024914003816235
665,43,138,630.0947010611478,4141.259609929846,491.42406278110894,4104.982822863553,54.0,0.10795065928260948,-0.38912011842420374,0.1077338678064981,-0.3875323533163882,0.013829234949633331,0.09895442527578421
666,41,138,461.8106926932424,4070.996636995212,491.42406278110894,4104.982822863553,54.0,0.10795065928260948,-0.10174867377813208,0.1077338678064981,-0.10166641615867038,0.013829234949633331,0.02694883110355532
667,61,138,463.203498736656,4062.892527800171,491.42406278110894,4104.982822863553,54.0,0.10795065928260948,-0.12443019763489173,0.1077338678064981,-0.12465509368587463,0.013829234949633331,0.03193217310438019
668,29,138,679.1344462972443,4226.875249913833,491.42406278110894,4104.982822863553,54.0,0.10795065928260948,-0.41737303261153086,0.1077338678064981,-0.4114587116605777,0.013829234949633331,0.14331849622976092
669,45,139,517.3116391169647,4113.7490927459785,448.0139883248622,4082.429338471364,54.0,0.10795065928260948,-0.16410435743956084,0.1077338678064981,-0.16351002919433957,0.013829234949633331,0.046020654520985735
670,23,139,485.3312407692456,4298.036308618457,448.0139883248622,4082.429338471364,54.0,0.10795065928260948,-0.16586671500339167,0.1077338678064981,-0.15558110573503245,0.013829234949633331,0.08083344856189195
671,47,139,497.40279712570856,4039.075701869608,448.0139883248622,4082.429338471364,54.0,0.10795065928260948,-0.14508480235469137,0.1077338678064981,-0.14468819443099884,0.013829234949633331,0.04161160283963987
672,61,139,463.203498736656,4062.892527800171,448.0139883248622,4082.429338471364,54.0,0.10795065928260948,-0.05507712146792964,0.1077338678064981,-0.055156622753000414,0.013829234949633331,0.01545286914885606
673,27,139,413.6607163277177,4126.933692479007,448.0139883248622,4082.429338471364,54.0,0.10795065928260948,-0.11212068744602341,0.1077338678064981,-0.11150595023276348,0.013829234949633331,0.031443721789189714
674,60,139,462.2337953932308,4065.780960132662,448.0139883248622,4082.429338471364,54.0,0.10795065928260948,-0.04856970096083901,0.1077338678064981,-0.04859825073894379,0.013829234949633331,0.013636724885658532
675,39,139,491.6009153175041,3965.873607703836,448.0139883248622,4082.429338471364,54.0,0.10795065928260948,-0.15770293121150258,0.1077338678064981,-0.15453255612042807,0.013829234949633331,0.06556810759077207
676,41,139,461.8106926932424,4070.996636995212,448.0139883248622,4082.429338471364,54.0,0.10795065928260948,-0.03678642926870822,0.1077338678064981,-0.03669558187926884,0.013829234949633331,0.010421135782295567
677,44,139,470.9318574712719,4102.798680980681,448.0139883248622,4082.429338471364,54.0,0.10795065928260948,-0.04796588701261075,0.1077338678064981,-0.04723534412350287,0.013829234949633331,0.014800860902727002
678,23,140,485.3312407692456,4298.036308618457,444.6278396674389,4097.460747584184,54.0,0.10795065928260948,-0.16108096436745842,0.1077338678064981,-0.152322597298723,0.013829234949633331,0.0802324278044963
679,60,140,462.2337953932308,4065.780960132662,444.6278396674389,4097.460747584184,54.0,0.10795065928260948,-0.07633489054700951,0.1077338678064981,-0.07621589769613868,0.013829234949633331,0.02072751081207327
680,47,140,497.40279712570856,4039.075701869608,444.6278396674389,4097.460747584184,54.0,0.10795065928260948,-0.17222534628434,0.1077338678064981,-0.17143339734422172,0.013829234949633331,0.047876443244268846
681,42,140,481.5841139822353,4095.890795124346,444.6278396674389,4097.460747584184,54.0,0.10795065928260948,-0.07540102947505216,0.1077338678064981,-0.07500626885362402,0.013829234949633331,0.020158861657850167
682,27,140,413.6607163277177,4126.933692479007,444.6278396674389,4097.460747584184,54.0,0.10795065928260948,-0.0723768030259519,0.1077338678064981,-0.07177876499765137,0.013829234949633331,0.02387052994487168
683,39,140,491.6009153175041,3965.873607703836,444.6278396674389,4097.460747584184,54.0,0.10795065928260948,-0.19187167681477277,0.1077338678064981,-0.18869737654866026,0.013829234949633331,0.07405874693423689
684,45,140,517.3116391169647,4113.7490927459785,444.6278396674389,4097.460747584184,54.0,0.10795065928260948,-0.11077007802156735,0.1077338678064981,-0.10902767684285403,0.013829234949633331,0.038739882915003625
685,41,140,461.8106926932424,4070.996636995212,444.6278396674389,4097.460747584184,54.0,0.10795065928260948,-0.06352740725754102,0.1077338678064981,-0.06329495087551133,0.013829234949633331,0.017316425644827865
686,44,140,470.9318574712719,4102.798680980681,444.6278396674389,4097.460747584184,54.0,0.10795065928260948,-0.03018115746742856,0.1077338678064981,-0.029068811871452754,0.013829234949633331,0.010636806699308199
687,61,140,463.203498736656,4062.892527800171,444.6278396674389,4097.460747584184,54.0,0.10795065928260948,-0.0832530440496765,0.1077338678064981,-0.08318287101555111,0.013829234949633331,0.022648404919207242
688,23,141,485.3312407692456,4298.036308618457,450.2869634852289,4161.9176246461175,54.0,0.10795065928260948,-0.12090297973807329,0.1077338678064981,-0.1142758413611277,0.013829234949633331,0.058900421319208154
689,41,141,461.8106926932424,4070.996636995212,450.2869634852289,4161.9176246461175,54.0,0.10795065928260948,-0.07043069178425734,0.1077338678064981,-0.06604939893249578,0.013829234949633331,0.031016173666483578
690,27,141,413.6607163277177,4126.933692479007,450.2869634852289,4161.9176246461175,54.0,0.10795065928260948,-0.059254140720244756,0.1077338678064981,-0.056553673265364944,0.013829234949633331,0.02789842343225603
691,40,141,580.3679443218005,4175.917211801147,450.2869634852289,4161.9176246461175,54.0,0.10795065928260948,-0.17140432056752114,0.1077338678064981,-0.16792227212175032,0.013829234949633331,0.06293106140773234
692,37,141,628.569594659982,4182.409690156388,450.2869634852289,4161.9176246461175,54.0,0.10795065928260948,-0.24844058068886773,0.1077338678064981,-0.24318564182129426,0.013829234949633331,0.09234808783930705
693,61,141,463.203498736656,4062.892527800171,450.2869634852289,4161.9176246461175,54.0,0.10795065928260948,-0.08860090037512257,0.1077338678064981,-0.08430364247651012,0.013829234949633331,0.036229094839348226
694,45,141,517.3116391169647,4113.7490927459785,450.2869634852289,4161.9176246461175,54.0,0.10795065928260948,-0.0768002122701559,0.1077338678064981,-0.07274543586391612,0.013829234949633331,0.03188981902345679
695,60,141,462.2337953932308,4065.780960132662,450.2869634852289,4161.9176246461175,54.0,0.10795065928260948,-0.0821212653509022,0.1077338678064981,-0.07779357557485309,0.013829234949633331,0.03437119383921032
696,31,141,286.22286085268047,4096.016113555928,450.2869634852289,4161.9176246461175,54.0,0.10795065928260948,-0.28185586491994497,0.1077338678064981,-0.2790641311435471,0.013829234949633331,0.10408358588316009
697,35,141,583.2192292927565,4207.570440686977,450.2869634852289,4161.9176246461175,54.0,0.10795065928260948,-0.17619089151826464,0.1077338678064981,-0.1726565918973393,0.013829234949633331,0.06770997579199325
698,47,141,497.40279712570856,4039.075701869608,450.2869634852289,4161.9176246461175,54.0,0.10795065928260948,-0.19856640936412118,0.1077338678064981,-0.19386387780526051,0.013829234949633331,0.05983509212478988
699,43,141,630.0947010611478,4141.259609929846,450.2869634852289,4161.9176246461175,54.0,0.10795065928260948,-0.3137110287681863,0.1077338678064981,-0.30964840464097754,0.013829234949633331,0.09868099042088736
700,44,141,472.0029937650396,4104.126300266757,450.2869634852289,4161.9176246461175,54.0,0.10795065928260948,-0.01854392218290787,0.1077338678064981,-0.014664523280613663,0.013829234949633331,0.015258630306349247
701,29,141,679.1344462972443,4226.875249913833,450.2869634852289,4161.9176246461175,54.0,0.10795065928260948,-0.3354099135934992,0.1077338678064981,-0.3296876925819947,0.013829234949633331,0.1313076040529727
702,30,141,625.9985091941669,4344.425799606012,450.2869634852289,4161.9176246461175,54.0,0.10795065928260948,-0.45725761903675854,0.1077338678064981,-0.4494480552994938,0.013829234949633331,0.13031854993707634
703,41,142,461.8106926932424,4070.996636995212,402.5205221667404,4129.574604513392,54.0,0.10795065928260948,-0.16711742532241375,0.1077338678064981,-0.16597812375113766,0.013829234949633331,0.04675976791131908
704,4,142,296.61979068975745,4128.179301772369,402.5205221667404,4129.574604513392,54.0,0.10795065928260948,-0.15935941137987455,0.1077338678064981,-0.15758779430163863,0.013829234949633331,0.06518055442549746
705,27,142,413.6607163277177,4126.933692479007,402.5205221667404,4129.574604513392,54.0,0.10795065928260948,-0.023402864039229043,0.1077338678064981,-0.02303103903011523,0.013829234949633331,0.00832913658487809
706,42,142,481.95797351825536,4104.321037374665,402.5205221667404,4129.574604513392,54.0,0.10795065928260948,-0.09568622850886924,0.1077338678064981,-0.09302053865770368,0.013829234949633331,0.03915123309348242
707,45,142,517.3116391169647,4113.7490927459785,402.5205221667404,4129.574604513392,54.0,0.10795065928260948,-0.15557273902766938,0.1077338678064981,-0.15232137209763252,0.013829234949633331,0.06060864280995559
708,44,142,470.9318574712719,4102.798680980681,402.5205221667404,4129.574604513392,54.0,0.10795065928260948,-0.08861698114252252,0.1077338678064981,-0.086198489226019,0.013829234949633331,0.03468322924035977
709,61,142,463.203498736656,4062.892527800171,402.5205221667404,4129.574604513392,54.0,0.10795065928260948,-0.19091146956916188,0.1077338678064981,-0.19000411620894472,0.013829234949633331,0.051883573161524164
710,31,142,286.22286085268047,4096.016113555928,402.5205221667404,4129.574604513392,54.0,0.10795065928260948,-0.22439369099023468,0.1077338678064981,-0.22444268350734922,0.013829234949633331,0.07327622201320716
711,60,142,462.2337953932308,4065.780960132662,402.5205221667404,4129.574604513392,54.0,0.10795065928260948,-0.1825680559087113,0.1077338678064981,-0.18158863205727283,0.013829234949633331,0.04994630633639826
712,61,143,463.203498736656,4062.892527800171,382.72760047919166,4103.451630849024,54.0,0.10795065928260948,-0.20652949755887523,0.1077338678064981,-0.20561136502518515,0.013829234949633331,0.052799574029034596
713,31,143,286.22286085268047,4096.016113555928,382.72760047919166,4103.451630849024,54.0,0.10795065928260948,-0.19358734865368568,0.1077338678064981,-0.19343077819204912,0.013829234949633331,0.057541728229342295
714,41,143,461.8106926932424,4070.996636995212,382.72760047919166,4103.451630849024,54.0,0.10795065928260948,-0.19775316422176276,0.1077338678064981,-0.1970541311165093,0.013829234949633331,0.04995596213412615
715,27,143,413.6607163277177,4126.933692479007,382.72760047919166,4103.451630849024,54.0,0.10795065928260948,-0.08129473236049548,0.1077338678064981,-0.08025110711102587,0.013829234949633331,0.023728562542010757
716,60,143,462.2337953932308,4065.780960132662,382.72760047919166,4103.451630849024,54.0,0.10795065928260948,-0.20285969277479413,0.1077338678064981,-0.20203184036924401,0.013829234949633331,0.05160328843987051
717,44,143,470.9318574712719,4102.798680980681,382.72760047919166,4103.451630849024,54.0,0.10795065928260948,-0.12822646063099064,0.1077338678064981,-0.1254377056225341,0.013829234949633331,0.044002335904818834
718,42,143,481.67908357133285,4098.663948443455,382.72760047919166,4103.451630849024,54.0,0.10795065928260948,-0.1786311841307989,0.1077338678064981,-0.17669675528891535,0.013829234949633331,0.05456777986179687
719,47,144,497.40279712570856,4039.075701869608,355.89235360691384,4097.862836751869,54.0,0.10795065928260948,-0.3142401389459082,0.1077338678064981,-0.3125124559668463,0.013829234949633331,0.09055583802715111
720,61,144,463.203498736656,4062.892527800171,355.89235360691384,4097.862836751869,54.0,0.10795065928260948,-0.24960180899778864,0.1077338678064981,-0.24801734077488974,0.013829234949633331,0.06552641497982194
721,42,144,481.4936938530769,4095.225387665601,355.89235360691384,4097.862836751869,54.0,0.10795065928260948,-0.2774822426532392,0.1077338678064981,-0.27596081159670005,0.013829234949633331,0.07162911111679285
722,60,144,462.2337953932308,4065.780960132662,355.89235360691384,4097.862836751869,54.0,0.10795065928260948,-0.24747518926139472,0.1077338678064981,-0.24602436942778416,0.013829234949633331,0.06458505595244632
723,4,144,296.61979068975745,4128.179301772369,355.89235360691384,4097.862836751869,54.0,0.10795065928260948,-0.11468297558319411,0.1077338678064981,-0.1157234106276534,0.013829234949633331,0.041525036839955023
724,41,144,461.8106926932424,4070.996636995212,355.89235360691384,4097.862836751869,54.0,0.10795065928260948,-0.2477256190221239,0.1077338678064981,-0.24662804587389914,0.013829234949633331,0.06379790481432868
725,31,144,286.22286085268047,4096.016113555928,355.89235360691384,4097.862836751869,54.0,0.10795065928260948,-0.14958699435821718,0.1077338678064981,-0.1497191205265911,0.013829234949633331,0.04093124340673268
726,44,144,470.9318574712719,4102.798680980681,355.89235360691384,4097.862836751869,54.0,0.10795065928260948,-0.18934870539716986,0.1077338678064981,-0.18625618887624365,0.013829234949633331,0.05951609448076742
727,27,144,413.6607163277177,4126.933692479007,355.89235360691384,4097.862836751869,54.0,0.10795065928260948,-0.12816241163708791,0.1077338678064981,-0.12680496014834877,0.013829234949633331,0.039159447614503747
728,4,145,296.61979068975745,4128.179301772369,368.5042753278341,4146.164635417134,54.0,0.10795065928260948,-0.10441184286609947,0.1077338678064981,-0.10317528858964108,0.013829234949633331,0.04578242675743874
729,27,145,413.6607163277177,4126.933692479007,368.5042753278341,4146.164635417134,54.0,0.10795065928260948,-0.08543045733342122,0.1077338678064981,-0.08445960255275312,0.013829234949633331,0.030650544106105973
730,31,145,286.22286085268047,4096.016113555928,368.5042753278341,4146.164635417134,54.0,0.10795065928260948,-0.16057818909904237,0.1077338678064981,-0.16089205227744993,0.013829234949633331,0.057938577329057966
731,44,145,470.9318574712719,4102.798680980681,368.5042753278341,4146.164635417134,54.0,0.10795065928260948,-0.15166288599202019,0.1077338678064981,-0.14861937510671558,0.013829234949633331,0.058141330910119284
732,30,146,625.9985091941669,4344.425799606012,483.4527706543433,4132.207737141582,54.0,0.10795065928260948,-0.546002663152965,0.1077338678064981,-0.5413042813850375,0.013829234949633331,0.14968737659141287
733,40,146,580.3679443218005,4175.917211801147,483.4527706543433,4132.207737141582,54.0,0.10795065928260948,-0.17532963363709403,0.1077338678064981,-0.17337814045085945,0.013829234949633331,0.05993967281374598
734,23,146,485.3312407692456,4298.036308618457,483.4527706543433,4132.207737141582,54.0,0.10795065928260948,-0.12047366345640664,0.1077338678064981,-0.11267191658213166,0.013829234949633331,0.06561486527531535
735,61,146,463.203498736656,4062.892527800171,483.4527706543433,4132.207737141582,54.0,0.10795065928260948,-0.10358541373302224,0.1077338678064981,-0.10246440783118432,0.013829234949633331,0.037210406100643655
736,37,146,628.569594659982,4182.409690156388,483.4527706543433,4132.207737141582,54.0,0.10795065928260948,-0.2563488815720403,0.1077338678064981,-0.25266266195104903,0.013829234949633331,0.09014976645378678
737,29,146,679.1344462972443,4226.875249913833,483.4527706543433,4132.207737141582,54.0,0.10795065928260948,-0.34328170142265435,0.1077338678064981,-0.3372217814518237,0.013829234949633331,0.13020572620469342
738,41,146,461.8106926932424,4070.996636995212,483.4527706543433,4132.207737141582,54.0,0.10795065928260948,-0.0815682239678783,0.1077338678064981,-0.07996883952446752,0.013829234949633331,0.030885013389248518
739,39,146,491.6009153175041,3965.873607703836,483.4527706543433,4132.207737141582,54.0,0.10795065928260948,-0.283297846523911,0.1077338678064981,-0.2796801288419126,0.013829234949633331,0.09687784337279234
740,45,146,517.3116391169647,4113.7490927459785,483.4527706543433,4132.207737141582,54.0,0.10795065928260948,-0.07060319887531805,0.1077338678064981,-0.06935391638122981,0.013829234949633331,0.022663041911708554
741,35,146,583.2192292927565,4207.570440686977,483.4527706543433,4132.207737141582,54.0,0.10795065928260948,-0.20840321558298472,0.1077338678064981,-0.2063398791079304,0.013829234949633331,0.06930995215899706
742,60,146,462.2337953932308,4065.780960132662,483.4527706543433,4132.207737141582,54.0,0.10795065928260948,-0.09544532239357462,0.1077338678064981,-0.09410322293864816,0.013829234949633331,0.034872234675513133
743,44,146,472.0029937650396,4104.126300266757,483.4527706543433,4132.207737141582,54.0,0.10795065928260948,-0.023266640849621864,0.1077338678064981,-0.022175956028939046,0.013829234949633331,0.012661843673313059
744,27,146,413.6607163277177,4126.933692479007,483.4527706543433,4132.207737141582,54.0,0.10795065928260948,-0.056430614074510235,0.1077338678064981,-0.052848014641501066,0.013829234949633331,0.02920869992057791
745,43,146,630.0947010611478,4141.259609929846,483.4527706543433,4132.207737141582,54.0,0.10795065928260948,-0.3083154507302359,0.1077338678064981,-0.3053703874787322,0.013829234949633331,0.09113729985445511
746,52,146,577.7231586056545,4060.836546501464,483.4527706543433,4132.207737141582,54.0,0.10795065928260948,-0.3195553585766664,0.1077338678064981,-0.3180726566117764,0.013829234949633331,0.08269989532870513
747,27,147,413.6607163277177,4126.933692479007,386.806017351092,4179.57604157623,54.0,0.10795065928260948,-0.08922206366106031,0.1077338678064981,-0.08674376785038111,0.013829234949633331,0.03579855631122324
748,44,147,472.0029937650396,4104.126300266757,386.806017351092,4179.57604157623,54.0,0.10795065928260948,-0.11472442796329721,0.1077338678064981,-0.10862342279019249,0.013829234949633331,0.0564971214252223
749,19,147,324.8153272931308,4135.979057138678,386.806017351092,4179.57604157623,54.0,0.10795065928260948,-0.09335104558309391,0.1077338678064981,-0.09205368226407833,0.013829234949633331,0.04255323813618529
750,64,147,251.14156651564912,4194.6094429104505,386.806017351092,4179.57604157623,54.0,0.10795065928260948,-0.17987516421194033,0.1077338678064981,-0.17521770508142784,0.013829234949633331,0.08229948691789506
751,23,147,473.2888408458269,4304.725925046426,386.806017351092,4179.57604157623,54.0,0.10795065928260948,-0.24339067608632364,0.1077338678064981,-0.2373011678575278,0.013829234949633331,0.08828279288212645
752,22,147,301.6304881357929,4156.037775497009,386.806017351092,4179.57604157623,54.0,0.10795065928260948,-0.11175803986744014,0.1077338678064981,-0.11022804885635873,0.013829234949633331,0.049944884494100304
753,31,147,286.22286085268047,4096.016113555928,386.806017351092,4179.57604157623,54.0,0.10795065928260948,-0.19339791399813244,0.1077338678064981,-0.19259619777825598,0.013829234949633331,0.07604496346307209
754,60,148,462.2337953932308,4065.780960132662,401.4932788272162,4176.635388358298,54.0,0.10795065928260948,-0.20091099080418165,0.1077338678064981,-0.19817286727746164,0.013829234949633331,0.07147724816144234
755,22,148,301.6304881357929,4156.037775497009,401.4932788272162,4176.635388358298,54.0,0.10795065928260948,-0.13359276834673775,0.1077338678064981,-0.13129723917928124,0.013829234949633331,0.05884936908608945
756,16,148,510.22088537403255,4246.5421852479,401.4932788272162,4176.635388358298,54.0,0.10795065928260948,-0.08623591118646598,0.1077338678064981,-0.08004471463511753,0.013829234949633331,0.05268231835598907
757,65,148,465.43944178630807,4063.6597216274654,401.4932788272162,4176.635388358298,54.0,0.10795065928260948,-0.20428339660889153,0.1077338678064981,-0.20144787708951653,0.013829234949633331,0.07326297358891895
758,31,148,286.22286085268047,4096.016113555928,401.4932788272162,4176.635388358298,54.0,0.10795065928260948,-0.21627892421165124,0.1077338678064981,-0.21464863369672385,0.013829234949633331,0.08375357364303149
759,44,148,472.0029937650396,4104.126300266757,401.4932788272162,4176.635388358298,54.0,0.10795065928260948,-0.09147425382161731,0.1077338678064981,-0.08568389472321433,0.013829234949633331,0.04792836898498527
760,41,148,461.8106926932424,4070.996636995212,401.4932788272162,4176.635388358298,54.0,0.10795065928260948,-0.185267391747248,0.1077338678064981,-0.1822989836930556,0.013829234949633331,0.06805958981027323
761,23,148,474.5872176506747,4303.944856754831,401.4932788272162,4176.635388358298,54.0,0.10795065928260948,-0.2286971764803374,0.1077338678064981,-0.2229041481631602,0.013829234949633331,0.08336664785821488
762,27,148,413.6607163277177,4126.933692479007,401.4932788272162,4176.635388358298,54.0,0.10795065928260948,-0.0772037362903184,0.1077338678064981,-0.07518214627854268,0.013829234949633331,0.030843131467315776
763,35,148,583.2192292927565,4207.570440686977,401.4932788272162,4176.635388358298,54.0,0.10795065928260948,-0.19643713056744774,0.1077338678064981,-0.1893906136213258,0.013829234949633331,0.08777499609480843
764,61,148,463.203498736656,4062.892527800171,401.4932788272162,4176.635388358298,54.0,0.10795065928260948,-0.20871253579356902,0.1077338678064981,-0.20605216726939832,0.013829234949633331,0.07344701603225805
765,64,149,251.14156651564912,4194.6094429104505,389.9604697213796,4163.03171392889,54.0,0.10795065928260948,-0.19677277188973874,0.1077338678064981,-0.19225547794061787,0.013829234949633331,0.08738229488349565
766,23,149,473.2888408458269,4304.725925046426,389.9604697213796,4163.03171392889,54.0,0.10795065928260948,-0.25537870086351594,0.1077338678064981,-0.24853185345586112,0.013829234949633331,0.09456294260175344
767,44,149,470.9318574712719,4102.798680980681,389.9604697213796,4163.03171392889,54.0,0.10795065928260948,-0.11184941405898889,0.1077338678064981,-0.10718425508970722,0.013829234949633331,0.050550343530222044
768,41,149,461.8106926932424,4070.996636995212,389.9604697213796,4163.03171392889,54.0,0.10795065928260948,-0.20301740901790696,0.1077338678064981,-0.20070438835965665,0.013829234949633331,0.06669549504094188
769,65,149,465.43944178630807,4063.6597216274654,389.9604697213796,4163.03171392889,54.0,0.10795065928260948,-0.2243013148172792,0.1077338678064981,-0.222130234660583,0.013829234949633331,0.07198936298701987
770,27,149,413.6607163277177,4126.933692479007,389.9604697213796,4163.03171392889,54.0,0.10795065928260948,-0.07009503181055213,0.1077338678064981,-0.06848513171103994,0.013829234949633331,0.026740260182937032
771,31,149,286.22286085268047,4096.016113555928,389.9604697213796,4163.03171392889,54.0,0.10795065928260948,-0.19689989980185224,0.1077338678064981,-0.1960578787618407,0.013829234949633331,0.07412911563212228
772,16,149,510.22088537403255,4246.5421852479,389.9604697213796,4163.03171392889,54.0,0.10795065928260948,-0.1085951205586272,0.1077338678064981,-0.10116437937968978,0.013829234949633331,0.06256988104044844
773,19,149,324.8153272931308,4135.979057138678,389.9604697213796,4163.03171392889,54.0,0.10795065928260948,-0.09279436438943596,0.1077338678064981,-0.09130238114388008,0.013829234949633331,0.04107897827871397
774,22,150,301.6304881357929,4156.037775497009,394.9748241590559,4145.544797531951,54.0,0.10795065928260948,-0.1384772552277443,0.1077338678064981,-0.13709505333874547,0.013829234949633331,0.05610434364179585
775,45,150,517.3116391169647,4113.7490927459785,394.9748241590559,4145.544797531951,54.0,0.10795065928260948,-0.16683971323602417,0.1077338678064981,-0.1629845380161038,0.013829234949633331,0.0657952452879895
776,60,150,462.2337953932308,4065.780960132662,394.9748241590559,4145.544797531951,54.0,0.10795065928260948,-0.2047519226899277,0.1077338678064981,-0.20347582597199967,0.013829234949633331,0.06010757214957158
777,64,150,251.14156651564912,4194.6094429104505,394.9748241590559,4145.544797531951,54.0,0.10795065928260948,-0.21535034998535207,0.1077338678064981,-0.21190236259239165,0.013829234949633331,0.09290325584389575
778,31,150,286.22286085268047,4096.016113555928,394.9748241590559,4145.544797531951,54.0,0.10795065928260948,-0.20860512911393458,0.1077338678064981,-0.2088310886734634,0.013829234949633331,0.07283174705495647
779,16,150,510.22088537403255,4246.5421852479,394.9748241590559,4145.544797531951,54.0,0.10795065928260948,-0.11663454386611756,0.1077338678064981,-0.10808541390604445,0.013829234949633331,0.06532644924233467
780,41,150,461.8106926932424,4070.996636995212,394.9748241590559,4145.544797531951,54.0,0.10795065928260948,-0.1886537820954511,0.1077338678064981,-0.1872339731738389,0.013829234949633331,0.05686572095088219
781,23,150,483.3372311402949,4299.149932898283,394.9748241590559,4145.544797531951,54.0,0.10795065928260948,-0.23999588995039678,0.1077338678064981,-0.23285069054121518,0.013829234949633331,0.09790258257334525
782,44,150,470.9318574712719,4102.798680980681,394.9748241590559,4145.544797531951,54.0,0.10795065928260948,-0.10327020048443958,0.1077338678064981,-0.10025179929112696,0.013829234949633331,0.04293342375117611
783,65,150,465.43944178630807,4063.6597216274654,394.9748241590559,4145.544797531951,54.0,0.10795065928260948,-0.21039546952326516,0.1077338678064981,-0.20913341672615432,0.013829234949633331,0.06216353691448917
784,19,150,324.8153272931308,4135.979057138678,394.9748241590559,4145.544797531951,54.0,0.10795065928260948,-0.10577884285308392,0.1077338678064981,-0.10476795780741885,0.013829234949633331,0.042589969789725186
785,27,150,413.6607163277177,4126.933692479007,394.9748241590559,4145.544797531951,54.0,0.10795065928260948,-0.04724033903272078,0.1077338678064981,-0.046581950805069244,0.013829234949633331,0.0167522470602098
786,61,150,463.203498736656,4062.892527800171,394.9748241590559,4145.544797531951,54.0,0.10795065928260948,-0.21326057554282649,0.1077338678064981,-0.21204990802837423,0.013829234949633331,0.06206285312185403
787,44,151,470.9318574712719,4102.798680980681,400.0129569713684,4123.689989750867,54.0,0.10795065928260948,-0.09587259641503085,0.1077338678064981,-0.09334788314342406,0.013829234949633331,0.03481387523728863
788,31,151,286.22286085268047,4096.016113555928,400.0129569713684,4123.689989750867,54.0,0.10795065928260948,-0.22297804137515645,0.1077338678064981,-0.22297509099575039,0.013829234949633331,0.07070719979491262
789,27,151,413.6607163277177,4126.933692479007,400.0129569713684,4123.689989750867,54.0,0.10795065928260948,-0.029519201043088056,0.1077338678064981,-0.02904128484469949,0.013829234949633331,0.009478502576626992
790,23,151,485.3312407692456,4298.036308618457,400.0129569713684,4123.689989750867,54.0,0.10795065928260948,-0.24629894096278243,0.1077338678064981,-0.23782058566172906,0.013829234949633331,0.10400196509993921
791,16,151,510.22088537403255,4246.5421852479,400.0129569713684,4123.689989750867,54.0,0.10795065928260948,-0.13503183605757815,0.1077338678064981,-0.12543345960309094,0.013829234949633331,0.07085530952096941
792,22,151,301.6304881357929,4156.037775497009,400.0129569713684,4123.689989750867,54.0,0.10795065928260948,-0.1568735027373679,0.1077338678064981,-0.1553534131585989,0.013829234949633331,0.06259317340919945
793,41,151,461.8106926932424,4070.996636995212,400.0129569713684,4123.689989750867,54.0,0.10795065928260948,-0.17224512125291255,0.1077338678064981,-0.17108828942428345,0.013829234949633331,0.04567365052189435
794,19,151,324.8153272931308,4135.979057138678,400.0129569713684,4123.689989750867,54.0,0.10795065928260948,-0.11789422954250613,0.1077338678064981,-0.11675404937084992,0.013829234949633331,0.04586628337831821
795,60,152,462.2337953932308,4065.780960132662,368.6002895440568,4115.012049920167,54.0,0.10795065928260948,-0.2370991220928252,0.1077338678064981,-0.236038489769511,0.013829234949633331,0.06253750678172643
796,21,152,129.6510563411616,4132.672991581291,368.6002895440568,4115.012049920167,54.0,0.10795065928260948,-0.3997614999142432,0.1077338678064981,-0.39572068119662207,0.013829234949633331,0.14958861462946868
797,44,152,470.9318574712719,4102.798680980681,368.6002895440568,4115.012049920167,54.0,0.10795065928260948,-0.15667811158533493,0.1077338678064981,-0.15362252521298983,0.013829234949633331,0.05297744396095926
798,19,152,324.8153272931308,4135.979057138678,368.6002895440568,4115.012049920167,54.0,0.10795065928260948,-0.07045143047504282,0.1077338678064981,-0.07001029781608498,0.013829234949633331,0.028275406199069177
799,31,152,286.22286085268047,4096.016113555928,368.6002895440568,4115.012049920167,54.0,0.10795065928260948,-0.15760591151688916,0.1077338678064981,-0.15821882491166706,0.013829234949633331,0.05083595086272085
800,22,152,301.6304881357929,4156.037775497009,368.6002895440568,4115.012049920167,54.0,0.10795065928260948,-0.11136566411034172,0.1077338678064981,-0.11031821727706861,0.013829234949633331,0.046497036646238776
801,27,152,413.6607163277177,4126.933692479007,368.6002895440568,4115.012049920167,54.0,0.10795065928260948,-0.09344721041149688,0.1077338678064981,-0.09237085807991806,0.013829234949633331,0.028604450333107663
802,41,152,461.8106926932424,4070.996636995212,368.6002895440568,4115.012049920167,54.0,0.10795065928260948,-0.22991615635810833,0.1077338678064981,-0.22889356443365924,0.013829234949633331,0.06058202026312081
803,65,152,465.43944178630807,4063.6597216274654,368.6002895440568,4115.012049920167,54.0,0.10795065928260948,-0.2449531911257511,0.1077338678064981,-0.24391774988465534,0.013829234949633331,0.0648049323081174
804,44,153,470.9318574712719,4102.798680980681,355.472496002833,4097.248517477484,54.0,0.10795065928260948,-0.19262298511857717,0.1077338678064981,-0.18964924218138932,0.013829234949633331,0.05986597605205656
805,41,153,461.8106926932424,4070.996636995212,355.472496002833,4097.248517477484,54.0,0.10795065928260948,-0.24805916136296347,0.1077338678064981,-0.2469485930214948,0.013829234949633331,0.06393335708854729
806,19,153,316.10609806511434,4122.733676591362,355.472496002833,4097.248517477484,54.0,0.10795065928260948,-0.07723539975830626,0.1077338678064981,-0.07798036888738004,0.013829234949633331,0.027759308706286005
807,31,153,286.22286085268047,4096.016113555928,355.472496002833,4097.248517477484,54.0,0.10795065928260948,-0.14872036519786608,0.1077338678064981,-0.14885693537191544,0.013829234949633331,0.04068334723848588
808,64,153,251.14156651564912,4194.6094429104505,355.472496002833,4097.248517477484,54.0,0.10795065928260948,-0.22159108062528296,0.1077338678064981,-0.2185477522843357,0.013829234949633331,0.0898304137921182
809,22,153,291.5513345881172,4141.9609335740015,355.472496002833,4097.248517477484,54.0,0.10795065928260948,-0.12309215286845039,0.1077338678064981,-0.12330541255389216,0.013829234949633331,0.04715069655849993
810,27,153,413.6607163277177,4126.933692479007,355.472496002833,4097.248517477484,54.0,0.10795065928260948,-0.12970269552569172,0.1077338678064981,-0.12833800545144508,0.013829234949633331,0.0395128554600384
811,23,154,485.3312407692456,4298.036308618457,430.3589859894354,4126.467692831069,54.0,0.10795065928260948,-0.17573017027891083,0.1077338678064981,-0.16653778153999899,0.013829234949633331,0.08565359999257999
812,27,154,413.6607163277177,4126.933692479007,430.3589859894354,4126.467692831069,54.0,0.10795065928260948,-0.027431611944111017,0.1077338678064981,-0.026792629141348976,0.013829234949633331,0.010795807695428395
813,35,154,583.2192292927565,4207.570440686977,430.3589859894354,4126.467692831069,54.0,0.10795065928260948,-0.21983625022325842,0.1077338678064981,-0.21500607783063216,0.013829234949633331,0.08436875784966821
814,39,154,491.6009153175041,3965.873607703836,430.3589859894354,4126.467692831069,54.0,0.10795065928260948,-0.24141610117540963,0.1077338678064981,-0.23814692813151522,0.013829234949633331,0.09098448416491811
815,44,154,470.9318574712719,4102.798680980681,430.3589859894354,4126.467692831069,54.0,0.10795065928260948,-0.037618359518519634,0.1077338678064981,-0.03568815840402291,0.013829234949633331,0.018776367480394247
816,43,154,630.0947010611478,4141.259609929846,430.3589859894354,4126.467692831069,54.0,0.10795065928260948,-0.33912044457067003,0.1077338678064981,-0.33319360905357137,0.013829234949633331,0.11026728133024064
817,45,154,517.3116391169647,4113.7490927459785,430.3589859894354,4126.467692831069,54.0,0.10795065928260948,-0.11060419362812332,0.1077338678064981,-0.10799534406465788,0.013829234949633331,0.044281787741328085
818,60,154,462.2337953932308,4065.780960132662,430.3589859894354,4126.467692831069,54.0,0.10795065928260948,-0.11937119000027226,0.1077338678064981,-0.11904584888872519,0.013829234949633331,0.037556596774027375
819,16,154,510.22088537403255,4246.5421852479,430.3589859894354,4126.467692831069,54.0,0.10795065928260948,-0.08510636011583181,0.1077338678064981,-0.07627565784422441,0.013829234949633331,0.05425253526276079
820,61,154,463.203498736656,4062.892527800171,430.3589859894354,4126.467692831069,54.0,0.10795065928260948,-0.12662944742283025,0.1077338678064981,-0.12635879803481112,0.013829234949633331,0.03950045165673018
821,66,154,493.8518825171933,3956.000689079267,430.3589859894354,4126.467692831069,54.0,0.10795065928260948,-0.2529771335235845,0.1077338678064981,-0.24917284186473743,0.013829234949633331,0.09671690675967393
822,65,154,465.43944178630807,4063.6597216274654,430.3589859894354,4126.467692831069,54.0,0.10795065928260948,-0.12413790881763112,0.1077338678064981,-0.1237829567132774,0.013829234949633331,0.03936602575231367
823,41,154,461.8106926932424,4070.996636995212,430.3589859894354,4126.467692831069,54.0,0.10795065928260948,-0.10556057525337989,0.1077338678064981,-0.10509230083984081,0.013829234949633331,0.03417746160373964
824,47,154,497.40279712570856,4039.075701869608,430.3589859894354,4126.467692831069,54.0,0.10795065928260948,-0.20738485337048423,0.1077338678064981,-0.20599831505021027,0.013829234949633331,0.06362694585180059
825,19,154,324.8153272931308,4135.979057138678,430.3589859894354,4126.467692831069,54.0,0.10795065928260948,-0.1625866474003348,0.1077338678064981,-0.1605471638209182,0.013829234949633331,0.06368459346233116
826,22,154,301.6304881357929,4156.037775497009,430.3589859894354,4126.467692831069,54.0,0.10795065928260948,-0.2018121946743328,0.1077338678064981,-0.19941212074316866,0.013829234949633331,0.07958165486232155
827,66,155,493.8518825171933,3956.000689079267,449.2000034266989,4134.187260300013,54.0,0.10795065928260948,-0.2158955677234164,0.1077338678064981,-0.20995532224935914,0.013829234949633331,0.09187468603405939
828,41,155,461.8106926932424,4070.996636995212,449.2000034266989,4134.187260300013,54.0,0.10795065928260948,-0.06660906230224614,0.1077338678064981,-0.06386343902394048,0.013829234949633331,0.02617395857641717
829,37,155,628.569594659982,4182.409690156388,449.2000034266989,4134.187260300013,54.0,0.10795065928260948,-0.2584605617898659,0.1077338678064981,-0.2529498582475394,0.013829234949633331,0.09576924228768267
830,61,155,463.203498736656,4062.892527800171,449.2000034266989,4134.187260300013,54.0,0.10795065928260948,-0.0851239109850575,0.1077338678064981,-0.08246661678636522,0.013829234949633331,0.031486760543819235
831,47,155,497.40279712570856,4039.075701869608,449.2000034266989,4134.187260300013,54.0,0.10795065928260948,-0.17867733160051644,0.1077338678064981,-0.17516847518108875,0.013829234949633331,0.053596932686033966
832,39,155,491.6009153175041,3965.873607703836,449.2000034266989,4134.187260300013,54.0,0.10795065928260948,-0.20334601785691178,0.1077338678064981,-0.19782736228900308,0.013829234949633331,0.0856713232096959
833,44,155,472.0029937650396,4104.126300266757,449.2000034266989,4134.187260300013,54.0,0.10795065928260948,-0.013041763188977144,0.1077338678064981,-0.010539277311757403,0.013829234949633331,0.010273094138558007
834,45,155,517.3116391169647,4113.7490927459785,449.2000034266989,4134.187260300013,54.0,0.10795065928260948,-0.08550527457621357,0.1077338678064981,-0.08337007845595719,0.013829234949633331,0.03274284123103826
835,22,155,301.6304881357929,4156.037775497009,449.2000034266989,4134.187260300013,54.0,0.10795065928260948,-0.21862761871858238,0.1077338678064981,-0.21521313164708303,0.013829234949633331,0.0887267120123298
836,35,155,583.2192292927565,4207.570440686977,449.2000034266989,4134.187260300013,54.0,0.10795065928260948,-0.19935072913363164,0.1077338678064981,-0.1955869298377139,0.013829234949633331,0.07310012651175858
837,27,155,413.6607163277177,4126.933692479007,449.2000034266989,4134.187260300013,54.0,0.10795065928260948,-0.04673348794645972,0.1077338678064981,-0.045120585279857746,0.013829234949633331,0.02105776570359672
838,40,155,580.3679443218005,4175.917211801147,449.2000034266989,4134.187260300013,54.0,0.10795065928260948,-0.17821067452965753,0.1077338678064981,-0.17460431554234354,0.013829234949633331,0.06541843386256285
839,43,155,630.0947010611478,4141.259609929846,449.2000034266989,4134.187260300013,54.0,0.10795065928260948,-0.3186949047278388,0.1077338678064981,-0.31374551290333064,0.013829234949633331,0.09969762848468393
840,60,155,462.2337953932308,4065.780960132662,449.2000034266989,4134.187260300013,54.0,0.10795065928260948,-0.07863800945827722,0.1077338678064981,-0.0759497989575517,0.013829234949633331,0.02964177292115682
841,19,155,324.8153272931308,4135.979057138678,449.2000034266989,4134.187260300013,54.0,0.10795065928260948,-0.1818063965839497,0.1077338678064981,-0.17880948975788813,0.013829234949633331,0.07380632812694415
842,65,155,465.43944178630807,4063.6597216274654,449.2000034266989,4134.187260300013,54.0,0.10795065928260948,-0.08319213404090062,0.1077338678064981,-0.08051297821129492,0.013829234949633331,0.030896763796103798
843,16,155,510.22088537403255,4246.5421852479,449.2000034266989,4134.187260300013,54.0,0.10795065928260948,-0.05797257320964518,0.1077338678064981,-0.0504294787347579,0.013829234949633331,0.040464427824781414
844,23,155,485.3312407692456,4298.036308618457,449.2000034266989,4134.187260300013,54.0,0.10795065928260948,-0.12472395184229312,0.1077338678064981,-0.11659205023975551,0.013829234949633331,0.0654016638610966
845,47,156,497.40279712570856,4039.075701869608,419.46889643673006,4113.184483667058,54.0,0.10795065928260948,-0.22823983550791466,0.1077338678064981,-0.2274624555364741,0.013829234949633331,0.06399469149475699
846,43,156,630.0947010611478,4141.259609929846,419.46889643673006,4113.184483667058,54.0,0.10795065928260948,-0.39558757602823863,0.1077338678064981,-0.39166886833590586,0.013829234949633331,0.12409249394854717
847,66,156,493.8518825171933,3956.000689079267,419.46889643673006,4113.184483667058,54.0,0.10795065928260948,-0.24773556483816492,0.1077338678064981,-0.24268221947144133,0.013829234949633331,0.08982010109889405
848,27,156,413.6607163277177,4126.933692479007,419.46889643673006,4113.184483667058,54.0,0.10795065928260948,-0.033770199839526845,0.1077338678064981,-0.03321374421569252,0.013829234949633331,0.009723715531054805
849,22,156,301.6304881357929,4156.037775497009,419.46889643673006,4113.184483667058,54.0,0.10795065928260948,-0.20421723868167146,0.1077338678064981,-0.20190037111929796,0.013829234949633331,0.07512183197397616
850,61,156,463.203498736656,4062.892527800171,419.46889643673006,4113.184483667058,54.0,0.10795065928260948,-0.14223596351362255,0.1077338678064981,-0.14211010236965368,0.013829234949633331,0.03808510199631946
851,35,156,583.2192292927565,4207.570440686977,419.46889643673006,4113.184483667058,54.0,0.10795065928260948,-0.24953093570197898,0.1077338678064981,-0.24486390123256646,0.013829234949633331,0.09249836748362539
852,36,156,587.79522063936,3965.30735379632,419.46889643673006,4113.184483667058,54.0,0.10795065928260948,-0.4830825066719909,0.1077338678064981,-0.4783036420234162,0.013829234949633331,0.15486300180500978
853,31,156,286.22286085268047,4096.016113555928,419.46889643673006,4113.184483667058,54.0,0.10795065928260948,-0.26427575824271554,0.1077338678064981,-0.2633529980951186,0.013829234949633331,0.08012880757070075
854,39,156,491.6009153175041,3965.873607703836,419.46889643673006,4113.184483667058,54.0,0.10795065928260948,-0.2343657671364367,0.1077338678064981,-0.22962480732293103,0.013829234949633331,0.08331787492903127
855,45,156,517.3116391169647,4113.7490927459785,419.46889643673006,4113.184483667058,54.0,0.10795065928260948,-0.13066445804821103,0.1077338678064981,-0.12837320225440224,0.013829234949633331,0.049511682345812755
856,41,156,461.8106926932424,4070.996636995212,419.46889643673006,4113.184483667058,54.0,0.10795065928260948,-0.12047936199657586,0.1077338678064981,-0.12010455921905822,0.013829234949633331,0.03299435854675249
857,16,156,510.22088537403255,4246.5421852479,419.46889643673006,4113.184483667058,54.0,0.10795065928260948,-0.11475624637338933,0.1077338678064981,-0.10533784408713356,0.013829234949633331,0.06415953395967938
858,60,156,462.2337953932308,4065.780960132662,419.46889643673006,4113.184483667058,54.0,0.10795065928260948,-0.134508008797675,0.1077338678064981,-0.13430680422779456,0.013829234949633331,0.0361690147252051
859,44,156,470.9318574712719,4102.798680980681,419.46889643673006,4113.184483667058,54.0,0.10795065928260948,-0.05278362302368659,0.1077338678064981,-0.05099241644722659,0.013829234949633331,0.022628535436319368
860,23,156,485.3312407692456,4298.036308618457,419.46889643673006,4113.184483667058,54.0,0.10795065928260948,-0.21351736202474297,0.1077338678064981,-0.20388176104910358,0.013829234949633331,0.09676832943007727
861,19,156,324.8153272931308,4135.979057138678,419.46889643673006,4113.184483667058,54.0,0.10795065928260948,-0.1676162274900955,0.1077338678064981,-0.16570497734544123,0.013829234949633331,0.0578612899657827
862,39,157,491.6009153175041,3965.873607703836,441.3058323016815,4117.330786645255,54.0,0.10795065928260948,-0.2158858946858259,0.1077338678064981,-0.21256656754355377,0.013829234949633331,0.0847247453930696
863,41,157,461.8106926932424,4070.996636995212,441.3058323016815,4117.330786645255,54.0,0.10795065928260948,-0.08319309101247192,0.1077338678064981,-0.08272164859046677,0.013829234949633331,0.026985011091720086
864,19,157,324.8153272931308,4135.979057138678,441.3058323016815,4117.330786645255,54.0,0.10795065928260948,-0.19162711761558077,0.1077338678064981,-0.18957020716030698,0.013829234949633331,0.06916221373827312
865,47,157,497.40279712570856,4039.075701869608,441.3058323016815,4117.330786645255,54.0,0.10795065928260948,-0.18486138218234652,0.1077338678064981,-0.18320505280902055,0.013829234949633331,0.054979847775381174
866,23,157,485.3312407692456,4298.036308618457,441.3058323016815,4117.330786645255,54.0,0.10795065928260948,-0.16115391274199897,0.1077338678064981,-0.15243309469531754,0.013829234949633331,0.08049473430264116
867,61,157,463.203498736656,4062.892527800171,441.3058323016815,4117.330786645255,54.0,0.10795065928260948,-0.10335713953994433,0.1077338678064981,-0.10303923684152327,0.013829234949633331,0.03236236187732667
868,31,157,286.22286085268047,4096.016113555928,441.3058323016815,4117.330786645255,54.0,0.10795065928260948,-0.29718938401561984,0.1077338678064981,-0.2960486498007065,0.013829234949633331,0.09216455890322389
869,60,157,462.2337953932308,4065.780960132662,441.3058323016815,4117.330786645255,54.0,0.10795065928260948,-0.0964479785643311,0.1077338678064981,-0.09608797705179799,0.013829234949633331,0.030430967727145014
870,66,157,493.8518825171933,3956.000689079267,441.3058323016815,4117.330786645255,54.0,0.10795065928260948,-0.22843027805213847,0.1077338678064981,-0.22465120733038801,0.013829234949633331,0.0907575234071987
871,43,157,630.0947010611478,4141.259609929846,441.3058323016815,4117.330786645255,54.0,0.10795065928260948,-0.3550505464569204,0.1077338678064981,-0.35128023183486123,0.013829234949633331,0.11177853291047135
872,27,157,413.6607163277177,4126.933692479007,441.3058323016815,4117.330786645255,54.0,0.10795065928260948,-0.04711798600188573,0.1077338678064981,-0.046673405979347965,0.013829234949633331,0.01675018753505305
873,44,157,470.9318574712719,4102.798680980681,441.3058323016815,4117.330786645255,54.0,0.10795065928260948,-0.02076150708733366,0.1077338678064981,-0.019081617716612924,0.013829234949633331,0.011561297093814734
874,45,157,517.3116391169647,4113.7490927459785,441.3058323016815,4117.330786645255,54.0,0.10795065928260948,-0.09832124876244504,0.1077338678064981,-0.09625100631934247,0.013829234949633331,0.03802677364653735
875,35,157,583.2192292927565,4207.570440686977,441.3058323016815,4117.330786645255,54.0,0.10795065928260948,-0.22123591353162841,0.1077338678064981,-0.21714554795405136,0.013829234949633331,0.08075222669082875
876,65,157,465.43944178630807,4063.6597216274654,441.3058323016815,4117.330786645255,54.0,0.10795065928260948,-0.100935389437394,0.1077338678064981,-0.10055006987443771,0.013829234949633331,0.03211081228110443
877,60,158,462.2337953932308,4065.780960132662,461.8757609389279,4119.020701517225,54.0,0.10795065928260948,-0.0697541093256578,0.1077338678064981,-0.06803462053559355,0.013829234949633331,0.02411878033528333
878,52,158,577.7231586056545,4060.836546501464,461.8757609389279,4119.020701517225,54.0,0.10795065928260948,-0.3281864832893796,0.1077338678064981,-0.32582744884214704,0.013829234949633331,0.08829664690405253
879,37,158,628.569594659982,4182.409690156388,461.8757609389279,4119.020701517225,54.0,0.10795065928260948,-0.27175922332102,0.1077338678064981,-0.2665544252049644,0.013829234949633331,0.09893262855252398
880,27,158,413.6607163277177,4126.933692479007,461.8757609389279,4119.020701517225,54.0,0.10795065928260948,-0.05787042821226968,0.1077338678064981,-0.05658302299557876,0.013829234949633331,0.023969886527564307
881,61,158,463.203498736656,4062.892527800171,461.8757609389279,4119.020701517225,54.0,0.10795065928260948,-0.07616802137117672,0.1077338678064981,-0.07448273506512736,0.013829234949633331,0.025948430609498536
882,41,158,461.8106926932424,4070.996636995212,461.8757609389279,4119.020701517225,54.0,0.10795065928260948,-0.0577975292705371,0.1077338678064981,-0.05602783515628328,0.013829234949633331,0.02068066209071021
883,45,158,517.3116391169647,4113.7490927459785,461.8757609389279,4119.020701517225,54.0,0.10795065928260948,-0.08498338776381169,0.1077338678064981,-0.08377641285731145,0.013829234949633331,0.0308741951661227
884,31,158,286.22286085268047,4096.016113555928,461.8757609389279,4119.020701517225,54.0,0.10795065928260948,-0.3130902698095419,0.1077338678064981,-0.31104899585755746,0.013829234949633331,0.09996686391118478
885,19,158,324.8153272931308,4135.979057138678,461.8757609389279,4119.020701517225,54.0,0.10795065928260948,-0.19920126597717147,0.1077338678064981,-0.19641397121861323,0.013829234949633331,0.07721099839681779
886,16,158,510.22088537403255,4246.5421852479,461.8757609389279,4119.020701517225,54.0,0.10795065928260948,-0.06675806698619646,0.1077338678064981,-0.05904572971067661,0.013829234949633331,0.045383489799234886
887,40,158,580.3679443218005,4175.917211801147,461.8757609389279,4119.020701517225,54.0,0.10795065928260948,-0.18574936706014106,0.1077338678064981,-0.18209923838533248,0.013829234949633331,0.06753753905951282
888,43,158,630.0947010611478,4141.259609929846,461.8757609389279,4119.020701517225,54.0,0.10795065928260948,-0.34561271117322745,0.1077338678064981,-0.34280358032827424,0.013829234949633331,0.10424847449013239
889,47,158,497.40279712570856,4039.075701869608,461.8757609389279,4119.020701517225,54.0,0.10795065928260948,-0.1781511574262956,0.1077338678064981,-0.17593626358767575,0.013829234949633331,0.048872043582885556
890,22,158,301.6304881357929,4156.037775497009,461.8757609389279,4119.020701517225,54.0,0.10795065928260948,-0.231195052215317,0.1077338678064981,-0.2275873627548432,0.013829234949633331,0.09375266636973091
891,66,158,493.8518825171933,3956.000689079267,461.8757609389279,4119.020701517225,54.0,0.10795065928260948,-0.22167123419405257,0.1077338678064981,-0.21666801854523693,0.013829234949633331,0.08881426224060292
892,36,158,587.79522063936,3965.30735379632,461.8757609389279,4119.020701517225,54.0,0.10795065928260948,-0.459560984446933,0.1077338678064981,-0.4552023318831366,0.013829234949633331,0.14376753831896985
893,39,158,491.6009153175041,3965.873607703836,461.8757609389279,4119.020701517225,54.0,0.10795065928260948,-0.20810610825004874,0.1077338678064981,-0.20354325153553732,0.013829234949633331,0.08248550507963424
894,65,158,465.43944178630807,4063.6597216274654,461.8757609389279,4119.020701517225,54.0,0.10795065928260948,-0.07416237197800457,0.1077338678064981,-0.0724748719372493,0.013829234949633331,0.025359177998240147
895,29,158,679.1344462972443,4226.875249913833,461.8757609389279,4119.020701517225,54.0,0.10795065928260948,-0.3530971846606159,0.1077338678064981,-0.34525983466929927,0.013829234949633331,0.13797011086589872
896,35,158,583.2192292927565,4207.570440686977,461.8757609389279,4119.020701517225,54.0,0.10795065928260948,-0.21449289068876984,0.1077338678064981,-0.2108085329015308,0.013829234949633331,0.07573678298163446
897,23,158,485.3312407692456,4298.036308618457,461.8757609389279,4119.020701517225,54.0,0.10795065928260948,-0.11657520870510334,0.1077338678064981,-0.10786836640435901,0.013829234949633331,0.06412060671608596
898,44,158,472.0029937650396,4104.126300266757,461.8757609389279,4119.020701517225,54.0,0.10795065928260948,-0.00609905180814493,0.1077338678064981,-0.004828005385466973,0.013829234949633331,0.004979607091866942
899,16,159,510.22088537403255,4246.5421852479,463.0991676542265,4094.409156956978,54.0,0.10795065928260948,-0.08888379203744581,0.1077338678064981,-0.07996880607483894,0.013829234949633331,0.056287497350502175
900,19,159,324.8153272931308,4135.979057138678,463.0991676542265,4094.409156956978,54.0,0.10795065928260948,-0.24768942900519256,0.1077338678064981,-0.24529904638889388,0.013829234949633331,0.08281003994724437
901,22,159,301.6304881357929,4156.037775497009,463.0991676542265,4094.409156956978,54.0,0.10795065928260948,-0.2799348904707385,0.1077338678064981,-0.2770248686267357,0.013829234949633331,0.10028800593237362
902,45,160,517.3116391169647,4113.7490927459785,497.349430140396,4097.801429893575,54.0,0.10795065928260948,-0.08854461937632739,0.1077338678064981,-0.0883763030709609,0.013829234949633331,0.021960167550360607
903,54,160,562.1256537151418,3993.041990758743,497.349430140396,4097.801429893575,54.0,0.10795065928260948,-0.3391192197459524,0.1077338678064981,-0.33732834153119184,0.013829234949633331,0.0962736648073103
904,47,160,497.40279712570856,4039.075701869608,497.349430140396,4097.801429893575,54.0,0.10795065928260948,-0.16622138059845556,0.1077338678064981,-0.16581348969532395,0.013829234949633331,0.04000240407842789
905,31,160,286.22286085268047,4096.016113555928,497.349430140396,4097.801429893575,54.0,0.10795065928260948,-0.4750632909451678,0.1077338678064981,-0.47380094618250757,0.013829234949633331,0.12291318181186475
906,52,160,577.7231586056545,4060.836546501464,497.349430140396,4097.801429893575,54.0,0.10795065928260948,-0.29451687823922734,0.1077338678064981,-0.29323854817504863,0.013829234949633331,0.07029039498060834
907,37,160,628.569594659982,4182.409690156388,497.349430140396,4097.801429893575,54.0,0.10795065928260948,-0.36392189816147724,0.1077338678064981,-0.3614997126727008,0.013829234949633331,0.10215095404797707
908,51,160,515.5112789978382,4127.169092421015,497.349430140396,4097.801429893575,54.0,0.10795065928260948,-0.0912543766995646,0.1077338678064981,-0.09100071724055034,0.013829234949633331,0.02412321952603861
909,43,160,630.0947010611478,4141.259609929846,497.349430140396,4097.801429893575,54.0,0.10795065928260948,-0.4081559635444203,0.1077338678064981,-0.40667350366736144,0.013829234949633331,0.09919619912171981
910,36,160,587.79522063936,3965.30735379632,497.349430140396,4097.801429893575,54.0,0.10795065928260948,-0.42534064050335135,0.1077338678064981,-0.4225492094620557,0.013829234949633331,0.13014531830805637
911,44,160,483.44979327053113,4094.555736594287,497.349430140396,4097.801429893575,54.0,0.10795065928260948,-0.04392114108340694,0.1077338678064981,-0.044036965491403096,0.013829234949633331,0.009520149825273097
912,23,160,485.3312407692456,4298.036308618457,497.349430140396,4097.801429893575,54.0,0.10795065928260948,-0.16022336950564975,0.1077338678064981,-0.15189985618573892,0.013829234949633331,0.08320094265763352
913,41,160,461.8106926932424,4070.996636995212,497.349430140396,4097.801429893575,54.0,0.10795065928260948,-0.11823655379834765,0.1077338678064981,-0.11835963409799405,0.013829234949633331,0.02808012707890978
914,16,160,516.0758652237084,4245.553096251029,497.349430140396,4097.801429893575,54.0,0.10795065928260948,-0.19764929765808517,0.1077338678064981,-0.1950558173979282,0.013829234949633331,0.08324622126955394
915,60,160,462.2337953932308,4065.780960132662,497.349430140396,4097.801429893575,54.0,0.10795065928260948,-0.13120805554005374,0.1077338678064981,-0.13155283965458858,0.013829234949633331,0.031056941584707197
916,35,160,583.2192292927565,4207.570440686977,497.349430140396,4097.801429893575,54.0,0.10795065928260948,-0.3065727057962801,0.1077338678064981,-0.30510056467442415,0.013829234949633331,0.08729854477266612
917,29,160,679.1344462972443,4226.875249913833,497.349430140396,4097.801429893575,54.0,0.10795065928260948,-0.4506722993200627,0.1077338678064981,-0.4449382373831186,0.013829234949633331,0.1460084659784986
918,61,160,463.203498736656,4062.892527800171,497.349430140396,4097.801429893575,54.0,0.10795065928260948,-0.13757192945417834,0.1077338678064981,-0.13803529070468087,0.013829234949633331,0.032394608913002505
919,39,160,491.6009153175041,3965.873607703836,497.349430140396,4097.801429893575,54.0,0.10795065928260948,-0.24390698248358145,0.1077338678064981,-0.24079560421125223,0.013829234949633331,0.07944885722855448
920,66,160,493.8518825171933,3956.000689079267,497.349430140396,4097.801429893575,54.0,0.10795065928260948,-0.2567300313289047,0.1077338678064981,-0.2532088107952505,0.013829234949633331,0.08560560396490637
921,27,160,413.6607163277177,4126.933692479007,497.349430140396,4097.801429893575,54.0,0.10795065928260948,-0.10797973518262856,0.1077338678064981,-0.10564380538388043,0.013829234949633331,0.04230545490236366
922,22,160,301.6304881357929,4156.037775497009,497.349430140396,4097.801429893575,54.0,0.10795065928260948,-0.2918702727469138,0.1077338678064981,-0.28764065522807036,0.013829234949633331,0.11195971110268116
923,19,160,324.8153272931308,4135.979057138678,497.349430140396,4097.801429893575,54.0,0.10795065928260948,-0.26699687798593863,0.1077338678064981,-0.2630215164837123,0.013829234949633331,0.09530659721868599
924,65,160,465.43944178630807,4063.6597216274654,497.349430140396,4097.801429893575,54.0,0.10795065928260948,-0.13243393746986606,0.1077338678064981,-0.13283306167017764,0.013829234949633331,0.030884445058482136
925,40,160,580.3679443218005,4175.917211801147,497.349430140396,4097.801429893575,54.0,0.10795065928260948,-0.26850795935741173,0.1077338678064981,-0.26730958809068295,0.013829234949633331,0.07349299770075468
926,27,161,413.6607163277177,4126.933692479007,427.0875297765728,4166.871477716365,54.0,0.10795065928260948,-0.062481151191837316,0.1077338678064981,-0.060718848181465626,0.013829234949633331,0.02500688388691291
927,22,161,301.6304881357929,4156.037775497009,427.0875297765728,4166.871477716365,54.0,0.10795065928260948,-0.16712035311965606,0.1077338678064981,-0.1634068446489016,0.013829234949633331,0.07354335557914796
928,19,161,324.8153272931308,4135.979057138678,427.0875297765728,4166.871477716365,54.0,0.10795065928260948,-0.14443763891743283,0.1077338678064981,-0.14081382846349452,0.013829234949633331,0.06341380165946289
929,45,162,517.3116391169647,4113.7490927459785,445.0921586695306,4179.847078147817,54.0,0.10795065928260948,-0.08286345323609365,0.1077338678064981,-0.07778307668941167,0.013829234949633331,0.03761203485360032
930,16,162,510.22088537403255,4246.5421852479,445.0921586695306,4179.847078147817,54.0,0.10795065928260948,-0.046521483060433924,0.1077338678064981,-0.04087273956241237,0.013829234949633331,0.03219056640159998
931,37,162,628.569594659982,4182.409690156388,445.0921586695306,4179.847078147817,54.0,0.10795065928260948,-0.24585361756360513,0.1077338678064981,-0.23981796897624616,0.013829234949633331,0.09469664718300254
932,43,162,630.0947010611478,4141.259609929846,445.0921586695306,4179.847078147817,54.0,0.10795065928260948,-0.2991189023498548,0.1077338678064981,-0.2942565452709246,0.013829234949633331,0.10207147311065548
933,30,162,625.9985091941669,4344.425799606012,445.0921586695306,4179.847078147817,54.0,0.10795065928260948,-0.4372314826525981,0.1077338678064981,-0.4297064854260974,0.013829234949633331,0.12487394186859244
934,35,162,583.2192292927565,4207.570440686977,445.0921586695306,4179.847078147817,54.0,0.10795065928260948,-0.16544616017198677,0.1077338678064981,-0.160961845860951,0.013829234949633331,0.06771421263478154
935,41,162,461.8106926932424,4070.996636995212,445.0921586695306,4179.847078147817,54.0,0.10795065928260948,-0.09113227510837511,0.1077338678064981,-0.08514096691496192,0.013829234949633331,0.043236556662815596
936,23,162,485.3312407692456,4298.036308618457,445.0921586695306,4179.847078147817,54.0,0.10795065928260948,-0.13061212502308345,0.1077338678064981,-0.12512280887057833,0.013829234949633331,0.05861390769018588
937,60,162,462.2337953932308,4065.780960132662,445.0921586695306,4179.847078147817,54.0,0.10795065928260948,-0.10337424641920305,0.1077338678064981,-0.09744288388539321,0.013829234949633331,0.04681968555726837
938,44,162,472.0029937650396,4104.126300266757,445.0921586695306,4179.847078147817,54.0,0.10795065928260948,-0.029887030368998313,0.1077338678064981,-0.02464048519566927,0.013829234949633331,0.022923694785837147
939,16,163,510.22088537403255,4246.5421852479,464.4918658899569,4168.568037566508,54.0,0.10795065928260948,-0.04533668771176835,0.1077338678064981,-0.03985457668415946,0.013829234949633331,0.03097487274725855
940,29,163,679.1344462972443,4226.875249913833,464.4918658899569,4168.568037566508,54.0,0.10795065928260948,-0.3301898910436225,0.1077338678064981,-0.3253804572925486,0.013829234949633331,0.12715020472627517
941,35,163,583.2192292927565,4207.570440686977,464.4918658899569,4168.568037566508,54.0,0.10795065928260948,-0.1706176366714705,0.1077338678064981,-0.1680095826897363,0.013829234949633331,0.0637608692537511
942,27,163,413.6607163277177,4126.933692479007,464.4918658899569,4168.568037566508,54.0,0.10795065928260948,-0.06200249554163726,0.1077338678064981,-0.05850655473836649,0.013829234949633331,0.03074578404175008
943,23,163,485.3312407692456,4298.036308618457,464.4918658899569,4168.568037566508,54.0,0.10795065928260948,-0.10510263614210041,0.1077338678064981,-0.09937271246124373,0.013829234949633331,0.05335238180167237
944,44,163,472.0029937650396,4104.126300266757,464.4918658899569,4168.568037566508,54.0,0.10795065928260948,-0.01943970049047789,0.1077338678064981,-0.015376983094268945,0.013829234949633331,0.015996615736294233
945,37,163,628.569594659982,4182.409690156388,464.4918658899569,4168.568037566508,54.0,0.10795065928260948,-0.24523549242007647,0.1077338678064981,-0.2408662512510054,0.013829234949633331,0.08868745977815969
946,43,163,630.0947010611478,4141.259609929846,464.4918658899569,4168.568037566508,54.0,0.10795065928260948,-0.29837099931895944,0.1077338678064981,-0.2953079281044532,0.013829234949633331,0.09581963908635445
947,61,163,463.203498736656,4062.892527800171,464.4918658899569,4168.568037566508,54.0,0.10795065928260948,-0.08978262679796553,0.1077338678064981,-0.08511757568908157,0.013829234949633331,0.03752342312780909
948,19,163,324.8153272931308,4135.979057138678,464.4918658899569,4168.568037566508,54.0,0.10795065928260948,-0.16949907631197964,0.1077338678064981,-0.16357249428431997,0.013829234949633331,0.07774997367971855
949,65,163,465.43944178630807,4063.6597216274654,464.4918658899569,4168.568037566508,54.0,0.10795065928260948,-0.0879435963067228,0.1077338678064981,-0.08327759891579206,0.013829234949633331,0.03697828712955497
950,45,163,517.3116391169647,4113.7490927459785,464.4918658899569,4168.568037566508,54.0,0.10795065928260948,-0.07691855240912439,0.1077338678064981,-0.0732893823697359,0.013829234949633331,0.03236738378128273
951,40,163,580.3679443218005,4175.917211801147,464.4918658899569,4168.568037566508,54.0,0.10795065928260948,-0.16781439852719238,0.1077338678064981,-0.16515579211828224,0.013829234949633331,0.059328817815822665
952,60,163,462.2337953932308,4065.780960132662,464.4918658899569,4168.568037566508,54.0,0.10795065928260948,-0.08343576895354908,0.1077338678064981,-0.07873653227516755,0.013829234949633331,0.03571364994216319
953,30,163,625.9985091941669,4344.425799606012,464.4918658899569,4168.568037566508,54.0,0.10795065928260948,-0.4624236785832222,0.1077338678064981,-0.4559472672444081,0.013829234949633331,0.12888749499976968
954,41,163,461.8106926932424,4070.996636995212,464.4918658899569,4168.568037566508,54.0,0.10795065928260948,-0.07183763449396875,0.1077338678064981,-0.06708567392598752,0.013829234949633331,0.0323839341297975
955,44,164,472.0029937650396,4104.126300266757,459.1578980508352,4149.265568710596,54.0,0.10795065928260948,-0.014207006775138344,0.1077338678064981,-0.01122773904933795,0.013829234949633331,0.01168705019897628
956,45,164,517.3116391169647,4113.7490927459785,459.1578980508352,4149.265568710596,54.0,0.10795065928260948,-0.07402758079621556,0.1077338678064981,-0.0709208348228894,0.013829234949633331,0.028428450117605916
957,60,164,462.2337953932308,4065.780960132662,459.1578980508352,4149.265568710596,54.0,0.10795065928260948,-0.07794318037863865,0.1077338678064981,-0.0744103667735537,0.013829234949633331,0.031117073281015012
958,40,164,580.3679443218005,4175.917211801147,459.1578980508352,4149.265568710596,54.0,0.10795065928260948,-0.1716152465785412,0.1077338678064981,-0.16865881531528157,0.013829234949633331,0.06189781122281021
959,22,164,301.6304881357929,4156.037775497009,459.1578980508352,4149.265568710596,54.0,0.10795065928260948,-0.18917048492563962,0.1077338678064981,-0.18336509724577305,0.013829234949633331,0.08710235522120795
960,43,164,630.0947010611478,4141.259609929846,459.1578980508352,4149.265568710596,54.0,0.10795065928260948,-0.3155577694758405,0.1077338678064981,-0.3111739897932269,0.013829234949633331,0.09724800426581147
961,66,164,493.8518825171933,3956.000689079267,459.1578980508352,4149.265568710596,54.0,0.10795065928260948,-0.23630218802743333,0.1077338678064981,-0.22923255767781228,0.013829234949633331,0.09615556042374193
962,65,164,465.43944178630807,4063.6597216274654,459.1578980508352,4149.265568710596,54.0,0.10795065928260948,-0.08258381466716297,0.1077338678064981,-0.07907744521862474,0.013829234949633331,0.03243707682561681
963,16,164,510.22088537403255,4246.5421852479,459.1578980508352,4149.265568710596,54.0,0.10795065928260948,-0.05210440829763476,0.1077338678064981,-0.045651929387278314,0.013829234949633331,0.03594666948293568
964,35,164,583.2192292927565,4207.570440686977,459.1578980508352,4149.265568710596,54.0,0.10795065928260948,-0.1872287957208888,0.1077338678064981,-0.1841478764127774,0.013829234949633331,0.06854872628220308
965,37,164,628.569594659982,4182.409690156388,459.1578980508352,4149.265568710596,54.0,0.10795065928260948,-0.25008787179056163,0.1077338678064981,-0.24534665205188133,0.013829234949633331,0.09170403148172623
966,41,164,461.8106926932424,4070.996636995212,459.1578980508352,4149.265568710596,54.0,0.10795065928260948,-0.06625128722845443,0.1077338678064981,-0.06266772537231691,0.013829234949633331,0.027755660727144915
967,27,164,413.6607163277177,4126.933692479007,459.1578980508352,4149.265568710596,54.0,0.10795065928260948,-0.05423595705356965,0.1077338678064981,-0.051855555055887105,0.013829234949633331,0.025568181519061813
968,39,164,491.6009153175041,3965.873607703836,459.1578980508352,4149.265568710596,54.0,0.10795065928260948,-0.22241384806824477,0.1077338678064981,-0.21580047656940388,0.013829234949633331,0.08984815841955444
969,31,164,286.22286085268047,4096.016113555928,459.1578980508352,4149.265568710596,54.0,0.10795065928260948,-0.29269238258930785,0.1077338678064981,-0.2902672585605631,0.013829234949633331,0.1044686643644363
970,23,164,485.3312407692456,4298.036308618457,459.1578980508352,4149.265568710596,54.0,0.10795065928260948,-0.11260472981148362,0.1077338678064981,-0.10558495566000392,0.013829234949633331,0.05883015609141479
971,30,164,625.9985091941669,4344.425799606012,459.1578980508352,4149.265568710596,54.0,0.10795065928260948,-0.4842881097062712,0.1077338678064981,-0.47726421642382033,0.013829234949633331,0.1371804778000019
972,29,164,679.1344462972443,4226.875249913833,459.1578980508352,4149.265568710596,54.0,0.10795065928260948,-0.3423856726235718,0.1077338678064981,-0.3368366746634618,0.013829234949633331,0.1313490084094599
973,47,164,497.40279712570856,4039.075701869608,459.1578980508352,4149.265568710596,54.0,0.10795065928260948,-0.1995533142732387,0.1077338678064981,-0.19604755580455172,0.013829234949633331,0.05743027285393183
974,19,164,324.8153272931308,4135.979057138678,459.1578980508352,4149.265568710596,54.0,0.10795065928260948,-0.18602323462273537,0.1077338678064981,-0.1824427501048382,0.013829234949633331,0.07667560646265476
975,61,164,463.203498736656,4062.892527800171,459.1578980508352,4149.265568710596,54.0,0.10795065928260948,-0.08435283804184412,0.1077338678064981,-0.08085222779476213,0.013829234949633331,0.03294998740810037
976,40,165,580.3679443218005,4175.917211801147,475.4797026759927,4147.082451233341,54.0,0.10795065928260948,-0.1690276150343395,0.1077338678064981,-0.16704053976147534,0.013829234949633331,0.058586373945687366
977,41,165,461.8106926932424,4070.996636995212,475.4797026759927,4147.082451233341,54.0,0.10795065928260948,-0.06705541440184291,0.1077338678064981,-0.06352972852389129,0.013829234949633331,0.02793549470564324
978,45,165,517.3116391169647,4113.7490927459785,475.4797026759927,4147.082451233341,54.0,0.10795065928260948,-0.07081711014179469,0.1077338678064981,-0.0684642860194675,0.013829234949633331,0.026160204761364617
979,27,165,413.6607163277177,4126.933692479007,475.4797026759927,4147.082451233341,54.0,0.10795065928260948,-0.055756238950675746,0.1077338678064981,-0.05252398908285078,0.013829234949633331,0.0279792182299866
980,43,165,630.0947010611478,4141.259609929846,475.4797026759927,4147.082451233341,54.0,0.10795065928260948,-0.3111258786265352,0.1077338678064981,-0.3076841146160717,0.013829234949633331,0.09353645009064035
981,60,165,462.2337953932308,4065.780960132662,475.4797026759927,4147.082451233341,54.0,0.10795065928260948,-0.07874628684773297,0.1077338678064981,-0.07528073162300986,0.013829234949633331,0.031286346246422334
982,29,165,679.1344462972443,4226.875249913833,475.4797026759927,4147.082451233341,54.0,0.10795065928260948,-0.34112235406385055,0.1077338678064981,-0.3357989473597574,0.013829234949633331,0.1283439138447471
983,66,165,493.8518825171933,3956.000689079267,475.4797026759927,4147.082451233341,54.0,0.10795065928260948,-0.3031350596090096,0.1077338678064981,-0.2981579681573859,0.013829234949633331,0.1080936274401784
984,30,165,625.9985091941669,4344.425799606012,475.4797026759927,4147.082451233341,54.0,0.10795065928260948,-0.511171022879873,0.1077338678064981,-0.5056276166234537,0.013829234949633331,0.1419178519718637
985,31,165,286.22286085268047,4096.016113555928,475.4797026759927,4147.082451233341,54.0,0.10795065928260948,-0.29995541294432765,0.1077338678064981,-0.29647020063846147,0.013829234949633331,0.10711650455235455
986,44,165,472.0029937650396,4104.126300266757,475.4797026759927,4147.082451233341,54.0,0.10795065928260948,-0.013949809840696565,0.1077338678064981,-0.011169553895338045,0.013829234949633331,0.011332890940217671
987,61,165,463.203498736656,4062.892527800171,475.4797026759927,4147.082451233341,54.0,0.10795065928260948,-0.08503348256465001,0.1077338678064981,-0.08160894520472067,0.013829234949633331,0.03307644627540879
988,37,165,628.569594659982,4182.409690156388,475.4797026759927,4147.082451233341,54.0,0.10795065928260948,-0.24776958186287576,0.1077338678064981,-0.2439579266319352,0.013829234949633331,0.08832943539954753
989,35,165,583.2192292927565,4207.570440686977,475.4797026759927,4147.082451233341,54.0,0.10795065928260948,-0.19232115633476415,0.1077338678064981,-0.190260158079533,0.013829234949633331,0.0664654775241647
990,19,165,324.8153272931308,4135.979057138678,475.4797026759927,4147.082451233341,54.0,0.10795065928260948,-0.19013855280001674,0.1077338678064981,-0.1856241263900405,0.013829234949633331,0.08024381061319112
991,22,165,301.6304881357929,4156.037775497009,475.4797026759927,4147.082451233341,54.0,0.10795065928260948,-0.20078734395472944,0.1077338678064981,-0.19463942115152852,0.013829234949633331,0.09200870126768476
992,52,165,577.7231586056545,4060.836546501464,475.4797026759927,4147.082451233341,54.0,0.10795065928260948,-0.3259773631328369,0.1077338678064981,-0.3231843227248986,0.013829234949633331,0.08699483135582547
993,47,165,497.40279712570856,4039.075701869608,475.4797026759927,4147.082451233341,54.0,0.10795065928260948,-0.21375457229434833,0.1077338678064981,-0.21186745859014097,0.013829234949633331,0.06293656913401505
994,39,165,491.6009153175041,3965.873607703836,475.4797026759927,4147.082451233341,54.0,0.10795065928260948,-0.2901615950895631,0.1077338678064981,-0.2855986229173476,0.013829234949633331,0.10186797291447594
995,23,165,485.3312407692456,4298.036308618457,475.4797026759927,4147.082451233341,54.0,0.10795065928260948,-0.11457463699220219,0.1077338678064981,-0.10769005476104596,0.013829234949633331,0.061013798896705954
996,65,165,465.43944178630807,4063.6597216274654,475.4797026759927,4147.082451233341,54.0,0.10795065928260948,-0.0829336373810187,0.1077338678064981,-0.07951651655995955,0.013829234949633331,0.032462267019154736
997,16,165,510.22088537403255,4246.5421852479,475.4797026759927,4147.082451233341,54.0,0.10795065928260948,-0.06010989427098132,0.1077338678064981,-0.05433488629041118,0.013829234949633331,0.03908781860018701
998,19,166,324.8153272931308,4135.979057138678,498.85963272442586,4149.354031148768,54.0,0.10795065928260948,-0.19985425141080396,0.1077338678064981,-0.19387066300376507,0.013829234949633331,0.08771362464188909
999,22,166,301.6304881357929,4156.037775497009,498.85963272442586,4149.354031148768,54.0,0.10795065928260948,-0.20177114689859876,0.1077338678064981,-0.19327125590592587,0.013829234949633331,0.09821537212889989
1000,29,166,679.1344462972443,4226.875249913833,498.85963272442586,4149.354031148768,54.0,0.10795065928260948,-0.33250742337151734,0.1077338678064981,-0.32828963061835553,0.013829234949633331,0.1215920047734936
1001,27,166,413.6607163277177,4126.933692479007,498.85963272442586,4149.354031148768,54.0,0.10795065928260948,-0.06465558693821763,0.1077338678064981,-0.05996835312624531,0.013829234949633331,0.035133453383320676
1002,16,166,515.9011274209425,4245.55274990534,498.85963272442586,4149.354031148768,54.0,0.10795065928260948,-0.10936761649585511,0.1077338678064981,-0.1070704557502738,0.013829234949633331,0.05131709916357047
1003,30,166,625.9985091941669,4344.425799606012,498.85963272442586,4149.354031148768,54.0,0.10795065928260948,-0.5462094446820638,0.1077338678064981,-0.5432792487371648,0.013829234949633331,0.14387583147238908
1004,23,166,485.3312407692456,4298.036308618457,498.85963272442586,4149.354031148768,54.0,0.10795065928260948,-0.11386301724081632,0.1077338678064981,-0.10710747728462222,0.013829234949633331,0.06041102156997048
1005,44,167,470.9318574712719,4102.798680980681,350.7173577542719,4134.155684330466,54.0,0.10795065928260948,-0.18480274132969055,0.1077338678064981,-0.18134235289676928,0.013829234949633331,0.06607308807190555
1006,27,167,413.6607163277177,4126.933692479007,350.7173577542719,4134.155684330466,54.0,0.10795065928260948,-0.1069066145096642,0.1077338678064981,-0.10567312752954948,0.013829234949633331,0.039465472482534396
1007,31,167,286.22286085268047,4096.016113555928,350.7173577542719,4134.155684330466,54.0,0.10795065928260948,-0.12798503136910258,0.1077338678064981,-0.12872709059221432,0.013829234949633331,0.04472646917656171
1008,41,167,461.8106926932424,4070.996636995212,350.7173577542719,4134.155684330466,54.0,0.10795065928260948,-0.26666193285207057,0.1077338678064981,-0.26496290704073433,0.013829234949633331,0.07540469175520056
1009,65,167,465.43944178630807,4063.6597216274654,350.7173577542719,4134.155684330466,54.0,0.10795065928260948,-0.2852390446768918,0.1077338678064981,-0.2837456226383451,0.013829234949633331,0.08020769701323316
1010,64,167,251.14156651564912,4194.6094429104505,350.7173577542719,4134.155684330466,54.0,0.10795065928260948,-0.17045309112774557,0.1077338678064981,-0.16769344537664221,0.013829234949633331,0.07298731069652743
1011,25,168,264.330530090726,3842.899620060988,131.46744279750484,4022.1752609204777,54.0,0.10795065928260948,-0.30563831079739334,0.1077338678064981,-0.3006358484870761,0.013829234949633331,0.12866472962370706
1012,6,168,202.24335058105044,4025.5497211369657,131.46744279750484,4022.1752609204777,54.0,0.10795065928260948,-0.1352772200320394,0.1077338678064981,-0.13418536112535293,0.013829234949633331,0.047794855819636745
1013,28,168,181.0656949265822,4007.0767963031503,131.46744279750484,4022.1752609204777,54.0,0.10795065928260948,-0.09905726399364735,0.1077338678064981,-0.09833587116444883,0.013829234949633331,0.03448874555684014
1014,9,168,9.936533141897351,4088.226647492491,131.46744279750484,4022.1752609204777,54.0,0.10795065928260948,-0.27658712500003846,0.1077338678064981,-0.27540798324318944,0.013829234949633331,0.09381346269390518
1015,25,169,264.330530090726,3842.899620060988,142.92374259500085,4021.607757539198,54.0,0.10795065928260948,-0.2922730462589883,0.1077338678064981,-0.2872909495247825,0.013829234949633331,0.12413187833589273
1016,28,169,181.0656949265822,4007.0767963031503,142.92374259500085,4021.607757539198,54.0,0.10795065928260948,-0.07704212804589775,0.1077338678064981,-0.07633476147172834,0.013829234949633331,0.02711100309975317
1017,9,169,9.936533141897351,4088.226647492491,142.92374259500085,4021.607757539198,54.0,0.10795065928260948,-0.2870150929142869,0.1077338678064981,-0.28579566269405055,0.013829234949633331,0.09991185674094118
1018,6,169,202.24335058105044,4025.5497211369657,142.92374259500085,4021.607757539198,54.0,0.10795065928260948,-0.11348428677736937,0.1077338678064981,-0.11236661062335632,0.013829234949633331,0.04009479957030446
1019,6,170,202.24335058105044,4025.5497211369657,167.98837729426415,4027.149371312973,54.0,0.10795065928260948,-0.06069599714802017,0.1077338678064981,-0.06044088813065733,0.013829234949633331,0.023941918884413917
1020,28,170,181.0656949265822,4007.0767963031503,167.98837729426415,4027.149371312973,54.0,0.10795065928260948,-0.046105305884388506,0.1077338678064981,-0.04560572209176797,0.013829234949633331,0.016161278762945142
1021,9,170,9.936533141897351,4088.226647492491,167.98837729426415,4027.149371312973,54.0,0.10795065928260948,-0.2912534241214862,0.1077338678064981,-0.2899557443433118,0.013829234949633331,0.11016446093281647
1022,25,170,264.330530090726,3842.899620060988,167.98837729426415,4027.149371312973,54.0,0.10795065928260948,-0.27984500913145377,0.1077338678064981,-0.27479327007375276,0.013829234949633331,0.11847006154415826
1023,38,171,292.2609771757026,3909.816818957042,187.05359221279923,4017.21674433976,54.0,0.10795065928260948,-0.17330539828197639,0.1077338678064981,-0.16866558613602053,0.013829234949633331,0.07935069581148088
1024,28,171,181.0656949265822,4007.0767963031503,187.05359221279923,4017.21674433976,54.0,0.10795065928260948,-0.025586022153569,0.1077338678064981,-0.02521546859464189,0.013829234949633331,0.008597996885289266
1025,6,171,202.24335058105044,4025.5497211369657,187.05359221279923,4017.21674433976,54.0,0.10795065928260948,-0.03652857863394124,0.1077338678064981,-0.03603268528873909,0.013829234949633331,0.012446911346981284
1026,25,171,267.9482254989196,3844.583776105834,187.05359221279923,4017.21674433976,54.0,0.10795065928260948,-0.23272432231139725,0.1077338678064981,-0.22768443751920073,0.013829234949633331,0.10553667448386811
1027,9,171,9.936533141897351,4088.226647492491,187.05359221279923,4017.21674433976,54.0,0.10795065928260948,-0.3372202481998178,0.1077338678064981,-0.3354722327777757,0.013829234949633331,0.12489420537783077
1028,25,172,264.330530090726,3842.899620060988,162.7302657389057,4007.499501585424,54.0,0.10795065928260948,-0.2533730489679079,0.1077338678064981,-0.2486878756076704,0.013829234949633331,0.10917880365780627
1029,9,172,9.936533141897351,4088.226647492491,162.7302657389057,4007.499501585424,54.0,0.10795065928260948,-0.33902571934019254,0.1077338678064981,-0.3375249788192547,0.013829234949633331,0.11634561020228446
1030,28,172,181.0656949265822,4007.0767963031503,162.7302657389057,4007.499501585424,54.0,0.10795065928260948,-0.0354647308003069,0.1077338678064981,-0.03504892186543118,0.013829234949633331,0.012486964925859056
1031,25,173,264.330530090726,3842.899620060988,162.64141812057804,3985.038793359939,54.0,0.10795065928260948,-0.21204214252581688,0.1077338678064981,-0.2073270032163844,0.013829234949633331,0.09668939467598736
1032,6,173,202.24335058105044,4025.5497211369657,162.64141812057804,3985.038793359939,54.0,0.10795065928260948,-0.1119980590489595,0.1077338678064981,-0.11087536489526777,0.013829234949633331,0.03825817755765289
1033,28,173,181.0656949265822,4007.0767963031503,162.64141812057804,3985.038793359939,54.0,0.10795065928260948,-0.05602142635652463,0.1077338678064981,-0.05565560641914243,0.013829234949633331,0.019347406908350507
1034,28,174,181.0656949265822,4007.0767963031503,160.65340157556597,3968.598112467385,54.0,0.10795065928260948,-0.08046420502667469,0.1077338678064981,-0.07992461251920516,0.013829234949633331,0.028414848087893286
1035,25,174,264.330530090726,3842.899620060988,160.65340157556597,3968.598112467385,54.0,0.10795065928260948,-0.18669353707024372,0.1077338678064981,-0.18185688748767062,0.013829234949633331,0.0886490463024916
1036,38,174,292.2609771757026,3909.816818957042,160.65340157556597,3968.598112467385,54.0,0.10795065928260948,-0.17004865548760256,0.1077338678064981,-0.16543062346429852,0.013829234949633331,0.07835638672737157
1037,53,174,275.4374088407163,3843.51011953928,160.65340157556597,3968.598112467385,54.0,0.10795065928260948,-0.18734702841986475,0.1077338678064981,-0.1822025039916454,0.013829234949633331,0.09082772982931418
1038,25,175,264.330530090726,3842.899620060988,136.56628878569435,3964.708171074401,54.0,0.10795065928260948,-0.2132823888780167,0.1077338678064981,-0.20634687147243885,0.013829234949633331,0.0990623337407619
1039,9,175,9.936533141897351,4088.226647492491,136.56628878569435,3964.708171074401,54.0,0.10795065928260948,-0.42748462555801087,0.1077338678064981,-0.4248727441994315,0.013829234949633331,0.12636871417609463
1040,28,175,181.0656949265822,4007.0767963031503,136.56628878569435,3964.708171074401,54.0,0.10795065928260948,-0.11921038619786017,0.1077338678064981,-0.11808097621346869,0.013829234949633331,0.04097503734402241
1041,9,176,9.936533141897351,4088.226647492491,91.3677403813582,3953.0176969902304,54.0,0.10795065928260948,-0.419422781000657,0.1077338678064981,-0.41735209137772666,0.013829234949633331,0.12104590188300704
1042,28,176,181.0656949265822,4007.0767963031503,91.3677403813582,3953.0176969902304,54.0,0.10795065928260948,-0.2351131853084099,0.1077338678064981,-0.233783364095988,0.013829234949633331,0.07348697926310929
1043,25,176,264.330530090726,3842.899620060988,91.3677403813582,3953.0176969902304,54.0,0.10795065928260948,-0.314353486877549,0.1077338678064981,-0.3092861510811147,0.013829234949633331,0.12828114769208362
1044,25,177,264.330530090726,3842.899620060988,152.51651964535588,3953.440781658878,54.0,0.10795065928260948,-0.17647508338423776,0.1077338678064981,-0.17054708842531763,0.013829234949633331,0.0860439322073695
1045,28,177,181.0656949265822,4007.0767963031503,152.51651964535588,3953.440781658878,54.0,0.10795065928260948,-0.1048248002323662,0.1077338678064981,-0.10387033416661319,0.013829234949633331,0.03861343361288344
1046,53,177,275.4374088407163,3843.51011953928,152.51651964535588,3953.440781658878,54.0,0.10795065928260948,-0.17813195054139747,0.1077338678064981,-0.171915040813423,0.013829234949633331,0.08870071438371
1047,38,178,292.2609771757026,3909.816818957042,176.41135512934196,3951.860447410247,54.0,0.10795065928260948,-0.1364369878505792,0.1077338678064981,-0.13237466972291567,0.013829234949633331,0.06589254720447298
1048,28,178,181.0656949265822,4007.0767963031503,176.41135512934196,3951.860447410247,54.0,0.10795065928260948,-0.09938381962102,0.1077338678064981,-0.09848387194912218,0.013829234949633331,0.03502332603302545
1049,53,178,275.4374088407163,3843.51011953928,176.41135512934196,3951.860447410247,54.0,0.10795065928260948,-0.15464630079749644,0.1077338678064981,-0.15005394860485333,0.013829234949633331,0.07722931805241674
1050,25,178,264.330530090726,3842.899620060988,176.41135512934196,3951.860447410247,54.0,0.10795065928260948,-0.15442481753900184,0.1077338678064981,-0.15018868295779242,0.013829234949633331,0.07506421153530497
1051,25,179,264.330530090726,3842.899620060988,128.91722771380137,3941.241308419875,54.0,0.10795065928260948,-0.216112882229465,0.1077338678064981,-0.21137902052831695,0.013829234949633331,0.09703811261538428
1052,28,179,181.0656949265822,4007.0767963031503,128.91722771380137,3941.241308419875,54.0,0.10795065928260948,-0.15404978359018937,0.1077338678064981,-0.1522665995974809,0.013829234949633331,0.05524266344803563
1053,38,179,292.2609771757026,3909.816818957042,128.91722771380137,3941.241308419875,54.0,0.10795065928260948,-0.20587537110797638,0.1077338678064981,-0.20168542126967595,0.013829234949633331,0.09460197831391223
1054,28,180,181.0656949265822,4007.0767963031503,148.1263215529927,3940.12948749086,54.0,0.10795065928260948,-0.12319203102972308,0.1077338678064981,-0.12167912935104458,0.013829234949633331,0.04693448278179111
1055,25,180,264.330530090726,3842.899620060988,148.1263215529927,3940.12948749086,54.0,0.10795065928260948,-0.17434923827845425,0.1077338678064981,-0.16867007483867102,0.013829234949633331,0.08405713098633656
1056,28,181,181.0656949265822,4007.0767963031503,182.4648258664013,3932.874764215047,54.0,0.10795065928260948,-0.12105037722635756,0.1077338678064981,-0.1195644713134038,0.013829234949633331,0.04538458806920021
1057,38,181,292.2609771757026,3909.816818957042,182.4648258664013,3932.874764215047,54.0,0.10795065928260948,-0.13434594199942607,0.1077338678064981,-0.13215730290178052,0.013829234949633331,0.06197222459971349
1058,31,181,286.22286085268047,4096.016113555928,182.4648258664013,3932.874764215047,54.0,0.10795065928260948,-0.3790109072383275,0.1077338678064981,-0.3762366672747017,0.013829234949633331,0.12053786012158625
1059,25,181,264.330530090726,3842.899620060988,182.4648258664013,3932.874764215047,54.0,0.10795065928260948,-0.13388996656895275,0.1077338678064981,-0.12998740529460845,0.013829234949633331,0.06522526073207739
1060,53,181,275.4374088407163,3843.51011953928,182.4648258664013,3932.874764215047,54.0,0.10795065928260948,-0.1353491552637888,0.1077338678064981,-0.1310589588998555,0.013829234949633331,0.06787440677759081
1061,25,182,264.330530090726,3842.899620060988,173.58386476794828,3928.838452489801,54.0,0.10795065928260948,-0.1387935537226497,0.1077338678064981,-0.13444976839689535,0.013829234949633331,0.06746084557337767
1062,53,182,275.4374088407163,3843.51011953928,173.58386476794828,3928.838452489801,54.0,0.10795065928260948,-0.14117293470536213,0.1077338678064981,-0.13642996857342612,0.013829234949633331,0.07047290516899403
1063,38,182,292.2609771757026,3909.816818957042,173.58386476794828,3928.838452489801,54.0,0.10795065928260948,-0.14293407708243172,0.1077338678064981,-0.140916209848402,0.013829234949633331,0.06628665614007402
1064,28,182,181.0656949265822,4007.0767963031503,173.58386476794828,3928.838452489801,54.0,0.10795065928260948,-0.1264143706799663,0.1077338678064981,-0.12438124594179213,0.013829234949633331,0.0483279661037479
1065,38,183,292.2609771757026,3909.816818957042,136.87238558022665,3929.4849208670153,54.0,0.10795065928260948,-0.18972451291707154,0.1077338678064981,-0.18632860773188684,0.013829234949633331,0.08830240347970233
1066,28,183,181.0656949265822,4007.0767963031503,136.87238558022665,3929.4849208670153,54.0,0.10795065928260948,-0.15172341598513014,0.1077338678064981,-0.1501562286345468,0.013829234949633331,0.05721315361012507
1067,25,183,264.330530090726,3842.899620060988,136.87238558022665,3929.4849208670153,54.0,0.10795065928260948,-0.20132153824177132,0.1077338678064981,-0.19728527138581012,0.013829234949633331,0.0895421809804874
1068,28,184,181.0656949265822,4007.0767963031503,156.24135505481868,3922.6741068498113,54.0,0.10795065928260948,-0.13480061673937754,0.1077338678064981,-0.13223988463456124,0.013829234949633331,0.0540587655880458
1069,38,184,292.2609771757026,3909.816818957042,156.24135505481868,3922.6741068498113,54.0,0.10795065928260948,-0.16123534410643275,0.1077338678064981,-0.15904715256720164,0.013829234949633331,0.07621540259748186
1070,25,184,264.330530090726,3842.899620060988,156.24135505481868,3922.6741068498113,54.0,0.10795065928260948,-0.1644441208291442,0.1077338678064981,-0.16036145789829695,0.013829234949633331,0.07567701380696668
1071,53,184,275.4374088407163,3843.51011953928,156.24135505481868,3922.6741068498113,54.0,0.10795065928260948,-0.16227456713318156,0.1077338678064981,-0.15727862713473972,0.013829234949633331,0.07846714277038491
1072,25,185,264.330530090726,3842.899620060988,171.44635452375624,3912.403444300099,54.0,0.10795065928260948,-0.14170321202917888,0.1077338678064981,-0.13800028688711471,0.013829234949633331,0.06437128725266926
1073,53,185,275.4374088407163,3843.51011953928,171.44635452375624,3912.403444300099,54.0,0.10795065928260948,-0.14107958403540197,0.1077338678064981,-0.13651655696864276,0.013829234949633331,0.06742455411036594
1074,38,185,292.2609771757026,3909.816818957042,171.44635452375624,3912.403444300099,54.0,0.10795065928260948,-0.14275002575223777,0.1077338678064981,-0.14093587450785128,0.013829234949633331,0.0666733264225695
1075,9,186,9.936533141897351,4088.226647492491,118.65252903866116,3961.4694151676936,54.0,0.10795065928260948,-0.42288483319522197,0.1077338678064981,-0.4210030266394861,0.013829234949633331,0.1229659152819263
1076,28,187,181.0656949265822,4007.0767963031503,114.09596867009677,3946.963824253541,54.0,0.10795065928260948,-0.18263410136851618,0.1077338678064981,-0.18075620594861153,0.013829234949633331,0.06117880853853013
1077,25,187,264.330530090726,3842.899620060988,114.09596867009677,3946.963824253541,54.0,0.10795065928260948,-0.252585209357115,0.1077338678064981,-0.24766805485312945,0.013829234949633331,0.10915556842534922
1078,21,188,103.34699834515416,4117.964937310308,102.69447175575694,3952.059237909345,54.0,0.10795065928260948,-0.3237462102521309,0.1077338678064981,-0.31976020279011746,0.013829234949633331,0.10712546842214908
1079,28,188,181.0656949265822,4007.0767963031503,102.69447175575694,3952.059237909345,54.0,0.10795065928260948,-0.20670604413041027,0.1077338678064981,-0.2052881702300731,0.013829234949633331,0.06584790132812603
1080,38,188,292.2609771757026,3909.816818957042,102.69447175575694,3952.059237909345,54.0,0.10795065928260948,-0.2664805869486192,0.1077338678064981,-0.26144867792347093,0.013829234949633331,0.11482427464093015
1081,25,188,264.330530090726,3842.899620060988,102.69447175575694,3952.059237909345,54.0,0.10795065928260948,-0.2834585818787049,0.1077338678064981,-0.2783636234569651,0.013829234949633331,0.11885843933352011
1082,9,188,9.936533141897351,4088.226647492491,102.69447175575694,3952.059237909345,54.0,0.10795065928260948,-0.431656889361248,0.1077338678064981,-0.4294565390983773,0.013829234949633331,0.12523317204504966
1083,28,189,181.0656949265822,4007.0767963031503,158.3478750756896,4017.808096291382,54.0,0.10795065928260948,-0.04760444654752411,0.1077338678064981,-0.04705998808136809,0.013829234949633331,0.016840942316023677
1084,6,189,202.24335058105044,4025.5497211369657,158.3478750756896,4017.808096291382,54.0,0.10795065928260948,-0.08693789800569719,0.1077338678064981,-0.08589114575571834,0.013829234949633331,0.03021554437749142
1085,25,189,264.330530090726,3842.899620060988,158.3478750756896,4017.808096291382,54.0,0.10795065928260948,-0.2741161715943922,0.1077338678064981,-0.2692439026584214,0.013829234949633331,0.1163680365482658
1086,9,189,9.936533141897351,4088.226647492491,158.3478750756896,4017.808096291382,54.0,0.10795065928260948,-0.3090314529676544,0.1077338678064981,-0.30761525837239556,0.013829234949633331,0.10952919801862289
1087,21,189,103.34699834515416,4117.964937310308,158.3478750756896,4017.808096291382,54.0,0.10795065928260948,-0.12971998063648082,0.1077338678064981,-0.12662042485254896,0.013829234949633331,0.06260943663929867
1088,21,190,103.34699834515416,4117.964937310308,135.0015657158357,3998.808026349948,54.0,0.10795065928260948,-0.18012075015847587,0.1077338678064981,-0.17758958471251066,0.013829234949633331,0.07263395080495497
1089,25,191,264.330530090726,3842.899620060988,118.44136868770892,3937.0570745757655,54.0,0.10795065928260948,-0.2417771826221607,0.1077338678064981,-0.23755967036349446,0.013829234949633331,0.10386318011025425
1090,28,191,181.0656949265822,4007.0767963031503,118.44136868770892,3937.0570745757655,54.0,0.10795065928260948,-0.17916527075599284,0.1077338678064981,-0.17692582188448253,0.013829234949633331,0.06316302202942994
1091,9,192,9.936533141897351,4088.226647492491,85.39288283212471,3928.9727849799824,54.0,0.10795065928260948,-0.47002108814944793,0.1077338678064981,-0.46798543905996676,0.013829234949633331,0.13857957343076918
1092,25,192,264.330530090726,3842.899620060988,85.39288283212471,3928.9727849799824,54.0,0.10795065928260948,-0.32887586340741726,0.1077338678064981,-0.3249481033640377,0.013829234949633331,0.1285919284901142
1093,21,193,103.34699834515416,4117.964937310308,135.20902570174414,3972.88068595065,54.0,0.10795065928260948,-0.24860378618621387,0.1077338678064981,-0.24535717878251642,0.013829234949633331,0.09040208821174558
1094,25,193,264.330530090726,3842.899620060988,135.20902570174414,3972.88068595065,54.0,0.10795065928260948,-0.22479251206988907,0.1077338678064981,-0.2180005984859057,0.013829234949633331,0.1030297111694283
1095,9,193,9.936533141897351,4088.226647492491,135.20902570174414,3972.88068595065,54.0,0.10795065928260948,-0.40905040153498157,0.1077338678064981,-0.4068455698058678,0.013829234949633331,0.12141642268637082
1096,28,193,181.0656949265822,4007.0767963031503,135.20902570174414,3972.88068595065,54.0,0.10795065928260948,-0.11403723932893893,0.1077338678064981,-0.11312332696915003,0.013829234949633331,0.038101398585076086
1097,38,194,292.2609771757026,3909.816818957042,108.83889360773516,3912.225849147117,54.0,0.10795065928260948,-0.2347984769723018,0.1077338678064981,-0.23181187112862445,0.013829234949633331,0.10785034980185194
1098,21,194,103.34699834515416,4117.964937310308,108.83889360773516,3912.225849147117,54.0,0.10795065928260948,-0.40623272690306844,0.1077338678064981,-0.4009711021945739,0.013829234949633331,0.1366916670745888
1099,53,194,275.4374088407163,3843.51011953928,108.83889360773516,3912.225849147117,54.0,0.10795065928260948,-0.27891606275593184,0.1077338678064981,-0.27459078588128855,0.013829234949633331,0.11152472232472013
1100,18,194,58.40093954114791,3683.9112417882634,108.83889360773516,3912.225849147117,54.0,0.10795065928260948,-0.27585758549205636,0.1077338678064981,-0.26580466641315753,0.013829234949633331,0.13782688100731122
1101,22,195,267.77623279276514,4140.811810679348,174.48322464441975,4031.9823677236704,54.0,0.10795065928260948,-0.2866906218637174,0.1077338678064981,-0.28395820200153055,0.013829234949633331,0.0969297468635613
1102,25,195,264.330530090726,3842.899620060988,174.48322464441975,4031.9823677236704,54.0,0.10795065928260948,-0.2805783594881428,0.1077338678064981,-0.27538959209799285,0.013829234949633331,0.1199749227998038
1103,28,195,181.0656949265822,4007.0767963031503,174.48322464441975,4031.9823677236704,54.0,0.10795065928260948,-0.05103427319347936,0.1077338678064981,-0.05042968309072994,0.013829234949633331,0.01790253204848434
1104,21,195,119.89038758561809,4127.214021125917,174.48322464441975,4031.9823677236704,54.0,0.10795065928260948,-0.11998946789477927,0.1077338678064981,-0.11604806398615128,0.013829234949633331,0.06044609951366731
1105,53,196,275.4374088407163,3843.51011953928,159.43739905401296,3933.477616981658,54.0,0.10795065928260948,-0.15822223643156053,0.1077338678064981,-0.1525468290631005,0.013829234949633331,0.07905778619210672
1106,28,196,181.0656949265822,4007.0767963031503,159.43739905401296,3933.477616981658,54.0,0.10795065928260948,-0.12186997529509455,0.1077338678064981,-0.11989170557212707,0.013829234949633331,0.047437916780741884
1107,18,196,103.61880567589932,3674.0720311802,159.43739905401296,3933.477616981658,54.0,0.10795065928260948,-0.410596933973026,0.1077338678064981,-0.4038340912215126,0.013829234949633331,0.17470193348918328
1108,25,196,264.330530090726,3842.899620060988,159.43739905401296,3933.477616981658,54.0,0.10795065928260948,-0.1567009542446271,0.1077338678064981,-0.15155651075387086,0.013829234949633331,0.07605496721821611
1109,38,196,292.2609771757026,3909.816818957042,159.43739905401296,3933.477616981658,54.0,0.10795065928260948,-0.15982922222488133,0.1077338678064981,-0.15677075179736286,0.013829234949633331,0.07484386136722389
1110,28,197,181.0656949265822,4007.0767963031503,84.41627726602805,3949.6460271760247,54.0,0.10795065928260948,-0.2560542382348993,0.1077338678064981,-0.25465162968386057,0.013829234949633331,0.07983914282124521
1111,25,197,264.330530090726,3842.899620060988,84.41627726602805,3949.6460271760247,54.0,0.10795065928260948,-0.3312084382897721,0.1077338678064981,-0.32624100504241066,0.013829234949633331,0.13326908373267662
1112,22,198,267.77623279276514,4140.811810679348,131.47690223101853,4022.1859800698,54.0,0.10795065928260948,-0.3344546167926385,0.1077338678064981,-0.3311149440334248,0.013829234949633331,0.11965683596487098
1113,19,198,298.45947748194794,4119.807970449649,131.47690223101853,4022.1859800698,54.0,0.10795065928260948,-0.36905412134391496,0.1077338678064981,-0.36785316385252187,0.013829234949633331,0.12346486774562077
1114,21,198,103.34699834515416,4117.964937310308,131.47690223101853,4022.1859800698,54.0,0.10795065928260948,-0.12704533703409857,0.1077338678064981,-0.12458337128530685,0.013829234949633331,0.05660383872264302
1115,28,198,181.0656949265822,4007.0767963031503,131.47690223101853,4022.1859800698,54.0,0.10795065928260948,-0.09904512882929994,0.1077338678064981,-0.09832370661266156,0.013829234949633331,0.03448475168731139
1116,25,198,264.330530090726,3842.899620060988,131.47690223101853,4022.1859800698,54.0,0.10795065928260948,-0.3056423080031013,0.1077338678064981,-0.3006405461250015,0.013829234949633331,0.1286672491466761
1117,28,199,181.0656949265822,4007.0767963031503,187.053991585138,4017.227842472392,54.0,0.10795065928260948,-0.025604735145654263,0.1077338678064981,-0.025233910572898827,0.013829234949633331,0.008604285250346476
1118,25,199,267.9482254989196,3844.583776105834,187.053991585138,4017.227842472392,54.0,0.10795065928260948,-0.23273788385754027,0.1077338678064981,-0.2276976881222256,0.013829234949633331,0.10554308155045837
1119,21,199,122.72284619765782,4128.866114643895,187.053991585138,4017.227842472392,54.0,0.10795065928260948,-0.15893946952582855,0.1077338678064981,-0.1545206270251719,0.013829234949633331,0.07507050161446271
1120,38,200,292.2609771757026,3909.816818957042,159.89027933223167,4005.408777123752,54.0,0.10795065928260948,-0.20521103110400665,0.1077338678064981,-0.20060507473459394,0.013829234949633331,0.08857958341598672
1121,19,200,298.45947748194794,4119.807970449649,159.89027933223167,4005.408777123752,54.0,0.10795065928260948,-0.3683239001772192,0.1077338678064981,-0.366922814243248,0.013829234949633331,0.1161685438620059
1122,21,200,103.34699834515416,4117.964937310308,159.89027933223167,4005.408777123752,54.0,0.10795065928260948,-0.15233148567113766,0.1077338678064981,-0.14898329757283638,0.013829234949633331,0.0707320723456228
1123,22,200,267.77623279276514,4140.811810679348,159.89027933223167,4005.408777123752,54.0,0.10795065928260948,-0.34332624783470744,0.1077338678064981,-0.34026252808600244,0.013829234949633331,0.11664360108788487
1124,53,200,275.4374088407163,3843.51011953928,159.89027933223167,4005.408777123752,54.0,0.10795065928260948,-0.2548894414577137,0.1077338678064981,-0.24985628481774144,0.013829234949633331,0.1110591675221716
1125,28,200,181.0656949265822,4007.0767963031503,159.89027933223167,4005.408777123752,54.0,0.10795065928260948,-0.04057320674916811,0.1077338678064981,-0.04010559145439634,0.013829234949633331,0.014332711080143766
1126,25,200,264.330530090726,3842.899620060988,159.89027933223167,4005.408777123752,54.0,0.10795065928260948,-0.25118438270267257,0.1077338678064981,-0.24646930661019273,0.013829234949633331,0.10903764663065822
1127,21,201,103.34699834515416,4117.964937310308,170.7980045065533,4000.56721463194,54.0,0.10795065928260948,-0.1670301595232942,0.1077338678064981,-0.1635574422688658,0.013829234949633331,0.07611790845487564
1128,28,201,181.0656949265822,4007.0767963031503,170.7980045065533,4000.56721463194,54.0,0.10795065928260948,-0.025070266603271954,0.1077338678064981,-0.02474813209346705,0.013829234949633331,0.008663015249071563
1129,25,201,264.330530090726,3842.899620060988,170.7980045065533,4000.56721463194,54.0,0.10795065928260948,-0.2360783793797081,0.1077338678064981,-0.23160118496804183,0.013829234949633331,0.10250409892198482
1130,28,202,181.0656949265822,4007.0767963031503,127.73251775700308,3986.4369142934142,54.0,0.10795065928260948,-0.11607950035716312,0.1077338678064981,-0.1150353490115802,0.013829234949633331,0.03805096350306281
1131,38,202,292.2609771757026,3909.816818957042,127.73251775700308,3986.4369142934142,54.0,0.10795065928260948,-0.24295793293694085,0.1077338678064981,-0.23748878483424962,0.013829234949633331,0.10231595266109836
1132,25,202,264.330530090726,3842.899620060988,127.73251775700308,3986.4369142934142,54.0,0.10795065928260948,-0.2568094860755404,0.1077338678064981,-0.25002439592419223,0.013829234949633331,0.11253155796708639
1133,21,202,103.34699834515416,4117.964937310308,127.73251775700308,3986.4369142934142,54.0,0.10795065928260948,-0.2293395208171339,0.1077338678064981,-0.22615050800975126,0.013829234949633331,0.08212756914964241
1134,38,203,292.2609771757026,3909.816818957042,152.43970563423912,3979.6112015162767,54.0,0.10795065928260948,-0.18920208474350536,0.1077338678064981,-0.18439941938871995,0.013829234949633331,0.0858058410855305
1135,28,203,181.0656949265822,4007.0767963031503,152.43970563423912,3979.6112015162767,54.0,0.10795065928260948,-0.07608927839023752,0.1077338678064981,-0.07567007261383304,0.013829234949633331,0.026453127366008668
1136,25,203,264.330530090726,3842.899620060988,152.43970563423912,3979.6112015162767,54.0,0.10795065928260948,-0.20907466266936875,0.1077338678064981,-0.20404164618273657,0.013829234949633331,0.09718172501306589
1137,21,203,103.34699834515416,4117.964937310308,152.43970563423912,3979.6112015162767,54.0,0.10795065928260948,-0.21427437970448748,0.1077338678064981,-0.2112609641474253,0.013829234949633331,0.0870833518510542
1138,53,203,275.4374088407163,3843.51011953928,152.43970563423912,3979.6112015162767,54.0,0.10795065928260948,-0.20986203416997984,0.1077338678064981,-0.20452381194581667,0.013829234949633331,0.09932464842368041
1139,25,204,264.330530090726,3842.899620060988,174.71523540000473,3992.374315235834,54.0,0.10795065928260948,-0.21933027070652336,0.1077338678064981,-0.2148953888464378,0.013829234949633331,0.09663920144133059
1140,21,204,103.34699834515416,4117.964937310308,174.71523540000473,3992.374315235834,54.0,0.10795065928260948,-0.18419574603705763,0.1077338678064981,-0.18067405176304802,0.013829234949633331,0.08213110455276308
1141,28,204,181.0656949265822,4007.0767963031503,174.71523540000473,3992.374315235834,54.0,0.10795065928260948,-0.032981623975961494,0.1077338678064981,-0.03271343152064497,0.013829234949633331,0.010927136432652074
1142,53,205,275.4374088407163,3843.51011953928,161.36958893878008,3968.148276780728,54.0,0.10795065928260948,-0.18624820211308651,0.1077338678064981,-0.18112485347638857,0.013829234949633331,0.09035034299351866
1143,38,205,292.2609771757026,3909.816818957042,161.36958893878008,3968.148276780728,54.0,0.10795065928260948,-0.1689160514963387,0.1077338678064981,-0.16432001932669443,0.013829234949633331,0.07786774227825588
1144,21,205,103.34699834515416,4117.964937310308,161.36958893878008,3968.148276780728,54.0,0.10795065928260948,-0.22957829245943975,0.1077338678064981,-0.22648743308940206,0.013829234949633331,0.09510445531736343
1145,28,205,181.0656949265822,4007.0767963031503,161.36958893878008,3968.148276780728,54.0,0.10795065928260948,-0.08042660922601366,0.1077338678064981,-0.07988073789666583,0.013829234949633331,0.028416817305969115
1146,25,205,264.330530090726,3842.899620060988,161.36958893878008,3968.148276780728,54.0,0.10795065928260948,-0.1856377657179362,0.1077338678064981,-0.1808275326899122,0.013829234949633331,0.08818083049003775
1147,25,206,264.330530090726,3842.899620060988,134.4228366966098,3954.478339318272,54.0,0.10795065928260948,-0.20628826587828278,0.1077338678064981,-0.19990796907929584,0.013829234949633331,0.09665513453192767
1148,21,206,103.34699834515416,4117.964937310308,134.4228366966098,3954.478339318272,54.0,0.10795065928260948,-0.2943027154399677,0.1077338678064981,-0.2900386629322249,0.013829234949633331,0.10377786632449704
1149,28,206,181.0656949265822,4007.0767963031503,134.4228366966098,3954.478339318272,54.0,0.10795065928260948,-0.13363909842193053,0.1077338678064981,-0.1321488921068424,0.013829234949633331,0.04666272219768572
1150,25,207,264.330530090726,3842.899620060988,147.43696333343436,3954.1411790196416,54.0,0.10795065928260948,-0.1837161289906349,0.1077338678064981,-0.17738643950515884,0.013829234949633331,0.08890397685121813
1151,38,207,292.2609771757026,3909.816818957042,147.43696333343436,3954.1411790196416,54.0,0.10795065928260948,-0.17557005674567694,0.1077338678064981,-0.1706795240314413,0.013829234949633331,0.08309784897479787
1152,21,207,103.34699834515416,4117.964937310308,147.43696333343436,3954.1411790196416,54.0,0.10795065928260948,-0.2766341797909578,0.1077338678064981,-0.2726514359753274,0.013829234949633331,0.103659467401322
1153,28,207,181.0656949265822,4007.0767963031503,147.43696333343436,3954.1411790196416,54.0,0.10795065928260948,-0.11081622570317451,0.1077338678064981,-0.10975549280860847,0.013829234949633331,0.04030835770320185
1154,28,208,181.0656949265822,4007.0767963031503,118.65300674518,3961.480515731901,54.0,0.10795065928260948,-0.15829712996360723,0.1077338678064981,-0.15687054008873233,0.013829234949633331,0.05212382949386675
1155,21,208,103.34699834515416,4117.964937310308,118.65300674518,3961.480515731901,54.0,0.10795065928260948,-0.3010095146226712,0.1077338678064981,-0.29702596518433877,0.013829234949633331,0.10062030110700701
1156,25,208,264.330530090726,3842.899620060988,118.65300674518,3961.480515731901,54.0,0.10795065928260948,-0.2466161288523695,0.1077338678064981,-0.2403579098586602,0.013829234949633331,0.10905183167655194
1157,28,209,181.0656949265822,4007.0767963031503,166.63803351620655,3950.276785677188,54.0,0.10795065928260948,-0.10107733230837301,0.1077338678064981,-0.10014055991391534,0.013829234949633331,0.03679601759271569
1158,25,209,264.330530090726,3842.899620060988,166.63803351620655,3950.276785677188,54.0,0.10795065928260948,-0.16051569563095522,0.1077338678064981,-0.15554125055278992,0.013829234949633331,0.07847634044755072
1159,25,210,264.330530090726,3842.899620060988,102.08049116011732,3939.728583899344,54.0,0.10795065928260948,-0.28419668463103237,0.1077338678064981,-0.2797289124030475,0.013829234949633331,0.11704026147134375
1160,18,210,55.99463969610678,3684.4657106501672,102.08049116011732,3939.728583899344,54.0,0.10795065928260948,-0.3214072061339029,0.1077338678064981,-0.31165829934036865,0.013829234949633331,0.15623995745857622
1161,38,210,292.2609771757026,3909.816818957042,102.08049116011732,3939.728583899344,54.0,0.10795065928260948,-0.2601736713963387,0.1077338678064981,-0.2554518772298277,0.013829234949633331,0.11388755789079925
1162,21,210,103.34699834515416,4117.964937310308,102.08049116011732,3939.728583899344,54.0,0.10795065928260948,-0.3509240221851592,0.1077338678064981,-0.3465704790066564,0.013829234949633331,0.11633922163706584
1163,18,211,71.73718472817627,3680.9796853375465,125.50396993450582,3926.5617673616193,54.0,0.10795065928260948,-0.33504537256861444,0.1077338678064981,-0.32468377448977914,0.013829234949633331,0.15867672610112213
1164,25,211,264.330530090726,3842.899620060988,125.50396993450582,3926.5617673616193,54.0,0.10795065928260948,-0.22609488281206128,0.1077338678064981,-0.22253092056625007,0.013829234949633331,0.09682092889714584
1165,53,211,275.4374088407163,3843.51011953928,125.50396993450582,3926.5617673616193,54.0,0.10795065928260948,-0.22115131730457033,0.1077338678064981,-0.21655130237562728,0.013829234949633331,0.09931711143170235
1166,38,211,292.2609771757026,3909.816818957042,125.50396993450582,3926.5617673616193,54.0,0.10795065928260948,-0.2071783085023361,0.1077338678064981,-0.20447865979378713,0.013829234949633331,0.09615256328556951
1167,28,211,181.0656949265822,4007.0767963031503,125.50396993450582,3926.5617673616193,54.0,0.10795065928260948,-0.17190309330956668,0.1077338678064981,-0.1699832806417481,0.013829234949633331,0.06366895423353333
1168,21,211,103.34699834515416,4117.964937310308,125.50396993450582,3926.5617673616193,54.0,0.10795065928260948,-0.3792576432223958,0.1077338678064981,-0.3744777547029578,0.013829234949633331,0.12661298155100634
1169,18,212,82.48383007457451,3678.6227505761713,137.28112544023642,3930.5912278669,54.0,0.10795065928260948,-0.3492259640776615,0.1077338678064981,-0.3393232459274804,0.013829234949633331,0.16415384729771668
1170,25,212,264.330530090726,3842.899620060988,137.28112544023642,3930.5912278669,54.0,0.10795065928260948,-0.20027269912922974,0.1077338678064981,-0.19613309884384486,0.013829234949633331,0.08946568315422457
1171,21,212,103.34699834515416,4117.964937310308,137.28112544023642,3930.5912278669,54.0,0.10795065928260948,-0.33827273716512546,0.1077338678064981,-0.3333464608271805,0.013829234949633331,0.11999906223264584
1172,38,212,292.2609771757026,3909.816818957042,137.28112544023642,3930.5912278669,54.0,0.10795065928260948,-0.18931775167986586,0.1077338678064981,-0.18579811537728264,0.013829234949633331,0.08806919455008473
1173,28,212,181.0656949265822,4007.0767963031503,137.28112544023642,3930.5912278669,54.0,0.10795065928260948,-0.15001695834122772,0.1077338678064981,-0.1484668136987926,0.013829234949633331,0.056479281942592795
1174,28,213,181.0656949265822,4007.0767963031503,179.67090940770512,3929.463131396641,54.0,0.10795065928260948,-0.12486774735101297,0.1077338678064981,-0.12327404237211317,0.013829234949633331,0.04724679690788824
1175,53,213,275.4374088407163,3843.51011953928,179.67090940770512,3929.463131396641,54.0,0.10795065928260948,-0.1357826147460952,0.1077338678064981,-0.13136271761773055,0.013829234949633331,0.06794034331101224
1176,18,213,124.39807912713488,3669.6941824836736,179.67090940770512,3929.463131396641,54.0,0.10795065928260948,-0.48662784071343224,0.1077338678064981,-0.48163064651238424,0.013829234949633331,0.17860042038055332
1177,22,213,282.91308227706304,4129.966613278081,179.67090940770512,3929.463131396641,54.0,0.10795065928260948,-0.42895809282671116,0.1077338678064981,-0.4254088594914718,0.013829234949633331,0.14084414863318703
1178,25,213,264.330530090726,3842.899620060988,179.67090940770512,3929.463131396641,54.0,0.10795065928260948,-0.1338202495206977,0.1077338678064981,-0.1297988030074854,0.013829234949633331,0.06509213833143232
1179,38,213,292.2609771757026,3909.816818957042,179.67090940770512,3929.463131396641,54.0,0.10795065928260948,-0.1365069913273666,0.1077338678064981,-0.1345797791508363,0.013829234949633331,0.0630635871338892
1180,21,213,103.34699834515416,4117.964937310308,179.67090940770512,3929.463131396641,54.0,0.10795065928260948,-0.2811663571670159,0.1077338678064981,-0.2765880323858299,0.013829234949633331,0.11951915860139359
1181,25,214,264.330530090726,3842.899620060988,88.2681727690951,3915.200775925912,54.0,0.10795065928260948,-0.3318559787646813,0.1077338678064981,-0.32819566506258274,0.013829234949633331,0.12455553466913101
1182,18,214,55.99463969610678,3684.4657106501672,88.2681727690951,3915.200775925912,54.0,0.10795065928260948,-0.261808918042772,0.1077338678064981,-0.25193368002996236,0.013829234949633331,0.13519900002604096
1183,21,214,103.34699834515416,4117.964937310308,88.2681727690951,3915.200775925912,54.0,0.10795065928260948,-0.42652325411389663,0.1077338678064981,-0.422215473503012,0.013829234949633331,0.14111384357357462
1184,44,215,470.9318574712719,4102.798680980681,341.5724936781372,4071.071754032602,54.0,0.10795065928260948,-0.27569265153388584,0.1077338678064981,-0.2736166833405472,0.013829234949633331,0.07405976776680019
1185,27,215,413.6607163277177,4126.933692479007,341.5724936781372,4071.071754032602,54.0,0.10795065928260948,-0.18907787205877516,0.1077338678064981,-0.18755229755302766,0.013829234949633331,0.054576882918101734
1186,41,215,461.8106926932424,4070.996636995212,341.5724936781372,4071.071754032602,54.0,0.10795065928260948,-0.2498789059766163,0.1077338678064981,-0.24961711982561677,0.013829234949633331,0.07164276519017165
1187,39,215,491.6009153175041,3965.873607703836,341.5724936781372,4071.071754032602,54.0,0.10795065928260948,-0.2888168765875285,0.1077338678064981,-0.2854875022862923,0.013829234949633331,0.10785976025931206
1188,4,215,296.61979068975745,4128.179301772369,341.5724936781372,4071.071754032602,54.0,0.10795065928260948,-0.14093298684348698,0.1077338678064981,-0.1420648104164637,0.013829234949633331,0.045296648228275824
1189,61,215,463.203498736656,4062.892527800171,341.5724936781372,4071.071754032602,54.0,0.10795065928260948,-0.2539379447897311,0.1077338678064981,-0.2536915326265004,0.013829234949633331,0.07280196449589017
1190,31,215,286.22286085268047,4096.016113555928,341.5724936781372,4071.071754032602,54.0,0.10795065928260948,-0.13819086876088948,0.1077338678064981,-0.1383366727441839,0.013829234949633331,0.03674509827924558
1191,42,215,481.4936938530769,4095.225387665601,341.5724936781372,4071.071754032602,54.0,0.10795065928260948,-0.31551522039442503,0.1077338678064981,-0.31413349789685685,0.013829234949633331,0.08252748923378242
1192,47,215,497.40279712570856,4039.075701869608,341.5724936781372,4071.071754032602,54.0,0.10795065928260948,-0.28894200713194557,0.1077338678064981,-0.2876802220174399,0.013829234949633331,0.0934134321429494
1193,60,215,462.2337953932308,4065.780960132662,341.5724936781372,4071.071754032602,54.0,0.10795065928260948,-0.2514297432053222,0.1077338678064981,-0.25117228553857385,0.013829234949633331,0.0720860202033523
1194,44,216,470.9318574712719,4102.798680980681,284.64002970112773,4055.1089548280224,54.0,0.10795065928260948,-0.4372723038877819,0.1077338678064981,-0.43385642318411344,0.013829234949633331,0.11262472645183977
1195,25,216,275.18212912654,3848.067080065535,284.64002970112773,4055.1089548280224,54.0,0.10795065928260948,-0.3682084947175087,0.1077338678064981,-0.36443267635813287,0.013829234949633331,0.12358330727841149
1196,41,216,461.8106926932424,4070.996636995212,284.64002970112773,4055.1089548280224,54.0,0.10795065928260948,-0.4060125305654633,0.1077338678064981,-0.4043669444818011,0.013829234949633331,0.10890990285395477
1197,31,216,286.22286085268047,4096.016113555928,284.64002970112773,4055.1089548280224,54.0,0.10795065928260948,-0.12130257340938758,0.1077338678064981,-0.12021234558559277,0.013829234949633331,0.026241060372827855
1198,4,216,296.61979068975745,4128.179301772369,284.64002970112773,4055.1089548280224,54.0,0.10795065928260948,-0.18912236677004038,0.1077338678064981,-0.18792920547640696,0.013829234949633331,0.04691727952490744
1199,38,216,292.2609771757026,3909.816818957042,284.64002970112773,4055.1089548280224,54.0,0.10795065928260948,-0.24338755805992002,0.1077338678064981,-0.2408842772638062,0.013829234949633331,0.08690615555650917
1200,31,217,286.22286085268047,4096.016113555928,298.71808334848726,4042.900299437067,54.0,0.10795065928260948,-0.16049794922120253,0.1077338678064981,-0.15903743691742528,0.013829234949633331,0.03503856126016173
1201,44,217,470.9318574712719,4102.798680980681,298.71808334848726,4042.900299437067,54.0,0.10795065928260948,-0.40377624279165675,0.1077338678064981,-0.4018851108149766,0.013829234949633331,0.10730980502915637
1202,25,217,275.18212912654,3848.067080065535,298.71808334848726,4042.900299437067,54.0,0.10795065928260948,-0.33456908697056603,0.1077338678064981,-0.3311100819144859,0.013829234949633331,0.11628146823897657
1203,38,217,292.2609771757026,3909.816818957042,298.71808334848726,4042.900299437067,54.0,0.10795065928260948,-0.2076399298924085,0.1077338678064981,-0.2054751558290245,0.013829234949633331,0.0788891643698449
1204,4,217,296.61979068975745,4128.179301772369,298.71808334848726,4042.900299437067,54.0,0.10795065928260948,-0.22184168352578043,0.1077338678064981,-0.22032651707979165,0.013829234949633331,0.05418820365482024
1205,42,217,481.4936938530769,4095.225387665601,298.71808334848726,4042.900299437067,54.0,0.10795065928260948,-0.4281738670830216,0.1077338678064981,-0.4272692433654973,0.013829234949633331,0.11416126072974869
1206,41,217,461.8106926932424,4070.996636995212,298.71808334848726,4042.900299437067,54.0,0.10795065928260948,-0.3682105345626513,0.1077338678064981,-0.36690760889673274,0.013829234949633331,0.10093475021060805
1207,44,218,470.9318574712719,4102.798680980681,295.49475046157585,4024.814807490681,54.0,0.10795065928260948,-0.4273179719014451,0.1077338678064981,-0.4244169094653387,0.013829234949633331,0.11406087998260558
1208,41,218,461.8106926932424,4070.996636995212,295.49475046157585,4024.814807490681,54.0,0.10795065928260948,-0.3894461818590574,0.1077338678064981,-0.38707956240712327,0.013829234949633331,0.10579541168370682
1209,38,218,292.2609771757026,3909.816818957042,295.49475046157585,4024.814807490681,54.0,0.10795065928260948,-0.1576332177778722,0.1077338678064981,-0.15588163041343403,0.013829234949633331,0.06705832840760094
1210,31,218,286.22286085268047,4096.016113555928,295.49475046157585,4024.814807490681,54.0,0.10795065928260948,-0.20738768556301027,0.1077338678064981,-0.2055423291691677,0.013829234949633331,0.04623468567878361
1211,25,218,275.18212912654,3848.067080065535,295.49475046157585,4024.814807490681,54.0,0.10795065928260948,-0.28419634318160014,0.1077338678064981,-0.28115416988764236,0.013829234949633331,0.10432416780975075
1212,25,219,275.18212912654,3848.067080065535,298.4942841222434,4011.6459546344126,54.0,0.10795065928260948,-0.25732502130861623,0.1077338678064981,-0.2542582199658542,0.013829234949633331,0.09565270343294927
1213,31,219,286.22286085268047,4096.016113555928,298.4942841222434,4011.6459546344126,54.0,0.10795065928260948,-0.23545863066828152,0.1077338678064981,-0.23362563278143272,0.013829234949633331,0.05534168252870767
1214,44,219,470.9318574712719,4102.798680980681,298.4942841222434,4011.6459546344126,54.0,0.10795065928260948,-0.42220553581911896,0.1077338678064981,-0.4194147007670953,0.013829234949633331,0.11685340494997055
1215,38,219,292.2609771757026,3909.816818957042,298.4942841222434,4011.6459546344126,54.0,0.10795065928260948,-0.13024365597359647,0.1077338678064981,-0.12847337848790846,0.013829234949633331,0.058226840814574445
1216,25,220,275.18212912654,3848.067080065535,313.25635416495834,3998.830416275237,54.0,0.10795065928260948,-0.2600586129123557,0.1077338678064981,-0.25777452720782923,0.013829234949633331,0.09150226597213627
1217,41,220,461.8106926932424,4070.996636995212,313.25635416495834,3998.830416275237,54.0,0.10795065928260948,-0.3615605767990178,0.1077338678064981,-0.36028345598812217,0.013829234949633331,0.09988967990140779
1218,31,220,286.22286085268047,4096.016113555928,313.25635416495834,3998.830416275237,54.0,0.10795065928260948,-0.27802920766975037,0.1077338678064981,-0.27627232826015125,0.013829234949633331,0.06448157287668768
1219,44,220,470.9318574712719,4102.798680980681,313.25635416495834,3998.830416275237,54.0,0.10795065928260948,-0.3996652354708892,0.1077338678064981,-0.39818190206357906,0.013829234949633331,0.11134938548009908
1220,53,220,275.4374088407163,3843.51011953928,313.25635416495834,3998.830416275237,54.0,0.10795065928260948,-0.2708549092348478,0.1077338678064981,-0.26852046952320036,0.013829234949633331,0.09521737072112457
1221,38,220,292.2609771757026,3909.816818957042,313.25635416495834,3998.830416275237,54.0,0.10795065928260948,-0.13175398634946867,0.1077338678064981,-0.13087428985361185,0.013829234949633331,0.053759375181583004
1222,60,221,462.2337953932308,4065.780960132662,340.1371375561863,4063.06336212007,54.0,0.10795065928260948,-0.2546062427325942,0.1077338678064981,-0.2543565093423921,0.013829234949633331,0.0730004035675801
1223,22,221,282.91308227706304,4129.966613278081,340.1371375561863,4063.06336212007,54.0,0.10795065928260948,-0.17513508912513134,0.1077338678064981,-0.17588290253530556,0.013829234949633331,0.0536867471950836
1224,61,221,463.203498736656,4062.892527800171,340.1371375561863,4063.06336212007,54.0,0.10795065928260948,-0.2567224733415708,0.1077338678064981,-0.2564841548862541,0.013829234949633331,0.0736039751493587
1225,19,221,309.4846467710166,4112.556925703692,340.1371375561863,4063.06336212007,54.0,0.10795065928260948,-0.11737442792362654,0.1077338678064981,-0.11813190398390656,0.013829234949633331,0.03556666964115414
1226,65,221,465.43944178630807,4063.6597216274654,340.1371375561863,4063.06336212007,54.0,0.10795065928260948,-0.26128989442236694,0.1077338678064981,-0.2610781442316819,0.013829234949633331,0.07490619546749341
1227,41,221,461.8106926932424,4070.996636995212,340.1371375561863,4063.06336212007,54.0,0.10795065928260948,-0.2537733428076343,0.1077338678064981,-0.25351853755761045,0.013829234949633331,0.07276298863533787
1228,31,221,286.22286085268047,4096.016113555928,340.1371375561863,4063.06336212007,54.0,0.10795065928260948,-0.15092649630674732,0.1077338678064981,-0.15080815422183086,0.013829234949633331,0.03917343296449591
1229,44,221,470.9318574712719,4102.798680980681,340.1371375561863,4063.06336212007,54.0,0.10795065928260948,-0.2878118460979819,0.1077338678064981,-0.2861194411937695,0.013829234949633331,0.07758764887179437
1230,53,222,275.4374088407163,3843.51011953928,278.252957276231,4041.337412517816,54.0,0.10795065928260948,-0.3383021384235485,0.1077338678064981,-0.33480535869582995,0.013829234949633331,0.11807064478915907
1231,44,222,470.9318574712719,4102.798680980681,278.252957276231,4041.337412517816,54.0,0.10795065928260948,-0.4599080907564436,0.1077338678064981,-0.4570152142312103,0.013829234949633331,0.12004169248286503
1232,41,222,461.8106926932424,4070.996636995212,278.252957276231,4041.337412517816,54.0,0.10795065928260948,-0.42350507219397004,0.1077338678064981,-0.4221659213025956,0.013829234949633331,0.11424165633730125
1233,25,222,275.18212912654,3848.067080065535,278.252957276231,4041.337412517816,54.0,0.10795065928260948,-0.32789210326213053,0.1077338678064981,-0.32449348218880797,0.013829234949633331,0.11444130559985612
1234,38,222,292.2609771757026,3909.816818957042,278.252957276231,4041.337412517816,54.0,0.10795065928260948,-0.2042188365757144,0.1077338678064981,-0.20208062661596823,0.013829234949633331,0.07821547511869698
1235,31,222,286.22286085268047,4096.016113555928,278.252957276231,4041.337412517816,54.0,0.10795065928260948,-0.16225244419270415,0.1077338678064981,-0.16077931354952776,0.013829234949633331,0.03550225099569648
1236,21,222,129.6510563411616,4132.672991581291,278.252957276231,4041.337412517816,54.0,0.10795065928260948,-0.3284796976016649,0.1077338678064981,-0.3248312381416808,0.013829234949633331,0.10906246005091354
1237,22,222,282.91308227706304,4129.966613278081,278.252957276231,4041.337412517816,54.0,0.10795065928260948,-0.22437221098338084,0.1077338678064981,-0.22283170209000902,0.013829234949633331,0.055189173983537995
1238,19,222,309.4846467710166,4112.556925703692,278.252957276231,4041.337412517816,54.0,0.10795065928260948,-0.20336452585289608,0.1077338678064981,-0.20239961622990846,0.013829234949633331,0.04877579229868551
1239,22,223,282.91308227706304,4129.966613278081,312.8233748838626,4054.8922790732095,54.0,0.10795065928260948,-0.1819402137395556,0.1077338678064981,-0.18099627363715104,0.013829234949633331,0.04867510068171544
1240,19,223,309.4846467710166,4112.556925703692,312.8233748838626,4054.8922790732095,54.0,0.10795065928260948,-0.12924905967044362,0.1077338678064981,-0.12914272786419545,0.013829234949633331,0.03478341771255889
1241,44,223,470.9318574712719,4102.798680980681,312.8233748838626,4054.8922790732095,54.0,0.10795065928260948,-0.35914959245391226,0.1077338678064981,-0.35705756974516606,0.013829234949633331,0.09611496949294657
1242,31,223,286.22286085268047,4096.016113555928,312.8233748838626,4054.8922790732095,54.0,0.10795065928260948,-0.1336638971757707,0.1077338678064981,-0.13228297758776972,0.013829234949633331,0.030214680139829402
1243,25,224,275.18212912654,3848.067080065535,295.92345652296734,4012.471765436985,54.0,0.10795065928260948,-0.2585174653946897,0.1077338678064981,-0.2554581186725546,0.013829234949633331,0.09601321313587817
1244,19,224,309.4846467710166,4112.556925703692,295.92345652296734,4012.471765436985,54.0,0.10795065928260948,-0.23952764776559562,0.1077338678064981,-0.23875552115433654,0.013829234949633331,0.06301896641513553
1245,22,224,282.91308227706304,4129.966613278081,295.92345652296734,4012.471765436985,54.0,0.10795065928260948,-0.29728825058123903,0.1077338678064981,-0.29537345894097383,0.013829234949633331,0.07477468708274146
1246,44,225,470.9318574712719,4102.798680980681,313.2916641340094,4017.6982104419535,54.0,0.10795065928260948,-0.3827894800548461,0.1077338678064981,-0.38012910883309453,0.013829234949633331,0.1064344145307898
1247,38,225,292.2609771757026,3909.816818957042,313.2916641340094,4017.6982104419535,54.0,0.10795065928260948,-0.17592636962965294,0.1077338678064981,-0.1747998002705237,0.013829234949633331,0.06546173247773912
1248,31,225,286.22286085268047,4096.016113555928,313.2916641340094,4017.6982104419535,54.0,0.10795065928260948,-0.23217198375377118,0.1077338678064981,-0.23050058471760143,0.013829234949633331,0.05241837381284131
1249,41,225,461.8106926932424,4070.996636995212,313.2916641340094,4017.6982104419535,54.0,0.10795065928260948,-0.34307848823087655,0.1077338678064981,-0.34139560401973107,0.013829234949633331,0.09594163798854502
1250,25,225,275.18212912654,3848.067080065535,313.2916641340094,4017.6982104419535,54.0,0.10795065928260948,-0.30085883123463636,0.1077338678064981,-0.2980693499297699,0.013829234949633331,0.10271967256883838
1251,22,225,282.91308227706304,4129.966613278081,313.2916641340094,4017.6982104419535,54.0,0.10795065928260948,-0.2889415001530062,0.1077338678064981,-0.28717459089481256,0.013829234949633331,0.07171692329472042
1252,19,225,309.4846467710166,4112.556925703692,313.2916641340094,4017.6982104419535,54.0,0.10795065928260948,-0.22867446401137292,0.1077338678064981,-0.2280750954745856,0.013829234949633331,0.05828499457313192
1253,53,226,275.4374088407163,3843.51011953928,312.224459853089,4001.93805851142,54.0,0.10795065928260948,-0.27641389710164893,0.1077338678064981,-0.27394585337441396,0.013829234949633331,0.09685252629712549
1254,63,226,316.49031405012005,3929.154743051912,312.224459853089,4001.93805851142,54.0,0.10795065928260948,-0.1144940534121425,0.1077338678064981,-0.11382656748589606,0.013829234949633331,0.04502180724803241
1255,25,226,275.18212912654,3848.067080065535,312.224459853089,4001.93805851142,54.0,0.10795065928260948,-0.2653421794681458,0.1077338678064981,-0.26290782209840863,0.013829234949633331,0.09310375473174004
1256,38,226,292.2609771757026,3909.816818957042,312.224459853089,4001.93805851142,54.0,0.10795065928260948,-0.1378203693465538,0.1077338678064981,-0.1368519109898776,0.013829234949633331,0.05548368342381328
1257,44,226,470.9318574712719,4102.798680980681,312.224459853089,4001.93805851142,54.0,0.10795065928260948,-0.3987949244706562,0.1077338678064981,-0.39723787246286485,0.013829234949633331,0.11092167697631249
1258,66,226,493.8518825171933,3956.000689079267,312.224459853089,4001.93805851142,54.0,0.10795065928260948,-0.4267573521933015,0.1077338678064981,-0.4254922085213193,0.013829234949633331,0.12188895686985962
1259,41,226,461.8106926932424,4070.996636995212,312.224459853089,4001.93805851142,54.0,0.10795065928260948,-0.36096611407582746,0.1077338678064981,-0.3597168592519391,0.013829234949633331,0.09959497197221079
1260,39,226,491.6009153175041,3965.873607703836,312.224459853089,4001.93805851142,54.0,0.10795065928260948,-0.40467208530202514,0.1077338678064981,-0.40341671759496955,0.013829234949633331,0.11720375434842978
1261,31,226,286.22286085268047,4096.016113555928,312.224459853089,4001.93805851142,54.0,0.10795065928260948,-0.2706923517027755,0.1077338678064981,-0.2689568705979178,0.013829234949633331,0.06236762083661186
1262,41,227,461.8106926932424,4070.996636995212,327.306343705716,4081.3155709764615,54.0,0.10795065928260948,-0.28091109117125446,0.1077338678064981,-0.2798471760116677,0.013829234949633331,0.07795749272187177
1263,66,227,493.8518825171933,3956.000689079267,327.306343705716,4081.3155709764615,54.0,0.10795065928260948,-0.3496407090324612,0.1077338678064981,-0.34669498265807575,0.013829234949633331,0.12593259562525666
1264,64,227,251.14156651564912,4194.6094429104505,327.306343705716,4081.3155709764615,54.0,0.10795065928260948,-0.24516350468156548,0.1077338678064981,-0.2436789684110805,0.013829234949633331,0.08763883040875978
1265,27,227,413.6607163277177,4126.933692479007,327.306343705716,4081.3155709764615,54.0,0.10795065928260948,-0.1916539816188414,0.1077338678064981,-0.19038311533806165,0.013829234949633331,0.05806681516094354
1266,31,227,286.22286085268047,4096.016113555928,327.306343705716,4081.3155709764615,54.0,0.10795065928260948,-0.10163184366810525,0.1077338678064981,-0.10168745020962222,0.013829234949633331,0.026067324056669002
1267,44,227,470.9318574712719,4102.798680980681,327.306343705716,4081.3155709764615,54.0,0.10795065928260948,-0.2829089838889877,0.1077338678064981,-0.28049000574820165,0.013829234949633331,0.0781824955051759
1268,31,228,286.22286085268047,4096.016113555928,349.69763252524416,4039.951949456995,54.0,0.10795065928260948,-0.21199004569755586,0.1077338678064981,-0.2104039468843848,0.013829234949633331,0.053718959391332984
1269,65,228,465.43944178630807,4063.6597216274654,349.69763252524416,4039.951949456995,54.0,0.10795065928260948,-0.24597422463508967,0.1077338678064981,-0.24540863377498556,0.013829234949633331,0.07000966778630816
1270,44,228,470.9318574712719,4102.798680980681,349.69763252524416,4039.951949456995,54.0,0.10795065928260948,-0.27777721830115254,0.1077338678064981,-0.2764890215556624,0.013829234949633331,0.07790381615009043
1271,61,228,463.203498736656,4062.892527800171,349.69763252524416,4039.951949456995,54.0,0.10795065928260948,-0.24118487619958942,0.1077338678064981,-0.24059841556769643,0.013829234949633331,0.06863977938609248
1272,60,228,462.2337953932308,4065.780960132662,349.69763252524416,4039.951949456995,54.0,0.10795065928260948,-0.24044932028579558,0.1077338678064981,-0.2397892207548292,0.013829234949633331,0.06846281140531824
1273,41,228,461.8106926932424,4070.996636995212,349.69763252524416,4039.951949456995,54.0,0.10795065928260948,-0.24198277667459084,0.1077338678064981,-0.241236302358364,0.013829234949633331,0.06894191456769395
1274,55,229,631.0597053851714,4679.977771773372,610.9322177974102,4716.550120256336,54.0,0.10795065928260948,-0.12613329533157125,0.1077338678064981,-0.124067983776853,0.013829234949633331,0.04464051550805906
1275,56,230,677.3923123197425,4458.591690875839,611.7833747678618,4689.5072732073895,54.0,0.10795065928260948,-0.5123584748351434,0.1077338678064981,-0.5051428372110605,0.013829234949633331,0.21018148119050112
1276,55,230,631.0597053851714,4679.977771773372,611.7833747678618,4689.5072732073895,54.0,0.10795065928260948,-0.06915189425479278,0.1077338678064981,-0.0679753382367363,0.013829234949633331,0.024495382914096857
1277,55,231,631.0597053851714,4679.977771773372,658.3837731695672,4666.320521897435,54.0,0.10795065928260948,-0.09269236426213683,0.1077338678064981,-0.09198861871235012,0.013829234949633331,0.03243580008260971
1278,17,232,777.957263569134,4705.278199933562,709.7868194729853,4851.286536622527,54.0,0.10795065928260948,-0.3941943149266079,0.1077338678064981,-0.3871484081317602,0.013829234949633331,0.14880004666154278
1279,17,233,777.957263569134,4705.278199933562,820.1121867911606,4887.409658363325,54.0,0.10795065928260948,-0.2868295945667389,0.1077338678064981,-0.2774653883408396,0.013829234949633331,0.1449054002012905
1280,17,234,777.957263569134,4705.278199933562,835.7138504834124,4882.651568351076,54.0,0.10795065928260948,-0.2732484242584836,0.1077338678064981,-0.2619830567156247,0.013829234949633331,0.14057956288867596
1281,17,235,777.957263569134,4705.278199933562,820.8837607778523,4830.121101450797,54.0,0.10795065928260948,-0.19265473585326648,0.1077338678064981,-0.18605604868524758,0.013829234949633331,0.0964944811891837
1282,17,236,777.957263569134,4705.278199933562,845.9654275779601,4795.464012288639,54.0,0.10795065928260948,-0.15566917539678787,0.1077338678064981,-0.149624470874759,0.013829234949633331,0.08207194288471455
1283,17,237,777.957263569134,4705.278199933562,867.3492606095851,4792.378098334041,54.0,0.10795065928260948,-0.1663596683817341,0.1077338678064981,-0.15867333266602668,0.013829234949633331,0.091483199111768
1284,17,238,777.957263569134,4705.278199933562,836.1977774156197,4777.614491614041,54.0,0.10795065928260948,-0.1298218497978095,0.1077338678064981,-0.12477178492886795,0.013829234949633331,0.06835975224454822
1285,17,239,777.957263569134,4705.278199933562,733.5001364322503,4748.586620355318,54.0,0.10795065928260948,-0.15986157301337317,0.1077338678064981,-0.15748897034437553,0.013829234949633331,0.05495190387075351
1286,17,240,777.957263569134,4705.278199933562,735.121237879597,4781.5539469831065,54.0,0.10795065928260948,-0.215943599784717,0.1077338678064981,-0.21169104461105406,0.013829234949633331,0.07598465968805324
1287,17,241,777.957263569134,4705.278199933562,707.3848569786213,4791.034976103771,54.0,0.10795065928260948,-0.2934253124327716,0.1077338678064981,-0.28776746087440197,0.013829234949633331,0.10028904475905462
1288,17,242,777.957263569134,4705.278199933562,712.9980031901063,4777.612970571223,54.0,0.10795065928260948,-0.25726783949705134,0.1077338678064981,-0.2529957254579508,0.013829234949633331,0.08676081477389969
1289,17,243,777.957263569134,4705.278199933562,699.7932708640618,4755.760924905943,54.0,0.10795065928260948,-0.25381227262001915,0.1077338678064981,-0.25090920056997285,0.013829234949633331,0.0834253286882024
1290,17,244,777.957263569134,4705.278199933562,686.8965221818985,4798.831092361476,54.0,0.10795065928260948,-0.35637746740958004,0.1077338678064981,-0.35137844760662895,0.013829234949633331,0.12179193792106091
1291,17,245,777.957263569134,4705.278199933562,687.2411309135879,4707.631508201332,54.0,0.10795065928260948,-0.24455767127842118,0.1077338678064981,-0.2436661863769309,0.013829234949633331,0.08058078239928422
1292,17,246,777.957263569134,4705.278199933562,690.6183360672042,4684.164100497674,54.0,0.10795065928260948,-0.21659783708996852,0.1077338678064981,-0.21424072083502896,0.013829234949633331,0.07968074436466735
1293,17,247,777.957263569134,4705.278199933562,606.2075985001995,4731.370763159866,54.0,0.10795065928260948,-0.4996317427010562,0.1077338678064981,-0.4981273257787461,0.013829234949633331,0.16671733990499316
1294,55,248,631.0597053851714,4679.977771773372,623.3428439903965,4697.432085439533,54.0,0.10795065928260948,-0.064853296353553,0.1077338678064981,-0.06386637223776628,0.013829234949633331,0.02210995641749782
1295,17,249,777.957263569134,4705.278199933562,629.0391362438163,4679.029549685565,54.0,0.10795065928260948,-0.40098732690825434,0.1077338678064981,-0.39701080336711847,0.013829234949633331,0.13943432829837804
1296,55,249,631.0597053851714,4679.977771773372,629.0391362438163,4679.029549685565,54.0,0.10795065928260948,-0.03172909128660838,0.1077338678064981,-0.031271096582049705,0.013829234949633331,0.010633113177033686
1297,17,250,777.957263569134,4705.278199933562,645.9807538115654,4669.918769358841,54.0,0.10795065928260948,-0.3469720925013111,0.1077338678064981,-0.34421699356105373,0.013829234949633331,0.12473400788247639
1298,55,250,631.0597053851714,4679.977771773372,645.9807538115654,4669.918769358841,54.0,0.10795065928260948,-0.060472765128084346,0.1077338678064981,-0.05976067479304091,0.013829234949633331,0.020958761598563944
1299,17,251,777.957263569134,4705.278199933562,677.9072626809317,4653.89718048063,54.0,0.10795065928260948,-0.2569662788059783,0.1077338678064981,-0.25467387885630194,0.013829234949633331,0.10144403233885872
1300,17,252,777.957263569134,4705.278199933562,685.7243502711287,4645.208724743927,54.0,0.10795065928260948,-0.24350187432732306,0.1077338678064981,-0.24073013231827406,0.013829234949633331,0.09949610935850343
1301,17,253,777.957263569134,4705.278199933562,691.3660822278478,4666.660196363947,54.0,0.10795065928260948,-0.21754540211457044,0.1077338678064981,-0.2153494531178416,0.013829234949633331,0.08469241001961292
1302,17,254,777.957263569134,4705.278199933562,592.8377865365509,4734.876730565503,54.0,0.10795065928260948,-0.5385652996951186,0.1077338678064981,-0.5361818189394282,0.013829234949633331,0.18185428168508722
1303,55,254,631.0597053851714,4679.977771773372,592.8377865365509,4734.876730565503,54.0,0.10795065928260948,-0.1956277295778785,0.1077338678064981,-0.19259111816250146,0.013829234949633331,0.07145163986126435
1304,17,255,777.957263569134,4705.278199933562,567.0059918406176,4747.16037686089,54.0,0.10795065928260948,-0.6125167902349163,0.1077338678064981,-0.6071062772616302,0.013829234949633331,0.2131511698030205
1305,32,256,334.71484028241383,4482.861045979598,500.20796147231687,4618.267020372979,54.0,0.10795065928260948,-0.39308387549701174,0.1077338678064981,-0.387903643208182,0.013829234949633331,0.15912353273376473
1306,23,256,492.6610906216525,4339.6404706179,500.20796147231687,4618.267020372979,54.0,0.10795065928260948,-0.6000449233167264,0.1077338678064981,-0.5969417541215813,0.013829234949633331,0.198175748905344
1307,56,256,677.3923123197425,4458.591690875839,500.20796147231687,4618.267020372979,54.0,0.10795065928260948,-0.40759785069753485,0.1077338678064981,-0.3984456927509507,0.013829234949633331,0.18006578655646402
1308,32,257,334.71484028241383,4482.861045979598,452.8407182199586,4614.347532250419,54.0,0.10795065928260948,-0.31987282219092367,0.1077338678064981,-0.3153343347392707,0.013829234949633331,0.1334931717751804
1309,32,258,334.71484028241383,4482.861045979598,437.13896889547215,4593.005802237853,54.0,0.10795065928260948,-0.2691344999011883,0.1077338678064981,-0.26515763814290494,0.013829234949633331,0.11098676965121843
1310,32,259,334.71484028241383,4482.861045979598,425.7675979026484,4587.306801321076,54.0,0.10795065928260948,-0.24661143714363543,0.1077338678064981,-0.24344345885546542,0.013829234949633331,0.10266681687270006
1311,32,260,334.71484028241383,4482.861045979598,447.73043194608914,4642.773796720821,54.0,0.10795065928260948,-0.3570713545236651,0.1077338678064981,-0.35260879031276243,0.013829234949633331,0.1563766616308936
1312,32,261,334.71484028241383,4482.861045979598,416.52807431204894,4611.258260235148,54.0,0.10795065928260948,-0.27379559299053363,0.1077338678064981,-0.2700782023097687,0.013829234949633331,0.11910870820708915
1313,15,262,-219.46475068668764,3910.916163982088,-239.5128446278165,3906.899903078088,54.0,0.10795065928260948,-0.043516975771633444,0.1077338678064981,-0.04291154912761594,0.013829234949633331,0.01661574359887751
1314,46,262,-260.0556528336838,3915.584287356416,-239.5128446278165,3906.899903078088,54.0,0.10795065928260948,-0.04641518178875646,0.1077338678064981,-0.04613429451543742,0.013829234949633331,0.0168549331952513
1315,14,262,-195.2527334913325,3927.819587782603,-239.5128446278165,3906.899903078088,54.0,0.10795065928260948,-0.08047955883017113,0.1077338678064981,-0.07973285791724852,0.013829234949633331,0.031442580826120614
1316,15,263,-219.46475068668764,3910.916163982088,-206.51370862307223,3888.753544352072,54.0,0.10795065928260948,-0.05052616483842973,0.1077338678064981,-0.05053406671888948,0.013829234949633331,0.018127160850494317
1317,46,263,-260.0556528336838,3915.584287356416,-206.51370862307223,3888.753544352072,54.0,0.10795065928260948,-0.11180498324185563,0.1077338678064981,-0.11107196230433924,0.013829234949633331,0.03930644730038738
1318,14,263,-191.8510249122208,3920.732064928668,-206.51370862307223,3888.753544352072,54.0,0.10795065928260948,-0.043226829716459296,0.1077338678064981,-0.04201285982708871,0.013829234949633331,0.0191597742796324
1319,15,264,-219.46475068668764,3910.916163982088,-247.0083933535225,3882.934832278036,54.0,0.10795065928260948,-0.07072389512607627,0.1077338678064981,-0.07003352550079638,0.013829234949633331,0.025257519396212787
1320,46,264,-260.0556528336838,3915.584287356416,-247.0083933535225,3882.934832278036,54.0,0.10795065928260948,-0.06735497551364103,0.1077338678064981,-0.06708542909625966,0.013829234949633331,0.023677042636933262
1321,14,264,-191.8510249122208,3920.732064928668,-247.0083933535225,3882.934832278036,54.0,0.10795065928260948,-0.10085230226850402,0.1077338678064981,-0.09979853968634592,0.013829234949633331,0.038787125581290896
1322,15,265,-219.46475068668764,3910.916163982088,-299.6987199382138,3877.517142896227,54.0,0.10795065928260948,-0.15408725338352824,0.1077338678064981,-0.1515469260411555,0.013829234949633331,0.056523959865948575
1323,14,265,-194.70002127832709,3926.657899285984,-299.6987199382138,3877.517142896227,54.0,0.10795065928260948,-0.19670572373918604,0.1077338678064981,-0.19389755284019358,0.013829234949633331,0.07414857961127513
1324,46,265,-260.0556528336838,3915.584287356416,-299.6987199382138,3877.517142896227,54.0,0.10795065928260948,-0.10557813594932805,0.1077338678064981,-0.10469040333378882,0.013829234949633331,0.037720744192066225
1325,46,266,-260.0556528336838,3915.584287356416,-207.05441320593363,3875.578724167899,54.0,0.10795065928260948,-0.12249642416608714,0.1077338678064981,-0.1218939791169209,0.013829234949633331,0.04221421342237271
1326,14,266,-191.8510249122208,3920.732064928668,-207.05441320593363,3875.578724167899,54.0,0.10795065928260948,-0.06146553978634984,0.1077338678064981,-0.06002406676748033,0.013829234949633331,0.02594433232712915
1327,15,267,-219.46475068668764,3910.916163982088,-288.28040614727314,3869.763411078973,54.0,0.10795065928260948,-0.13952432551908844,0.1077338678064981,-0.13741811987543984,0.013829234949633331,0.05123717771065861
1328,46,267,-260.0556528336838,3915.584287356416,-288.28040614727314,3869.763411078973,54.0,0.10795065928260948,-0.10104162504905971,0.1077338678064981,-0.10012586506816148,0.013829234949633331,0.03643273060375517
1329,14,267,-191.8510249122208,3920.732064928668,-288.28040614727314,3869.763411078973,54.0,0.10795065928260948,-0.17351422954799509,0.1077338678064981,-0.17106478034808623,0.013829234949633331,0.06623879876235675
1330,46,268,-260.0556528336838,3915.584287356416,-224.7874470069469,3868.704572457101,54.0,0.10795065928260948,-0.10690477537484086,0.1077338678064981,-0.10628190396360566,0.013829234949633331,0.03708507614937297
1331,14,268,-191.8510249122208,3920.732064928668,-224.7874470069469,3868.704572457101,54.0,0.10795065928260948,-0.09405821882175353,0.1077338678064981,-0.09307205956184242,0.013829234949633331,0.03575551664396249
1332,46,269,-260.0556528336838,3915.584287356416,-260.1284068828446,3860.327587174116,54.0,0.10795065928260948,-0.09976164420797548,0.1077338678064981,-0.09879722992462633,0.013829234949633331,0.036096155137215646
1333,15,269,-219.46475068668764,3910.916163982088,-260.1284068828446,3860.327587174116,54.0,0.10795065928260948,-0.1120308931651141,0.1077338678064981,-0.11082465155383969,0.013829234949633331,0.040186749302292026
1334,14,269,-191.8510249122208,3920.732064928668,-260.1284068828446,3860.327587174116,54.0,0.10795065928260948,-0.1439936207043963,0.1077338678064981,-0.14236248893523656,0.013829234949633331,0.053945820852933694
1335,46,270,-260.0556528336838,3915.584287356416,-301.76269843675186,3851.489323913676,54.0,0.10795065928260948,-0.13890139858048153,0.1077338678064981,-0.13731976563691142,0.013829234949633331,0.05141161524290468
1336,15,270,-219.46475068668764,3910.916163982088,-301.76269843675186,3851.489323913676,54.0,0.10795065928260948,-0.17402061151246678,0.1077338678064981,-0.17142961946539306,0.013829234949633331,0.06486285341900216
1337,14,270,-191.8510249122208,3920.732064928668,-301.76269843675186,3851.489323913676,54.0,0.10795065928260948,-0.2070035889540281,0.1077338678064981,-0.20416871909169368,0.013829234949633331,0.07932142403700418
1338,14,271,-191.8510249122208,3920.732064928668,-230.0244001131252,3856.086690947165,54.0,0.10795065928260948,-0.11726311421870485,0.1077338678064981,-0.11595837268466727,0.013829234949633331,0.0441691038920807
1339,46,272,-260.0556528336838,3915.584287356416,-212.9190342948821,3852.70955400908,54.0,0.10795065928260948,-0.14122631917133377,0.1077338678064981,-0.1404805665447178,0.013829234949633331,0.04919758205700879
1340,14,272,-191.8510249122208,3920.732064928668,-212.9190342948821,3852.70955400908,54.0,0.10795065928260948,-0.10077013852208543,0.1077338678064981,-0.09914218123839293,0.013829234949633331,0.04017062391263263
1341,3,272,-366.6419945922364,3850.319998086217,-212.9190342948821,3852.70955400908,54.0,0.10795065928260948,-0.2527587938999717,0.1077338678064981,-0.24929189124701626,0.013829234949633331,0.10201697504215389
1342,15,273,-219.46475068668764,3910.916163982088,-259.69914487938223,3840.648840093646,54.0,0.10795065928260948,-0.13995241157466376,0.1077338678064981,-0.13848982057899317,0.013829234949633331,0.05104166256405812
1343,14,273,-191.8510249122208,3920.732064928668,-259.69914487938223,3840.648840093646,54.0,0.10795065928260948,-0.17073220771594383,0.1077338678064981,-0.16878140986539855,0.013829234949633331,0.06418912029697348
1344,46,273,-260.0556528336838,3915.584287356416,-259.69914487938223,3840.648840093646,54.0,0.10795065928260948,-0.13295598763509628,0.1077338678064981,-0.1315582753241597,0.013829234949633331,0.04900316462994028
1345,3,274,-366.6419945922364,3850.319998086217,-217.82064581615532,3836.435116427341,54.0,0.10795065928260948,-0.2552400900386605,0.1077338678064981,-0.2537005100159494,0.013829234949633331,0.10317418464875784
1346,46,274,-260.0556528336838,3915.584287356416,-217.82064581615532,3836.435116427341,54.0,0.10795065928260948,-0.15813952330455916,0.1077338678064981,-0.15658310398525405,0.013829234949633331,0.05720926696240039
1347,14,274,-191.8510249122208,3920.732064928668,-217.82064581615532,3836.435116427341,54.0,0.10795065928260948,-0.12745289331966775,0.1077338678064981,-0.12531044357017107,0.013829234949633331,0.051168922655843024
1348,46,275,-260.0556528336838,3915.584287356416,-228.4608267250068,3835.49661024065,54.0,0.10795065928260948,-0.15404144699374145,0.1077338678064981,-0.1527745648549577,0.013829234949633331,0.05539923259658698
1349,14,275,-191.8510249122208,3920.732064928668,-228.4608267250068,3835.49661024065,54.0,0.10795065928260948,-0.14268808928874085,0.1077338678064981,-0.14088088207986557,0.013829234949633331,0.055029817053190995
1350,14,276,-191.8510249122208,3920.732064928668,-220.7072172819317,3822.533501197976,54.0,0.10795065928260948,-0.1477786308778073,0.1077338678064981,-0.1451720404921527,0.013829234949633331,0.06028854696003032
1351,3,276,-366.6419945922364,3850.319998086217,-220.7072172819317,3822.533501197976,54.0,0.10795065928260948,-0.2527527375206699,0.1077338678064981,-0.25145226915671537,0.013829234949633331,0.10291099790365817
1352,46,276,-260.0556528336838,3915.584287356416,-220.7072172819317,3822.533501197976,54.0,0.10795065928260948,-0.1772613277748247,0.1077338678064981,-0.17565002469002888,0.013829234949633331,0.06506824355238287
1353,15,276,-219.46475068668764,3910.916163982088,-220.7072172819317,3822.533501197976,54.0,0.10795065928260948,-0.15099107075302903,0.1077338678064981,-0.1499320452982503,0.013829234949633331,0.05601967374619749
1354,14,277,-191.8510249122208,3920.732064928668,-220.52307878009043,3896.322588863719,54.0,0.10795065928260948,-0.05169228699453127,0.1077338678064981,-0.05103340396984551,0.013829234949633331,0.02177984183860152
1355,15,277,-219.46475068668764,3910.916163982088,-220.52307878009043,3896.322588863719,54.0,0.10795065928260948,-0.03395113049615989,0.1077338678064981,-0.03395707108933751,0.013829234949633331,0.012814402937960281
1356,46,277,-260.0556528336838,3915.584287356416,-220.52307878009043,3896.322588863719,54.0,0.10795065928260948,-0.08300765570844865,0.1077338678064981,-0.08224917700353318,0.013829234949633331,0.029970339464201377
1357,46,278,-260.0556528336838,3915.584287356416,-234.22537457612623,3832.547431286246,54.0,0.10795065928260948,-0.1553148211784834,0.1077338678064981,-0.15394384967904676,0.013829234949633331,0.05632519701132617
1358,14,278,-191.8510249122208,3920.732064928668,-234.22537457612623,3832.547431286246,54.0,0.10795065928260948,-0.1538713588741767,0.1077338678064981,-0.1522491433041119,0.013829234949633331,0.05864291885162584
1359,15,278,-219.46475068668764,3910.916163982088,-234.22537457612623,3832.547431286246,54.0,0.10795065928260948,-0.14079919785420844,0.1077338678064981,-0.13983384242960117,0.013829234949633331,0.050857045804636625
1360,14,279,-191.8510249122208,3920.732064928668,-239.64545070337945,3852.531569643749,54.0,0.10795065928260948,-0.1332405038573754,0.1077338678064981,-0.13173554700557533,0.013829234949633331,0.04973101949542124
1361,15,279,-219.46475068668764,3910.916163982088,-239.64545070337945,3852.531569643749,54.0,0.10795065928260948,-0.10864410032694949,0.1077338678064981,-0.10769236790933034,0.013829234949633331,0.03865430907243927
1362,15,280,-219.46475068668764,3910.916163982088,-222.45927337673947,3847.821790182078,54.0,0.10795065928260948,-0.11329439092381746,0.1077338678064981,-0.1130638989270476,0.013829234949633331,0.03977760438206437
1363,46,280,-260.0556528336838,3915.584287356416,-222.45927337673947,3847.821790182078,54.0,0.10795065928260948,-0.13954392377413807,0.1077338678064981,-0.13848547015210982,0.013829234949633331,0.049160154716205925
1364,14,280,-191.8510249122208,3920.732064928668,-222.45927337673947,3847.821790182078,54.0,0.10795065928260948,-0.11982927370150723,0.1077338678064981,-0.11827191263677318,0.013829234949633331,0.04594783841387387
1365,14,281,-191.8510249122208,3920.732064928668,-204.13750177921133,3830.7645324182754,54.0,0.10795065928260948,-0.10491271914652797,0.1077338678064981,-0.10179430616339177,0.013829234949633331,0.04977444758270024
1366,46,281,-260.0556528336838,3915.584287356416,-204.13750177921133,3830.7645324182754,54.0,0.10795065928260948,-0.1769624131798536,0.1077338678064981,-0.17538309804571411,0.013829234949633331,0.06436324922932077
1367,46,282,-260.0556528336838,3915.584287356416,-196.31793179281823,3850.097955642777,54.0,0.10795065928260948,-0.16023962868874428,0.1077338678064981,-0.15930702683887665,0.013829234949633331,0.056701004217528383
1368,15,282,-219.46475068668764,3910.916163982088,-196.31793179281823,3850.097955642777,54.0,0.10795065928260948,-0.11026271493659451,0.1077338678064981,-0.10979735345477727,0.013829234949633331,0.04026119089950811
1369,14,282,-191.8510249122208,3920.732064928668,-196.31793179281823,3850.097955642777,54.0,0.10795065928260948,-0.06723353896910136,0.1077338678064981,-0.06449538838693188,0.013829234949633331,0.03616370073122084
1370,15,283,-219.46475068668764,3910.916163982088,-239.63954182075463,3893.468471754271,54.0,0.10795065928260948,-0.05156002597900808,0.1077338678064981,-0.05101471504889777,0.013829234949633331,0.018952319068667466
1371,46,283,-260.0556528336838,3915.584287356416,-239.63954182075463,3893.468471754271,54.0,0.10795065928260948,-0.05924716929788039,0.1077338678064981,-0.05904196179004226,0.013829234949633331,0.020892977391840723
1372,14,283,-191.8510249122208,3920.732064928668,-239.63954182075463,3893.468471754271,54.0,0.10795065928260948,-0.08065062382073453,0.1077338678064981,-0.07973234509067705,0.013829234949633331,0.03233496194488613
1373,15,284,-219.46475068668764,3910.916163982088,-270.3096398577547,3825.91280365092,54.0,0.10795065928260948,-0.17092243648237587,0.1077338678064981,-0.16910219452008662,0.013829234949633331,0.06358076273740847
1374,14,284,-191.8510249122208,3920.732064928668,-270.3096398577547,3825.91280365092,54.0,0.10795065928260948,-0.20260014488197722,0.1077338678064981,-0.20030719472312317,0.013829234949633331,0.07707535693037251
1375,46,284,-260.0556528336838,3915.584287356416,-270.3096398577547,3825.91280365092,54.0,0.10795065928260948,-0.15947424671394836,0.1077338678064981,-0.1577869833264325,0.013829234949633331,0.05970380180121291
1376,14,285,-191.8510249122208,3920.732064928668,-313.64040487867874,3841.407442527648,54.0,0.10795065928260948,-0.23368153486836174,0.1077338678064981,-0.23074223332600427,0.013829234949633331,0.09008418629489129
1377,14,286,-191.8510249122208,3920.732064928668,-237.86889380994464,3869.5690282123273,54.0,0.10795065928260948,-0.1070883561654739,0.1077338678064981,-0.10596177185819156,0.013829234949633331,0.04030185622028428
1378,46,286,-260.0556528336838,3915.584287356416,-237.86889380994464,3869.5690282123273,54.0,0.10795065928260948,-0.09408602195779003,0.1077338678064981,-0.09357981135386426,0.013829234949633331,0.032757044983198605
1379,15,287,-219.46475068668764,3910.916163982088,-290.1032136269349,3879.02770495162,54.0,0.10795065928260948,-0.13690256514876353,0.1077338678064981,-0.1347046098381747,0.013829234949633331,0.05018964637662552
1380,46,287,-260.0556528336838,3915.584287356416,-290.1032136269349,3879.02770495162,54.0,0.10795065928260948,-0.09135942233652244,0.1077338678064981,-0.09069807360977244,0.013829234949633331,0.03255651434380381
1381,46,288,-260.0556528336838,3915.584287356416,-217.05716463296827,3881.450900568053,54.0,0.10795065928260948,-0.10133959444372864,0.1077338678064981,-0.10074073699405886,0.013829234949633331,0.03525219268709098
1382,46,289,-260.0556528336838,3915.584287356416,-287.08457697353265,3860.139446947377,54.0,0.10795065928260948,-0.11296406911506227,0.1077338678064981,-0.11180663185977313,0.013829234949633331,0.041306663884819746
1383,46,290,-260.0556528336838,3915.584287356416,-284.4670125726876,3807.7889507976943,54.0,0.10795065928260948,-0.19221690715550344,0.1077338678064981,-0.19083299603799156,0.013829234949633331,0.07263597076446025
1384,46,291,-260.0556528336838,3915.584287356416,-264.284648689563,3867.396538917314,54.0,0.10795065928260948,-0.08848086995842012,0.1077338678064981,-0.08768933082418155,0.013829234949633331,0.03187574994230729
1385,46,292,-260.0556528336838,3915.584287356416,-305.30829728411254,3860.661942635376,54.0,0.10795065928260948,-0.1302771455801229,0.1077338678064981,-0.12884174922407096,0.013829234949633331,0.04814198281693296
1386,46,293,-260.0556528336838,3915.584287356416,-254.8098989424844,3843.565233451433,54.0,0.10795065928260948,-0.12824963008140733,0.1077338678064981,-0.12690352610754316,0.013829234949633331,0.047085138361715344
1387,14,294,-191.2861040228232,3920.912450661129,-93.57726189495948,3961.546197789921,54.0,0.10795065928260948,-0.19082603502490414,0.1077338678064981,-0.18966787695653364,0.013829234949633331,0.07351160603711226
1388,9,294,9.936533141897351,4088.226647492491,-93.57726189495948,3961.546197789921,54.0,0.10795065928260948,-0.48409442657152707,0.1077338678064981,-0.48139063507444435,0.013829234949633331,0.1466984880859699
1389,9,295,9.936533141897351,4088.226647492491,-56.035500045016406,3941.502507723401,54.0,0.10795065928260948,-0.49712312180490165,0.1077338678064981,-0.49295282830469533,0.013829234949633331,0.13689350919738175
1390,14,295,-191.2861040228232,3920.912450661129,-56.035500045016406,3941.502507723401,54.0,0.10795065928260948,-0.25090504830297494,0.1077338678064981,-0.24967161099955326,0.013829234949633331,0.09287230322878301
1391,14,296,-191.2861040228232,3920.912450661129,-83.42484145845008,3942.88148701633,54.0,0.10795065928260948,-0.186809577899303,0.1077338678064981,-0.1854328557561023,0.013829234949633331,0.07277834090788003
1392,14,297,-191.2861040228232,3920.912450661129,-58.13533851273078,3928.158727312826,54.0,0.10795065928260948,-0.22012704017839796,0.1077338678064981,-0.2172430901959852,0.013829234949633331,0.08505520794479396
1393,9,297,9.936533141897351,4088.226647492491,-58.13533851273078,3928.158727312826,54.0,0.10795065928260948,-0.532234329487714,0.1077338678064981,-0.5281318708609148,0.013829234949633331,0.1468829153251025
1394,14,298,-191.2861040228232,3920.912450661129,-76.10278929015365,3928.390718488814,54.0,0.10795065928260948,-0.17895093580187188,0.1077338678064981,-0.17581492026631224,0.013829234949633331,0.07194618347905568
1395,14,299,-191.2861040228232,3920.912450661129,-88.19284338416543,3910.3239477963098,54.0,0.10795065928260948,-0.1335660574046552,0.1077338678064981,-0.13007742000163514,0.013829234949633331,0.05921099588792351
1396,14,300,-191.2861040228232,3920.912450661129,-66.20733732343768,3907.189374107909,54.0,0.10795065928260948,-0.17605187262540148,0.1077338678064981,-0.17188294040399346,0.013829234949633331,0.07406673171058605
1397,14,301,-191.2861040228232,3920.912450661129,-31.22363826822373,3895.155107689023,54.0,0.10795065928260948,-0.2348971799978792,0.1077338678064981,-0.22984301069098811,0.013829234949633331,0.09793957532882588
1398,14,302,-191.2861040228232,3920.912450661129,-109.8933281317338,3891.788283909125,54.0,0.10795065928260948,-0.08866589498096916,0.1077338678064981,-0.08495476944750645,0.013829234949633331,0.045543131397555996
1399,14,303,-191.2861040228232,3920.912450661129,-88.84745792148391,3891.638924250811,54.0,0.10795065928260948,-0.12275541063980565,0.1077338678064981,-0.11866944469641234,0.013829234949633331,0.05849075326694018
1400,14,304,-191.2861040228232,3920.912450661129,-69.56334702608117,3889.639795815675,54.0,0.10795065928260948,-0.15395161013086617,0.1077338678064981,-0.1499078687438604,0.013829234949633331,0.0703840510186155
1401,14,305,-191.2861040228232,3920.912450661129,-47.84804575173801,3889.788154786775,54.0,0.10795065928260948,-0.1934416758292049,0.1077338678064981,-0.18942248988813487,0.013829234949633331,0.08498120344966728
1402,14,306,-191.2861040228232,3920.912450661129,-23.36300577374711,3882.6832047228254,54.0,0.10795065928260948,-0.23175948095695542,0.1077338678064981,-0.22706703682241608,0.013829234949633331,0.10164882335965335
1403,50,307,-32.87294301735424,3776.17863145535,-65.13866586007784,3871.8509974488175,54.0,0.10795065928260948,-0.10431405860608776,0.1077338678064981,-0.10096682974785141,0.013829234949633331,0.05625627541016035
1404,14,307,-191.2861040228232,3920.912450661129,-65.13866586007784,3871.8509974488175,54.0,0.10795065928260948,-0.1476776193203098,0.1077338678064981,-0.14285377103519092,0.013829234949633331,0.07281805080708269
1405,14,308,-191.2861040228232,3920.912450661129,-50.13229410178342,3867.0999269122817,54.0,0.10795065928260948,-0.16656236168818692,0.1077338678064981,-0.16159660004812476,0.013829234949633331,0.08205826326596476
1406,14,309,-191.2861040228232,3920.912450661129,-35.39723016141716,3854.209722232396,54.0,0.10795065928260948,-0.17895925688011188,0.1077338678064981,-0.17296277328262413,0.013829234949633331,0.0915788352399179
1407,14,310,-191.2861040228232,3920.912450661129,-61.32288072890474,3816.801141060652,54.0,0.10795065928260948,-0.11804498305070976,0.1077338678064981,-0.10729211233015351,0.013829234949633331,0.07619077628573934
1408,50,310,-32.87294301735424,3776.17863145535,-61.32288072890474,3816.801141060652,54.0,0.10795065928260948,-0.052779740116898115,0.1077338678064981,-0.050403709895169464,0.013829234949633331,0.02831173457369725
1409,14,311,-191.2861040228232,3920.912450661129,-70.85258713100723,3825.679041233032,54.0,0.10795065928260948,-0.10743713239293542,0.1077338678064981,-0.0977380528547448,0.013829234949633331,0.06938345477027107
1410,50,311,-32.87294301735424,3776.17863145535,-70.85258713100723,3825.679041233032,54.0,0.10795065928260948,-0.06315154367115405,0.1077338678064981,-0.05971065026554247,0.013829234949633331,0.03501091133524273
1411,50,312,-32.87294301735424,3776.17863145535,-77.81854309749487,3807.703348510464,54.0,0.10795065928260948,-0.05363015567974297,0.1077338678064981,-0.05033560303497594,0.013829234949633331,0.0300888676977976
1412,14,312,-191.2861040228232,3920.912450661129,-77.81854309749487,3807.703348510464,54.0,0.10795065928260948,-0.10398023119728365,0.1077338678064981,-0.09349914386563316,0.013829234949633331,0.06947068915814406
1413,18,313,55.99463969610678,3684.4657106501672,-71.53169503986241,3812.202036985935,54.0,0.10795065928260948,-0.25493495469574284,0.1077338678064981,-0.2475457157434191,0.013829234949633331,0.11531401020874846
1414,14,313,-191.2861040228232,3920.912450661129,-71.53169503986241,3812.202036985935,54.0,0.10795065928260948,-0.10866277360539334,0.1077338678064981,-0.098112594981189,0.013829234949633331,0.0716135579623839
1415,14,314,-191.2861040228232,3920.912450661129,-100.08529526117316,3900.3226209859754,54.0,0.10795065928260948,-0.1138966780173269,0.1077338678064981,-0.11079066593393994,0.013829234949633331,0.05241016590777818
1416,14,315,-191.2861040228232,3920.912450661129,-89.8146653730421,3916.635476753353,54.0,0.10795065928260948,-0.130011371345414,0.1077338678064981,-0.12659836940776795,0.013829234949633331,0.05789157512154002
1417,18,316,55.99463969610678,3684.4657106501672,-21.70518692471069,3895.884300151082,54.0,0.10795065928260948,-0.24855479340681377,0.1077338678064981,-0.2388612181512262,0.013829234949633331,0.13208799673759167
1418,14,316,-191.2861040228232,3920.912450661129,-21.70518692471069,3895.884300151082,54.0,0.10795065928260948,-0.25623314830865523,0.1077338678064981,-0.25090579124344486,0.013829234949633331,0.10505526458579093
1419,15,317,-219.46475068668764,3910.916163982088,-110.01626871790168,3882.272424637356,54.0,0.10795065928260948,-0.1038066447411266,0.1077338678064981,-0.09867925855486093,0.013829234949633331,0.055851396004420434
1420,14,317,-191.2861040228232,3920.912450661129,-110.01626871790168,3882.272424637356,54.0,0.10795065928260948,-0.08250963045336815,0.1077338678064981,-0.0786948209400932,0.013829234949633331,0.045479497844318706
1421,18,318,55.99463969610678,3684.4657106501672,-96.97654250745872,3869.5775486716034,54.0,0.10795065928260948,-0.2897205952399067,0.1077338678064981,-0.27895539813250503,0.013829234949633331,0.1426665088275802
1422,14,318,-191.2861040228232,3920.912450661129,-96.97654250745872,3869.5775486716034,54.0,0.10795065928260948,-0.0940931836593657,0.1077338678064981,-0.08901607977408926,0.013829234949633331,0.053363774391229156
1423,14,319,-191.2861040228232,3920.912450661129,-77.79031957572187,3894.979280828351,54.0,0.10795065928260948,-0.14548914991235348,0.1077338678064981,-0.1419742240158328,0.013829234949633331,0.06554019429577308
1424,18,320,55.99463969610678,3684.4657106501672,-55.97942679583037,3901.289986408653,54.0,0.10795065928260948,-0.2831259912887424,0.1077338678064981,-0.27290493400228905,0.013829234949633331,0.14444332496725334
1425,14,321,-191.2861040228232,3920.912450661129,-40.74382534446032,3878.871264722534,54.0,0.10795065928260948,-0.19756428459619207,0.1077338678064981,-0.19268843819284898,0.013829234949633331,0.08949145466200997
1426,18,321,55.99463969610678,3684.4657106501672,-40.74382534446032,3878.871264722534,54.0,0.10795065928260948,-0.23885603346713652,0.1077338678064981,-0.2292841646965377,0.013829234949633331,0.1265340249719779
1427,14,322,-191.2861040228232,3920.912450661129,-66.69372584046727,3870.2071380379048,54.0,0.10795065928260948,-0.14280975321780523,0.1077338678064981,-0.13781316449152733,0.013829234949633331,0.07178034137110555
1428,18,322,55.99463969610678,3684.4657106501672,-66.69372584046727,3870.2071380379048,54.0,0.10795065928260948,-0.2604650697982857,0.1077338678064981,-0.25141019656515406,0.013829234949633331,0.13250745973458797
1429,50,322,-32.87294301735424,3776.17863145535,-66.69372584046727,3870.2071380379048,54.0,0.10795065928260948,-0.10250725711248282,0.1077338678064981,-0.09910067321903518,0.013829234949633331,0.05549072935210865
1430,9,323,9.936533141897351,4088.226647492491,-54.35065196736064,3922.548138121946,54.0,0.10795065928260948,-0.541389850036031,0.1077338678064981,-0.5364367532821279,0.013829234949633331,0.14877424986118584
1431,14,323,-191.2861040228232,3920.912450661129,-54.35065196736064,3922.548138121946,54.0,0.10795065928260948,-0.19924310486951488,0.1077338678064981,-0.1948529002833546,0.013829234949633331,0.0818478976517459
1432,21,323,103.34699834515416,4117.964937310308,-54.35065196736064,3922.548138121946,54.0,0.10795065928260948,-0.6140153667074826,0.1077338678064981,-0.605746984883077,0.013829234949633331,0.1824723164139943
1433,14,324,-191.2861040228232,3920.912450661129,-90.20027446475764,3884.516943179324,54.0,0.10795065928260948,-0.11470515326632265,0.1077338678064981,-0.11029688237994573,0.013829234949633331,0.057371926424474654
1434,23,325,485.3312407692456,4298.036308618457,442.6118074904948,4070.2277085185783,54.0,0.10795065928260948,-0.20977057980042815,0.1077338678064981,-0.2000987550800528,0.013829234949633331,0.09098081268588504
1435,39,325,491.6009153175041,3965.873607703836,442.6118074904948,4070.2277085185783,54.0,0.10795065928260948,-0.12794410444571286,0.1077338678064981,-0.12384566904399111,0.013829234949633331,0.05703275719526112
1436,45,325,517.3116391169647,4113.7490927459785,442.6118074904948,4070.2277085185783,54.0,0.10795065928260948,-0.20008231500832216,0.1077338678064981,-0.19939743603512666,0.013829234949633331,0.0525241226193188
1437,41,325,461.8106926932424,4070.996636995212,442.6118074904948,4070.2277085185783,54.0,0.10795065928260948,-0.04283530944439544,0.1077338678064981,-0.042826250160635376,0.013829234949633331,0.011695960063888018
1438,47,325,497.40279712570856,4039.075701869608,442.6118074904948,4070.2277085185783,54.0,0.10795065928260948,-0.1322988633237663,0.1077338678064981,-0.13196155326685058,0.013829234949633331,0.039903424631304946
1439,60,325,462.2337953932308,4065.780960132662,442.6118074904948,4070.2277085185783,54.0,0.10795065928260948,-0.04698078745472757,0.1077338678064981,-0.04697660263904474,0.013829234949633331,0.01284044395462589
1440,61,325,463.203498736656,4062.892527800171,442.6118074904948,4070.2277085185783,54.0,0.10795065928260948,-0.05080564412294451,0.1077338678064981,-0.050814390186097486,0.013829234949633331,0.013914861378085303
1441,27,325,413.6607163277177,4126.933692479007,442.6118074904948,4070.2277085185783,54.0,0.10795065928260948,-0.13702874311171248,0.1077338678064981,-0.13613935383930315,0.013829234949633331,0.03575455217850523
1442,44,325,470.9318574712719,4102.798680980681,442.6118074904948,4070.2277085185783,54.0,0.10795065928260948,-0.07380394222983433,0.1077338678064981,-0.07290796751577358,0.013829234949633331,0.0214822190843835
1443,45,326,517.3116391169647,4113.7490927459785,473.81212145827845,4062.309946420862,54.0,0.10795065928260948,-0.20742370779750574,0.1077338678064981,-0.20715238413291676,0.013829234949633331,0.04764723710268121
1444,35,326,583.2192292927565,4207.570440686977,473.81212145827845,4062.309946420862,54.0,0.10795065928260948,-0.44086936165253654,0.1077338678064981,-0.43938523374223215,0.013829234949633331,0.11620821376596216
1445,52,326,577.7231586056545,4060.836546501464,473.81212145827845,4062.309946420862,54.0,0.10795065928260948,-0.31443666252840585,0.1077338678064981,-0.31242421739694154,0.013829234949633331,0.08113708536488211
1446,36,326,587.79522063936,3965.30735379632,473.81212145827845,4062.309946420862,54.0,0.10795065928260948,-0.3298311038327633,0.1077338678064981,-0.3256188233134503,0.013829234949633331,0.11293752950641239
1447,41,326,461.8106926932424,4070.996636995212,473.81212145827845,4062.309946420862,54.0,0.10795065928260948,-0.03453992754348562,0.1077338678064981,-0.03472484120340591,0.013829234949633331,0.009851486303018984
1448,61,326,463.203498736656,4062.892527800171,473.81212145827845,4062.309946420862,54.0,0.10795065928260948,-0.03049957069503387,0.1077338678064981,-0.03066285381819954,0.013829234949633331,0.00869909476711553
1449,31,326,286.22286085268047,4096.016113555928,473.81212145827845,4062.309946420862,54.0,0.10795065928260948,-0.4035883148708692,0.1077338678064981,-0.4028772197388577,0.013829234949633331,0.11109692350135011
1450,27,326,413.6607163277177,4126.933692479007,473.81212145827845,4062.309946420862,54.0,0.10795065928260948,-0.1681223023676272,0.1077338678064981,-0.16742140096141947,0.013829234949633331,0.04944899176749059
1451,23,326,485.3312407692456,4298.036308618457,473.81212145827845,4062.309946420862,54.0,0.10795065928260948,-0.2420552826865579,0.1077338678064981,-0.23376110378929765,0.013829234949633331,0.10450747885417498
1452,60,326,462.2337953932308,4065.780960132662,473.81212145827845,4062.309946420862,54.0,0.10795065928260948,-0.032493816353843304,0.1077338678064981,-0.03266777591120491,0.013829234949633331,0.0092678939855818
1453,44,326,482.2902751987267,4093.226876078621,473.81212145827845,4062.309946420862,54.0,0.10795065928260948,-0.09344671551133706,0.1077338678064981,-0.09352664863421171,0.013829234949633331,0.021260068779350993
1454,47,326,497.40279712570856,4039.075701869608,473.81212145827845,4062.309946420862,54.0,0.10795065928260948,-0.08267581818314843,0.1077338678064981,-0.08211399852758791,0.013829234949633331,0.023303141202647756
1455,39,326,491.6009153175041,3965.873607703836,473.81212145827845,4062.309946420862,54.0,0.10795065928260948,-0.13364096609996873,0.1077338678064981,-0.13064534535855749,0.013829234949633331,0.056272944046004476
1456,48,326,542.8497150079456,3957.433060143872,473.81212145827845,4062.309946420862,54.0,0.10795065928260948,-0.23571931920000544,0.1077338678064981,-0.23349551169519925,0.013829234949633331,0.08553824885545552
1457,43,326,630.0947010611478,4141.259609929846,473.81212145827845,4062.309946420862,54.0,0.10795065928260948,-0.5533473135796244,0.1077338678064981,-0.5519982691534563,0.013829234949633331,0.12722660602520602
1458,27,327,413.6607163277177,4126.933692479007,468.27210347413103,4049.616241434093,54.0,0.10795065928260948,-0.19841011825367777,0.1077338678064981,-0.19813101824438245,0.013829234949633331,0.05479860584636279
1459,39,327,491.6009153175041,3965.873607703836,468.27210347413103,4049.616241434093,54.0,0.10795065928260948,-0.08520814482595802,0.1077338678064981,-0.08219222037516184,0.013829234949633331,0.04538675771469483
1460,43,327,630.0947010611478,4141.259609929846,468.27210347413103,4049.616241434093,54.0,0.10795065928260948,-0.5773689250415489,0.1077338678064981,-0.5763388950382524,0.013829234949633331,0.13611451687910095
1461,61,327,463.203498736656,4062.892527800171,468.27210347413103,4049.616241434093,54.0,0.10795065928260948,-0.0362771442894359,0.1077338678064981,-0.03645944177942442,0.013829234949633331,0.01045012853476614
1462,52,327,577.7231586056545,4060.836546501464,468.27210347413103,4049.616241434093,54.0,0.10795065928260948,-0.3235426705530118,0.1077338678064981,-0.32147142470251044,0.013829234949633331,0.08450784753403026
1463,47,327,497.40279712570856,4039.075701869608,468.27210347413103,4049.616241434093,54.0,0.10795065928260948,-0.052495866847566255,0.1077338678064981,-0.05183068294031375,0.013829234949633331,0.020453193871628035
1464,48,327,542.8497150079456,3957.433060143872,468.27210347413103,4049.616241434093,54.0,0.10795065928260948,-0.18595722877428716,0.1077338678064981,-0.18333164769807667,0.013829234949633331,0.07706614538746606
1465,31,327,286.22286085268047,4096.016113555928,468.27210347413103,4049.616241434093,54.0,0.10795065928260948,-0.3888282823172545,0.1077338678064981,-0.38850355415296556,0.013829234949633331,0.10964550686886988
1466,36,327,587.79522063936,3965.30735379632,468.27210347413103,4049.616241434093,54.0,0.10795065928260948,-0.2815402392617751,0.1077338678064981,-0.2782762676661231,0.013829234949633331,0.10662614668705048
1467,23,327,485.3312407692456,4298.036308618457,468.27210347413103,4049.616241434093,54.0,0.10795065928260948,-0.22663870188181087,0.1077338678064981,-0.21653885758671923,0.013829234949633331,0.10156865573135142
1468,41,327,461.8106926932424,4070.996636995212,468.27210347413103,4049.616241434093,54.0,0.10795065928260948,-0.04985139326537475,0.1077338678064981,-0.05010817020253667,0.013829234949633331,0.014306127912103889
1469,60,327,462.2337953932308,4065.780960132662,468.27210347413103,4049.616241434093,54.0,0.10795065928260948,-0.04169641129073559,0.1077338678064981,-0.04190842013707442,0.013829234949633331,0.011989765387807591
1470,44,327,482.2902751987267,4093.226876078621,468.27210347413103,4049.616241434093,54.0,0.10795065928260948,-0.12033459392661856,0.1077338678064981,-0.12066730336474069,0.013829234949633331,0.029612348169661212
1471,45,327,517.3116391169647,4113.7490927459785,468.27210347413103,4049.616241434093,54.0,0.10795065928260948,-0.2382991069351028,0.1077338678064981,-0.2379735075415248,0.013829234949633331,0.05596857881582395
1472,39,328,491.6009153175041,3965.873607703836,447.21509965388833,4045.293583999011,54.0,0.10795065928260948,-0.07873535724829103,0.1077338678064981,-0.07508886099753169,0.013829234949633331,0.04409883247058946
1473,60,328,462.2337953932308,4065.780960132662,447.21509965388833,4045.293583999011,54.0,0.10795065928260948,-0.05163498094699663,0.1077338678064981,-0.05183704522521119,0.013829234949633331,0.01611679131170566
1474,27,328,413.6607163277177,4126.933692479007,447.21509965388833,4045.293583999011,54.0,0.10795065928260948,-0.18617168684864324,0.1077338678064981,-0.1846917493093848,0.013829234949633331,0.04877406332565449
1475,36,328,587.79522063936,3965.30735379632,447.21509965388833,4045.293583999011,54.0,0.10795065928260948,-0.2716459326889787,0.1077338678064981,-0.26887340458972303,0.013829234949633331,0.11016577172346852
1476,44,328,482.2902751987267,4093.226876078621,447.21509965388833,4045.293583999011,54.0,0.10795065928260948,-0.12918372088476157,0.1077338678064981,-0.1294195017737676,0.013829234949633331,0.035866668561183326
1477,23,328,485.3312407692456,4298.036308618457,447.21509965388833,4045.293583999011,54.0,0.10795065928260948,-0.2261211745290425,0.1077338678064981,-0.21546460490187597,0.013829234949633331,0.09982857081492273
1478,31,328,286.22286085268047,4096.016113555928,447.21509965388833,4045.293583999011,54.0,0.10795065928260948,-0.3348597087094873,0.1077338678064981,-0.33487358352417645,0.013829234949633331,0.0988559337614842
1479,45,328,517.3116391169647,4113.7490927459785,447.21509965388833,4045.293583999011,54.0,0.10795065928260948,-0.25650688435650176,0.1077338678064981,-0.2568163097584393,0.013829234949633331,0.06461960878421567
1480,41,328,461.8106926932424,4070.996636995212,447.21509965388833,4045.293583999011,54.0,0.10795065928260948,-0.05945897091510698,0.1077338678064981,-0.05972004472819615,0.013829234949633331,0.018201595722240164
1481,47,328,497.40279712570856,4039.075701869608,447.21509965388833,4045.293583999011,54.0,0.10795065928260948,-0.06988910861578386,0.1077338678064981,-0.06891601482716359,0.013829234949633331,0.029577881061619425
1482,61,328,463.203498736656,4062.892527800171,447.21509965388833,4045.293583999011,54.0,0.10795065928260948,-0.04782354387809599,0.1077338678064981,-0.04798117489009899,0.013829234949633331,0.015156014295750881
1483,43,328,630.0947010611478,4141.259609929846,447.21509965388833,4045.293583999011,54.0,0.10795065928260948,-0.6112129141956011,0.1077338678064981,-0.6100359469335002,0.013829234949633331,0.14621349411158963
1484,36,329,587.79522063936,3965.30735379632,431.58584790895287,4026.933212132683,54.0,0.10795065928260948,-0.24970192956634626,0.1077338678064981,-0.24524281765229847,0.013829234949633331,0.10860893319736747
1485,44,329,482.2902751987267,4093.226876078621,431.58584790895287,4026.933212132683,54.0,0.10795065928260948,-0.1544077653175424,0.1077338678064981,-0.15452855880259223,0.013829234949633331,0.048395439489496685
1486,39,329,491.6009153175041,3965.873607703836,431.58584790895287,4026.933212132683,54.0,0.10795065928260948,-0.07978111749008222,0.1077338678064981,-0.0762828468483883,0.013829234949633331,0.04523582417755023
1487,54,329,562.1256537151418,3993.041990758743,431.58584790895287,4026.933212132683,54.0,0.10795065928260948,-0.18945243385541433,0.1077338678064981,-0.18594317613311548,0.013829234949633331,0.08133862143308765
1488,23,329,485.3312407692456,4298.036308618457,431.58584790895287,4026.933212132683,54.0,0.10795065928260948,-0.2885582513976119,0.1077338678064981,-0.2790210719838323,0.013829234949633331,0.11728234368949274
1489,38,329,292.2609771757026,3909.816818957042,431.58584790895287,4026.933212132683,54.0,0.10795065928260948,-0.3818733636839279,0.1077338678064981,-0.37937814376384993,0.013829234949633331,0.11323742779420849
1490,48,329,542.8497150079456,3957.433060143872,431.58584790895287,4026.933212132683,54.0,0.10795065928260948,-0.14871191019450763,0.1077338678064981,-0.14323759441392414,0.013829234949633331,0.07431719607148923
1491,27,329,413.6607163277177,4126.933692479007,431.58584790895287,4026.933212132683,54.0,0.10795065928260948,-0.19258441994392908,0.1077338678064981,-0.1909874632269061,0.013829234949633331,0.05729770260010891
1492,60,329,462.2337953932308,4065.780960132662,431.58584790895287,4026.933212132683,54.0,0.10795065928260948,-0.07565818271465106,0.1077338678064981,-0.07578084663419632,0.013829234949633331,0.02837599987629766
1493,43,329,630.0947010611478,4141.259609929846,431.58584790895287,4026.933212132683,54.0,0.10795065928260948,-0.6186713798516624,0.1077338678064981,-0.6170988270478929,0.013829234949633331,0.1583005137305633
1494,45,329,517.3116391169647,4113.7490927459785,431.58584790895287,4026.933212132683,54.0,0.10795065928260948,-0.2789236043430686,0.1077338678064981,-0.2790005829482027,0.013829234949633331,0.07679341764861777
1495,61,329,463.203498736656,4062.892527800171,431.58584790895287,4026.933212132683,54.0,0.10795065928260948,-0.07071020695499157,0.1077338678064981,-0.0707600064807595,0.013829234949633331,0.02726855546304292
1496,41,329,461.8106926932424,4070.996636995212,431.58584790895287,4026.933212132683,54.0,0.10795065928260948,-0.08476098980164669,0.1077338678064981,-0.0848159865014374,0.013829234949633331,0.030293207317684725
1497,47,329,497.40279712570856,4039.075701869608,431.58584790895287,4026.933212132683,54.0,0.10795065928260948,-0.08645609713170158,0.1077338678064981,-0.08542933880561246,0.013829234949633331,0.03796759041245717
1498,31,329,286.22286085268047,4096.016113555928,431.58584790895287,4026.933212132683,54.0,0.10795065928260948,-0.3338254014906775,0.1077338678064981,-0.33363617577491983,0.013829234949633331,0.09634422643487452
1499,54,330,562.1256537151418,3993.041990758743,408.9986108563161,3996.755525049388,54.0,0.10795065928260948,-0.22963894682277752,0.1077338678064981,-0.22575436815872657,0.013829234949633331,0.09511511807829474
1500,62,330,438.3970135664206,3912.290557700556,408.9986108563161,3996.755525049388,54.0,0.10795065928260948,-0.21718606525358153,0.1077338678064981,-0.2158914616226662,0.013829234949633331,0.06607967051126755
1501,31,330,286.22286085268047,4096.016113555928,408.9986108563161,3996.755525049388,54.0,0.10795065928260948,-0.3740714315651089,0.1077338678064981,-0.3722977515294521,0.013829234949633331,0.09889409330266676
1502,39,330,491.6009153175041,3965.873607703836,408.9986108563161,3996.755525049388,54.0,0.10795065928260948,-0.12879957981842535,0.1077338678064981,-0.12724215005585104,0.013829234949633331,0.053880460327657614
1503,65,330,465.43944178630807,4063.6597216274654,408.9986108563161,3996.755525049388,54.0,0.10795065928260948,-0.12982787134315346,0.1077338678064981,-0.12893622613625413,0.013829234949633331,0.05023197297709221
1504,27,330,413.6607163277177,4126.933692479007,408.9986108563161,3996.755525049388,54.0,0.10795065928260948,-0.25743912893322946,0.1077338678064981,-0.25564257305960414,0.013829234949633331,0.07627825097115565
1505,36,330,587.79522063936,3965.30735379632,408.9986108563161,3996.755525049388,54.0,0.10795065928260948,-0.2805218130346885,0.1077338678064981,-0.27657105877558763,0.013829234949633331,0.12170989433260795
1506,61,330,463.203498736656,4062.892527800171,408.9986108563161,3996.755525049388,54.0,0.10795065928260948,-0.12703157532047665,0.1077338678064981,-0.12618578783635087,0.013829234949633331,0.049244966070245796
1507,38,330,292.2609771757026,3909.816818957042,408.9986108563161,3996.755525049388,54.0,0.10795065928260948,-0.32680324016326406,0.1077338678064981,-0.32506092373495354,0.013829234949633331,0.09268792689631987
1508,66,330,493.8518825171933,3956.000689079267,408.9986108563161,3996.755525049388,54.0,0.10795065928260948,-0.14962325987783345,0.1077338678064981,-0.1482029500497628,0.013829234949633331,0.05942450466493561
1509,60,330,462.2337953932308,4065.780960132662,408.9986108563161,3996.755525049388,54.0,0.10795065928260948,-0.13322067722036207,0.1077338678064981,-0.13254451133722459,0.013829234949633331,0.050547439721638755
1510,41,330,461.8106926932424,4070.996636995212,408.9986108563161,3996.755525049388,54.0,0.10795065928260948,-0.14404759658663235,0.1077338678064981,-0.14336014676230652,0.013829234949633331,0.05257785470639447
1511,63,330,316.49031405012005,3929.154743051912,408.9986108563161,3996.755525049388,54.0,0.10795065928260948,-0.2845994168579483,0.1077338678064981,-0.28304434978992293,0.013829234949633331,0.07534381102781998
1512,44,330,482.2902751987267,4093.226876078621,408.9986108563161,3996.755525049388,54.0,0.10795065928260948,-0.2127771665028146,0.1077338678064981,-0.2121248645525439,0.013829234949633331,0.07077868575068991
1513,47,330,497.40279712570856,4039.075701869608,408.9986108563161,3996.755525049388,54.0,0.10795065928260948,-0.12663842580543527,0.1077338678064981,-0.12363800236176627,0.013829234949633331,0.05471511907440629
1514,27,331,413.6607163277177,4126.933692479007,422.862128182699,4025.3424938357566,54.0,0.10795065928260948,-0.20777708275427761,0.1077338678064981,-0.2063917884974597,0.013829234949633331,0.05896563274331847
1515,39,331,491.6009153175041,3965.873607703836,422.862128182699,4025.3424938357566,54.0,0.10795065928260948,-0.09000543065379088,0.1077338678064981,-0.08638244065528988,0.013829234949633331,0.04969937509284456
1516,61,331,463.203498736656,4062.892527800171,422.862128182699,4025.3424938357566,54.0,0.10795065928260948,-0.08219604049140364,0.1077338678064981,-0.08223816170818801,0.013829234949633331,0.031228320824993813
1517,22,331,282.91308227706304,4129.966613278081,422.862128182699,4025.3424938357566,54.0,0.10795065928260948,-0.33237495353064783,0.1077338678064981,-0.3327829060485212,0.013829234949633331,0.10382824031758514
1518,60,331,462.2337953932308,4065.780960132662,422.862128182699,4025.3424938357566,54.0,0.10795065928260948,-0.08675210069175507,0.1077338678064981,-0.0867207048767196,0.013829234949633331,0.031829582578186626
1519,62,331,438.3970135664206,3912.290557700556,422.862128182699,4025.3424938357566,54.0,0.10795065928260948,-0.21897759855413657,0.1077338678064981,-0.2174356602745628,0.013829234949633331,0.07821159570576812
1520,66,331,493.8518825171933,3956.000689079267,422.862128182699,4025.3424938357566,54.0,0.10795065928260948,-0.105870948956227,0.1077338678064981,-0.10217454912759341,0.013829234949633331,0.0564689615720797
1521,48,331,542.8497150079456,3957.433060143872,422.862128182699,4025.3424938357566,54.0,0.10795065928260948,-0.15801411598803136,0.1077338678064981,-0.15227545327369496,0.013829234949633331,0.0793915497292977
1522,36,331,587.79522063936,3965.30735379632,422.862128182699,4025.3424938357566,54.0,0.10795065928260948,-0.2550647959089899,0.1077338678064981,-0.2498669949743939,0.013829234949633331,0.11232972382597783
1523,65,331,465.43944178630807,4063.6597216274654,422.862128182699,4025.3424938357566,54.0,0.10795065928260948,-0.08570735071670477,0.1077338678064981,-0.08578754723015039,0.013829234949633331,0.0323944238366817
1524,38,331,292.2609771757026,3909.816818957042,422.862128182699,4025.3424938357566,54.0,0.10795065928260948,-0.3739553779875806,0.1077338678064981,-0.371971492256626,0.013829234949633331,0.10868099892579446
1525,47,331,497.40279712570856,4039.075701869608,422.862128182699,4025.3424938357566,54.0,0.10795065928260948,-0.09709266537279532,0.1077338678064981,-0.09601960413199269,0.013829234949633331,0.04260365662522299
1526,41,331,461.8106926932424,4070.996636995212,422.862128182699,4025.3424938357566,54.0,0.10795065928260948,-0.09587883032433085,0.1077338678064981,-0.09576231552897257,0.013829234949633331,0.033543079310359054
1527,19,331,309.4846467710166,4112.556925703692,422.862128182699,4025.3424938357566,54.0,0.10795065928260948,-0.2746951955267992,0.1077338678064981,-0.27486461349594354,0.013829234949633331,0.08434451918886882
1528,63,331,316.49031405012005,3929.154743051912,422.862128182699,4025.3424938357566,54.0,0.10795065928260948,-0.3344256700528188,0.1077338678064981,-0.33260174984492286,0.013829234949633331,0.09164775425879201
1529,44,331,481.57977240354745,4093.89399297542,422.862128182699,4025.3424938357566,54.0,0.10795065928260948,-0.16326875204864766,0.1077338678064981,-0.1630282384454276,0.013829234949633331,0.051074065027324804
1530,31,331,286.22286085268047,4096.016113555928,422.862128182699,4025.3424938357566,54.0,0.10795065928260948,-0.3291634756780894,0.1077338678064981,-0.32910710029448026,0.013829234949633331,0.0930286367441098
1531,54,331,562.1256537151418,3993.041990758743,422.862128182699,4025.3424938357566,54.0,0.10795065928260948,-0.19794419263315816,0.1077338678064981,-0.19392686993340946,0.013829234949633331,0.08573002222145348
1532,43,332,630.0947010611478,4141.259609929846,439.19746758037405,4076.996335961541,54.0,0.10795065928260948,-0.5570260889116931,0.1077338678064981,-0.5552799640533437,0.013829234949633331,0.13524740664380513
1533,47,332,497.40279712570856,4039.075701869608,439.19746758037405,4076.996335961541,54.0,0.10795065928260948,-0.15013500643028801,0.1077338678064981,-0.14980505097772465,0.013829234949633331,0.043620544042860074
1534,39,332,491.6009153175041,3965.873607703836,439.19746758037405,4076.996335961541,54.0,0.10795065928260948,-0.14415924893196702,0.1077338678064981,-0.13994205828820006,0.013829234949633331,0.06097930713603185
1535,27,332,413.6607163277177,4126.933692479007,439.19746758037405,4076.996335961541,54.0,0.10795065928260948,-0.1206842483501286,0.1077338678064981,-0.11989528521254372,0.013829234949633331,0.031756390485911785
1536,41,332,461.8106926932424,4070.996636995212,439.19746758037405,4076.996335961541,54.0,0.10795065928260948,-0.053799897395330504,0.1077338678064981,-0.05390055773533599,0.013829234949633331,0.014057835305703205
1537,19,332,324.8153272931308,4135.979057138678,439.19746758037405,4076.996335961541,54.0,0.10795065928260948,-0.2506260394465236,0.1077338678064981,-0.24910874126473445,0.013829234949633331,0.07563283766291584
1538,16,332,510.22088537403255,4246.5421852479,439.19746758037405,4076.996335961541,54.0,0.10795065928260948,-0.13415330427006536,0.1077338678064981,-0.12505565873869523,0.013829234949633331,0.06473084350610628
1539,60,332,462.2337953932308,4065.780960132662,439.19746758037405,4076.996335961541,54.0,0.10795065928260948,-0.05926255046107999,0.1077338678064981,-0.05928801135809639,0.013829234949633331,0.015736342047414587
1540,45,332,517.3116391169647,4113.7490927459785,439.19746758037405,4076.996335961541,54.0,0.10795065928260948,-0.19048546403470717,0.1077338678064981,-0.1899358291254232,0.013829234949633331,0.05165425550101066
1541,23,332,485.3312407692456,4298.036308618457,439.19746758037405,4076.996335961541,54.0,0.10795065928260948,-0.2157313498692094,0.1077338678064981,-0.2070968140395183,0.013829234949633331,0.09351834205359366
1542,22,332,301.6304881357929,4156.037775497009,439.19746758037405,4076.996335961541,54.0,0.10795065928260948,-0.291017984954493,0.1077338678064981,-0.2888340255057804,0.013829234949633331,0.09395020914296873
1543,31,332,286.22286085268047,4096.016113555928,439.19746758037405,4076.996335961541,54.0,0.10795065928260948,-0.3409459110951393,0.1077338678064981,-0.3399261888319427,0.013829234949633331,0.08998571296590013
1544,61,332,463.203498736656,4062.892527800171,439.19746758037405,4076.996335961541,54.0,0.10795065928260948,-0.06388958458705055,0.1077338678064981,-0.06391037507001279,0.013829234949633331,0.017065083705700694
1545,44,332,470.9318574712719,4102.798680980681,439.19746758037405,4076.996335961541,54.0,0.10795065928260948,-0.07287101619714663,0.1077338678064981,-0.07218024833539952,0.013829234949633331,0.020425643649303424
1546,66,332,493.8518825171933,3956.000689079267,439.19746758037405,4076.996335961541,54.0,0.10795065928260948,-0.15680861301867377,0.1077338678064981,-0.15218000397501008,0.013829234949633331,0.06718760531215237
1547,65,332,465.43944178630807,4063.6597216274654,439.19746758037405,4076.996335961541,54.0,0.10795065928260948,-0.06603132397723496,0.1077338678064981,-0.06609492370133704,0.013829234949633331,0.017703832041626497
1548,22,333,301.6304881357929,4156.037775497009,462.0840432753972,4072.271140968799,54.0,0.10795065928260948,-0.3352679630806933,0.1077338678064981,-0.33288962282186235,0.013829234949633331,0.10623878625002718
1549,43,333,630.0947010611478,4141.259609929846,462.0840432753972,4072.271140968799,54.0,0.10795065928260948,-0.5484841754066012,0.1077338678064981,-0.5472472999511854,0.013829234949633331,0.12876509606345676
1550,23,333,485.3312407692456,4298.036308618457,462.0840432753972,4072.271140968799,54.0,0.10795065928260948,-0.17127499632833432,0.1077338678064981,-0.1604263450240188,0.013829234949633331,0.08430111851077654
1551,47,333,497.40279712570856,4039.075701869608,462.0840432753972,4072.271140968799,54.0,0.10795065928260948,-0.1135840498395074,0.1077338678064981,-0.11324437494898398,0.013829234949633331,0.032369426567597864
1552,66,333,493.8518825171933,3956.000689079267,462.0840432753972,4072.271140968799,54.0,0.10795065928260948,-0.14900134350694244,0.1077338678064981,-0.14583287290379102,0.013829234949633331,0.06626791524661264
1553,45,333,517.3116391169647,4113.7490927459785,462.0840432753972,4072.271140968799,54.0,0.10795065928260948,-0.1878559850963489,0.1077338678064981,-0.18777866118480974,0.013829234949633331,0.04576184368565412
1554,27,333,413.6607163277177,4126.933692479007,462.0840432753972,4072.271140968799,54.0,0.10795065928260948,-0.13785866327962518,0.1077338678064981,-0.13704669002537798,0.013829234949633331,0.04022225257897448
1555,16,333,510.22088537403255,4246.5421852479,462.0840432753972,4072.271140968799,54.0,0.10795065928260948,-0.137197291712347,0.1077338678064981,-0.12856073834811096,0.013829234949633331,0.0711693870862256
1556,19,333,324.8153272931308,4135.979057138678,462.0840432753972,4072.271140968799,54.0,0.10795065928260948,-0.297011715407235,0.1077338678064981,-0.2954040844242142,0.013829234949633331,0.08820966120773503
1557,39,333,491.6009153175041,3965.873607703836,462.0840432753972,4072.271140968799,54.0,0.10795065928260948,-0.1363965730337246,0.1077338678064981,-0.13365328049550837,0.013829234949633331,0.059996632879501875
1558,52,333,577.7231586056545,4060.836546501464,462.0840432753972,4072.271140968799,54.0,0.10795065928260948,-0.341263280261986,0.1077338678064981,-0.33938542159589025,0.013829234949633331,0.08876769058820094
1559,60,333,462.2337953932308,4065.780960132662,462.0840432753972,4072.271140968799,54.0,0.10795065928260948,-0.023602059143337552,0.1077338678064981,-0.02372841560810879,0.013829234949633331,0.006731784891004708
1560,65,333,465.43944178630807,4063.6597216274654,462.0840432753972,4072.271140968799,54.0,0.10795065928260948,-0.024749190998086687,0.1077338678064981,-0.02488168877133073,0.013829234949633331,0.007058970109925332
1561,41,333,461.8106926932424,4070.996636995212,462.0840432753972,4072.271140968799,54.0,0.10795065928260948,-0.012167914911484043,0.1077338678064981,-0.012233057308700957,0.013829234949633331,0.0034705355688968106
1562,61,333,463.203498736656,4062.892527800171,462.0840432753972,4072.271140968799,54.0,0.10795065928260948,-0.028577169022976332,0.1077338678064981,-0.02873016033737751,0.013829234949633331,0.008150786907542515
1563,44,333,480.9578626210374,4094.339103296416,462.0840432753972,4072.271140968799,54.0,0.10795065928260948,-0.063570250477793,0.1077338678064981,-0.063385040240896,0.013829234949633331,0.016687356302213963
1564,35,333,583.2192292927565,4207.570440686977,462.0840432753972,4072.271140968799,54.0,0.10795065928260948,-0.36987193586977596,0.1077338678064981,-0.3682560711038374,0.013829234949633331,0.10988222003470544
1565,23,334,485.3312407692456,4298.036308618457,459.6569034973903,4060.82300260624,54.0,0.10795065928260948,-0.19636453028948947,0.1077338678064981,-0.1856529169398304,0.013829234949633331,0.09139543468183814
1566,41,334,461.8106926932424,4070.996636995212,459.6569034973903,4060.82300260624,54.0,0.10795065928260948,-0.02566625708579987,0.1077338678064981,-0.02580366448273824,0.013829234949633331,0.007320535916358923
1567,27,334,413.6607163277177,4126.933692479007,459.6569034973903,4060.82300260624,54.0,0.10795065928260948,-0.16877456058534873,0.1077338678064981,-0.16834219415438792,0.013829234949633331,0.04608389416108921
1568,45,334,517.3116391169647,4113.7490927459785,459.6569034973903,4060.82300260624,54.0,0.10795065928260948,-0.22127131391768246,0.1077338678064981,-0.22160924970063756,0.013829234949633331,0.05323023112958239
1569,39,334,491.6009153175041,3965.873607703836,459.6569034973903,4060.82300260624,54.0,0.10795065928260948,-0.10785851242097322,0.1077338678064981,-0.10468891212926204,0.013829234949633331,0.051971629317282
1570,19,334,324.8153272931308,4135.979057138678,459.6569034973903,4060.82300260624,54.0,0.10795065928260948,-0.3047586622916525,0.1077338678064981,-0.3030066674712985,0.013829234949633331,0.09014869021875742
1571,44,334,482.2902751987267,4093.226876078621,459.6569034973903,4060.82300260624,54.0,0.10795065928260948,-0.09310224764183439,0.1077338678064981,-0.09323227366017517,0.013829234949633331,0.02415668084149509
1572,65,334,465.43944178630807,4063.6597216274654,459.6569034973903,4060.82300260624,54.0,0.10795065928260948,-0.02004368028383381,0.1077338678064981,-0.020150986539033376,0.013829234949633331,0.0057168632311020064
1573,60,334,462.2337953932308,4065.780960132662,459.6569034973903,4060.82300260624,54.0,0.10795065928260948,-0.022464398454932585,0.1077338678064981,-0.022584664316260158,0.013829234949633331,0.0064073010403888
1574,16,334,510.22088537403255,4246.5421852479,459.6569034973903,4060.82300260624,54.0,0.10795065928260948,-0.1650163812768647,0.1077338678064981,-0.15667929365113273,0.013829234949633331,0.0791499051459077
1575,61,334,463.203498736656,4062.892527800171,459.6569034973903,4060.82300260624,54.0,0.10795065928260948,-0.021668562417829797,0.1077338678064981,-0.02178456767513231,0.013829234949633331,0.006180312497662522
1576,66,334,493.8518825171933,3956.000689079267,459.6569034973903,4060.82300260624,54.0,0.10795065928260948,-0.12042501456039773,0.1077338678064981,-0.11679121998327222,0.013829234949633331,0.05815431616841265
1577,47,334,497.40279712570856,4039.075701869608,459.6569034973903,4060.82300260624,54.0,0.10795065928260948,-0.09202210077975265,0.1077338678064981,-0.09171916380721973,0.013829234949633331,0.028975829957074255
1578,19,335,316.4731036835704,4123.280697965635,437.47285354914527,4045.91348934747,54.0,0.10795065928260948,-0.2667325960383563,0.1077338678064981,-0.26678280420277595,0.013829234949633331,0.08382677645316636
1579,22,335,293.9352802547916,4145.232714506679,437.47285354914527,4045.91348934747,54.0,0.10795065928260948,-0.3087619796635771,0.1077338678064981,-0.307776667256869,0.013829234949633331,0.10305598122940987
1580,23,335,485.3312407692456,4298.036308618457,437.47285354914527,4045.91348934747,54.0,0.10795065928260948,-0.2594008875096695,0.1077338678064981,-0.24944487810522203,0.013829234949633331,0.10465560676164365
1581,39,335,491.6009153175041,3965.873607703836,437.47285354914527,4045.91348934747,54.0,0.10795065928260948,-0.08483775632316719,0.1077338678064981,-0.08142556266209292,0.013829234949633331,0.04761542780104945
1582,27,335,413.6607163277177,4126.933692479007,437.47285354914527,4045.91348934747,54.0,0.10795065928260948,-0.1790460094935093,0.1077338678064981,-0.17739743166868216,0.013829234949633331,0.047145799335474636
1583,65,335,465.43944178630807,4063.6597216274654,437.47285354914527,4045.91348934747,54.0,0.10795065928260948,-0.06414747976784246,0.1077338678064981,-0.06419214546130977,0.013829234949633331,0.019575056921258202
1584,41,335,461.8106926932424,4070.996636995212,437.47285354914527,4045.91348934747,54.0,0.10795065928260948,-0.0694047248254964,0.1077338678064981,-0.06933771732746812,0.013829234949633331,0.02026861895986278
1585,61,335,463.203498736656,4062.892527800171,437.47285354914527,4045.91348934747,54.0,0.10795065928260948,-0.060543050505888964,0.1077338678064981,-0.06055145817255504,0.013829234949633331,0.018499137306534914
1586,31,335,286.22286085268047,4096.016113555928,437.47285354914527,4045.91348934747,54.0,0.10795065928260948,-0.3185869197348844,0.1077338678064981,-0.3187985559523254,0.013829234949633331,0.09412226794020964
1587,43,335,630.0947010611478,4141.259609929846,437.47285354914527,4045.91348934747,54.0,0.10795065928260948,-0.6275668025388357,0.1077338678064981,-0.626434321142289,0.013829234949633331,0.15045779705182888
1588,47,335,497.40279712570856,4039.075701869608,437.47285354914527,4045.91348934747,54.0,0.10795065928260948,-0.07961642619886544,0.1077338678064981,-0.07861753194560026,0.013829234949633331,0.03454835892960499
1589,45,335,517.3116391169647,4113.7490927459785,437.47285354914527,4045.91348934747,54.0,0.10795065928260948,-0.2635474617726696,0.1077338678064981,-0.26367463948586306,0.013829234949633331,0.06691121734107462
1590,44,335,479.7147702266481,4095.4513296994464,437.47285354914527,4045.91348934747,54.0,0.10795065928260948,-0.13143222205569793,0.1077338678064981,-0.1310529724812686,0.013829234949633331,0.036824887370003674
1591,66,335,493.8518825171933,3956.000689079267,437.47285354914527,4045.91348934747,54.0,0.10795065928260948,-0.0986688261457647,0.1077338678064981,-0.09502143980023818,0.013829234949633331,0.05427482648752044
1592,60,335,462.2337953932308,4065.780960132662,437.47285354914527,4045.91348934747,54.0,0.10795065928260948,-0.06312537857508774,0.1077338678064981,-0.06309527461083782,0.013829234949633331,0.01888144362673732
1593,36,336,587.79522063936,3965.30735379632,446.14924890749785,4055.162025087259,54.0,0.10795065928260948,-0.30156289846708834,0.1077338678064981,-0.29845275455560877,0.013829234949633331,0.11599099010777734
1594,19,336,323.2602997559864,4133.680635959454,446.14924890749785,4055.162025087259,54.0,0.10795065928260948,-0.28019140772674755,0.1077338678064981,-0.27856144698152946,0.013829234949633331,0.08464976812665488
1595,45,336,517.3116391169647,4113.7490927459785,446.14924890749785,4055.162025087259,54.0,0.10795065928260948,-0.242803003927993,0.1077338678064981,-0.2430011253729779,0.013829234949633331,0.060104173176346955
1596,39,336,491.6009153175041,3965.873607703836,446.14924890749785,4055.162025087259,54.0,0.10795065928260948,-0.09404478439568058,0.1077338678064981,-0.09011639210571346,0.013829234949633331,0.04857995528894585
1597,44,336,480.15858294610064,4095.0065417419455,446.14924890749785,4055.162025087259,54.0,0.10795065928260948,-0.11190516099223238,0.1077338678064981,-0.11174756763841284,0.013829234949633331,0.03038993571433176
1598,61,336,463.203498736656,4062.892527800171,446.14924890749785,4055.162025087259,54.0,0.10795065928260948,-0.04496722986695285,0.1077338678064981,-0.04506237463090427,0.013829234949633331,0.012507034908927937
1599,41,336,461.8106926932424,4070.996636995212,446.14924890749785,4055.162025087259,54.0,0.10795065928260948,-0.04954965069329803,0.1077338678064981,-0.04964003754828463,0.013829234949633331,0.013749952153952728
1600,23,336,485.3312407692456,4298.036308618457,446.14924890749785,4055.162025087259,54.0,0.10795065928260948,-0.21346901098293558,0.1077338678064981,-0.20257168493928474,0.013829234949633331,0.09426862678970595
1601,27,336,413.6607163277177,4126.933692479007,446.14924890749785,4055.162025087259,54.0,0.10795065928260948,-0.1704345963565499,0.1077338678064981,-0.1691401513466709,0.013829234949633331,0.04372752411686068
1602,43,336,630.0947010611478,4141.259609929846,446.14924890749785,4055.162025087259,54.0,0.10795065928260948,-0.6083812662044664,0.1077338678064981,-0.6073735625092271,0.013829234949633331,0.14356289484033205
1603,60,336,462.2337953932308,4065.780960132662,446.14924890749785,4055.162025087259,54.0,0.10795065928260948,-0.0456487987766212,0.1077338678064981,-0.045736361837014156,0.013829234949633331,0.012676861825534066
1604,31,336,286.22286085268047,4096.016113555928,446.14924890749785,4055.162025087259,54.0,0.10795065928260948,-0.3412185822995367,0.1077338678064981,-0.34080183609769155,0.013829234949633331,0.09600710008609376
1605,47,336,497.40279712570856,4039.075701869608,446.14924890749785,4055.162025087259,54.0,0.10795065928260948,-0.09377956130482992,0.1077338678064981,-0.093115911929182,0.013829234949633331,0.03290161045694274
1606,16,336,510.22088537403255,4246.5421852479,446.14924890749785,4055.162025087259,54.0,0.10795065928260948,-0.16571438284681358,0.1077338678064981,-0.15616155098387455,0.013829234949633331,0.07763599063212939
1607,66,336,493.8518825171933,3956.000689079267,446.14924890749785,4055.162025087259,54.0,0.10795065928260948,-0.10762953818441764,0.1077338678064981,-0.10339687062160265,0.013829234949633331,0.05519106912169213
1608,48,336,542.8497150079456,3957.433060143872,446.14924890749785,4055.162025087259,54.0,0.10795065928260948,-0.19125879090923567,0.1077338678064981,-0.18795302601773856,0.013829234949633331,0.08312043675301407
1609,22,336,301.17269173322853,4155.382547068784,446.14924890749785,4055.162025087259,54.0,0.10795065928260948,-0.3213943740836989,0.1077338678064981,-0.3188899303991588,0.013829234949633331,0.10298953984477982
1610,41,337,461.8106926932424,4070.996636995212,438.2395063544679,3993.749322917003,54.0,0.10795065928260948,-0.11015770800221725,0.1077338678064981,-0.10876106806337696,0.013829234949633331,0.045302293991701714
1611,61,337,463.203498736656,4062.892527800171,438.2395063544679,3993.749322917003,54.0,0.10795065928260948,-0.09347754527028102,0.1077338678064981,-0.09184900254439271,0.013829234949633331,0.04074710427918172
1612,65,337,465.43944178630807,4063.6597216274654,438.2395063544679,3993.749322917003,54.0,0.10795065928260948,-0.09543500104401562,0.1077338678064981,-0.09378506273351428,0.013829234949633331,0.041314311221948334
1613,39,337,491.6009153175041,3965.873607703836,438.2395063544679,3993.749322917003,54.0,0.10795065928260948,-0.06891486677409342,0.1077338678064981,-0.0671857165083192,0.013829234949633331,0.03531744686565051
1614,36,337,587.79522063936,3965.30735379632,438.2395063544679,3993.749322917003,54.0,0.10795065928260948,-0.22743326769170882,0.1077338678064981,-0.22359099242121963,0.013829234949633331,0.10310485353664317
1615,19,337,309.4846467710166,4112.556925703692,438.2395063544679,3993.749322917003,54.0,0.10795065928260948,-0.3237343585528957,0.1077338678064981,-0.3234895759475134,0.013829234949633331,0.10477682367565316
1616,44,337,482.2902751987267,4093.226876078621,438.2395063544679,3993.749322917003,54.0,0.10795065928260948,-0.1814820511046883,0.1077338678064981,-0.18006245760596046,0.013829234949633331,0.06217345845999475
1617,62,337,438.3970135664206,3912.290557700556,438.2395063544679,3993.749322917003,54.0,0.10795065928260948,-0.1739089267816795,0.1077338678064981,-0.17316544914957835,0.013829234949633331,0.05956275637015228
1618,63,337,316.49031405012005,3929.154743051912,438.2395063544679,3993.749322917003,54.0,0.10795065928260948,-0.317397370468517,0.1077338678064981,-0.3162297153026954,0.013829234949633331,0.09133728208057669
1619,66,337,493.8518825171933,3956.000689079267,438.2395063544679,3993.749322917003,54.0,0.10795065928260948,-0.08644225688574589,0.1077338678064981,-0.08467604728843506,0.013829234949633331,0.04103447702157913
1620,27,337,413.6607163277177,4126.933692479007,438.2395063544679,3993.749322917003,54.0,0.10795065928260948,-0.2289727423066705,0.1077338678064981,-0.22607598377459087,0.013829234949633331,0.07588801028584098
1621,31,337,286.22286085268047,4096.016113555928,438.2395063544679,3993.749322917003,54.0,0.10795065928260948,-0.3881116735317428,0.1077338678064981,-0.3865624695798526,0.013829234949633331,0.11313304886025168
1622,22,337,282.91308227706304,4129.966613278081,438.2395063544679,3993.749322917003,54.0,0.10795065928260948,-0.38522770417781516,0.1077338678064981,-0.3851485764754616,0.013829234949633331,0.12450791262574346
1623,47,337,497.40279712570856,4039.075701869608,438.2395063544679,3993.749322917003,54.0,0.10795065928260948,-0.08679473012343314,0.1077338678064981,-0.08441109422835238,0.013829234949633331,0.03993427065525071
1624,60,337,462.2337953932308,4065.780960132662,438.2395063544679,3993.749322917003,54.0,0.10795065928260948,-0.09933575774777365,0.1077338678064981,-0.09780382127154744,0.013829234949633331,0.042329794217319194
1625,48,337,542.8497150079456,3957.433060143872,438.2395063544679,3993.749322917003,54.0,0.10795065928260948,-0.14169296965008557,0.1077338678064981,-0.1379455294862523,0.013829234949633331,0.0700411117387851
1626,38,337,292.2609771757026,3909.816818957042,438.2395063544679,3993.749322917003,54.0,0.10795065928260948,-0.36284061642728854,0.1077338678064981,-0.36163617372351764,0.013829234949633331,0.10958532585952105
1627,27,338,413.6607163277177,4126.933692479007,465.8911725966613,4024.289872350432,54.0,0.10795065928260948,-0.2135213059036938,0.1077338678064981,-0.21180585747460437,0.013829234949633331,0.06259366209133771
1628,39,338,491.6009153175041,3965.873607703836,465.8911725966613,4024.289872350432,54.0,0.10795065928260948,-0.052769660594581595,0.1077338678064981,-0.0495924703425748,0.013829234949633331,0.030756132134244933
1629,22,338,292.6522645112431,4143.487981217626,465.8911725966613,4024.289872350432,54.0,0.10795065928260948,-0.34419582120227593,0.1077338678064981,-0.343086026483537,0.013829234949633331,0.12141330378592984
1630,48,338,542.8497150079456,3957.433060143872,465.8911725966613,4024.289872350432,54.0,0.10795065928260948,-0.13700811815420944,0.1077338678064981,-0.13368679882795745,0.013829234949633331,0.06279821242444053
1631,61,338,463.203498736656,4062.892527800171,465.8911725966613,4024.289872350432,54.0,0.10795065928260948,-0.0558563465602844,0.1077338678064981,-0.055488693170277874,0.013829234949633331,0.021550997320124696
1632,44,338,482.2902751987267,4093.226876078621,465.8911725966613,4024.289872350432,54.0,0.10795065928260948,-0.1502253278337914,0.1077338678064981,-0.14982065603828396,0.013829234949633331,0.0424343666644275
1633,19,338,314.6351701083189,4120.434780517973,465.8911725966613,4024.289872350432,54.0,0.10795065928260948,-0.29798900374270454,0.1077338678064981,-0.2978227437655223,0.013829234949633331,0.10213688071142056
1634,65,338,465.43944178630807,4063.6597216274654,465.8911725966613,4024.289872350432,54.0,0.10795065928260948,-0.05671443389885029,0.1077338678064981,-0.056361462919149105,0.013829234949633331,0.021710702927590666
1635,31,338,286.22286085268047,4096.016113555928,465.8911725966613,4024.289872350432,54.0,0.10795065928260948,-0.35841208394357227,0.1077338678064981,-0.3576487120332003,0.013829234949633331,0.11194408827393496
1636,41,338,461.8106926932424,4070.996636995212,465.8911725966613,4024.289872350432,54.0,0.10795065928260948,-0.0727764529252926,0.1077338678064981,-0.07251151722275317,0.013829234949633331,0.026274675346422534
1637,45,338,517.3116391169647,4113.7490927459785,465.8911725966613,4024.289872350432,54.0,0.10795065928260948,-0.2643358770629587,0.1077338678064981,-0.2629731559548937,0.013829234949633331,0.06831880317225067
1638,66,338,493.8518825171933,3956.000689079267,465.8911725966613,4024.289872350432,54.0,0.10795065928260948,-0.06549169106031288,0.1077338678064981,-0.06184181724432765,0.013829234949633331,0.03701040510101355
1639,23,338,485.3312407692456,4298.036308618457,465.8911725966613,4024.289872350432,54.0,0.10795065928260948,-0.25164574180582755,0.1077338678064981,-0.24105733756402362,0.013829234949633331,0.11385117446226282
1640,54,338,562.1256537151418,3993.041990758743,465.8911725966613,4024.289872350432,54.0,0.10795065928260948,-0.16302469005288509,0.1077338678064981,-0.160544009140408,0.013829234949633331,0.0658581608442975
1641,36,338,587.79522063936,3965.30735379632,465.8911725966613,4024.289872350432,54.0,0.10795065928260948,-0.22938373926675545,0.1077338678064981,-0.22665629859864786,0.013829234949633331,0.09408610675039028
1642,60,338,462.2337953932308,4065.780960132662,465.8911725966613,4024.289872350432,54.0,0.10795065928260948,-0.06211787241530979,0.1077338678064981,-0.061786412279548605,0.013829234949633331,0.023314393263147586
1643,43,338,630.0947010611478,4141.259609929846,465.8911725966613,4024.289872350432,54.0,0.10795065928260948,-0.561307073748006,0.1077338678064981,-0.5596301821465517,0.013829234949633331,0.14891129623085508
1644,47,338,497.40279712570856,4039.075701869608,465.8911725966613,4024.289872350432,54.0,0.10795065928260948,-0.05595067962989944,0.1077338678064981,-0.05516918018154869,0.013829234949633331,0.022174233532018445
1645,47,339,497.40279712570856,4039.075701869608,418.14174019683327,4008.0356973029234,54.0,0.10795065928260948,-0.10494302527112435,0.1077338678064981,-0.10223331443298221,0.013829234949633331,0.04743245830872849
1646,60,339,462.2337953932308,4065.780960132662,418.14174019683327,4008.0356973029234,54.0,0.10795065928260948,-0.10612144401554743,0.1077338678064981,-0.10558234768758518,0.013829234949633331,0.04153741977562072
1647,39,339,491.6009153175041,3965.873607703836,418.14174019683327,4008.0356973029234,54.0,0.10795065928260948,-0.10056696162545987,0.1077338678064981,-0.09817933022142629,0.013829234949633331,0.04930797914554465
1648,44,339,482.2902751987267,4093.226876078621,418.14174019683327,4008.0356973029234,54.0,0.10795065928260948,-0.18555991238396052,0.1077338678064981,-0.1850582977409298,0.013829234949633331,0.06178027330813027
1649,31,339,286.22286085268047,4096.016113555928,418.14174019683327,4008.0356973029234,54.0,0.10795065928260948,-0.35184296155382555,0.1077338678064981,-0.3508148420211194,0.013829234949633331,0.09840458015154224
1650,41,339,461.8106926932424,4070.996636995212,418.14174019683327,4008.0356973029234,54.0,0.10795065928260948,-0.1163790804592524,0.1077338678064981,-0.11581773598343614,0.013829234949633331,0.04356677961288045
1651,61,339,463.203498736656,4062.892527800171,418.14174019683327,4008.0356973029234,54.0,0.10795065928260948,-0.10034298040201547,0.1077338678064981,-0.09966051079985411,0.013829234949633331,0.040275042242442896
1652,65,339,465.43944178630807,4063.6597216274654,418.14174019683327,4008.0356973029234,54.0,0.10795065928260948,-0.10328202501623024,0.1077338678064981,-0.10256677541398054,0.013829234949633331,0.04125610240328275
1653,66,339,493.8518825171933,3956.000689079267,418.14174019683327,4008.0356973029234,54.0,0.10795065928260948,-0.1204182192884428,0.1077338678064981,-0.11812254070576886,0.013829234949633331,0.05536286329091554
1654,44,340,482.2902751987267,4093.226876078621,475.8206463571328,3964.9488424231126,54.0,0.10795065928260948,-0.23034164232781906,0.1077338678064981,-0.22716338967815392,0.013829234949633331,0.07675071584793328
1655,60,340,462.2337953932308,4065.780960132662,475.8206463571328,3964.9488424231126,54.0,0.10795065928260948,-0.11488131134220297,0.1077338678064981,-0.11241472515560313,0.013829234949633331,0.053254424023524066
1656,66,340,493.8518825171933,3956.000689079267,475.8206463571328,3964.9488424231126,54.0,0.10795065928260948,-0.031170843205016466,0.1077338678064981,-0.030149261555334494,0.013829234949633331,0.015169644335423749
1657,41,340,461.8106926932424,4070.996636995212,475.8206463571328,3964.9488424231126,54.0,0.10795065928260948,-0.12606032386930602,0.1077338678064981,-0.12365792572508309,0.013829234949633331,0.05639943257979444
1658,62,340,438.3970135664206,3912.290557700556,475.8206463571328,3964.9488424231126,54.0,0.10795065928260948,-0.1464181301169916,0.1077338678064981,-0.14536313711413515,0.013829234949633331,0.051125175635922414
1659,39,340,491.6009153175041,3965.873607703836,475.8206463571328,3964.9488424231126,54.0,0.10795065928260948,-0.02317026768933373,0.1077338678064981,-0.022410893933097545,0.013829234949633331,0.011276073531022968
1660,48,340,542.8497150079456,3957.433060143872,475.8206463571328,3964.9488424231126,54.0,0.10795065928260948,-0.10530557387676734,0.1077338678064981,-0.10290952679816137,0.013829234949633331,0.04845868001225517
1661,47,340,497.40279712570856,4039.075701869608,475.8206463571328,3964.9488424231126,54.0,0.10795065928260948,-0.08611582747845542,0.1077338678064981,-0.08322611223089149,0.013829234949633331,0.04283697967529069
1662,61,340,463.203498736656,4062.892527800171,475.8206463571328,3964.9488424231126,54.0,0.10795065928260948,-0.10832134062572145,0.1077338678064981,-0.10581153236174608,0.013829234949633331,0.051403484256215215
1663,54,340,562.1256537151418,3993.041990758743,475.8206463571328,3964.9488424231126,54.0,0.10795065928260948,-0.15566743477244727,0.1077338678064981,-0.15306575872104913,0.013829234949633331,0.06238279699295701
1664,36,340,587.79522063936,3965.30735379632,475.8206463571328,3964.9488424231126,54.0,0.10795065928260948,-0.19180002051173606,0.1077338678064981,-0.18922290307303183,0.013829234949633331,0.0858150284773024
1665,65,340,465.43944178630807,4063.6597216274654,475.8206463571328,3964.9488424231126,54.0,0.10795065928260948,-0.10883020474553229,0.1077338678064981,-0.10629344786602542,0.013829234949633331,0.051574189191402914
1666,9,341,9.936533141897351,4088.226647492491,161.96578384564387,4157.2024176535,54.0,0.10795065928260948,-0.1554782699143686,0.1077338678064981,-0.14516043701365072,0.013829234949633331,0.0904732677283943
1667,31,341,286.22286085268047,4096.016113555928,161.96578384564387,4157.2024176535,54.0,0.10795065928260948,-0.2653357092823662,0.1077338678064981,-0.2620443849928398,0.013829234949633331,0.09244426177840787
1668,9,342,9.936533141897351,4088.226647492491,137.73214120296976,4146.211392684601,54.0,0.10795065928260948,-0.12738876115987338,0.1077338678064981,-0.11889770318419221,0.013829234949633331,0.07405650705324028
1669,31,343,286.22286085268047,4096.016113555928,158.49410884129216,4136.006365328739,54.0,0.10795065928260948,-0.263593509044691,0.1077338678064981,-0.25986308726280416,0.013829234949633331,0.08767654059849289
1670,9,343,9.936533141897351,4088.226647492491,158.49410884129216,4136.006365328739,54.0,0.10795065928260948,-0.1371492914818037,0.1077338678064981,-0.12880754138809022,0.013829234949633331,0.07950481423781817
1671,28,343,181.0656949265822,4007.0767963031503,158.49410884129216,4136.006365328739,54.0,0.10795065928260948,-0.18801463752311431,0.1077338678064981,-0.18463117077662908,0.013829234949633331,0.08158208280392457
1672,6,344,202.24335058105044,4025.5497211369657,136.56558805196306,4128.332749792738,54.0,0.10795065928260948,-0.16200044276953618,0.1077338678064981,-0.1585758151395682,0.013829234949633331,0.07412857983467833
1673,9,344,9.936533141897351,4088.226647492491,136.56558805196306,4128.332749792738,54.0,0.10795065928260948,-0.11545845929975887,0.1077338678064981,-0.10877596542383586,0.013829234949633331,0.06656228291043773
1674,28,344,181.0656949265822,4007.0767963031503,136.56558805196306,4128.332749792738,54.0,0.10795065928260948,-0.16918211947998102,0.1077338678064981,-0.16540294831779917,0.013829234949633331,0.07594526357585643
1675,31,344,286.22286085268047,4096.016113555928,136.56558805196306,4128.332749792738,54.0,0.10795065928260948,-0.28548312596554,0.1077338678064981,-0.28116834677646335,0.013829234949633331,0.09609076731376087
1676,28,345,181.0656949265822,4007.0767963031503,117.19421705345408,4121.351193952682,54.0,0.10795065928260948,-0.1630971303754515,0.1077338678064981,-0.15925544993878535,0.013829234949633331,0.0740879309627741
1677,9,345,9.936533141897351,4088.226647492491,117.19421705345408,4121.351193952682,54.0,0.10795065928260948,-0.10036063788818501,0.1077338678064981,-0.09508449136079791,0.013829234949633331,0.05692406800630034
1678,28,346,181.0656949265822,4007.0767963031503,109.91679785969896,4052.896427825765,54.0,0.10795065928260948,-0.1544108179217602,0.1077338678064981,-0.15367369768835237,0.013829234949633331,0.0556353064060385
1679,6,347,202.24335058105044,4025.5497211369657,105.52394893714752,4032.581984936505,54.0,0.10795065928260948,-0.17623834398263738,0.1077338678064981,-0.17615299908614543,0.013829234949633331,0.06460868675401463
1680,28,347,181.0656949265822,4007.0767963031503,105.52394893714752,4032.581984936505,54.0,0.10795065928260948,-0.16030533881210784,0.1077338678064981,-0.1595641355850307,0.013829234949633331,0.05330006401322234
1681,9,347,9.936533141897351,4088.226647492491,105.52394893714752,4032.581984936505,54.0,0.10795065928260948,-0.21961414839558638,0.1077338678064981,-0.21847645659242437,0.013829234949633331,0.07561730073792057
1682,9,348,9.936533141897351,4088.226647492491,106.44842983383482,4012.84945915906,54.0,0.10795065928260948,-0.2732196959662051,0.1077338678064981,-0.27215257563111744,0.013829234949633331,0.08615958034767796
1683,21,349,128.25114367082156,4135.1822154504935,171.63451694131356,4159.78310361989,54.0,0.10795065928260948,-0.049994688859513386,0.1077338678064981,-0.046460429978889786,0.013829234949633331,0.029541393271831112
1684,22,349,267.77623279276514,4140.811810679348,171.63451694131356,4159.78310361989,54.0,0.10795065928260948,-0.17436394836453634,0.1077338678064981,-0.17138652333749815,0.013829234949633331,0.06754461324815161
1685,31,349,286.22286085268047,4096.016113555928,171.63451694131356,4159.78310361989,54.0,0.10795065928260948,-0.25569542541202445,0.1077338678064981,-0.25275035184658445,0.013829234949633331,0.08772121936193296
1686,9,349,9.936533141897351,4088.226647492491,171.63451694131356,4159.78310361989,54.0,0.10795065928260948,-0.16615537769140906,0.1077338678064981,-0.15521899176454484,0.013829234949633331,0.09664458995770632
1687,9,350,9.936533141897351,4088.226647492491,149.38437383192732,4142.655189530788,54.0,0.10795065928260948,-0.132071711712209,0.1077338678064981,-0.1233108156126646,0.013829234949633331,0.07710500264307632
1688,22,351,267.77623279276514,4140.811810679348,167.22649373259551,4139.857029282407,54.0,0.10795065928260948,-0.17977173206737135,0.1077338678064981,-0.1771769380646385,0.013829234949633331,0.06825491578042386
1689,9,351,9.936533141897351,4088.226647492491,167.22649373259551,4139.857029282407,54.0,0.10795065928260948,-0.1481544842267005,0.1077338678064981,-0.13928158271177962,0.013829234949633331,0.08563303648031083
1690,64,351,251.14156651564912,4194.6094429104505,167.22649373259551,4139.857029282407,54.0,0.10795065928260948,-0.15453046418324212,0.1077338678064981,-0.15122428213331265,0.013829234949633331,0.07011886305639223
1691,28,351,181.0656949265822,4007.0767963031503,167.22649373259551,4139.857029282407,54.0,0.10795065928260948,-0.19618739147901706,0.1077338678064981,-0.19267843822223818,0.013829234949633331,0.08447181203021366
1692,31,351,286.22286085268047,4096.016113555928,167.22649373259551,4139.857029282407,54.0,0.10795065928260948,-0.2537289403041014,0.1077338678064981,-0.25053496787641566,0.013829234949633331,0.08354165401531503
1693,64,352,251.14156651564912,4194.6094429104505,119.82403039050632,4124.56931096989,54.0,0.10795065928260948,-0.19528899543934097,0.1077338678064981,-0.18808403020776787,0.013829234949633331,0.09701834921453674
1694,9,353,9.936533141897351,4088.226647492491,142.29614129157707,4127.163348327213,54.0,0.10795065928260948,-0.11974355548712141,0.1077338678064981,-0.11303836472125474,0.013829234949633331,0.06890571256922394
1695,64,353,251.14156651564912,4194.6094429104505,142.29614129157707,4127.163348327213,54.0,0.10795065928260948,-0.1818134717636732,0.1077338678064981,-0.17677375342754603,0.013829234949633331,0.08645289005484147
1696,31,353,286.22286085268047,4096.016113555928,142.29614129157707,4127.163348327213,54.0,0.10795065928260948,-0.2807782208506203,0.1077338678064981,-0.2769342445951633,0.013829234949633331,0.09315350011401441
1697,28,353,181.0656949265822,4007.0767963031503,142.29614129157707,4127.163348327213,54.0,0.10795065928260948,-0.17055663859673398,0.1077338678064981,-0.16720612195027898,0.013829234949633331,0.07527762158995141
1698,9,354,9.936533141897351,4088.226647492491,128.30218247028407,4108.962098016365,54.0,0.10795065928260948,-0.11318482213463639,0.1077338678064981,-0.10824717663703658,0.013829234949633331,0.06309481283284947
1699,22,354,267.77623279276514,4140.811810679348,128.30218247028407,4108.962098016365,54.0,0.10795065928260948,-0.22915609178893886,0.1077338678064981,-0.22544097204006391,0.013829234949633331,0.08994232299176497
1700,19,354,298.45947748194794,4119.807970449649,128.30218247028407,4108.962098016365,54.0,0.10795065928260948,-0.2975090997475373,0.1077338678064981,-0.2935083237927949,0.013829234949633331,0.10489201220601369
1701,22,355,267.77623279276514,4140.811810679348,109.11821937100868,4049.9401200264047,54.0,0.10795065928260948,-0.30712377083341236,0.1077338678064981,-0.3024751942885787,0.013829234949633331,0.11673104395014613
1702,9,355,9.936533141897351,4088.226647492491,109.11821937100868,4049.9401200264047,54.0,0.10795065928260948,-0.1761901327744877,0.1077338678064981,-0.17470904502889922,0.013829234949633331,0.06914379268668235
1703,21,355,103.34699834515416,4117.964937310308,109.11821937100868,4049.9401200264047,54.0,0.10795065928260948,-0.07155956945712766,0.1077338678064981,-0.06920507422683424,0.013829234949633331,0.036092540786148715
1704,9,356,9.936533141897351,4088.226647492491,124.08609991612518,4074.076898022276,54.0,0.10795065928260948,-0.12759619460161994,0.1077338678064981,-0.12363574943414969,0.013829234949633331,0.06661910777004343
1705,22,356,267.77623279276514,4140.811810679348,124.08609991612518,4074.076898022276,54.0,0.10795065928260948,-0.26261600071813634,0.1077338678064981,-0.2575334660688944,0.013829234949633331,0.10059561016944125
1706,19,356,298.45947748194794,4119.807970449649,124.08609991612518,4074.076898022276,54.0,0.10795065928260948,-0.314295628705075,0.1077338678064981,-0.30967491921687373,0.013829234949633331,0.11283221029362259
1707,21,357,103.34699834515416,4117.964937310308,115.16096838828992,4022.0483223003416,54.0,0.10795065928260948,-0.13830121850059748,0.1077338678064981,-0.13587451732184402,0.013829234949633331,0.055582900614146266
1708,9,357,9.936533141897351,4088.226647492491,115.16096838828992,4022.0483223003416,54.0,0.10795065928260948,-0.2586590648774619,0.1077338678064981,-0.2574024130587799,0.013829234949633331,0.08570549401541758
1709,49,358,663.3163926639071,4436.617662823868,561.0138184560105,4473.501935426613,54.0,0.10795065928260948,-0.1957876572405215,0.1077338678064981,-0.1935194045203512,0.013829234949633331,0.06788754042736779
1710,56,358,677.3923123197425,4458.591690875839,561.0138184560105,4473.501935426613,54.0,0.10795065928260948,-0.18468873470350636,0.1077338678064981,-0.1827855212880946,0.013829234949633331,0.07115187495795922
1711,34,358,645.8872104090177,4370.307858894735,561.0138184560105,4473.501935426613,54.0,0.10795065928260948,-0.22707434078750172,0.1077338678064981,-0.224747628620356,0.013829234949633331,0.08137316973372162
1712,23,358,492.6610906216525,4339.6404706179,561.0138184560105,4473.501935426613,54.0,0.10795065928260948,-0.2014050842869128,0.1077338678064981,-0.19666491516202686,0.013829234949633331,0.08116010497946387
1713,59,358,687.7533482500393,4462.8415205037,561.0138184560105,4473.501935426613,54.0,0.10795065928260948,-0.20749692733326697,0.1077338678064981,-0.20521558794472322,0.013829234949633331,0.07998416393724413
1714,7,358,477.9085898257795,4404.037580305916,561.0138184560105,4473.501935426613,54.0,0.10795065928260948,-0.16073403959593197,0.1077338678064981,-0.15885293718373542,0.013829234949633331,0.06357877939862247
1715,33,358,633.1852302568241,4317.679688677003,561.0138184560105,4473.501935426613,54.0,0.10795065928260948,-0.25734613459355365,0.1077338678064981,-0.2537552211146359,0.013829234949633331,0.09655099168557008
1716,57,358,688.226455777822,4457.521568699916,561.0138184560105,4473.501935426613,54.0,0.10795065928260948,-0.2091925555674527,0.1077338678064981,-0.2068867688812885,0.013829234949633331,0.08063962074314351
1717,30,358,625.9985091941669,4344.425799606012,561.0138184560105,4473.501935426613,54.0,0.10795065928260948,-0.19000464689064267,0.1077338678064981,-0.18759635197944943,0.013829234949633331,0.07939754582642468
1718,30,359,625.9985091941669,4344.425799606012,565.0502773452903,4448.226533767391,54.0,0.10795065928260948,-0.14796736883905748,0.1077338678064981,-0.14597135532235497,0.013829234949633331,0.06328766454376433
1719,23,359,502.6784399226089,4334.088760610959,565.0502773452903,4448.226533767391,54.0,0.10795065928260948,-0.14038084627442404,0.1077338678064981,-0.1360552954922014,0.013829234949633331,0.06444399202816217
1720,33,359,633.1852302568241,4317.679688677003,565.0502773452903,4448.226533767391,54.0,0.10795065928260948,-0.21680898578949953,0.1077338678064981,-0.2135480061329773,0.013829234949633331,0.07998235966061071
1721,34,359,645.8872104090177,4370.307858894735,565.0502773452903,4448.226533767391,54.0,0.10795065928260948,-0.1827610449894517,0.1077338678064981,-0.18173586563511707,0.013829234949633331,0.06697016810794029
1722,23,360,504.75274351062166,4332.980003603095,582.8694820082358,4398.870274634955,54.0,0.10795065928260948,-0.07875416103366815,0.1077338678064981,-0.07282198424192479,0.013829234949633331,0.04109825435858823
1723,24,360,476.8845411410292,4318.364085281663,582.8694820082358,4398.870274634955,54.0,0.10795065928260948,-0.16127450315352204,0.1077338678064981,-0.15552616568353653,0.013829234949633331,0.06090417176546759
1724,7,360,477.9085898257795,4404.037580305916,582.8694820082358,4398.870274634955,54.0,0.10795065928260948,-0.11619855914916107,0.1077338678064981,-0.1109483940286759,0.013829234949633331,0.051763503048909254
1725,7,361,477.9085898257795,4404.037580305916,581.1993239604408,4389.028978416067,54.0,0.10795065928260948,-0.10990175528562202,0.1077338678064981,-0.10596102034822558,0.013829234949633331,0.04771543634745016
1726,35,361,583.2192292927565,4207.570440686977,581.1993239604408,4389.028978416067,54.0,0.10795065928260948,-0.41992153425121603,0.1077338678064981,-0.41737349721559325,0.013829234949633331,0.10362276093588263
1727,23,361,504.75274351062166,4332.980003603095,581.1993239604408,4389.028978416067,54.0,0.10795065928260948,-0.0753721429270604,0.1077338678064981,-0.07028718784518577,0.013829234949633331,0.03882437518927238
1728,49,361,663.3163926639071,4436.617662823868,581.1993239604408,4389.028978416067,54.0,0.10795065928260948,-0.18568579176104513,0.1077338678064981,-0.18230330288960764,0.013829234949633331,0.057510271094804596
1729,56,361,677.3923123197425,4458.591690875839,581.1993239604408,4389.028978416067,54.0,0.10795065928260948,-0.23810491428212657,0.1077338678064981,-0.23493280474738432,0.013829234949633331,0.07293558488989724
1730,34,361,645.8872104090177,4370.307858894735,581.1993239604408,4389.028978416067,54.0,0.10795065928260948,-0.07740335418593164,0.1077338678064981,-0.07568592579102029,0.013829234949633331,0.03466974761189649
1731,24,361,476.8845411410292,4318.364085281663,581.1993239604408,4389.028978416067,54.0,0.10795065928260948,-0.15428619148439277,0.1077338678064981,-0.14912539342619496,0.013829234949633331,0.05826804604836047
1732,57,361,688.226455777822,4457.521568699916,581.1993239604408,4389.028978416067,54.0,0.10795065928260948,-0.2620750016751755,0.1077338678064981,-0.2581716572507768,0.013829234949633331,0.08204448493602876
1733,29,361,679.1344462972443,4226.875249913833,581.1993239604408,4389.028978416067,54.0,0.10795065928260948,-0.3363494187845632,0.1077338678064981,-0.3299274910374908,0.013829234949633331,0.11629110733573184
1734,33,361,633.1852302568241,4317.679688677003,581.1993239604408,4389.028978416067,54.0,0.10795065928260948,-0.15121634797991268,0.1077338678064981,-0.14796892246296225,0.013829234949633331,0.048057991739775874
1735,30,361,625.9985091941669,4344.425799606012,581.1993239604408,4389.028978416067,54.0,0.10795065928260948,-0.07262754863246393,0.1077338678064981,-0.06991851322872272,0.013829234949633331,0.031059214692851705
1736,26,362,492.46916862384336,4319.554466150916,583.831138251116,4371.053286709621,54.0,0.10795065928260948,-0.11002050654007578,0.1077338678064981,-0.10715933882464133,0.013829234949633331,0.04875254634411412
1737,7,362,477.9085898257795,4404.037580305916,583.831138251116,4371.053286709621,54.0,0.10795065928260948,-0.11876173981706979,0.1077338678064981,-0.11526426193948816,0.013829234949633331,0.051141577738631934
1738,24,362,476.8845411410292,4318.364085281663,583.831138251116,4371.053286709621,54.0,0.10795065928260948,-0.15061684358066973,0.1077338678064981,-0.14752659545190502,0.013829234949633331,0.05768079402491854
1739,29,362,679.1344462972443,4226.875249913833,583.831138251116,4371.053286709621,54.0,0.10795065928260948,-0.33398582218844197,0.1077338678064981,-0.329172511701361,0.013829234949633331,0.11048026260530144
1740,23,362,504.75274351062166,4332.980003603095,583.831138251116,4371.053286709621,54.0,0.10795065928260948,-0.07639624287679048,0.1077338678064981,-0.07307782266822087,0.013829234949633331,0.038215892375910734
1741,30,363,625.9985091941669,4344.425799606012,561.2628392077421,4326.059519500939,54.0,0.10795065928260948,-0.17450950491634365,0.1077338678064981,-0.17336101528211925,0.013829234949633331,0.04209079350229673
1742,7,363,477.9085898257795,4404.037580305916,561.2628392077421,4326.059519500939,54.0,0.10795065928260948,-0.16359812612325444,0.1077338678064981,-0.16196425124807137,0.013829234949633331,0.060663556415152
1743,26,363,492.46916862384336,4319.554466150916,561.2628392077421,4326.059519500939,54.0,0.10795065928260948,-0.11313661300717276,0.1077338678064981,-0.11224594511406435,0.013829234949633331,0.04044693999712788
1744,29,363,679.1344462972443,4226.875249913833,561.2628392077421,4326.059519500939,54.0,0.10795065928260948,-0.34737424228607544,0.1077338678064981,-0.34590360843729306,0.013829234949633331,0.1007337990871476
1745,37,363,628.569594659982,4182.409690156388,561.2628392077421,4326.059519500939,54.0,0.10795065928260948,-0.3903361078561679,0.1077338678064981,-0.388440027629946,0.013829234949633331,0.10193398934138732
1746,23,364,504.75274351062166,4332.980003603095,534.8960064449519,4318.929029125519,54.0,0.10795065928260948,-0.05321768513995713,0.1077338678064981,-0.05252313459329805,0.013829234949633331,0.01869393361543405
1747,29,364,679.1344462972443,4226.875249913833,534.8960064449519,4318.929029125519,54.0,0.10795065928260948,-0.39341522376644195,0.1077338678064981,-0.3907659125234134,0.013829234949633331,0.10930334271317466
1748,26,364,492.46916862384336,4319.554466150916,534.8960064449519,4318.929029125519,54.0,0.10795065928260948,-0.07456250527107364,0.1077338678064981,-0.07418769560778993,0.013829234949633331,0.025653674751555472
1749,33,364,633.1852302568241,4317.679688677003,534.8960064449519,4318.929029125519,54.0,0.10795065928260948,-0.26136603343280435,0.1077338678064981,-0.26016363904714507,0.013829234949633331,0.062306364700862094
1750,43,364,630.0947010611478,4141.259609929846,534.8960064449519,4318.929029125519,54.0,0.10795065928260948,-0.4206640785919029,0.1077338678064981,-0.41721485277545173,0.013829234949633331,0.1269859597433831
1751,44,364,472.0029937650396,4104.126300266757,534.8960064449519,4318.929029125519,54.0,0.10795065928260948,-0.20375545064273584,0.1077338678064981,-0.19513940021548762,0.013829234949633331,0.09981978947071275
1752,7,364,477.9085898257795,4404.037580305916,534.8960064449519,4318.929029125519,54.0,0.10795065928260948,-0.18400717226947377,0.1077338678064981,-0.18294846290576908,0.013829234949633331,0.058277918303892624
1753,24,364,476.8845411410292,4318.364085281663,534.8960064449519,4318.929029125519,54.0,0.10795065928260948,-0.11005719027404898,0.1077338678064981,-0.11007928046509792,0.013829234949633331,0.035442476085233245
1754,56,364,677.3923123197425,4458.591690875839,534.8960064449519,4318.929029125519,54.0,0.10795065928260948,-0.3141061617479091,0.1077338678064981,-0.30906036236342194,0.013829234949633331,0.11288439936576644
1755,35,364,583.2192292927565,4207.570440686977,534.8960064449519,4318.929029125519,54.0,0.10795065928260948,-0.26684658802196715,0.1077338678064981,-0.2643866274313879,0.013829234949633331,0.07301536874394655
1756,30,364,625.9985091941669,4344.425799606012,534.8960064449519,4318.929029125519,54.0,0.10795065928260948,-0.21955817937123734,0.1077338678064981,-0.21781161589045042,0.013829234949633331,0.05676521406974258
1757,37,364,628.569594659982,4182.409690156388,534.8960064449519,4318.929029125519,54.0,0.10795065928260948,-0.37091844476045266,0.1077338678064981,-0.3693531008234376,0.013829234949633331,0.10415478687211677
1758,34,364,645.8872104090177,4370.307858894735,534.8960064449519,4318.929029125519,54.0,0.10795065928260948,-0.20763476062380629,0.1077338678064981,-0.20604811477794366,0.013829234949633331,0.07072691866243004
1759,23,365,496.2769738617064,4317.6652317633225,510.9466011058103,4309.526697793331,54.0,0.10795065928260948,-0.030122727739863523,0.1077338678064981,-0.03009757821007935,0.013829234949633331,0.010183523644898062
1760,7,365,477.9085898257795,4404.037580305916,510.9466011058103,4309.526697793331,54.0,0.10795065928260948,-0.22696914317090186,0.1077338678064981,-0.22648923776874091,0.013829234949633331,0.06043741859919413
1761,37,365,628.569594659982,4182.409690156388,510.9466011058103,4309.526697793331,54.0,0.10795065928260948,-0.3379329193783734,0.1077338678064981,-0.3356904604207884,0.013829234949633331,0.10618430187989494
1762,35,365,583.2192292927565,4207.570440686977,510.9466011058103,4309.526697793331,54.0,0.10795065928260948,-0.2311680886691319,0.1077338678064981,-0.22919379714995636,0.013829234949633331,0.07406932079873957
1763,33,365,633.1852302568241,4317.679688677003,510.9466011058103,4309.526697793331,54.0,0.10795065928260948,-0.2990863214666157,0.1077338678064981,-0.29743984285495845,0.013829234949633331,0.07618869097924556
1764,43,365,630.0947010611478,4141.259609929846,510.9466011058103,4309.526697793331,54.0,0.10795065928260948,-0.3726610135580681,0.1077338678064981,-0.36944396842608646,0.013829234949633331,0.12712390307129137
1765,24,365,476.8845411410292,4318.364085281663,510.9466011058103,4309.526697793331,54.0,0.10795065928260948,-0.07456147271062369,0.1077338678064981,-0.07505181449351153,0.013829234949633331,0.022332838529655518
1766,29,365,679.1344462972443,4226.875249913833,510.9466011058103,4309.526697793331,54.0,0.10795065928260948,-0.42139719542612347,0.1077338678064981,-0.4193698765798562,0.013829234949633331,0.12047867656231835
1767,30,365,625.9985091941669,4344.425799606012,510.9466011058103,4309.526697793331,54.0,0.10795065928260948,-0.2667527697435019,0.1077338678064981,-0.2644755420162335,0.013829234949633331,0.07145894030104971
1768,34,365,645.8872104090177,4370.307858894735,510.9466011058103,4309.526697793331,54.0,0.10795065928260948,-0.2440551501253048,0.1077338678064981,-0.24205038122719164,0.013829234949633331,0.08522277517512622
1769,44,365,472.0029937650396,4104.126300266757,510.9466011058103,4309.526697793331,54.0,0.10795065928260948,-0.1500223192808909,0.1077338678064981,-0.14021132131610933,0.013829234949633331,0.0822988981742867
1770,26,365,492.46916862384336,4319.554466150916,510.9466011058103,4309.526697793331,54.0,0.10795065928260948,-0.04208154463081437,0.1077338678064981,-0.0421700471706688,0.013829234949633331,0.013583390860815385
1771,44,366,472.0029937650396,4104.126300266757,511.8782596396733,4352.397235288708,54.0,0.10795065928260948,-0.2149589974289549,0.1077338678064981,-0.20482056746993968,0.013829234949633331,0.10601837381496021
1772,49,366,663.3163926639071,4436.617662823868,511.8782596396733,4352.397235288708,54.0,0.10795065928260948,-0.23835031068932333,0.1077338678064981,-0.2303656449441095,0.013829234949633331,0.08758209951627557
1773,8,366,404.480912881415,4338.111065579622,511.8782596396733,4352.397235288708,54.0,0.10795065928260948,-0.305183753276981,0.1077338678064981,-0.3034423153117206,0.013829234949633331,0.07572642866627716
1774,32,366,334.71484028241383,4482.861045979598,511.8782596396733,4352.397235288708,54.0,0.10795065928260948,-0.4142154510100207,0.1077338678064981,-0.4122771497908193,0.013829234949633331,0.14438171338199063
1775,33,366,633.1852302568241,4317.679688677003,511.8782596396733,4352.397235288708,54.0,0.10795065928260948,-0.23866777321453284,0.1077338678064981,-0.23701589309885318,0.013829234949633331,0.07243450252696192
1776,26,366,492.46916862384336,4319.554466150916,511.8782596396733,4352.397235288708,54.0,0.10795065928260948,-0.07719787878677274,0.1077338678064981,-0.07686750209593775,0.013829234949633331,0.022573718996241707
1777,23,366,501.98711709011,4334.532451306081,511.8782596396733,4352.397235288708,54.0,0.10795065928260948,-0.03276956540090207,0.1077338678064981,-0.03241765794581543,0.013829234949633331,0.01131385361234209
1778,35,366,583.2192292927565,4207.570440686977,511.8782596396733,4352.397235288708,54.0,0.10795065928260948,-0.3176723284089683,0.1077338678064981,-0.3144232502945713,0.013829234949633331,0.09484401810478348
1779,7,366,477.9085898257795,4404.037580305916,511.8782596396733,4352.397235288708,54.0,0.10795065928260948,-0.1279381138166275,0.1077338678064981,-0.12761711689578478,0.013829234949633331,0.0367986876393701
1780,29,366,679.1344462972443,4226.875249913833,511.8782596396733,4352.397235288708,54.0,0.10795065928260948,-0.42919867760432795,0.1077338678064981,-0.4265123936182216,0.013829234949633331,0.12796356707001594
1781,30,366,625.9985091941669,4344.425799606012,511.8782596396733,4352.397235288708,54.0,0.10795065928260948,-0.2134876050731528,0.1077338678064981,-0.21057235642098565,0.013829234949633331,0.06307863002546245
1782,24,366,476.8845411410292,4318.364085281663,511.8782596396733,4352.397235288708,54.0,0.10795065928260948,-0.11377068865469982,0.1077338678064981,-0.11350898832038675,0.013829234949633331,0.0296090475138645
1783,57,366,688.226455777822,4457.521568699916,511.8782596396733,4352.397235288708,54.0,0.10795065928260948,-0.3195619207164606,0.1077338678064981,-0.3113519595585531,0.013829234949633331,0.11331828149150894
1784,34,366,645.8872104090177,4370.307858894735,511.8782596396733,4352.397235288708,54.0,0.10795065928260948,-0.13355562224576303,0.1077338678064981,-0.12866340311502136,0.013829234949633331,0.06514528308119286
1785,56,366,677.3923123197425,4458.591690875839,511.8782596396733,4352.397235288708,54.0,0.10795065928260948,-0.29646088275440746,0.1077338678064981,-0.2894326351206687,0.013829234949633331,0.10447444178960215
1786,7,367,477.9085898257795,4404.037580305916,548.5850023962915,4353.449672308096,54.0,0.10795065928260948,-0.11994924593775019,0.1077338678064981,-0.11784577242993721,0.013829234949633331,0.04482082939797165
1787,34,367,645.8872104090177,4370.307858894735,548.5850023962915,4353.449672308096,54.0,0.10795065928260948,-0.09973565755927691,0.1077338678064981,-0.09671182549536256,0.013829234949633331,0.048863529210213676
1788,33,367,633.1852302568241,4317.679688677003,548.5850023962915,4353.449672308096,54.0,0.10795065928260948,-0.20192639425067024,0.1077338678064981,-0.20008537878117166,0.013829234949633331,0.05432771482029682
1789,49,367,663.3163926639071,4436.617662823868,548.5850023962915,4353.449672308096,54.0,0.10795065928260948,-0.19989740564414155,0.1077338678064981,-0.1940026403458153,0.013829234949633331,0.07317274354304426
1790,26,367,492.46916862384336,4319.554466150916,548.5850023962915,4353.449672308096,54.0,0.10795065928260948,-0.0892952466197893,0.1077338678064981,-0.08830118708035971,0.013829234949633331,0.03422225474781873
1791,35,367,583.2192292927565,4207.570440686977,548.5850023962915,4353.449672308096,54.0,0.10795065928260948,-0.3477933268980462,0.1077338678064981,-0.3457926894324607,0.013829234949633331,0.08901597656192013
1792,56,367,677.3923123197425,4458.591690875839,548.5850023962915,4353.449672308096,54.0,0.10795065928260948,-0.25715799326536326,0.1077338678064981,-0.250782193741341,0.013829234949633331,0.08891941227113918
1793,44,367,472.0029937650396,4104.126300266757,548.5850023962915,4353.449672308096,54.0,0.10795065928260948,-0.247017776043685,0.1077338678064981,-0.2379959505688374,0.013829234949633331,0.11896511283535491
1794,30,367,625.9985091941669,4344.425799606012,548.5850023962915,4353.449672308096,54.0,0.10795065928260948,-0.154768946503267,0.1077338678064981,-0.152041519205037,0.013829234949633331,0.041427731028658404
1795,24,367,476.8845411410292,4318.364085281663,548.5850023962915,4353.449672308096,54.0,0.10795065928260948,-0.13008230087211445,0.1077338678064981,-0.12910314227059813,0.013829234949633331,0.04326766173854756
1796,29,367,679.1344462972443,4226.875249913833,548.5850023962915,4353.449672308096,54.0,0.10795065928260948,-0.363651139595117,0.1077338678064981,-0.3618151021661538,0.013829234949633331,0.11558156153463715
1797,23,367,504.75274351062166,4332.980003603095,548.5850023962915,4353.449672308096,54.0,0.10795065928260948,-0.055836176756498976,0.1077338678064981,-0.054663462451627225,0.013829234949633331,0.023772150354653035
1798,34,368,645.8872104090177,4370.307858894735,512.6417426087999,4370.543524351453,54.0,0.10795065928260948,-0.131169373868685,0.1077338678064981,-0.1263312369652007,0.013829234949633331,0.06415095977664687
1799,26,368,492.46916862384336,4319.554466150916,512.6417426087999,4370.543524351453,54.0,0.10795065928260948,-0.11050829228658832,0.1077338678064981,-0.10996950413121614,0.013829234949633331,0.032092523556745245
1800,32,368,334.71484028241383,4482.861045979598,512.6417426087999,4370.543524351453,54.0,0.10795065928260948,-0.37774971087573106,0.1077338678064981,-0.375686737473449,0.013829234949633331,0.1360030098326976
1801,24,368,476.8845411410292,4318.364085281663,512.6417426087999,4370.543524351453,54.0,0.10795065928260948,-0.14802901338499658,0.1077338678064981,-0.1476194228237605,0.013829234949633331,0.038114923849910096
1802,29,368,679.1344462972443,4226.875249913833,512.6417426087999,4370.543524351453,54.0,0.10795065928260948,-0.4141769522439833,0.1077338678064981,-0.41121127820318004,0.013829234949633331,0.13310136227114044
1803,7,368,477.9085898257795,4404.037580305916,512.6417426087999,4370.543524351453,54.0,0.10795065928260948,-0.09382023013227285,0.1077338678064981,-0.0937554123041491,0.013829234949633331,0.028602577237476376
1804,57,368,688.226455777822,4457.521568699916,512.6417426087999,4370.543524351453,54.0,0.10795065928260948,-0.3228048540934397,0.1077338678064981,-0.31730346718935504,0.013829234949633331,0.11218308879005792
1805,33,368,633.1852302568241,4317.679688677003,512.6417426087999,4370.543524351453,54.0,0.10795065928260948,-0.2347468004694125,0.1077338678064981,-0.23069325280073158,0.013829234949633331,0.07106742902993
1806,35,368,583.2192292927565,4207.570440686977,512.6417426087999,4370.543524351453,54.0,0.10795065928260948,-0.3421699426569036,0.1077338678064981,-0.33883048347966366,0.013829234949633331,0.10231303080286866
1807,56,368,677.3923123197425,4458.591690875839,512.6417426087999,4370.543524351453,54.0,0.10795065928260948,-0.2955186045803425,0.1077338678064981,-0.2905247346006983,0.013829234949633331,0.1028355300175249
1808,23,368,494.8187856170165,4338.418020078769,512.6417426087999,4370.543524351453,54.0,0.10795065928260948,-0.0717171531138513,0.1077338678064981,-0.07122317472558848,0.013829234949633331,0.02108373604641703
1809,30,368,625.9985091941669,4344.425799606012,512.6417426087999,4370.543524351453,54.0,0.10795065928260948,-0.14457968782344505,0.1077338678064981,-0.1394346733025655,0.013829234949633331,0.05513269168980842
1810,44,368,472.0029937650396,4104.126300266757,512.6417426087999,4370.543524351453,54.0,0.10795065928260948,-0.24668749429579184,0.1077338678064981,-0.23606650319965658,0.013829234949633331,0.11617712569071738
1811,8,368,404.480912881415,4338.111065579622,512.6417426087999,4370.543524351453,54.0,0.10795065928260948,-0.3095527534906237,0.1077338678064981,-0.3078606744465035,0.013829234949633331,0.0775393088740682
1812,32,369,334.71484028241383,4482.861045979598,480.9664091966875,4352.089588299367,54.0,0.10795065928260948,-0.369354086175572,0.1077338678064981,-0.3674347633180064,0.013829234949633331,0.13181896514067845
1813,44,369,472.0029937650396,4104.126300266757,480.9664091966875,4352.089588299367,54.0,0.10795065928260948,-0.2597042224004752,0.1077338678064981,-0.2502069549554238,0.013829234949633331,0.10249883674677318
1814,30,369,625.9985091941669,4344.425799606012,480.9664091966875,4352.089588299367,54.0,0.10795065928260948,-0.2935241678349587,0.1077338678064981,-0.29181060522088936,0.013829234949633331,0.08265247477251778
1815,7,369,477.9085898257795,4404.037580305916,480.9664091966875,4352.089588299367,54.0,0.10795065928260948,-0.13243568148604332,0.1077338678064981,-0.13250549408065596,0.013829234949633331,0.032241188435558454
1816,8,369,404.480912881415,4338.111065579622,480.9664091966875,4352.089588299367,54.0,0.10795065928260948,-0.23450244992407424,0.1077338678064981,-0.23306485532096533,0.013829234949633331,0.05790702070782814
1817,33,369,633.1852302568241,4317.679688677003,480.9664091966875,4352.089588299367,54.0,0.10795065928260948,-0.3086645331402578,0.1077338678064981,-0.3068435973661084,0.013829234949633331,0.09031161058625521
1818,29,369,679.1344462972443,4226.875249913833,480.9664091966875,4352.089588299367,54.0,0.10795065928260948,-0.522900516241615,0.1077338678064981,-0.5192408143600741,0.013829234949633331,0.1459752483592553
1819,23,369,492.6610906216525,4339.6404706179,480.9664091966875,4352.089588299367,54.0,0.10795065928260948,-0.04858571420544435,0.1077338678064981,-0.048461222868060594,0.013829234949633331,0.010599601017540022
1820,26,369,492.46916862384336,4319.554466150916,480.9664091966875,4352.089588299367,54.0,0.10795065928260948,-0.09662427886899783,0.1077338678064981,-0.09652346884576729,0.013829234949633331,0.02192610842461688
1821,35,369,583.2192292927565,4207.570440686977,480.9664091966875,4352.089588299367,54.0,0.10795065928260948,-0.35537996463066623,0.1077338678064981,-0.35292914843131995,0.013829234949633331,0.10575994069524801
1822,24,369,476.8845411410292,4318.364085281663,480.9664091966875,4352.089588299367,54.0,0.10795065928260948,-0.09462899896989693,0.1077338678064981,-0.09456397556890103,0.013829234949633331,0.021613010168991555
1823,34,369,645.8872104090177,4370.307858894735,480.9664091966875,4352.089588299367,54.0,0.10795065928260948,-0.20819316779658684,0.1077338678064981,-0.20321384598143694,0.013829234949633331,0.08345156626629995
1824,30,370,625.9985091941669,4344.425799606012,558.287928261929,4383.549496546334,54.0,0.10795065928260948,-0.08679226186461171,0.1077338678064981,-0.08356067048450251,0.013829234949633331,0.03746728106709785
1825,29,370,679.1344462972443,4226.875249913833,558.287928261929,4383.549496546334,54.0,0.10795065928260948,-0.35134060751854507,0.1077338678064981,-0.34582788599023534,0.013829234949633331,0.1177442624839191
1826,23,370,504.75274351062166,4332.980003603095,558.287928261929,4383.549496546334,54.0,0.10795065928260948,-0.0688713199994349,0.1077338678064981,-0.06511104227594783,0.013829234949633331,0.03248306948646421
1827,7,370,477.9085898257795,4404.037580305916,558.287928261929,4383.549496546334,54.0,0.10795065928260948,-0.10298930555985185,0.1077338678064981,-0.10103926837576331,0.013829234949633331,0.04095845977692399
1828,59,370,687.7533482500393,4462.8415205037,558.287928261929,4383.549496546334,54.0,0.10795065928260948,-0.2779129382666111,0.1077338678064981,-0.2735216818404747,0.013829234949633331,0.09133006472130203
1829,24,370,476.8845411410292,4318.364085281663,558.287928261929,4383.549496546334,54.0,0.10795065928260948,-0.1522302638585466,0.1077338678064981,-0.1487714433528104,0.013829234949633331,0.05225094758785129
1830,56,370,677.3923123197425,4458.591690875839,558.287928261929,4383.549496546334,54.0,0.10795065928260948,-0.251272028947358,0.1077338678064981,-0.24741935060665587,0.013829234949633331,0.08112655992759561
1831,35,370,583.2192292927565,4207.570440686977,558.287928261929,4383.549496546334,54.0,0.10795065928260948,-0.361996343578616,0.1077338678064981,-0.358791215880601,0.013829234949633331,0.09910435288522544
1832,34,370,645.8872104090177,4370.307858894735,558.287928261929,4383.549496546334,54.0,0.10795065928260948,-0.08488312530856804,0.1077338678064981,-0.0813804405961297,0.013829234949633331,0.041354427675286534
1833,33,370,633.1852302568241,4317.679688677003,558.287928261929,4383.549496546334,54.0,0.10795065928260948,-0.1715689308950143,0.1077338678064981,-0.16777731146380395,0.013829234949633331,0.052536914490881256
1834,49,371,663.3163926639071,4436.617662823868,537.5523516970317,4387.183166028368,54.0,0.10795065928260948,-0.21954354122578046,0.1077338678064981,-0.215533207163572,0.013829234949633331,0.07542454563513455
1835,29,371,679.1344462972443,4226.875249913833,537.5523516970317,4387.183166028368,54.0,0.10795065928260948,-0.37290581426380787,0.1077338678064981,-0.3676772297405536,0.013829234949633331,0.12447222119379532
1836,56,371,677.3923123197425,4458.591690875839,537.5523516970317,4387.183166028368,54.0,0.10795065928260948,-0.26528748672447,0.1077338678064981,-0.26115333804213836,0.013829234949633331,0.08961855884842143
1837,23,371,504.75274351062166,4332.980003603095,537.5523516970317,4387.183166028368,54.0,0.10795065928260948,-0.07672760344444932,0.1077338678064981,-0.0747041201303491,0.013829234949633331,0.031068197668849575
1838,33,371,633.1852302568241,4317.679688677003,537.5523516970317,4387.183166028368,54.0,0.10795065928260948,-0.18915616263459278,0.1077338678064981,-0.18466675113531608,0.013829234949633331,0.05943671687690779
1839,7,371,477.9085898257795,4404.037580305916,537.5523516970317,4387.183166028368,54.0,0.10795065928260948,-0.09277206992115576,0.1077338678064981,-0.09210283129613343,0.013829234949633331,0.03351789398483238
1840,35,371,583.2192292927565,4207.570440686977,537.5523516970317,4387.183166028368,54.0,0.10795065928260948,-0.3637367085800746,0.1077338678064981,-0.3593923128298602,0.013829234949633331,0.10176517150485814
1841,24,371,476.8845411410292,4318.364085281663,537.5523516970317,4387.183166028368,54.0,0.10795065928260948,-0.16611014362139262,0.1077338678064981,-0.1645325776801334,0.013829234949633331,0.050242678280492586
1842,30,371,625.9985091941669,4344.425799606012,537.5523516970317,4387.183166028368,54.0,0.10795065928260948,-0.09920101172799327,0.1077338678064981,-0.09494944179186134,0.013829234949633331,0.044510116609977446
1843,34,371,645.8872104090177,4370.307858894735,537.5523516970317,4387.183166028368,54.0,0.10795065928260948,-0.09577984548698797,0.1077338678064981,-0.0910624671006024,0.013829234949633331,0.048860946605958425
1844,33,372,633.1852302568241,4317.679688677003,556.3622236943382,4406.099826935316,54.0,0.10795065928260948,-0.17006048526713036,0.1077338678064981,-0.1647865306563908,0.013829234949633331,0.05859315615777236
1845,23,372,504.75274351062166,4332.980003603095,556.3622236943382,4406.099826935316,54.0,0.10795065928260948,-0.08872543682122659,0.1077338678064981,-0.08491048356157553,0.013829234949633331,0.041008863432126466
1846,49,372,663.3163926639071,4436.617662823868,556.3622236943382,4406.099826935316,54.0,0.10795065928260948,-0.20962249078222742,0.1077338678064981,-0.20710822373653184,0.013829234949633331,0.0682210317771126
1847,29,372,679.1344462972443,4226.875249913833,556.3622236943382,4406.099826935316,54.0,0.10795065928260948,-0.35779697606345523,0.1077338678064981,-0.3501764087598309,0.013829234949633331,0.12619917195006916
1848,57,372,688.226455777822,4457.521568699916,556.3622236943382,4406.099826935316,54.0,0.10795065928260948,-0.27775499801661524,0.1077338678064981,-0.2744778798040536,0.013829234949633331,0.090181052210453
1849,34,372,645.8872104090177,4370.307858894735,556.3622236943382,4406.099826935316,54.0,0.10795065928260948,-0.09626153390010059,0.1077338678064981,-0.09246217430370746,0.013829234949633331,0.04646205962230064
1850,7,372,477.9085898257795,4404.037580305916,556.3622236943382,4406.099826935316,54.0,0.10795065928260948,-0.10428693255822605,0.1077338678064981,-0.10102233178978641,0.013829234949633331,0.042864665857774986
1851,59,372,687.7533482500393,4462.8415205037,556.3622236943382,4406.099826935316,54.0,0.10795065928260948,-0.2749494839300938,0.1077338678064981,-0.27173172508343685,0.013829234949633331,0.0901522911022567
1852,24,372,476.8845411410292,4318.364085281663,556.3622236943382,4406.099826935316,54.0,0.10795065928260948,-0.18111295646066156,0.1077338678064981,-0.17796372861106027,0.013829234949633331,0.06100200756026349
1853,56,372,677.3923123197425,4458.591690875839,556.3622236943382,4406.099826935316,54.0,0.10795065928260948,-0.24923113267918912,0.1077338678064981,-0.24643424467257116,0.013829234949633331,0.08023143504516887
1854,30,372,625.9985091941669,4344.425799606012,556.3622236943382,4406.099826935316,54.0,0.10795065928260948,-0.08695515581544787,0.1077338678064981,-0.0821576324133186,0.013829234949633331,0.04150957203559495
1855,30,373,625.9985091941669,4344.425799606012,507.007626677084,4418.914577252973,54.0,0.10795065928260948,-0.13717341029620522,0.1077338678064981,-0.13076974793067495,0.013829234949633331,0.0646242399618165
1856,33,373,633.1852302568241,4317.679688677003,507.007626677084,4418.914577252973,54.0,0.10795065928260948,-0.22898887799792592,0.1077338678064981,-0.22256886861359415,0.013829234949633331,0.08045856129043251
1857,23,373,492.6610906216525,4339.6404706179,507.007626677084,4418.914577252973,54.0,0.10795065928260948,-0.17077557183342618,0.1077338678064981,-0.17048738119454127,0.013829234949633331,0.047451313836857266
1858,7,373,477.9085898257795,4404.037580305916,507.007626677084,4418.914577252973,54.0,0.10795065928260948,-0.06483847815267935,0.1077338678064981,-0.06425083670717122,0.013829234949633331,0.02058449477323332
1859,24,373,476.8845411410292,4318.364085281663,507.007626677084,4418.914577252973,54.0,0.10795065928260948,-0.2491510884094368,0.1077338678064981,-0.24880356191052203,0.013829234949633331,0.06384973633029269
1860,34,373,645.8872104090177,4370.307858894735,507.007626677084,4418.914577252973,54.0,0.10795065928260948,-0.1407118795743024,0.1077338678064981,-0.13405019105277602,0.013829234949633331,0.07011064187012565
1861,57,373,688.226455777822,4457.521568699916,507.007626677084,4418.914577252973,54.0,0.10795065928260948,-0.333436340118334,0.1077338678064981,-0.3293105928837133,0.013829234949633331,0.11491297190467288
1862,56,373,677.3923123197425,4458.591690875839,507.007626677084,4418.914577252973,54.0,0.10795065928260948,-0.30079437072938114,0.1077338678064981,-0.2972594300101871,0.013829234949633331,0.10520101169663243
1863,26,373,492.46916862384336,4319.554466150916,507.007626677084,4418.914577252973,54.0,0.10795065928260948,-0.21480987696612824,0.1077338678064981,-0.2144714607801584,0.013829234949633331,0.05937676768218521
1864,32,373,334.71484028241383,4482.861045979598,507.007626677084,4418.914577252973,54.0,0.10795065928260948,-0.3324125063767909,0.1077338678064981,-0.3308512118830978,0.013829234949633331,0.12177483064798472
1865,49,373,663.3163926639071,4436.617662823868,507.007626677084,4418.914577252973,54.0,0.10795065928260948,-0.27161347440591654,0.1077338678064981,-0.26706952882072627,0.013829234949633331,0.09302282697086572
1866,33,374,633.1852302568241,4317.679688677003,504.4577215216528,4438.979738557756,54.0,0.10795065928260948,-0.23650692932263812,0.1077338678064981,-0.22918237464128893,0.013829234949633331,0.08846896957675175
1867,49,374,663.3163926639071,4436.617662823868,504.4577215216528,4438.979738557756,54.0,0.10795065928260948,-0.2879970281550923,0.1077338678064981,-0.2852593928203734,0.013829234949633331,0.09727381414209389
1868,23,374,492.6610906216525,4339.6404706179,504.4577215216528,4438.979738557756,54.0,0.10795065928260948,-0.21694199514537243,0.1077338678064981,-0.2165638687439181,0.013829234949633331,0.06034411897548764
1869,34,374,645.8872104090177,4370.307858894735,504.4577215216528,4438.979738557756,54.0,0.10795065928260948,-0.17045787702029724,0.1077338678064981,-0.16513134835962856,0.013829234949633331,0.08109281781120864
1870,32,374,334.71484028241383,4482.861045979598,504.4577215216528,4438.979738557756,54.0,0.10795065928260948,-0.32144529633670726,0.1077338678064981,-0.3204000293615136,0.013829234949633331,0.11742838798238195
1871,59,374,687.7533482500393,4462.8415205037,504.4577215216528,4438.979738557756,54.0,0.10795065928260948,-0.28668617307671457,0.1077338678064981,-0.283761589552934,0.013829234949633331,0.11309530508097262
1872,57,374,688.226455777822,4457.521568699916,504.4577215216528,4438.979738557756,54.0,0.10795065928260948,-0.30393052722636016,0.1077338678064981,-0.3010841422654633,0.013829234949633331,0.11400233748387302
1873,56,374,677.3923123197425,4458.591690875839,504.4577215216528,4438.979738557756,54.0,0.10795065928260948,-0.27016918002917323,0.1077338678064981,-0.26778806798866744,0.013829234949633331,0.10431239256962012
1874,30,374,625.9985091941669,4344.425799606012,504.4577215216528,4438.979738557756,54.0,0.10795065928260948,-0.14625591793613865,0.1077338678064981,-0.13914216504534127,0.013829234949633331,0.07157568373716541
1875,24,374,476.8845411410292,4318.364085281663,504.4577215216528,4438.979738557756,54.0,0.10795065928260948,-0.29175603492661856,0.1077338678064981,-0.2915163994694378,0.013829234949633331,0.07622916470451332
1876,33,375,633.1852302568241,4317.679688677003,538.408480740028,4431.916543109024,54.0,0.10795065928260948,-0.19385953746998996,0.1077338678064981,-0.18644087530896777,0.013829234949633331,0.07393693036752597
1877,34,375,645.8872104090177,4370.307858894735,538.408480740028,4431.916543109024,54.0,0.10795065928260948,-0.1439706377733779,0.1077338678064981,-0.14027995603216378,0.013829234949633331,0.06588380394439293
1878,7,375,477.9085898257795,4404.037580305916,538.408480740028,4431.916543109024,54.0,0.10795065928260948,-0.10735550981450748,0.1077338678064981,-0.105540571591726,0.013829234949633331,0.03944649901694977
1879,24,375,476.8845411410292,4318.364085281663,538.408480740028,4431.916543109024,54.0,0.10795065928260948,-0.23185013369914603,0.1077338678064981,-0.2296035109507361,0.013829234949633331,0.07253208908696872
1880,30,375,625.9985091941669,4344.425799606012,538.408480740028,4431.916543109024,54.0,0.10795065928260948,-0.11238731263167503,0.1077338678064981,-0.10548740341185371,0.013829234949633331,0.05697727223582085
1881,23,375,492.6610906216525,4339.6404706179,538.408480740028,4431.916543109024,54.0,0.10795065928260948,-0.15223623288054483,0.1077338678064981,-0.14973158921703955,0.013829234949633331,0.05543918785180536
1882,33,376,633.1852302568241,4317.679688677003,524.7277800422952,4456.789074584238,54.0,0.10795065928260948,-0.22522879430694676,0.1077338678064981,-0.21657061330101993,0.013829234949633331,0.08987238738435852
1883,49,376,663.3163926639071,4436.617662823868,524.7277800422952,4456.789074584238,54.0,0.10795065928260948,-0.26373744523242065,0.1077338678064981,-0.26095579985735945,0.013829234949633331,0.08684580545932015
1884,56,376,677.3923123197425,4458.591690875839,524.7277800422952,4456.789074584238,54.0,0.10795065928260948,-0.22482036081381276,0.1077338678064981,-0.22197511140750634,0.013829234949633331,0.09084470931669339
1885,57,376,688.226455777822,4457.521568699916,524.7277800422952,4456.789074584238,54.0,0.10795065928260948,-0.24925420411606392,0.1077338678064981,-0.24600881112290385,0.013829234949633331,0.10030098563599373
1886,7,376,477.9085898257795,4404.037580305916,524.7277800422952,4456.789074584238,54.0,0.10795065928260948,-0.12477451020038569,0.1077338678064981,-0.12426190992534919,0.013829234949633331,0.043808823430735375
1887,59,376,687.7533482500393,4462.8415205037,524.7277800422952,4456.789074584238,54.0,0.10795065928260948,-0.24855182910540005,0.1077338678064981,-0.24531916422622052,0.013829234949633331,0.10003477520480747
1888,34,376,645.8872104090177,4370.307858894735,524.7277800422952,4456.789074584238,54.0,0.10795065928260948,-0.19261115997258332,0.1077338678064981,-0.1901238743396501,0.013829234949633331,0.08322714444850704
1889,32,376,334.71484028241383,4482.861045979598,524.7277800422952,4456.789074584238,54.0,0.10795065928260948,-0.35274612086558926,0.1077338678064981,-0.34965023126102196,0.013829234949633331,0.1302733477078963
1890,30,376,625.9985091941669,4344.425799606012,524.7277800422952,4456.789074584238,54.0,0.10795065928260948,-0.1466410872891001,0.1077338678064981,-0.13894417703282952,0.013829234949633331,0.07299060848313932
1891,33,377,633.1852302568241,4317.679688677003,485.3956997431978,4374.153861375261,54.0,0.10795065928260948,-0.3053347364848092,0.1077338678064981,-0.30189949594506543,0.013829234949633331,0.08908951722230012
1892,7,377,477.9085898257795,4404.037580305916,485.3956997431978,4374.153861375261,54.0,0.10795065928260948,-0.07023381318935983,0.1077338678064981,-0.07021914196022842,0.013829234949633331,0.01921629576818706
1893,8,377,404.480912881415,4338.111065579622,485.3956997431978,4374.153861375261,54.0,0.10795065928260948,-0.24944795747589368,0.1077338678064981,-0.24777613608788232,0.013829234949633331,0.06370643908698152
1894,26,377,492.46916862384336,4319.554466150916,485.3956997431978,4374.153861375261,54.0,0.10795065928260948,-0.1562869226195264,0.1077338678064981,-0.15627681594796744,0.013829234949633331,0.034500640992734546
1895,34,377,645.8872104090177,4370.307858894735,485.3956997431978,4374.153861375261,54.0,0.10795065928260948,-0.19404458212620532,0.1077338678064981,-0.18907669082002823,0.013829234949633331,0.08022695840766368
1896,32,377,334.71484028241383,4482.861045979598,485.3956997431978,4374.153861375261,54.0,0.10795065928260948,-0.33300597831033873,0.1077338678064981,-0.3311522918892975,0.013829234949633331,0.12403603327814824
1897,30,377,625.9985091941669,4344.425799606012,485.3956997431978,4374.153861375261,54.0,0.10795065928260948,-0.21231631173802273,0.1077338678064981,-0.20709602294411053,0.013829234949633331,0.07144355967110538
1898,24,377,476.8845411410292,4318.364085281663,485.3956997431978,4374.153861375261,54.0,0.10795065928260948,-0.15950347020732275,0.1077338678064981,-0.15952382754762404,0.013829234949633331,0.0353662354445164
1899,29,377,679.1344462972443,4226.875249913833,485.3956997431978,4374.153861375261,54.0,0.10795065928260948,-0.5064222118979185,0.1077338678064981,-0.5036625981373503,0.013829234949633331,0.1479973309000462
1900,23,377,492.6610906216525,4339.6404706179,485.3956997431978,4374.153861375261,54.0,0.10795065928260948,-0.10208014368476218,0.1077338678064981,-0.10207247288248378,0.013829234949633331,0.021878093665409947
1901,59,378,687.7533482500393,4462.8415205037,529.1168317879833,4454.262917514842,54.0,0.10795065928260948,-0.24346875014213418,0.1077338678064981,-0.24033621245091552,0.013829234949633331,0.09763319265058969
1902,68,378,607.5300941255965,4399.875364871049,529.1168317879833,4454.262917514842,54.0,0.10795065928260948,-0.1205788719112601,0.1077338678064981,-0.11881390153449335,0.013829234949633331,0.05369271119420373
1903,32,378,334.71484028241383,4482.861045979598,529.1168317879833,4454.262917514842,54.0,0.10795065928260948,-0.35889289674929564,0.1077338678064981,-0.3556505155990292,0.013829234949633331,0.13291905043316096
1904,33,378,633.1852302568241,4317.679688677003,529.1168317879833,4454.262917514842,54.0,0.10795065928260948,-0.21988507312293176,0.1077338678064981,-0.21152772407810475,0.013829234949633331,0.08746423003788467
1905,23,378,492.6610906216525,4339.6404706179,529.1168317879833,4454.262917514842,54.0,0.10795065928260948,-0.20331272926211671,0.1077338678064981,-0.20220045251420068,0.013829234949633331,0.06904321820952639
1906,69,378,685.3230867940251,4391.141433827922,529.1168317879833,4454.262917514842,54.0,0.10795065928260948,-0.3234824725189927,0.1077338678064981,-0.31932128692498174,0.013829234949633331,0.11231666196609787
1907,49,378,663.3163926639071,4436.617662823868,529.1168317879833,4454.262917514842,54.0,0.10795065928260948,-0.2584547325507775,0.1077338678064981,-0.256107968281645,0.013829234949633331,0.08418637696262139
1908,30,378,625.9985091941669,4344.425799606012,529.1168317879833,4454.262917514842,54.0,0.10795065928260948,-0.14249922696028045,0.1077338678064981,-0.13521678016838645,0.013829234949633331,0.07059483808467859
1909,56,378,677.3923123197425,4458.591690875839,529.1168317879833,4454.262917514842,54.0,0.10795065928260948,-0.2196314998339987,0.1077338678064981,-0.21688775519373565,0.013829234949633331,0.08840103867198679
1910,57,378,688.226455777822,4457.521568699916,529.1168317879833,4454.262917514842,54.0,0.10795065928260948,-0.24402918828165823,0.1077338678064981,-0.24088569559463757,0.013829234949633331,0.09784302874042686
1911,34,378,645.8872104090177,4370.307858894735,529.1168317879833,4454.262917514842,54.0,0.10795065928260948,-0.18729769144493974,0.1077338678064981,-0.18500742544640794,0.013829234949633331,0.08048890823511501
1912,67,378,614.1933123417826,4407.07660776138,529.1168317879833,4454.262917514842,54.0,0.10795065928260948,-0.134421895428963,0.1077338678064981,-0.1329420181599386,0.013829234949633331,0.05603577377616025
1913,16,378,513.1636048475955,4263.301540421994,529.1168317879833,4454.262917514842,54.0,0.10795065928260948,-0.25687129169947087,0.1077338678064981,-0.25223462580756056,0.013829234949633331,0.10408323805704457
1914,59,379,687.7533482500393,4462.8415205037,532.7418826940634,4408.404237914756,54.0,0.10795065928260948,-0.29177820189051035,0.1077338678064981,-0.2866139906938685,0.013829234949633331,0.10030957199630822
1915,49,379,663.3163926639071,4436.617662823868,532.7418826940634,4408.404237914756,54.0,0.10795065928260948,-0.2239080387214787,0.1077338678064981,-0.21962028911446335,0.013829234949633331,0.07769335507374309
1916,26,379,492.46916862384336,4319.554466150916,532.7418826940634,4408.404237914756,54.0,0.10795065928260948,-0.1527966934878552,0.1077338678064981,-0.1511254672432707,0.013829234949633331,0.05265387721242448
1917,34,379,645.8872104090177,4370.307858894735,532.7418826940634,4408.404237914756,54.0,0.10795065928260948,-0.10616101436138815,0.1077338678064981,-0.10055924882529718,0.013829234949633331,0.05468208050566722
1918,68,379,607.5300941255965,4399.875364871049,532.7418826940634,4408.404237914756,54.0,0.10795065928260948,-0.07992949501836896,0.1077338678064981,-0.07663648743544159,0.013829234949633331,0.03964505306750569
1919,33,379,633.1852302568241,4317.679688677003,532.7418826940634,4408.404237914756,54.0,0.10795065928260948,-0.1890972193918377,0.1077338678064981,-0.18290259653626303,0.013829234949633331,0.06594033065289866
1920,24,379,476.8845411410292,4318.364085281663,532.7418826940634,4408.404237914756,54.0,0.10795065928260948,-0.1997348452811454,0.1077338678064981,-0.19853012790658212,0.013829234949633331,0.05965706382999067
1921,56,379,677.3923123197425,4458.591690875839,532.7418826940634,4408.404237914756,54.0,0.10795065928260948,-0.2670023260929446,0.1077338678064981,-0.2622469240968344,0.013829234949633331,0.09058570876797555
1922,57,379,688.226455777822,4457.521568699916,532.7418826940634,4408.404237914756,54.0,0.10795065928260948,-0.2946570361398069,0.1077338678064981,-0.28948116167577664,0.013829234949633331,0.10023451612627116
1923,67,379,614.1933123417826,4407.07660776138,532.7418826940634,4408.404237914756,54.0,0.10795065928260948,-0.09312850080675761,0.1077338678064981,-0.08981029548134875,0.013829234949633331,0.0433457623950033
1924,23,379,494.38725640942334,4338.751242244796,532.7418826940634,4408.404237914756,54.0,0.10795065928260948,-0.12024222194639102,0.1077338678064981,-0.11880801383768749,0.013829234949633331,0.04243198951712364
1925,58,379,703.3499165584745,4445.916544165671,532.7418826940634,4408.404237914756,54.0,0.10795065928260948,-0.32714413634385137,0.1077338678064981,-0.3221968167860908,0.013829234949633331,0.11197773005827609
1926,32,379,334.71484028241383,4482.861045979598,532.7418826940634,4408.404237914756,54.0,0.10795065928260948,-0.36640167687181735,0.1077338678064981,-0.3636584945076049,0.013829234949633331,0.13668995859434324
1927,30,379,625.9985091941669,4344.425799606012,532.7418826940634,4408.404237914756,54.0,0.10795065928260948,-0.100516100670538,0.1077338678064981,-0.09462482500811616,0.013829234949633331,0.049548906598729535
1928,29,379,679.1344462972443,4226.875249913833,532.7418826940634,4408.404237914756,54.0,0.10795065928260948,-0.3735379150147393,0.1077338678064981,-0.36606635274207644,0.013829234949633331,0.13123757371833047
1929,33,380,633.1852302568241,4317.679688677003,555.815156934327,4405.984828369565,54.0,0.10795065928260948,-0.1704630017153115,0.1077338678064981,-0.1651748631017902,0.013829234949633331,0.05869453969919705
1930,23,380,504.75274351062166,4332.980003603095,555.815156934327,4405.984828369565,54.0,0.10795065928260948,-0.08881409669603615,0.1077338678064981,-0.08505809022932061,0.013829234949633331,0.04091709132762189
1931,34,380,645.8872104090177,4370.307858894735,555.815156934327,4405.984828369565,54.0,0.10795065928260948,-0.09632391569242933,0.1077338678064981,-0.0924865179116866,0.013829234949633331,0.04657375327094387
1932,67,380,614.1933123417826,4407.07660776138,555.815156934327,4405.984828369565,54.0,0.10795065928260948,-0.07907559801218345,0.1077338678064981,-0.07747874539275977,0.013829234949633331,0.03333968947841032
1933,56,380,677.3923123197425,4458.591690875839,555.815156934327,4405.984828369565,54.0,0.10795065928260948,-0.24966436824253685,0.1077338678064981,-0.2468250326268788,0.013829234949633331,0.08050262250081301
1934,68,380,607.5300941255965,4399.875364871049,555.815156934327,4405.984828369565,54.0,0.10795065928260948,-0.06630847411274228,0.1077338678064981,-0.06474675357090226,0.013829234949633331,0.02981104763481221
1935,49,380,663.3163926639071,4436.617662823868,555.815156934327,4405.984828369565,54.0,0.10795065928260948,-0.2100077142364533,0.1077338678064981,-0.20745357367531705,0.013829234949633331,0.06848137420869752
1936,30,380,625.9985091941669,4344.425799606012,555.815156934327,4405.984828369565,54.0,0.10795065928260948,-0.08715983621112881,0.1077338678064981,-0.08234526914339768,0.013829234949633331,0.04162236441613436
1937,16,380,519.0070440168354,4262.203633597157,555.815156934327,4405.984828369565,54.0,0.10795065928260948,-0.15242933698753797,0.1077338678064981,-0.1469416165674254,0.013829234949633331,0.06995694665053336
1938,24,380,476.8845411410292,4318.364085281663,555.815156934327,4405.984828369565,54.0,0.10795065928260948,-0.1813051431178743,0.1077338678064981,-0.1782156810008397,0.013829234949633331,0.060893323475694636
1939,37,381,628.569594659982,4182.409690156388,533.7624093755849,4336.924325778417,54.0,0.10795065928260948,-0.40055736790073426,0.1077338678064981,-0.3988627582337469,0.013829234949633331,0.11228675730225128
1940,43,381,630.0947010611478,4141.259609929846,533.7624093755849,4336.924325778417,54.0,0.10795065928260948,-0.454898674197256,0.1077338678064981,-0.45147809464931804,0.013829234949633331,0.13580665586693141
1941,23,381,504.75274351062166,4332.980003603095,533.7624093755849,4336.924325778417,54.0,0.10795065928260948,-0.040408465515899564,0.1077338678064981,-0.039950025625657165,0.013829234949633331,0.015380663602733973
1942,68,381,607.5300941255965,4399.875364871049,533.7624093755849,4336.924325778417,54.0,0.10795065928260948,-0.05919126999983167,0.1077338678064981,-0.054495323385268454,0.013829234949633331,0.037455244189102906
1943,33,381,633.1852302568241,4317.679688677003,533.7624093755849,4336.924325778417,54.0,0.10795065928260948,-0.2069568275558327,0.1077338678064981,-0.2058629714904511,0.013829234949633331,0.060286348273414815
1944,69,381,685.3230867940251,4391.141433827922,533.7624093755849,4336.924325778417,54.0,0.10795065928260948,-0.2370270251695029,0.1077338678064981,-0.23333961990732782,0.013829234949633331,0.09760387638702664
1945,30,381,625.9985091941669,4344.425799606012,533.7624093755849,4336.924325778417,54.0,0.10795065928260948,-0.19314952383482945,0.1077338678064981,-0.1918210594329373,0.013829234949633331,0.05366621174707012
1946,57,381,688.226455777822,4457.521568699916,533.7624093755849,4336.924325778417,54.0,0.10795065928260948,-0.2994118841547733,0.1077338678064981,-0.2928202616799601,0.013829234949633331,0.10961428083798457
1947,35,381,583.2192292927565,4207.570440686977,533.7624093755849,4336.924325778417,54.0,0.10795065928260948,-0.29808928477113866,0.1077338678064981,-0.2953989112136883,0.013829234949633331,0.08158492457869047
1948,44,381,472.0029937650396,4104.126300266757,533.7624093755849,4336.924325778417,54.0,0.10795065928260948,-0.21013263538108412,0.1077338678064981,-0.2007045175315293,0.013829234949633331,0.1053518391118857
1949,26,381,492.46916862384336,4319.554466150916,533.7624093755849,4336.924325778417,54.0,0.10795065928260948,-0.07141645411960401,0.1077338678064981,-0.07107549946445417,0.013829234949633331,0.025128424602891032
1950,16,381,519.0070440168354,4262.203633597157,533.7624093755849,4336.924325778417,54.0,0.10795065928260948,-0.10534643616036195,0.1077338678064981,-0.10393002497616695,0.013829234949633331,0.041066046726580895
1951,29,381,679.1344462972443,4226.875249913833,533.7624093755849,4336.924325778417,54.0,0.10795065928260948,-0.3934642454776913,0.1077338678064981,-0.3912262094734315,0.013829234949633331,0.11407370330894794
1952,24,381,476.8845411410292,4318.364085281663,533.7624093755849,4336.924325778417,54.0,0.10795065928260948,-0.10815687686705683,0.1077338678064981,-0.10810041405804907,0.013829234949633331,0.03440657202615047
1953,67,381,614.1933123417826,4407.07660776138,533.7624093755849,4336.924325778417,54.0,0.10795065928260948,-0.07840788987677821,0.1077338678064981,-0.07350974857081731,0.013829234949633331,0.04317077173282666
1954,49,381,663.3163926639071,4436.617662823868,533.7624093755849,4336.924325778417,54.0,0.10795065928260948,-0.21956621787735625,0.1077338678064981,-0.21377357841582878,0.013829234949633331,0.08396538925464345
1955,34,381,645.8872104090177,4370.307858894735,533.7624093755849,4336.924325778417,54.0,0.10795065928260948,-0.1428023423417739,0.1077338678064981,-0.14104844953058532,0.013829234949633331,0.06314880163891556
1956,56,381,677.3923123197425,4458.591690875839,533.7624093755849,4336.924325778417,54.0,0.10795065928260948,-0.2764332730299758,0.1077338678064981,-0.26997659434465104,0.013829234949633331,0.09960991030271095
1957,29,382,679.1344462972443,4226.875249913833,530.4685985461446,4301.8986450225775,54.0,0.10795065928260948,-0.38803059711560245,0.1077338678064981,-0.38618848423826907,0.013829234949633331,0.10800075460510863
1958,43,382,630.0947010611478,4141.259609929846,530.4685985461446,4301.8986450225775,54.0,0.10795065928260948,-0.3711020063017068,0.1077338678064981,-0.36790421466928497,0.013829234949633331,0.11850915818229521
1959,68,382,607.5300941255965,4399.875364871049,530.4685985461446,4301.8986450225775,54.0,0.10795065928260948,-0.12892210764798792,0.1077338678064981,-0.1249011764602046,0.013829234949633331,0.05969117662614062
1960,35,382,583.2192292927565,4207.570440686977,530.4685985461446,4301.8986450225775,54.0,0.10795065928260948,-0.22438452328135627,0.1077338678064981,-0.2224980505487815,0.013829234949633331,0.0650768008940447
1961,16,382,519.0070440168354,4262.203633597157,530.4685985461446,4301.8986450225775,54.0,0.10795065928260948,-0.0625942590575262,0.1077338678064981,-0.06209961736889092,0.013829234949633331,0.023024517004588768
1962,37,382,628.569594659982,4182.409690156388,530.4685985461446,4301.8986450225775,54.0,0.10795065928260948,-0.3272885421320672,0.1077338678064981,-0.32571740276716876,0.013829234949633331,0.09652700203210733
1963,30,382,625.9985091941669,4344.425799606012,530.4685985461446,4301.8986450225775,54.0,0.10795065928260948,-0.27074216710676946,0.1077338678064981,-0.268696416367308,0.013829234949633331,0.06329182248651072
1964,23,382,497.4898291573873,4319.884180805564,530.4685985461446,4301.8986450225775,54.0,0.10795065928260948,-0.0626881553248238,0.1077338678064981,-0.062273725121935526,0.013829234949633331,0.022344012453524797
1965,24,382,476.8845411410292,4318.364085281663,530.4685985461446,4301.8986450225775,54.0,0.10795065928260948,-0.10780561484623044,0.1077338678064981,-0.10796792458244076,0.013829234949633331,0.03445573338133737
1966,67,382,614.1933123417826,4407.07660776138,530.4685985461446,4301.8986450225775,54.0,0.10795065928260948,-0.1485784934742107,0.1077338678064981,-0.1445735746582474,0.013829234949633331,0.06590975136794076
1967,34,382,645.8872104090177,4370.307858894735,530.4685985461446,4301.8986450225775,54.0,0.10795065928260948,-0.27978763855815847,0.1077338678064981,-0.2776090135199071,0.013829234949633331,0.07958306453145217
1968,44,382,472.0029937650396,4104.126300266757,530.4685985461446,4301.8986450225775,54.0,0.10795065928260948,-0.17743474913116886,0.1077338678064981,-0.16941614961012438,0.013829234949633331,0.0902061589886184
1969,26,382,492.46916862384336,4319.554466150916,530.4685985461446,4301.8986450225775,54.0,0.10795065928260948,-0.07440491173622121,0.1077338678064981,-0.07413914297366819,0.013829234949633331,0.025494417010089573
1970,32,383,334.71484028241383,4482.861045979598,514.5322622025869,4456.751426788521,54.0,0.10795065928260948,-0.33633885095828325,0.1077338678064981,-0.3336927121237443,0.013829234949633331,0.12375169153905707
1971,59,383,687.7533482500393,4462.8415205037,514.5322622025869,4456.751426788521,54.0,0.10795065928260948,-0.2654597011198882,0.1077338678064981,-0.261747416608093,0.013829234949633331,0.10660497080658586
1972,23,383,492.6610906216525,4339.6404706179,514.5322622025869,4456.751426788521,54.0,0.10795065928260948,-0.22687305760731818,0.1077338678064981,-0.22637255411370355,0.013829234949633331,0.07048508005248766
1973,68,383,607.5300941255965,4399.875364871049,514.5322622025869,4456.751426788521,54.0,0.10795065928260948,-0.13865102063918675,0.1077338678064981,-0.1354638298375953,0.013829234949633331,0.061624594965118115
1974,49,383,663.3163926639071,4436.617662823868,514.5322622025869,4456.751426788521,54.0,0.10795065928260948,-0.2804699416875112,0.1077338678064981,-0.27743817977478236,0.013829234949633331,0.09326674094720398
1975,57,383,688.226455777822,4457.521568699916,514.5322622025869,4456.751426788521,54.0,0.10795065928260948,-0.26618039439995594,0.1077338678064981,-0.2624554917760584,0.013829234949633331,0.10687886892686517
1976,56,383,677.3923123197425,4458.591690875839,514.5322622025869,4456.751426788521,54.0,0.10795065928260948,-0.24173513856223428,0.1077338678064981,-0.23841029348839768,0.013829234949633331,0.09741774419051297
1977,34,383,645.8872104090177,4370.307858894735,514.5322622025869,4456.751426788521,54.0,0.10795065928260948,-0.1999792912852003,0.1077338678064981,-0.19612906181268167,0.013829234949633331,0.08777652936820356
1978,16,383,513.1636048475955,4263.301540421994,514.5322622025869,4456.751426788521,54.0,0.10795065928260948,-0.2873492984509531,0.1077338678064981,-0.285249454043499,0.013829234949633331,0.10955042667784083
1979,67,383,614.1933123417826,4407.07660776138,514.5322622025869,4456.751426788521,54.0,0.10795065928260948,-0.1526771348072929,0.1077338678064981,-0.15026753223374922,0.013829234949633331,0.0642586084854792
1980,30,383,625.9985091941669,4344.425799606012,514.5322622025869,4456.751426788521,54.0,0.10795065928260948,-0.15685347369593375,0.1077338678064981,-0.14846914400866232,0.013829234949633331,0.07678883229761496
1981,33,384,633.1852302568241,4317.679688677003,548.53915137937,4457.937093293264,54.0,0.10795065928260948,-0.22222575493675933,0.1077338678064981,-0.21710333189461986,0.013829234949633331,0.08615219524071623
1982,16,384,515.343860107242,4262.861565575985,548.53915137937,4457.937093293264,54.0,0.10795065928260948,-0.19623680632960164,0.1077338678064981,-0.18843806465384208,0.013829234949633331,0.0962364353530325
1983,68,384,607.5300941255965,4399.875364871049,548.53915137937,4457.937093293264,54.0,0.10795065928260948,-0.11647627688892874,0.1077338678064981,-0.11573749801291228,0.013829234949633331,0.0482497964166646
1984,34,384,645.8872104090177,4370.307858894735,548.53915137937,4457.937093293264,54.0,0.10795065928260948,-0.19599828499158795,0.1077338678064981,-0.19465603868319886,0.013829234949633331,0.07645677469331971
1985,23,384,492.6610906216525,4339.6404706179,548.53915137937,4457.937093293264,54.0,0.10795065928260948,-0.18643949331237397,0.1077338678064981,-0.18281713255166157,0.013829234949633331,0.0711701603691669
1986,67,384,614.1933123417826,4407.07660776138,548.53915137937,4457.937093293264,54.0,0.10795065928260948,-0.12796724408783933,0.1077338678064981,-0.12698016237307225,0.013829234949633331,0.04962346791479333
1987,30,384,625.9985091941669,4344.425799606012,548.53915137937,4457.937093293264,54.0,0.10795065928260948,-0.1529918480096269,0.1077338678064981,-0.1495982941812067,0.013829234949633331,0.07004700817067604
1988,34,385,645.8872104090177,4370.307858894735,566.5828788927461,4457.8640046212495,54.0,0.10795065928260948,-0.20417940879335575,0.1077338678064981,-0.20255914558828741,0.013829234949633331,0.07203838692112059
1989,68,385,607.5300941255965,4399.875364871049,566.5828788927461,4457.8640046212495,54.0,0.10795065928260948,-0.11642516432688012,0.1077338678064981,-0.11557591164761061,0.013829234949633331,0.04328172485501292
1990,57,385,688.226455777822,4457.521568699916,566.5828788927461,4457.8640046212495,54.0,0.10795065928260948,-0.201517342597355,0.1077338678064981,-0.1994317217374035,0.013829234949633331,0.07690942709855603
1991,59,385,687.7533482500393,4462.8415205037,566.5828788927461,4457.8640046212495,54.0,0.10795065928260948,-0.20090943950975768,0.1077338678064981,-0.19883657942103997,0.013829234949633331,0.07667146668636196
1992,49,385,663.3163926639071,4436.617662823868,566.5828788927461,4457.8640046212495,54.0,0.10795065928260948,-0.2027913535520068,0.1077338678064981,-0.20066539379837173,0.013829234949633331,0.06307289848604361
1993,67,385,614.1933123417826,4407.07660776138,566.5828788927461,4457.8640046212495,54.0,0.10795065928260948,-0.12395359923527456,0.1077338678064981,-0.12290483326486348,0.013829234949633331,0.043566410942544744
1994,33,385,633.1852302568241,4317.679688677003,566.5828788927461,4457.8640046212495,54.0,0.10795065928260948,-0.23647858059674667,0.1077338678064981,-0.2333778954033691,0.013829234949633331,0.08674570557802837
1995,23,385,499.82723412204166,4335.752917918386,566.5828788927461,4457.8640046212495,54.0,0.10795065928260948,-0.1550470236961933,0.1077338678064981,-0.15066688642663362,0.013829234949633331,0.0705281268117817
1996,16,385,519.0070440168354,4262.203633597157,566.5828788927461,4457.8640046212495,54.0,0.10795065928260948,-0.20523145286839287,0.1077338678064981,-0.19817107696069622,0.013829234949633331,0.0983868615757624
1997,30,385,625.9985091941669,4344.425799606012,566.5828788927461,4457.8640046212495,54.0,0.10795065928260948,-0.16817597805696438,0.1077338678064981,-0.16625796201092943,0.013829234949633331,0.06960895415790652
1998,56,385,677.3923123197425,4458.591690875839,566.5828788927461,4457.8640046212495,54.0,0.10795065928260948,-0.17717413431596357,0.1077338678064981,-0.17548851817277952,0.013829234949633331,0.06748254934711509
1999,33,386,633.1852302568241,4317.679688677003,560.6999742572023,4437.5564168372,54.0,0.10795065928260948,-0.19587359822975442,0.1077338678064981,-0.1910712227402102,0.013829234949633331,0.07305064137389836
2000,23,386,503.8019257486624,4333.534354749648,560.6999742572023,4437.5564168372,54.0,0.10795065928260948,-0.12496541515383866,0.1077338678064981,-0.12052123547261322,0.013829234949633331,0.05768989602440608
2001,67,386,614.1933123417826,4407.07660776138,560.6999742572023,4437.5564168372,54.0,0.10795065928260948,-0.09744628409821657,0.1077338678064981,-0.09707462565607497,0.013829234949633331,0.03718953919696627
2002,68,386,607.5300941255965,4399.875364871049,560.6999742572023,4437.5564168372,54.0,0.10795065928260948,-0.08708585508855168,0.1077338678064981,-0.08687090427633971,0.013829234949633331,0.03559747103686491
2003,16,386,519.0070440168354,4262.203633597157,560.6999742572023,4437.5564168372,54.0,0.10795065928260948,-0.18215746040753217,0.1077338678064981,-0.1755239845807397,0.013829234949633331,0.08685205015978686
2004,34,386,645.8872104090177,4370.307858894735,560.6999742572023,4437.5564168372,54.0,0.10795065928260948,-0.15723897086334931,0.1077338678064981,-0.15655083864759228,0.013829234949633331,0.06234268796604624
2005,30,386,625.9985091941669,4344.425799606012,560.6999742572023,4437.5564168372,54.0,0.10795065928260948,-0.12483610444069959,0.1077338678064981,-0.12150088262953229,0.013829234949633331,0.05664988978396916
2006,67,387,614.1933123417826,4407.07660776138,495.98772785766295,4443.197207172899,54.0,0.10795065928260948,-0.16014396617898327,0.1077338678064981,-0.1573090714746909,0.013829234949633331,0.06949538592972739
2007,30,387,625.9985091941669,4344.425799606012,495.98772785766295,4443.197207172899,54.0,0.10795065928260948,-0.1621986727375456,0.1077338678064981,-0.15524233366044732,0.013829234949633331,0.07725858273141228
2008,23,387,492.6610906216525,4339.6404706179,495.98772785766295,4443.197207172899,54.0,0.10795065928260948,-0.24379963891597206,0.1077338678064981,-0.24378036459149605,0.013829234949633331,0.06466801282892559
2009,34,387,645.8872104090177,4370.307858894735,495.98772785766295,4443.197207172899,54.0,0.10795065928260948,-0.18585190207056074,0.1077338678064981,-0.18066650536059128,0.013829234949633331,0.08695318092756579
2010,68,387,607.5300941255965,4399.875364871049,495.98772785766295,4443.197207172899,54.0,0.10795065928260948,-0.1447067631749671,0.1077338678064981,-0.1413329865419375,0.013829234949633331,0.0658518853993024
2011,16,387,513.1636048475955,4263.301540421994,495.98772785766295,4443.197207172899,54.0,0.10795065928260948,-0.2899670533739103,0.1077338678064981,-0.2884300450123597,0.013829234949633331,0.10385866752821707
2012,32,387,334.71484028241383,4482.861045979598,495.98772785766295,4443.197207172899,54.0,0.10795065928260948,-0.30740051122327183,0.1077338678064981,-0.3061056887575105,0.013829234949633331,0.1119477788865059
2013,49,388,663.3163926639071,4436.617662823868,516.32703292139,4436.776156702188,54.0,0.10795065928260948,-0.2711241142698679,0.1077338678064981,-0.2682669366023099,0.013829234949633331,0.09031237567624081
2014,57,388,688.226455777822,4457.521568699916,516.32703292139,4436.776156702188,54.0,0.10795065928260948,-0.29708800381475775,0.1077338678064981,-0.294047433941697,0.013829234949633331,0.10750249056054183
2015,69,388,685.3230867940251,4391.141433827922,516.32703292139,4436.776156702188,54.0,0.10795065928260948,-0.3045514372830691,0.1077338678064981,-0.29931047537045924,0.013829234949633331,0.11224797963676744
2016,30,388,625.9985091941669,4344.425799606012,516.32703292139,4436.776156702188,54.0,0.10795065928260948,-0.1311949124902605,0.1077338678064981,-0.12380326936986373,0.013829234949633331,0.06594678322015673
2017,34,388,645.8872104090177,4370.307858894735,516.32703292139,4436.776156702188,54.0,0.10795065928260948,-0.1592137497866826,0.1077338678064981,-0.15408931925448344,0.013829234949633331,0.07551680454659669
2018,33,388,633.1852302568241,4317.679688677003,516.32703292139,4436.776156702188,54.0,0.10795065928260948,-0.21664705497917577,0.1077338678064981,-0.2088568914057498,0.013829234949633331,0.0824669989109668
2019,59,388,687.7533482500393,4462.8415205037,516.32703292139,4436.776156702188,54.0,0.10795065928260948,-0.27940188029380547,0.1077338678064981,-0.2764942528922682,0.013829234949633331,0.10700834546234161
2020,68,388,607.5300941255965,4399.875364871049,516.32703292139,4436.776156702188,54.0,0.10795065928260948,-0.11383640238772022,0.1077338678064981,-0.11021047464511864,0.013829234949633331,0.053466129391238446
2021,32,388,334.71484028241383,4482.861045979598,516.32703292139,4436.776156702188,54.0,0.10795065928260948,-0.3390547556898818,0.1077338678064981,-0.3380803769820991,0.013829234949633331,0.1246215349085118
2022,56,388,677.3923123197425,4458.591690875839,516.32703292139,4436.776156702188,54.0,0.10795065928260948,-0.2634365327673621,0.1077338678064981,-0.2608666792487299,0.013829234949633331,0.09782216222449223
2023,67,388,614.1933123417826,4407.07660776138,516.32703292139,4436.776156702188,54.0,0.10795065928260948,-0.12805845037700814,0.1077338678064981,-0.1249322656083024,0.013829234949633331,0.05679177888481702
2024,23,388,492.6610906216525,4339.6404706179,516.32703292139,4436.776156702188,54.0,0.10795065928260948,-0.18762098174882783,0.1077338678064981,-0.18723098934111707,0.013829234949633331,0.05813725855312872
2025,16,388,513.1636048475955,4263.301540421994,516.32703292139,4436.776156702188,54.0,0.10795065928260948,-0.2570950986546557,0.1077338678064981,-0.25518567556039207,0.013829234949633331,0.09737306000539854
2026,49,389,663.3163926639071,4436.617662823868,536.1540880146566,4444.858609584984,54.0,0.10795065928260948,-0.24785547536878466,0.1077338678064981,-0.24555182503552306,0.013829234949633331,0.07948027324746794
2027,59,389,687.7533482500393,4462.8415205037,536.1540880146566,4444.858609584984,54.0,0.10795065928260948,-0.23873845586602357,0.1077338678064981,-0.23612712029254856,0.013829234949633331,0.0941065333826232
2028,57,389,688.226455777822,4457.521568699916,536.1540880146566,4444.858609584984,54.0,0.10795065928260948,-0.2496838035075724,0.1077338678064981,-0.2473334657041651,0.013829234949633331,0.09509566875789542
2029,34,389,645.8872104090177,4370.307858894735,536.1540880146566,4444.858609584984,54.0,0.10795065928260948,-0.16937448022434393,0.1077338678064981,-0.16703602596620376,0.013829234949633331,0.07361741272959618
2030,67,389,614.1933123417826,4407.07660776138,536.1540880146566,4444.858609584984,54.0,0.10795065928260948,-0.11894305058757002,0.1077338678064981,-0.11770600396593908,0.013829234949633331,0.04981291593740596
2031,32,389,334.71484028241383,4482.861045979598,536.1540880146566,4444.858609584984,54.0,0.10795065928260948,-0.36602790202625834,0.1077338678064981,-0.36300935466918577,0.013829234949633331,0.1366386507747553
2032,16,389,513.1636048475955,4263.301540421994,536.1540880146566,4444.858609584984,54.0,0.10795065928260948,-0.20566496213335198,0.1077338678064981,-0.19872578259422888,0.013829234949633331,0.09178818997558014
2033,68,389,607.5300941255965,4399.875364871049,536.1540880146566,4444.858609584984,54.0,0.10795065928260948,-0.10634233237468065,0.1077338678064981,-0.10454769118451306,0.013829234949633331,0.047435811794357345
2034,56,389,677.3923123197425,4458.591690875839,536.1540880146566,4444.858609584984,54.0,0.10795065928260948,-0.2201857862091744,0.1077338678064981,-0.2181063081957125,0.013829234949633331,0.08523680570135223
2035,33,389,633.1852302568241,4317.679688677003,536.1540880146566,4444.858609584984,54.0,0.10795065928260948,-0.20689139696224862,0.1077338678064981,-0.1990042176561741,0.013829234949633331,0.08104266061976605
2036,23,389,492.6610906216525,4339.6404706179,536.1540880146566,4444.858609584984,54.0,0.10795065928260948,-0.17795240003106214,0.1077338678064981,-0.17552246150885614,0.013829234949633331,0.06333224731866045
2037,67,390,614.1933123417826,4407.07660776138,546.9208165404689,4421.220011345582,54.0,0.10795065928260948,-0.08638449666457808,0.1077338678064981,-0.08409659583386249,0.013829234949633331,0.038025251383276754
2038,33,390,633.1852302568241,4317.679688677003,546.9208165404689,4421.220011345582,54.0,0.10795065928260948,-0.18147423895292109,0.1077338678064981,-0.1749233738729364,0.013829234949633331,0.06701400218131098
2039,16,390,519.0070440168354,4262.203633597157,546.9208165404689,4421.220011345582,54.0,0.10795065928260948,-0.15856327389227481,0.1077338678064981,-0.15232543881677493,0.013829234949633331,0.07621703257658725
2040,34,390,645.8872104090177,4370.307858894735,546.9208165404689,4421.220011345582,54.0,0.10795065928260948,-0.12267851111246914,0.1077338678064981,-0.1190447063119114,0.013829234949633331,0.05732006516274713
2041,68,390,607.5300941255965,4399.875364871049,546.9208165404689,4421.220011345582,54.0,0.10795065928260948,-0.07581654754151144,0.1077338678064981,-0.07349313290773754,0.013829234949633331,0.03534086786375833
2042,30,390,625.9985091941669,4344.425799606012,546.9208165404689,4421.220011345582,54.0,0.10795065928260948,-0.09939076099893003,0.1077338678064981,-0.0933321341753433,0.013829234949633331,0.049923835254018396
2043,23,390,499.9136158376406,4335.64194216077,546.9208165404689,4421.220011345582,54.0,0.10795065928260948,-0.11029950644218864,0.1077338678064981,-0.106795807137275,0.013829234949633331,0.04788664221141019
2044,26,391,492.46916862384336,4319.554466150916,577.856407148501,4399.683609216996,54.0,0.10795065928260948,-0.11533085066337714,0.1077338678064981,-0.10961682624503015,0.013829234949633331,0.05114746787616994
2045,59,391,687.7533482500393,4462.8415205037,577.856407148501,4399.683609216996,54.0,0.10795065928260948,-0.27099090140874654,0.1077338678064981,-0.26899547897383536,0.013829234949633331,0.08428073197012101
2046,67,391,614.1933123417826,4407.07660776138,577.856407148501,4399.683609216996,54.0,0.10795065928260948,-0.0642115962415031,0.1077338678064981,-0.06388095682392729,0.013829234949633331,0.023627779372237687
2047,57,391,688.226455777822,4457.521568699916,577.856407148501,4399.683609216996,54.0,0.10795065928260948,-0.2708803715359724,0.1077338678064981,-0.26880498445918427,0.013829234949633331,0.08369643429342626
2048,23,391,504.75274351062166,4332.980003603095,577.856407148501,4399.683609216996,54.0,0.10795065928260948,-0.0786276215450062,0.1077338678064981,-0.07292376056770243,0.013829234949633331,0.04038464537174527
2049,34,391,645.8872104090177,4370.307858894735,577.856407148501,4399.683609216996,54.0,0.10795065928260948,-0.08227932374058693,0.1077338678064981,-0.08009437125114399,0.013829234949633331,0.03680286879219058
2050,30,391,625.9985091941669,4344.425799606012,577.856407148501,4399.683609216996,54.0,0.10795065928260948,-0.07462228009193933,0.1077338678064981,-0.07107804191376145,0.013829234949633331,0.03350457263581853
2051,68,391,607.5300941255965,4399.875364871049,577.856407148501,4399.683609216996,54.0,0.10795065928260948,-0.020735573327387947,0.1077338678064981,-0.018578957462824796,0.013829234949633331,0.013123308893007946
2052,49,391,663.3163926639071,4436.617662823868,577.856407148501,4399.683609216996,54.0,0.10795065928260948,-0.19902737183841357,0.1077338678064981,-0.19752311832056754,0.013829234949633331,0.060626160453263925
2053,56,391,677.3923123197425,4458.591690875839,577.856407148501,4399.683609216996,54.0,0.10795065928260948,-0.24419396515738107,0.1077338678064981,-0.24265571631402816,0.013829234949633331,0.07405663411946581
2054,24,391,476.8845411410292,4318.364085281663,577.856407148501,4399.683609216996,54.0,0.10795065928260948,-0.16277604035713028,0.1077338678064981,-0.15742777530248675,0.013829234949633331,0.060290315938719516
2055,56,392,677.3923123197425,4458.591690875839,507.9742950230683,4385.009332545608,54.0,0.10795065928260948,-0.29620778333890546,0.1077338678064981,-0.2915280668571596,0.013829234949633331,0.10461289305065789
2056,68,392,607.5300941255965,4399.875364871049,507.9742950230683,4385.009332545608,54.0,0.10795065928260948,-0.06826109523760518,0.1077338678064981,-0.06320044580703371,0.013829234949633331,0.03947553108476192
2057,30,392,625.9985091941669,4344.425799606012,507.9742950230683,4385.009332545608,54.0,0.10795065928260948,-0.13609709874973142,0.1077338678064981,-0.13147003878340052,0.013829234949633331,0.058033120706618375
2058,23,392,492.6610906216525,4339.6404706179,507.9742950230683,4385.009332545608,54.0,0.10795065928260948,-0.10317390215169628,0.1077338678064981,-0.10297549436833464,0.013829234949633331,0.02790827327219666
2059,32,392,334.71484028241383,4482.861045979598,507.9742950230683,4385.009332545608,54.0,0.10795065928260948,-0.3565219700127256,0.1077338678064981,-0.35440296480954653,0.013829234949633331,0.1284295704778931
2060,69,392,685.3230867940251,4391.141433827922,507.9742950230683,4385.009332545608,54.0,0.10795065928260948,-0.21971568922736048,0.1077338678064981,-0.21295566193951257,0.013829234949633331,0.09360805435823905
2061,29,392,679.1344462972443,4226.875249913833,507.9742950230683,4385.009332545608,54.0,0.10795065928260948,-0.415241691561703,0.1077338678064981,-0.4118397007034009,0.013829234949633331,0.13944675052980024
2062,33,392,633.1852302568241,4317.679688677003,507.9742950230683,4385.009332545608,54.0,0.10795065928260948,-0.23555142710729945,0.1077338678064981,-0.23086034585060833,0.013829234949633331,0.0730777681325309
2063,57,392,688.226455777822,4457.521568699916,507.9742950230683,4385.009332545608,54.0,0.10795065928260948,-0.3252082361671059,0.1077338678064981,-0.3201360855765862,0.013829234949633331,0.11459489916480904
2064,24,392,476.8845411410292,4318.364085281663,507.9742950230683,4385.009332545608,54.0,0.10795065928260948,-0.18071215701847548,0.1077338678064981,-0.18066851918193408,0.013829234949633331,0.04450962791069808
2065,34,392,645.8872104090177,4370.307858894735,507.9742950230683,4385.009332545608,54.0,0.10795065928260948,-0.12657455519501726,0.1077338678064981,-0.12117380282644305,0.013829234949633331,0.06273318024852477
2066,49,392,663.3163926639071,4436.617662823868,507.9742950230683,4385.009332545608,54.0,0.10795065928260948,-0.25366954819127346,0.1077338678064981,-0.24945150970926444,0.013829234949633331,0.09133090366068539
2067,16,392,513.1636048475955,4263.301540421994,507.9742950230683,4385.009332545608,54.0,0.10795065928260948,-0.18383012236967022,0.1077338678064981,-0.18226591326285418,0.013829234949633331,0.0679219712005877
2068,67,392,614.1933123417826,4407.07660776138,507.9742950230683,4385.009332545608,54.0,0.10795065928260948,-0.10790896655226628,0.1077338678064981,-0.10426278800663163,0.013829234949633331,0.049643186492113835
2069,26,392,492.46916862384336,4319.554466150916,507.9742950230683,4385.009332545608,54.0,0.10795065928260948,-0.14285103622993484,0.1077338678064981,-0.14246190522909308,0.013829234949633331,0.039592652280836846
2070,30,393,625.9985091941669,4344.425799606012,495.4096026336581,4388.202891193944,54.0,0.10795065928260948,-0.15857255532856926,0.1077338678064981,-0.15398257138658808,0.013829234949633331,0.06534985163569298
2071,23,393,492.6610906216525,4339.6404706179,495.4096026336581,4388.202891193944,54.0,0.10795065928260948,-0.13203857053097764,0.1077338678064981,-0.13205963971139528,0.013829234949633331,0.030006496350905097
2072,29,393,679.1344462972443,4226.875249913833,495.4096026336581,4388.202891193944,54.0,0.10795065928260948,-0.4494375835697145,0.1077338678064981,-0.4463980030338639,0.013829234949633331,0.1466725926729596
2073,68,393,607.5300941255965,4399.875364871049,495.4096026336581,4388.202891193944,54.0,0.10795065928260948,-0.08909801453320289,0.1077338678064981,-0.08415585359532292,0.013829234949633331,0.046334092423325486
2074,24,393,476.8845411410292,4318.364085281663,495.4096026336581,4388.202891193944,54.0,0.10795065928260948,-0.1958422627473394,0.1077338678064981,-0.1958926871073297,0.013829234949633331,0.04494982978536193
2075,32,393,334.71484028241383,4482.861045979598,495.4096026336581,4388.202891193944,54.0,0.10795065928260948,-0.33530707353796685,0.1077338678064981,-0.33326540951531625,0.013829234949633331,0.12146178242026409
2076,69,393,685.3230867940251,4391.141433827922,495.4096026336581,4388.202891193944,54.0,0.10795065928260948,-0.24061152511660494,0.1077338678064981,-0.23392016586583525,0.013829234949633331,0.10064523141228138
2077,33,393,633.1852302568241,4317.679688677003,495.4096026336581,4388.202891193944,54.0,0.10795065928260948,-0.2601292750925331,0.1077338678064981,-0.25562383026750457,0.013829234949633331,0.08104134712933252
2078,57,393,688.226455777822,4457.521568699916,495.4096026336581,4388.202891193944,54.0,0.10795065928260948,-0.345163985205014,0.1077338678064981,-0.33970937199454393,0.013829234949633331,0.12152348706876237
2079,67,393,614.1933123417826,4407.07660776138,495.4096026336581,4388.202891193944,54.0,0.10795065928260948,-0.13480347365593964,0.1077338678064981,-0.13169535912210123,0.013829234949633331,0.058468836462980185
2080,34,393,645.8872104090177,4370.307858894735,495.4096026336581,4388.202891193944,54.0,0.10795065928260948,-0.14765324265676782,0.1077338678064981,-0.142388670987417,0.013829234949633331,0.06991405981627151
2081,16,393,513.1636048475955,4263.301540421994,495.4096026336581,4388.202891193944,54.0,0.10795065928260948,-0.22727886772574185,0.1077338678064981,-0.22601402890671166,0.013829234949633331,0.07245434924549504
2082,56,393,677.3923123197425,4458.591690875839,495.4096026336581,4388.202891193944,54.0,0.10795065928260948,-0.3187835606794098,0.1077338678064981,-0.3136594603141508,0.013829234949633331,0.1122179875910181
2083,67,394,614.1933123417826,4407.07660776138,551.2834782412536,4388.438780991228,54.0,0.10795065928260948,-0.0614513666151176,0.1077338678064981,-0.05805078680182048,0.013829234949633331,0.028610263124673158
2084,24,394,476.8845411410292,4318.364085281663,551.2834782412536,4388.438780991228,54.0,0.10795065928260948,-0.1605623657199052,0.1077338678064981,-0.15788566421796751,0.013829234949633331,0.05286510652679144
2085,30,394,625.9985091941669,4344.425799606012,551.2834782412536,4388.438780991228,54.0,0.10795065928260948,-0.08947092336126257,0.1077338678064981,-0.08559523528468395,0.013829234949633331,0.03997288552028339
2086,33,394,633.1852302568241,4317.679688677003,551.2834782412536,4388.438780991228,54.0,0.10795065928260948,-0.17519982416990787,0.1077338678064981,-0.17078934989743663,0.013829234949633331,0.055136401108967684
2087,16,394,519.0070440168354,4262.203633597157,551.2834782412536,4388.438780991228,54.0,0.10795065928260948,-0.1428367210862681,0.1077338678064981,-0.1386823835288594,0.013829234949633331,0.06314243483341642
2088,34,394,645.8872104090177,4370.307858894735,551.2834782412536,4388.438780991228,54.0,0.10795065928260948,-0.08797557060585104,0.1077338678064981,-0.08402620204263622,0.013829234949633331,0.04383614547236287
2089,68,394,607.5300941255965,4399.875364871049,551.2834782412536,4388.438780991228,54.0,0.10795065928260948,-0.03002195957083395,0.1077338678064981,-0.025946814903037237,0.013829234949633331,0.020696150501940794
2090,23,394,504.75274351062166,4332.980003603095,551.2834782412536,4388.438780991228,54.0,0.10795065928260948,-0.07379643040303996,0.1077338678064981,-0.07071741470499461,0.013829234949633331,0.03319058953839921
2091,24,395,476.8845411410292,4318.364085281663,558.281918566655,4368.377251679958,54.0,0.10795065928260948,-0.13960770756096288,0.1077338678064981,-0.13685131796581015,0.013829234949633331,0.048446477878147376
2092,16,395,519.0070440168354,4262.203633597157,558.281918566655,4368.377251679958,54.0,0.10795065928260948,-0.1386293295007347,0.1077338678064981,-0.13602579678190715,0.013829234949633331,0.05710591397755491
2093,67,395,614.1933123417826,4407.07660776138,558.281918566655,4368.377251679958,54.0,0.10795065928260948,-0.05268560690190756,0.1077338678064981,-0.04871355044274964,0.013829234949633331,0.027272138594363584
2094,26,395,492.46916862384336,4319.554466150916,558.281918566655,4368.377251679958,54.0,0.10795065928260948,-0.09740291771547897,0.1077338678064981,-0.0948963790452924,0.013829234949633331,0.03975667234699069
2095,68,395,607.5300941255965,4399.875364871049,558.281918566655,4368.377251679958,54.0,0.10795065928260948,-0.03178147242488291,0.1077338678064981,-0.02794947687130863,0.013829234949633331,0.021492042733690278
2096,23,395,504.75274351062166,4332.980003603095,558.281918566655,4368.377251679958,54.0,0.10795065928260948,-0.06242361653115236,0.1077338678064981,-0.05968339295174162,0.013829234949633331,0.029012737727558566
2097,30,395,625.9985091941669,4344.425799606012,558.281918566655,4368.377251679958,54.0,0.10795065928260948,-0.09432032843171674,0.1077338678064981,-0.09158893470422577,0.013829234949633331,0.03596357982778692
2098,56,396,677.3923123197425,4458.591690875839,500.0086033322366,4367.370280777083,54.0,0.10795065928260948,-0.3157205550319035,0.1077338678064981,-0.3107365210493484,0.013829234949633331,0.11045310797716856
2099,16,396,513.1636048475955,4263.301540421994,500.0086033322366,4367.370280777083,54.0,0.10795065928260948,-0.15925395923165273,0.1077338678064981,-0.15772295002159087,0.013829234949633331,0.05869023434836915
2100,67,396,614.1933123417826,4407.07660776138,500.0086033322366,4367.370280777083,54.0,0.10795065928260948,-0.11559388196020222,0.1077338678064981,-0.1102566703873267,0.013829234949633331,0.05286757102583987
2101,24,396,476.8845411410292,4318.364085281663,500.0086033322366,4367.370280777083,54.0,0.10795065928260948,-0.15232854305228544,0.1077338678064981,-0.15232192277128143,0.013829234949633331,0.03399033327761565
2102,23,396,492.6610906216525,4339.6404706179,500.0086033322366,4367.370280777083,54.0,0.10795065928260948,-0.082786312845737,0.1077338678064981,-0.08275146807420108,0.013829234949633331,0.01779360430993222
2103,68,396,607.5300941255965,4399.875364871049,500.0086033322366,4367.370280777083,54.0,0.10795065928260948,-0.08808513531119574,0.1077338678064981,-0.08235660281599556,0.013829234949633331,0.045588627443850345
2104,68,397,607.5300941255965,4399.875364871049,504.0759183332692,4354.886242555075,54.0,0.10795065928260948,-0.08381827025279945,0.1077338678064981,-0.07726480234273081,0.013829234949633331,0.045210877964770455
2105,69,397,685.3230867940251,4391.141433827922,504.0759183332692,4354.886242555075,54.0,0.10795065928260948,-0.2433745452280573,0.1077338678064981,-0.23685245996055318,0.013829234949633331,0.10206404081504826
2106,34,397,645.8872104090177,4370.307858894735,504.0759183332692,4354.886242555075,54.0,0.10795065928260948,-0.14564961985854946,0.1077338678064981,-0.14065687860840417,0.013829234949633331,0.06930122928070229
2107,26,397,492.46916862384336,4319.554466150916,504.0759183332692,4354.886242555075,54.0,0.10795065928260948,-0.08757467004303483,0.1077338678064981,-0.08732389125969581,0.013829234949633331,0.022678883516522176
2108,16,397,513.1636048475955,4263.301540421994,504.0759183332692,4354.886242555075,54.0,0.10795065928260948,-0.13879843526207755,0.1077338678064981,-0.1374574304386988,0.013829234949633331,0.051550464301241064
2109,35,397,583.2192292927565,4207.570440686977,504.0759183332692,4354.886242555075,54.0,0.10795065928260948,-0.3211751352782202,0.1077338678064981,-0.31810797948377734,0.013829234949633331,0.09829738316994932
2110,29,397,679.1344462972443,4226.875249913833,504.0759183332692,4354.886242555075,54.0,0.10795065928260948,-0.4448380992570148,0.1077338678064981,-0.4418499682508663,0.013829234949633331,0.13258321746090937
2111,24,397,476.8845411410292,4318.364085281663,504.0759183332692,4354.886242555075,54.0,0.10795065928260948,-0.11723360679290169,0.1077338678064981,-0.1170468308008223,0.013829234949633331,0.028237750695087903
2112,57,397,688.226455777822,4457.521568699916,504.0759183332692,4354.886242555075,54.0,0.10795065928260948,-0.3357950986644901,0.1077338678064981,-0.32850369365067,0.013829234949633331,0.11790333111781272
2113,44,397,472.0029937650396,4104.126300266757,504.0759183332692,4354.886242555075,54.0,0.10795065928260948,-0.23958162276495315,0.1077338678064981,-0.22977946463760884,0.013829234949633331,0.10779957006081398
2114,67,397,614.1933123417826,4407.07660776138,504.0759183332692,4354.886242555075,54.0,0.10795065928260948,-0.10812150441079696,0.1077338678064981,-0.10150700111700928,0.013829234949633331,0.0514809138376826
2115,23,397,494.90513919633446,4338.417963407157,504.0759183332692,4354.886242555075,54.0,0.10795065928260948,-0.0429978908582305,0.1077338678064981,-0.04276646468579426,0.013829234949633331,0.011145719214565246
2116,32,397,334.71484028241383,4482.861045979598,504.0759183332692,4354.886242555075,54.0,0.10795065928260948,-0.4054560555088042,0.1077338678064981,-0.4037404760197917,0.013829234949633331,0.14036327132953966
2117,56,397,677.3923123197425,4458.591690875839,504.0759183332692,4354.886242555075,54.0,0.10795065928260948,-0.3125558123529208,0.1077338678064981,-0.3063769672627568,0.013829234949633331,0.10906820656400565
2118,33,397,633.1852302568241,4317.679688677003,504.0759183332692,4354.886242555075,54.0,0.10795065928260948,-0.25154759629977486,0.1077338678064981,-0.24977563935410185,0.013829234949633331,0.07691579178459508
2119,30,397,625.9985091941669,4344.425799606012,504.0759183332692,4354.886242555075,54.0,0.10795065928260948,-0.21533549440523367,0.1077338678064981,-0.21147973280676094,0.013829234949633331,0.06479934692063889
2120,23,398,504.75274351062166,4332.980003603095,580.3012850433586,4369.728357564728,54.0,0.10795065928260948,-0.0736479547385383,0.1077338678064981,-0.07043731171245071,0.013829234949633331,0.03657269285632245
2121,49,398,663.3163926639071,4436.617662823868,580.3012850433586,4369.728357564728,54.0,0.10795065928260948,-0.1859975561668043,0.1077338678064981,-0.18255955172766333,0.013829234949633331,0.0625592228087812
2122,69,398,685.3230867940251,4391.141433827922,580.3012850433586,4369.728357564728,54.0,0.10795065928260948,-0.1801469487670876,0.1077338678064981,-0.17739154099039384,0.013829234949633331,0.06940526916968885
2123,68,398,607.5300941255965,4399.875364871049,580.3012850433586,4369.728357564728,54.0,0.10795065928260948,-0.029198009144016036,0.1077338678064981,-0.0269211745902905,0.013829234949633331,0.01765160556983432
2124,16,398,519.0070440168354,4262.203633597157,580.3012850433586,4369.728357564728,54.0,0.10795065928260948,-0.17635479924814848,0.1077338678064981,-0.17401282860619954,0.013829234949633331,0.06579375877526968
2125,26,398,492.46916862384336,4319.554466150916,580.3012850433586,4369.728357564728,54.0,0.10795065928260948,-0.1072667618603444,0.1077338678064981,-0.1044887537790869,0.013829234949633331,0.047101350894110716
2126,67,398,614.1933123417826,4407.07660776138,580.3012850433586,4369.728357564728,54.0,0.10795065928260948,-0.04838629564432117,0.1077338678064981,-0.04612797586235052,0.013829234949633331,0.023274652189697806
2127,24,398,476.8845411410292,4318.364085281663,580.3012850433586,4369.728357564728,54.0,0.10795065928260948,-0.14797341536482322,0.1077338678064981,-0.14497803917999505,0.013829234949633331,0.056037601980302415
2128,29,398,679.1344462972443,4226.875249913833,580.3012850433586,4369.728357564728,54.0,0.10795065928260948,-0.3362299205354906,0.1077338678064981,-0.331678333427318,0.013829234949633331,0.11046908054978419
2129,56,398,677.3923123197425,4458.591690875839,580.3012850433586,4369.728357564728,54.0,0.10795065928260948,-0.24376430413622358,0.1077338678064981,-0.23998964665613756,0.013829234949633331,0.07899534153810737
2130,30,398,625.9985091941669,4344.425799606012,580.3012850433586,4369.728357564728,54.0,0.10795065928260948,-0.0781072089363725,0.1077338678064981,-0.07651531987736696,0.013829234949633331,0.029496810834743006
2131,44,399,472.0029937650396,4104.126300266757,525.9842509759866,4353.885320843046,54.0,0.10795065928260948,-0.22658941344061298,0.1077338678064981,-0.21617039595591553,0.013829234949633331,0.10997269658134175
2132,67,399,614.1933123417826,4407.07660776138,525.9842509759866,4353.885320843046,54.0,0.10795065928260948,-0.07137425816340182,0.1077338678064981,-0.06489119191404864,0.013829234949633331,0.04013133538479793
2133,37,399,628.569594659982,4182.409690156388,525.9842509759866,4353.885320843046,54.0,0.10795065928260948,-0.4175617716419294,0.1077338678064981,-0.41542685029680165,0.013829234949633331,0.12050388289567919
2134,26,399,492.46916862384336,4319.554466150916,525.9842509759866,4353.885320843046,54.0,0.10795065928260948,-0.08552054548320291,0.1077338678064981,-0.08495671165674298,0.013829234949633331,0.027451013669554748
2135,16,399,513.1636048475955,4263.301540421994,525.9842509759866,4353.885320843046,54.0,0.10795065928260948,-0.13154108802746478,0.1077338678064981,-0.1300071508052119,0.013829234949633331,0.05031137703739879
2136,35,399,583.2192292927565,4207.570440686977,525.9842509759866,4353.885320843046,54.0,0.10795065928260948,-0.31017670077809467,0.1077338678064981,-0.30701513814453507,0.013829234949633331,0.08976354501762149
2137,23,399,504.75274351062166,4332.980003603095,525.9842509759866,4353.885320843046,54.0,0.10795065928260948,-0.04636144001403685,0.1077338678064981,-0.04577461262443376,0.013829234949633331,0.016277983725793532
2138,34,399,645.8872104090177,4370.307858894735,525.9842509759866,4353.885320843046,54.0,0.10795065928260948,-0.11197961590942482,0.1077338678064981,-0.10734953529308536,0.013829234949633331,0.05745119915140634
2139,30,399,625.9985091941669,4344.425799606012,525.9842509759866,4353.885320843046,54.0,0.10795065928260948,-0.17733232773434732,0.1077338678064981,-0.1735005706575836,0.013829234949633331,0.0517639173745262
2140,29,399,679.1344462972443,4226.875249913833,525.9842509759866,4353.885320843046,54.0,0.10795065928260948,-0.39231570278787253,0.1077338678064981,-0.3899926952422829,0.013829234949633331,0.12210185503398915
2141,24,399,476.8845411410292,4318.364085281663,525.9842509759866,4353.885320843046,54.0,0.10795065928260948,-0.1255782683366419,0.1077338678064981,-0.1250814032596353,0.013829234949633331,0.03565021880883178
2142,33,399,633.1852302568241,4317.679688677003,525.9842509759866,4353.885320843046,54.0,0.10795065928260948,-0.21708678896860367,0.1077338678064981,-0.21483935287221018,0.013829234949633331,0.064439886093482
2143,56,399,677.3923123197425,4458.591690875839,525.9842509759866,4353.885320843046,54.0,0.10795065928260948,-0.2705849792012603,0.1077338678064981,-0.26305782048301224,0.013829234949633331,0.09623325502921673
2144,68,399,607.5300941255965,4399.875364871049,525.9842509759866,4353.885320843046,54.0,0.10795065928260948,-0.049738700876838994,0.1077338678064981,-0.043492522955111294,0.013829234949633331,0.034227712332349315
2145,23,400,504.75274351062166,4332.980003603095,571.0156044926573,4347.517470595766,54.0,0.10795065928260948,-0.08303400430235586,0.1077338678064981,-0.08226623211585768,0.013829234949633331,0.03511653411032778
2146,35,400,583.2192292927565,4207.570440686977,571.0156044926573,4347.517470595766,54.0,0.10795065928260948,-0.3535604230862778,0.1077338678064981,-0.35259336708157657,0.013829234949633331,0.08702364138323483
2147,33,400,633.1852302568241,4317.679688677003,571.0156044926573,4347.517470595766,54.0,0.10795065928260948,-0.18485330431234062,0.1077338678064981,-0.18356320003503684,0.013829234949633331,0.04398858199421234
2148,37,400,628.569594659982,4182.409690156388,571.0156044926573,4347.517470595766,54.0,0.10795065928260948,-0.42342041378932743,0.1077338678064981,-0.42159612602151614,0.013829234949633331,0.11141357532657614
2149,16,400,519.0070440168354,4262.203633597157,571.0156044926573,4347.517470595766,54.0,0.10795065928260948,-0.16701373713598788,0.1077338678064981,-0.1657959454214762,0.013829234949633331,0.05654283404881665
2150,67,400,614.1933123417826,4407.07660776138,571.0156044926573,4347.517470595766,54.0,0.10795065928260948,-0.0670607307229073,0.1077338678064981,-0.06444335431088581,0.013829234949633331,0.033855390897734886
2151,68,400,607.5300941255965,4399.875364871049,571.0156044926573,4347.517470595766,54.0,0.10795065928260948,-0.04783037735662304,0.1077338678064981,-0.045140308315116714,0.013829234949633331,0.027873386707479277
2152,56,400,677.3923123197425,4458.591690875839,571.0156044926573,4347.517470595766,54.0,0.10795065928260948,-0.2657852966813879,0.1077338678064981,-0.261952094607346,0.013829234949633331,0.09142249388287504
2153,29,400,679.1344462972443,4226.875249913833,571.0156044926573,4347.517470595766,54.0,0.10795065928260948,-0.3444604045167883,0.1077338678064981,-0.3420852232255794,0.013829234949633331,0.10540648985280057
2154,30,400,625.9985091941669,4344.425799606012,571.0156044926573,4347.517470595766,54.0,0.10795065928260948,-0.1592507664765935,0.1077338678064981,-0.15817005714534166,0.013829234949633331,0.035831714796273464
2155,26,400,492.46916862384336,4319.554466150916,571.0156044926573,4347.517470595766,54.0,0.10795065928260948,-0.11306859789686162,0.1077338678064981,-0.11244048246772721,0.013829234949633331,0.04478881202647356
2156,24,400,476.8845411410292,4318.364085281663,571.0156044926573,4347.517470595766,54.0,0.10795065928260948,-0.1496627158075987,0.1077338678064981,-0.14933598124434166,0.013829234949633331,0.05411532336311696
2157,34,400,645.8872104090177,4370.307858894735,571.0156044926573,4347.517470595766,54.0,0.10795065928260948,-0.10313242092820887,0.1077338678064981,-0.10171353720641758,0.013829234949633331,0.04362271318559896
2158,44,400,472.0029937650396,4104.126300266757,571.0156044926573,4347.517470595766,54.0,0.10795065928260948,-0.34617264725540137,0.1077338678064981,-0.339657610144137,0.013829234949633331,0.13441652996833844
2159,56,401,677.3923123197425,4458.591690875839,501.0189302378661,4338.738198947732,54.0,0.10795065928260948,-0.3176049168636964,0.1077338678064981,-0.3096668416706225,0.013829234949633331,0.11250349669533731
2160,24,401,476.8845411410292,4318.364085281663,501.0189302378661,4338.738198947732,54.0,0.10795065928260948,-0.08417305107528866,0.1077338678064981,-0.08421927912001029,0.013829234949633331,0.020126754429741565
2161,16,401,513.1636048475955,4263.301540421994,501.0189302378661,4338.738198947732,54.0,0.10795065928260948,-0.1137041364102265,0.1077338678064981,-0.11262641687742919,0.013829234949633331,0.042898548501758255
2162,26,401,492.46916862384336,4319.554466150916,501.0189302378661,4338.738198947732,54.0,0.10795065928260948,-0.05606008493362601,0.1077338678064981,-0.056045810328706626,0.013829234949633331,0.013657493683008816
2163,35,401,583.2192292927565,4207.570440686977,501.0189302378661,4338.738198947732,54.0,0.10795065928260948,-0.29141570136903744,0.1077338678064981,-0.2890448360261342,0.013829234949633331,0.09184210890735993
2164,67,401,614.1933123417826,4407.07660776138,501.0189302378661,4338.738198947732,54.0,0.10795065928260948,-0.11694067261240067,0.1077338678064981,-0.1099416506635748,0.013829234949633331,0.05599911086081384
2165,29,401,679.1344462972443,4226.875249913833,501.0189302378661,4338.738198947732,54.0,0.10795065928260948,-0.45669239472299905,0.1077338678064981,-0.45323132177473585,0.013829234949633331,0.13119767262327028
2166,44,401,472.0029937650396,4104.126300266757,501.0189302378661,4338.738198947732,54.0,0.10795065928260948,-0.2213750366845536,0.1077338678064981,-0.21197077089221977,0.013829234949633331,0.09909658273267406
2167,34,401,645.8872104090177,4370.307858894735,501.0189302378661,4338.738198947732,54.0,0.10795065928260948,-0.1632949003437085,0.1077338678064981,-0.15978273563321738,0.013829234949633331,0.074561788570176
2168,68,401,607.5300941255965,4399.875364871049,501.0189302378661,4338.738198947732,54.0,0.10795065928260948,-0.09514452128107818,0.1077338678064981,-0.08839768878837326,0.013829234949633331,0.050018330376721244
2169,23,401,499.48170970641536,4335.863907503544,501.0189302378661,4338.738198947732,54.0,0.10795065928260948,-0.00672449514048681,0.1077338678064981,-0.006674906046524426,0.013829234949633331,0.0019201068096912847
2170,32,401,334.71484028241383,4482.861045979598,501.0189302378661,4338.738198947732,54.0,0.10795065928260948,-0.43518450016785054,0.1077338678064981,-0.43322828909767624,0.013829234949633331,0.14626270927426716
2171,30,401,625.9985091941669,4344.425799606012,501.0189302378661,4338.738198947732,54.0,0.10795065928260948,-0.2367039703383056,0.1077338678064981,-0.23486840115757573,0.013829234949633331,0.0703770261421613
2172,33,401,633.1852302568241,4317.679688677003,501.0189302378661,4338.738198947732,54.0,0.10795065928260948,-0.2569104228211619,0.1077338678064981,-0.2554807342443262,0.013829234949633331,0.07771899875092216
2173,37,401,628.569594659982,4182.409690156388,501.0189302378661,4338.738198947732,54.0,0.10795065928260948,-0.4037248127171367,0.1077338678064981,-0.40137394760403194,0.013829234949633331,0.12356855408703916
2174,23,402,488.22501126970025,4317.7841200222265,488.2077283117417,4317.806340175813,54.0,0.10795065928260948,-0.0016050171102437443,0.1077338678064981,-0.0016226184590505503,0.013829234949633331,0.00044409198623916274
2175,24,402,476.8845411410292,4318.364085281663,488.2077283117417,4317.806340175813,54.0,0.10795065928260948,-0.03064637916965104,0.1077338678064981,-0.030982461324780677,0.013829234949633331,0.008479542871927386
2176,16,402,513.1636048475955,4263.301540421994,488.2077283117417,4317.806340175813,54.0,0.10795065928260948,-0.10278196975379492,0.1077338678064981,-0.10251353022694552,0.013829234949633331,0.034561616494583024
2177,56,403,677.3923123197425,4458.591690875839,500.112618383455,4313.336489856109,54.0,0.10795065928260948,-0.3340789050496903,0.1077338678064981,-0.32664870809574453,0.013829234949633331,0.12135996999396527
2178,34,403,645.8872104090177,4370.307858894735,500.112618383455,4313.336489856109,54.0,0.10795065928260948,-0.23276913486128875,0.1077338678064981,-0.23085469919947504,0.013829234949633331,0.08777113711815496
2179,29,403,679.1344462972443,4226.875249913833,500.112618383455,4313.336489856109,54.0,0.10795065928260948,-0.4397823979931099,0.1077338678064981,-0.4377361418712587,0.013829234949633331,0.12743366973385561
2180,23,403,495.32358447372434,4316.001172783029,500.112618383455,4313.336489856109,54.0,0.10795065928260948,-0.012571353887323493,0.1077338678064981,-0.012705530768191671,0.013829234949633331,0.0034975385695094137
2181,30,403,625.9985091941669,4344.425799606012,500.112618383455,4313.336489856109,54.0,0.10795065928260948,-0.26223318062428613,0.1077338678064981,-0.26007695578633694,0.013829234949633331,0.07646333077709055
2182,67,403,614.1933123417826,4407.07660776138,500.112618383455,4313.336489856109,54.0,0.10795065928260948,-0.1363308397880011,0.1077338678064981,-0.13058357329052564,0.013829234949633331,0.06514401285634398
2183,24,403,476.8845411410292,4318.364085281663,500.112618383455,4313.336489856109,54.0,0.10795065928260948,-0.056746230723620054,0.1077338678064981,-0.057365123692740785,0.013829234949633331,0.015718853363464666
2184,35,403,583.2192292927565,4207.570440686977,500.112618383455,4313.336489856109,54.0,0.10795065928260948,-0.23665856376482003,0.1077338678064981,-0.23454560556930074,0.013829234949633331,0.07907194061353591
2185,43,403,630.0947010611478,4141.259609929846,500.112618383455,4313.336489856109,54.0,0.10795065928260948,-0.3768728867741012,0.1077338678064981,-0.3737330766327712,0.013829234949633331,0.13212194542324127
2186,44,403,472.0029937650396,4104.126300266757,500.112618383455,4313.336489856109,54.0,0.10795065928260948,-0.1653964126609947,0.1077338678064981,-0.15584248562846503,0.013829234949633331,0.08387783268604014
2187,68,403,607.5300941255965,4399.875364871049,500.112618383455,4313.336489856109,54.0,0.10795065928260948,-0.11715839963471798,0.1077338678064981,-0.11170532460581539,0.013829234949633331,0.059484506305856326
2188,26,403,492.46916862384336,4319.554466150916,500.112618383455,4313.336489856109,54.0,0.10795065928260948,-0.02770485898962289,0.1077338678064981,-0.028003606065925835,0.013829234949633331,0.007692059228578512
2189,37,403,628.569594659982,4182.409690156388,500.112618383455,4313.336489856109,54.0,0.10795065928260948,-0.343377179614519,0.1077338678064981,-0.3407332319077744,0.013829234949633331,0.1113260277787118
2190,33,403,633.1852302568241,4317.679688677003,500.112618383455,4313.336489856109,54.0,0.10795065928260948,-0.31578002052150755,0.1077338678064981,-0.31402402137781726,0.013829234949633331,0.08245084348937633
2191,24,404,476.8845411410292,4318.364085281663,546.047037488337,4320.318029487556,54.0,0.10795065928260948,-0.12759335064422636,0.1077338678064981,-0.12728107397487853,0.013829234949633331,0.04171824408571612
2192,23,404,504.75274351062166,4332.980003603095,546.047037488337,4320.318029487556,54.0,0.10795065928260948,-0.06446133834491531,0.1077338678064981,-0.0635448938362739,0.013829234949633331,0.023534960069869465
2193,16,404,519.0070440168354,4262.203633597157,546.047037488337,4320.318029487556,54.0,0.10795065928260948,-0.10168521885256612,0.1077338678064981,-0.10063928491474376,0.013829234949633331,0.0362260815093618
2194,56,404,677.3923123197425,4458.591690875839,546.047037488337,4320.318029487556,54.0,0.10795065928260948,-0.3170111915259912,0.1077338678064981,-0.31291718043535044,0.013829234949633331,0.11221899122053539
2195,49,404,663.3163926639071,4436.617662823868,546.047037488337,4320.318029487556,54.0,0.10795065928260948,-0.26072474356403597,0.1077338678064981,-0.2571609200879415,0.013829234949633331,0.09533439155132092
2196,30,404,625.9985091941669,4344.425799606012,546.047037488337,4320.318029487556,54.0,0.10795065928260948,-0.21074023986766244,0.1077338678064981,-0.20926488726387243,0.013829234949633331,0.050859615676406775
2197,26,404,492.46916862384336,4319.554466150916,546.047037488337,4320.318029487556,54.0,0.10795065928260948,-0.09197757930016696,0.1077338678064981,-0.0912692938020816,0.013829234949633331,0.03188407149209591
2198,29,404,679.1344462972443,4226.875249913833,546.047037488337,4320.318029487556,54.0,0.10795065928260948,-0.37663328104781263,0.1077338678064981,-0.3742823983778457,0.013829234949633331,0.10466939644988775
2199,67,404,614.1933123417826,4407.07660776138,546.047037488337,4320.318029487556,54.0,0.10795065928260948,-0.11197507733814185,0.1077338678064981,-0.10872895557905626,0.013829234949633331,0.05272953018758699
2200,68,404,607.5300941255965,4399.875364871049,546.047037488337,4320.318029487556,54.0,0.10795065928260948,-0.09252995016200125,0.1077338678064981,-0.08926005151474348,0.013829234949633331,0.046592901209765065
2201,44,404,472.0029937650396,4104.126300266757,546.047037488337,4320.318029487556,54.0,0.10795065928260948,-0.23761206297525406,0.1077338678064981,-0.22993516122886803,0.013829234949633331,0.10840105818836236
2202,43,404,630.0947010611478,4141.259609929846,546.047037488337,4320.318029487556,54.0,0.10795065928260948,-0.44124872370471085,0.1077338678064981,-0.4384737884565771,0.013829234949633331,0.1263179262718416
2203,2,405,-517.6817734392575,3585.1734601257845,-507.2972229471795,3600.671376046247,54.0,0.10795065928260948,-0.03692924154217389,0.1077338678064981,-0.03622436224207227,0.013829234949633331,0.015511270203636116
2204,0,406,-380.9703063248096,3564.41350880075,-499.9524784687832,3578.403458104436,54.0,0.10795065928260948,-0.24551237195969622,0.1077338678064981,-0.23949237771054713,0.013829234949633331,0.10144507845425102
2205,0,407,-380.9703063248096,3564.41350880075,-451.4328774109917,3539.606050872365,54.0,0.10795065928260948,-0.1519528275315351,0.1077338678064981,-0.1487719930039818,0.013829234949633331,0.06366492652066502
2206,2,407,-519.9068173174111,3577.3860138103414,-451.4328774109917,3539.606050872365,54.0,0.10795065928260948,-0.17377274131321685,0.1077338678064981,-0.17183089214621033,0.013829234949633331,0.0697930352514337
2207,0,408,-380.9703063248096,3564.41350880075,-517.5789695601553,3525.510166099442,54.0,0.10795065928260948,-0.30766324748850865,0.1077338678064981,-0.3029241102159643,0.013829234949633331,0.12462339777017092
2208,2,408,-519.9068173174111,3577.3860138103414,-517.5789695601553,3525.510166099442,54.0,0.10795065928260948,-0.12236587994954132,0.1077338678064981,-0.12027988825718589,0.013829234949633331,0.049195403954471084
2209,1,409,-521.8490863607117,3587.7366019941664,-521.1800805309396,3510.2303992648426,54.0,0.10795065928260948,-0.17962176528260912,0.1077338678064981,-0.17612638129048735,0.013829234949633331,0.07380127415624013
2210,2,409,-519.9068173174111,3577.3860138103414,-521.1800805309396,3510.2303992648426,54.0,0.10795065928260948,-0.15816296280630324,0.1077338678064981,-0.1550758478316824,0.013829234949633331,0.0648170335813281
2211,2,410,-519.9068173174111,3577.3860138103414,-449.2628013025546,3503.742664831391,54.0,0.10795065928260948,-0.23028707011522087,0.1077338678064981,-0.22562846185823493,0.013829234949633331,0.09276369759521025
2212,0,410,-380.9703063248096,3564.41350880075,-449.2628013025546,3503.742664831391,54.0,0.10795065928260948,-0.18177801981585542,0.1077338678064981,-0.1767819416083416,0.013829234949633331,0.08152668218660906
2213,0,411,-380.9703063248096,3564.41350880075,-485.042933661256,3485.47979782113,54.0,0.10795065928260948,-0.26777779511499344,0.1077338678064981,-0.25995942556817636,0.013829234949633331,0.11951876021772118
2214,2,411,-519.9068173174111,3577.3860138103414,-485.042933661256,3485.47979782113,54.0,0.10795065928260948,-0.2292795056782142,0.1077338678064981,-0.2233948764331696,0.013829234949633331,0.09496174022276044
2215,2,412,-519.9068173174111,3577.3860138103414,-573.8953694348969,3556.3836779114804,54.0,0.10795065928260948,-0.13015490978664668,0.1077338678064981,-0.1284371931688704,0.013829234949633331,0.058017092708023146
2216,1,412,-521.8490863607117,3587.7366019941664,-573.8953694348969,3556.3836779114804,54.0,0.10795065928260948,-0.1341992335140284,0.1077338678064981,-0.13200096055067,0.013829234949633331,0.061006412777402215
2217,15,413,-219.46475068668764,3910.916163982088,-114.50920843118116,3834.9194074143743,54.0,0.10795065928260948,-0.11361837932599868,0.1077338678064981,-0.10816941414222457,0.013829234949633331,0.06049924784488522
2218,14,413,-191.2861040228232,3920.912450661129,-114.50920843118116,3834.9194074143743,54.0,0.10795065928260948,-0.07305713898239886,0.1077338678064981,-0.06584426016489418,0.013829234949633331,0.04865227657443315
2219,50,413,-32.87294301735424,3776.17863145535,-114.50920843118116,3834.9194074143743,54.0,0.10795065928260948,-0.08247531897458293,0.1077338678064981,-0.07588543784248958,0.013829234949633331,0.05013405765598858
2220,14,414,-191.8510249122208,3920.732064928668,-164.43942656566844,3815.0857932853287,54.0,0.10795065928260948,-0.09317762809679585,0.1077338678064981,-0.08781502747107964,0.013829234949633331,0.05350919112390192
2221,15,414,-219.46475068668764,3910.916163982088,-164.43942656566844,3815.0857932853287,54.0,0.10795065928260948,-0.14223510258648542,0.1077338678064981,-0.138588044886997,0.013829234949633331,0.06391744571180229
2222,50,415,-32.87294301735424,3776.17863145535,-140.92825652262695,3822.7016028764,54.0,0.10795065928260948,-0.09629710830095195,0.1077338678064981,-0.08876261221176446,0.013829234949633331,0.05804385731512447
2223,14,415,-191.2861040228232,3920.912450661129,-140.92825652262695,3822.7016028764,54.0,0.10795065928260948,-0.07694363623404184,0.1077338678064981,-0.07090664989729865,0.013829234949633331,0.04842012286056836
2224,50,416,-32.87294301735424,3776.17863145535,-127.99374614651722,3810.908692759558,54.0,0.10795065928260948,-0.08704391626715956,0.1077338678064981,-0.08096031634201499,0.013829234949633331,0.051066417978968125
2225,14,416,-191.2861040228232,3920.912450661129,-127.99374614651722,3810.908692759558,54.0,0.10795065928260948,-0.08604850374067827,0.1077338678064981,-0.0789478013639562,0.013829234949633331,0.05514801766729843
2226,14,417,-191.8510249122208,3920.732064928668,-152.77957078688812,3803.088929575855,54.0,0.10795065928260948,-0.0987084166973054,0.1077338678064981,-0.09209173928831342,0.013829234949633331,0.05905752685794283
2227,50,417,-32.87294301735424,3776.17863145535,-152.77957078688812,3803.088929575855,54.0,0.10795065928260948,-0.10646105140962386,0.1077338678064981,-0.09921794081388105,0.013829234949633331,0.06283395087668295
2228,15,418,-219.46475068668764,3910.916163982088,-150.0499459232575,3808.954736715893,54.0,0.10795065928260948,-0.1426519161702083,0.1077338678064981,-0.13815935986954428,0.013829234949633331,0.0675204932737257
2229,50,418,-32.87294301735424,3776.17863145535,-150.0499459232575,3808.954736715893,54.0,0.10795065928260948,-0.10216931975500575,0.1077338678064981,-0.09478758648577762,0.013829234949633331,0.06089787672231678
2230,14,418,-191.8510249122208,3920.732064928668,-150.0499459232575,3808.954736715893,54.0,0.10795065928260948,-0.09187743272876868,0.1077338678064981,-0.08539163770960842,0.013829234949633331,0.0556988735336318
2231,18,419,55.99463969610678,3684.4657106501672,-117.20662596065166,3807.599273888803,54.0,0.10795065928260948,-0.31816394589117886,0.1077338678064981,-0.3097024570489793,0.013829234949633331,0.13805831660899673
2232,50,419,-32.87294301735424,3776.17863145535,-117.20662596065166,3807.599273888803,54.0,0.10795065928260948,-0.07913104034665235,0.1077338678064981,-0.0738292074621017,0.013829234949633331,0.04594716808246146
2233,50,420,-32.87294301735424,3776.17863145535,-113.68434153160244,3833.1341984416354,54.0,0.10795065928260948,-0.0814742088334917,0.1077338678064981,-0.0750083116586528,0.013829234949633331,0.04936194230562433
2234,2,421,-517.6817734392575,3585.1734601257845,-465.54115273020966,3701.012924955217,54.0,0.10795065928260948,-0.21389223486692277,0.1077338678064981,-0.20852952285097778,0.013829234949633331,0.09660367528326944
2235,0,422,-370.9184736815143,3578.821080117009,-459.2972544242527,3675.036452891449,54.0,0.10795065928260948,-0.2581336214798804,0.1077338678064981,-0.2547977319938518,0.013829234949633331,0.10759991078910325
2236,2,422,-517.6817734392575,3585.1734601257845,-459.2972544242527,3675.036452891449,54.0,0.10795065928260948,-0.18725474951650878,0.1077338678064981,-0.18240018667757116,0.013829234949633331,0.08182149736813434
2237,1,423,-521.8490863607117,3587.7366019941664,-489.2630394051725,3629.7069603146624,54.0,0.10795065928260948,-0.09815078666527279,0.1077338678064981,-0.09619859984373959,0.013829234949633331,0.04211525429192286
2238,0,423,-380.9703063248096,3564.41350880075,-489.2630394051725,3629.7069603146624,54.0,0.10795065928260948,-0.25462103727233804,0.1077338678064981,-0.2515719455407129,0.013829234949633331,0.10296722363880831
2239,2,423,-517.6817734392575,3585.1734601257845,-489.2630394051725,3629.7069603146624,54.0,0.10795065928260948,-0.09737932595767129,0.1077338678064981,-0.095488690410595,0.013829234949633331,0.04149782199738477
2240,1,424,-521.8490863607117,3587.7366019941664,-500.9029123182427,3614.0747562686,54.0,0.10795065928260948,-0.0641860330323693,0.1077338678064981,-0.06289822888072359,0.013829234949633331,0.027748814769091558
2241,2,424,-517.6817734392575,3585.1734601257845,-500.9029123182427,3614.0747562686,54.0,0.10795065928260948,-0.06244006635571256,0.1077338678064981,-0.06119351712079124,0.013829234949633331,0.02691563522950191
2242,0,424,-380.9703063248096,3564.41350880075,-500.9029123182427,3614.0747562686,54.0,0.10795065928260948,-0.2616723350644553,0.1077338678064981,-0.25809827291955434,0.013829234949633331,0.10579015547650046
2243,0,425,-380.9703063248096,3564.41350880075,-465.8928410452483,3608.448596328204,54.0,0.10795065928260948,-0.19813535905275279,0.1077338678064981,-0.19606501886526714,0.013829234949633331,0.079463332974779
2244,2,426,-517.6817734392575,3585.1734601257845,-500.4398061409101,3634.1145749910206,54.0,0.10795065928260948,-0.09369857989893773,0.1077338678064981,-0.09167478328876533,0.013829234949633331,0.04100704760931014
2245,1,426,-521.8490863607117,3587.7366019941664,-500.4398061409101,3634.1145749910206,54.0,0.10795065928260948,-0.0928215913739544,0.1077338678064981,-0.09080202605778825,0.013829234949633331,0.04072898889100714
2246,2,427,-517.6817734392575,3585.1734601257845,-520.4786475198113,3632.693087605314,54.0,0.10795065928260948,-0.08613252427429767,0.1077338678064981,-0.0842873807450615,0.013829234949633331,0.03766369635709803
2247,1,427,-521.8490863607117,3587.7366019941664,-520.4786475198113,3632.693087605314,54.0,0.10795065928260948,-0.08217328886760629,0.1077338678064981,-0.0804004667004113,0.013829234949633331,0.03602688523343222
2248,2,428,-517.6817734392575,3585.1734601257845,-537.0544473499934,3615.307734486455,54.0,0.10795065928260948,-0.07116469855859088,0.1077338678064981,-0.06981487899632272,0.013829234949633331,0.03145108123281154
2249,1,428,-521.8490863607117,3587.7366019941664,-537.0544473499934,3615.307734486455,54.0,0.10795065928260948,-0.0649737234884386,0.1077338678064981,-0.06373633184263518,0.013829234949633331,0.028951566285700645
2250,20,429,-493.1142633148681,3773.7889738968342,-463.572090848466,3711.004366750517,54.0,0.10795065928260948,-0.11226614546958547,0.1077338678064981,-0.10913008381019616,0.013829234949633331,0.050244071079916804
2251,20,430,-491.6557639897821,3775.103401039669,-428.8814616877872,3709.096178212622,54.0,0.10795065928260948,-0.1461892828052689,0.1077338678064981,-0.14267714034556658,0.013829234949633331,0.06751885276292205
2252,20,431,-493.1142633148681,3773.7889738968342,-452.08297454444494,3697.423498379207,54.0,0.10795065928260948,-0.13775527366214924,0.1077338678064981,-0.13356912647961128,0.013829234949633331,0.06305458294486527
2253,20,432,-493.1142633148681,3773.7889738968342,-434.7429570153381,3690.4541749506434,54.0,0.10795065928260948,-0.1612146493258822,0.1077338678064981,-0.15664113061708032,0.013829234949633331,0.07509119406493861
2254,20,433,-493.1142633148681,3773.7889738968342,-415.8200064632521,3689.100170895516,54.0,0.10795065928260948,-0.18520872929527687,0.1077338678064981,-0.18016131417096565,0.013829234949633331,0.08570676676770768
2255,20,434,-493.1142633148681,3773.7889738968342,-481.8116660349994,3658.097650487473,54.0,0.10795065928260948,-0.19084011080620866,0.1077338678064981,-0.1868851393952079,0.013829234949633331,0.0847357732456882
2256,20,435,-493.1142633148681,3773.7889738968342,-437.4564705482827,3656.797051854789,54.0,0.10795065928260948,-0.21023360832087395,0.1077338678064981,-0.20436426499862534,0.013829234949633331,0.09582607764855333
2257,20,436,-493.1142633148681,3773.7889738968342,-450.5410575375657,3640.030741604634,54.0,0.10795065928260948,-0.2294668577263971,0.1077338678064981,-0.22295023350183057,0.013829234949633331,0.10326499826312853
2258,20,437,-493.1142633148681,3773.7889738968342,-463.3957004431066,3657.5357537243694,54.0,0.10795065928260948,-0.19600769681630048,0.1077338678064981,-0.19096783902355183,0.013829234949633331,0.08752444012692255
2259,20,438,-493.1142633148681,3773.7889738968342,-455.237107941275,3675.012391017058,54.0,0.10795065928260948,-0.169225073041745,0.1077338678064981,-0.16398990097482988,0.013829234949633331,0.07682201788135055
2260,20,439,-493.1142633148681,3773.7889738968342,-477.5301049296806,3698.6923434687433,54.0,0.10795065928260948,-0.1275664958322515,0.1077338678064981,-0.12502198368763467,0.013829234949633331,0.05544337261446182
2261,12,440,339.7794838460253,3807.442051326752,377.93510059593416,3904.1107934632814,54.0,0.10795065928260948,-0.27664162912918056,0.1077338678064981,-0.2747337543435258,0.013829234949633331,0.08278043531205613
2262,25,440,275.18212912654,3848.067080065535,377.93510059593416,3904.1107934632814,54.0,0.10795065928260948,-0.2797189441524191,0.1077338678064981,-0.27755858059202343,0.013829234949633331,0.08105318063084782
2263,5,440,328.01618259779593,3866.898866582476,377.93510059593416,3904.1107934632814,54.0,0.10795065928260948,-0.15553702861716903,0.1077338678064981,-0.15516827711101988,0.013829234949633331,0.04729141974644862
2264,38,440,292.2609771757026,3909.816818957042,377.93510059593416,3904.1107934632814,54.0,0.10795065928260948,-0.1704700039451787,0.1077338678064981,-0.16915996529103705,0.013829234949633331,0.05818818565321375
2265,44,440,482.2902751987267,4093.226876078621,377.93510059593416,3904.1107934632814,54.0,0.10795065928260948,-0.43008034928299205,0.1077338678064981,-0.428453845351309,0.013829234949633331,0.1398186876059538
2266,38,441,292.2609771757026,3909.816818957042,374.4537251326261,3889.892677250085,54.0,0.10795065928260948,-0.17227669162863246,0.1077338678064981,-0.1712772685023683,0.013829234949633331,0.057850623627352424
2267,44,441,482.2902751987267,4093.226876078621,374.4537251326261,3889.892677250085,54.0,0.10795065928260948,-0.4624322521387556,0.1077338678064981,-0.46068639854077464,0.013829234949633331,0.1508113693181767
2268,25,441,277.62248955885883,3842.902145930757,374.4537251326261,3889.892677250085,54.0,0.10795065928260948,-0.2630767080227047,0.1077338678064981,-0.26193800250344934,0.013829234949633331,0.07695423867921085
2269,13,441,350.3727630331359,3756.461999998863,374.4537251326261,3889.892677250085,54.0,0.10795065928260948,-0.3622060602836189,0.1077338678064981,-0.358772211956158,0.013829234949633331,0.11703854831482176
2270,53,441,275.4374088407163,3843.51011953928,374.4537251326261,3889.892677250085,54.0,0.10795065928260948,-0.26979887496659705,0.1077338678064981,-0.26850255554814517,0.013829234949633331,0.07872767734595779
2271,5,442,328.01618259779593,3866.898866582476,367.3905705640541,3924.417227622252,54.0,0.10795065928260948,-0.17060973609848248,0.1077338678064981,-0.16947636877001065,0.013829234949633331,0.05168672181878902
2272,12,442,339.7794838460253,3807.442051326752,367.3905705640541,3924.417227622252,54.0,0.10795065928260948,-0.3141335412793596,0.1077338678064981,-0.3116601194484831,0.013829234949633331,0.09360055188110135
2273,44,442,482.2902751987267,4093.226876078621,367.3905705640541,3924.417227622252,54.0,0.10795065928260948,-0.42108107551749985,0.1077338678064981,-0.42028801088783063,0.013829234949633331,0.12966722753574467
2274,41,442,461.8106926932424,4070.996636995212,367.3905705640541,3924.417227622252,54.0,0.10795065928260948,-0.35473737996815585,0.1077338678064981,-0.35419197924407897,0.013829234949633331,0.1116701853779987
2275,53,442,275.4374088407163,3843.51011953928,367.3905705640541,3924.417227622252,54.0,0.10795065928260948,-0.28305915134609916,0.1077338678064981,-0.2810341312653815,0.013829234949633331,0.08423430814168734
2276,38,442,292.2609771757026,3909.816818957042,367.3905705640541,3924.417227622252,54.0,0.10795065928260948,-0.14768833753313723,0.1077338678064981,-0.1464761637459347,0.013829234949633331,0.05114781550698472
2277,25,442,275.18212912654,3848.067080065535,367.3905705640541,3924.417227622252,54.0,0.10795065928260948,-0.27252771895719896,0.1077338678064981,-0.27058526608971684,0.013829234949633331,0.08057429074824866
2278,38,443,292.2609771757026,3909.816818957042,332.8834058794852,3942.859446384328,54.0,0.10795065928260948,-0.07894118984737095,0.1077338678064981,-0.0784809155867077,0.013829234949633331,0.0314502185959024
2279,44,443,471.64114524517873,4102.241589239218,332.8834058794852,3942.859446384328,54.0,0.10795065928260948,-0.46515298694531143,0.1077338678064981,-0.46258684342894746,0.013829234949633331,0.12301994059945578
2280,53,443,275.4374088407163,3843.51011953928,332.8834058794852,3942.859446384328,54.0,0.10795065928260948,-0.2261563947372605,0.1077338678064981,-0.22440875813003563,0.013829234949633331,0.071448916826711
2281,25,443,275.18212912654,3848.067080065535,332.8834058794852,3942.859446384328,54.0,0.10795065928260948,-0.2148567547203429,0.1077338678064981,-0.21305253767597862,0.013829234949633331,0.06768510902872982
2282,66,444,493.8518825171933,3956.000689079267,330.5428326799933,3946.044034599065,54.0,0.10795065928260948,-0.35011852522579756,0.1077338678064981,-0.3486329394933152,0.013829234949633331,0.11301705297718999
2283,41,444,461.8106926932424,4070.996636995212,330.5428326799933,3946.044034599065,54.0,0.10795065928260948,-0.40097137622132933,0.1077338678064981,-0.39960707195301354,0.013829234949633331,0.11021528282679044
2284,39,444,491.6009153175041,3965.873607703836,330.5428326799933,3946.044034599065,54.0,0.10795065928260948,-0.359192464890005,0.1077338678064981,-0.3572299478414544,0.013829234949633331,0.1093427176141665
2285,63,444,316.49031405012005,3929.154743051912,330.5428326799933,3946.044034599065,54.0,0.10795065928260948,-0.04207854224701188,0.1077338678064981,-0.04173018200816389,0.013829234949633331,0.016692040368803722
2286,38,444,292.2609771757026,3909.816818957042,330.5428326799933,3946.044034599065,54.0,0.10795065928260948,-0.07566026580826611,0.1077338678064981,-0.07515284548437212,0.013829234949633331,0.031293576436166134
2287,25,444,275.18212912654,3848.067080065535,330.5428326799933,3946.044034599065,54.0,0.10795065928260948,-0.21077411404750232,0.1077338678064981,-0.20870051634270884,0.013829234949633331,0.06797920162158753
2288,19,444,309.4846467710166,4112.556925703692,330.5428326799933,3946.044034599065,54.0,0.10795065928260948,-0.3983774210229864,0.1077338678064981,-0.39703959215846946,0.013829234949633331,0.10526939614571344
2289,53,444,275.4374088407163,3843.51011953928,330.5428326799933,3946.044034599065,54.0,0.10795065928260948,-0.22195114388553328,0.1077338678064981,-0.21992283932905243,0.013829234949633331,0.07174699018554798
2290,44,444,470.9318574712719,4102.798680980681,330.5428326799933,3946.044034599065,54.0,0.10795065928260948,-0.46524787163505155,0.1077338678064981,-0.4630642917734744,0.013829234949633331,0.12198256399614221
2291,63,445,316.49031405012005,3929.154743051912,322.3749110256175,3921.0794967894303,54.0,0.10795065928260948,-0.026716006545568338,0.1077338678064981,-0.02631366666828356,0.013829234949633331,0.011807170901039707
2292,53,445,275.4374088407163,3843.51011953928,322.3749110256175,3921.0794967894303,54.0,0.10795065928260948,-0.1846329648985968,0.1077338678064981,-0.18310640902840378,0.013829234949633331,0.05709767061467699
2293,25,445,275.18212912654,3848.067080065535,322.3749110256175,3921.0794967894303,54.0,0.10795065928260948,-0.17363711702998452,0.1077338678064981,-0.17209699679834947,0.013829234949633331,0.053240263569487134
2294,38,445,292.2609771757026,3909.816818957042,322.3749110256175,3921.0794967894303,54.0,0.10795065928260948,-0.05233967197791513,0.1077338678064981,-0.05203349423670035,0.013829234949633331,0.020450618528133707
2295,44,445,476.6967986310135,4098.010594457248,322.3749110256175,3921.0794967894303,54.0,0.10795065928260948,-0.5078000268015037,0.1077338678064981,-0.5050777164980529,0.013829234949633331,0.14088879828846168
2296,63,446,316.49031405012005,3929.154743051912,329.7498578052424,3915.277424063791,54.0,0.10795065928260948,-0.04209460481062125,0.1077338678064981,-0.041576456492863734,0.013829234949633331,0.0163035072988839
2297,25,446,275.18212912654,3848.067080065535,329.7498578052424,3915.277424063791,54.0,0.10795065928260948,-0.18158850014037645,0.1077338678064981,-0.18044639041214294,0.013829234949633331,0.05429426305319526
2298,44,446,482.2902751987267,4093.226876078621,329.7498578052424,3915.277424063791,54.0,0.10795065928260948,-0.509733364156163,0.1077338678064981,-0.5077189496431891,0.013829234949633331,0.1469131696383088
2299,53,446,275.4374088407163,3843.51011953928,329.7498578052424,3915.277424063791,54.0,0.10795065928260948,-0.1923222394759453,0.1077338678064981,-0.1912179415547531,0.013829234949633331,0.05808362665398409
2300,38,446,292.2609771757026,3909.816818957042,329.7498578052424,3915.277424063791,54.0,0.10795065928260948,-0.0634422481345806,0.1077338678064981,-0.06300510707498344,0.013829234949633331,0.024157649784389536
2301,38,447,292.2609771757026,3909.816818957042,337.993275290487,3925.832516910632,54.0,0.10795065928260948,-0.0839817420674725,0.1077338678064981,-0.08340659899328748,0.013829234949633331,0.030913138377289366
2302,63,447,316.49031405012005,3929.154743051912,337.993275290487,3925.832516910632,54.0,0.10795065928260948,-0.047883828362914604,0.1077338678064981,-0.04766922082942222,0.013829234949633331,0.017131502986912822
2303,53,447,275.4374088407163,3843.51011953928,337.993275290487,3925.832516910632,54.0,0.10795065928260948,-0.2199045643942207,0.1077338678064981,-0.21856082236710142,0.013829234949633331,0.06720541729711518
2304,44,447,482.2902751987267,4093.226876078621,337.993275290487,3925.832516910632,54.0,0.10795065928260948,-0.4819167805893521,0.1077338678064981,-0.4801042555981657,0.013829234949633331,0.13743112995577117
2305,25,447,275.18212912654,3848.067080065535,337.993275290487,3925.832516910632,54.0,0.10795065928260948,-0.20914133436901491,0.1077338678064981,-0.20774378449384726,0.013829234949633331,0.06346490683646903
2306,50,448,-32.87294301735424,3776.17863145535,-124.42297810413304,3730.045518548472,54.0,0.10795065928260948,-0.16833611758831896,0.1077338678064981,-0.16491916843364032,0.013829234949633331,0.07269519795676548
2307,50,449,-32.87294301735424,3776.17863145535,-136.7121078328898,3704.366146835558,54.0,0.10795065928260948,-0.22616363794617725,0.1077338678064981,-0.22239417549504667,0.013829234949633331,0.09721308383279435
2308,14,449,-191.8510249122208,3920.732064928668,-136.7121078328898,3704.366146835558,54.0,0.10795065928260948,-0.24355210794901258,0.1077338678064981,-0.23311753502281388,0.013829234949633331,0.13173864988828082
2309,14,450,-191.8510249122208,3920.732064928668,-205.2490753627829,3731.957027743968,54.0,0.10795065928260948,-0.22452946247523875,0.1077338678064981,-0.21691393642674228,0.013829234949633331,0.11608108297957744
2310,14,451,-191.8510249122208,3920.732064928668,-209.44442407532304,3763.734670847895,54.0,0.10795065928260948,-0.19158482838248952,0.1077338678064981,-0.18707837723039578,0.013829234949633331,0.0941728508022312
2311,14,452,-191.8510249122208,3920.732064928668,-227.38656380507663,3742.529007510596,54.0,0.10795065928260948,-0.24847034354220882,0.1077338678064981,-0.2441123700299881,0.013829234949633331,0.11358480683214323
2312,14,453,-191.8510249122208,3920.732064928668,-217.924998653439,3721.48468016429,54.0,0.10795065928260948,-0.2636074968541099,0.1077338678064981,-0.2571565321408323,0.013829234949633331,0.1273346722802182
2313,14,454,-191.8510249122208,3920.732064928668,-254.5992470950275,3724.926488861847,54.0,0.10795065928260948,-0.30950222940180594,0.1077338678064981,-0.3047639217636027,0.013829234949633331,0.13518536031682146
2314,14,455,-191.8510249122208,3920.732064928668,-248.90370498422487,3701.920243170104,54.0,0.10795065928260948,-0.33652703349352225,0.1077338678064981,-0.3294983749041356,0.013829234949633331,0.1510964837214385
2315,14,456,-191.8510249122208,3920.732064928668,-173.77161208253168,3762.098398234272,54.0,0.10795065928260948,-0.17321323258072638,0.1077338678064981,-0.16639402142484766,0.013829234949633331,0.09256850913794422
2316,14,457,-191.8510249122208,3920.732064928668,-139.37097608890187,3732.660382688684,54.0,0.10795065928260948,-0.19036087226593212,0.1077338678064981,-0.1812941410322951,0.013829234949633331,0.10615494990089748
2317,18,457,55.99463969610678,3684.4657106501672,-139.37097608890187,3732.660382688684,54.0,0.10795065928260948,-0.4179844408456874,0.1077338678064981,-0.4116123171051634,0.013829234949633331,0.16482284529187644
2318,14,458,-191.8510249122208,3920.732064928668,-208.37184709731315,3756.058669231986,54.0,0.10795065928260948,-0.198946709383592,0.1077338678064981,-0.1939573667880653,0.013829234949633331,0.09920649801287755
2319,14,459,-191.8510249122208,3920.732064928668,-229.31829350277152,3750.8465259771865,54.0,0.10795065928260948,-0.2406230352920183,0.1077338678064981,-0.23716035923663858,0.013829234949633331,0.10868474876244096
2320,14,460,-191.8510249122208,3920.732064928668,-252.1369190391436,3688.5883507247336,54.0,0.10795065928260948,-0.362463526998875,0.1077338678064981,-0.35467150332303443,0.013829234949633331,0.1632849885507346
2321,50,461,-32.87294301735424,3776.17863145535,-137.46750195522293,3704.002702190223,54.0,0.10795065928260948,-0.22753407147716784,0.1077338678064981,-0.22371079579440425,0.013829234949633331,0.0979059232847029
2322,14,462,-191.2861040228232,3920.912450661129,-33.590986472347865,3971.2525348924646,54.0,0.10795065928260948,-0.3595346908666532,0.1077338678064981,-0.3569567322360433,0.013829234949633331,0.12190535281110494
2323,14,463,-191.2861040228232,3920.912450661129,-16.824029787276814,3963.134227295509,54.0,0.10795065928260948,-0.39395704219440797,0.1077338678064981,-0.3906161155778586,0.013829234949633331,0.131048217900517
2324,9,463,9.936533141897351,4088.226647492491,-16.824029787276814,3963.134227295509,54.0,0.10795065928260948,-0.39089373073813255,0.1077338678064981,-0.38759921916902806,0.013829234949633331,0.10586713413250011
2325,14,464,-191.2861040228232,3920.912450661129,-9.289119488028984,3940.320299022696,54.0,0.10795065928260948,-0.37069215570850217,0.1077338678064981,-0.368257673240321,0.013829234949633331,0.12824258612440664
2326,14,465,-191.2861040228232,3920.912450661129,19.125675470905552,3919.7887611732062,54.0,0.10795065928260948,-0.3517704239787595,0.1077338678064981,-0.34728123129330746,0.013829234949633331,0.13761851820685422
2327,14,466,-191.2861040228232,3920.912450661129,-9.962046074219687,3916.4328558182974,54.0,0.10795065928260948,-0.2926793479523019,0.1077338678064981,-0.2878881760187297,0.013829234949633331,0.11537809386225938
2328,14,467,-191.2861040228232,3920.912450661129,-0.9972580126813264,3905.066613170967,54.0,0.10795065928260948,-0.3124960997936913,0.1077338678064981,-0.30783975369843597,0.013829234949633331,0.12268009380371368
2329,14,468,-191.2861040228232,3920.912450661129,24.09847480128595,3908.844200854287,54.0,0.10795065928260948,-0.3622787080230418,0.1077338678064981,-0.3578175727357378,0.013829234949633331,0.14163198016280662
2330,14,469,-191.2861040228232,3920.912450661129,26.96307308495755,3884.908015639917,54.0,0.10795065928260948,-0.3284461991701512,0.1077338678064981,-0.32254520379663676,0.013829234949633331,0.1388140217660104
2331,21,470,103.34699834515416,4117.964937310308,-33.030051360718204,3947.101925740972,54.0,0.10795065928260948,-0.5268152628085575,0.1077338678064981,-0.5195541295195453,0.013829234949633331,0.15697737443202542
2332,14,470,-191.2861040228232,3920.912450661129,-33.030051360718204,3947.101925740972,54.0,0.10795065928260948,-0.3160057411112558,0.1077338678064981,-0.3143764920125051,0.013829234949633331,0.11185446570019295
2333,21,471,103.34699834515416,4117.964937310308,-20.440069871896064,3967.068915194426,54.0,0.10795065928260948,-0.45337456616824207,0.1077338678064981,-0.44687226324811113,0.013829234949633331,0.13704783831711548
2334,14,471,-191.2861040228232,3920.912450661129,-20.440069871896064,3967.068915194426,54.0,0.10795065928260948,-0.39050116850114375,0.1077338678064981,-0.3872024078075475,0.013829234949633331,0.12999306385516649
2335,14,472,-191.2861040228232,3920.912450661129,-33.601502441691814,3923.5780514405496,54.0,0.10795065928260948,-0.2428448440969393,0.1077338678064981,-0.23799655441273987,0.013829234949633331,0.09726034110068518
2336,14,473,-191.2861040228232,3920.912450661129,4.130621068015404,3916.458977597719,54.0,0.10795065928260948,-0.32185778726710046,0.1077338678064981,-0.31726198702226155,0.013829234949633331,0.12620997759857655
2337,18,473,55.99463969610678,3684.4657106501672,4.130621068015404,3916.458977597719,54.0,0.10795065928260948,-0.2688617641302161,0.1077338678064981,-0.25953504837493835,0.013829234949633331,0.13920163712975211
2338,21,474,103.34699834515416,4117.964937310308,-40.82216668190109,3965.090048211267,54.0,0.10795065928260948,-0.5014502654101441,0.1077338678064981,-0.4939463480632325,0.013829234949633331,0.15085971632158204
2339,18,475,55.99463969610678,3684.4657106501672,-3.2682886956830624,3892.179388681665,54.0,0.10795065928260948,-0.23013622425051353,0.1077338678064981,-0.2205929428909177,0.013829234949633331,0.12453305847752436
2340,25,476,264.330530090726,3842.899620060988,90.0285824981926,3885.374004932618,54.0,0.10795065928260948,-0.35068388234484626,0.1077338678064981,-0.34833383581564714,0.013829234949633331,0.11864057454802786
2341,25,477,264.330530090726,3842.899620060988,83.86670580001751,3866.630653839721,54.0,0.10795065928260948,-0.37843730372884316,0.1077338678064981,-0.37736960358748106,0.013829234949633331,0.12267717536463552
2342,14,478,-191.2861040228232,3920.912450661129,52.79801574862894,3858.169085806702,54.0,0.10795065928260948,-0.33617492344459204,0.1077338678064981,-0.3290054851260061,0.013829234949633331,0.15291809104097398
2343,25,478,264.330530090726,3842.899620060988,52.79801574862894,3858.169085806702,54.0,0.10795065928260948,-0.4446660508727115,0.1077338678064981,-0.44184308289183116,0.013829234949633331,0.14477721952298392
2344,25,479,264.330530090726,3842.899620060988,72.4423782875265,3843.4141825954302,54.0,0.10795065928260948,-0.4262939398353637,0.1077338678064981,-0.4228339094528182,0.013829234949633331,0.1339375459878936
2345,50,479,-32.87294301735424,3776.17863145535,72.4423782875265,3843.4141825954302,54.0,0.10795065928260948,-0.14137264759813356,0.1077338678064981,-0.1361204170282591,0.013829234949633331,0.07375617870620069
2346,14,480,-191.2861040228232,3920.912450661129,51.330164428461806,3842.748038309236,54.0,0.10795065928260948,-0.31485144117733777,0.1077338678064981,-0.3057406884975951,0.013829234949633331,0.14999598160610383
2347,25,480,264.330530090726,3842.899620060988,51.330164428461806,3842.748038309236,54.0,0.10795065928260948,-0.451641495980441,0.1077338678064981,-0.447617317082142,0.013829234949633331,0.14717120524724422
2348,50,481,-32.87294301735424,3776.17863145535,71.0063011612224,3819.538010924277,54.0,0.10795065928260948,-0.12192687795122739,0.1077338678064981,-0.11773915129887232,0.013829234949633331,0.06461338714733139
2349,50,482,-32.87294301735424,3776.17863145535,53.97552747189277,3779.7778986115927,54.0,0.10795065928260948,-0.09292260284562733,0.1077338678064981,-0.08962162143644593,0.013829234949633331,0.04970008092004293
2350,50,483,-32.87294301735424,3776.17863145535,29.84882850616204,3760.0903002068953,54.0,0.10795065928260948,-0.09435071621901098,0.1077338678064981,-0.09230514103578122,0.013829234949633331,0.04149493976906692
2351,50,484,-32.87294301735424,3776.17863145535,70.84382095259998,3812.213793609557,54.0,0.10795065928260948,-0.11807909003608633,0.1077338678064981,-0.11389189195269772,0.013829234949633331,0.06290061794688175
2352,21,485,103.34699834515416,4117.964937310308,85.15373079383198,3880.811543855472,54.0,0.10795065928260948,-0.4865813762083665,0.1077338678064981,-0.48196739951468826,0.013829234949633331,0.16595846368628056
2353,25,485,264.330530090726,3842.899620060988,85.15373079383198,3880.811543855472,54.0,0.10795065928260948,-0.3630025065862276,0.1077338678064981,-0.3611139731456515,0.013829234949633331,0.12184036373497588
2354,18,485,55.99463969610678,3684.4657106501672,85.15373079383198,3880.811543855472,54.0,0.10795065928260948,-0.20359381976559973,0.1077338678064981,-0.19415447511012182,0.013829234949633331,0.11066228330673031
2355,18,486,55.99463969610678,3684.4657106501672,68.21929053265893,3857.2635974168033,54.0,0.10795065928260948,-0.16266269115419354,0.1077338678064981,-0.1537590493906074,0.013829234949633331,0.09340020596193467
2356,18,487,55.99463969610678,3684.4657106501672,74.94999357907247,3832.562273689816,54.0,0.10795065928260948,-0.13251812165249682,0.1077338678064981,-0.1243737247211224,0.013829234949633331,0.07824670379989976
2357,18,488,65.71430741031881,3682.247405457888,93.9798506618169,3810.153790083169,54.0,0.10795065928260948,-0.13078445077572354,0.1077338678064981,-0.12396651206113059,0.013829234949633331,0.07255065413020904
2358,25,489,264.330530090726,3842.899620060988,53.99348219513684,3779.765921014686,54.0,0.10795065928260948,-0.44760832154697855,0.1077338678064981,-0.4414795130894853,0.013829234949633331,0.1465947414386676
2359,18,489,55.99463969610678,3684.4657106501672,53.99348219513684,3779.765921014686,54.0,0.10795065928260948,-0.07816617482670496,0.1077338678064981,-0.07280887823153968,0.013829234949633331,0.04740281694539593
2360,50,489,-32.87294301735424,3776.17863145535,53.99348219513684,3779.765921014686,54.0,0.10795065928260948,-0.09293849723966875,0.1077338678064981,-0.0896364416067893,0.013829234949633331,0.04970975191547407
2361,50,490,-32.87294301735424,3776.17863145535,70.31493711953587,3811.7486463338,54.0,0.10795065928260948,-0.11736453314981124,0.1077338678064981,-0.1132027307744212,0.013829234949633331,0.06252386609575442
2362,18,490,55.99463969610678,3684.4657106501672,70.31493711953587,3811.7486463338,54.0,0.10795065928260948,-0.10944825433897623,0.1077338678064981,-0.1022092491811545,0.013829234949633331,0.06574169223504156
2363,18,491,88.69171925490903,3677.2469468152663,115.16205876560493,3798.270755871877,54.0,0.10795065928260948,-0.1411796982577594,0.1077338678064981,-0.13404474664095617,0.013829234949633331,0.0745521446718386
2364,18,492,55.99463969610678,3684.4657106501672,87.2451405287995,3831.494039957056,54.0,0.10795065928260948,-0.1447228576783093,0.1077338678064981,-0.1372212279618454,0.013829234949633331,0.08067518735046136
2365,18,493,55.99463969610678,3684.4657106501672,36.476303073102144,3747.298457980633,54.0,0.10795065928260948,-0.06280318428707204,0.1077338678064981,-0.05898457112309154,0.013829234949633331,0.036116802423592366
2366,50,493,-32.87294301735424,3776.17863145535,36.476303073102144,3747.298457980633,54.0,0.10795065928260948,-0.10572606839636615,0.1077338678064981,-0.10313778432534887,0.013829234949633331,0.04738470342737066
2367,21,494,103.34699834515416,4117.964937310308,81.42211507964093,3862.904094352834,54.0,0.10795065928260948,-0.5134749109416082,0.1077338678064981,-0.5085201371957208,0.013829234949633331,0.178123182640771
2368,18,494,55.99463969610678,3684.4657106501672,81.42211507964093,3862.904094352834,54.0,0.10795065928260948,-0.17640678063601953,0.1077338678064981,-0.16721791726298274,0.013829234949633331,0.09838605798079902
2369,25,494,264.330530090726,3842.899620060988,81.42211507964093,3862.904094352834,54.0,0.10795065928260948,-0.39129884376913254,0.1077338678064981,-0.39023778680038934,0.013829234949633331,0.12480569031750119
2370,26,495,492.46916862384336,4319.554466150916,549.2870939563649,4305.9995539661,54.0,0.10795065928260948,-0.09972769968987305,0.1077338678064981,-0.09890056960265985,0.013829234949633331,0.03462806265176846
2371,34,495,645.8872104090177,4370.307858894735,549.2870939563649,4305.9995539661,54.0,0.10795065928260948,-0.27326766224776083,0.1077338678064981,-0.2716693678515263,0.013829234949633331,0.07041332235002623
2372,30,495,625.9985091941669,4344.425799606012,549.2870939563649,4305.9995539661,54.0,0.10795065928260948,-0.24947538531232796,0.1077338678064981,-0.24813455619954922,0.013829234949633331,0.05350104641471916
2373,7,495,477.9085898257795,4404.037580305916,549.2870939563649,4305.9995539661,54.0,0.10795065928260948,-0.20476319695552647,0.1077338678064981,-0.203182405409642,0.013829234949633331,0.06805347587003616
2374,37,495,628.569594659982,4182.409690156388,549.2870939563649,4305.9995539661,54.0,0.10795065928260948,-0.3507932994843788,0.1077338678064981,-0.34983910937412166,0.013829234949633331,0.09409713257686081
2375,29,495,679.1344462972443,4226.875249913833,549.2870939563649,4305.9995539661,54.0,0.10795065928260948,-0.3653138473235035,0.1077338678064981,-0.36321520477627345,0.013829234949633331,0.09849783702241484
2376,44,495,472.0029937650396,4104.126300266757,549.2870939563649,4305.9995539661,54.0,0.10795065928260948,-0.23650778074413614,0.1077338678064981,-0.2299935649827968,0.013829234949633331,0.1057803905595354
2377,33,495,633.1852302568241,4317.679688677003,549.2870939563649,4305.9995539661,54.0,0.10795065928260948,-0.24211699993468874,0.1077338678064981,-0.24134005637801692,0.013829234949633331,0.05490171325375169
2378,56,495,677.3923123197425,4458.591690875839,549.2870939563649,4305.9995539661,54.0,0.10795065928260948,-0.387324573875053,0.1077338678064981,-0.3832076385987868,0.013829234949633331,0.12004227534478099
2379,24,495,476.8845411410292,4318.364085281663,549.2870939563649,4305.9995539661,54.0,0.10795065928260948,-0.13453667788633325,0.1077338678064981,-0.13412174117834713,0.013829234949633331,0.044147793995356274
2380,23,495,503.6303432677425,4330.870903253777,549.2870939563649,4305.9995539661,54.0,0.10795065928260948,-0.08306248749561895,0.1077338678064981,-0.0818945340496271,0.013829234949633331,0.029638007907142307
2381,43,495,630.0947010611478,4141.259609929846,549.2870939563649,4305.9995539661,54.0,0.10795065928260948,-0.41067626309422733,0.1077338678064981,-0.4080606990408972,0.013829234949633331,0.11774411447529572
2382,35,495,583.2192292927565,4207.570440686977,549.2870939563649,4305.9995539661,54.0,0.10795065928260948,-0.26547251981804193,0.1077338678064981,-0.26367670099477686,0.013829234949633331,0.06392691380553364
2383,30,496,625.9985091941669,4344.425799606012,544.4098499221095,4286.51728713991,54.0,0.10795065928260948,-0.300687078329182,0.1077338678064981,-0.299734673436545,0.013829234949633331,0.06348231915153435
2384,34,496,645.8872104090177,4370.307858894735,544.4098499221095,4286.51728713991,54.0,0.10795065928260948,-0.3401991501618536,0.1077338678064981,-0.33897970799574906,0.013829234949633331,0.08249203659822824
2385,37,496,628.569594659982,4182.409690156388,544.4098499221095,4286.51728713991,54.0,0.10795065928260948,-0.2927399360368567,0.1077338678064981,-0.2913552757878183,0.013829234949633331,0.08447232609700765
2386,26,496,492.46916862384336,4319.554466150916,544.4098499221095,4286.51728713991,54.0,0.10795065928260948,-0.11102962662189685,0.1077338678064981,-0.11088901007113938,0.013829234949633331,0.037179672333205224
2387,33,496,633.1852302568241,4317.679688677003,544.4098499221095,4286.51728713991,54.0,0.10795065928260948,-0.27870688985631653,0.1077338678064981,-0.278020287953024,0.013829234949633331,0.0619242870682759
2388,35,496,583.2192292927565,4207.570440686977,544.4098499221095,4286.51728713991,54.0,0.10795065928260948,-0.19937172287973629,0.1077338678064981,-0.1974964459212416,0.013829234949633331,0.053670717989075245
2389,29,496,679.1344462972443,4226.875249913833,544.4098499221095,4286.51728713991,54.0,0.10795065928260948,-0.349180482359166,0.1077338678064981,-0.34757166680999463,0.013829234949633331,0.09705234415102054
2390,24,496,476.8845411410292,4318.364085281663,544.4098499221095,4286.51728713991,54.0,0.10795065928260948,-0.14164194753992676,0.1077338678064981,-0.14193588861127374,0.013829234949633331,0.04523892962931904
2391,7,496,477.9085898257795,4404.037580305916,544.4098499221095,4286.51728713991,54.0,0.10795065928260948,-0.25528826978480595,0.1077338678064981,-0.2537533710606908,0.013829234949633331,0.07867197469435552
2392,23,496,494.196311185903,4314.004446640305,544.4098499221095,4286.51728713991,54.0,0.10795065928260948,-0.10093961024893341,0.1077338678064981,-0.10075097518437245,0.013829234949633331,0.0341182517677099
2393,29,497,679.1344462972443,4226.875249913833,526.9955380856456,4287.393509187453,54.0,0.10795065928260948,-0.3738719808613005,0.1077338678064981,-0.37199764122574397,0.013829234949633331,0.10676640059653199
2394,37,497,628.569594659982,4182.409690156388,526.9955380856456,4287.393509187453,54.0,0.10795065928260948,-0.2875172776943561,0.1077338678064981,-0.28532875990730583,0.013829234949633331,0.08996446686284928
2395,26,497,492.46916862384336,4319.554466150916,526.9955380856456,4287.393509187453,54.0,0.10795065928260948,-0.08235787982751178,0.1077338678064981,-0.0822294718949403,0.013829234949633331,0.028198206535862847
2396,44,497,472.0029937650396,4104.126300266757,526.9955380856456,4287.393509187453,54.0,0.10795065928260948,-0.15293278040198327,0.1077338678064981,-0.14510603695366708,0.013829234949633331,0.08191290919380394
2397,34,497,645.8872104090177,4370.307858894735,526.9955380856456,4287.393509187453,54.0,0.10795065928260948,-0.3313801412731572,0.1077338678064981,-0.32963614147010684,0.013829234949633331,0.08787940238759025
2398,43,497,630.0947010611478,4141.259609929846,526.9955380856456,4287.393509187453,54.0,0.10795065928260948,-0.3304564292085271,0.1077338678064981,-0.32750393220830776,0.013829234949633331,0.11140379142884585
2399,30,497,625.9985091941669,4344.425799606012,526.9955380856456,4287.393509187453,54.0,0.10795065928260948,-0.3051498690583966,0.1077338678064981,-0.3038511405576937,0.013829234949633331,0.07029901862742757
2400,7,497,477.9085898257795,4404.037580305916,526.9955380856456,4287.393509187453,54.0,0.10795065928260948,-0.2566034263858519,0.1077338678064981,-0.2557800318188818,0.013829234949633331,0.07506649053012093
2401,24,497,476.8845411410292,4318.364085281663,526.9955380856456,4287.393509187453,54.0,0.10795065928260948,-0.11147764505403901,0.1077338678064981,-0.11182133609726344,0.013829234949633331,0.03551521919489964
2402,33,497,633.1852302568241,4317.679688677003,526.9955380856456,4287.393509187453,54.0,0.10795065928260948,-0.3011079566867016,0.1077338678064981,-0.3005215171398091,0.013829234949633331,0.07094312164779323
2403,35,497,583.2192292927565,4207.570440686977,526.9955380856456,4287.393509187453,54.0,0.10795065928260948,-0.1892372395131145,0.1077338678064981,-0.18753339992095533,0.013829234949633331,0.0584521223379348
2404,23,497,490.5503478417671,4307.460726632768,526.9955380856456,4287.393509187453,54.0,0.10795065928260948,-0.0712661545351805,0.1077338678064981,-0.07120206154382248,0.013829234949633331,0.024234256068889078
2405,43,498,630.0947010611478,4141.259609929846,502.3554500387008,4287.081754576032,54.0,0.10795065928260948,-0.3244907309140963,0.1077338678064981,-0.32217285592687395,0.013829234949633331,0.11816485876981281
2406,26,498,492.46916862384336,4319.554466150916,502.3554500387008,4287.081754576032,54.0,0.10795065928260948,-0.0700936909402921,0.1077338678064981,-0.07036329284759227,0.013829234949633331,0.021116639883458757
2407,37,498,628.569594659982,4182.409690156388,502.3554500387008,4287.081754576032,54.0,0.10795065928260948,-0.2772012184789486,0.1077338678064981,-0.2737970478770593,0.013829234949633331,0.09692352292118493
2408,29,498,679.1344462972443,4226.875249913833,502.3554500387008,4287.081754576032,54.0,0.10795065928260948,-0.39834017193249116,0.1077338678064981,-0.39582312326418717,0.013829234949633331,0.11934790383877975
2409,30,498,625.9985091941669,4344.425799606012,502.3554500387008,4287.081754576032,54.0,0.10795065928260948,-0.31907373799874617,0.1077338678064981,-0.3167595447254295,0.013829234949633331,0.08087887973428431
2410,35,498,583.2192292927565,4207.570440686977,502.3554500387008,4287.081754576032,54.0,0.10795065928260948,-0.1887005644945027,0.1077338678064981,-0.18690335080793183,0.013829234949633331,0.06566762052480654
2411,24,498,476.8845411410292,4318.364085281663,502.3554500387008,4287.081754576032,54.0,0.10795065928260948,-0.08482761807200713,0.1077338678064981,-0.08501282035084073,0.013829234949633331,0.02515594493228883
2412,33,498,633.1852302568241,4317.679688677003,502.3554500387008,4287.081754576032,54.0,0.10795065928260948,-0.32671091660774637,0.1077338678064981,-0.3257062315720055,0.013829234949633331,0.08333740121761986
2413,8,498,404.480912881415,4338.111065579622,502.3554500387008,4287.081754576032,54.0,0.10795065928260948,-0.30023955909093225,0.1077338678064981,-0.29838910461712576,0.013829234949633331,0.07868993009123752
2414,34,498,645.8872104090177,4370.307858894735,502.3554500387008,4287.081754576032,54.0,0.10795065928260948,-0.32203804093500993,0.1077338678064981,-0.31940292293483635,0.013829234949633331,0.0970738879622006
2415,23,498,485.3312407692456,4298.036308618457,502.3554500387008,4287.081754576032,54.0,0.10795065928260948,-0.036284777500864444,0.1077338678064981,-0.035754068713449404,0.013829234949633331,0.011940827635923069
2416,44,498,472.0029937650396,4104.126300266757,502.3554500387008,4287.081754576032,54.0,0.10795065928260948,-0.1097715005922109,0.1077338678064981,-0.10057936261816114,0.013829234949633331,0.06834916914386414
2417,7,498,477.9085898257795,4404.037580305916,502.3554500387008,4287.081754576032,54.0,0.10795065928260948,-0.2913195350589627,0.1077338678064981,-0.2916138403261047,0.013829234949633331,0.07349107658665313
2418,43,499,630.0947010611478,4141.259609929846,521.860148154005,4271.043596927122,54.0,0.10795065928260948,-0.29640231570276043,0.1077338678064981,-0.29423443384806414,0.013829234949633331,0.10513978222338016
2419,30,499,625.9985091941669,4344.425799606012,521.860148154005,4271.043596927122,54.0,0.10795065928260948,-0.3443968314661974,0.1077338678064981,-0.34326604933219973,0.013829234949633331,0.07895702444627822
2420,34,499,645.8872104090177,4370.307858894735,521.860148154005,4271.043596927122,54.0,0.10795065928260948,-0.38033078856372227,0.1077338678064981,-0.3788720134440594,0.013829234949633331,0.09784027882305059
2421,37,499,628.569594659982,4182.409690156388,521.860148154005,4271.043596927122,54.0,0.10795065928260948,-0.24288566562533564,0.1077338678064981,-0.23984819449562608,0.013829234949633331,0.08328970368644815
2422,24,499,476.8845411410292,4318.364085281663,521.860148154005,4271.043596927122,54.0,0.10795065928260948,-0.11831777313958167,0.1077338678064981,-0.11828728622169515,0.013829234949633331,0.038531183976935925
2423,33,499,633.1852302568241,4317.679688677003,521.860148154005,4271.043596927122,54.0,0.10795065928260948,-0.32717647479706763,0.1077338678064981,-0.3260880378356884,0.013829234949633331,0.07748148424146632
2424,35,499,583.2192292927565,4207.570440686977,521.860148154005,4271.043596927122,54.0,0.10795065928260948,-0.15762483483172876,0.1077338678064981,-0.15615782144743906,0.013829234949633331,0.05244264430337104
2425,26,499,492.46916862384336,4319.554466150916,521.860148154005,4271.043596927122,54.0,0.10795065928260948,-0.0953656608319256,0.1077338678064981,-0.09519301804280549,0.013829234949633331,0.033017450137618476
2426,29,499,679.1344462972443,4226.875249913833,521.860148154005,4271.043596927122,54.0,0.10795065928260948,-0.3521193301524954,0.1077338678064981,-0.3496944831673788,0.013829234949633331,0.10555844653886827
2427,44,499,472.0029937650396,4104.126300266757,521.860148154005,4271.043596927122,54.0,0.10795065928260948,-0.126367956932955,0.1077338678064981,-0.11869575856696177,0.013829234949633331,0.0722006771485453
2428,23,499,485.3312407692456,4298.036308618457,521.860148154005,4271.043596927122,54.0,0.10795065928260948,-0.07104459679492484,0.1077338678064981,-0.07013249874589012,0.013829234949633331,0.025628513689997204
2429,26,500,492.46916862384336,4319.554466150916,490.1742733047821,4255.374110181812,54.0,0.10795065928260948,-0.11102934647163232,0.1077338678064981,-0.11080164521091387,0.013829234949633331,0.03752645972100628
2430,42,500,483.2022524961118,4104.318470707111,490.1742733047821,4255.374110181812,54.0,0.10795065928260948,-0.08626144021131708,0.1077338678064981,-0.07860118610970869,0.013829234949633331,0.055568577341787224
2431,33,500,633.1852302568241,4317.679688677003,490.1742733047821,4255.374110181812,54.0,0.10795065928260948,-0.3649812376004309,0.1077338678064981,-0.36325498046890903,0.013829234949633331,0.09530232494568747
2432,43,500,630.0947010611478,4141.259609929846,490.1742733047821,4255.374110181812,54.0,0.10795065928260948,-0.2898794303458455,0.1077338678064981,-0.2875013091096053,0.013829234949633331,0.10693261618609883
2433,37,500,628.569594659982,4182.409690156388,490.1742733047821,4255.374110181812,54.0,0.10795065928260948,-0.2275579355950276,0.1077338678064981,-0.22445782164947475,0.013829234949633331,0.08938529927182096
2434,24,500,476.8845411410292,4318.364085281663,490.1742733047821,4255.374110181812,54.0,0.10795065928260948,-0.11059367598561048,0.1077338678064981,-0.11033036600044538,0.013829234949633331,0.03755109386099497
2435,41,500,461.8106926932424,4070.996636995212,490.1742733047821,4255.374110181812,54.0,0.10795065928260948,-0.11789992204935054,0.1077338678064981,-0.10814903261779704,0.013829234949633331,0.06424085826158422
2436,30,500,625.9985091941669,4344.425799606012,490.1742733047821,4255.374110181812,54.0,0.10795065928260948,-0.3733810016217965,0.1077338678064981,-0.37167354668769625,0.013829234949633331,0.09595330891471181
2437,44,500,472.0029937650396,4104.126300266757,490.1742733047821,4255.374110181812,54.0,0.10795065928260948,-0.06855910449598045,0.1077338678064981,-0.05945133227700902,0.013829234949633331,0.04994063839288397
2438,23,500,485.3312407692456,4298.036308618457,490.1742733047821,4255.374110181812,54.0,0.10795065928260948,-0.06226941945390034,0.1077338678064981,-0.061603606029108526,0.013829234949633331,0.023866759990219213
2439,35,500,583.2192292927565,4207.570440686977,490.1742733047821,4255.374110181812,54.0,0.10795065928260948,-0.14605305515477998,0.1077338678064981,-0.1448320145267004,0.013829234949633331,0.05805462486621797
2440,29,500,679.1344462972443,4226.875249913833,490.1742733047821,4255.374110181812,54.0,0.10795065928260948,-0.33262870665875,0.1077338678064981,-0.33063211079587035,0.013829234949633331,0.1157463265020017
2441,33,501,633.1852302568241,4317.679688677003,544.1009429454423,4239.798803024585,54.0,0.10795065928260948,-0.33162739657287965,0.1077338678064981,-0.32984173216077717,0.013829234949633331,0.07938023036787478
2442,37,501,628.569594659982,4182.409690156388,544.1009429454423,4239.798803024585,54.0,0.10795065928260948,-0.17649846668776173,0.1077338678064981,-0.1738857810893804,0.013829234949633331,0.06174959907388226
2443,30,501,625.9985091941669,4344.425799606012,544.1009429454423,4239.798803024585,54.0,0.10795065928260948,-0.3952120036516949,0.1077338678064981,-0.3932274592780946,0.013829234949633331,0.08605262032472945
2444,44,501,472.0029937650396,4104.126300266757,544.1009429454423,4239.798803024585,54.0,0.10795065928260948,-0.1737720507103867,0.1077338678064981,-0.17021831718864322,0.013829234949633331,0.07737776313133872
2445,29,501,679.1344462972443,4226.875249913833,544.1009429454423,4239.798803024585,54.0,0.10795065928260948,-0.2630862187036708,0.1077338678064981,-0.2617288532805226,0.013829234949633331,0.08584986951900703
2446,7,501,477.9085898257795,4404.037580305916,544.1009429454423,4239.798803024585,54.0,0.10795065928260948,-0.3436676030433289,0.1077338678064981,-0.3423685393558432,0.013829234949633331,0.10516797471439479
2447,23,501,485.3312407692456,4298.036308618457,544.1009429454423,4239.798803024585,54.0,0.10795065928260948,-0.12516541029072448,0.1077338678064981,-0.12368740747862902,0.013829234949633331,0.04677888298529601
2448,34,501,645.8872104090177,4370.307858894735,544.1009429454423,4239.798803024585,54.0,0.10795065928260948,-0.4551145681130898,0.1077338678064981,-0.45300928850767624,0.013829234949633331,0.1084283280700165
2449,24,501,476.8845411410292,4318.364085281663,544.1009429454423,4239.798803024585,54.0,0.10795065928260948,-0.17512926186682745,0.1077338678064981,-0.17449768225991058,0.013829234949633331,0.06032962877713758
2450,35,501,583.2192292927565,4207.570440686977,544.1009429454423,4239.798803024585,54.0,0.10795065928260948,-0.09587064438904334,0.1077338678064981,-0.09506805303199059,0.013829234949633331,0.03104778737904347
2451,33,502,633.1852302568241,4317.679688677003,493.8152420653565,4235.364592782937,54.0,0.10795065928260948,-0.37297962535047796,0.1077338678064981,-0.3701715098741472,0.013829234949633331,0.09791502685835661
2452,26,502,492.46916862384336,4319.554466150916,493.8152420653565,4235.364592782937,54.0,0.10795065928260948,-0.1241171446907117,0.1077338678064981,-0.12329970211895461,0.013829234949633331,0.04553840854765452
2453,44,502,472.0029937650396,4104.126300266757,493.8152420653565,4235.364592782937,54.0,0.10795065928260948,-0.058474554763520314,0.1077338678064981,-0.05007730200727574,0.013829234949633331,0.043218454281024034
2454,43,502,630.0947010611478,4141.259609929846,493.8152420653565,4235.364592782937,54.0,0.10795065928260948,-0.2811590712679402,0.1077338678064981,-0.2785769304622021,0.013829234949633331,0.10012889847727609
2455,37,502,628.569594659982,4182.409690156388,493.8152420653565,4235.364592782937,54.0,0.10795065928260948,-0.2104981073714279,0.1077338678064981,-0.20712985033339268,0.013829234949633331,0.0825027005536975
2456,30,502,625.9985091941669,4344.425799606012,493.8152420653565,4235.364592782937,54.0,0.10795065928260948,-0.3992033885044572,0.1077338678064981,-0.39696864356833805,0.013829234949633331,0.10069792010041491
2457,23,502,485.3312407692456,4298.036308618457,493.8152420653565,4235.364592782937,54.0,0.10795065928260948,-0.07593066066974558,0.1077338678064981,-0.07466943786374997,0.013829234949633331,0.03209956999018321
2458,45,502,517.3116391169647,4113.7490927459785,493.8152420653565,4235.364592782937,54.0,0.10795065928260948,-0.1599509627900951,0.1077338678064981,-0.15653364328030822,0.013829234949633331,0.06593071959352106
2459,35,502,583.2192292927565,4207.570440686977,493.8152420653565,4235.364592782937,54.0,0.10795065928260948,-0.13072174822142366,0.1077338678064981,-0.12922885300227624,0.013829234949633331,0.05126858334534577
2460,41,502,461.8106926932424,4070.996636995212,493.8152420653565,4235.364592782937,54.0,0.10795065928260948,-0.10776874018222354,0.1077338678064981,-0.09848128859083326,0.013829234949633331,0.05813016449200397
2461,29,502,679.1344462972443,4226.875249913833,493.8152420653565,4235.364592782937,54.0,0.10795065928260948,-0.31649724748942065,0.1077338678064981,-0.3142126572780888,0.013829234949633331,0.11069123647816516
2462,24,502,476.8845411410292,4318.364085281663,493.8152420653565,4235.364592782937,54.0,0.10795065928260948,-0.12385843795938418,0.1077338678064981,-0.12299367298806374,0.013829234949633331,0.04569545315316299
2463,26,503,492.46916862384336,4319.554466150916,468.1538607220498,4241.128223716155,54.0,0.10795065928260948,-0.141375356744519,0.1077338678064981,-0.1404376987190591,0.013829234949633331,0.048156384734177216
2464,37,503,628.569594659982,4182.409690156388,468.1538607220498,4241.128223716155,54.0,0.10795065928260948,-0.2264697929861375,0.1077338678064981,-0.2218184507611926,0.013829234949633331,0.09321425383815672
2465,29,503,679.1344462972443,4226.875249913833,468.1538607220498,4241.128223716155,54.0,0.10795065928260948,-0.33287106290080304,0.1077338678064981,-0.3294428031318763,0.013829234949633331,0.12099510311603244
2466,30,503,625.9985091941669,4344.425799606012,468.1538607220498,4241.128223716155,54.0,0.10795065928260948,-0.39334663425981015,0.1077338678064981,-0.39085601476467896,0.013829234949633331,0.107728975397331
2467,44,503,472.0029937650396,4104.126300266757,468.1538607220498,4241.128223716155,54.0,0.10795065928260948,-0.053020864849008906,0.1077338678064981,-0.0442281549757735,0.013829234949633331,0.03970354862064481
2468,42,503,481.95797351825536,4104.321037374665,468.1538607220498,4241.128223716155,54.0,0.10795065928260948,-0.07802476975220447,0.1077338678064981,-0.07045287351974709,0.013829234949633331,0.04993125774923694
2469,41,503,461.8106926932424,4070.996636995212,468.1538607220498,4241.128223716155,54.0,0.10795065928260948,-0.10551811890151107,0.1077338678064981,-0.0960099833140796,0.013829234949633331,0.05618836253434784
2470,24,503,476.8845411410292,4318.364085281663,468.1538607220498,4241.128223716155,54.0,0.10795065928260948,-0.16750965028047957,0.1077338678064981,-0.1667185625046529,0.013829234949633331,0.04754823869886502
2471,8,503,404.480912881415,4338.111065579622,468.1538607220498,4241.128223716155,54.0,0.10795065928260948,-0.2923138668305117,0.1077338678064981,-0.2894105498497621,0.013829234949633331,0.08155111888870492
2472,23,503,485.3312407692456,4298.036308618457,468.1538607220498,4241.128223716155,54.0,0.10795065928260948,-0.09050427040325995,0.1077338678064981,-0.08910946418791946,0.013829234949633331,0.03377523127109394
2473,43,503,630.0947010611478,4141.259609929846,468.1538607220498,4241.128223716155,54.0,0.10795065928260948,-0.2992556621448171,0.1077338678064981,-0.2952848183463318,0.013829234949633331,0.10964704403844004
2474,35,503,583.2192292927565,4207.570440686977,468.1538607220498,4241.128223716155,54.0,0.10795065928260948,-0.1465608187272745,0.1077338678064981,-0.14386037231054977,0.013829234949633331,0.06154330532377964
2475,19,504,324.8153272931308,4135.979057138678,499.7287176848287,4232.444068380425,54.0,0.10795065928260948,-0.18164938710269218,0.1077338678064981,-0.17342757664508177,0.013829234949633331,0.09468765243151396
2476,16,504,510.22088537403255,4246.5421852479,499.7287176848287,4232.444068380425,54.0,0.10795065928260948,-0.015154629292345175,0.1077338678064981,-0.01470050094490458,0.013829234949633331,0.008090567729177793
2477,29,504,679.1344462972443,4226.875249913833,499.7287176848287,4232.444068380425,54.0,0.10795065928260948,-0.31307692339493637,0.1077338678064981,-0.31103105138635756,0.013829234949633331,0.10846965298082709
2478,24,504,476.8845411410292,4318.364085281663,499.7287176848287,4232.444068380425,54.0,0.10795065928260948,-0.1272075207390966,0.1077338678064981,-0.12620945269942221,0.013829234949633331,0.04742364763908331
2479,23,504,485.3312407692456,4298.036308618457,499.7287176848287,4232.444068380425,54.0,0.10795065928260948,-0.07868466175546439,0.1077338678064981,-0.07728515744874359,0.013829234949633331,0.033660930337048964
2480,26,505,492.46916862384336,4319.554466150916,469.7454521096344,4301.154322219481,54.0,0.10795065928260948,-0.07325917875997683,0.1077338678064981,-0.073775529932767,0.013829234949633331,0.01968973744285401
2481,67,505,614.1933123417826,4407.07660776138,469.7454521096344,4301.154322219481,54.0,0.10795065928260948,-0.21855727049527912,0.1077338678064981,-0.21294045899131814,0.013829234949633331,0.08543093597334976
2482,22,505,301.6304881357929,4156.037775497009,469.7454521096344,4301.154322219481,54.0,0.10795065928260948,-0.3647610405130418,0.1077338678064981,-0.35855653031562773,0.013829234949633331,0.13596075175980915
2483,44,505,472.0029937650396,4104.126300266757,469.7454521096344,4301.154322219481,54.0,0.10795065928260948,-0.1790085971483335,0.1077338678064981,-0.16902202631421498,0.013829234949633331,0.0757872947933645
2484,33,505,633.1852302568241,4317.679688677003,469.7454521096344,4301.154322219481,54.0,0.10795065928260948,-0.3896597930347267,0.1077338678064981,-0.3884882324463887,0.013829234949633331,0.10246274793397105
2485,30,505,625.9985091941669,4344.425799606012,469.7454521096344,4301.154322219481,54.0,0.10795065928260948,-0.348896272112046,0.1077338678064981,-0.34721958449648954,0.013829234949633331,0.09764534706325619
2486,19,505,324.8153272931308,4135.979057138678,469.7454521096344,4301.154322219481,54.0,0.10795065928260948,-0.32692083504639186,0.1077338678064981,-0.3204690545104034,0.013829234949633331,0.12784797768090364
2487,23,505,473.2888408458269,4304.725925046426,469.7454521096344,4301.154322219481,54.0,0.10795065928260948,-0.014794673656444097,0.1077338678064981,-0.01474735811374917,0.013829234949633331,0.0036698514352156027
2488,24,505,476.8845411410292,4318.364085281663,469.7454521096344,4301.154322219481,54.0,0.10795065928260948,-0.05480181955527568,0.1077338678064981,-0.05479735816765325,0.013829234949633331,0.013939037620462232
2489,30,506,625.9985091941669,4344.425799606012,555.2813891908964,4308.169914388606,54.0,0.10795065928260948,-0.2355149852425273,0.1077338678064981,-0.23431516553518766,0.013829234949633331,0.050136498209727515
2490,67,506,614.1933123417826,4407.07660776138,555.2813891908964,4308.169914388606,54.0,0.10795065928260948,-0.1642379998820449,0.1077338678064981,-0.16169252348967372,0.013829234949633331,0.05859768210620086
2491,24,506,476.8845411410292,4318.364085281663,555.2813891908964,4308.169914388606,54.0,0.10795065928260948,-0.1486810953427451,0.1077338678064981,-0.1481543648400118,0.013829234949633331,0.047326376765254245
2492,16,506,519.0070440168354,4262.203633597157,555.2813891908964,4308.169914388606,54.0,0.10795065928260948,-0.10557807626200214,0.1077338678064981,-0.1049866621607024,0.013829234949633331,0.03376342450566902
2493,68,506,607.5300941255965,4399.875364871049,555.2813891908964,4308.169914388606,54.0,0.10795065928260948,-0.14201547002989237,0.1077338678064981,-0.13930095885586713,0.013829234949633331,0.052201834200172346
2494,29,506,679.1344462972443,4226.875249913833,555.2813891908964,4308.169914388606,54.0,0.10795065928260948,-0.34970504244915906,0.1077338678064981,-0.34767365188519395,0.013829234949633331,0.09634349114060768
2495,23,506,504.75274351062166,4332.980003603095,555.2813891908964,4308.169914388606,54.0,0.10795065928260948,-0.09565093426635819,0.1077338678064981,-0.09435249597805888,0.013829234949633331,0.03179997882000666
2496,44,506,472.0029937650396,4104.126300266757,555.2813891908964,4308.169914388606,54.0,0.10795065928260948,-0.2691497673021132,0.1077338678064981,-0.2631026882021712,0.013829234949633331,0.11078911475227034
2497,26,506,492.46916862384336,4319.554466150916,555.2813891908964,4308.169914388606,54.0,0.10795065928260948,-0.1136512876652492,0.1077338678064981,-0.11271892331746812,0.013829234949633331,0.03769559984210421
2498,29,507,679.1344462972443,4226.875249913833,528.2616691728058,4293.079481721901,54.0,0.10795065928260948,-0.38069188352533945,0.1077338678064981,-0.37903572551392173,0.013829234949633331,0.1073815850119719
2499,33,507,633.1852302568241,4317.679688677003,528.2616691728058,4293.079481721901,54.0,0.10795065928260948,-0.28816683133037785,0.1077338678064981,-0.28744371030043514,0.013829234949633331,0.06871209824392505
2500,23,507,493.2419465724456,4312.2296775236855,528.2616691728058,4293.079481721901,54.0,0.10795065928260948,-0.06896178947088623,0.1077338678064981,-0.06883367226146563,0.013829234949633331,0.02366110315413699
2501,68,507,607.5300941255965,4399.875364871049,528.2616691728058,4293.079481721901,54.0,0.10795065928260948,-0.15132058565156892,0.1077338678064981,-0.14747934174997113,0.013829234949633331,0.0655136653938058
2502,26,507,492.46916862384336,4319.554466150916,528.2616691728058,4293.079481721901,54.0,0.10795065928260948,-0.07912536569703169,0.1077338678064981,-0.0790133336252892,0.013829234949633331,0.02693612118696087
2503,44,507,472.0029937650396,4104.126300266757,528.2616691728058,4293.079481721901,54.0,0.10795065928260948,-0.16239216048906316,0.1077338678064981,-0.15449827604830552,0.013829234949633331,0.08510572684146031
2504,43,507,630.0947010611478,4141.259609929846,528.2616691728058,4293.079481721901,54.0,0.10795065928260948,-0.34574119644720647,0.1077338678064981,-0.34260402532039747,0.013829234949633331,0.11404961011554123
2505,35,507,583.2192292927565,4207.570440686977,528.2616691728058,4293.079481721901,54.0,0.10795065928260948,-0.2029052611577939,0.1077338678064981,-0.20116057584028552,0.013829234949633331,0.061021016906724145
2506,24,507,476.8845411410292,4318.364085281663,528.2616691728058,4293.079481721901,54.0,0.10795065928260948,-0.10976501706692472,0.1077338678064981,-0.11009841601350373,0.013829234949633331,0.034889992583144694
2507,67,507,614.1933123417826,4407.07660776138,528.2616691728058,4293.079481721901,54.0,0.10795065928260948,-0.171663864044295,0.1077338678064981,-0.16788459913945114,0.013829234949633331,0.07181688600518127
2508,37,507,628.569594659982,4182.409690156388,528.2616691728058,4293.079481721901,54.0,0.10795065928260948,-0.3031622178703651,0.1077338678064981,-0.3012380299011302,0.013829234949633331,0.09255466106747913
2509,34,507,645.8872104090177,4370.307858894735,528.2616691728058,4293.079481721901,54.0,0.10795065928260948,-0.31306851556709653,0.1077338678064981,-0.31105403265653614,0.013829234949633331,0.084524691615318
2510,30,507,625.9985091941669,4344.425799606012,528.2616691728058,4293.079481721901,54.0,0.10795065928260948,-0.2917536459217949,0.1077338678064981,-0.29016262839106755,0.013829234949633331,0.06754348248780068
2511,35,508,583.2192292927565,4207.570440686977,480.8723494206272,4270.11559654706,54.0,0.10795065928260948,-0.1681138593887473,0.1077338678064981,-0.1667952614919111,0.013829234949633331,0.06658040688875184
2512,30,508,625.9985091941669,4344.425799606012,480.8723494206272,4270.11559654706,54.0,0.10795065928260948,-0.3639344947437642,0.1077338678064981,-0.3616244520040968,0.013829234949633331,0.09612495046901734
2513,43,508,630.0947010611478,4141.259609929846,480.8723494206272,4270.11559654706,54.0,0.10795065928260948,-0.3080838362884295,0.1077338678064981,-0.3058992557810331,0.013829234949633331,0.11636742798627592
2514,22,508,301.6304881357929,4156.037775497009,480.8723494206272,4270.11559654706,54.0,0.10795065928260948,-0.26402313117690307,0.1077338678064981,-0.2565175651322342,0.013829234949633331,0.12077679408852009
2515,19,508,324.8153272931308,4135.979057138678,480.8723494206272,4270.11559654706,54.0,0.10795065928260948,-0.23539673240282838,0.1077338678064981,-0.22780566890504195,0.013829234949633331,0.11194081617494067
2516,26,508,492.46916862384336,4319.554466150916,480.8723494206272,4270.11559654706,54.0,0.10795065928260948,-0.099297027434782,0.1077338678064981,-0.09906600865514675,0.013829234949633331,0.030865985327856435
2517,44,508,472.0029937650396,4104.126300266757,480.8723494206272,4270.11559654706,54.0,0.10795065928260948,-0.07820754080484248,0.1077338678064981,-0.06926925313454207,0.013829234949633331,0.05430680207377635
2518,16,508,513.1636048475955,4263.301540421994,480.8723494206272,4270.11559654706,54.0,0.10795065928260948,-0.03440259466864907,0.1077338678064981,-0.03409436884916153,0.013829234949633331,0.016799934696570373
2519,29,508,679.1344462972443,4226.875249913833,480.8723494206272,4270.11559654706,54.0,0.10795065928260948,-0.37184718473383177,0.1077338678064981,-0.3694836429185725,0.013829234949633331,0.12359543896759645
2520,33,508,633.1852302568241,4317.679688677003,480.8723494206272,4270.11559654706,54.0,0.10795065928260948,-0.36862421495906694,0.1077338678064981,-0.3676233356146116,0.013829234949633331,0.0975932546156138
2521,34,509,645.8872104090177,4370.307858894735,506.1832779263153,4271.360107928358,54.0,0.10795065928260948,-0.37127337915306835,0.1077338678064981,-0.36925368722867874,0.013829234949633331,0.10246001975316002
2522,23,509,485.3312407692456,4298.036308618457,506.1832779263153,4271.360107928358,54.0,0.10795065928260948,-0.0570432391421435,0.1077338678064981,-0.05619575670672465,0.013829234949633331,0.019531441488643025
2523,44,509,472.0029937650396,4104.126300266757,506.1832779263153,4271.360107928358,54.0,0.10795065928260948,-0.09741563960226529,0.1077338678064981,-0.08823514969350685,0.013829234949633331,0.061862078689638667
2524,33,509,633.1852302568241,4317.679688677003,506.1832779263153,4271.360107928358,54.0,0.10795065928260948,-0.341334491520512,0.1077338678064981,-0.34021392484531654,0.013829234949633331,0.08467047068914427
2525,43,509,630.0947010611478,4141.259609929846,506.1832779263153,4271.360107928358,54.0,0.10795065928260948,-0.2956612302242309,0.1077338678064981,-0.2937372766111476,0.013829234949633331,0.10967890083197347
2526,24,509,476.8845411410292,4318.364085281663,506.1832779263153,4271.360107928358,54.0,0.10795065928260948,-0.10674129899075219,0.1077338678064981,-0.10646981451490947,0.013829234949633331,0.033399591354695675
2527,16,509,513.1636048475955,4263.301540421994,506.1832779263153,4271.360107928358,54.0,0.10795065928260948,-0.01199222589444198,0.1077338678064981,-0.011751232956687414,0.013829234949633331,0.005422700170673907
2528,29,509,679.1344462972443,4226.875249913833,506.1832779263153,4271.360107928358,54.0,0.10795065928260948,-0.3619644895766655,0.1077338678064981,-0.3593753464355528,0.013829234949633331,0.11257646392833132
2529,30,509,625.9985091941669,4344.425799606012,506.1832779263153,4271.360107928358,54.0,0.10795065928260948,-0.34565056219847956,0.1077338678064981,-0.3441216877121118,0.013829234949633331,0.08465592740212431
2530,35,509,583.2192292927565,4207.570440686977,506.1832779263153,4271.360107928358,54.0,0.10795065928260948,-0.16101329217732263,0.1077338678064981,-0.15949479407190326,0.013829234949633331,0.057643334914404605
2531,67,509,614.1933123417826,4407.07660776138,506.1832779263153,4271.360107928358,54.0,0.10795065928260948,-0.2063069350431781,0.1077338678064981,-0.20182614120788303,0.013829234949633331,0.08748068345340396
2532,37,509,628.569594659982,4182.409690156388,506.1832779263153,4271.360107928358,54.0,0.10795065928260948,-0.24623725280579467,0.1077338678064981,-0.24287092212623262,0.013829234949633331,0.08882338498738715
2533,41,510,461.8106926932424,4070.996636995212,486.333478002448,4218.397487853233,54.0,0.10795065928260948,-0.09697220475066609,0.1077338678064981,-0.08872319393942613,0.013829234949633331,0.05073048686089064
2534,33,510,633.1852302568241,4317.679688677003,486.333478002448,4218.397487853233,54.0,0.10795065928260948,-0.38411190693819713,0.1077338678064981,-0.3803236762279886,0.013829234949633331,0.10448163217462703
2535,35,510,583.2192292927565,4207.570440686977,486.333478002448,4218.397487853233,54.0,0.10795065928260948,-0.1318659133735828,0.1077338678064981,-0.12930640341310765,0.013829234949633331,0.053462651308354085
2536,45,510,517.3116391169647,4113.7490927459785,486.333478002448,4218.397487853233,54.0,0.10795065928260948,-0.12630905895241987,0.1077338678064981,-0.12207570612365978,0.013829234949633331,0.05295714186355082
2537,19,510,324.8153272931308,4135.979057138678,486.333478002448,4218.397487853233,54.0,0.10795065928260948,-0.17149428470788797,0.1077338678064981,-0.16369991229869996,0.013829234949633331,0.08776553446356541
2538,23,510,485.3312407692456,4298.036308618457,486.333478002448,4218.397487853233,54.0,0.10795065928260948,-0.08375548437054699,0.1077338678064981,-0.0815849946078511,0.013829234949633331,0.03776540073493175
2539,43,510,630.0947010611478,4141.259609929846,486.333478002448,4218.397487853233,54.0,0.10795065928260948,-0.2817337362677219,0.1077338678064981,-0.27898954425067785,0.013829234949633331,0.09766350709103931
2540,29,510,679.1344462972443,4226.875249913833,486.333478002448,4218.397487853233,54.0,0.10795065928260948,-0.28504912408095767,0.1077338678064981,-0.2816221750220697,0.013829234949633331,0.11370332900215142
2541,30,510,625.9985091941669,4344.425799606012,486.333478002448,4218.397487853233,54.0,0.10795065928260948,-0.4157190808603044,0.1077338678064981,-0.4124971617991632,0.013829234949633331,0.10754725010645896
2542,37,510,628.569594659982,4182.409690156388,486.333478002448,4218.397487853233,54.0,0.10795065928260948,-0.21458870729594515,0.1077338678064981,-0.21021311389927771,0.013829234949633331,0.0835533967805439
2543,24,510,476.8845411410292,4318.364085281663,486.333478002448,4218.397487853233,54.0,0.10795065928260948,-0.13034267441821779,0.1077338678064981,-0.12856553904564924,0.013829234949633331,0.050922680245693866
2544,44,510,472.0029937650396,4104.126300266757,486.333478002448,4218.397487853233,54.0,0.10795065928260948,-0.046697968082116466,0.1077338678064981,-0.039099454761825796,0.013829234949633331,0.03591021213452367
2545,16,510,510.22088537403255,4246.5421852479,486.333478002448,4218.397487853233,54.0,0.10795065928260948,-0.024276798163910977,0.1077338678064981,-0.02271282209841731,0.013829234949633331,0.014702340254843375
2546,16,511,510.22088537403255,4246.5421852479,465.122364122729,4206.899148776987,54.0,0.10795065928260948,-0.03397829242270013,0.1077338678064981,-0.03107160034482572,0.013829234949633331,0.021925578016829303
2547,30,511,625.9985091941669,4344.425799606012,465.122364122729,4206.899148776987,54.0,0.10795065928260948,-0.42022663985631,0.1077338678064981,-0.41569539631332864,0.013829234949633331,0.11427168205202194
2548,19,511,324.8153272931308,4135.979057138678,465.122364122729,4206.899148776987,54.0,0.10795065928260948,-0.16125596463804714,0.1077338678064981,-0.15498853028904233,0.013829234949633331,0.08011193109973055
2549,41,511,461.8106926932424,4070.996636995212,465.122364122729,4206.899148776987,54.0,0.10795065928260948,-0.08445076649717674,0.1077338678064981,-0.07682113591229059,0.013829234949633331,0.042933570051769565
2550,44,511,472.0029937650396,4104.126300266757,465.122364122729,4206.899148776987,54.0,0.10795065928260948,-0.032038835530815615,0.1077338678064981,-0.02510951843010534,0.013829234949633331,0.026512988044902014
2551,43,511,630.0947010611478,4141.259609929846,465.122364122729,4206.899148776987,54.0,0.10795065928260948,-0.28545598776042475,0.1077338678064981,-0.2823344136299232,0.013829234949633331,0.10062991974685796
2552,45,511,517.3116391169647,4113.7490927459785,465.122364122729,4206.899148776987,54.0,0.10795065928260948,-0.09837057316935978,0.1077338678064981,-0.09300597314952647,0.013829234949633331,0.04537720231373482
2553,22,511,301.6304881357929,4156.037775497009,465.122364122729,4206.899148776987,54.0,0.10795065928260948,-0.1739822575329139,0.1077338678064981,-0.1680290225885826,0.013829234949633331,0.08676066770560874
2554,35,511,583.2192292927565,4207.570440686977,465.122364122729,4206.899148776987,54.0,0.10795065928260948,-0.13963728304623843,0.1077338678064981,-0.1356943604230918,0.013829234949633331,0.05969955259365732
2555,23,511,485.3312407692456,4298.036308618457,465.122364122729,4206.899148776987,54.0,0.10795065928260948,-0.09913954986953555,0.1077338678064981,-0.09601224056789591,0.013829234949633331,0.0451788486726469
2556,37,511,628.569594659982,4182.409690156388,465.122364122729,4206.899148776987,54.0,0.10795065928260948,-0.23917020152832072,0.1077338678064981,-0.2343810695882833,0.013829234949633331,0.08974596293284753
2557,29,511,679.1344462972443,4226.875249913833,465.122364122729,4206.899148776987,54.0,0.10795065928260948,-0.2908633627030707,0.1077338678064981,-0.2851497435330411,0.013829234949633331,0.12119848617119033
2558,43,512,630.0947010611478,4141.259609929846,490.5454553088719,4199.285433819725,54.0,0.10795065928260948,-0.2748464929189653,0.1077338678064981,-0.2735048194702512,0.013829234949633331,0.09269681345046958
2559,65,512,465.43944178630807,4063.6597216274654,490.5454553088719,4199.285433819725,54.0,0.10795065928260948,-0.1174916788920893,0.1077338678064981,-0.1113115633601954,0.013829234949633331,0.05427616927206095
2560,26,512,492.46916862384336,4319.554466150916,490.5454553088719,4199.285433819725,54.0,0.10795065928260948,-0.14049778313062766,0.1077338678064981,-0.1373056699567241,0.013829234949633331,0.057675461324057674
2561,24,512,476.8845411410292,4318.364085281663,490.5454553088719,4199.285433819725,54.0,0.10795065928260948,-0.13865307061413812,0.1077338678064981,-0.13541023497901244,0.013829234949633331,0.05728617821151894
2562,41,512,461.8106926932424,4070.996636995212,490.5454553088719,4199.285433819725,54.0,0.10795065928260948,-0.09271641962859829,0.1077338678064981,-0.0857563648163179,0.013829234949633331,0.04682059358525969
2563,16,512,510.22088537403255,4246.5421852479,490.5454553088719,4199.285433819725,54.0,0.10795065928260948,-0.03401790816509767,0.1077338678064981,-0.03143205361193778,0.013829234949633331,0.020595425302853708
2564,44,512,472.0029937650396,4104.126300266757,490.5454553088719,4199.285433819725,54.0,0.10795065928260948,-0.044181213053514454,0.1077338678064981,-0.03834077268835112,0.013829234949633331,0.03174160335357861
2565,29,512,679.1344462972443,4226.875249913833,490.5454553088719,4199.285433819725,54.0,0.10795065928260948,-0.2818474995304792,0.1077338678064981,-0.2777102304281428,0.013829234949633331,0.1141116686319184
2566,19,512,324.8153272931308,4135.979057138678,490.5454553088719,4199.285433819725,54.0,0.10795065928260948,-0.17359474025326727,0.1077338678064981,-0.1648295293084189,0.013829234949633331,0.08677681587313515
2567,22,512,301.6304881357929,4156.037775497009,490.5454553088719,4199.285433819725,54.0,0.10795065928260948,-0.18392438865321262,0.1077338678064981,-0.17573773011821853,0.013829234949633331,0.09323068070286802
2568,23,512,485.3312407692456,4298.036308618457,490.5454553088719,4199.285433819725,54.0,0.10795065928260948,-0.09194323461501966,0.1077338678064981,-0.08831664112679993,0.013829234949633331,0.04406619585425835
2569,45,512,517.3116391169647,4113.7490927459785,490.5454553088719,4199.285433819725,54.0,0.10795065928260948,-0.11582767138115438,0.1077338678064981,-0.1129172145730951,0.013829234949633331,0.04616445269380196
2570,27,512,413.6607163277177,4126.933692479007,490.5454553088719,4199.285433819725,54.0,0.10795065928260948,-0.07765413916495224,0.1077338678064981,-0.07126483416169686,0.013829234949633331,0.042926472161577
2571,30,512,625.9985091941669,4344.425799606012,490.5454553088719,4199.285433819725,54.0,0.10795065928260948,-0.4453905753118306,0.1077338678064981,-0.4415016724627682,0.013829234949633331,0.11666678606815284
2572,26,513,492.46916862384336,4319.554466150916,529.8239150277818,4263.102067604929,54.0,0.10795065928260948,-0.11267914605020972,0.1077338678064981,-0.1123053792055492,0.013829234949633331,0.03940690378626499
2573,23,513,485.3312407692456,4298.036308618457,529.8239150277818,4263.102067604929,54.0,0.10795065928260948,-0.08685586287233935,0.1077338678064981,-0.08571425725121708,0.013829234949633331,0.031800282390369534
2574,29,513,679.1344462972443,4226.875249913833,529.8239150277818,4263.102067604929,54.0,0.10795065928260948,-0.32618360219828596,0.1077338678064981,-0.32424874953440325,0.013829234949633331,0.09901080552179026
2575,24,513,476.8845411410292,4318.364085281663,529.8239150277818,4263.102067604929,54.0,0.10795065928260948,-0.13501018242602736,0.1077338678064981,-0.13478588081452578,0.013829234949633331,0.04485619087723232
2576,23,514,488.8120729307579,4304.355849360457,538.5355942881802,4277.098759825456,54.0,0.10795065928260948,-0.09736071345930175,0.1077338678064981,-0.09711460854491409,0.013829234949633331,0.03294641409581585
2577,24,514,476.8845411410292,4318.364085281663,538.5355942881802,4277.098759825456,54.0,0.10795065928260948,-0.13885263032921963,0.1077338678064981,-0.13917061530527364,0.013829234949633331,0.04443320141163595
2578,16,514,519.0070440168354,4262.203633597157,538.5355942881802,4277.098759825456,54.0,0.10795065928260948,-0.038043735377843356,0.1077338678064981,-0.03765899830669901,0.013829234949633331,0.014022167933671021
2579,29,514,679.1344462972443,4226.875249913833,538.5355942881802,4277.098759825456,54.0,0.10795065928260948,-0.34144386940283833,0.1077338678064981,-0.3393345907985778,0.013829234949633331,0.09815120913785094
2580,26,514,492.46916862384336,4319.554466150916,538.5355942881802,4277.098759825456,54.0,0.10795065928260948,-0.11048946834005705,0.1077338678064981,-0.11032924809963257,0.013829234949633331,0.03732554307194442
2581,2,515,-517.6817734392575,3585.1734601257845,-374.9103311708055,3656.421360427769,54.0,0.10795065928260948,-0.31782083543647033,0.1077338678064981,-0.31298282872988925,0.013829234949633331,0.12890902333718682
2582,0,515,-370.9184736815143,3578.821080117009,-374.9103311708055,3656.421360427769,54.0,0.10795065928260948,-0.17125583475672312,0.1077338678064981,-0.167869006452738,0.013829234949633331,0.06681724922473158
2583,2,516,-517.6817734392575,3585.1734601257845,-378.4105488505552,3641.913217468345,54.0,0.10795065928260948,-0.3028930654022422,0.1077338678064981,-0.2984314728786079,0.013829234949633331,0.12272511725674592
2584,0,516,-370.9184736815143,3578.821080117009,-378.4105488505552,3641.913217468345,54.0,0.10795065928260948,-0.13944775322772002,0.1077338678064981,-0.13726617686917306,0.013829234949633331,0.05523746373555255
2585,0,517,-370.9184736815143,3578.821080117009,-385.33208216661006,3627.100488486961,54.0,0.10795065928260948,-0.11126367661661077,0.1077338678064981,-0.10991683757103748,0.013829234949633331,0.04511934694888055
2586,2,518,-517.6817734392575,3585.1734601257845,-390.8209967890227,3608.249021001745,54.0,0.10795065928260948,-0.26238555251620077,0.1077338678064981,-0.2581961883798961,0.013829234949633331,0.10786620471560583
2587,0,518,-370.9184736815143,3578.821080117009,-390.8209967890227,3608.249021001745,54.0,0.10795065928260948,-0.08096731669716706,0.1077338678064981,-0.07995361723352919,0.013829234949633331,0.03259839766917197
2588,2,519,-517.6817734392575,3585.1734601257845,-408.2621432632536,3592.8912921219685,54.0,0.10795065928260948,-0.2239358820064342,0.1077338678064981,-0.22024566671524473,0.013829234949633331,0.0912158163648091
2589,0,519,-376.58878520787545,3570.7741488906136,-408.2621432632536,3592.8912921219685,54.0,0.10795065928260948,-0.08583538922456928,0.1077338678064981,-0.08515253152482441,0.013829234949633331,0.03439042767504018
2590,14,520,-191.2861040228232,3920.912450661129,16.947210370460294,3854.162344069313,54.0,0.10795065928260948,-0.27099252685321484,0.1077338678064981,-0.2639147249905806,0.013829234949633331,0.12799010202699126
2591,14,521,-191.2861040228232,3920.912450661129,26.581794784317434,3848.416710936236,54.0,0.10795065928260948,-0.2808363680810013,0.1077338678064981,-0.2733468318389797,0.013829234949633331,0.13421943285550145
2592,14,522,-191.2861040228232,3920.912450661129,15.046854621301405,3832.1565750001578,54.0,0.10795065928260948,-0.24099926316556303,0.1077338678064981,-0.23214489292177537,0.013829234949633331,0.12444485516614809
2593,50,522,-32.87294301735424,3776.17863145535,15.046854621301405,3832.1565750001578,54.0,0.10795065928260948,-0.08315202030744988,0.1077338678064981,-0.07960838901413106,0.013829234949633331,0.04373549318039681
2594,50,523,-32.87294301735424,3776.17863145535,11.187468754086296,3812.747884834706,54.0,0.10795065928260948,-0.06700865837235127,0.1077338678064981,-0.06427316562962881,0.013829234949633331,0.03444276621385116
2595,14,523,-191.2861040228232,3920.912450661129,11.187468754086296,3812.747884834706,54.0,0.10795065928260948,-0.2187710931240014,0.1077338678064981,-0.2078743278123189,0.013829234949633331,0.12224484408427153
2596,50,524,-32.87294301735424,3776.17863145535,35.65775954728463,3811.2184228857313,54.0,0.10795065928260948,-0.08658784789218746,0.1077338678064981,-0.0834899854248348,0.013829234949633331,0.04513146401662342
2597,50,525,-32.87294301735424,3776.17863145535,14.975934229222824,3799.243068897464,54.0,0.10795065928260948,-0.0629612771482281,0.1077338678064981,-0.06098120376404112,0.013829234949633331,0.03210716287260692
2598,50,526,-32.87294301735424,3776.17863145535,39.2002283746347,3788.436119844561,54.0,0.10795065928260948,-0.08073917651689404,0.1077338678064981,-0.07809385739500277,0.013829234949633331,0.042505965376616835
2599,50,527,-32.87294301735424,3776.17863145535,15.04579642413452,3767.694366626262,54.0,0.10795065928260948,-0.07547295054683681,0.1077338678064981,-0.07402351723795017,0.013829234949633331,0.0319974528889473
2600,50,528,-32.87294301735424,3776.17863145535,5.372355331992672,3771.380109193948,54.0,0.10795065928260948,-0.06176000187040897,0.1077338678064981,-0.060643172955199026,0.013829234949633331,0.025637068943192447
2601,18,528,55.99463969610678,3684.4657106501672,5.372355331992672,3771.380109193948,54.0,0.10795065928260948,-0.11682685245826945,0.1077338678064981,-0.11220032058798281,0.013829234949633331,0.059945145958304386
2602,14,528,-191.2861040228232,3920.912450661129,5.372355331992672,3771.380109193948,54.0,0.10795065928260948,-0.21129566521302287,0.1077338678064981,-0.19711836228507515,0.013829234949633331,0.12437389781295187
2603,50,529,-32.87294301735424,3776.17863145535,24.679452052912616,3770.6789526338025,54.0,0.10795065928260948,-0.083253058396199,0.1077338678064981,-0.08136871084057148,0.013829234949633331,0.03708361815498858
2604,50,530,-32.87294301735424,3776.17863145535,39.83749752635614,3805.9132554474304,54.0,0.10795065928260948,-0.08777659580858044,0.1077338678064981,-0.08512120806247275,0.013829234949633331,0.04578119106544745
2605,18,530,55.99463969610678,3684.4657106501672,39.83749752635614,3805.9132554474304,54.0,0.10795065928260948,-0.10549390014902353,0.1077338678064981,-0.09954022235732948,0.013829234949633331,0.06281795970771543
2606,18,531,55.99463969610678,3684.4657106501672,24.679857010352134,3808.1866342615103,54.0,0.10795065928260948,-0.11585527976505261,0.1077338678064981,-0.1095705181039229,0.013829234949633331,0.06741754168168398
2607,50,531,-32.87294301735424,3776.17863145535,24.679857010352134,3808.1866342615103,54.0,0.10795065928260948,-0.07601355160158181,0.1077338678064981,-0.07307406983554808,0.013829234949633331,0.03937567952814827
2608,14,532,-191.2861040228232,3920.912450661129,43.05926388611581,3820.358120360771,54.0,0.10795065928260948,-0.27425308440009644,0.1077338678064981,-0.2638219416826703,0.013829234949633331,0.14186118197182201
2609,25,533,264.330530090726,3842.899620060988,46.2511058172998,3844.421224149216,54.0,0.10795065928260948,-0.45760136561447423,0.1077338678064981,-0.45325562623558924,0.013829234949633331,0.15019923371960722
2610,50,533,-32.87294301735424,3776.17863145535,46.2511058172998,3844.421224149216,54.0,0.10795065928260948,-0.11902429512288151,0.1077338678064981,-0.11299919196181014,0.013829234949633331,0.06172179400038978
2611,18,533,55.99463969610678,3684.4657106501672,46.2511058172998,3844.421224149216,54.0,0.10795065928260948,-0.1435270733491866,0.1077338678064981,-0.13503648848592148,0.013829234949633331,0.08266580556949568
2612,18,534,55.99463969610678,3684.4657106501672,27.838527006137475,3838.99962359604,54.0,0.10795065928260948,-0.14448330587268354,0.1077338678064981,-0.13677699931071954,0.013829234949633331,0.08283792205537274
2613,4,535,296.61979068975745,4128.179301772369,250.8258249438829,4077.09190549598,54.0,0.10795065928260948,-0.15400111838293254,0.1077338678064981,-0.15358388293882985,0.013829234949633331,0.043116450331816096
2614,6,535,202.24335058105044,4025.5497211369657,250.8258249438829,4077.09190549598,54.0,0.10795065928260948,-0.14919593431489975,0.1077338678064981,-0.14914789119625668,0.013829234949633331,0.046978771103586434
2615,31,535,286.22286085268047,4096.016113555928,250.8258249438829,4077.09190549598,54.0,0.10795065928260948,-0.10497213929977794,0.1077338678064981,-0.10450273982196849,0.013829234949633331,0.024789920643588065
2616,44,535,470.9318574712719,4102.798680980681,250.8258249438829,4077.09190549598,54.0,0.10795065928260948,-0.4612643481695931,0.1077338678064981,-0.4583635063342856,0.013829234949633331,0.1230620379692767
2617,38,535,292.2609771757026,3909.816818957042,250.8258249438829,4077.09190549598,54.0,0.10795065928260948,-0.30169922608933364,0.1077338678064981,-0.29890585999522756,0.013829234949633331,0.10202010409466414
2618,31,536,286.22286085268047,4096.016113555928,269.0070066875137,4069.184449779752,54.0,0.10795065928260948,-0.09049849888637908,0.1077338678064981,-0.08997997469152694,0.013829234949633331,0.020247810080645974
2619,4,536,296.61979068975745,4128.179301772369,269.0070066875137,4069.184449779752,54.0,0.10795065928260948,-0.15540634299514627,0.1077338678064981,-0.1548768511931364,0.013829234949633331,0.04104199833908424
2620,31,537,286.22286085268047,4096.016113555928,218.97355483206192,4065.9952167575098,54.0,0.10795065928260948,-0.17812780679117868,0.1077338678064981,-0.17747277159848737,0.013829234949633331,0.0465829916659851
2621,25,537,275.18212912654,3848.067080065535,218.97355483206192,4065.9952167575098,54.0,0.10795065928260948,-0.2435278343676551,0.1077338678064981,-0.23402243931000766,0.013829234949633331,0.11596445924055467
2622,53,538,275.4374088407163,3843.51011953928,253.3047041406585,4032.075905579567,54.0,0.10795065928260948,-0.19569531631728931,0.1077338678064981,-0.18750950932974558,0.013829234949633331,0.09516812572887823
2623,44,538,470.9318574712719,4102.798680980681,253.3047041406585,4032.075905579567,54.0,0.10795065928260948,-0.5305134779109175,0.1077338678064981,-0.5279482195452161,0.013829234949633331,0.13756209271540665
2624,25,538,275.18212912654,3848.067080065535,253.3047041406585,4032.075905579567,54.0,0.10795065928260948,-0.18657934174664967,0.1077338678064981,-0.1784616389646172,0.013829234949633331,0.0917011397465511
2625,38,538,292.2609771757026,3909.816818957042,253.3047041406585,4032.075905579567,54.0,0.10795065928260948,-0.1649060904897843,0.1077338678064981,-0.16172893325215992,0.013829234949633331,0.07152255249148676
2626,6,538,202.24335058105044,4025.5497211369657,253.3047041406585,4032.075905579567,54.0,0.10795065928260948,-0.1058696007471364,0.1077338678064981,-0.10527274833392267,0.013829234949633331,0.03416890920813406
2627,31,538,286.22286085268047,4096.016113555928,253.3047041406585,4032.075905579567,54.0,0.10795065928260948,-0.20524594798066575,0.1077338678064981,-0.20470857950659627,0.013829234949633331,0.04657226076792417
2628,53,539,275.4374088407163,3843.51011953928,210.88337358800035,4009.070829044608,54.0,0.10795065928260948,-0.17905564133397278,0.1077338678064981,-0.1728290749015269,0.013829234949633331,0.09091079010892573
2629,25,539,275.18212912654,3848.067080065535,210.88337358800035,4009.070829044608,54.0,0.10795065928260948,-0.1692742558012473,0.1077338678064981,-0.1628965398515723,0.013829234949633331,0.08727810375005589
2630,38,539,292.2609771757026,3909.816818957042,210.88337358800035,4009.070829044608,54.0,0.10795065928260948,-0.12668328829241782,0.1077338678064981,-0.12187522917543596,0.013829234949633331,0.06436007710341998
2631,6,539,202.24335058105044,4025.5497211369657,210.88337358800035,4009.070829044608,54.0,0.10795065928260948,-0.03353310115981936,0.1077338678064981,-0.03302938818277286,0.013829234949633331,0.012617764194289633
2632,28,539,181.0656949265822,4007.0767963031503,210.88337358800035,4009.070829044608,54.0,0.10795065928260948,-0.05805489076226501,0.1077338678064981,-0.057192140219096896,0.013829234949633331,0.0202767699872136
2633,31,539,286.22286085268047,4096.016113555928,210.88337358800035,4009.070829044608,54.0,0.10795065928260948,-0.2797642838681196,0.1077338678064981,-0.2775029892639568,0.013829234949633331,0.07442348889270024
2634,53,540,275.4374088407163,3843.51011953928,249.40203896940795,3977.89614196583,54.0,0.10795065928260948,-0.10762718990189804,0.1077338678064981,-0.10030507063877064,0.013829234949633331,0.06280840600100696
2635,44,540,470.9318574712719,4102.798680980681,249.40203896940795,3977.89614196583,54.0,0.10795065928260948,-0.5037991101564121,0.1077338678064981,-0.5003151740051967,0.013829234949633331,0.152380131074988
2636,38,540,292.2609771757026,3909.816818957042,249.40203896940795,3977.89614196583,54.0,0.10795065928260948,-0.07117246740744147,0.1077338678064981,-0.06798584249565924,0.013829234949633331,0.03881395461627793
2637,25,540,275.18212912654,3848.067080065535,249.40203896940795,3977.89614196583,54.0,0.10795065928260948,-0.0987214341101898,0.1077338678064981,-0.09146870577893267,0.013829234949633331,0.05927751427145743
2638,31,540,286.22286085268047,4096.016113555928,249.40203896940795,3977.89614196583,54.0,0.10795065928260948,-0.28260094901973554,0.1077338678064981,-0.2807118832222829,0.013829234949633331,0.07732812006589017
2639,38,541,292.2609771757026,3909.816818957042,213.75311227222025,3985.814400159764,54.0,0.10795065928260948,-0.10154666074376101,0.1077338678064981,-0.0974970456161508,0.013829234949633331,0.05229190269850843
2640,31,541,286.22286085268047,4096.016113555928,213.75311227222025,3985.814400159764,54.0,0.10795065928260948,-0.30033311216921654,0.1077338678064981,-0.2988066554447949,0.013829234949633331,0.08473327845557152
2641,28,541,181.0656949265822,4007.0767963031503,213.75311227222025,3985.814400159764,54.0,0.10795065928260948,-0.07035415704857131,0.1077338678064981,-0.0701211546994635,0.013829234949633331,0.025571831750417204
2642,53,541,275.4374088407163,3843.51011953928,213.75311227222025,3985.814400159764,54.0,0.10795065928260948,-0.15073358267107828,0.1077338678064981,-0.1452974051800098,0.013829234949633331,0.07865476818697675
2643,25,541,275.18212912654,3848.067080065535,213.75311227222025,3985.814400159764,54.0,0.10795065928260948,-0.14091986727963468,0.1077338678064981,-0.13533361551621734,0.013829234949633331,0.07499796595942297
2644,31,542,286.22286085268047,4096.016113555928,202.69234717139835,3973.005610838789,54.0,0.10795065928260948,-0.3256222588727734,0.1077338678064981,-0.3240362261110271,0.013829234949633331,0.09533198196054615
2645,25,542,264.330530090726,3842.899620060988,202.69234717139835,3973.005610838789,54.0,0.10795065928260948,-0.155472238947817,0.1077338678064981,-0.1512798793474784,0.013829234949633331,0.07685016300171414
2646,6,542,202.24335058105044,4025.5497211369657,202.69234717139835,3973.005610838789,54.0,0.10795065928260948,-0.08451680875748233,0.1077338678064981,-0.08406584207663845,0.013829234949633331,0.03380895542011129
2647,53,542,275.4374088407163,3843.51011953928,202.69234717139835,3973.005610838789,54.0,0.10795065928260948,-0.15430325733638267,0.1077338678064981,-0.14953209806465873,0.013829234949633331,0.07774676949205007
2648,28,542,181.0656949265822,4007.0767963031503,202.69234717139835,3973.005610838789,54.0,0.10795065928260948,-0.07684317122930795,0.1077338678064981,-0.07644871985103718,0.013829234949633331,0.025980697892985936
2649,38,542,292.2609771757026,3909.816818957042,202.69234717139835,3973.005610838789,54.0,0.10795065928260948,-0.10579274473024358,0.1077338678064981,-0.10155204576407875,0.013829234949633331,0.05469037754450598
2650,25,543,264.330530090726,3842.899620060988,193.13049431647704,3945.745622670177,54.0,0.10795065928260948,-0.13494166799455617,0.1077338678064981,-0.13127425132916773,0.013829234949633331,0.06631462680892077
2651,28,543,181.0656949265822,4007.0767963031503,193.13049431647704,3945.745622670177,54.0,0.10795065928260948,-0.10867096617355854,0.1077338678064981,-0.1075714876662669,0.013829234949633331,0.03908502910288813
2652,53,543,275.4374088407163,3843.51011953928,193.13049431647704,3945.745622670177,54.0,0.10795065928260948,-0.13630165823800824,0.1077338678064981,-0.13220397987286403,0.013829234949633331,0.06849054428087445
2653,38,543,292.2609771757026,3909.816818957042,193.13049431647704,3945.745622670177,54.0,0.10795065928260948,-0.11432980153579894,0.1077338678064981,-0.11079362702980396,0.013829234949633331,0.05587879130063043
2654,38,544,292.2609771757026,3909.816818957042,231.2096817700889,3941.271980870057,54.0,0.10795065928260948,-0.06692810514565661,0.1077338678064981,-0.06443830818557664,0.013829234949633331,0.03445902200064902
2655,25,544,275.18212912654,3848.067080065535,231.2096817700889,3941.271980870057,54.0,0.10795065928260948,-0.09087988877022539,0.1077338678064981,-0.08702316048401988,0.013829234949633331,0.04961150453463267
2656,28,544,181.0656949265822,4007.0767963031503,231.2096817700889,3941.271980870057,54.0,0.10795065928260948,-0.12187868632752663,0.1077338678064981,-0.12005866985105665,0.013829234949633331,0.04952206341469287
2657,53,544,275.4374088407163,3843.51011953928,231.2096817700889,3941.271980870057,54.0,0.10795065928260948,-0.10047348143776412,0.1077338678064981,-0.0966838450256905,0.013829234949633331,0.053323974265465146
2658,6,544,202.24335058105044,4025.5497211369657,231.2096817700889,3941.271980870057,54.0,0.10795065928260948,-0.12025878218992743,0.1077338678064981,-0.11821361343881724,0.013829234949633331,0.05261225094390175
2659,25,545,264.330530090726,3842.899620060988,213.2088148446705,3935.668148667985,54.0,0.10795065928260948,-0.1114366908839907,0.1077338678064981,-0.10843385158667632,0.013829234949633331,0.05563062795508689
2660,31,545,286.22286085268047,4096.016113555928,213.2088148446705,3935.668148667985,54.0,0.10795065928260948,-0.33255649867846876,0.1077338678064981,-0.32854348885776286,0.013829234949633331,0.1039934803379903
2661,28,545,181.0656949265822,4007.0767963031503,213.2088148446705,3935.668148667985,54.0,0.10795065928260948,-0.12535930575130444,0.1077338678064981,-0.12372370225311935,0.013829234949633331,0.04758890743837225
2662,38,545,292.2609771757026,3909.816818957042,213.2088148446705,3935.668148667985,54.0,0.10795065928260948,-0.09030842966790877,0.1077338678064981,-0.08771971055100139,0.013829234949633331,0.04423111538209036
2663,12,546,339.7794838460253,3807.442051326752,214.159983359104,3909.3358891854223,54.0,0.10795065928260948,-0.27227684068479036,0.1077338678064981,-0.26694364809401727,0.013829234949633331,0.10002795530531099
2664,38,546,292.2609771757026,3909.816818957042,214.159983359104,3909.3358891854223,54.0,0.10795065928260948,-0.09473815860534722,0.1077338678064981,-0.0937256882941527,0.013829234949633331,0.04345083717873356
2665,25,546,264.330530090726,3842.899620060988,214.159983359104,3909.3358891854223,54.0,0.10795065928260948,-0.08694917680664735,0.1077338678064981,-0.08410370714291192,0.013829234949633331,0.0438548127650811
2666,28,546,181.0656949265822,4007.0767963031503,214.159983359104,3909.3358891854223,54.0,0.10795065928260948,-0.15990029219519306,0.1077338678064981,-0.15791823766592894,0.013829234949633331,0.06158121542854555
2667,53,546,275.4374088407163,3843.51011953928,214.159983359104,3909.3358891854223,54.0,0.10795065928260948,-0.08878094394293977,0.1077338678064981,-0.08543243155627755,0.013829234949633331,0.04651995024815797
2668,25,547,264.330530090726,3842.899620060988,203.71947329620775,3931.023396399216,54.0,0.10795065928260948,-0.1139080930384586,0.1077338678064981,-0.1108118923383489,0.013829234949633331,0.05641272189819425
2669,38,547,292.2609771757026,3909.816818957042,203.71947329620775,3931.023396399216,54.0,0.10795065928260948,-0.10861772963024209,0.1077338678064981,-0.10676383988222103,0.013829234949633331,0.05015770781311476
2670,28,547,181.0656949265822,4007.0767963031503,203.71947329620775,3931.023396399216,54.0,0.10795065928260948,-0.12990557695188257,0.1077338678064981,-0.12829735494960876,0.013829234949633331,0.048455895958228495
2671,31,547,286.22286085268047,4096.016113555928,203.71947329620775,3931.023396399216,54.0,0.10795065928260948,-0.3486538688933098,0.1077338678064981,-0.34483647428412373,0.013829234949633331,0.11075731318616241
2672,53,547,275.4374088407163,3843.51011953928,203.71947329620775,3931.023396399216,54.0,0.10795065928260948,-0.11549039590253032,0.1077338678064981,-0.11195069455022608,0.013829234949633331,0.058717338283597154
2673,22,548,282.91308227706304,4129.966613278081,217.78621872145484,4016.709547047492,54.0,0.10795065928260948,-0.29019243493934765,0.1077338678064981,-0.2883564002379788,0.013829234949633331,0.08343721196530067
2674,21,548,129.6510563411616,4132.672991581291,217.78621872145484,4016.709547047492,54.0,0.10795065928260948,-0.19620034084620946,0.1077338678064981,-0.1921313520344479,0.013829234949633331,0.08778168821542995
2675,19,548,298.45947748194794,4119.807970449649,217.78621872145484,4016.709547047492,54.0,0.10795065928260948,-0.3058979727395086,0.1077338678064981,-0.30408885516958456,0.013829234949633331,0.0828906206528117
2676,19,549,309.4846467710166,4112.556925703692,252.93723737990092,4019.171331489568,54.0,0.10795065928260948,-0.283180524416737,0.1077338678064981,-0.2826038846914752,0.013829234949633331,0.06924862455942664
2677,19,550,299.333811544001,4119.231932352913,208.42466583089583,3984.700961738825,54.0,0.10795065928260948,-0.3580635441902586,0.1077338678064981,-0.35619998656207896,0.013829234949633331,0.10289042012063962
2678,21,550,124.45428010981314,4129.789586920044,208.42466583089583,3984.700961738825,54.0,0.10795065928260948,-0.2298748076186487,0.1077338678064981,-0.22493394198747138,0.013829234949633331,0.1014195686767662
2679,38,550,292.2609771757026,3909.816818957042,208.42466583089583,3984.700961738825,54.0,0.10795065928260948,-0.1074087618091379,0.1077338678064981,-0.10339091816441767,0.013829234949633331,0.054715347965614114
2680,28,550,181.0656949265822,4007.0767963031503,208.42466583089583,3984.700961738825,54.0,0.10795065928260948,-0.06556054354487136,0.1077338678064981,-0.06530372808741887,0.013829234949633331,0.02315690412340629
2681,53,550,275.4374088407163,3843.51011953928,208.42466583089583,3984.700961738825,54.0,0.10795065928260948,-0.15797320776046622,0.1077338678064981,-0.1529364023471404,0.013829234949633331,0.08111816555083136
2682,22,550,282.91308227706304,4129.966613278081,208.42466583089583,3984.700961738825,54.0,0.10795065928260948,-0.3453940116976521,0.1077338678064981,-0.3432222034242291,0.013829234949633331,0.10420290790600226
2683,25,550,273.32909346927136,3847.2246062468,208.42466583089583,3984.700961738825,54.0,0.10795065928260948,-0.1498795274443679,0.1077338678064981,-0.14489877037036017,0.013829234949633331,0.07787093696696984
2684,31,551,286.22286085268047,4096.016113555928,256.83766692814663,3977.954207213813,54.0,0.10795065928260948,-0.27875408588671274,0.1077338678064981,-0.27671471212508597,0.013829234949633331,0.07604647640895114
2685,22,551,282.91308227706304,4129.966613278081,256.83766692814663,3977.954207213813,54.0,0.10795065928260948,-0.33755737877534797,0.1077338678064981,-0.3360877286266587,0.013829234949633331,0.09577610297022678
2686,63,551,316.49031405012005,3929.154743051912,256.83766692814663,3977.954207213813,54.0,0.10795065928260948,-0.0736910980859523,0.1077338678064981,-0.07073680645843257,0.013829234949633331,0.04022469693074132
2687,19,551,309.4846467710166,4112.556925703692,256.83766692814663,3977.954207213813,54.0,0.10795065928260948,-0.3210272617581018,0.1077338678064981,-0.31861221245285015,0.013829234949633331,0.08961656754604488
2688,44,551,470.9318574712719,4102.798680980681,256.83766692814663,3977.954207213813,54.0,0.10795065928260948,-0.4932513545808661,0.1077338678064981,-0.4902972356313024,0.013829234949633331,0.14824610350706854
2689,25,551,275.18212912654,3848.067080065535,256.83766692814663,3977.954207213813,54.0,0.10795065928260948,-0.09854940464783585,0.1077338678064981,-0.09139145371370673,0.013829234949633331,0.058935268108197936
2690,21,551,129.6510563411616,4132.672991581291,256.83766692814663,3977.954207213813,54.0,0.10795065928260948,-0.26445543585427833,0.1077338678064981,-0.2590074817783749,0.013829234949633331,0.11928195754033477
2691,38,551,292.2609771757026,3909.816818957042,256.83766692814663,3977.954207213813,54.0,0.10795065928260948,-0.07033948570454765,0.1077338678064981,-0.06746040464022299,0.013829234949633331,0.03796106722873238
2692,53,551,275.4374088407163,3843.51011953928,256.83766692814663,3977.954207213813,54.0,0.10795065928260948,-0.10763388819253407,0.1077338678064981,-0.10039149653169688,0.013829234949633331,0.06250171209427006
2693,22,552,282.91308227706304,4129.966613278081,216.7424768273763,3934.5668680946055,54.0,0.10795065928260948,-0.3793279209981389,0.1077338678064981,-0.375046920923652,0.013829234949633331,0.12229491070581196
2694,38,552,292.2609771757026,3909.816818957042,216.7424768273763,3934.5668680946055,54.0,0.10795065928260948,-0.08573020289814995,0.1077338678064981,-0.08324999490917923,0.013829234949633331,0.04220675266816381
2695,25,552,264.330530090726,3842.899620060988,216.7424768273763,3934.5668680946055,54.0,0.10795065928260948,-0.1077496545891971,0.1077338678064981,-0.10484837891389613,0.013829234949633331,0.05410809417061553
2696,21,552,108.47030925195396,4120.840536891812,216.7424768273763,3934.5668680946055,54.0,0.10795065928260948,-0.29068333373766037,0.1077338678064981,-0.28545309868743624,0.013829234949633331,0.12330257505511755
2697,31,552,286.22286085268047,4096.016113555928,216.7424768273763,3934.5668680946055,54.0,0.10795065928260948,-0.328525911122252,0.1077338678064981,-0.32424082937987503,0.013829234949633331,0.10238028809836934
2698,53,552,275.4374088407163,3843.51011953928,216.7424768273763,3934.5668680946055,54.0,0.10795065928260948,-0.11061444852591068,0.1077338678064981,-0.10734499281963743,0.013829234949633331,0.056131533432122696
2699,28,552,181.0656949265822,4007.0767963031503,216.7424768273763,3934.5668680946055,54.0,0.10795065928260948,-0.12753035746306496,0.1077338678064981,-0.1258037447975788,0.013829234949633331,0.04890167654286568
2700,21,553,103.34699834515416,4117.964937310308,193.2304932149353,3912.590394161609,54.0,0.10795065928260948,-0.3010903747312043,0.1077338678064981,-0.2960518745734178,0.013829234949633331,0.1301431036934281
2701,25,553,264.330530090726,3842.899620060988,193.2304932149353,3912.590394161609,54.0,0.10795065928260948,-0.11094582220832752,0.1077338678064981,-0.10737651539542346,0.013829234949633331,0.05361568689784427
2702,18,553,126.52937545907687,3669.1679992851136,193.2304932149353,3912.590394161609,54.0,0.10795065928260948,-0.4952311341251182,0.1077338678064981,-0.4905059271387211,0.013829234949633331,0.16974394727085804
2703,53,553,275.4374088407163,3843.51011953928,193.2304932149353,3912.590394161609,54.0,0.10795065928260948,-0.11377489121176665,0.1077338678064981,-0.10972219758812388,0.013829234949633331,0.0567931878030996
2704,38,553,292.2609771757026,3909.816818957042,193.2304932149353,3912.590394161609,54.0,0.10795065928260948,-0.1191388621700977,0.1077338678064981,-0.11784100787636397,0.013829234949633331,0.05475137915034708
2705,22,554,282.91308227706304,4129.966613278081,223.3428052277796,3989.2837293720168,54.0,0.10795065928260948,-0.32638396588185004,0.1077338678064981,-0.3239683032012979,0.013829234949633331,0.09631633810069555
2706,25,554,275.18212912654,3848.067080065535,223.3428052277796,3989.2837293720168,54.0,0.10795065928260948,-0.124780767707551,0.1077338678064981,-0.11763572796901117,0.013829234949633331,0.0710282789003153
2707,22,555,282.91308227706304,4129.966613278081,246.06942951702663,3981.67837797846,54.0,0.10795065928260948,-0.33317240202013254,0.1077338678064981,-0.331758451953999,0.013829234949633331,0.09442816326279688
2708,44,555,470.9318574712719,4102.798680980681,246.06942951702663,3981.67837797846,54.0,0.10795065928260948,-0.5094246278304544,0.1077338678064981,-0.5055148664058113,0.013829234949633331,0.15345778977228808
2709,38,555,292.2609771757026,3909.816818957042,246.06942951702663,3981.67837797846,54.0,0.10795065928260948,-0.07493265063471784,0.1077338678064981,-0.07148445305169578,0.013829234949633331,0.04113198372355968
2710,31,555,286.22286085268047,4096.016113555928,246.06942951702663,3981.67837797846,54.0,0.10795065928260948,-0.2796568959597121,0.1077338678064981,-0.2778537524518617,0.013829234949633331,0.07551053167385957
2711,19,555,309.4846467710166,4112.556925703692,246.06942951702663,3981.67837797846,54.0,0.10795065928260948,-0.32675550493266814,0.1077338678064981,-0.32477329592278875,0.013829234949633331,0.09002003418011022
2712,28,555,181.0656949265822,4007.0767963031503,246.06942951702663,3981.67837797846,54.0,0.10795065928260948,-0.1018373279103578,0.1077338678064981,-0.10051410295929827,0.013829234949633331,0.04258855154223847
2713,53,555,275.4374088407163,3843.51011953928,246.06942951702663,3981.67837797846,54.0,0.10795065928260948,-0.1116065758094768,0.1077338678064981,-0.10402411874065928,0.013829234949633331,0.06481581535031322
2714,25,555,275.18212912654,3848.067080065535,246.06942951702663,3981.67837797846,54.0,0.10795065928260948,-0.10274884634731571,0.1077338678064981,-0.09523213832749307,0.013829234949633331,0.061313043835765704
2715,63,555,316.49031405012005,3929.154743051912,246.06942951702663,3981.67837797846,54.0,0.10795065928260948,-0.08119703668372995,0.1077338678064981,-0.07764369319189773,0.013829234949633331,0.04520469534663597
2716,38,556,292.2609771757026,3909.816818957042,279.6006376701204,4002.5337399919367,54.0,0.10795065928260948,-0.11192775366602595,0.1077338678064981,-0.11013243164789746,0.013829234949633331,0.05243059518714679
2717,22,556,282.91308227706304,4129.966613278081,279.6006376701204,4002.5337399919367,54.0,0.10795065928260948,-0.3164372302344073,0.1077338678064981,-0.31454274355681194,0.013829234949633331,0.0811129957790727
2718,25,556,275.18212912654,3848.067080065535,279.6006376701204,4002.5337399919367,54.0,0.10795065928260948,-0.23578275635491194,0.1077338678064981,-0.2327352844453799,0.013829234949633331,0.088551719189013
2719,19,556,309.4846467710166,4112.556925703692,279.6006376701204,4002.5337399919367,54.0,0.10795065928260948,-0.2808469937001275,0.1077338678064981,-0.27997810601653206,0.013829234949633331,0.07302402565362061
2720,44,556,470.9318574712719,4102.798680980681,279.6006376701204,4002.5337399919367,54.0,0.10795065928260948,-0.4666431395541617,0.1077338678064981,-0.4638715390724658,0.013829234949633331,0.13109664895889978
2721,31,556,286.22286085268047,4096.016113555928,279.6006376701204,4002.5337399919367,54.0,0.10795065928260948,-0.25263764742910383,0.1077338678064981,-0.2508292918278379,0.013829234949633331,0.06110064973240522
2722,53,556,275.4374088407163,3843.51011953928,279.6006376701204,4002.5337399919367,54.0,0.10795065928260948,-0.24635167861501162,0.1077338678064981,-0.2432007626939923,0.013829234949633331,0.09227461207025708
2723,28,557,181.0656949265822,4007.0767963031503,192.79701301972855,3981.811109796079,54.0,0.10795065928260948,-0.05561857538580302,0.1077338678064981,-0.055310685287016575,0.013829234949633331,0.018235136608316143
2724,22,557,282.91308227706304,4129.966613278081,192.79701301972855,3981.811109796079,54.0,0.10795065928260948,-0.36197815409705436,0.1077338678064981,-0.3598302412228306,0.013829234949633331,0.11089989651984541
2725,31,557,286.22286085268047,4096.016113555928,192.79701301972855,3981.811109796079,54.0,0.10795065928260948,-0.334991272865849,0.1077338678064981,-0.3325662234693457,0.013829234949633331,0.09506086322010858
2726,63,557,316.49031405012005,3929.154743051912,192.79701301972855,3981.811109796079,54.0,0.10795065928260948,-0.1314517661243316,0.1077338678064981,-0.1260441361042191,0.013829234949633331,0.06874146381418635
2727,38,557,292.2609771757026,3909.816818957042,192.79701301972855,3981.811109796079,54.0,0.10795065928260948,-0.12840334359438235,0.1077338678064981,-0.12408477966084938,0.013829234949633331,0.06264599007617642
2728,53,557,275.4374088407163,3843.51011953928,192.79701301972855,3981.811109796079,54.0,0.10795065928260948,-0.18033847310058207,0.1077338678064981,-0.17560427929637792,0.013829234949633331,0.08614886351059764
2729,19,557,298.45947748194794,4119.807970449649,192.79701301972855,3981.811109796079,54.0,0.10795065928260948,-0.3807828039203712,0.1077338678064981,-0.37846005386472087,0.013829234949633331,0.11033706766937135
2730,25,557,264.330530090726,3842.899620060988,192.79701301972855,3981.811109796079,54.0,0.10795065928260948,-0.1799629665198439,0.1077338678064981,-0.17565481627112944,0.013829234949633331,0.0847780515371081
2731,21,557,111.49023396136688,4122.591928180344,192.79701301972855,3981.811109796079,54.0,0.10795065928260948,-0.21851180199826406,0.1077338678064981,-0.21440113373247224,0.013829234949633331,0.09277624188786082
2732,53,558,275.4374088407163,3843.51011953928,282.20374954028966,3983.706942123103,54.0,0.10795065928260948,-0.2187246863966135,0.1077338678064981,-0.21562201634941772,0.013829234949633331,0.08060474684163146
2733,19,558,309.4846467710166,4112.556925703692,282.20374954028966,3983.706942123103,54.0,0.10795065928260948,-0.3009874050209861,0.1077338678064981,-0.30012578910505,0.013829234949633331,0.08379331420089581
2734,25,558,275.18212912654,3848.067080065535,282.20374954028966,3983.706942123103,54.0,0.10795065928260948,-0.20796353978387477,0.1077338678064981,-0.20496902688458804,0.013829234949633331,0.0768204086846809
2735,22,558,282.91308227706304,4129.966613278081,282.20374954028966,3983.706942123103,54.0,0.10795065928260948,-0.3444667356408836,0.1077338678064981,-0.342513859103536,0.013829234949633331,0.09292721905487682
2736,38,558,292.2609771757026,3909.816818957042,282.20374954028966,3983.706942123103,54.0,0.10795065928260948,-0.08374367769035145,0.1077338678064981,-0.08199736346810056,0.013829234949633331,0.040602752855411546
2737,44,558,470.9318574712719,4102.798680980681,282.20374954028966,3983.706942123103,54.0,0.10795065928260948,-0.45784197896582246,0.1077338678064981,-0.4560233570779208,0.013829234949633331,0.13322834296312966
2738,63,558,316.49031405012005,3929.154743051912,282.20374954028966,3983.706942123103,54.0,0.10795065928260948,-0.07649747806489315,0.1077338678064981,-0.075147202198323,0.013829234949633331,0.036885248722569715
2739,21,559,112.03870300957362,4122.900375703423,203.2927786194446,3965.297674897721,54.0,0.10795065928260948,-0.2500734594895289,0.1077338678064981,-0.245538759156882,0.013829234949633331,0.10480896396543439
2740,53,559,275.4374088407163,3843.51011953928,203.2927786194446,3965.297674897721,54.0,0.10795065928260948,-0.14860529427430044,0.1077338678064981,-0.14420142881408157,0.013829234949633331,0.0742366296466099
2741,28,559,181.0656949265822,4007.0767963031503,203.2927786194446,3965.297674897721,54.0,0.10795065928260948,-0.08634915991049272,0.1077338678064981,-0.08567828875464711,0.013829234949633331,0.029993177564215757
2742,25,559,264.330530090726,3842.899620060988,203.2927786194446,3965.297674897721,54.0,0.10795065928260948,-0.14790473238247168,0.1077338678064981,-0.1439588854863438,0.013829234949633331,0.07285648636672709
2743,38,559,292.2609771757026,3909.816818957042,203.2927786194446,3965.297674897721,54.0,0.10795065928260948,-0.10315789861061851,0.1077338678064981,-0.09922896522997421,0.013829234949633331,0.05317629993248957
2744,22,559,282.91308227706304,4129.966613278081,203.2927786194446,3965.297674897721,54.0,0.10795065928260948,-0.37136117064464924,0.1077338678064981,-0.36906238572572886,0.013829234949633331,0.11596237056537571
2745,25,560,275.18212912654,3848.067080065535,222.10039796658828,3969.629559878969,54.0,0.10795065928260948,-0.11399648767470116,0.1077338678064981,-0.10832785470666298,0.013829234949633331,0.06341452524463205
2746,63,560,316.49031405012005,3929.154743051912,222.10039796658828,3969.629559878969,54.0,0.10795065928260948,-0.08475676525024259,0.1077338678064981,-0.07970273299547638,0.013829234949633331,0.049571193141314
2747,22,560,282.91308227706304,4129.966613278081,222.10039796658828,3969.629559878969,54.0,0.10795065928260948,-0.34483605265063216,0.1077338678064981,-0.34181003810154675,0.013829234949633331,0.10566876087063486
2748,53,560,275.4374088407163,3843.51011953928,222.10039796658828,3969.629559878969,54.0,0.10795065928260948,-0.12355065896418625,0.1077338678064981,-0.1179915446238429,0.013829234949633331,0.06703491046605703
2749,38,560,292.2609771757026,3909.816818957042,222.10039796658828,3969.629559878969,54.0,0.10795065928260948,-0.08013148733519823,0.1077338678064981,-0.0761929052613497,0.013829234949633331,0.04273003756939201
2750,25,561,275.18212912654,3848.067080065535,236.3271697378009,3965.095470247745,54.0,0.10795065928260948,-0.09811581936416744,0.1077338678064981,-0.09170441343374436,0.013829234949633331,0.05721830630569036
2751,38,561,292.2609771757026,3909.816818957042,236.3271697378009,3965.095470247745,54.0,0.10795065928260948,-0.06790559031048983,0.1077338678064981,-0.06459246053836312,0.013829234949633331,0.036145286821021944
2752,44,561,470.9318574712719,4102.798680980681,236.3271697378009,3965.095470247745,54.0,0.10795065928260948,-0.5108294776658064,0.1077338678064981,-0.5065817529406281,0.013829234949633331,0.1591431552111945
2753,21,562,103.34699834515416,4117.964937310308,192.940446962362,3945.496639258913,54.0,0.10795065928260948,-0.26661049007678683,0.1077338678064981,-0.26214101070198415,0.013829234949633331,0.11344638327656051
2754,31,562,286.22286085268047,4096.016113555928,192.940446962362,3945.496639258913,54.0,0.10795065928260948,-0.3572188377143531,0.1077338678064981,-0.3548027144250987,0.013829234949633331,0.1110231864622214
2755,25,562,264.330530090726,3842.899620060988,192.940446962362,3945.496639258913,54.0,0.10795065928260948,-0.13490115427417054,0.1077338678064981,-0.13123433006007978,0.013829234949633331,0.06627936116684907
2756,28,562,181.0656949265822,4007.0767963031503,192.940446962362,3945.496639258913,54.0,0.10795065928260948,-0.10887549894738965,0.1077338678064981,-0.10776880303525266,0.013829234949633331,0.03919500062159555
2757,38,562,292.2609771757026,3909.816818957042,192.940446962362,3945.496639258913,54.0,0.10795065928260948,-0.11459721376448467,0.1077338678064981,-0.11106500814609394,0.013829234949633331,0.055982042698823384
2758,19,562,307.1218164610252,4114.164913869932,192.940446962362,3945.496639258913,54.0,0.10795065928260948,-0.41117880261547496,0.1077338678064981,-0.40880202604480576,0.013829234949633331,0.1262145768117321
2759,22,562,282.91308227706304,4129.966613278081,192.940446962362,3945.496639258913,54.0,0.10795065928260948,-0.40163132717506467,0.1077338678064981,-0.3986848671698125,0.013829234949633331,0.1291169824035771
2760,53,562,275.4374088407163,3843.51011953928,192.940446962362,3945.496639258913,54.0,0.10795065928260948,-0.1361650290009694,0.1077338678064981,-0.13206771478218451,0.013829234949633331,0.06844873063982507
2761,63,562,316.49031405012005,3929.154743051912,192.940446962362,3945.496639258913,54.0,0.10795065928260948,-0.11488071677981165,0.1077338678064981,-0.10933314580652548,0.013829234949633331,0.06250766592019473
2762,25,563,265.7216829229695,3843.530145988166,217.36962251063744,3945.754127331859,54.0,0.10795065928260948,-0.11513357271907079,0.1077338678064981,-0.11175496842919336,0.013829234949633331,0.058483349773730715
2763,19,563,309.4846467710166,4112.556925703692,217.36962251063744,3945.754127331859,54.0,0.10795065928260948,-0.3699987108236298,0.1077338678064981,-0.3661191298822764,0.013829234949633331,0.11239287637385721
2764,22,563,282.91308227706304,4129.966613278081,217.36962251063744,3945.754127331859,54.0,0.10795065928260948,-0.36924555472744813,0.1077338678064981,-0.3653370517692277,0.013829234949633331,0.11776770038229845
2765,38,563,292.2609771757026,3909.816818957042,217.36962251063744,3945.754127331859,54.0,0.10795065928260948,-0.08251555837075558,0.1077338678064981,-0.07947633066098143,0.013829234949633331,0.042137783943129226
2766,53,563,275.4374088407163,3843.51011953928,217.36962251063744,3945.754127331859,54.0,0.10795065928260948,-0.1180280899765916,0.1077338678064981,-0.11426377072319137,0.013829234949633331,0.06030585048623711
2767,21,563,113.95545875675744,4123.924687226845,217.36962251063744,3945.754127331859,54.0,0.10795065928260948,-0.2792478472009347,0.1077338678064981,-0.2738037687328259,0.013829234949633331,0.11901273135637286
2768,18,564,126.52937545907687,3669.1679992851136,220.543097825573,3910.490639159292,54.0,0.10795065928260948,-0.5362232833998334,0.1077338678064981,-0.5308163126016556,0.013829234949633331,0.17798224114734143
2769,25,564,264.330530090726,3842.899620060988,220.543097825573,3910.490639159292,54.0,0.10795065928260948,-0.08138592927793956,0.1077338678064981,-0.07873466386517515,0.013829234949633331,0.04198591234094892
2770,38,564,292.2609771757026,3909.816818957042,220.543097825573,3910.490639159292,54.0,0.10795065928260948,-0.0870367956494508,0.1077338678064981,-0.08608001531929227,0.013829234949633331,0.04001231407802295
2771,53,564,275.4374088407163,3843.51011953928,220.543097825573,3910.490639159292,54.0,0.10795065928260948,-0.08331451313572702,0.1077338678064981,-0.08015424414606119,0.013829234949633331,0.044439519804054604
2772,38,565,292.2609771757026,3909.816818957042,244.3927331677535,4039.453609614884,54.0,0.10795065928260948,-0.177854682037755,0.1077338678064981,-0.17390043485028275,0.013829234949633331,0.07716965906583405
2773,31,565,286.22286085268047,4096.016113555928,244.3927331677535,4039.453609614884,54.0,0.10795065928260948,-0.19680208919037506,0.1077338678064981,-0.1957903659422102,0.013829234949633331,0.045534694915299524
2774,25,565,275.18212912654,3848.067080065535,244.3927331677535,4039.453609614884,54.0,0.10795065928260948,-0.1929884956110847,0.1077338678064981,-0.1842475783271469,0.013829234949633331,0.09714169358472742
2775,53,565,275.4374088407163,3843.51011953928,244.3927331677535,4039.453609614884,54.0,0.10795065928260948,-0.20166950298882702,0.1077338678064981,-0.19287296551425778,0.013829234949633331,0.1005668222037283
2776,19,565,298.45947748194794,4119.807970449649,244.3927331677535,4039.453609614884,54.0,0.10795065928260948,-0.2450463810266651,0.1077338678064981,-0.24403436720451782,0.013829234949633331,0.06085004902534005
2777,22,565,282.91308227706304,4129.966613278081,244.3927331677535,4039.453609614884,54.0,0.10795065928260948,-0.23960609465975322,0.1077338678064981,-0.2383873329105128,0.013829234949633331,0.062488021281796466
2778,21,565,129.6510563411616,4132.672991581291,244.3927331677535,4039.453609614884,54.0,0.10795065928260948,-0.23106396763870715,0.1077338678064981,-0.2273178809773973,0.013829234949633331,0.09008174950166377
2779,21,566,129.6510563411616,4132.672991581291,235.85174675780948,4052.0064504657407,54.0,0.10795065928260948,-0.2038685423252695,0.1077338678064981,-0.20055719748956513,0.013829234949633331,0.08082411761891414
2780,19,566,298.45947748194794,4119.807970449649,235.85174675780948,4052.0064504657407,54.0,0.10795065928260948,-0.2178860237607499,0.1077338678064981,-0.21736172599491604,0.013829234949633331,0.05735379480301139
2781,44,566,470.9318574712719,4102.798680980681,235.85174675780948,4052.0064504657407,54.0,0.10795065928260948,-0.5696991314062462,0.1077338678064981,-0.5653554336280987,0.013829234949633331,0.14314414722933894
2782,31,566,286.22286085268047,4096.016113555928,235.85174675780948,4052.0064504657407,54.0,0.10795065928260948,-0.1783415054043878,0.1077338678064981,-0.17765165079700154,0.013829234949633331,0.04287260358128224
2783,22,566,282.91308227706304,4129.966613278081,235.85174675780948,4052.0064504657407,54.0,0.10795065928260948,-0.2081666172869264,0.1077338678064981,-0.20725335039626225,0.013829234949633331,0.057514942881534005
2784,25,566,275.18212912654,3848.067080065535,235.85174675780948,4052.0064504657407,54.0,0.10795065928260948,-0.2163597768654316,0.1077338678064981,-0.20697294652970946,0.013829234949633331,0.10488362214407969
2785,19,567,298.45947748194794,4119.807970449649,240.6308949961324,4066.355460037511,54.0,0.10795065928260948,-0.1766734908344917,0.1077338678064981,-0.17633786008773975,0.013829234949633331,0.04804116929871502
2786,22,567,282.91308227706304,4129.966613278081,240.6308949961324,4066.355460037511,54.0,0.10795065928260948,-0.17235461996276472,0.1077338678064981,-0.17145122396336543,0.013829234949633331,0.04802240172967571
2787,25,567,275.18212912654,3848.067080065535,240.6308949961324,4066.355460037511,54.0,0.10795065928260948,-0.25609458093481713,0.1077338678064981,-0.24699827624966253,0.013829234949633331,0.11500299777916598
2788,44,567,470.9318574712719,4102.798680980681,240.6308949961324,4066.355460037511,54.0,0.10795065928260948,-0.5206826045612755,0.1077338678064981,-0.5174931282997989,0.013829234949633331,0.13438341555287897
2789,21,567,129.6510563411616,4132.672991581291,240.6308949961324,4066.355460037511,54.0,0.10795065928260948,-0.20528472808326417,0.1077338678064981,-0.2017931910762199,0.013829234949633331,0.07917933643021065
2790,31,567,286.22286085268047,4096.016113555928,240.6308949961324,4066.355460037511,54.0,0.10795065928260948,-0.14133765283672728,0.1077338678064981,-0.14077685914523985,0.013829234949633331,0.03421227162560784
2791,31,568,286.22286085268047,4096.016113555928,272.0036303115525,4087.9698110724366,54.0,0.10795065928260948,-0.048482655096837635,0.1077338678064981,-0.048183037202296275,0.013829234949633331,0.010990000249178766
2792,19,568,298.45947748194794,4119.807970449649,272.0036303115525,4087.9698110724366,54.0,0.10795065928260948,-0.08860732071618736,0.1077338678064981,-0.08840645463346772,0.013829234949633331,0.024597976955384453
2793,64,568,251.14156651564912,4194.6094429104505,272.0036303115525,4087.9698110724366,54.0,0.10795065928260948,-0.22565219416570914,0.1077338678064981,-0.22274186875508914,0.013829234949633331,0.07223928928220202
2794,21,568,129.6510563411616,4132.672991581291,272.0036303115525,4087.9698110724366,54.0,0.10795065928260948,-0.26237773604952597,0.1077338678064981,-0.25832332631280863,0.013829234949633331,0.09200367190588174
2795,44,568,470.9318574712719,4102.798680980681,272.0036303115525,4087.9698110724366,54.0,0.10795065928260948,-0.391715936898954,0.1077338678064981,-0.38891264334332015,0.013829234949633331,0.10933848650358713
2796,22,568,282.91308227706304,4129.966613278081,272.0036303115525,4087.9698110724366,54.0,0.10795065928260948,-0.08773159213090145,0.1077338678064981,-0.08760025032925511,0.013829234949633331,0.026166149829879807
2797,38,569,292.2609771757026,3909.816818957042,201.40797252687383,3996.1355278762608,54.0,0.10795065928260948,-0.12585851666156378,0.1077338678064981,-0.12198714725949443,0.013829234949633331,0.0625014195218917
2798,25,569,271.93633125170743,3846.482056580667,201.40797252687383,3996.1355278762608,54.0,0.10795065928260948,-0.17257307644210557,0.1077338678064981,-0.16786616438258842,0.013829234949633331,0.08698221201066908
2799,63,569,316.49031405012005,3929.154743051912,201.40797252687383,3996.1355278762608,54.0,0.10795065928260948,-0.1313125292578472,0.1077338678064981,-0.12677673326923536,0.013829234949633331,0.06959320938877388
2800,28,569,181.0656949265822,4007.0767963031503,201.40797252687383,3996.1355278762608,54.0,0.10795065928260948,-0.04645668263827068,0.1077338678064981,-0.046001563526724444,0.013829234949633331,0.015673276142551092
2801,22,569,282.91308227706304,4129.966613278081,201.40797252687383,3996.1355278762608,54.0,0.10795065928260948,-0.330659735678009,0.1077338678064981,-0.32853291168623794,0.013829234949633331,0.10033155378667519
2802,53,569,275.4374088407163,3843.51011953928,201.40797252687383,3996.1355278762608,54.0,0.10795065928260948,-0.1790574492543002,0.1077338678064981,-0.17422247109240366,0.013829234949633331,0.08976493214431855
2803,31,569,286.22286085268047,4096.016113555928,201.40797252687383,3996.1355278762608,54.0,0.10795065928260948,-0.30605042132736965,0.1077338678064981,-0.303533887682522,0.013829234949633331,0.0846734524694072
2804,21,569,124.27178117802497,4129.6865207267165,201.40797252687383,3996.1355278762608,54.0,0.10795065928260948,-0.2098150746055624,0.1077338678064981,-0.2047287123700669,0.013829234949633331,0.09278967958031709
2805,19,569,298.45947748194794,4119.807970449649,201.40797252687383,3996.1355278762608,54.0,0.10795065928260948,-0.3498056652624212,0.1077338678064981,-0.3474940688506993,0.013829234949633331,0.09984918396540093
2806,53,570,275.4374088407163,3843.51011953928,224.482998151289,4001.4216244713134,54.0,0.10795065928260948,-0.13992334893465824,0.1077338678064981,-0.13168267551571988,0.013829234949633331,0.07946174425815285
2807,44,570,470.9318574712719,4102.798680980681,224.482998151289,4001.4216244713134,54.0,0.10795065928260948,-0.5689562339793895,0.1077338678064981,-0.565229535857969,0.013829234949633331,0.16155101626122328
2808,25,570,275.18212912654,3848.067080065535,224.482998151289,4001.4216244713134,54.0,0.10795065928260948,-0.13071012878347577,0.1077338678064981,-0.12239294191491454,0.013829234949633331,0.07594731548262612
2809,22,570,282.91308227706304,4129.966613278081,224.482998151289,4001.4216244713134,54.0,0.10795065928260948,-0.3113761542961368,0.1077338678064981,-0.3092519169515372,0.013829234949633331,0.08990494549599563
2810,19,570,302.4823843911005,4117.158992605725,224.482998151289,4001.4216244713134,54.0,0.10795065928260948,-0.3251222992638798,0.1077338678064981,-0.3235607651903268,0.013829234949633331,0.08833257145082257
2811,38,570,292.2609771757026,3909.816818957042,224.482998151289,4001.4216244713134,54.0,0.10795065928260948,-0.09960304435963539,0.1077338678064981,-0.09474893734458327,0.013829234949633331,0.05492944796968931
2812,21,570,129.6510563411616,4132.672991581291,224.482998151289,4001.4216244713134,54.0,0.10795065928260948,-0.22305540223649772,0.1077338678064981,-0.21835291147990385,0.013829234949633331,0.09844693559431276
2813,31,570,286.22286085268047,4096.016113555928,224.482998151289,4001.4216244713134,54.0,0.10795065928260948,-0.2713889793031926,0.1077338678064981,-0.26974432922937097,0.013829234949633331,0.07267370082629183
2814,63,570,316.49031405012005,3929.154743051912,224.482998151289,4001.4216244713134,54.0,0.10795065928260948,-0.10966764311580789,0.1077338678064981,-0.10496219529828293,0.013829234949633331,0.06060192042945469
2815,25,571,275.18212912654,3848.067080065535,229.5458883605087,4016.746868363543,54.0,0.10795065928260948,-0.1479414387243466,0.1077338678064981,-0.13923079594875049,0.013829234949633331,0.0832037131144358
2816,22,571,282.91308227706304,4129.966613278081,229.5458883605087,4016.746868363543,54.0,0.10795065928260948,-0.28644527103960493,0.1077338678064981,-0.28460730970335374,0.013829234949633331,0.07977200108908379
2817,53,571,275.4374088407163,3843.51011953928,229.5458883605087,4016.746868363543,54.0,0.10795065928260948,-0.1569055637662184,0.1077338678064981,-0.1481796722686628,0.013829234949633331,0.08674662873388472
2818,44,571,470.9318574712719,4102.798680980681,229.5458883605087,4016.746868363543,54.0,0.10795065928260948,-0.5740131215586888,0.1077338678064981,-0.571584715401834,0.013829234949633331,0.15521631458201757
2819,19,571,298.7204368748345,4119.579668603218,229.5458883605087,4016.746868363543,54.0,0.10795065928260948,-0.29743935170905716,0.1077338678064981,-0.29578592004508264,0.013829234949633331,0.0783604123766007
2820,38,571,292.2609771757026,3909.816818957042,229.5458883605087,4016.746868363543,54.0,0.10795065928260948,-0.12213968782455815,0.1077338678064981,-0.11764427532645193,0.013829234949633331,0.0637967903121219
2821,21,571,129.6510563411616,4132.672991581291,229.5458883605087,4016.746868363543,54.0,0.10795065928260948,-0.21079843074272053,0.1077338678064981,-0.2070588164166891,0.013829234949633331,0.09231989862163754
2822,31,571,286.22286085268047,4096.016113555928,229.5458883605087,4016.746868363543,54.0,0.10795065928260948,-0.24863021708272584,0.1077338678064981,-0.24703234319681128,0.013829234949633331,0.06295675962334596
2823,25,572,275.18212912654,3848.067080065535,227.90513404909052,4039.235656730924,54.0,0.10795065928260948,-0.18975511981613508,0.1077338678064981,-0.18041051906625252,0.013829234949633331,0.09692304177811217
2824,22,572,282.91308227706304,4129.966613278081,227.90513404909052,4039.235656730924,54.0,0.10795065928260948,-0.2412738631067447,0.1077338678064981,-0.2399880762998335,0.013829234949633331,0.06739102436275302
2825,53,572,275.4374088407163,3843.51011953928,227.90513404909052,4039.235656730924,54.0,0.10795065928260948,-0.1987260198617676,0.1077338678064981,-0.18936809445791392,0.013829234949633331,0.10043818307915817
2826,44,572,470.9318574712719,4102.798680980681,227.90513404909052,4039.235656730924,54.0,0.10795065928260948,-0.590726610319314,0.1077338678064981,-0.5865350113348576,0.013829234949633331,0.15158340972339496
2827,31,572,286.22286085268047,4096.016113555928,227.90513404909052,4039.235656730924,54.0,0.10795065928260948,-0.2125035815104681,0.1077338678064981,-0.21134025073792656,0.013829234949633331,0.052456198138729725
2828,19,572,298.45947748194794,4119.807970449649,227.90513404909052,4039.235656730924,54.0,0.10795065928260948,-0.2533323800528201,0.1077338678064981,-0.25235047314244424,0.013829234949633331,0.06717141708666628
2829,21,572,129.6510563411616,4132.672991581291,227.90513404909052,4039.235656730924,54.0,0.10795065928260948,-0.19349219343157567,0.1077338678064981,-0.19001954371684926,0.013829234949633331,0.0817294561957523
2830,21,573,129.6510563411616,4132.672991581291,215.30007276246957,4047.741048059149,54.0,0.10795065928260948,-0.16296108369412293,0.1077338678064981,-0.15953022119577812,0.013829234949633331,0.07168384992443802
2831,25,573,275.18212912654,3848.067080065535,215.30007276246957,4047.741048059149,54.0,0.10795065928260948,-0.20902582922705873,0.1077338678064981,-0.20023036339230274,0.013829234949633331,0.10600539511877893
2832,31,573,286.22286085268047,4096.016113555928,215.30007276246957,4047.741048059149,54.0,0.10795065928260948,-0.21000340791969369,0.1077338678064981,-0.20930970991361553,0.013829234949633331,0.054995343974952836
2833,19,573,298.45947748194794,4119.807970449649,215.30007276246957,4047.741048059149,54.0,0.10795065928260948,-0.24223743391467362,0.1077338678064981,-0.2417913530216465,0.013829234949633331,0.06885264535559861
2834,44,573,470.9318574712719,4102.798680980681,215.30007276246957,4047.741048059149,54.0,0.10795065928260948,-0.6133456047914115,0.1077338678064981,-0.6089734157424099,0.013829234949633331,0.15699542481464404
2835,22,573,277.6908502273422,4133.768071833261,215.30007276246957,4047.741048059149,54.0,0.10795065928260948,-0.2324565845859803,0.1077338678064981,-0.2310987319847387,0.013829234949633331,0.06895601380290571
2836,38,574,292.2609771757026,3909.816818957042,214.7494271220868,4031.061700351105,54.0,0.10795065928260948,-0.15310682704018008,0.1077338678064981,-0.14809839633369637,0.013829234949633331,0.0756849061206736
2837,44,574,470.9318574712719,4102.798680980681,214.7494271220868,4031.061700351105,54.0,0.10795065928260948,-0.6155720428180532,0.1077338678064981,-0.6116814202106975,0.013829234949633331,0.16167271410143372
2838,22,574,282.91308227706304,4129.966613278081,214.7494271220868,4031.061700351105,54.0,0.10795065928260948,-0.26420540674508475,0.1077338678064981,-0.263126116043257,0.013829234949633331,0.07702624122889669
2839,21,574,129.6510563411616,4132.672991581291,214.7494271220868,4031.061700351105,54.0,0.10795065928260948,-0.17544324659700838,0.1077338678064981,-0.1718441662486373,0.013829234949633331,0.07898779683401921
2840,31,574,286.22286085268047,4096.016113555928,214.7494271220868,4031.061700351105,54.0,0.10795065928260948,-0.23875836922886184,0.1077338678064981,-0.2376935337975985,0.013829234949633331,0.06242027024974772
2841,25,574,275.18212912654,3848.067080065535,214.7494271220868,4031.061700351105,54.0,0.10795065928260948,-0.18477678523799967,0.1077338678064981,-0.1758115810479961,0.013829234949633331,0.09618985451710196
2842,19,574,298.45947748194794,4119.807970449649,214.7494271220868,4031.061700351105,54.0,0.10795065928260948,-0.2764906319749966,0.1077338678064981,-0.27570780187008104,0.013829234949633331,0.07693570416196988
2843,28,574,181.0656949265822,4007.0767963031503,214.7494271220868,4031.061700351105,54.0,0.10795065928260948,-0.0799443024006072,0.1077338678064981,-0.07908596500038859,0.013829234949633331,0.027991342839800135
2844,63,575,316.49031405012005,3929.154743051912,275.30803990511106,4023.5491126828542,54.0,0.10795065928260948,-0.15454637769533608,0.1077338678064981,-0.15377897171822588,0.013829234949633331,0.06316836174362855
2845,53,575,275.4374088407163,3843.51011953928,275.30803990511106,4023.5491126828542,54.0,0.10795065928260948,-0.2901617052966909,0.1077338678064981,-0.2870386772019896,0.013829234949633331,0.10645939851380631
2846,25,575,275.18212912654,3848.067080065535,275.30803990511106,4023.5491126828542,54.0,0.10795065928260948,-0.2796983910576877,0.1077338678064981,-0.27667466476838565,0.013829234949633331,0.10278646918763078
2847,53,576,275.4374088407163,3843.51011953928,228.23403405678565,3926.946867381492,54.0,0.10795065928260948,-0.09446251000542166,0.1077338678064981,-0.09150057384462877,0.013829234949633331,0.04899424424610192
2848,25,576,267.48464027237577,3844.373471682145,228.23403405678565,3926.946867381492,54.0,0.10795065928260948,-0.08882908463306795,0.1077338678064981,-0.08611209217812925,0.013829234949633331,0.04639765686053812
2849,38,576,292.2609771757026,3909.816818957042,228.23403405678565,3926.946867381492,54.0,0.10795065928260948,-0.07668583648777509,0.1077338678064981,-0.07529862241772795,0.013829234949633331,0.03632868620168905
2850,2,577,-517.6817734392575,3585.1734601257845,-499.9773429811749,3678.532005153513,54.0,0.10795065928260948,-0.16491702766537142,0.1077338678064981,-0.16104110033422123,0.013829234949633331,0.07486170011053686
2851,2,578,-517.6817734392575,3585.1734601257845,-517.2496129298322,3660.238901566688,54.0,0.10795065928260948,-0.1319413764414311,0.1077338678064981,-0.12891186965815518,0.013829234949633331,0.058930705977212894
2852,1,578,-521.8490863607117,3587.7366019941664,-517.2496129298322,3660.238901566688,54.0,0.10795065928260948,-0.12785504230843364,0.1077338678064981,-0.12489907075798302,0.013829234949633331,0.05724735516108666
2853,20,579,-498.52555730042025,3779.773363273628,-580.6716768976491,3734.978595164169,54.0,0.10795065928260948,-0.17493301323801722,0.1077338678064981,-0.1696987457601865,0.013829234949633331,0.08511315103688574
2854,20,580,-493.1142633148681,3773.7889738968342,-546.4989859266002,3721.4900233429794,54.0,0.10795065928260948,-0.1361656957944582,0.1077338678064981,-0.13217947918290548,0.013829234949633331,0.0614725302274598
2855,20,581,-493.1142633148681,3773.7889738968342,-549.267120039264,3702.54178010288,54.0,0.10795065928260948,-0.16372128611741757,0.1077338678064981,-0.15951409613283532,0.013829234949633331,0.0747959372474775
2856,20,582,-493.1142633148681,3773.7889738968342,-517.9434171149317,3694.1396214923566,54.0,0.10795065928260948,-0.14371403602151595,0.1077338678064981,-0.13980787343126846,0.013829234949633331,0.06368993289807046
2857,31,583,286.22286085268047,4096.016113555928,275.46093069714203,4237.600593298557,54.0,0.10795065928260948,-0.22684620277820944,0.1077338678064981,-0.22354549495300963,0.013829234949633331,0.0915270710249262
2858,4,583,296.61979068975745,4128.179301772369,275.46093069714203,4237.600593298557,54.0,0.10795065928260948,-0.16886258407006496,0.1077338678064981,-0.1655471938401432,0.013829234949633331,0.07423103825494311
2859,23,583,473.2888408458269,4304.725925046426,275.46093069714203,4237.600593298557,54.0,0.10795065928260948,-0.4490299666567375,0.1077338678064981,-0.44335613692779136,0.013829234949633331,0.15644736823593816
2860,44,583,470.9318574712719,4102.798680980681,275.46093069714203,4237.600593298557,54.0,0.10795065928260948,-0.2936875384595519,0.1077338678064981,-0.28523034635702843,0.013829234949633331,0.13472165362369423
2861,44,584,470.9318574712719,4102.798680980681,260.54382607193054,4189.386828262381,54.0,0.10795065928260948,-0.31660526570255965,0.1077338678064981,-0.31132777349340957,0.013829234949633331,0.1291768007380778
2862,23,584,473.2888408458269,4304.725925046426,260.54382607193054,4189.386828262381,54.0,0.10795065928260948,-0.44758512254574634,0.1077338678064981,-0.4403493949756848,0.013829234949633331,0.16440525998711183
2863,31,584,286.22286085268047,4096.016113555928,260.54382607193054,4189.386828262381,54.0,0.10795065928260948,-0.18426908226101668,0.1077338678064981,-0.18230697806001883,0.013829234949633331,0.06297886805555802
2864,4,584,296.61979068975745,4128.179301772369,260.54382607193054,4189.386828262381,54.0,0.10795065928260948,-0.12479952775376003,0.1077338678064981,-0.12254049028074922,0.013829234949633331,0.048544675778240856
2865,4,585,296.61979068975745,4128.179301772369,365.73068580729074,4172.10123667665,54.0,0.10795065928260948,-0.10816795205388471,0.1077338678064981,-0.10687055870312792,0.013829234949633331,0.04879629207175727
2866,41,585,461.8106926932424,4070.996636995212,365.73068580729074,4172.10123667665,54.0,0.10795065928260948,-0.24904641323000656,0.1077338678064981,-0.24639378151625896,0.013829234949633331,0.08047242757583035
2867,31,585,286.22286085268047,4096.016113555928,365.73068580729074,4172.10123667665,54.0,0.10795065928260948,-0.16542105659045617,0.1077338678064981,-0.16515786715148034,0.013829234949633331,0.06424385372469137
2868,27,585,413.6607163277177,4126.933692479007,365.73068580729074,4172.10123667665,54.0,0.10795065928260948,-0.10251547306425102,0.1077338678064981,-0.10054876178426665,0.013829234949633331,0.03997439473167179
2869,23,585,473.2888408458269,4304.725925046426,365.73068580729074,4172.10123667665,54.0,0.10795065928260948,-0.271776324885843,0.1077338678064981,-0.2656229547492881,0.013829234949633331,0.10006968960906629
2870,44,585,470.9318574712719,4102.798680980681,365.73068580729074,4172.10123667665,54.0,0.10795065928260948,-0.15166363318666012,0.1077338678064981,-0.14653425576593637,0.013829234949633331,0.06580842521950447
2871,31,586,286.22286085268047,4096.016113555928,303.0397540729384,4168.450548701593,54.0,0.10795065928260948,-0.13214463476498384,0.1077338678064981,-0.13134816251879472,0.013829234949633331,0.046372945312267044
2872,4,586,296.61979068975745,4128.179301772369,303.0397540729384,4168.450548701593,54.0,0.10795065928260948,-0.07214529741103759,0.1077338678064981,-0.071572575872199,0.013829234949633331,0.028325397696125472
2873,44,586,470.9318574712719,4102.798680980681,303.0397540729384,4168.450548701593,54.0,0.10795065928260948,-0.24985608541209625,0.1077338678064981,-0.2457754356942945,0.013829234949633331,0.09895465964011779
2874,31,587,286.22286085268047,4096.016113555928,306.09515397216705,4130.874580079874,54.0,0.10795065928260948,-0.07550525218600446,0.1077338678064981,-0.07546259514976934,0.013829234949633331,0.024500036954428338
2875,4,587,296.61979068975745,4128.179301772369,306.09515397216705,4130.874580079874,54.0,0.10795065928260948,-0.030949317363358653,0.1077338678064981,-0.030552880850875493,0.013829234949633331,0.013147030130382934
2876,44,587,470.9318574712719,4102.798680980681,306.09515397216705,4130.874580079874,54.0,0.10795065928260948,-0.2500962510651083,0.1077338678064981,-0.24637918788330024,0.013829234949633331,0.09097922679784602
2877,31,588,286.22286085268047,4096.016113555928,302.82165996923425,4119.504667691163,54.0,0.10795065928260948,-0.05904466760870954,0.1077338678064981,-0.0591264925011227,0.013829234949633331,0.017837895556109457
2878,44,588,470.9318574712719,4102.798680980681,302.82165996923425,4119.504667691163,54.0,0.10795065928260948,-0.2666541776773598,0.1077338678064981,-0.26443664927488414,0.013829234949633331,0.09252371460492645
2879,4,588,296.61979068975745,4128.179301772369,302.82165996923425,4119.504667691163,54.0,0.10795065928260948,-0.037589400496630586,0.1077338678064981,-0.03777457199324605,0.013829234949633331,0.013344062647009278
2880,4,589,296.61979068975745,4128.179301772369,291.1882646910309,4099.078724905353,54.0,0.10795065928260948,-0.06496993642631976,0.1077338678064981,-0.06494808219706011,0.013829234949633331,0.02089753620533643
2881,44,589,470.9318574712719,4102.798680980681,291.1882646910309,4099.078724905353,54.0,0.10795065928260948,-0.30655552446918977,0.1077338678064981,-0.30372706455433474,0.013829234949633331,0.0982415226375057
2882,31,589,286.22286085268047,4096.016113555928,291.1882646910309,4099.078724905353,54.0,0.10795065928260948,-0.027352397768983235,0.1077338678064981,-0.02716340596224838,0.013829234949633331,0.006089484824523745
2883,44,590,470.9318574712719,4102.798680980681,272.934747988071,4111.997012157693,54.0,0.10795065928260948,-0.32144841016954223,0.1077338678064981,-0.31930514791919795,0.013829234949633331,0.11001224283854047
2884,31,590,286.22286085268047,4096.016113555928,272.934747988071,4111.997012157693,54.0,0.10795065928260948,-0.047434846032260496,0.1077338678064981,-0.047262171176708515,0.013829234949633331,0.013442835029317509
2885,4,590,296.61979068975745,4128.179301772369,272.934747988071,4111.997012157693,54.0,0.10795065928260948,-0.06344315152901005,0.1077338678064981,-0.06331973058560167,0.013829234949633331,0.02075276212400308
2886,4,591,296.61979068975745,4128.179301772369,255.4251274347216,4100.936453308112,54.0,0.10795065928260948,-0.106786219356204,0.1077338678064981,-0.10609393997444813,0.013829234949633331,0.03277432081647358
2887,31,591,286.22286085268047,4096.016113555928,255.4251274347216,4100.936453308112,54.0,0.10795065928260948,-0.08136995729558444,0.1077338678064981,-0.08087584509859114,0.013829234949633331,0.019694136158850337
2888,4,592,296.61979068975745,4128.179301772369,220.87595282766387,4102.083892846976,54.0,0.10795065928260948,-0.1739641496716888,0.1077338678064981,-0.17214755744994142,0.013829234949633331,0.053395842661223394
2889,31,592,286.22286085268047,4096.016113555928,220.87595282766387,4102.083892846976,54.0,0.10795065928260948,-0.15962417853178748,0.1077338678064981,-0.15843748724563256,0.013829234949633331,0.042022384761497056
2890,64,593,251.14156651564912,4194.6094429104505,373.0536264372821,4237.867458294468,54.0,0.10795065928260948,-0.17633207480829666,0.1077338678064981,-0.171494446350942,0.013829234949633331,0.08560562422158878
2891,19,593,313.8105789821288,4143.210879673134,373.0536264372821,4237.867458294468,54.0,0.10795065928260948,-0.14102293653323472,0.1077338678064981,-0.13814843152926237,0.013829234949633331,0.06566779208965758
2892,23,593,473.2888408458269,4304.725925046426,373.0536264372821,4237.867458294468,54.0,0.10795065928260948,-0.2643132553209349,0.1077338678064981,-0.2609468638846397,0.013829234949633331,0.08072357061448664
2893,16,593,510.22088537403255,4246.5421852479,373.0536264372821,4237.867458294468,54.0,0.10795065928260948,-0.1325638082009078,0.1077338678064981,-0.1255839132304663,0.013829234949633331,0.0708945611594464
2894,22,593,301.6304881357929,4156.037775497009,373.0536264372821,4237.867458294468,54.0,0.10795065928260948,-0.143407846961692,0.1077338678064981,-0.14002513376778244,0.013829234949633331,0.06581050427814714
2895,44,593,472.0029937650396,4104.126300266757,373.0536264372821,4237.867458294468,54.0,0.10795065928260948,-0.1435820908909869,0.1077338678064981,-0.1338419913203328,0.013829234949633331,0.07974020288762544
2896,31,593,286.22286085268047,4096.016113555928,373.0536264372821,4237.867458294468,54.0,0.10795065928260948,-0.23407285126155122,0.1077338678064981,-0.23089760912170815,0.013829234949633331,0.09851307218455602
2897,22,594,301.6304881357929,4156.037775497009,362.3064081282481,4221.704404093187,54.0,0.10795065928260948,-0.1180578169102241,0.1077338678064981,-0.11589328485504402,0.013829234949633331,0.0533440567619537
2898,16,594,510.22088537403255,4246.5421852479,362.3064081282481,4221.704404093187,54.0,0.10795065928260948,-0.1434112010437881,0.1077338678064981,-0.13609301185515912,0.013829234949633331,0.07738564546553295
2899,19,594,313.8105789821288,4143.210879673134,362.3064081282481,4221.704404093187,54.0,0.10795065928260948,-0.11639214650496475,0.1077338678064981,-0.1145750856353513,0.013829234949633331,0.053547160741049496
2900,64,594,251.14156651564912,4194.6094429104505,362.3064081282481,4221.704404093187,54.0,0.10795065928260948,-0.1517611177075946,0.1077338678064981,-0.14832897610461207,0.013829234949633331,0.07363533902953237
2901,16,595,510.22088537403255,4246.5421852479,372.2868734763583,4221.386114156595,54.0,0.10795065928260948,-0.1298832671931474,0.1077338678064981,-0.12278644388620326,0.013829234949633331,0.07097017985413889
2902,19,595,319.13473954701425,4139.652372121544,372.2868734763583,4221.386114156595,54.0,0.10795065928260948,-0.11412247930101999,0.1077338678064981,-0.11203434997452541,0.013829234949633331,0.0551597161991551
2903,41,595,461.8106926932424,4070.996636995212,372.2868734763583,4221.386114156595,54.0,0.10795065928260948,-0.24271324340924302,0.1077338678064981,-0.23730911635746677,0.013829234949633331,0.0967646542891307
2904,31,595,286.22286085268047,4096.016113555928,372.2868734763583,4221.386114156595,54.0,0.10795065928260948,-0.2097771816968828,0.1077338678064981,-0.20750765392802967,0.013829234949633331,0.0884234344922997
2905,21,595,129.6510563411616,4132.672991581291,372.2868734763583,4221.386114156595,54.0,0.10795065928260948,-0.35266234113975137,0.1077338678064981,-0.3432789662289091,0.013829234949633331,0.1652601884095515
2906,64,595,251.14156651564912,4194.6094429104505,372.2868734763583,4221.386114156595,54.0,0.10795065928260948,-0.16225695729648248,0.1077338678064981,-0.1585548580652458,0.013829234949633331,0.07898089418577035
2907,44,595,472.0029937650396,4104.126300266757,372.2868734763583,4221.386114156595,54.0,0.10795065928260948,-0.13668297254230508,0.1077338678064981,-0.12814073657201153,0.013829234949633331,0.07407863249631627
2908,23,595,473.2888408458269,4304.725925046426,372.2868734763583,4221.386114156595,54.0,0.10795065928260948,-0.2605089887776546,0.1077338678064981,-0.25635380790534923,0.013829234949633331,0.08427403245001398
2909,64,596,251.14156651564912,4194.6094429104505,348.8282222887337,4204.538514488947,54.0,0.10795065928260948,-0.13629070249789182,0.1077338678064981,-0.13346102540838536,0.013829234949633331,0.06357247185573926
2910,44,596,470.9318574712719,4102.798680980681,348.8282222887337,4204.538514488947,54.0,0.10795065928260948,-0.17099239737359517,0.1077338678064981,-0.16379984782909465,0.013829234949633331,0.08217670278569142
2911,16,596,510.22088537403255,4246.5421852479,348.8282222887337,4204.538514488947,54.0,0.10795065928260948,-0.14777814392581776,0.1077338678064981,-0.13912588712817195,0.013829234949633331,0.0835403756862109
2912,19,596,313.8105789821288,4143.210879673134,348.8282222887337,4204.538514488947,54.0,0.10795065928260948,-0.09375713393149795,0.1077338678064981,-0.09251709363707503,0.013829234949633331,0.04132466351348802
2913,23,596,473.2888408458269,4304.725925046426,348.8282222887337,4204.538514488947,54.0,0.10795065928260948,-0.2943401598209591,0.1077338678064981,-0.2894066788468625,0.013829234949633331,0.10138188400084526
2914,22,596,301.6304881357929,4156.037775497009,348.8282222887337,4204.538514488947,54.0,0.10795065928260948,-0.09413133700920409,0.1077338678064981,-0.09265000887757002,0.013829234949633331,0.0404804588790189
2915,21,596,129.6510563411616,4132.672991581291,348.8282222887337,4204.538514488947,54.0,0.10795065928260948,-0.3290528766337938,0.1077338678064981,-0.32013602316183276,0.013829234949633331,0.14839392340144641
2916,31,596,286.22286085268047,4096.016113555928,348.8282222887337,4204.538514488947,54.0,0.10795065928260948,-0.18768757574856157,0.1077338678064981,-0.1860903531370567,0.013829234949633331,0.07437158623707914
2917,44,597,470.9318574712719,4102.798680980681,329.5351738167448,4169.038905630156,54.0,0.10795065928260948,-0.20452846030257224,0.1077338678064981,-0.20097877705141995,0.013829234949633331,0.0831199684513399
2918,19,597,313.8105789821288,4143.210879673134,329.5351738167448,4169.038905630156,54.0,0.10795065928260948,-0.04132812593092218,0.1077338678064981,-0.040858865908756176,0.013829234949633331,0.0179668204956684
2919,16,597,510.22088537403255,4246.5421852479,329.5351738167448,4169.038905630156,54.0,0.10795065928260948,-0.16902670625944827,0.1077338678064981,-0.16037669657438702,0.013829234949633331,0.09392379194997748
2920,21,597,129.6510563411616,4132.672991581291,329.5351738167448,4169.038905630156,54.0,0.10795065928260948,-0.31167818441989015,0.1077338678064981,-0.30458975505393987,0.013829234949633331,0.13095152358765083
2921,41,597,461.8106926932424,4070.996636995212,329.5351738167448,4169.038905630156,54.0,0.10795065928260948,-0.30466503161176595,0.1077338678064981,-0.30223165108287503,0.013829234949633331,0.09572650167901084
2922,23,597,473.2888408458269,4304.725925046426,329.5351738167448,4169.038905630156,54.0,0.10795065928260948,-0.32476162610191905,0.1077338678064981,-0.31876446451232454,0.013829234949633331,0.11961474971018042
2923,22,597,301.6304881357929,4156.037775497009,329.5351738167448,4169.038905630156,54.0,0.10795065928260948,-0.04461872657424446,0.1077338678064981,-0.04422233860315164,0.013829234949633331,0.018522276750036475
2924,64,597,251.14156651564912,4194.6094429104505,329.5351738167448,4169.038905630156,54.0,0.10795065928260948,-0.12126226745371257,0.1077338678064981,-0.11884638386597507,0.013829234949633331,0.053221694868445794
2925,27,597,413.6607163277177,4126.933692479007,329.5351738167448,4169.038905630156,54.0,0.10795065928260948,-0.14114849537466917,0.1077338678064981,-0.1396296681330868,0.013829234949633331,0.05565600384378734
2926,31,597,286.22286085268047,4096.016113555928,329.5351738167448,4169.038905630156,54.0,0.10795065928260948,-0.13533283494432236,0.1077338678064981,-0.13452977396789678,0.013829234949633331,0.051072864332834776
2927,64,598,251.14156651564912,4194.6094429104505,346.62414930987774,4170.158415182179,54.0,0.10795065928260948,-0.13846019652071365,0.1077338678064981,-0.13511769675070034,0.013829234949633331,0.062098353442659425
2928,22,598,301.6304881357929,4156.037775497009,346.62414930987774,4170.158415182179,54.0,0.10795065928260948,-0.06364766090005393,0.1077338678064981,-0.06302623319005647,0.013829234949633331,0.027509158666318503
2929,31,598,286.22286085268047,4096.016113555928,346.62414930987774,4170.158415182179,54.0,0.10795065928260948,-0.14520412405779579,0.1077338678064981,-0.144613886544045,0.013829234949633331,0.056346991631959435
2930,19,598,324.4656830993255,4136.208404100951,346.62414930987774,4170.158415182179,54.0,0.10795065928260948,-0.04856038188793502,0.1077338678064981,-0.04807592419556006,0.013829234949633331,0.022666332600824905
2931,27,598,413.6607163277177,4126.933692479007,346.62414930987774,4170.158415182179,54.0,0.10795065928260948,-0.12231002113310348,0.1077338678064981,-0.12091142229678642,0.013829234949633331,0.04741043270698881
2932,44,598,470.9318574712719,4102.798680980681,346.62414930987774,4170.158415182179,54.0,0.10795065928260948,-0.18015671136281128,0.1077338678064981,-0.1761551177472461,0.013829234949633331,0.07460502025272357
2933,21,598,129.6510563411616,4132.672991581291,346.62414930987774,4170.158415182179,54.0,0.10795065928260948,-0.33250796997789683,0.1077338678064981,-0.32512829126697923,0.013829234949633331,0.14031959855846377
2934,16,599,510.22088537403255,4246.5421852479,364.6091053140706,4170.399258321844,54.0,0.10795065928260948,-0.1319808222760383,0.1077338678064981,-0.12488175413291289,0.013829234949633331,0.0740907054725083
2935,31,599,286.22286085268047,4096.016113555928,364.6091053140706,4170.399258321844,54.0,0.10795065928260948,-0.16300027067507633,0.1077338678064981,-0.16277378549616867,0.013829234949633331,0.06313408643512894
2936,44,599,470.9318574712719,4102.798680980681,364.6091053140706,4170.399258321844,54.0,0.10795065928260948,-0.15330313488715408,0.1077338678064981,-0.14840585368063394,0.013829234949633331,0.06585989311380439
2937,64,599,251.14156651564912,4194.6094429104505,364.6091053140706,4170.399258321844,54.0,0.10795065928260948,-0.16219369954459775,0.1077338678064981,-0.15861475439116846,0.013829234949633331,0.07199381278507024
2938,27,599,413.6607163277177,4126.933692479007,364.6091053140706,4170.399258321844,54.0,0.10795065928260948,-0.10238313611786248,0.1077338678064981,-0.10053959044227428,0.013829234949633331,0.03973443314479809
2939,19,599,324.8153272931308,4135.979057138678,364.6091053140706,4170.399258321844,54.0,0.10795065928260948,-0.0645788151442185,0.1077338678064981,-0.06403737149148221,0.013829234949633331,0.029492159250899947
2940,41,600,461.8106926932424,4070.996636995212,334.60250706622514,4156.27046823521,54.0,0.10795065928260948,-0.2944669388290413,0.1077338678064981,-0.29223464625439227,0.013829234949633331,0.08975523719385316
2941,44,600,470.9318574712719,4102.798680980681,334.60250706622514,4156.27046823521,54.0,0.10795065928260948,-0.2021431133813485,0.1077338678064981,-0.19850673907868674,0.013829234949633331,0.07885356387171501
2942,21,600,129.6510563411616,4132.672991581291,334.60250706622514,4156.27046823521,54.0,0.10795065928260948,-0.32280217893290764,0.1077338678064981,-0.316099765965858,0.013829234949633331,0.13185147756787827
2943,64,600,251.14156651564912,4194.6094429104505,334.60250706622514,4156.27046823521,54.0,0.10795065928260948,-0.13623375810052732,0.1077338678064981,-0.13407148671398084,0.013829234949633331,0.05856324335430889
2944,23,600,473.2888408458269,4304.725925046426,334.60250706622514,4156.27046823521,54.0,0.10795065928260948,-0.3169688743024173,0.1077338678064981,-0.3106175216554279,0.013829234949633331,0.11986280794216723
2945,19,600,322.3682131168698,4137.58480892938,334.60250706622514,4156.27046823521,54.0,0.10795065928260948,-0.027417396583217363,0.1077338678064981,-0.02712117565421606,0.013829234949633331,0.01274573553447889
2946,31,600,286.22286085268047,4096.016113555928,334.60250706622514,4156.27046823521,54.0,0.10795065928260948,-0.12355029244044952,0.1077338678064981,-0.12318625397522387,0.013829234949633331,0.04625749888074428
2947,22,601,301.6304881357929,4156.037775497009,355.5439209369716,4156.456968582675,54.0,0.10795065928260948,-0.07180112836687252,0.1077338678064981,-0.07110719645537265,0.013829234949633331,0.03121924891256628
2948,27,601,413.6607163277177,4126.933692479007,355.5439209369716,4156.456968582675,54.0,0.10795065928260948,-0.106443286742844,0.1077338678064981,-0.10529920886840141,0.013829234949633331,0.03967829502766392
2949,64,601,251.14156651564912,4194.6094429104505,355.5439209369716,4156.456968582675,54.0,0.10795065928260948,-0.1564060204206078,0.1077338678064981,-0.1539662449166372,0.013829234949633331,0.06894519581898521
2950,31,601,286.22286085268047,4096.016113555928,355.5439209369716,4156.456968582675,54.0,0.10795065928260948,-0.14368081616465403,0.1077338678064981,-0.14378864673421168,0.013829234949633331,0.05415264801122567
2951,23,601,473.2888408458269,4304.725925046426,355.5439209369716,4156.456968582675,54.0,0.10795065928260948,-0.29460247499616826,0.1077338678064981,-0.28820172360898244,0.013829234949633331,0.11018919151958302
2952,44,601,470.9318574712719,4102.798680980681,355.5439209369716,4156.456968582675,54.0,0.10795065928260948,-0.1700574438780326,0.1077338678064981,-0.1668713678737441,0.013829234949633331,0.0671372399634882
2953,21,601,129.6510563411616,4132.672991581291,355.5439209369716,4156.456968582675,54.0,0.10795065928260948,-0.3493989017870535,0.1077338678064981,-0.3429349305458666,0.013829234949633331,0.14345168614937623
2954,19,601,324.8153272931308,4135.979057138678,355.5439209369716,4156.456968582675,54.0,0.10795065928260948,-0.04492317865723622,0.1077338678064981,-0.04456814490959292,0.013829234949633331,0.02077271757909394
2955,21,602,129.6510563411616,4132.672991581291,299.7110510601282,4116.425155454023,54.0,0.10795065928260948,-0.29017623144850724,0.1077338678064981,-0.28499343789829823,0.013829234949633331,0.10782029058951237
2956,31,602,286.22286085268047,4096.016113555928,299.7110510601282,4116.425155454023,54.0,0.10795065928260948,-0.051946683715009906,0.1077338678064981,-0.05188563040505317,0.013829234949633331,0.015310147940017536
2957,22,602,282.91308227706304,4129.966613278081,299.7110510601282,4116.425155454023,54.0,0.10795065928260948,-0.03878577266151628,0.1077338678064981,-0.03870763371825555,0.013829234949633331,0.013225890291523303
2958,44,602,470.9318574712719,4102.798680980681,299.7110510601282,4116.425155454023,54.0,0.10795065928260948,-0.2716727211615678,0.1077338678064981,-0.26954016004371495,0.013829234949633331,0.09426437404762843
2959,64,602,251.14156651564912,4194.6094429104505,299.7110510601282,4116.425155454023,54.0,0.10795065928260948,-0.1626262595524311,0.1077338678064981,-0.16022818289342333,0.013829234949633331,0.06123975774074005
2960,19,602,300.9079081658487,4118.195306486656,299.7110510601282,4116.425155454023,54.0,0.10795065928260948,-0.00378801419201856,0.1077338678064981,-0.0038349837646323814,0.013829234949633331,0.0012965796435445809
2961,22,603,291.73392650949626,4142.178443865089,320.9729984334359,4121.618338208264,54.0,0.10795065928260948,-0.05399152909938156,0.1077338678064981,-0.05359111342663596,0.013829234949633331,0.0222289941073291
2962,19,603,317.1134398856572,4124.154802727244,320.9729984334359,4121.618338208264,54.0,0.10795065928260948,-0.008078529535449262,0.1077338678064981,-0.008210080616105876,0.013829234949633331,0.002825506162497618
2963,31,603,286.22286085268047,4096.016113555928,320.9729984334359,4121.618338208264,54.0,0.10795065928260948,-0.08428174553166759,0.1077338678064981,-0.0849276505998494,0.013829234949633331,0.0265706186085272
2964,21,603,129.6510563411616,4132.672991581291,320.9729984334359,4121.618338208264,54.0,0.10795065928260948,-0.31600998645587886,0.1077338678064981,-0.3113334219570987,0.013829234949633331,0.1216732049031834
2965,64,603,251.14156651564912,4194.6094429104505,320.9729984334359,4121.618338208264,54.0,0.10795065928260948,-0.16048849054640874,0.1077338678064981,-0.15736741077616279,0.013829234949633331,0.06583702258422386
2966,44,603,470.9318574712719,4102.798680980681,320.9729984334359,4121.618338208264,54.0,0.10795065928260948,-0.235429322073333,0.1077338678064981,-0.23268427538618594,0.013829234949633331,0.08160051602146849
2967,21,604,129.6510563411616,4132.672991581291,268.5028234668558,4104.077574133915,54.0,0.10795065928260948,-0.24098911487905916,0.1077338678064981,-0.2359823859618924,0.013829234949633331,0.08966223045549279
2968,64,604,251.14156651564912,4194.6094429104505,268.5028234668558,4104.077574133915,54.0,0.10795065928260948,-0.185680285545379,0.1077338678064981,-0.18297314653438698,0.013829234949633331,0.062182672145145494
2969,31,604,286.22286085268047,4096.016113555928,268.5028234668558,4104.077574133915,54.0,0.10795065928260948,-0.05097550872710673,0.1077338678064981,-0.0505854573378232,0.013829234949633331,0.01295384742181761
2970,22,604,282.91308227706304,4129.966613278081,268.5028234668558,4104.077574133915,54.0,0.10795065928260948,-0.05936345366328592,0.1077338678064981,-0.05896313446386887,0.013829234949633331,0.01849880306990603
2971,19,604,298.45947748194794,4119.807970449649,268.5028234668558,4104.077574133915,54.0,0.10795065928260948,-0.06545678560101924,0.1077338678064981,-0.06530810302870249,0.013829234949633331,0.02035406827348077
2972,44,604,470.9318574712719,4102.798680980681,268.5028234668558,4104.077574133915,54.0,0.10795065928260948,-0.33108721677834274,0.1077338678064981,-0.32883163358701945,0.013829234949633331,0.11272994549788495
2973,21,605,129.6510563411616,4132.672991581291,308.95176142546023,4100.390848526726,54.0,0.10795065928260948,-0.31690619352398774,0.1077338678064981,-0.3119143040249862,0.013829234949633331,0.11444713037509359
2974,44,605,470.9318574712719,4102.798680980681,308.95176142546023,4100.390848526726,54.0,0.10795065928260948,-0.25465256881674897,0.1077338678064981,-0.25227103677794116,0.013829234949633331,0.08832963713076453
2975,31,605,286.22286085268047,4096.016113555928,308.95176142546023,4100.390848526726,54.0,0.10795065928260948,-0.05959686750537603,0.1077338678064981,-0.05947117109269465,0.013829234949633331,0.014600624454312842
2976,22,605,282.91308227706304,4129.966613278081,308.95176142546023,4100.390848526726,54.0,0.10795065928260948,-0.07056267016733947,0.1077338678064981,-0.07089530944413625,0.013829234949633331,0.02396691377439427
2977,31,606,286.22286085268047,4096.016113555928,321.7264183919306,4102.665007325553,54.0,0.10795065928260948,-0.08101982551115014,0.1077338678064981,-0.08126861082644364,0.013829234949633331,0.02222346492215728
2978,44,606,470.9318574712719,4102.798680980681,321.7264183919306,4102.665007325553,54.0,0.10795065928260948,-0.23227915293401905,0.1077338678064981,-0.2295340098780522,0.013829234949633331,0.08050450392772107
2979,19,606,309.4846467710166,4112.556925703692,321.7264183919306,4102.665007325553,54.0,0.10795065928260948,-0.027530312318172327,0.1077338678064981,-0.027978616965741866,0.013829234949633331,0.00962886460576072
2980,21,606,129.6510563411616,4132.672991581291,321.7264183919306,4102.665007325553,54.0,0.10795065928260948,-0.33734958639725665,0.1077338678064981,-0.33264281043339744,0.013829234949633331,0.12211127594300884
2981,22,606,282.91308227706304,4129.966613278081,321.7264183919306,4102.665007325553,54.0,0.10795065928260948,-0.08388683861659124,0.1077338678064981,-0.08455412079846564,0.013829234949633331,0.02911450414706985
2982,21,607,129.6510563411616,4132.672991581291,219.27949383018264,4092.615330391432,54.0,0.10795065928260948,-0.1399246889453137,0.1077338678064981,-0.1367935616622738,0.013829234949633331,0.058939241116682965
2983,22,607,267.77623279276514,4140.811810679348,219.27949383018264,4092.615330391432,54.0,0.10795065928260948,-0.14996729267570966,0.1077338678064981,-0.1482300249389754,0.013829234949633331,0.046153672944914285
2984,64,607,251.14156651564912,4194.6094429104505,219.27949383018264,4092.615330391432,54.0,0.10795065928260948,-0.21122411688881756,0.1077338678064981,-0.20648127890889456,0.013829234949633331,0.07520237272376122
2985,19,607,298.45947748194794,4119.807970449649,219.27949383018264,4092.615330391432,54.0,0.10795065928260948,-0.17705353363932275,0.1077338678064981,-0.1758248850135832,0.013829234949633331,0.053135652945070576
2986,19,608,298.45947748194794,4119.807970449649,241.15223999434448,4082.933807469713,54.0,0.10795065928260948,-0.1473317631802174,0.1077338678064981,-0.14690216770366826,0.013829234949633331,0.041613888873896214
2987,31,608,286.22286085268047,4096.016113555928,241.15223999434448,4082.933807469713,54.0,0.10795065928260948,-0.1189609583394439,0.1077338678064981,-0.1184579037843548,0.013829234949633331,0.029181798878685467
2988,21,608,129.6510563411616,4132.672991581291,241.15223999434448,4082.933807469713,54.0,0.10795065928260948,-0.19211193512655902,0.1077338678064981,-0.1887019784750129,0.013829234949633331,0.07464709607358982
2989,44,608,470.9318574712719,4102.798680980681,241.15223999434448,4082.933807469713,54.0,0.10795065928260948,-0.4728177594199965,0.1077338678064981,-0.46980069660159834,0.013829234949633331,0.12871014017765697
2990,22,608,277.77652302980147,4133.654750127797,241.15223999434448,4082.933807469713,54.0,0.10795065928260948,-0.13881034119818142,0.1077338678064981,-0.1376941267017374,0.013829234949633331,0.04008369328641374
2991,22,609,282.91308227706304,4129.966613278081,255.9426322707364,4092.0033524375262,54.0,0.10795065928260948,-0.10100437248377048,0.1077338678064981,-0.10026225772065488,0.013829234949633331,0.029179740074602643
2992,64,609,251.14156651564912,4194.6094429104505,255.9426322707364,4092.0033524375262,54.0,0.10795065928260948,-0.21169025627969643,0.1077338678064981,-0.20886164949202216,0.013829234949633331,0.06855856790214546
2993,19,609,298.45947748194794,4119.807970449649,255.9426322707364,4092.0033524375262,54.0,0.10795065928260948,-0.10676139452029121,0.1077338678064981,-0.10647430394669483,0.013829234949633331,0.03067995365797407
2994,21,609,129.6510563411616,4132.672991581291,255.9426322707364,4092.0033524375262,54.0,0.10795065928260948,-0.22065498694116384,0.1077338678064981,-0.21681433816823764,0.013829234949633331,0.08179210570337667
2995,44,609,470.9318574712719,4102.798680980681,255.9426322707364,4092.0033524375262,54.0,0.10795065928260948,-0.41917180945392235,0.1077338678064981,-0.41601365523800765,0.013829234949633331,0.11864377155063549
2996,31,609,286.22286085268047,4096.016113555928,255.9426322707364,4092.0033524375262,54.0,0.10795065928260948,-0.0813770896659941,0.1077338678064981,-0.0809969955963306,0.013829234949633331,0.019127875933607996
2997,41,610,461.8106926932424,4070.996636995212,302.40939418690647,4076.239930161057,54.0,0.10795065928260948,-0.32950745863775055,0.1077338678064981,-0.3296116072844858,0.013829234949633331,0.09456236115456317
2998,22,610,282.91308227706304,4129.966613278081,302.40939418690647,4076.239930161057,54.0,0.10795065928260948,-0.12178754282687304,0.1077338678064981,-0.12150826580086874,0.013829234949633331,0.03411698672971808
2999,19,610,309.4846467710166,4112.556925703692,302.40939418690647,4076.239930161057,54.0,0.10795065928260948,-0.07348772715282088,0.1077338678064981,-0.07413446340215829,0.013829234949633331,0.021928068177043195
3000,44,610,470.9318574712719,4102.798680980681,302.40939418690647,4076.239930161057,54.0,0.10795065928260948,-0.33722468727605376,0.1077338678064981,-0.335134292753257,0.013829234949633331,0.09317633550645536
3001,31,610,286.22286085268047,4096.016113555928,302.40939418690647,4076.239930161057,54.0,0.10795065928260948,-0.06969149345115246,0.1077338678064981,-0.0693150806331054,0.013829234949633331,0.015965858644444712
3002,14,611,-191.8510249122208,3920.732064928668,-373.43476264910015,3766.461917060813,54.0,0.10795065928260948,-0.4144044976660285,0.1077338678064981,-0.40918944598577384,0.013829234949633331,0.1581384508007204
3003,3,611,-366.6419945922364,3850.319998086217,-373.43476264910015,3766.461917060813,54.0,0.10795065928260948,-0.16983097219896037,0.1077338678064981,-0.16616590131533598,0.013829234949633331,0.06280801282103585
3004,14,612,-191.8510249122208,3920.732064928668,-404.9594998600836,3757.059047829879,54.0,0.10795065928260948,-0.4731871600820977,0.1077338678064981,-0.4672066070690917,0.013829234949633331,0.18235617893309913
3005,3,612,-366.6419945922364,3850.319998086217,-404.9594998600836,3757.059047829879,54.0,0.10795065928260948,-0.18834576470423195,0.1077338678064981,-0.18532761130215084,0.013829234949633331,0.0760887633444686
3006,14,613,-191.8510249122208,3920.732064928668,-388.4341386667703,3754.2694742453887,54.0,0.10795065928260948,-0.4535003609832783,0.1077338678064981,-0.4478218803739725,0.013829234949633331,0.1735487117970909
3007,3,613,-366.6419945922364,3850.319998086217,-388.4341386667703,3754.2694742453887,54.0,0.10795065928260948,-0.18977590265830324,0.1077338678064981,-0.18668117562032996,0.013829234949633331,0.0746866821457163
3008,3,614,-366.6419945922364,3850.319998086217,-361.1239523797188,3752.790302079386,54.0,0.10795065928260948,-0.19815829730604256,0.1077338678064981,-0.19376304498363386,0.013829234949633331,0.07305882036811819
3009,14,614,-191.8510249122208,3920.732064928668,-361.1239523797188,3752.790302079386,54.0,0.10795065928260948,-0.41669020391027883,0.1077338678064981,-0.41107708329623965,0.013829234949633331,0.16135581042224956
3010,14,615,-191.8510249122208,3920.732064928668,-374.17678074725006,3737.152975783385,54.0,0.10795065928260948,-0.46029493161344454,0.1077338678064981,-0.45317593142533324,0.013829234949633331,0.17884705460248004
3011,0,615,-370.9184736815143,3578.821080117009,-374.17678074725006,3737.152975783385,54.0,0.10795065928260948,-0.3403776156913541,0.1077338678064981,-0.33484796798799155,0.013829234949633331,0.13545441709272799
3012,3,615,-366.6419945922364,3850.319998086217,-374.17678074725006,3737.152975783385,54.0,0.10795065928260948,-0.2313153213679846,0.1077338678064981,-0.2258467856784722,0.013829234949633331,0.08605365916229092
3013,0,616,-370.9184736815143,3578.821080117009,-350.91326110736713,3715.884060741088,54.0,0.10795065928260948,-0.2983395094664617,0.1077338678064981,-0.2938615606573646,0.013829234949633331,0.11833427442224094
3014,3,616,-366.6419945922364,3850.319998086217,-350.91326110736713,3715.884060741088,54.0,0.10795065928260948,-0.27737121439511064,0.1077338678064981,-0.2707848643836536,0.013829234949633331,0.10477439163039994
3015,14,616,-191.8510249122208,3920.732064928668,-350.91326110736713,3715.884060741088,54.0,0.10795065928260948,-0.459114702774767,0.1077338678064981,-0.4512068245938991,0.013829234949633331,0.18464078494773198
3016,0,617,-370.9184736815143,3578.821080117009,-354.7620074744374,3695.953997662773,54.0,0.10795065928260948,-0.2559812843289962,0.1077338678064981,-0.25199956644537375,0.013829234949633331,0.10067815053010926
3017,0,618,-370.9184736815143,3578.821080117009,-351.1479509122784,3665.503242462116,54.0,0.10795065928260948,-0.1950102977140732,0.1077338678064981,-0.19151311167748236,0.013829234949633331,0.07606016337221595
3018,20,619,-491.6557639897821,3775.103401039669,-389.7627570705973,3743.2169933727887,54.0,0.10795065928260948,-0.19475902043074295,0.1077338678064981,-0.1918847139701477,0.013829234949633331,0.08215486975570702
3019,20,620,-491.6557639897821,3775.103401039669,-366.9323951215805,3742.866649151627,54.0,0.10795065928260948,-0.24221911670764856,0.1077338678064981,-0.2380801696974687,0.013829234949633331,0.09993557238334783
3020,20,621,-491.6557639897821,3775.103401039669,-402.1052308230248,3707.5373006073055,54.0,0.10795065928260948,-0.18922181320332793,0.1077338678064981,-0.18626843404311794,0.013829234949633331,0.08537728051707597
3021,20,622,-491.6557639897821,3775.103401039669,-380.9661528592131,3689.457435245816,54.0,0.10795065928260948,-0.2435852311639181,0.1077338678064981,-0.2399796953813473,0.013829234949633331,0.10849634910545257
3022,20,623,-491.6557639897821,3775.103401039669,-413.19707339021727,3725.878044612585,54.0,0.10795065928260948,-0.15777572380580093,0.1077338678064981,-0.15584088390706857,0.013829234949633331,0.07036308616653955
3023,46,624,-260.0556528336838,3915.584287356416,-162.52306238605374,3916.201907568545,54.0,0.10795065928260948,-0.13581879697092114,0.1077338678064981,-0.13338727582222676,0.013829234949633331,0.058230630864129745
3024,14,625,-191.2861040228232,3920.912450661129,-133.3415231743852,3915.05509414729,54.0,0.10795065928260948,-0.0602490753443211,0.1077338678064981,-0.05794274321517494,0.013829234949633331,0.03069705814229301
3025,14,626,-191.2861040228232,3920.912450661129,-107.03856041422884,3912.688158453438,54.0,0.10795065928260948,-0.10042752897864654,0.1077338678064981,-0.09745292277493761,0.013829234949633331,0.0469473176699019
3026,46,627,-260.0556528336838,3915.584287356416,-185.24762128328757,3894.1527541873807,54.0,0.10795065928260948,-0.12448735149237157,0.1077338678064981,-0.1233896457480531,0.013829234949633331,0.04834433229121565
3027,15,627,-219.46475068668764,3910.916163982088,-185.24762128328757,3894.1527541873807,54.0,0.10795065928260948,-0.051864751461245535,0.1077338678064981,-0.05133400623260742,0.013829234949633331,0.022708692800323248
3028,14,627,-191.8510249122208,3920.732064928668,-185.24762128328757,3894.1527541873807,54.0,0.10795065928260948,-0.022318635222835368,0.1077338678064981,-0.020849776483001,0.013829234949633331,0.013407164882066117
3029,46,628,-260.0556528336838,3915.584287356416,-163.77609401928575,3898.3612294938825,54.0,0.10795065928260948,-0.13274386891777878,0.1077338678064981,-0.1298959425837909,0.013829234949633331,0.057230659413142995
3030,14,628,-191.2861040228232,3920.912450661129,-163.77609401928575,3898.3612294938825,54.0,0.10795065928260948,-0.029783905293218692,0.1077338678064981,-0.028184968113876333,0.013829234949633331,0.017525695044094514
3031,14,629,-191.2861040228232,3920.912450661129,-138.31483592452412,3903.081532209318,54.0,0.10795065928260948,-0.056195681209432094,0.1077338678064981,-0.05408093757823258,0.013829234949633331,0.029191691704915666
3032,15,629,-219.46475068668764,3910.916163982088,-138.31483592452412,3903.081532209318,54.0,0.10795065928260948,-0.09202751403150658,0.1077338678064981,-0.08943170769990993,0.013829234949633331,0.04485572314925584
3033,14,630,-191.8510249122208,3920.732064928668,-176.60911080190527,3873.689646947577,54.0,0.10795065928260948,-0.043051707064678923,0.1077338678064981,-0.041043240808853534,0.013829234949633331,0.023975157058871956
3034,46,630,-260.0556528336838,3915.584287356416,-176.60911080190527,3873.689646947577,54.0,0.10795065928260948,-0.14949717163971055,0.1077338678064981,-0.14813375308396298,0.013829234949633331,0.05613620867085081
3035,15,630,-219.46475068668764,3910.916163982088,-176.60911080190527,3873.689646947577,54.0,0.10795065928260948,-0.07427582849755243,0.1077338678064981,-0.07352322460852005,0.013829234949633331,0.03163191586170582
3036,14,631,-191.2861040228232,3920.912450661129,-149.1571348158001,3881.691152823052,54.0,0.10795065928260948,-0.04129277030516226,0.1077338678064981,-0.03834110543719184,0.013829234949633331,0.025628487027979586
3037,15,631,-219.46475068668764,3910.916163982088,-149.1571348158001,3881.691152823052,54.0,0.10795065928260948,-0.07413815286109084,0.1077338678064981,-0.07166467071578582,0.013829234949633331,0.03728807030993279
3038,15,632,-219.46475068668764,3910.916163982088,-131.5000538528961,3885.757679077044,54.0,0.10795065928260948,-0.08256833517811854,0.1077338678064981,-0.07868136375277593,0.013829234949633331,0.044394145469338495
3039,14,632,-191.2861040228232,3920.912450661129,-131.5000538528961,3885.757679077044,54.0,0.10795065928260948,-0.056505258388285816,0.1077338678064981,-0.05350318414698254,0.013829234949633331,0.0331895410343851
3040,14,633,-191.2861040228232,3920.912450661129,-124.00630206861427,3866.008859174929,54.0,0.10795065928260948,-0.0622760954654761,0.1077338678064981,-0.05760442112917745,0.013829234949633331,0.03881390711241244
3041,15,634,-219.46475068668764,3910.916163982088,-188.24213287120952,3844.223822198344,54.0,0.10795065928260948,-0.11387879619221034,0.1077338678064981,-0.11267685284100852,0.013829234949633331,0.04484585438167095
3042,14,634,-191.8510249122208,3920.732064928668,-188.24213287120952,3844.223822198344,54.0,0.10795065928260948,-0.07390708012469965,0.1077338678064981,-0.07080124296074539,0.013829234949633331,0.03976649155515483
3043,46,634,-260.0556528336838,3915.584287356416,-188.24213287120952,3844.223822198344,54.0,0.10795065928260948,-0.17062824812453686,0.1077338678064981,-0.16907864303551956,0.013829234949633331,0.0626440026346794
3044,15,635,-219.46475068668764,3910.916163982088,-163.18022440468428,3835.315907696576,54.0,0.10795065928260948,-0.11542112431103034,0.1077338678064981,-0.1127421654453607,0.013829234949633331,0.051847550413990494
3045,14,635,-191.8510249122208,3920.732064928668,-163.18022440468428,3835.315907696576,54.0,0.10795065928260948,-0.07131835503635899,0.1077338678064981,-0.06681855091726084,0.013829234949633331,0.041967165735028455
3046,14,636,-191.2861040228232,3920.912450661129,-143.89632797920137,3927.044930804073,54.0,0.10795065928260948,-0.05433000166159052,0.1077338678064981,-0.053254308778342696,0.013829234949633331,0.026604229749581196
3047,14,637,-191.8510249122208,3920.732064928668,-153.2235956101634,3841.402841089208,54.0,0.10795065928260948,-0.06369188054680315,0.1077338678064981,-0.05889329164642558,0.013829234949633331,0.039323021389766274
3048,14,638,-191.2861040228232,3920.912450661129,-134.8166939717991,3867.276296113637,54.0,0.10795065928260948,-0.05403791599719275,0.1077338678064981,-0.0497428171415131,0.013829234949633331,0.034145089195960335
3049,15,639,-219.46475068668764,3910.916163982088,-160.39702155560826,3872.236696721719,54.0,0.10795065928260948,-0.07670479621730736,0.1077338678064981,-0.0750089365776024,0.013829234949633331,0.03598476458945907
3050,14,639,-191.2861040228232,3920.912450661129,-160.39702155560826,3872.236696721719,54.0,0.10795065928260948,-0.040363838372994496,0.1077338678064981,-0.03719031867301109,0.013829234949633331,0.02537317506592715
3051,14,640,-191.8510249122208,3920.732064928668,-170.93912756686086,3857.865301629393,54.0,0.10795065928260948,-0.05553623076054747,0.1077338678064981,-0.05261141816240216,0.013829234949633331,0.03155940590379596
3052,14,641,-191.2861040228232,3920.912450661129,-153.8352027724087,3881.8353385911855,54.0,0.10795065928260948,-0.038146555744298274,0.1077338678064981,-0.03524598353912728,0.013829234949633331,0.02397594222696568
3053,15,641,-219.46475068668764,3910.916163982088,-153.8352027724087,3881.8353385911855,54.0,0.10795065928260948,-0.07219028869409813,0.1077338678064981,-0.07004288480548403,0.013829234949633331,0.03565199883358519
3054,46,642,-260.0556528336838,3915.584287356416,-185.1723244532143,3862.5721872323993,54.0,0.10795065928260948,-0.15524967719818863,0.1077338678064981,-0.15397937719330332,0.013829234949633331,0.056804018223382574
3055,14,642,-191.8510249122208,3920.732064928668,-185.1723244532143,3862.5721872323993,54.0,0.10795065928260948,-0.05362590112775248,0.1077338678064981,-0.05131275097516167,0.013829234949633331,0.029258781531555957
3056,15,642,-219.46475068668764,3910.916163982088,-185.1723244532143,3862.5721872323993,54.0,0.10795065928260948,-0.08740141994329313,0.1077338678064981,-0.08661679935984654,0.013829234949633331,0.03505549162710845
3057,15,643,-219.46475068668764,3910.916163982088,-201.39282667417103,3905.61281133974,54.0,0.10795065928260948,-0.03712900571130702,0.1077338678064981,-0.037136252399818374,0.013829234949633331,0.014767365414970762
3058,14,643,-191.8510249122208,3920.732064928668,-201.39282667417103,3905.61281133974,54.0,0.10795065928260948,-0.015964790387513784,0.1077338678064981,-0.015014522175246986,0.013829234949633331,0.009146728275013572
3059,46,643,-260.0556528336838,3915.584287356416,-201.39282667417103,3905.61281133974,54.0,0.10795065928260948,-0.10398185402691358,0.1077338678064981,-0.10325334784472123,0.013829234949633331,0.03941469071494599
3060,15,644,-219.46475068668764,3910.916163982088,-194.47015295781316,3889.527551350435,54.0,0.10795065928260948,-0.05388075914423077,0.1077338678064981,-0.053705004043222905,0.013829234949633331,0.020983100078904797
3061,14,644,-191.8510249122208,3920.732064928668,-194.47015295781316,3889.527551350435,54.0,0.10795065928260948,-0.026060484545099176,0.1077338678064981,-0.02452344113546214,0.013829234949633331,0.015252584091809879
3062,46,644,-260.0556528336838,3915.584287356416,-194.47015295781316,3889.527551350435,54.0,0.10795065928260948,-0.12479248210644336,0.1077338678064981,-0.12388389068044657,0.013829234949633331,0.04524186723780002
3063,14,645,-191.2861040228232,3920.912450661129,-167.4205538799331,3917.759500104368,54.0,0.10795065928260948,-0.020436264122542742,0.1077338678064981,-0.019318987716470448,0.013829234949633331,0.012052247487144459
3064,46,645,-260.0556528336838,3915.584287356416,-167.4205538799331,3917.759500104368,54.0,0.10795065928260948,-0.13104320359312285,0.1077338678064981,-0.12867020152922173,0.013829234949633331,0.05574499500430033
3065,15,645,-219.46475068668764,3910.916163982088,-167.4205538799331,3917.759500104368,54.0,0.10795065928260948,-0.05988662252089327,0.1077338678064981,-0.05816152776791466,0.013829234949633331,0.029574030872625397
3066,15,646,-219.46475068668764,3910.916163982088,-143.8062093783999,3927.407261262322,54.0,0.10795065928260948,-0.09187829657643211,0.1077338678064981,-0.0900241203525727,0.013829234949633331,0.04379873484381627
3067,14,646,-191.2861040228232,3920.912450661129,-143.8062093783999,3927.407261262322,54.0,0.10795065928260948,-0.05551652237601448,0.1077338678064981,-0.05450002367098971,0.013829234949633331,0.02693161705751744
3068,14,647,-191.2861040228232,3920.912450661129,-128.11374621265907,3902.904347709693,54.0,0.10795065928260948,-0.06963782417932624,0.1077338678064981,-0.06693435783032449,0.013829234949633331,0.03490068884191093
3069,15,647,-219.46475068668764,3910.916163982088,-128.11374621265907,3902.904347709693,54.0,0.10795065928260948,-0.10558340690225816,0.1077338678064981,-0.10239272390337797,0.013829234949633331,0.05066407517520514
3070,14,648,-191.2861040228232,3920.912450661129,-109.38043299124205,3904.605524472531,54.0,0.10795065928260948,-0.09808572204256474,0.1077338678064981,-0.09509085701802558,0.013829234949633331,0.046131835209263644
3071,15,648,-219.46475068668764,3910.916163982088,-109.38043299124205,3904.605524472531,54.0,0.10795065928260948,-0.1344735823739205,0.1077338678064981,-0.13096170965695336,0.013829234949633331,0.06215685155320289
3072,14,649,-191.2861040228232,3920.912450661129,-116.24285178055337,3863.5742101856567,54.0,0.10795065928260948,-0.06897744193203678,0.1077338678064981,-0.06380782873585342,0.013829234949633331,0.04287110780044587
3073,46,650,-260.0556528336838,3915.584287356416,-174.55729592021984,3890.937438124017,54.0,0.10795065928260948,-0.13466316135768372,0.1077338678064981,-0.1332955733487984,0.013829234949633331,0.0535181119875455
3074,14,650,-191.2861040228232,3920.912450661129,-174.55729592021984,3890.937438124017,54.0,0.10795065928260948,-0.028068852410260258,0.1077338678064981,-0.026310457036584904,0.013829234949633331,0.016659570159857456
3075,15,650,-219.46475068668764,3910.916163982088,-174.55729592021984,3890.937438124017,54.0,0.10795065928260948,-0.06042120858077374,0.1077338678064981,-0.059515552727908774,0.013829234949633331,0.027507573350602214
3076,50,651,-32.87294301735424,3776.17863145535,-25.74162000676105,3821.09926387676,54.0,0.10795065928260948,-0.05112532096484666,0.1077338678064981,-0.04962111293636563,0.013829234949633331,0.02647530910609317
3077,14,651,-191.2861040228232,3920.912450661129,-25.74162000676105,3821.09926387676,54.0,0.10795065928260948,-0.16797911750473665,0.1077338678064981,-0.15775800283070315,0.013829234949633331,0.0978613995809841
3078,18,651,55.99463969610678,3684.4657106501672,-25.74162000676105,3821.09926387676,54.0,0.10795065928260948,-0.18479135678298617,0.1077338678064981,-0.17763033836633407,0.013829234949633331,0.09512638888634674
3079,18,652,55.99463969610678,3684.4657106501672,-14.341553360039486,3849.999377693335,54.0,0.10795065928260948,-0.185183536621773,0.1077338678064981,-0.17649529654759716,0.013829234949633331,0.10242259354763185
3080,14,652,-191.2861040228232,3920.912450661129,-14.341553360039486,3849.999377693335,54.0,0.10795065928260948,-0.21176892601465727,0.1077338678064981,-0.20536469621723796,0.013829234949633331,0.10553973259046576
3081,18,653,55.99463969610678,3684.4657106501672,9.734006700963306,3833.316219177283,54.0,0.10795065928260948,-0.1494883747103391,0.1077338678064981,-0.1415501746452719,0.013829234949633331,0.08545197486775179
3082,18,654,55.99463969610678,3684.4657106501672,15.208905088541387,3859.554982036448,54.0,0.10795065928260948,-0.17421006268486186,0.1077338678064981,-0.16556422631436096,0.013829234949633331,0.09845010826978268
3083,32,655,334.71484028241383,4482.861045979598,451.7226557817759,4605.272919197221,54.0,0.10795065928260948,-0.30550590948529005,0.1077338678064981,-0.30072798722941463,0.013829234949633331,0.12591017211784555
3084,32,656,334.71484028241383,4482.861045979598,469.53695878019,4631.78824899171,54.0,0.10795065928260948,-0.36829221998553074,0.1077338678064981,-0.3632210457190206,0.013829234949633331,0.15448483455096593
3085,20,657,-498.52555730042025,3779.773363273628,-534.606119933744,3763.415805899948,54.0,0.10795065928260948,-0.07374110973172526,0.1077338678064981,-0.07172289713574934,0.013829234949633331,0.03387455358604103
3086,20,658,-494.5494165559717,3775.40603065143,-538.2739372748354,3736.42271139639,54.0,0.10795065928260948,-0.10714719948571673,0.1077338678064981,-0.1039398695344856,0.013829234949633331,0.04773032566153926
3087,20,659,-493.1142633148681,3773.7889738968342,-503.4668716314065,3749.0075009138736,54.0,0.10795065928260948,-0.04709379522260858,0.1077338678064981,-0.046077254055518845,0.013829234949633331,0.02002368981903508
3088,20,660,-493.1142633148681,3773.7889738968342,-487.9031031712161,3742.382310792889,54.0,0.10795065928260948,-0.05421860635319218,0.1077338678064981,-0.053105769198021735,0.013829234949633331,0.022912261544847743
3089,20,661,-493.1142633148681,3773.7889738968342,-518.1847377928273,3724.680691386569,54.0,0.10795065928260948,-0.09720105543160479,0.1077338678064981,-0.09486909769188763,0.013829234949633331,0.042423368353428234
3090,14,662,-191.2861040228232,3920.912450661129,64.11247040924663,3872.825368185757,54.0,0.10795065928260948,-0.37746692774706814,0.1077338678064981,-0.3702039740725674,0.013829234949633331,0.16324061618740532
3091,25,662,264.330530090726,3842.899620060988,64.11247040924663,3872.825368185757,54.0,0.10795065928260948,-0.39985629986479626,0.1077338678064981,-0.3980964338440562,0.013829234949633331,0.13525620522130666
3092,21,663,103.34699834515416,4117.964937310308,77.65905487220303,3909.3501493595386,54.0,0.10795065928260948,-0.4426348388754765,0.1077338678064981,-0.43841670342984296,0.013829234949633331,0.1468606369384626
3093,18,663,55.99463969610678,3684.4657106501672,77.65905487220303,3909.3501493595386,54.0,0.10795065928260948,-0.24434238025182503,0.1077338678064981,-0.2340889034611185,0.013829234949633331,0.12915878353468857
3094,14,663,-191.2861040228232,3920.912450661129,77.65905487220303,3909.3501493595386,54.0,0.10795065928260948,-0.46486474617284673,0.1077338678064981,-0.4596174811409981,0.013829234949633331,0.1822442217092345
3095,25,663,264.330530090726,3842.899620060988,77.65905487220303,3909.3501493595386,54.0,0.10795065928260948,-0.3583863093718832,0.1077338678064981,-0.3553807161614871,0.013829234949633331,0.13150439881469517
3096,18,664,55.99463969610678,3684.4657106501672,32.823125034109225,3912.664070630043,54.0,0.10795065928260948,-0.24836205918815352,0.1077338678064981,-0.2376371219503032,0.013829234949633331,0.12895160720837287
3097,14,664,-191.2861040228232,3920.912450661129,32.823125034109225,3912.664070630043,54.0,0.10795065928260948,-0.37886047577228055,0.1077338678064981,-0.37425522800780064,0.013829234949633331,0.14814005344595732
3098,14,665,-191.2861040228232,3920.912450661129,45.6171520763773,3868.016782251201,54.0,0.10795065928260948,-0.3376940320622307,0.1077338678064981,-0.3316000836188453,0.013829234949633331,0.14917534280708783
3099,25,665,264.330530090726,3842.899620060988,45.6171520763773,3868.016782251201,54.0,0.10795065928260948,-0.43700278347763744,0.1077338678064981,-0.43446881348380034,0.013829234949633331,0.14747341845581063
3100,18,665,55.99463969610678,3684.4657106501672,45.6171520763773,3868.016782251201,54.0,0.10795065928260948,-0.17414883370469775,0.1077338678064981,-0.16427936644435387,0.013829234949633331,0.09748631964825874
3101,21,666,103.34699834515416,4117.964937310308,67.19752621553442,3879.29954399636,54.0,0.10795065928260948,-0.49581152911213416,0.1077338678064981,-0.49040903465238705,0.013829234949633331,0.1688700587816778
3102,14,666,-191.2861040228232,3920.912450661129,67.19752621553442,3879.29954399636,54.0,0.10795065928260948,-0.39280105412186694,0.1077338678064981,-0.3855403915663924,0.013829234949633331,0.16645912606241364
3103,18,666,55.99463969610678,3684.4657106501672,67.19752621553442,3879.29954399636,54.0,0.10795065928260948,-0.19304674417215179,0.1077338678064981,-0.18322701941231243,0.013829234949633331,0.10747711547768957
3104,44,667,470.9318574712719,4102.798680980681,329.4081606104876,3998.689087059467,54.0,0.10795065928260948,-0.36986088174142745,0.1077338678064981,-0.36861950179782754,0.013829234949633331,0.10270856788199208
3105,31,667,286.22286085268047,4096.016113555928,329.4081606104876,3998.689087059467,54.0,0.10795065928260948,-0.2869636244589826,0.1077338678064981,-0.2850338855682308,0.013829234949633331,0.06721597052993881
3106,53,667,275.4374088407163,3843.51011953928,329.4081606104876,3998.689087059467,54.0,0.10795065928260948,-0.2912787034790896,0.1077338678064981,-0.28892127901031156,0.013829234949633331,0.09864782499693776
3107,25,667,275.18212912654,3848.067080065535,329.4081606104876,3998.689087059467,54.0,0.10795065928260948,-0.28050047812292206,0.1077338678064981,-0.2783454232981012,0.013829234949633331,0.0950131137939507
3108,38,667,292.2609771757026,3909.816818957042,329.4081606104876,3998.689087059467,54.0,0.10795065928260948,-0.14838015075392896,0.1077338678064981,-0.14779209909067,0.013829234949633331,0.05689410255478043
3109,41,667,461.8106926932424,4070.996636995212,329.4081606104876,3998.689087059467,54.0,0.10795065928260948,-0.3301588403916935,0.1077338678064981,-0.32894966593212616,0.013829234949633331,0.0904964037056671
3110,39,667,491.6009153175041,3965.873607703836,329.4081606104876,3998.689087059467,54.0,0.10795065928260948,-0.36305733321031763,0.1077338678064981,-0.3619494251534379,0.013829234949633331,0.1059001724292736
3111,38,668,292.2609771757026,3909.816818957042,343.5160136838465,3991.578570639738,54.0,0.10795065928260948,-0.1645251942512203,0.1077338678064981,-0.1636908795305525,0.013829234949633331,0.05748892802721112
3112,31,668,286.22286085268047,4096.016113555928,343.5160136838465,3991.578570639738,54.0,0.10795065928260948,-0.3168521157759607,0.1077338678064981,-0.31455738177812836,0.013829234949633331,0.07487872570980343
3113,44,668,470.9318574712719,4102.798680980681,343.5160136838465,3991.578570639738,54.0,0.10795065928260948,-0.3553963655542904,0.1077338678064981,-0.35403583017455487,0.013829234949633331,0.09743460774490775
3114,41,668,461.8106926932424,4070.996636995212,343.5160136838465,3991.578570639738,54.0,0.10795065928260948,-0.3099505614976536,0.1077338678064981,-0.3090331280301786,0.013829234949633331,0.08438788844017539
3115,31,669,286.22286085268047,4096.016113555928,326.1144591510769,3985.159052073012,54.0,0.10795065928260948,-0.31038420493043856,0.1077338678064981,-0.30840678591424336,0.013829234949633331,0.07496787794650002
3116,25,669,275.18212912654,3848.067080065535,326.1144591510769,3985.159052073012,54.0,0.10795065928260948,-0.2483316190521245,0.1077338678064981,-0.24629327206849733,0.013829234949633331,0.08624182200821492
3117,44,669,470.9318574712719,4102.798680980681,326.1144591510769,3985.159052073012,54.0,0.10795065928260948,-0.3974155501984813,0.1077338678064981,-0.3958978696126726,0.013829234949633331,0.10914864472464524
3118,41,669,461.8106926932424,4070.996636995212,326.1144591510769,3985.159052073012,54.0,0.10795065928260948,-0.35359658445297315,0.1077338678064981,-0.35221625754485697,0.013829234949633331,0.09609101034796613
3119,38,669,292.2609771757026,3909.816818957042,326.1144591510769,3985.159052073012,54.0,0.10795065928260948,-0.11679801862045998,0.1077338678064981,-0.11644591602059257,0.013829234949633331,0.048180160464256876
3120,38,670,292.2609771757026,3909.816818957042,355.0956935944724,3991.135378270276,54.0,0.10795065928260948,-0.19015644335738408,0.1077338678064981,-0.1891809961230221,0.013829234949633331,0.06211087032621787
3121,31,670,286.22286085268047,4096.016113555928,355.0956935944724,3991.135378270276,54.0,0.10795065928260948,-0.3328709751143049,0.1077338678064981,-0.330171065417021,0.013829234949633331,0.07950776297445011
3122,44,670,470.9318574712719,4102.798680980681,355.0956935944724,3991.135378270276,54.0,0.10795065928260948,-0.33724843454427134,0.1077338678064981,-0.3359250263801914,0.013829234949633331,0.09105695111081458
3123,41,670,461.8106926932424,4070.996636995212,355.0956935944724,3991.135378270276,54.0,0.10795065928260948,-0.28671400577992356,0.1077338678064981,-0.2861331984244302,0.013829234949633331,0.07799612540692455
3124,39,670,491.6009153175041,3965.873607703836,355.0956935944724,3991.135378270276,54.0,0.10795065928260948,-0.29636416005326555,0.1077338678064981,-0.2955688026886417,0.013829234949633331,0.08929082024651334
3125,60,670,462.2337953932308,4065.780960132662,355.0956935944724,3991.135378270276,54.0,0.10795065928260948,-0.27411003835043524,0.1077338678064981,-0.2736663693242997,0.013829234949633331,0.07675244460598606
3126,25,670,275.18212912654,3848.067080065535,355.0956935944724,3991.135378270276,54.0,0.10795065928260948,-0.33647344416823727,0.1077338678064981,-0.3340338028233952,0.013829234949633331,0.10073424499717244
3127,44,671,470.9318574712719,4102.798680980681,348.40911047628657,3967.513791775754,54.0,0.10795065928260948,-0.40133460292557616,0.1077338678064981,-0.39954971003690054,0.013829234949633331,0.103898406242789
3128,41,671,461.8106926932424,4070.996636995212,348.40911047628657,3967.513791775754,54.0,0.10795065928260948,-0.33823710382442157,0.1077338678064981,-0.3374278608255653,0.013829234949633331,0.09191171421158861
3129,38,671,292.2609771757026,3909.816818957042,348.40911047628657,3967.513791775754,54.0,0.10795065928260948,-0.13677620813719565,0.1077338678064981,-0.13595425548107082,0.013829234949633331,0.048662192208788514
3130,25,671,275.18212912654,3848.067080065535,348.40911047628657,3967.513791775754,54.0,0.10795065928260948,-0.2810698983863825,0.1077338678064981,-0.2790571626431593,0.013829234949633331,0.08640148929970917
3131,38,672,292.2609771757026,3909.816818957042,361.37558788138097,3962.4633601457217,54.0,0.10795065928260948,-0.1650430922876347,0.1077338678064981,-0.1639766227770374,0.013829234949633331,0.05388888318739914
3132,39,672,491.6009153175041,3965.873607703836,361.37558788138097,3962.4633601457217,54.0,0.10795065928260948,-0.2873087948195441,0.1077338678064981,-0.2853467707027432,0.013829234949633331,0.08755735413852592
3133,53,672,275.4374088407163,3843.51011953928,361.37558788138097,3962.4633601457217,54.0,0.10795065928260948,-0.3209282620011905,0.1077338678064981,-0.3189444158287136,0.013829234949633331,0.09503629329777355
3134,41,672,461.8106926932424,4070.996636995212,361.37558788138097,3962.4633601457217,54.0,0.10795065928260948,-0.3137144274274429,0.1077338678064981,-0.3122526838814446,0.013829234949633331,0.08947035335745918
3135,25,672,275.18212912654,3848.067080065535,361.37558788138097,3962.4633601457217,54.0,0.10795065928260948,-0.30978032255684584,0.1077338678064981,-0.3077224115323021,0.013829234949633331,0.0912857076390722
3136,44,672,477.8504537420071,4097.009083527188,361.37558788138097,3962.4633601457217,54.0,0.10795065928260948,-0.37751872703238937,0.1077338678064981,-0.3754923649888629,0.013829234949633331,0.10492161871781579
3137,31,672,286.22286085268047,4096.016113555928,361.37558788138097,3962.4633601457217,54.0,0.10795065928260948,-0.4116825745245939,0.1077338678064981,-0.4086842264053634,0.013829234949633331,0.09730260299439394
3138,5,672,328.01618259779593,3866.898866582476,361.37558788138097,3962.4633601457217,54.0,0.10795065928260948,-0.24681905611433297,0.1077338678064981,-0.2451837722526055,0.013829234949633331,0.07266950069424095
3139,44,673,470.9318574712719,4102.798680980681,301.7826715226189,3985.67443842124,54.0,0.10795065928260948,-0.4291206040541958,0.1077338678064981,-0.42742392223383363,0.013829234949633331,0.12236814193972383
3140,25,673,275.18212912654,3848.067080065535,301.7826715226189,3985.67443842124,54.0,0.10795065928260948,-0.21903902164724645,0.1077338678064981,-0.21589809603724414,0.013829234949633331,0.0796635496641778
3141,53,673,275.4374088407163,3843.51011953928,301.7826715226189,3985.67443842124,54.0,0.10795065928260948,-0.2298524057887493,0.1077338678064981,-0.226602489018586,0.013829234949633331,0.08339369433287382
3142,38,673,292.2609771757026,3909.816818957042,301.7826715226189,3985.67443842124,54.0,0.10795065928260948,-0.09344366538093084,0.1077338678064981,-0.09173090477016219,0.013829234949633331,0.042367851821673026
3143,41,673,461.8106926932424,4070.996636995212,301.7826715226189,3985.67443842124,54.0,0.10795065928260948,-0.3901711606292613,0.1077338678064981,-0.38858821342225436,0.013829234949633331,0.11041684067025985
3144,31,673,286.22286085268047,4096.016113555928,301.7826715226189,3985.67443842124,54.0,0.10795065928260948,-0.2863536085084709,0.1077338678064981,-0.28436185092535193,0.013829234949633331,0.0726405090251415
3145,19,674,309.4846467710166,4112.556925703692,324.6121656230089,4002.446351914743,54.0,0.10795065928260948,-0.2685183880546338,0.1077338678064981,-0.26784530416555696,0.013829234949633331,0.0687997791320095
3146,22,674,282.91308227706304,4129.966613278081,324.6121656230089,4002.446351914743,54.0,0.10795065928260948,-0.3274999832230273,0.1077338678064981,-0.3256904798021499,0.013829234949633331,0.08287802398730387
3147,63,674,316.49031405012005,3929.154743051912,324.6121656230089,4002.446351914743,54.0,0.10795065928260948,-0.11621798605290508,0.1077338678064981,-0.11554565990589734,0.013829234949633331,0.045532681938712044
3148,66,674,493.8518825171933,3956.000689079267,324.6121656230089,4002.446351914743,54.0,0.10795065928260948,-0.3986738508036163,0.1077338678064981,-0.3977339022289105,0.013829234949633331,0.1140817867996479
3149,31,674,286.22286085268047,4096.016113555928,324.6121656230089,4002.446351914743,54.0,0.10795065928260948,-0.2744679901287143,0.1077338678064981,-0.2726662274110704,0.013829234949633331,0.06393806244609339
3150,38,674,292.2609771757026,3909.816818957042,324.6121656230089,4002.446351914743,54.0,0.10795065928260948,-0.14649673033363256,0.1077338678064981,-0.14582201751861612,0.013829234949633331,0.05828109295936447
3151,39,674,491.6009153175041,3965.873607703836,324.6121656230089,4002.446351914743,54.0,0.10795065928260948,-0.37415664394328346,0.1077338678064981,-0.37296330932074495,0.013829234949633331,0.10930234292524096
3152,41,674,461.8106926932424,4070.996636995212,324.6121656230089,4002.446351914743,54.0,0.10795065928260948,-0.3346392707871193,0.1077338678064981,-0.33343602407908585,0.013829234949633331,0.09223410352249571
3153,25,674,275.18212912654,3848.067080065535,324.6121656230089,4002.446351914743,54.0,0.10795065928260948,-0.27729401881294624,0.1077338678064981,-0.2754385511121909,0.013829234949633331,0.09641993748048065
3154,44,674,470.9318574712719,4102.798680980681,324.6121656230089,4002.446351914743,54.0,0.10795065928260948,-0.3733099178393517,0.1077338678064981,-0.37194590262465343,0.013829234949633331,0.10389779532249273
3155,38,675,292.2609771757026,3909.816818957042,346.0410833035202,3997.847804836481,54.0,0.10795065928260948,-0.1803077961987113,0.1077338678064981,-0.17941207263425374,0.013829234949633331,0.061582513743650015
3156,31,675,286.22286085268047,4096.016113555928,346.0410833035202,3997.847804836481,54.0,0.10795065928260948,-0.3036754502775669,0.1077338678064981,-0.30110761026233485,0.013829234949633331,0.07254560444904855
3157,53,675,275.4374088407163,3843.51011953928,346.0410833035202,3997.847804836481,54.0,0.10795065928260948,-0.33189755940242077,0.1077338678064981,-0.32857790497505734,0.013829234949633331,0.10373837291519898
3158,25,675,275.18212912654,3848.067080065535,346.0410833035202,3997.847804836481,54.0,0.10795065928260948,-0.320284372401707,0.1077338678064981,-0.31698119498136523,0.013829234949633331,0.10007790391809808
3159,39,675,491.6009153175041,3965.873607703836,346.0410833035202,3997.847804836481,54.0,0.10795065928260948,-0.31935036091113844,0.1077338678064981,-0.31843523404256785,0.013829234949633331,0.09527071484832161
3160,65,675,465.43944178630807,4063.6597216274654,346.0410833035202,3997.847804836481,54.0,0.10795065928260948,-0.2816757457211193,0.1077338678064981,-0.2809412855559936,0.013829234949633331,0.08099612589902146
3161,63,675,316.49031405012005,3929.154743051912,346.0410833035202,3997.847804836481,54.0,0.10795065928260948,-0.15590188680930045,0.1077338678064981,-0.1547232460566496,0.013829234949633331,0.04721797287462208
3162,66,675,493.8518825171933,3956.000689079267,346.0410833035202,3997.847804836481,54.0,0.10795065928260948,-0.3428034810836546,0.1077338678064981,-0.34214052301786274,0.013829234949633331,0.10002045534212096
3163,44,675,470.9318574712719,4102.798680980681,346.0410833035202,3997.847804836481,54.0,0.10795065928260948,-0.3385875658986939,0.1077338678064981,-0.3373202322502444,0.013829234949633331,0.09401977821918027
3164,41,675,461.8106926932424,4070.996636995212,346.0410833035202,3997.847804836481,54.0,0.10795065928260948,-0.294281926573217,0.1077338678064981,-0.29325006975637496,0.013829234949633331,0.08115926710125165
3165,19,675,309.4846467710166,4112.556925703692,346.0410833035202,3997.847804836481,54.0,0.10795065928260948,-0.28073403251643375,0.1077338678064981,-0.27945216733890993,0.013829234949633331,0.07673572363189532
3166,60,675,462.2337953932308,4065.780960132662,346.0410833035202,3997.847804836481,54.0,0.10795065928260948,-0.28313341370866674,0.1077338678064981,-0.2822469014628077,0.013829234949633331,0.0799026460825872
3167,22,675,282.91308227706304,4129.966613278081,346.0410833035202,3997.847804836481,54.0,0.10795065928260948,-0.3438755163515471,0.1077338678064981,-0.3415848100042883,0.013829234949633331,0.09126924681226119
3168,38,676,292.2609771757026,3909.816818957042,332.9339408519666,3975.749452511216,54.0,0.10795065928260948,-0.11631116818798394,0.1077338678064981,-0.11578070117431843,0.013829234949633331,0.04553512441902041
3169,25,676,275.18212912654,3848.067080065535,332.9339408519666,3975.749452511216,54.0,0.10795065928260948,-0.2519743194746694,0.1077338678064981,-0.24923731767485086,0.013829234949633331,0.08359453619106352
3170,41,676,461.8106926932424,4070.996636995212,332.9339408519666,3975.749452511216,54.0,0.10795065928260948,-0.35747788493007665,0.1077338678064981,-0.35663003127738135,0.013829234949633331,0.09516797819006251
3171,19,676,309.4846467710166,4112.556925703692,332.9339408519666,3975.749452511216,54.0,0.10795065928260948,-0.3384664104351172,0.1077338678064981,-0.337264408415519,0.013829234949633331,0.08629031802537984
3172,63,676,316.49031405012005,3929.154743051912,332.9339408519666,3975.749452511216,54.0,0.10795065928260948,-0.09000500488940413,0.1077338678064981,-0.08922164917452612,0.013829234949633331,0.03148976383904435
3173,44,676,470.9318574712719,4102.798680980681,332.9339408519666,3975.749452511216,54.0,0.10795065928260948,-0.4050940125504228,0.1077338678064981,-0.4035178370706968,0.013829234949633331,0.10853708423953556
3174,38,677,292.2609771757026,3909.816818957042,317.01123892056614,3988.895486735146,54.0,0.10795065928260948,-0.11614840415575171,0.1077338678064981,-0.1155828633051571,0.013829234949633331,0.04839443192184709
3175,53,677,275.4374088407163,3843.51011953928,317.01123892056614,3988.895486735146,54.0,0.10795065928260948,-0.2569699742867749,0.1077338678064981,-0.25510317530110044,0.013829234949633331,0.09010168345499199
3176,41,677,461.8106926932424,4070.996636995212,317.01123892056614,3988.895486735146,54.0,0.10795065928260948,-0.364570651221939,0.1077338678064981,-0.36309520020112246,0.013829234949633331,0.100365158617656
3177,44,677,470.9318574712719,4102.798680980681,317.01123892056614,3988.895486735146,54.0,0.10795065928260948,-0.40356405689819047,0.1077338678064981,-0.4021130071687661,0.013829234949633331,0.11288193817176657
3178,25,677,275.18212912654,3848.067080065535,317.01123892056614,3988.895486735146,54.0,0.10795065928260948,-0.24610493416444465,0.1077338678064981,-0.24428052293315056,0.013829234949633331,0.08637147285501018
3179,63,677,316.49031405012005,3929.154743051912,317.01123892056614,3988.895486735146,54.0,0.10795065928260948,-0.0888396843990863,0.1077338678064981,-0.0883253403546331,0.013829234949633331,0.036692415067360595
3180,19,677,309.4846467710166,4112.556925703692,317.01123892056614,3988.895486735146,54.0,0.10795065928260948,-0.29372731745094194,0.1077338678064981,-0.29290220654638477,0.013829234949633331,0.07714072530631208
3181,31,677,286.22286085268047,4096.016113555928,317.01123892056614,3988.895486735146,54.0,0.10795065928260948,-0.2982178830048475,0.1077338678064981,-0.2963416145801887,0.013829234949633331,0.0713224788507883
3182,31,678,286.22286085268047,4096.016113555928,328.8394826947961,3993.550836550456,54.0,0.10795065928260948,-0.2988614171099155,0.1077338678064981,-0.29691971819646973,0.013829234949633331,0.07016154710102214
3183,19,678,309.4846467710166,4112.556925703692,328.8394826947961,3993.550836550456,54.0,0.10795065928260948,-0.2925228863097431,0.1077338678064981,-0.2916223284275985,0.013829234949633331,0.07476770222255151
3184,38,678,292.2609771757026,3909.816818957042,328.8394826947961,3993.550836550456,54.0,0.10795065928260948,-0.13774395133284517,0.1077338678064981,-0.13724893206376024,0.013829234949633331,0.053719547803512194
3185,41,678,461.8106926932424,4070.996636995212,328.8394826947961,3993.550836550456,54.0,0.10795065928260948,-0.33833722644465836,0.1077338678064981,-0.3370304293160923,0.013829234949633331,0.09213499170596356
3186,44,678,470.9318574712719,4102.798680980681,328.8394826947961,3993.550836550456,54.0,0.10795065928260948,-0.37897055354516446,0.1077338678064981,-0.3776429248862611,0.013829234949633331,0.10477297021618939
3187,63,678,316.49031405012005,3929.154743051912,328.8394826947961,3993.550836550456,54.0,0.10795065928260948,-0.11247734190819912,0.1077338678064981,-0.11183418680256257,0.013829234949633331,0.04000425627736761
3188,31,679,286.22286085268047,4096.016113555928,339.4763602589023,3985.015682510838,54.0,0.10795065928260948,-0.32795357834153965,0.1077338678064981,-0.3257159914843834,0.013829234949633331,0.07758544672507044
3189,19,679,309.4846467710166,4112.556925703692,339.4763602589023,3985.015682510838,54.0,0.10795065928260948,-0.3138117541076655,0.1077338678064981,-0.31188428404000773,0.013829234949633331,0.08250447464246907
3190,38,679,292.2609771757026,3909.816818957042,339.4763602589023,3985.015682510838,54.0,0.10795065928260948,-0.14528324809669355,0.1077338678064981,-0.14456034321995395,0.013829234949633331,0.05266785913158423
3191,44,679,470.9318574712719,4102.798680980681,339.4763602589023,3985.015682510838,54.0,0.10795065928260948,-0.3755846936110332,0.1077338678064981,-0.3741428339207063,0.013829234949633331,0.1018234538296841
3192,63,679,316.49031405012005,3929.154743051912,339.4763602589023,3985.015682510838,54.0,0.10795065928260948,-0.11970219331428855,0.1077338678064981,-0.11870563998144266,0.013829234949633331,0.03833758628840993
3193,41,679,461.8106926932424,4070.996636995212,339.4763602589023,3985.015682510838,54.0,0.10795065928260948,-0.32907293654033754,0.1077338678064981,-0.32821012998704824,0.013829234949633331,0.0886276548771898
3194,31,680,286.22286085268047,4096.016113555928,344.03861217691355,3970.208576259624,54.0,0.10795065928260948,-0.365826550359447,0.1077338678064981,-0.3634118140878404,0.013829234949633331,0.08740887188741127
3195,53,680,275.4374088407163,3843.51011953928,344.03861217691355,3970.208576259624,54.0,0.10795065928260948,-0.28546184916215206,0.1077338678064981,-0.28320104433656584,0.013829234949633331,0.08942029206010123
3196,66,680,493.8518825171933,3956.000689079267,344.03861217691355,3970.208576259624,54.0,0.10795065928260948,-0.3391948878255826,0.1077338678064981,-0.3366004125000419,0.013829234949633331,0.10116806090763847
3197,63,680,316.49031405012005,3929.154743051912,344.03861217691355,3970.208576259624,54.0,0.10795065928260948,-0.09981472376445995,0.1077338678064981,-0.09917357302206926,0.013829234949633331,0.03238518725439233
3198,38,680,292.2609771757026,3909.816818957042,344.03861217691355,3970.208576259624,54.0,0.10795065928260948,-0.1312543578407322,0.1077338678064981,-0.1303504755949021,0.013829234949633331,0.047692409428379684
3199,39,680,491.6009153175041,3965.873607703836,344.03861217691355,3970.208576259624,54.0,0.10795065928260948,-0.334111814175613,0.1077338678064981,-0.3316264659216765,0.013829234949633331,0.0991252269284639
3200,22,680,282.91308227706304,4129.966613278081,344.03861217691355,3970.208576259624,54.0,0.10795065928260948,-0.41497731374390256,0.1077338678064981,-0.4127676745359663,0.013829234949633331,0.10614587597303671
3201,41,680,461.8106926932424,4070.996636995212,344.03861217691355,3970.208576259624,54.0,0.10795065928260948,-0.3423498638038795,0.1077338678064981,-0.3419531411869481,0.013829234949633331,0.09216386134276505
3202,25,680,275.18212912654,3848.067080065535,344.03861217691355,3970.208576259624,54.0,0.10795065928260948,-0.27371548422149905,0.1077338678064981,-0.2713629639769264,0.013829234949633331,0.08570269492190437
3203,19,680,309.4846467710166,4112.556925703692,344.03861217691355,3970.208576259624,54.0,0.10795065928260948,-0.3512574362190314,0.1077338678064981,-0.34903544297673916,0.013829234949633331,0.09246028696738323
3204,44,680,470.9318574712719,4102.798680980681,344.03861217691355,3970.208576259624,54.0,0.10795065928260948,-0.401049962651327,0.1077338678064981,-0.3996960754389777,0.013829234949633331,0.10463205991281987
3205,62,680,438.3970135664206,3912.290557700556,344.03861217691355,3970.208576259624,54.0,0.10795065928260948,-0.2936380520684925,0.1077338678064981,-0.2925613304651259,0.013829234949633331,0.08483156861836944
3206,46,681,-260.0556528336838,3915.584287356416,-211.31902072657357,3961.00505155232,54.0,0.10795065928260948,-0.14466367310711048,0.1077338678064981,-0.1448963756154803,0.013829234949633331,0.052227270142135455
3207,14,681,-201.1734055836479,3940.142680026525,-211.31902072657357,3961.00505155232,54.0,0.10795065928260948,-0.0505559298762201,0.1077338678064981,-0.050067791428256334,0.013829234949633331,0.01852845114930113
3208,46,682,-260.0556528336838,3915.584287356416,-220.7280618722674,3921.70947526317,54.0,0.10795065928260948,-0.07445617445818824,0.1077338678064981,-0.07370978978809645,0.013829234949633331,0.02763998129862312
3209,15,682,-219.46475068668764,3910.916163982088,-220.7280618722674,3921.70947526317,54.0,0.10795065928260948,-0.028563352314635918,0.1077338678064981,-0.028568927193712228,0.013829234949633331,0.011360537483456652
3210,14,682,-197.54434710437363,3932.585230033114,-220.7280618722674,3921.70947526317,54.0,0.10795065928260948,-0.04779539430618028,0.1077338678064981,-0.04730753337708239,0.013829234949633331,0.017906404743978536
3211,46,683,-260.0556528336838,3915.584287356416,-237.32088222167792,3935.218089324849,54.0,0.10795065928260948,-0.06576837428805088,0.1077338678064981,-0.06608773259341574,0.013829234949633331,0.023436386156240593
3212,15,683,-219.46475068668764,3910.916163982088,-237.32088222167792,3935.218089324849,54.0,0.10795065928260948,-0.06279274536283198,0.1077338678064981,-0.06266682930416019,0.013829234949633331,0.023471369290156606
3213,14,683,-201.1734055836479,3940.142680026525,-237.32088222167792,3935.218089324849,54.0,0.10795065928260948,-0.07672128566802738,0.1077338678064981,-0.07624812407337855,0.013829234949633331,0.02762599399500168
3214,3,684,-366.6419945922364,3850.319998086217,-274.9589686987792,3927.862775208853,54.0,0.10795065928260948,-0.200669959068152,0.1077338678064981,-0.1974316906072437,0.013829234949633331,0.08698398221725272
3215,46,684,-260.0556528336838,3915.584287356416,-274.9589686987792,3927.862775208853,54.0,0.10795065928260948,-0.04433340704360906,0.1077338678064981,-0.04459943793535143,0.013829234949633331,0.01598617491524638
3216,14,684,-201.1734055836479,3940.142680026525,-274.9589686987792,3927.862775208853,54.0,0.10795065928260948,-0.15823183631317275,0.1077338678064981,-0.15829042158877232,0.013829234949633331,0.05865063061855832
3217,46,685,-260.0556528336838,3915.584287356416,-267.48173061784684,3914.497260456359,54.0,0.10795065928260948,-0.025653704811428875,0.1077338678064981,-0.025798741559889635,0.013829234949633331,0.008993315556575829
3218,14,685,-201.1734055836479,3940.142680026525,-267.48173061784684,3914.497260456359,54.0,0.10795065928260948,-0.14419195189829764,0.1077338678064981,-0.14359563381336365,0.013829234949633331,0.05186854089612608
3219,3,685,-366.6419945922364,3850.319998086217,-267.48173061784684,3914.497260456359,54.0,0.10795065928260948,-0.19810538108522627,0.1077338678064981,-0.19525560090602034,0.013829234949633331,0.08365867885124116
3220,15,685,-219.46475068668764,3910.916163982088,-267.48173061784684,3914.497260456359,54.0,0.10795065928260948,-0.09226349013530857,0.1077338678064981,-0.09160256593844353,0.013829234949633331,0.033984458524997894
3221,46,686,-260.0556528336838,3915.584287356416,-275.1961394385367,3889.546582295512,54.0,0.10795065928260948,-0.0597146457959412,0.1077338678064981,-0.059541327155663806,0.013829234949633331,0.021212081139038413
3222,15,686,-219.46475068668764,3910.916163982088,-275.1961394385367,3889.546582295512,54.0,0.10795065928260948,-0.1056486806577859,0.1077338678064981,-0.10393287659579731,0.013829234949633331,0.03921575216760015
3223,14,686,-194.93937706688732,3927.123978955392,-275.1961394385367,3889.546582295512,54.0,0.10795065928260948,-0.1484665846860193,0.1077338678064981,-0.14663574016444164,0.013829234949633331,0.05651899203601207
3224,14,687,-201.1734055836479,3940.142680026525,-301.9075316337328,3909.6895609842554,54.0,0.10795065928260948,-0.21188226107501237,0.1077338678064981,-0.21096605454743234,0.013829234949633331,0.07706173803388902
3225,15,687,-219.46475068668764,3910.916163982088,-301.9075316337328,3909.6895609842554,54.0,0.10795065928260948,-0.15493846616733292,0.1077338678064981,-0.15352342108897515,0.013829234949633331,0.0575115369490841
3226,46,687,-260.0556528336838,3915.584287356416,-301.9075316337328,3909.6895609842554,54.0,0.10795065928260948,-0.08255440926372115,0.1077338678064981,-0.08184752717671584,0.013829234949633331,0.030586915459186445
3227,3,687,-366.6419945922364,3850.319998086217,-301.9075316337328,3909.6895609842554,54.0,0.10795065928260948,-0.1416128712599512,0.1077338678064981,-0.13934379438418176,0.013829234949633331,0.06445319353991458
3228,14,688,-201.1734055836479,3940.142680026525,-316.3799621335906,3897.040788971913,54.0,0.10795065928260948,-0.23859342134179778,0.1077338678064981,-0.2364598218258577,0.013829234949633331,0.08904653726714595
3229,46,688,-260.0556528336838,3915.584287356416,-316.3799621335906,3897.040788971913,54.0,0.10795065928260948,-0.11024723375680645,0.1077338678064981,-0.10873843073649181,0.013829234949633331,0.04278341691206926
3230,14,689,-193.43723445393763,3923.98693426072,-325.43376241113504,3862.4680735279408,54.0,0.10795065928260948,-0.23597182519636525,0.1077338678064981,-0.23194393322390267,0.013829234949633331,0.09228616215499974
3231,46,689,-260.0556528336838,3915.584287356416,-325.43376241113504,3862.4680735279408,54.0,0.10795065928260948,-0.14877548291658438,0.1077338678064981,-0.14659190011588424,0.013829234949633331,0.057765554757245145
3232,14,690,-191.8510249122208,3920.732064928668,-334.9041792227584,3838.7410632234864,54.0,0.10795065928260948,-0.26342559468186955,0.1077338678064981,-0.25985313895962187,0.013829234949633331,0.1037852487993899
3233,14,691,-200.77874433748624,3939.328354189625,-339.9484861477804,3874.699950437256,54.0,0.10795065928260948,-0.28170709280463446,0.1077338678064981,-0.2782636213277788,0.013829234949633331,0.10874359578494715
3234,3,691,-366.6419945922364,3850.319998086217,-339.9484861477804,3874.699950437256,54.0,0.10795065928260948,-0.06340828069443999,0.1077338678064981,-0.06312263251632796,0.013829234949633331,0.028700621531407764
3235,46,691,-260.0556528336838,3915.584287356416,-339.9484861477804,3874.699950437256,54.0,0.10795065928260948,-0.1564656704832333,0.1077338678064981,-0.15412825521918452,0.013829234949633331,0.06361901185189925
3236,46,692,-260.0556528336838,3915.584287356416,-348.5218148107753,3852.772908442407,54.0,0.10795065928260948,-0.18415034573804703,0.1077338678064981,-0.18143225502406124,0.013829234949633331,0.07520088054347651
3237,14,692,-193.75087435027643,3924.6824549017742,-348.5218148107753,3852.772908442407,54.0,0.10795065928260948,-0.27363725170733816,0.1077338678064981,-0.26908089350809694,0.013829234949633331,0.10998430527660467
3238,14,693,-201.1734055836479,3940.142680026525,-212.01572236275788,3941.715268979583,54.0,0.10795065928260948,-0.022749965962956187,0.1077338678064981,-0.022465813380905753,0.013829234949633331,0.008196749057418663
3239,46,693,-260.0556528336838,3915.584287356416,-212.01572236275788,3941.715268979583,54.0,0.10795065928260948,-0.11372494009395828,0.1077338678064981,-0.11343623540938064,0.013829234949633331,0.04096601957649658
3240,46,694,-260.0556528336838,3915.584287356416,-246.002423575228,3925.582992152925,54.0,0.10795065928260948,-0.039393916811907494,0.1077338678064981,-0.03941939828078473,0.013829234949633331,0.014044968441222478
3241,14,694,-201.1734055836479,3940.142680026525,-246.002423575228,3925.582992152925,54.0,0.10795065928260948,-0.09959321613015427,0.1077338678064981,-0.09921075488094538,0.013829234949633331,0.03585390766131909
3242,15,694,-219.46475068668764,3910.916163982088,-246.002423575228,3925.582992152925,54.0,0.10795065928260948,-0.05910104264339248,0.1077338678064981,-0.05827789838800389,0.013829234949633331,0.02243712434121715
3243,14,695,-200.6005352011216,3940.433562990343,-222.33366666999925,4024.177170602505,54.0,0.10795065928260948,-0.20285021477212256,0.1077338678064981,-0.2000665198259012,0.013829234949633331,0.07858596793262075
3244,14,696,-200.6005352011216,3940.433562990343,-198.95663681156643,4033.374445441812,54.0,0.10795065928260948,-0.22115050964381477,0.1077338678064981,-0.21840402130795844,0.013829234949633331,0.08705067009364162
3245,14,697,-200.6005352011216,3940.433562990343,-186.97901038579923,4043.687913582171,54.0,0.10795065928260948,-0.24300105011161682,0.1077338678064981,-0.240330588761435,0.013829234949633331,0.09844901637611447
3246,14,698,-199.2078859167513,3935.960105831892,-204.4101306880948,3933.491052087412,54.0,0.10795065928260948,-0.0115585629621942,0.1077338678064981,-0.01140047039017407,0.013829234949633331,0.004241658295992574
3247,46,698,-260.0556528336838,3915.584287356416,-204.4101306880948,3933.491052087412,54.0,0.10795065928260948,-0.11682578320822531,0.1077338678064981,-0.11577297516711874,0.013829234949633331,0.04247081271797415
3248,14,699,-199.6029112202325,3936.774316100618,-221.0025600671725,3926.6580830205703,54.0,0.10795065928260948,-0.048949950232869084,0.1077338678064981,-0.04833167995686617,0.013829234949633331,0.017675167078043404
3249,15,699,-219.46475068668764,3910.916163982088,-221.0025600671725,3926.6580830205703,54.0,0.10795065928260948,-0.03484168349448236,0.1077338678064981,-0.0347880055323426,0.013829234949633331,0.01367915769868486
3250,46,699,-260.0556528336838,3915.584287356416,-221.0025600671725,3926.6580830205703,54.0,0.10795065928260948,-0.07895141196687515,0.1077338678064981,-0.07816289032039239,0.013829234949633331,0.028955545518608832
3251,15,700,-219.46475068668764,3910.916163982088,-254.16694977190264,3929.4688952512015,54.0,0.10795065928260948,-0.07701395987023724,0.1077338678064981,-0.0763174553647817,0.013829234949633331,0.029195960954806192
3252,46,700,-260.0556528336838,3915.584287356416,-254.16694977190264,3929.4688952512015,54.0,0.10795065928260948,-0.03727103413176984,0.1077338678064981,-0.037499508897494316,0.013829234949633331,0.013578857241674975
3253,14,700,-201.1734055836479,3940.142680026525,-254.16694977190264,3929.4688952512015,54.0,0.10795065928260948,-0.11439382260326565,0.1077338678064981,-0.11413566688428779,0.013829234949633331,0.04146316933827876
3254,15,701,-219.46475068668764,3910.916163982088,-272.92072447444207,3916.205604383721,54.0,0.10795065928260948,-0.10292933384189772,0.1077338678064981,-0.10233657236558208,0.013829234949633331,0.037712636921389896
3255,46,701,-260.0556528336838,3915.584287356416,-272.92072447444207,3916.205604383721,54.0,0.10795065928260948,-0.03303013841709189,0.1077338678064981,-0.033216878847467844,0.013829234949633331,0.011579242056685228
3256,14,701,-201.1734055836479,3940.142680026525,-272.92072447444207,3916.205604383721,54.0,0.10795065928260948,-0.15561286955667156,0.1077338678064981,-0.15538807624087195,0.013829234949633331,0.05567458052153766
3257,14,702,-193.60263791502268,3924.223463729852,-265.0502416392309,3890.639245876809,54.0,0.10795065928260948,-0.12510931921254873,0.1077338678064981,-0.12334835793368212,0.013829234949633331,0.04870941923920968
3258,15,702,-219.46475068668764,3910.916163982088,-265.0502416392309,3890.639245876809,54.0,0.10795065928260948,-0.08926926475944791,0.1077338678064981,-0.08791770535595622,0.013829234949633331,0.0329984987141168
3259,46,702,-260.0556528336838,3915.584287356416,-265.0502416392309,3890.639245876809,54.0,0.10795065928260948,-0.05168797140609327,0.1077338678064981,-0.0515691192124247,0.013829234949633331,0.018345437586295227
3260,46,703,-260.0556528336838,3915.584287356416,-305.0054529490755,3895.678747236552,54.0,0.10795065928260948,-0.093821995889846,0.1077338678064981,-0.09289603447509903,0.013829234949633331,0.03503772422349522
3261,14,703,-201.1734055836479,3940.142680026525,-305.0054529490755,3895.678747236552,54.0,0.10795065928260948,-0.21995728172651935,0.1077338678064981,-0.21817337898794448,0.013829234949633331,0.08063527017244387
3262,15,703,-219.46475068668764,3910.916163982088,-305.0054529490755,3895.678747236552,54.0,0.10795065928260948,-0.1613655750770806,0.1077338678064981,-0.15973723642000667,0.013829234949633331,0.05966937184212505
3263,14,704,-198.02227521408452,3933.517647895677,-321.8097667276481,3875.861948073805,54.0,0.10795065928260948,-0.24672090952551795,0.1077338678064981,-0.24329793106897263,0.013829234949633331,0.09350214742697414
3264,15,704,-219.46475068668764,3910.916163982088,-321.8097667276481,3875.861948073805,54.0,0.10795065928260948,-0.18810556665115055,0.1077338678064981,-0.18449542744283207,0.013829234949633331,0.0723436438639635
3265,46,704,-260.0556528336838,3915.584287356416,-321.8097667276481,3875.861948073805,54.0,0.10795065928260948,-0.13256829894922115,0.1077338678064981,-0.1305692913264619,0.013829234949633331,0.05154605171099316
3266,14,705,-198.34371406654796,3934.10220520418,-285.02350266437804,3893.5060598089713,54.0,0.10795065928260948,-0.17905427547623473,0.1077338678064981,-0.17734394525183367,0.013829234949633331,0.06551517423194149
3267,46,705,-260.0556528336838,3915.584287356416,-285.02350266437804,3893.5060598089713,54.0,0.10795065928260948,-0.0672763909257911,0.1077338678064981,-0.06706694207613446,0.013829234949633331,0.023968635526507034
3268,15,705,-219.46475068668764,3910.916163982088,-285.02350266437804,3893.5060598089713,54.0,0.10795065928260948,-0.12383172086070311,0.1077338678064981,-0.12227639600543516,0.013829234949633331,0.04559736736185055
3269,14,706,-193.5199374011676,3924.105198446465,-325.60180416002567,3862.5617444854206,54.0,0.10795065928260948,-0.23624116960927655,0.1077338678064981,-0.23220762905993086,0.013829234949633331,0.09239906935609034
3270,46,706,-260.0556528336838,3915.584287356416,-325.60180416002567,3862.5617444854206,54.0,0.10795065928260948,-0.14886902908815186,0.1077338678064981,-0.14668225316639733,0.013829234949633331,0.057836591843876156
3271,14,707,-200.6005352011216,3940.433562990343,-198.48172235255237,3962.303825509364,54.0,0.10795065928260948,-0.04474008531111469,0.1077338678064981,-0.04452886612242522,0.013829234949633331,0.01707529371711131
3272,14,708,-201.1734055836479,3940.142680026525,-245.12942589735192,3951.303957723816,54.0,0.10795065928260948,-0.09647980837933995,0.1077338678064981,-0.09607869161228755,0.013829234949633331,0.03509433722246485
3273,46,708,-260.0556528336838,3915.584287356416,-245.12942589735192,3951.303957723816,54.0,0.10795065928260948,-0.08417132825521206,0.1077338678064981,-0.08469037436775068,0.013829234949633331,0.03129255932504672
3274,15,708,-219.46475068668764,3910.916163982088,-245.12942589735192,3951.303957723816,54.0,0.10795065928260948,-0.09914668029203799,0.1077338678064981,-0.09931987058001548,0.013829234949633331,0.03660704976806677
3275,14,709,-201.1734055836479,3940.142680026525,-242.5354076593333,3921.677539000169,54.0,0.10795065928260948,-0.09252138037582144,0.1077338678064981,-0.09170868829108705,0.013829234949633331,0.03355699119233963
3276,15,709,-219.46475068668764,3910.916163982088,-242.5354076593333,3921.677539000169,54.0,0.10795065928260948,-0.0509626024954631,0.1077338678064981,-0.050221468799102685,0.013829234949633331,0.01942242645573166
3277,46,709,-260.0556528336838,3915.584287356416,-242.5354076593333,3921.677539000169,54.0,0.10795065928260948,-0.04050346789839404,0.1077338678064981,-0.040340391020822125,0.013829234949633331,0.014620106548457211
3278,46,710,-260.0556528336838,3915.584287356416,-294.2191221519013,3908.731258999061,54.0,0.10795065928260948,-0.06959577933916891,0.1077338678064981,-0.06916638298633054,0.013829234949633331,0.02544799231230971
3279,15,710,-219.46475068668764,3910.916163982088,-294.2191221519013,3908.731258999061,54.0,0.10795065928260948,-0.14123516253642948,0.1077338678064981,-0.14009663228160804,0.013829234949633331,0.05211133011336864
3280,14,710,-201.1734055836479,3940.142680026525,-294.2191221519013,3908.731258999061,54.0,0.10795065928260948,-0.19755768323561954,0.1077338678064981,-0.1967291738870101,0.013829234949633331,0.07143580522251447
3281,14,711,-191.8510249122208,3920.732064928668,-338.47089415442724,3843.274304183631,54.0,0.10795065928260948,-0.26367250803125153,0.1077338678064981,-0.25974643423857174,0.013829234949633331,0.10452685341925154
3282,46,712,-260.0556528336838,3915.584287356416,-224.04897310096092,3960.4650681106295,54.0,0.10795065928260948,-0.12555727649617693,0.1077338678064981,-0.1261876528895767,0.013829234949633331,0.04607786926980935
3283,46,713,-260.0556528336838,3915.584287356416,-236.9623812718686,3941.249035298143,54.0,0.10795065928260948,-0.07543592356876974,0.1077338678064981,-0.07586826582662373,0.013829234949633331,0.027059955481822322
3284,5,714,328.01618259779593,3866.898866582476,325.04419856673445,3890.523033053691,54.0,0.10795065928260948,-0.0638960108383523,0.1077338678064981,-0.06362330956630576,0.013829234949633331,0.018814027341334378
3285,53,714,275.4374088407163,3843.51011953928,325.04419856673445,3890.523033053691,54.0,0.10795065928260948,-0.16014374090787203,0.1077338678064981,-0.15933604830930106,0.013829234949633331,0.04569600568371239
3286,25,714,275.18212912654,3848.067080065535,325.04419856673445,3890.523033053691,54.0,0.10795065928260948,-0.1488630550146555,0.1077338678064981,-0.1480615703223442,0.013829234949633331,0.04170057296299512
3287,12,714,339.7794838460253,3807.442051326752,325.04419856673445,3890.523033053691,54.0,0.10795065928260948,-0.23144999556203608,0.1077338678064981,-0.2302852450511685,0.013829234949633331,0.06623989615084923
3288,38,714,292.2609771757026,3909.816818957042,325.04419856673445,3890.523033053691,54.0,0.10795065928260948,-0.07467507108133827,0.1077338678064981,-0.07510596642387771,0.013829234949633331,0.024917501038043202
3289,25,715,275.96562758805453,3846.383062878264,326.8205357700357,3870.82711033228,54.0,0.10795065928260948,-0.13681143772724713,0.1077338678064981,-0.13556838439200625,0.013829234949633331,0.03756223985842062
3290,13,715,350.3727630331359,3756.461999998863,326.8205357700357,3870.82711033228,54.0,0.10795065928260948,-0.32560076910545066,0.1077338678064981,-0.3239030363188454,0.013829234949633331,0.09807417337753527
3291,53,715,275.4374088407163,3843.51011953928,326.8205357700357,3870.82711033228,54.0,0.10795065928260948,-0.1461012549040041,0.1077338678064981,-0.14487288248612945,0.013829234949633331,0.04100193220702143
3292,12,715,339.7794838460253,3807.442051326752,326.8205357700357,3870.82711033228,54.0,0.10795065928260948,-0.18425877788793207,0.1077338678064981,-0.18337105512419835,0.013829234949633331,0.05217111141935395
3293,38,715,292.2609771757026,3909.816818957042,326.8205357700357,3870.82711033228,54.0,0.10795065928260948,-0.111612793057206,0.1077338678064981,-0.11258479555714908,0.013829234949633331,0.03438727599579329
3294,11,715,339.1199783648173,3779.719741822334,326.8205357700357,3870.82711033228,54.0,0.10795065928260948,-0.26113422643655393,0.1077338678064981,-0.26003618013695984,0.013829234949633331,0.07565181635035059
3295,10,715,331.5278665142546,3788.394860859632,326.8205357700357,3870.82711033228,54.0,0.10795065928260948,-0.23327461746640948,0.1077338678064981,-0.23216948949054056,0.013829234949633331,0.06707329315151199
3296,25,716,278.7601371768536,3840.6549618706185,322.07013414792897,3854.3413164341778,54.0,0.10795065928260948,-0.10833980836283708,0.1077338678064981,-0.10733101960388114,0.013829234949633331,0.03316149967238942
3297,10,716,331.5278665142546,3788.394860859632,322.07013414792897,3854.3413164341778,54.0,0.10795065928260948,-0.18560138228826953,0.1077338678064981,-0.1838037155744708,0.013829234949633331,0.05424044286739371
3298,13,716,350.3727630331359,3756.461999998863,322.07013414792897,3854.3413164341778,54.0,0.10795065928260948,-0.2836110797035177,0.1077338678064981,-0.2814927369393614,0.013829234949633331,0.08642110057035268
3299,38,716,292.2609771757026,3909.816818957042,322.07013414792897,3854.3413164341778,54.0,0.10795065928260948,-0.14249047426148717,0.1077338678064981,-0.14285195765344716,0.013829234949633331,0.04132003268763382
3300,11,716,339.1199783648173,3779.719741822334,322.07013414792897,3854.3413164341778,54.0,0.10795065928260948,-0.2173699784820229,0.1077338678064981,-0.21577745468778042,0.013829234949633331,0.06357447566546463
3301,53,716,275.4374088407163,3843.51011953928,322.07013414792897,3854.3413164341778,54.0,0.10795065928260948,-0.12001073141934425,0.1077338678064981,-0.1190673132732615,0.013829234949633331,0.03647284582959098
3302,5,716,328.01618259779593,3866.898866582476,322.07013414792897,3854.3413164341778,54.0,0.10795065928260948,-0.044377564346655435,0.1077338678064981,-0.04433885550422506,0.013829234949633331,0.01201849555109802
3303,12,716,339.7794838460253,3807.442051326752,322.07013414792897,3854.3413164341778,54.0,0.10795065928260948,-0.1445284200036388,0.1077338678064981,-0.14324780149058358,0.013829234949633331,0.04093576720349747
3304,38,717,292.2609771757026,3909.816818957042,300.148444319119,3836.049470583129,54.0,0.10795065928260948,-0.15335297034023662,0.1077338678064981,-0.1517847530355096,0.013829234949633331,0.04630842526230565
3305,10,717,331.5278665142546,3788.394860859632,300.148444319119,3836.049470583129,54.0,0.10795065928260948,-0.1528993266813991,0.1077338678064981,-0.1530810720803026,0.013829234949633331,0.04921887237015651
3306,5,717,328.01618259779593,3866.898866582476,300.148444319119,3836.049470583129,54.0,0.10795065928260948,-0.109905976778702,0.1077338678064981,-0.10888023769732906,0.013829234949633331,0.03075375454264875
3307,13,717,350.3727630331359,3756.461999998863,300.148444319119,3836.049470583129,54.0,0.10795065928260948,-0.25228269292832883,0.1077338678064981,-0.25180948527651925,0.013829234949633331,0.08289090759858532
3308,25,717,278.7601371768536,3840.6549618706185,300.148444319119,3836.049470583129,54.0,0.10795065928260948,-0.05150809201893026,0.1077338678064981,-0.051025888395359924,0.013829234949633331,0.01793232705800994
3309,53,717,275.4374088407163,3843.51011953928,300.148444319119,3836.049470583129,54.0,0.10795065928260948,-0.06841984454627971,0.1077338678064981,-0.06777993705547214,0.013829234949633331,0.02382410130074065
3310,12,717,339.7794838460253,3807.442051326752,300.148444319119,3836.049470583129,54.0,0.10795065928260948,-0.1347897514153117,0.1077338678064981,-0.13356174017780034,0.013829234949633331,0.040956050611606405
3311,5,718,328.01618259779593,3866.898866582476,298.4736831184446,3865.427505089792,54.0,0.10795065928260948,-0.07978388484723303,0.1077338678064981,-0.07941857738701757,0.013829234949633331,0.020931872676347885
3312,12,718,339.7794838460253,3807.442051326752,298.4736831184446,3865.427505089792,54.0,0.10795065928260948,-0.19128900844973218,0.1077338678064981,-0.18895882625391178,0.013829234949633331,0.05454639426784351
3313,38,718,292.2609771757026,3909.816818957042,298.4736831184446,3865.427505089792,54.0,0.10795065928260948,-0.09351117895897179,0.1077338678064981,-0.09284351977208377,0.013829234949633331,0.028148466418535127
3314,53,718,275.4374088407163,3843.51011953928,298.4736831184446,3865.427505089792,54.0,0.10795065928260948,-0.08198079724937274,0.1077338678064981,-0.08067825808691785,0.013829234949633331,0.023920771391252423
3315,25,718,275.18212912654,3848.067080065535,298.4736831184446,3865.427505089792,54.0,0.10795065928260948,-0.06842313832520894,0.1077338678064981,-0.06722546023511204,0.013829234949633331,0.019012637275099227
3316,38,719,292.2609771757026,3909.816818957042,312.55779460009745,3872.429480945586,54.0,0.10795065928260948,-0.09092315508879932,0.1077338678064981,-0.09157220517381279,0.013829234949633331,0.028070584157995307
3317,25,719,275.18212912654,3848.067080065535,312.55779460009745,3872.429480945586,54.0,0.10795065928260948,-0.10639597148763998,0.1077338678064981,-0.10505264564538278,0.013829234949633331,0.028863883581777192
3318,53,719,275.4374088407163,3843.51011953928,312.55779460009745,3872.429480945586,54.0,0.10795065928260948,-0.11789773450840671,0.1077338678064981,-0.11655800941628147,0.013829234949633331,0.03317012930869548
3319,5,719,328.01618259779593,3866.898866582476,312.55779460009745,3872.429480945586,54.0,0.10795065928260948,-0.04928676134578677,0.1077338678064981,-0.049125626766537575,0.013829234949633331,0.013010864672747384
3320,5,720,328.01618259779593,3866.898866582476,309.97405298229904,3896.896670356153,54.0,0.10795065928260948,-0.08477799208106733,0.1077338678064981,-0.08539082014250005,0.013829234949633331,0.02437715925541914
3321,25,720,275.18212912654,3848.067080065535,309.97405298229904,3896.896670356153,54.0,0.10795065928260948,-0.13294620533701562,0.1077338678064981,-0.13189651355966256,0.013829234949633331,0.03759104915780451
3322,53,720,275.4374088407163,3843.51011953928,309.97405298229904,3896.896670356153,54.0,0.10795065928260948,-0.14501124759685888,0.1077338678064981,-0.14392323658590522,0.013829234949633331,0.041776313078807234
3323,38,720,292.2609771757026,3909.816818957042,309.97405298229904,3896.896670356153,54.0,0.10795065928260948,-0.04293713842476796,0.1077338678064981,-0.0431319151870258,0.013829234949633331,0.015471579230354734
3324,44,721,470.9318574712719,4102.798680980681,281.68860591242515,3899.277797409469,54.0,0.10795065928260948,-0.5546405881757096,0.1077338678064981,-0.5525427290215217,0.013829234949633331,0.1598492742672794
3325,53,721,275.4374088407163,3843.51011953928,281.68860591242515,3899.277797409469,54.0,0.10795065928260948,-0.128916489459212,0.1077338678064981,-0.12726775490277892,0.013829234949633331,0.03695299749826381
3326,38,721,292.2609771757026,3909.816818957042,281.68860591242515,3899.277797409469,54.0,0.10795065928260948,-0.030321623593847213,0.1077338678064981,-0.03063231249447565,0.013829234949633331,0.011642213401266092
3327,25,721,275.18212912654,3848.067080065535,281.68860591242515,3899.277797409469,54.0,0.10795065928260948,-0.11447252201269503,0.1077338678064981,-0.11297554093509432,0.013829234949633331,0.032228349027695447
3328,12,721,339.7794838460253,3807.442051326752,281.68860591242515,3899.277797409469,54.0,0.10795065928260948,-0.27381537904514264,0.1077338678064981,-0.2709672130311242,0.013829234949633331,0.07749705167308431
3329,5,721,328.01618259779593,3866.898866582476,281.68860591242515,3899.277797409469,54.0,0.10795065928260948,-0.1313223095632657,0.1077338678064981,-0.13130764586608956,0.013829234949633331,0.037278920100329134
3330,12,722,339.7794838460253,3807.442051326752,258.026281620782,3903.2885999367545,54.0,0.10795065928260948,-0.2692144973083093,0.1077338678064981,-0.2645479928932716,0.013829234949633331,0.08329834783185397
3331,53,722,275.4374088407163,3843.51011953928,258.026281620782,3903.2885999367545,54.0,0.10795065928260948,-0.05461396941521568,0.1077338678064981,-0.051559384808679644,0.013829234949633331,0.030227501141764274
3332,38,722,292.2609771757026,3909.816818957042,258.026281620782,3903.2885999367545,54.0,0.10795065928260948,-0.045076207189106564,0.1077338678064981,-0.04446573622409129,0.013829234949633331,0.020289891716057745
3333,25,722,275.18212912654,3848.067080065535,258.026281620782,3903.2885999367545,54.0,0.10795065928260948,-0.04465317524364459,0.1077338678064981,-0.04169419086661757,0.013829234949633331,0.026139391996981017
3334,53,723,275.4374088407163,3843.51011953928,225.26275792109743,3851.6329722134415,54.0,0.10795065928260948,-0.09544568240019091,0.1077338678064981,-0.0949014095828367,0.013829234949633331,0.03473916732743005
3335,25,723,264.330530090726,3842.899620060988,225.26275792109743,3851.6329722134415,54.0,0.10795065928260948,-0.07734079924240572,0.1077338678064981,-0.07690094860238576,0.013829234949633331,0.026668705776684374
3336,38,723,292.2609771757026,3909.816818957042,225.26275792109743,3851.6329722134415,54.0,0.10795065928260948,-0.09916170495246483,0.1077338678064981,-0.09639550421192716,0.013829234949633331,0.045591175148709764
3337,53,724,275.4374088407163,3843.51011953928,238.67127808163656,3887.54982630175,54.0,0.10795065928260948,-0.05260049461523055,0.1077338678064981,-0.04987950976464927,0.013829234949633331,0.028955013298051415
3338,25,724,264.330530090726,3842.899620060988,238.67127808163656,3887.54982630175,54.0,0.10795065928260948,-0.049043844301056946,0.1077338678064981,-0.046874713704482374,0.013829234949633331,0.025999389561396156
3339,12,724,339.7794838460253,3807.442051326752,238.67127808163656,3887.54982630175,54.0,0.10795065928260948,-0.23509152001810377,0.1077338678064981,-0.23043931998496886,0.013829234949633331,0.08209799241139402
3340,38,724,292.2609771757026,3909.816818957042,238.67127808163656,3887.54982630175,54.0,0.10795065928260948,-0.0637195033342309,0.1077338678064981,-0.062496142500828224,0.013829234949633331,0.03116315511411031
3341,53,725,275.4374088407163,3843.51011953928,216.78058276365192,3875.401286069962,54.0,0.10795065928260948,-0.08183328844923603,0.1077338678064981,-0.07933380347693494,0.013829234949633331,0.036637083488497986
3342,25,725,264.330530090726,3842.899620060988,216.78058276365192,3875.401286069962,54.0,0.10795065928260948,-0.07485609019240848,0.1077338678064981,-0.07303615341688305,0.013829234949633331,0.032184913870321824
3343,38,725,292.2609771757026,3909.816818957042,216.78058276365192,3875.401286069962,54.0,0.10795065928260948,-0.0892983902884481,0.1077338678064981,-0.08723037876348519,0.013829234949633331,0.044607017866392804
3344,18,726,126.52937545907687,3669.1679992851136,194.69215329829044,3859.7518318258,54.0,0.10795065928260948,-0.4439743423413019,0.1077338678064981,-0.4401098609737262,0.013829234949633331,0.1433979072207977
3345,53,726,275.4374088407163,3843.51011953928,194.69215329829044,3859.7518318258,54.0,0.10795065928260948,-0.1459627007164046,0.1077338678064981,-0.1448706259549732,0.013829234949633331,0.052285854225076575
3346,25,726,264.330530090726,3842.899620060988,194.69215329829044,3859.7518318258,54.0,0.10795065928260948,-0.13663000095302127,0.1077338678064981,-0.13585586943762173,0.013829234949633331,0.04572504519189512
3347,38,726,292.2609771757026,3909.816818957042,194.69215329829044,3859.7518318258,54.0,0.10795065928260948,-0.1488343665808809,0.1077338678064981,-0.1468986380095902,0.013829234949633331,0.061769701375052354
3348,18,727,126.52937545907687,3669.1679992851136,184.8894463734039,3844.197419775655,54.0,0.10795065928260948,-0.3894875277020407,0.1077338678064981,-0.38540029782774904,0.013829234949633331,0.12999068706989697
3349,38,727,292.2609771757026,3909.816818957042,184.8894463734039,3844.197419775655,54.0,0.10795065928260948,-0.1904264832172668,0.1077338678064981,-0.18810010929417156,0.013829234949633331,0.07225488541352508
3350,53,727,275.4374088407163,3843.51011953928,184.8894463734039,3844.197419775655,54.0,0.10795065928260948,-0.22476963289346383,0.1077338678064981,-0.2243398222077763,0.013829234949633331,0.06403985873664565
3351,25,727,264.330530090726,3842.899620060988,184.8894463734039,3844.197419775655,54.0,0.10795065928260948,-0.20268774540938786,0.1077338678064981,-0.2022415657408357,0.013829234949633331,0.05575972178147749
3352,25,728,264.330530090726,3842.899620060988,216.67804085346188,3854.6589930314367,54.0,0.10795065928260948,-0.08990799481381666,0.1077338678064981,-0.08924179926791401,0.013829234949633331,0.03154349229508498
3353,18,728,126.52937545907687,3669.1679992851136,216.67804085346188,3854.6589930314367,54.0,0.10795065928260948,-0.4809331719492993,0.1077338678064981,-0.47661795508703736,0.013829234949633331,0.1505534375762577
3354,25,729,264.330530090726,3842.899620060988,201.6426748967095,3841.084954194472,54.0,0.10795065928260948,-0.1539955719215649,0.1077338678064981,-0.15373535561554377,0.013829234949633331,0.04364114690854077
3355,38,729,292.2609771757026,3909.816818957042,201.6426748967095,3841.084954194472,54.0,0.10795065928260948,-0.16550178054261078,0.1077338678064981,-0.16284552656782755,0.013829234949633331,0.0633300949100505
3356,18,729,126.52937545907687,3669.1679992851136,201.6426748967095,3841.084954194472,54.0,0.10795065928260948,-0.42437468973266745,0.1077338678064981,-0.4202357127627504,0.013829234949633331,0.13615929467639976
3357,53,729,275.4374088407163,3843.51011953928,201.6426748967095,3841.084954194472,54.0,0.10795065928260948,-0.17656688928368602,0.1077338678064981,-0.17632469413909554,0.013829234949633331,0.052117947912120995
3358,25,730,275.08785805456387,3847.958391331468,245.1738650954148,3910.692918075235,54.0,0.10795065928260948,-0.05812932307376032,0.1077338678064981,-0.05521765133085447,0.013829234949633331,0.03238343940828355
3359,18,730,126.52937545907687,3669.1679992851136,245.1738650954148,3910.692918075235,54.0,0.10795065928260948,-0.5634505113929729,0.1077338678064981,-0.5578821560665389,0.013829234949633331,0.18660917413825037
3360,21,731,103.34699834515416,4117.964937310308,219.492026721324,3902.160321959544,54.0,0.10795065928260948,-0.3287726008044161,0.1077338678064981,-0.32332783111595786,0.013829234949633331,0.14111531892569948
3361,38,731,292.2609771757026,3909.816818957042,219.492026721324,3902.160321959544,54.0,0.10795065928260948,-0.08876942074426926,0.1077338678064981,-0.0877984013223265,0.013829234949633331,0.040791917665960326
3362,25,731,264.330530090726,3842.899620060988,219.492026721324,3902.160321959544,54.0,0.10795065928260948,-0.076127358551916,0.1077338678064981,-0.07335166904331855,0.013829234949633331,0.039024605970020554
3363,18,731,126.52937545907687,3669.1679992851136,219.492026721324,3902.160321959544,54.0,0.10795065928260948,-0.5275292924047188,0.1077338678064981,-0.522050913678899,0.013829234949633331,0.1738768609882651
3364,53,731,275.4374088407163,3843.51011953928,219.492026721324,3902.160321959544,54.0,0.10795065928260948,-0.07865314588842823,0.1077338678064981,-0.07532562389504767,0.013829234949633331,0.04189081964348703
3365,18,732,126.52937545907687,3669.1679992851136,233.00864843063775,3870.269977730515,54.0,0.10795065928260948,-0.5148134944160127,0.1077338678064981,-0.5097701066457867,0.013829234949633331,0.1640111996857309
3366,53,732,275.4374088407163,3843.51011953928,233.00864843063775,3870.269977730515,54.0,0.10795065928260948,-0.055342785904509105,0.1077338678064981,-0.0531201150787389,0.013829234949633331,0.027107708488335627
3367,25,732,264.330530090726,3842.899620060988,233.00864843063775,3870.269977730515,54.0,0.10795065928260948,-0.047436223627372355,0.1077338678064981,-0.04583999422306581,0.013829234949633331,0.022500259873545394
3368,38,732,292.2609771757026,3909.816818957042,233.00864843063775,3870.269977730515,54.0,0.10795065928260948,-0.07830441703891484,0.1077338678064981,-0.0765966459588104,0.013829234949633331,0.03749182454691166
3369,25,733,264.330530090726,3842.899620060988,211.7067472244628,3878.559134011484,54.0,0.10795065928260948,-0.08239394586625874,0.1077338678064981,-0.08033150674790801,0.013829234949633331,0.03557542681306659
3370,18,733,126.52937545907687,3669.1679992851136,211.7067472244628,3878.559134011484,54.0,0.10795065928260948,-0.4985942076992539,0.1077338678064981,-0.4940577239637222,0.013829234949633331,0.1600688427614261
3371,53,733,275.4374088407163,3843.51011953928,211.7067472244628,3878.559134011484,54.0,0.10795065928260948,-0.08796579982598407,0.1077338678064981,-0.08517085200798376,0.013829234949633331,0.039796999115197525
3372,38,733,292.2609771757026,3909.816818957042,211.7067472244628,3878.559134011484,54.0,0.10795065928260948,-0.0943259633983469,0.1077338678064981,-0.09201801635498509,0.013829234949633331,0.04681547386950356
3373,53,734,275.4374088407163,3843.51011953928,258.4336883859368,3877.8657284365577,54.0,0.10795065928260948,-0.03558322951324038,0.1077338678064981,-0.03337337696573792,0.013829234949633331,0.019541646544260164
3374,38,734,292.2609771757026,3909.816818957042,258.4336883859368,3877.8657284365577,54.0,0.10795065928260948,-0.06229044831479329,0.1077338678064981,-0.061443356212112256,0.013829234949633331,0.02577604030765065
3375,25,734,273.23479148912514,3847.1159350703206,258.4336883859368,3877.8657284365577,54.0,0.10795065928260948,-0.025406016772184424,0.1077338678064981,-0.023376314216002943,0.013829234949633331,0.015202871696374657
3376,18,734,126.52937545907687,3669.1679992851136,258.4336883859368,3877.8657284365577,54.0,0.10795065928260948,-0.5300264165642417,0.1077338678064981,-0.5244045962479075,0.013829234949633331,0.17627895688284703
3377,63,735,316.49031405012005,3929.154743051912,265.3096747297514,3890.540840509381,54.0,0.10795065928260948,-0.08866408481559986,0.1077338678064981,-0.08820150454004044,0.013829234949633331,0.03675779824494
3378,25,735,275.18212912654,3848.067080065535,265.3096747297514,3890.540840509381,54.0,0.10795065928260948,-0.0328228636288685,0.1077338678064981,-0.03043816721189352,0.013829234949633331,0.019507781748903007
3379,38,735,292.2609771757026,3909.816818957042,265.3096747297514,3890.540840509381,54.0,0.10795065928260948,-0.047016712253218115,0.1077338678064981,-0.04674445411334164,0.013829234949633331,0.019350863725003414
3380,53,735,275.4374088407163,3843.51011953928,265.3096747297514,3890.540840509381,54.0,0.10795065928260948,-0.04341345546795835,0.1077338678064981,-0.04089305293117922,0.013829234949633331,0.023884852059307474
3381,18,735,126.52937545907687,3669.1679992851136,265.3096747297514,3890.540840509381,54.0,0.10795065928260948,-0.542553821884834,0.1077338678064981,-0.5363534561662058,0.013829234949633331,0.18306149740227576
3382,25,736,276.4908269595127,3845.3713588753258,325.17422066430987,3868.80579167809,54.0,0.10795065928260948,-0.1304217227353507,0.1077338678064981,-0.12923534088270308,0.013829234949633331,0.036157063630241654
3383,44,736,482.2902751987267,4093.226876078621,325.17422066430987,3868.80579167809,54.0,0.10795065928260948,-0.5911545465279706,0.1077338678064981,-0.5893058708220933,0.013829234949633331,0.18040627447645588
3384,53,736,275.4374088407163,3843.51011953928,325.17422066430987,3868.80579167809,54.0,0.10795065928260948,-0.14005941794218038,0.1077338678064981,-0.1388346976874084,0.013829234949633331,0.03940935656715873
3385,38,736,292.2609771757026,3909.816818957042,325.17422066430987,3868.80579167809,54.0,0.10795065928260948,-0.11352735204032847,0.1077338678064981,-0.11442010136673776,0.013829234949633331,0.03451279644788872
3386,63,736,316.49031405012005,3929.154743051912,325.17422066430987,3868.80579167809,54.0,0.10795065928260948,-0.12009917467484503,0.1077338678064981,-0.12009611491519023,0.013829234949633331,0.03962128701452789
3387,25,737,264.330530090726,3842.899620060988,244.26666170076163,3867.105363176406,54.0,0.10795065928260948,-0.034537371066555356,0.1077338678064981,-0.03320214914089687,0.013829234949633331,0.016885569695978736
3388,38,737,292.2609771757026,3909.816818957042,244.26666170076163,3867.105363176406,54.0,0.10795065928260948,-0.07509070000285929,0.1077338678064981,-0.07339759832653284,0.013829234949633331,0.03349830035491723
3389,53,737,275.4374088407163,3843.51011953928,244.26666170076163,3867.105363176406,54.0,0.10795065928260948,-0.042768154452959846,0.1077338678064981,-0.04085742202352731,0.013829234949633331,0.021486320920993673
3390,18,737,126.52937545907687,3669.1679992851136,244.26666170076163,3867.105363176406,54.0,0.10795065928260948,-0.5181843331451244,0.1077338678064981,-0.5131718627083423,0.013829234949633331,0.1678586546496919
3391,44,738,470.9318574712719,4102.798680980681,278.4112143194352,3898.247540754817,54.0,0.10795065928260948,-0.5574006746821246,0.1077338678064981,-0.5554231811811974,0.013829234949633331,0.1614398063241824
3392,38,738,292.2609771757026,3909.816818957042,278.4112143194352,3898.247540754817,54.0,0.10795065928260948,-0.035179131054119746,0.1077338678064981,-0.03545975509832821,0.013829234949633331,0.01308723053203601
3393,63,738,316.49031405012005,3929.154743051912,278.4112143194352,3898.247540754817,54.0,0.10795065928260948,-0.07536348137734712,0.1077338678064981,-0.07535313268797282,0.013829234949633331,0.029825898958440143
3394,25,738,275.18212912654,3848.067080065535,278.4112143194352,3898.247540754817,54.0,0.10795065928260948,-0.1116960839417167,0.1077338678064981,-0.11022334019635921,0.013829234949633331,0.03142996455742527
3395,53,738,275.4374088407163,3843.51011953928,278.4112143194352,3898.247540754817,54.0,0.10795065928260948,-0.12633268007550816,0.1077338678064981,-0.1247050900235042,0.013829234949633331,0.0362072114903053
3396,38,739,292.2609771757026,3909.816818957042,315.6588536998603,3884.383887990511,54.0,0.10795065928260948,-0.07163110767908011,0.1077338678064981,-0.07234209428872027,0.013829234949633331,0.023114548427610047
3397,25,739,275.18212912654,3848.067080065535,315.6588536998603,3884.383887990511,54.0,0.10795065928260948,-0.12406157035433149,0.1077338678064981,-0.12301081529559524,0.013829234949633331,0.03451545819602709
3398,53,739,275.4374088407163,3843.51011953928,315.6588536998603,3884.383887990511,54.0,0.10795065928260948,-0.13606850868981615,0.1077338678064981,-0.13499158867916067,0.013829234949633331,0.038732540924821895
3399,63,739,316.49031405012005,3929.154743051912,315.6588536998603,3884.383887990511,54.0,0.10795065928260948,-0.08306207022407412,0.1077338678064981,-0.08288086871170931,0.013829234949633331,0.029361139396032652
3400,44,739,482.2902751987267,4093.226876078621,315.6588536998603,3884.383887990511,54.0,0.10795065928260948,-0.5784967071948983,0.1077338678064981,-0.5768914937677476,0.013829234949633331,0.17164236432811977
3401,38,740,292.2609771757026,3909.816818957042,296.21345872966407,3852.992610644512,54.0,0.10795065928260948,-0.1187183501628954,0.1077338678064981,-0.11755913608428217,0.013829234949633331,0.03487306998237613
3402,63,740,316.49031405012005,3929.154743051912,296.21345872966407,3852.992610644512,54.0,0.10795065928260948,-0.15753258613757415,0.1077338678064981,-0.15688570005606842,0.013829234949633331,0.04965128393434703
3403,25,740,277.1886017127139,3843.911551720602,296.21345872966407,3852.992610644512,54.0,0.10795065928260948,-0.051403573945577645,0.1077338678064981,-0.05076247771548376,0.013829234949633331,0.016511525054031875
3404,53,740,275.4374088407163,3843.51011953928,296.21345872966407,3852.992610644512,54.0,0.10795065928260948,-0.06562166769582387,0.1077338678064981,-0.06481185509966433,0.013829234949633331,0.02115272539912634
3405,18,740,126.52937545907687,3669.1679992851136,296.21345872966407,3852.992610644512,54.0,0.10795065928260948,-0.5599995087686459,0.1077338678064981,-0.5560542698505755,0.013829234949633331,0.19555699341926078
3406,18,741,126.52937545907687,3669.1679992851136,314.258204840562,3850.878766542768,54.0,0.10795065928260948,-0.5959853675551029,0.1077338678064981,-0.5903901815919286,0.013829234949633331,0.2111997221228943
3407,53,741,275.4374088407163,3843.51011953928,314.258204840562,3850.878766542768,54.0,0.10795065928260948,-0.10009011113248847,0.1077338678064981,-0.0990045106665895,0.013829234949633331,0.032223288882988387
3408,38,741,292.2609771757026,3909.816818957042,314.258204840562,3850.878766542768,54.0,0.10795065928260948,-0.14329152311410337,0.1077338678064981,-0.14330662480643114,0.013829234949633331,0.04117723617731102
3409,25,741,278.7601371768536,3840.6549618706185,314.258204840562,3850.878766542768,54.0,0.10795065928260948,-0.08731479239911909,0.1077338678064981,-0.08630209842728805,0.013829234949633331,0.02809667345688718
3410,53,742,275.4374088407163,3843.51011953928,301.5535634179998,3839.126306448653,54.0,0.10795065928260948,-0.07047290933258522,0.1077338678064981,-0.06977779997942488,0.013829234949633331,0.024305288109667304
3411,63,742,316.49031405012005,3929.154743051912,301.5535634179998,3839.126306448653,54.0,0.10795065928260948,-0.19634553044066694,0.1077338678064981,-0.19559377744844328,0.013829234949633331,0.060313960521834034
3412,38,742,292.2609771757026,3909.816818957042,301.5535634179998,3839.126306448653,54.0,0.10795065928260948,-0.1536623696428532,0.1077338678064981,-0.1519326908759937,0.013829234949633331,0.045103950347634716
3413,18,742,126.52937545907687,3669.1679992851136,301.5535634179998,3839.126306448653,54.0,0.10795065928260948,-0.5516212006159359,0.1077338678064981,-0.5467758326648041,0.013829234949633331,0.19791749358386945
3414,25,742,278.7601371768536,3840.6549618706185,301.5535634179998,3839.126306448653,54.0,0.10795065928260948,-0.05405970279085909,0.1077338678064981,-0.05352208462460499,0.013829234949633331,0.018615997856168572
3415,25,743,275.18212912654,3848.067080065535,309.4684575390872,3872.32704628831,54.0,0.10795065928260948,-0.09956954095690437,0.1077338678064981,-0.0982262165220906,0.013829234949633331,0.027084920428693295
3416,44,743,482.2902751987267,4093.226876078621,309.4684575390872,3872.32704628831,54.0,0.10795065928260948,-0.6091483272089103,0.1077338678064981,-0.607704399364813,0.013829234949633331,0.1811879660935518
3417,63,743,316.49031405012005,3929.154743051912,309.4684575390872,3872.32704628831,54.0,0.10795065928260948,-0.11066228180369043,0.1077338678064981,-0.11067990779629928,0.013829234949633331,0.037119993511295794
3418,38,743,292.2609771757026,3909.816818957042,309.4684575390872,3872.32704628831,54.0,0.10795065928260948,-0.08830830604559384,0.1077338678064981,-0.08881488799142424,0.013829234949633331,0.02721791573734737
3419,53,743,275.4374088407163,3843.51011953928,309.4684575390872,3872.32704628831,54.0,0.10795065928260948,-0.11160303704803291,0.1077338678064981,-0.11023899471194828,0.013829234949633331,0.031498995088265966
3420,25,744,275.18212912654,3848.067080065535,271.0794516397593,3873.021199386558,54.0,0.10795065928260948,-0.019113347249621153,0.1077338678064981,-0.017400326962775683,0.013829234949633331,0.0115873582924896
3421,27,745,413.6607163277177,4126.933692479007,418.3279091794528,4088.79789404924,54.0,0.10795065928260948,-0.0841578636084776,0.1077338678064981,-0.0830346331352674,0.013829234949633331,0.022786024825741158
3422,45,745,517.3116391169647,4113.7490927459785,418.3279091794528,4088.79789404924,54.0,0.10795065928260948,-0.18553833427078503,0.1077338678064981,-0.1841327613379853,0.013829234949633331,0.055504299574696096
3423,43,745,630.0947010611478,4141.259609929846,418.3279091794528,4088.79789404924,54.0,0.10795065928260948,-0.5097698523386142,0.1077338678064981,-0.5070112191026901,0.013829234949633331,0.1360479356799271
3424,41,745,461.8106926932424,4070.996636995212,418.3279091794528,4088.79789404924,54.0,0.10795065928260948,-0.10952843106064349,0.1077338678064981,-0.10957010932287815,0.013829234949633331,0.02702700707812439
3425,47,745,497.40279712570856,4039.075701869608,418.3279091794528,4088.79789404924,54.0,0.10795065928260948,-0.20553259898580842,0.1077338678064981,-0.20506709014173863,0.013829234949633331,0.05678752743694554
3426,60,745,462.2337953932308,4065.780960132662,418.3279091794528,4088.79789404924,54.0,0.10795065928260948,-0.11568851628415586,0.1077338678064981,-0.11566873223946428,0.013829234949633331,0.028878700089900143
3427,42,745,481.4936938530769,4095.225387665601,418.3279091794528,4088.79789404924,54.0,0.10795065928260948,-0.13876907242668612,0.1077338678064981,-0.13831747111557557,0.013829234949633331,0.035001978545228074
3428,61,745,463.203498736656,4062.892527800171,418.3279091794528,4088.79789404924,54.0,0.10795065928260948,-0.11990768448907674,0.1077338678064981,-0.11983616518665297,0.013829234949633331,0.030168885745992996
3429,39,745,491.6009153175041,3965.873607703836,418.3279091794528,4088.79789404924,54.0,0.10795065928260948,-0.18510438824304706,0.1077338678064981,-0.18075229662430825,0.013829234949633331,0.07247796417184171
3430,44,745,470.9318574712719,4102.798680980681,418.3279091794528,4088.79789404924,54.0,0.10795065928260948,-0.10038045328328267,0.1077338678064981,-0.09937276193252265,0.013829234949633331,0.026839481813883962
3431,23,745,485.3312407692456,4298.036308618457,418.3279091794528,4088.79789404924,54.0,0.10795065928260948,-0.24797958743705734,0.1077338678064981,-0.23810954604963097,0.013829234949633331,0.10777684910412036
3432,31,746,286.22286085268047,4096.016113555928,393.5062405176661,4094.4322381805127,54.0,0.10795065928260948,-0.22967819296178021,0.1077338678064981,-0.22918684892354663,0.013829234949633331,0.06291447289772846
3433,27,746,413.6607163277177,4126.933692479007,393.5062405176661,4094.4322381805127,54.0,0.10795065928260948,-0.08130965744724845,0.1077338678064981,-0.08014537055588691,0.013829234949633331,0.02291250461226405
3434,60,746,462.2337953932308,4065.780960132662,393.5062405176661,4094.4322381805127,54.0,0.10795065928260948,-0.17274995046735478,0.1077338678064981,-0.17212676777647506,0.013829234949633331,0.04338375415787962
3435,45,746,517.3116391169647,4113.7490927459785,393.5062405176661,4094.4322381805127,54.0,0.10795065928260948,-0.2008305054369891,0.1077338678064981,-0.19817800172197242,0.013829234949633331,0.065615976039293
3436,44,746,470.9318574712719,4102.798680980681,393.5062405176661,4094.4322381805127,54.0,0.10795065928260948,-0.13732393824074585,0.1077338678064981,-0.13531352625463758,0.013829234949633331,0.03829571426223276
3437,41,746,461.8106926932424,4070.996636995212,393.5062405176661,4094.4322381805127,54.0,0.10795065928260948,-0.17017913329353784,0.1077338678064981,-0.16980233270924897,0.013829234949633331,0.04215316875538851
3438,61,747,463.203498736656,4062.892527800171,400.3313909243413,4047.66133186713,54.0,0.10795065928260948,-0.13134937744107927,0.1077338678064981,-0.13102313234412127,0.013829234949633331,0.03684564087529147
3439,60,747,462.2337953932308,4065.780960132662,400.3313909243413,4047.66133186713,54.0,0.10795065928260948,-0.1308970594957886,0.1077338678064981,-0.13059261327568947,0.013829234949633331,0.036706740173406804
3440,44,747,470.9318574712719,4102.798680980681,400.3313909243413,4047.66133186713,54.0,0.10795065928260948,-0.1693906281574237,0.1077338678064981,-0.16867285859577819,0.013829234949633331,0.04783971654338449
3441,47,747,497.40279712570856,4039.075701869608,400.3313909243413,4047.66133186713,54.0,0.10795065928260948,-0.13579214361775563,0.1077338678064981,-0.13446678739652745,0.013829234949633331,0.05441338901630737
3442,42,747,481.4936938530769,4095.225387665601,400.3313909243413,4047.66133186713,54.0,0.10795065928260948,-0.18706160168217137,0.1077338678064981,-0.1862632187326489,0.013829234949633331,0.051713322818726946
3443,39,747,491.6009153175041,3965.873607703836,400.3313909243413,4047.66133186713,54.0,0.10795065928260948,-0.14453323830643383,0.1077338678064981,-0.14050993931615247,0.013829234949633331,0.06661310981210304
3444,31,747,286.22286085268047,4096.016113555928,400.3313909243413,4047.66133186713,54.0,0.10795065928260948,-0.27028733413156436,0.1077338678064981,-0.2703294129986671,0.013829234949633331,0.07562169195529592
3445,23,747,485.3312407692456,4298.036308618457,400.3313909243413,4047.66133186713,54.0,0.10795065928260948,-0.3505491717776708,0.1077338678064981,-0.3402990711189406,0.013829234949633331,0.1354069596773421
3446,38,747,292.2609771757026,3909.816818957042,400.3313909243413,4047.66133186713,54.0,0.10795065928260948,-0.3636225207389977,0.1077338678064981,-0.3626340440941599,0.013829234949633331,0.1072203545119613
3447,27,747,413.6607163277177,4126.933692479007,400.3313909243413,4047.66133186713,54.0,0.10795065928260948,-0.16987484533127767,0.1077338678064981,-0.16874417500597833,0.013829234949633331,0.047115257689984244
3448,41,747,461.8106926932424,4070.996636995212,400.3313909243413,4047.66133186713,54.0,0.10795065928260948,-0.13289195758143701,0.1077338678064981,-0.13261801313667915,0.013829234949633331,0.03725971134463433
3449,44,748,470.9318574712719,4102.798680980681,375.7370348868046,4027.7319162946624,54.0,0.10795065928260948,-0.23293343518975415,0.1077338678064981,-0.23219258198032877,0.013829234949633331,0.06669518085709847
3450,61,748,463.203498736656,4062.892527800171,375.7370348868046,4027.7319162946624,54.0,0.10795065928260948,-0.18162163719952928,0.1077338678064981,-0.18104501198441325,0.013829234949633331,0.05375570303896579
3451,31,748,286.22286085268047,4096.016113555928,375.7370348868046,4027.7319162946624,54.0,0.10795065928260948,-0.2686542449786538,0.1077338678064981,-0.2673574866366503,0.013829234949633331,0.07116871811250071
3452,60,748,462.2337953932308,4065.780960132662,375.7370348868046,4027.7319162946624,54.0,0.10795065928260948,-0.1871156350638912,0.1077338678064981,-0.18643308743485756,0.013829234949633331,0.05379551734083974
3453,39,748,491.6009153175041,3965.873607703836,375.7370348868046,4027.7319162946624,54.0,0.10795065928260948,-0.20065458742963715,0.1077338678064981,-0.19814269795026634,0.013829234949633331,0.07793355673947494
3454,42,748,481.4936938530769,4095.225387665601,375.7370348868046,4027.7319162946624,54.0,0.10795065928260948,-0.24823842228614396,0.1077338678064981,-0.24718871933483078,0.013829234949633331,0.07000984057526594
3455,41,748,461.8106926932424,4070.996636995212,375.7370348868046,4027.7319162946624,54.0,0.10795065928260948,-0.19244384096398792,0.1077338678064981,-0.19183547726800174,0.013829234949633331,0.05486457232236411
3456,44,749,473.7692249387097,4100.459742736739,426.0873277925459,4044.716857998372,54.0,0.10795065928260948,-0.13163427847193174,0.1077338678064981,-0.13039882541801032,0.013829234949633331,0.03820178886418188
3457,38,749,292.2609771757026,3909.816818957042,426.0873277925459,4044.716857998372,54.0,0.10795065928260948,-0.39920380725803833,0.1077338678064981,-0.3977706225646645,0.013829234949633331,0.1152743825479493
3458,60,749,462.2337953932308,4065.780960132662,426.0873277925459,4044.716857998372,54.0,0.10795065928260948,-0.07921388999412857,0.1077338678064981,-0.07899600084258533,0.013829234949633331,0.02385234668505261
3459,61,749,463.203498736656,4062.892527800171,426.0873277925459,4044.716857998372,54.0,0.10795065928260948,-0.07678259983862586,0.1077338678064981,-0.076617600462494,0.013829234949633331,0.023696376709747405
3460,36,749,587.79522063936,3965.30735379632,426.0873277925459,4044.716857998372,54.0,0.10795065928260948,-0.2759415252619126,0.1077338678064981,-0.2728124639663583,0.013829234949633331,0.11720907782413077
3461,48,749,542.8497150079456,3957.433060143872,426.0873277925459,4044.716857998372,54.0,0.10795065928260948,-0.1706210802078066,0.1077338678064981,-0.16621357841480708,0.013829234949633331,0.08257224734981605
3462,45,749,517.3116391169647,4113.7490927459785,426.0873277925459,4044.716857998372,54.0,0.10795065928260948,-0.2714977394076473,0.1077338678064981,-0.2711582322799534,0.013829234949633331,0.07030010474085194
3463,31,749,286.22286085268047,4096.016113555928,426.0873277925459,4044.716857998372,54.0,0.10795065928260948,-0.31065728291228356,0.1077338678064981,-0.310604313650304,0.013829234949633331,0.0889434364270365
3464,51,749,515.5112789978382,4127.169092421015,426.0873277925459,4044.716857998372,54.0,0.10795065928260948,-0.24451464380985094,0.1077338678064981,-0.24359134516381395,0.013829234949633331,0.07040607564791564
3465,54,749,562.1256537151418,3993.041990758743,426.0873277925459,4044.716857998372,54.0,0.10795065928260948,-0.21538508892175723,0.1077338678064981,-0.2125912672002907,0.013829234949633331,0.09016853867772669
3466,41,749,461.8106926932424,4070.996636995212,426.0873277925459,4044.716857998372,54.0,0.10795065928260948,-0.08512144457217838,0.1077338678064981,-0.08484599641103138,0.013829234949633331,0.024911792929406547
3467,23,749,485.3312407692456,4298.036308618457,426.0873277925459,4044.716857998372,54.0,0.10795065928260948,-0.299239924098168,0.1077338678064981,-0.29007520331450365,0.013829234949633331,0.118167476458335
3468,43,749,630.0947010611478,4141.259609929846,426.0873277925459,4044.716857998372,54.0,0.10795065928260948,-0.6431379781662767,0.1077338678064981,-0.6418740623533445,0.013829234949633331,0.15552017265928528
3469,47,749,497.40279712570856,4039.075701869608,426.0873277925459,4044.716857998372,54.0,0.10795065928260948,-0.09092841018300382,0.1077338678064981,-0.08989791343995157,0.013829234949633331,0.04031612081261769
3470,39,749,491.6009153175041,3965.873607703836,426.0873277925459,4044.716857998372,54.0,0.10795065928260948,-0.09426888422512456,0.1077338678064981,-0.0908287584055738,0.013829234949633331,0.0524617362431547
3471,27,749,413.6607163277177,4126.933692479007,426.0873277925459,4044.716857998372,54.0,0.10795065928260948,-0.17108714605014078,0.1077338678064981,-0.16991180942409267,0.013829234949633331,0.04836643092171112
3472,19,750,311.50845425664727,4115.619753095878,362.17199524503343,4082.865688514489,54.0,0.10795065928260948,-0.10894570118629654,0.1077338678064981,-0.10957693008109086,0.013829234949633331,0.035507786771429524
3473,41,750,461.8106926932424,4070.996636995212,362.17199524503343,4082.865688514489,54.0,0.10795065928260948,-0.22344951797786092,0.1077338678064981,-0.22203475936697145,0.013829234949633331,0.058165801906078694
3474,61,750,463.203498736656,4062.892527800171,362.17199524503343,4082.865688514489,54.0,0.10795065928260948,-0.21680775365256352,0.1077338678064981,-0.215931399148075,0.013829234949633331,0.05972307841625409
3475,64,750,251.14156651564912,4194.6094429104505,362.17199524503343,4082.865688514489,54.0,0.10795065928260948,-0.25661709282158013,0.1077338678064981,-0.2538273377220322,0.013829234949633331,0.09853271490082322
3476,60,750,462.2337953932308,4065.780960132662,362.17199524503343,4082.865688514489,54.0,0.10795065928260948,-0.2168087335805821,0.1077338678064981,-0.2157578485356054,0.013829234949633331,0.058832371165838455
3477,66,750,493.8518825171933,3956.000689079267,362.17199524503343,4082.865688514489,54.0,0.10795065928260948,-0.26922831292314986,0.1077338678064981,-0.2648558547223621,0.013829234949633331,0.10516218046519724
3478,31,750,286.22286085268047,4096.016113555928,362.17199524503343,4082.865688514489,54.0,0.10795065928260948,-0.16446185964456386,0.1077338678064981,-0.16452817195368374,0.013829234949633331,0.04516453009306194
3479,44,750,470.9318574712719,4102.798680980681,362.17199524503343,4082.865688514489,54.0,0.10795065928260948,-0.22092979157151446,0.1077338678064981,-0.21866581891797293,0.013829234949633331,0.058957763337685536
3480,47,750,497.40279712570856,4039.075701869608,362.17199524503343,4082.865688514489,54.0,0.10795065928260948,-0.2735357788900819,0.1077338678064981,-0.2721790365908936,0.013829234949633331,0.08329448416399213
3481,65,750,465.43944178630807,4063.6597216274654,362.17199524503343,4082.865688514489,54.0,0.10795065928260948,-0.222218588620238,0.1077338678064981,-0.22130568821183788,0.013829234949633331,0.06091494975002584
3482,65,751,465.43944178630807,4063.6597216274654,379.32967125049646,4082.7270292645976,54.0,0.10795065928260948,-0.19242700703751844,0.1077338678064981,-0.191484290185935,0.013829234949633331,0.05117484806028289
3483,19,751,316.4731036835704,4123.280697965635,379.32967125049646,4082.7270292645976,54.0,0.10795065928260948,-0.1344328703736449,0.1077338678064981,-0.13479946338635498,0.013829234949633331,0.04398139391748727
3484,19,752,320.3250861675983,4129.08078728429,396.279303214471,4080.2510948158647,54.0,0.10795065928260948,-0.16489500579645397,0.1077338678064981,-0.16430623099367403,0.013829234949633331,0.053571616720330534
3485,61,752,463.203498736656,4062.892527800171,396.279303214471,4080.2510948158647,54.0,0.10795065928260948,-0.15120162321234606,0.1077338678064981,-0.15055565895823708,0.013829234949633331,0.039889549301659055
3486,47,752,497.40279712570856,4039.075701869608,396.279303214471,4080.2510948158647,54.0,0.10795065928260948,-0.21837102399725145,0.1077338678064981,-0.21741796596111562,0.013829234949633331,0.06469152960280848
3487,66,752,493.8518825171933,3956.000689079267,396.279303214471,4080.2510948158647,54.0,0.10795065928260948,-0.19935735347467537,0.1077338678064981,-0.19577257593974595,0.013829234949633331,0.08657552069863426
3488,45,752,517.3116391169647,4113.7490927459785,396.279303214471,4080.2510948158647,54.0,0.10795065928260948,-0.24758903318184364,0.1077338678064981,-0.24604315034652952,0.013829234949633331,0.07037089137689688
3489,44,752,470.9318574712719,4102.798680980681,396.279303214471,4080.2510948158647,54.0,0.10795065928260948,-0.15801181291451358,0.1077338678064981,-0.15665714330943473,0.013829234949633331,0.041019549031671626
3490,27,752,413.6607163277177,4126.933692479007,396.279303214471,4080.2510948158647,54.0,0.10795065928260948,-0.10920093311646466,0.1077338678064981,-0.10780167326879901,0.013829234949633331,0.02948999188534716
3491,65,752,465.43944178630807,4063.6597216274654,396.279303214471,4080.2510948158647,54.0,0.10795065928260948,-0.15579463035921182,0.1077338678064981,-0.15513698586949876,0.013829234949633331,0.040988624903934776
3492,60,752,462.2337953932308,4065.780960132662,396.279303214471,4080.2510948158647,54.0,0.10795065928260948,-0.14953012722257136,0.1077338678064981,-0.14877881849159447,0.013829234949633331,0.03890620460927289
3493,31,752,286.22286085268047,4096.016113555928,396.279303214471,4080.2510948158647,54.0,0.10795065928260948,-0.23833093556393625,0.1077338678064981,-0.23777104169067242,0.013829234949633331,0.06521927474049502
3494,39,752,491.6009153175041,3965.873607703836,396.279303214471,4080.2510948158647,54.0,0.10795065928260948,-0.1830532444181787,0.1077338678064981,-0.1797136526968538,0.013829234949633331,0.07938803747409424
3495,41,752,461.8106926932424,4070.996636995212,396.279303214471,4080.2510948158647,54.0,0.10795065928260948,-0.1510460110036452,0.1077338678064981,-0.15037190984500753,0.013829234949633331,0.03817740925790469
3496,22,752,296.8698192329844,4149.379871130487,396.279303214471,4080.2510948158647,54.0,0.10795065928260948,-0.20562138040757094,0.1077338678064981,-0.2042456025391259,0.013829234949633331,0.07240673904348693
3497,47,753,497.40279712570856,4039.075701869608,412.8630024415256,4079.543733428927,54.0,0.10795065928260948,-0.19339056384972855,0.1077338678064981,-0.19249447167450243,0.013829234949633331,0.05620450461984219
3498,19,753,324.8153272931308,4135.979057138678,412.8630024415256,4079.543733428927,54.0,0.10795065928260948,-0.19404230996287036,0.1077338678064981,-0.1927354170179131,0.013829234949633331,0.06193199253006748
3499,39,753,491.6009153175041,3965.873607703836,412.8630024415256,4079.543733428927,54.0,0.10795065928260948,-0.16439885789026398,0.1077338678064981,-0.16076904746547452,0.013829234949633331,0.07078146528368666
3500,16,753,510.22088537403255,4246.5421852479,412.8630024415256,4079.543733428927,54.0,0.10795065928260948,-0.17179598656906045,0.1077338678064981,-0.1629884546838783,0.013829234949633331,0.07880227276661733
3501,60,753,462.2337953932308,4065.780960132662,412.8630024415256,4079.543733428927,54.0,0.10795065928260948,-0.1149668275238896,0.1077338678064981,-0.11448170047985187,0.013829234949633331,0.029487610633627294
3502,66,753,493.8518825171933,3956.000689079267,412.8630024415256,4079.543733428927,54.0,0.10795065928260948,-0.1781562104019921,0.1077338678064981,-0.17433282586991652,0.013829234949633331,0.07776676061368432
3503,45,753,517.3116391169647,4113.7490927459785,412.8630024415256,4079.543733428927,54.0,0.10795065928260948,-0.2212384611222139,0.1077338678064981,-0.22039767270812655,0.013829234949633331,0.06305022308322054
3504,43,753,630.0947010611478,4141.259609929846,412.8630024415256,4079.543733428927,54.0,0.10795065928260948,-0.5712680981974807,0.1077338678064981,-0.5691166161483173,0.013829234949633331,0.14540178148051988
3505,23,753,485.3312407692456,4298.036308618457,412.8630024415256,4079.543733428927,54.0,0.10795065928260948,-0.27930107620945777,0.1077338678064981,-0.26905039985503937,0.013829234949633331,0.11485700084809235
3506,31,753,286.22286085268047,4096.016113555928,412.8630024415256,4079.543733428927,54.0,0.10795065928260948,-0.27758176763862674,0.1077338678064981,-0.27672261596856895,0.013829234949633331,0.07497786909979762
3507,61,753,463.203498736656,4062.892527800171,412.8630024415256,4079.543733428927,54.0,0.10795065928260948,-0.11808678504322474,0.1077338678064981,-0.11754414188905984,0.013829234949633331,0.03050232442546115
3508,65,753,465.43944178630807,4063.6597216274654,412.8630024415256,4079.543733428927,54.0,0.10795065928260948,-0.1218568225761563,0.1077338678064981,-0.12138135386354323,0.013829234949633331,0.031539287429113126
3509,41,753,461.8106926932424,4070.996636995212,412.8630024415256,4079.543733428927,54.0,0.10795065928260948,-0.11371304819479028,0.1077338678064981,-0.11346370948852054,0.013829234949633331,0.02859761152459629
3510,44,753,470.9318574712719,4102.798680980681,412.8630024415256,4079.543733428927,54.0,0.10795065928260948,-0.12379442936554494,0.1077338678064981,-0.12284561712124824,0.013829234949633331,0.03230418383910553
3511,22,753,301.6304881357929,4156.037775497009,412.8630024415256,4079.543733428927,54.0,0.10795065928260948,-0.2351765540297031,0.1077338678064981,-0.23316767279756284,0.013829234949633331,0.08036505346788798
3512,27,753,413.6607163277177,4126.933692479007,412.8630024415256,4079.543733428927,54.0,0.10795065928260948,-0.10557032038470851,0.1077338678064981,-0.10430716353206357,0.013829234949633331,0.02800191357848113
3513,41,754,461.8106926932424,4070.996636995212,390.0869155343114,4063.230642872049,54.0,0.10795065928260948,-0.14672314452969337,0.1077338678064981,-0.1465096454817192,0.013829234949633331,0.04152805443770259
3514,31,754,286.22286085268047,4096.016113555928,390.0869155343114,4063.230642872049,54.0,0.10795065928260948,-0.232082402479797,0.1077338678064981,-0.23215032874295202,0.013829234949633331,0.0650238391005309
3515,44,754,470.9318574712719,4102.798680980681,390.0869155343114,4063.230642872049,54.0,0.10795065928260948,-0.17885913025268163,0.1077338678064981,-0.17802407705483783,0.013829234949633331,0.0488363795766229
3516,19,754,310.5905313289105,4114.308200094231,390.0869155343114,4063.230642872049,54.0,0.10795065928260948,-0.17957449932695047,0.1077338678064981,-0.17991899759713004,0.013829234949633331,0.05597805200527518
3517,65,754,465.43944178630807,4063.6597216274654,390.0869155343114,4063.230642872049,54.0,0.10795065928260948,-0.15398425565134857,0.1077338678064981,-0.15381451149003025,0.013829234949633331,0.043600635701047094
3518,22,754,286.68380691953433,4135.199550032316,390.0869155343114,4063.230642872049,54.0,0.10795065928260948,-0.23172855849993193,0.1077338678064981,-0.23220072020257534,0.013829234949633331,0.07579830506303716
3519,27,754,413.6607163277177,4126.933692479007,390.0869155343114,4063.230642872049,54.0,0.10795065928260948,-0.14715263793825667,0.1077338678064981,-0.1455181588464202,0.013829234949633331,0.04038955061450383
3520,66,754,493.8518825171933,3956.000689079267,390.0869155343114,4063.230642872049,54.0,0.10795065928260948,-0.19472961318453508,0.1077338678064981,-0.19053340245391084,0.013829234949633331,0.08408458720590078
3521,19,755,315.46311861654766,4121.748685168132,409.2580805256216,4061.619137215324,54.0,0.10795065928260948,-0.21082806015794203,0.1077338678064981,-0.21096027798087436,0.013829234949633331,0.06584606601275445
3522,47,755,497.40279712570856,4039.075701869608,409.2580805256216,4061.619137215324,54.0,0.10795065928260948,-0.15803751101449542,0.1077338678064981,-0.15686008024588638,0.013829234949633331,0.05200764426685671
3523,27,755,413.6607163277177,4126.933692479007,409.2580805256216,4061.619137215324,54.0,0.10795065928260948,-0.14183495519042394,0.1077338678064981,-0.14063039445827463,0.013829234949633331,0.038505239160728885
3524,23,755,485.3312407692456,4298.036308618457,409.2580805256216,4061.619137215324,54.0,0.10795065928260948,-0.3106505374884462,0.1077338678064981,-0.30064505237723343,0.013829234949633331,0.12474090741604257
3525,65,755,465.43944178630807,4063.6597216274654,409.2580805256216,4061.619137215324,54.0,0.10795065928260948,-0.11644473001740918,0.1077338678064981,-0.116277621358811,0.013829234949633331,0.03220224031283922
3526,16,755,510.22088537403255,4246.5421852479,409.2580805256216,4061.619137215324,54.0,0.10795065928260948,-0.20470526250557075,0.1077338678064981,-0.19639492459739913,0.013829234949633331,0.08681248725758425
3527,61,755,463.203498736656,4062.892527800171,409.2580805256216,4061.619137215324,54.0,0.10795065928260948,-0.11226073564773217,0.1077338678064981,-0.11206591416914863,0.013829234949633331,0.03100209084217062
3528,41,755,461.8106926932424,4070.996636995212,409.2580805256216,4061.619137215324,54.0,0.10795065928260948,-0.10990790700817052,0.1077338678064981,-0.10969508760692132,0.013829234949633331,0.030324113844162958
3529,45,755,517.3116391169647,4113.7490927459785,409.2580805256216,4061.619137215324,54.0,0.10795065928260948,-0.25795214841765984,0.1077338678064981,-0.2573248909962621,0.013829234949633331,0.07011891408152053
3530,60,755,462.2337953932308,4065.780960132662,409.2580805256216,4061.619137215324,54.0,0.10795065928260948,-0.11032785736054987,0.1077338678064981,-0.11012108988131716,0.013829234949633331,0.03044875270164412
3531,39,755,491.6009153175041,3965.873607703836,409.2580805256216,4061.619137215324,54.0,0.10795065928260948,-0.1392460882054099,0.1077338678064981,-0.13583755011140425,0.013829234949633331,0.06639534681334612
3532,66,755,493.8518825171933,3956.000689079267,409.2580805256216,4061.619137215324,54.0,0.10795065928260948,-0.155131352057444,0.1077338678064981,-0.1514966059581625,0.013829234949633331,0.07351178721425933
3533,22,755,292.19589409194833,4142.944166687175,409.2580805256216,4061.619137215324,54.0,0.10795065928260948,-0.25513483843381257,0.1077338678064981,-0.2545436318730792,0.013829234949633331,0.0852815746499401
3534,31,755,286.22286085268047,4096.016113555928,409.2580805256216,4061.619137215324,54.0,0.10795065928260948,-0.267776950323915,0.1077338678064981,-0.26773000131305946,0.013829234949633331,0.07587109790695705
3535,44,755,470.9318574712719,4102.798680980681,409.2580805256216,4061.619137215324,54.0,0.10795065928260948,-0.14190316337494188,0.1077338678064981,-0.14132483373211022,0.013829234949633331,0.039193384076900914
3536,19,756,322.43464083499214,4132.36602879609,426.6160858045599,4065.7017923821263,54.0,0.10795065928260948,-0.23367353570862284,0.1077338678064981,-0.23266948163495377,0.013829234949633331,0.07311224024201483
3537,47,756,497.40279712570856,4039.075701869608,426.6160858045599,4065.7017923821263,54.0,0.10795065928260948,-0.14555787376650303,0.1077338678064981,-0.14466064472719525,0.013829234949633331,0.04494642377556283
3538,16,756,510.22088537403255,4246.5421852479,426.6160858045599,4065.7017923821263,54.0,0.10795065928260948,-0.17470684467006778,0.1077338678064981,-0.16617215378420652,0.013829234949633331,0.07476141186026572
3539,36,756,587.79522063936,3965.30735379632,426.6160858045599,4065.7017923821263,54.0,0.10795065928260948,-0.3427142586437896,0.1077338678064981,-0.3391262554181045,0.013829234949633331,0.12685150195703518
3540,41,756,461.8106926932424,4070.996636995212,426.6160858045599,4065.7017923821263,54.0,0.10795065928260948,-0.07610276341412904,0.1077338678064981,-0.0757678511590046,0.013829234949633331,0.02008195549434534
3541,65,756,465.43944178630807,4063.6597216274654,426.6160858045599,4065.7017923821263,54.0,0.10795065928260948,-0.08361129101078468,0.1077338678064981,-0.08332205245414123,0.013829234949633331,0.02223551971660701
3542,39,756,491.6009153175041,3965.873607703836,426.6160858045599,4065.7017923821263,54.0,0.10795065928260948,-0.12760587933988632,0.1077338678064981,-0.12376883333213375,0.013829234949633331,0.059259861186918936
3543,61,756,463.203498736656,4062.892527800171,426.6160858045599,4065.7017923821263,54.0,0.10795065928260948,-0.07998550505639851,0.1077338678064981,-0.07966423671887404,0.013829234949633331,0.02117376488709206
3544,60,756,462.2337953932308,4065.780960132662,426.6160858045599,4065.7017923821263,54.0,0.10795065928260948,-0.0774960577627741,0.1077338678064981,-0.07716431378033257,0.013829234949633331,0.020469963577010468
3545,54,756,562.1256537151418,3993.041990758743,426.6160858045599,4065.7017923821263,54.0,0.10795065928260948,-0.28281838309814944,0.1077338678064981,-0.2793859141039696,0.013829234949633331,0.09893399847990769
3546,23,756,485.3312407692456,4298.036308618457,426.6160858045599,4065.7017923821263,54.0,0.10795065928260948,-0.2708094497756265,0.1077338678064981,-0.26177645351065265,0.013829234949633331,0.11084844958654513
3547,27,756,413.6607163277177,4126.933692479007,426.6160858045599,4065.7017923821263,54.0,0.10795065928260948,-0.13814488583976586,0.1077338678064981,-0.13664306096383302,0.013829234949633331,0.03634619917591556
3548,66,756,493.8518825171933,3956.000689079267,426.6160858045599,4065.7017923821263,54.0,0.10795065928260948,-0.14109198669370732,0.1077338678064981,-0.137038539469851,0.013829234949633331,0.06591483541122974
3549,44,756,470.9318574712719,4102.798680980681,426.6160858045599,4065.7017923821263,54.0,0.10795065928260948,-0.10857176260702803,0.1077338678064981,-0.10759639193580413,0.013829234949633331,0.029348257229998856
3550,43,756,630.0947010611478,4141.259609929846,426.6160858045599,4065.7017923821263,54.0,0.10795065928260948,-0.6015124917454892,0.1077338678064981,-0.599277547292682,0.013829234949633331,0.14507412433727762
3551,45,756,517.3116391169647,4113.7490927459785,426.6160858045599,4065.7017923821263,54.0,0.10795065928260948,-0.22890002379499308,0.1077338678064981,-0.22796304099844106,0.013829234949633331,0.06036503081502283
3552,41,757,461.8106926932424,4070.996636995212,376.0794496043232,4045.9459437511223,54.0,0.10795065928260948,-0.18132797584244434,0.1077338678064981,-0.1811104742928631,0.013829234949633331,0.05171506934231733
3553,66,757,493.8518825171933,3956.000689079267,376.0794496043232,4045.9459437511223,54.0,0.10795065928260948,-0.2180146451086605,0.1077338678064981,-0.21494127767324514,0.013829234949633331,0.08782287030994632
3554,19,757,309.4846467710166,4112.556925703692,376.0794496043232,4045.9459437511223,54.0,0.10795065928260948,-0.18765346695284976,0.1077338678064981,-0.18840595574481958,0.013829234949633331,0.05708454764003025
3555,61,757,463.203498736656,4062.892527800171,376.0794496043232,4045.9459437511223,54.0,0.10795065928260948,-0.18085386066705203,0.1077338678064981,-0.18072583911370071,0.013829234949633331,0.051540602626962854
3556,44,757,470.9318574712719,4102.798680980681,376.0794496043232,4045.9459437511223,54.0,0.10795065928260948,-0.2159235455332681,0.1077338678064981,-0.21535473574222688,0.013829234949633331,0.06124680519274197
3557,63,757,316.49031405012005,3929.154743051912,376.0794496043232,4045.9459437511223,54.0,0.10795065928260948,-0.2963332839377605,0.1077338678064981,-0.29472142189329725,0.013829234949633331,0.08374613033176607
3558,65,757,465.43944178630807,4063.6597216274654,376.0794496043232,4045.9459437511223,54.0,0.10795065928260948,-0.18553042585237217,0.1077338678064981,-0.18542559797491134,0.013829234949633331,0.05287673438248622
3559,38,757,292.2609771757026,3909.816818957042,376.0794496043232,4045.9459437511223,54.0,0.10795065928260948,-0.31727768365407527,0.1077338678064981,-0.31566865822735174,0.013829234949633331,0.09834680356193377
3560,39,757,491.6009153175041,3965.873607703836,376.0794496043232,4045.9459437511223,54.0,0.10795065928260948,-0.19577009687990235,0.1077338678064981,-0.19244320911137067,0.013829234949633331,0.08099803803487846
3561,47,757,497.40279712570856,4039.075701869608,376.0794496043232,4045.9459437511223,54.0,0.10795065928260948,-0.1842806769985081,0.1077338678064981,-0.1829661076033156,0.013829234949633331,0.06871597407457662
3562,22,757,282.91308227706304,4129.966613278081,376.0794496043232,4045.9459437511223,54.0,0.10795065928260948,-0.24740818122937697,0.1077338678064981,-0.24826956803509737,0.013829234949633331,0.07638921043671855
3563,60,757,462.2337953932308,4065.780960132662,376.0794496043232,4045.9459437511223,54.0,0.10795065928260948,-0.179984722164557,0.1077338678064981,-0.17981202793816625,0.013829234949633331,0.051310776611962025
3564,31,757,286.22286085268047,4096.016113555928,376.0794496043232,4045.9459437511223,54.0,0.10795065928260948,-0.235729344238872,0.1077338678064981,-0.23577208822067222,0.013829234949633331,0.06422136637011291
3565,41,758,461.8106926932424,4070.996636995212,398.3143118189128,4046.608749255166,54.0,0.10795065928260948,-0.13726217280642783,0.1077338678064981,-0.13696917698761515,0.013829234949633331,0.03856317447840858
3566,19,758,309.4846467710166,4112.556925703692,398.3143118189128,4046.608749255166,54.0,0.10795065928260948,-0.21598971180228654,0.1077338678064981,-0.21644101355773757,0.013829234949633331,0.06626058626862329
3567,31,758,286.22286085268047,4096.016113555928,398.3143118189128,4046.608749255166,54.0,0.10795065928260948,-0.2684749716330918,0.1077338678064981,-0.2685630727106679,0.013829234949633331,0.07493567637828233
3568,23,758,485.3312407692456,4298.036308618457,398.3143118189128,4046.608749255166,54.0,0.10795065928260948,-0.3580068525893401,0.1077338678064981,-0.347639788483963,0.013829234949633331,0.13700664040623398
3569,44,758,470.9318574712719,4102.798680980681,398.3143118189128,4046.608749255166,54.0,0.10795065928260948,-0.17402002984127346,0.1077338678064981,-0.17332492172346056,0.013829234949633331,0.04920713405979647
3570,22,758,282.91308227706304,4129.966613278081,398.3143118189128,4046.608749255166,54.0,0.10795065928260948,-0.27320514005659163,0.1077338678064981,-0.2738847217056674,0.013829234949633331,0.08577303991898463
3571,39,759,491.6009153175041,3965.873607703836,417.2204341967305,4045.130344334564,54.0,0.10795065928260948,-0.1112503423120311,0.1077338678064981,-0.1076204645784971,0.013829234949633331,0.057155316446868346
3572,66,759,493.8518825171933,3956.000689079267,417.2204341967305,4045.130344334564,54.0,0.10795065928260948,-0.12677302017230913,0.1077338678064981,-0.12295153817784392,0.013829234949633331,0.0642044570349686
3573,65,759,465.43944178630807,4063.6597216274654,417.2204341967305,4045.130344334564,54.0,0.10795065928260948,-0.10196574845751466,0.1077338678064981,-0.10160995209631624,0.013829234949633331,0.02919975190196252
3574,44,759,470.9318574712719,4102.798680980681,417.2204341967305,4045.130344334564,54.0,0.10795065928260948,-0.14597854877670902,0.1077338678064981,-0.14461189718857012,0.013829234949633331,0.040688141226433494
3575,19,759,310.131466935951,4113.6524578706285,417.2204341967305,4045.130344334564,54.0,0.10795065928260948,-0.2427673937360245,0.1077338678064981,-0.24301945085077623,0.013829234949633331,0.07513924986888716
3576,62,759,438.3970135664206,3912.290557700556,417.2204341967305,4045.130344334564,54.0,0.10795065928260948,-0.26479683453370495,0.1077338678064981,-0.2633628618750728,0.013829234949633331,0.09009397089891999
3577,22,759,286.8666636314602,4135.416963632954,417.2204341967305,4045.130344334564,54.0,0.10795065928260948,-0.29356132545644437,0.1077338678064981,-0.293901691972615,0.013829234949633331,0.09482328074110084
3578,36,759,587.79522063936,3965.30735379632,417.2204341967305,4045.130344334564,54.0,0.10795065928260948,-0.2868777184916754,0.1077338678064981,-0.2834151746319321,0.013829234949633331,0.12089700602954921
3579,31,759,286.22286085268047,4096.016113555928,417.2204341967305,4045.130344334564,54.0,0.10795065928260948,-0.2975541419173887,0.1077338678064981,-0.2974391557370101,0.013829234949633331,0.08444553369206731
3580,23,759,485.3312407692456,4298.036308618457,417.2204341967305,4045.130344334564,54.0,0.10795065928260948,-0.31682511600028523,0.1077338678064981,-0.307918757179801,0.013829234949633331,0.126648995927372
3581,45,759,517.3116391169647,4113.7490927459785,417.2204341967305,4045.130344334564,54.0,0.10795065928260948,-0.28309790963622783,0.1077338678064981,-0.28228286048131246,0.013829234949633331,0.07282184307430853
3582,38,759,292.2609771757026,3909.816818957042,417.2204341967305,4045.130344334564,54.0,0.10795065928260948,-0.38879675370457634,0.1077338678064981,-0.3878129105990996,0.013829234949633331,0.11120053334063261
3583,27,759,413.6607163277177,4126.933692479007,417.2204341967305,4045.130344334564,54.0,0.10795065928260948,-0.1721666389974848,0.1077338678064981,-0.17102044861560525,0.013829234949633331,0.04790238840581
3584,54,759,562.1256537151418,3993.041990758743,417.2204341967305,4045.130344334564,54.0,0.10795065928260948,-0.22680095822465865,0.1077338678064981,-0.2239085301188021,0.013829234949633331,0.09419543142784949
3585,60,759,462.2337953932308,4065.780960132662,417.2204341967305,4045.130344334564,54.0,0.10795065928260948,-0.09999267411407256,0.1077338678064981,-0.09954506429991417,0.013829234949633331,0.02795943655029695
3586,47,759,497.40279712570856,4039.075701869608,417.2204341967305,4045.130344334564,54.0,0.10795065928260948,-0.10576929149683084,0.1077338678064981,-0.104644381683422,0.013829234949633331,0.045112386862865256
3587,41,759,461.8106926932424,4070.996636995212,417.2204341967305,4045.130344334564,54.0,0.10795065928260948,-0.10568201082812767,0.1077338678064981,-0.10516800678633546,0.013829234949633331,0.028793755227306983
3588,61,759,463.203498736656,4062.892527800171,417.2204341967305,4045.130344334564,54.0,0.10795065928260948,-0.09764639626274108,0.1077338678064981,-0.09725756155585027,0.013829234949633331,0.02794764645176389
3589,44,760,470.9318574712719,4102.798680980681,383.6118848781027,4094.0408541803,54.0,0.10795065928260948,-0.15766330241788923,0.1077338678064981,-0.15541606640335284,0.013829234949633331,0.044176606820977155
3590,27,760,413.6607163277177,4126.933692479007,383.6118848781027,4094.0408541803,54.0,0.10795065928260948,-0.09464101544850452,0.1077338678064981,-0.0934218945453532,0.013829234949633331,0.026926688172067403
3591,31,760,286.22286085268047,4096.016113555928,383.6118848781027,4094.0408541803,54.0,0.10795065928260948,-0.2072841005757412,0.1077338678064981,-0.20701758903584846,0.013829234949633331,0.057011405909028756
3592,55,761,631.0597053851714,4679.977771773372,676.8632672784381,4706.037975065071,54.0,0.10795065928260948,-0.16525974989519757,0.1077338678064981,-0.16427018872161098,0.013829234949633331,0.054288586093545976
3593,50,762,-32.87294301735424,3776.17863145535,-92.0214114912519,3766.382293386853,54.0,0.10795065928260948,-0.08895305405914578,0.1077338678064981,-0.08651334069173316,0.013829234949633331,0.03921361951145293
3594,14,763,-191.2861040228232,3920.912450661129,-93.85219317436987,3755.7075478339193,54.0,0.10795065928260948,-0.1481184159671785,0.1077338678064981,-0.13675836824707208,0.013829234949633331,0.08949398373209531
3595,50,763,-32.87294301735424,3776.17863145535,-93.85219317436987,3755.7075478339193,54.0,0.10795065928260948,-0.09712300687101474,0.1077338678064981,-0.09445515977450647,0.013829234949633331,0.04243895617318956
3596,50,764,-32.87294301735424,3776.17863145535,-111.90305233878944,3768.4491518679,54.0,0.10795065928260948,-0.11199894772149316,0.1077338678064981,-0.10827022592464053,0.013829234949633331,0.05098016036605231
3597,14,764,-191.2861040228232,3920.912450661129,-111.90305233878944,3768.4491518679,54.0,0.10795065928260948,-0.12600682229067306,0.1077338678064981,-0.11581718851623383,0.013829234949633331,0.0786971009186054
3598,50,765,-32.87294301735424,3776.17863145535,-127.89461504541896,3775.704322550012,54.0,0.10795065928260948,-0.0850834651025307,0.1077338678064981,-0.0796947530989772,0.013829234949633331,0.04912778234358319
3599,14,765,-191.8510249122208,3920.732064928668,-127.89461504541896,3775.704322550012,54.0,0.10795065928260948,-0.11645388365070367,0.1077338678064981,-0.10696167126918436,0.013829234949633331,0.07323225857959476
3600,14,766,-191.8510249122208,3920.732064928668,-130.25309186349332,3757.715778785631,54.0,0.10795065928260948,-0.14215476629641524,0.1077338678064981,-0.13253776870348022,0.013829234949633331,0.08543972178540254
3601,50,766,-32.87294301735424,3776.17863145535,-130.25309186349332,3757.715778785631,54.0,0.10795065928260948,-0.13985765981512596,0.1077338678064981,-0.13497295306182688,0.013829234949633331,0.06406998777604281
3602,14,767,-191.8510249122208,3920.732064928668,-141.06702293120463,3788.1607482074223,54.0,0.10795065928260948,-0.10808509038217956,0.1077338678064981,-0.09999743455217487,0.013829234949633331,0.0664939410001721
3603,50,767,-32.87294301735424,3776.17863145535,-141.06702293120463,3788.1607482074223,54.0,0.10795065928260948,-0.09660839250623177,0.1077338678064981,-0.09034590368498452,0.013829234949633331,0.05631431555338852
3604,14,768,-191.8510249122208,3920.732064928668,-155.24939862132854,3770.880467030972,54.0,0.10795065928260948,-0.13991955064163147,0.1077338678064981,-0.13270249797743727,0.013829234949633331,0.07959635654848064
3605,50,768,-32.87294301735424,3776.17863145535,-155.24939862132854,3770.880467030972,54.0,0.10795065928260948,-0.15521490148512748,0.1077338678064981,-0.14898305418414778,0.013829234949633331,0.07632252275662334
3606,14,769,-191.8510249122208,3920.732064928668,-164.4795078687612,3789.103286028052,54.0,0.10795065928260948,-0.12433859318219388,0.1077338678064981,-0.11793459656429513,0.013829234949633331,0.06996669599775343
3607,18,770,55.99463969610678,3684.4657106501672,-102.38986574887532,3756.266858370933,54.0,0.10795065928260948,-0.3443673777349173,0.1077338678064981,-0.33792358278090234,0.013829234949633331,0.13188762405777904
3608,50,771,-32.87294301735424,3776.17863145535,-138.45523360743735,3784.989842871927,54.0,0.10795065928260948,-0.094178551154061,0.1077338678064981,-0.08809876556969021,0.013829234949633331,0.05480476761160011
3609,18,771,55.99463969610678,3684.4657106501672,-138.45523360743735,3784.989842871927,54.0,0.10795065928260948,-0.37894118857169473,0.1077338678064981,-0.369378776450245,0.013829234949633331,0.15407387146608334
3610,14,771,-191.8510249122208,3920.732064928668,-138.45523360743735,3784.989842871927,54.0,0.10795065928260948,-0.11025473607836654,0.1077338678064981,-0.10184312929765592,0.013829234949633331,0.06815535747968549
3611,50,772,-32.87294301735424,3776.17863145535,-135.97189737011166,3769.9233764008513,54.0,0.10795065928260948,-0.13736824835284928,0.1077338678064981,-0.1322533262121929,0.013829234949633331,0.06511321843476293
3612,18,772,55.99463969610678,3684.4657106501672,-135.97189737011166,3769.9233764008513,54.0,0.10795065928260948,-0.3915877816605232,0.1077338678064981,-0.3830925835659032,0.013829234949633331,0.1553451283231493
3613,14,772,-191.8510249122208,3920.732064928668,-135.97189737011166,3769.9233764008513,54.0,0.10795065928260948,-0.12711540082769762,0.1077338678064981,-0.11806797483013169,0.013829234949633331,0.07736002751414128
3614,50,773,-32.87294301735424,3776.17863145535,-97.69554891479424,3779.972848397416,54.0,0.10795065928260948,-0.06104018529518686,0.1077338678064981,-0.05748668079875854,0.013829234949633331,0.034450058300476975
3615,18,773,55.99463969610678,3684.4657106501672,-97.69554891479424,3779.972848397416,54.0,0.10795065928260948,-0.3148814725908485,0.1077338678064981,-0.30792339234169847,0.013829234949633331,0.12739777393051352
3616,18,774,55.99463969610678,3684.4657106501672,-120.2634109186522,3744.879416152507,54.0,0.10795065928260948,-0.3812537274372957,0.1077338678064981,-0.374822349712104,0.013829234949633331,0.1470865470281943
3617,50,775,-32.87294301735424,3776.17863145535,-156.924534585463,3784.9748286003496,54.0,0.10795065928260948,-0.11086485543908509,0.1077338678064981,-0.10382307641908928,0.013829234949633331,0.06470927329745602
3618,53,776,275.4374088407163,3843.51011953928,327.9247883281511,3963.7608357246586,54.0,0.10795065928260948,-0.23338024218263909,0.1077338678064981,-0.23057500914487639,0.013829234949633331,0.07905195269434667
3619,41,776,461.8106926932424,4070.996636995212,327.9247883281511,3963.7608357246586,54.0,0.10795065928260948,-0.38220466164755357,0.1077338678064981,-0.38149660610322716,0.013829234949633331,0.10243870217661796
3620,44,776,470.9318574712719,4102.798680980681,327.9247883281511,3963.7608357246586,54.0,0.10795065928260948,-0.4352612667858667,0.1077338678064981,-0.4336137029110522,0.013829234949633331,0.11566052310972509
3621,25,776,275.18212912654,3848.067080065535,327.9247883281511,3963.7608357246586,54.0,0.10795065928260948,-0.22242796177587543,0.1077338678064981,-0.21981349578899662,0.013829234949633331,0.07532318751945273
3622,38,776,292.2609771757026,3909.816818957042,327.9247883281511,3963.7608357246586,54.0,0.10795065928260948,-0.08900508087886841,0.1077338678064981,-0.08852911596627468,0.013829234949633331,0.03760415882535572
3623,25,777,275.18212912654,3848.067080065535,332.2728487453242,3955.63210174711,54.0,0.10795065928260948,-0.22508991138545062,0.1077338678064981,-0.22270305556396797,0.013829234949633331,0.07327316054436404
3624,44,777,470.9318574712719,4102.798680980681,332.2728487453242,3955.63210174711,54.0,0.10795065928260948,-0.4452316632826812,0.1077338678064981,-0.4436333975849629,0.013829234949633331,0.11653281874422473
3625,38,777,292.2609771757026,3909.816818957042,332.2728487453242,3955.63210174711,54.0,0.10795065928260948,-0.08841625062908187,0.1077338678064981,-0.08774814235585954,0.013829234949633331,0.03586091031626919
3626,53,777,275.4374088407163,3843.51011953928,332.2728487453242,3955.63210174711,54.0,0.10795065928260948,-0.23634628173507194,0.1077338678064981,-0.23401068934676902,0.013829234949633331,0.07702677480825472
3627,10,778,331.5278665142546,3788.394860859632,364.57712380559593,3776.74559736748,54.0,0.10795065928260948,-0.10309450845270864,0.1077338678064981,-0.10272010065235601,0.013829234949633331,0.03334130233651103
3628,12,778,339.7794838460253,3807.442051326752,364.57712380559593,3776.74559736748,54.0,0.10795065928260948,-0.11536327596499732,0.1077338678064981,-0.1143845878550323,0.013829234949633331,0.03721425862808034
3629,13,778,350.3727630331359,3756.461999998863,364.57712380559593,3776.74559736748,54.0,0.10795065928260948,-0.07288589918758447,0.1077338678064981,-0.07164805870973563,0.013829234949633331,0.027590162283315962
3630,11,778,339.1199783648173,3779.719741822334,364.57712380559593,3776.74559736748,54.0,0.10795065928260948,-0.08444099202030951,0.1077338678064981,-0.08402004325215398,0.013829234949633331,0.027644796732161955
3631,13,779,350.3727630331359,3756.461999998863,387.9276208759748,3665.165766546727,54.0,0.10795065928260948,-0.22042976545020015,0.1077338678064981,-0.21401349879315376,0.013829234949633331,0.09700558214203946
3632,11,779,339.1199783648173,3779.719741822334,387.9276208759748,3665.165766546727,54.0,0.10795065928260948,-0.289327637798258,0.1077338678064981,-0.282408786641372,0.013829234949633331,0.12077936911053852
3633,10,779,331.5278665142546,3788.394860859632,387.9276208759748,3665.165766546727,54.0,0.10795065928260948,-0.3191770198131484,0.1077338678064981,-0.3125457275803963,0.013829234949633331,0.12988004784628943
3634,53,780,275.4374088407163,3843.51011953928,342.9721527010015,3948.745347291568,54.0,0.10795065928260948,-0.25534454244020854,0.1077338678064981,-0.2538642896909208,0.013829234949633331,0.07899992700941191
3635,38,780,292.2609771757026,3909.816818957042,342.9721527010015,3948.745347291568,54.0,0.10795065928260948,-0.10418605977743184,0.1077338678064981,-0.10376129188587195,0.013829234949633331,0.038795936448864414
3636,44,780,474.3899718043101,4099.903162112868,342.9721527010015,3948.745347291568,54.0,0.10795065928260948,-0.43846173178553866,0.1077338678064981,-0.4357788064372621,0.013829234949633331,0.1175492189304125
3637,41,780,461.8106926932424,4070.996636995212,342.9721527010015,3948.745347291568,54.0,0.10795065928260948,-0.3760556916547443,0.1077338678064981,-0.37422577172697147,0.013829234949633331,0.10412884790685428
3638,66,780,493.8518825171933,3956.000689079267,342.9721527010015,3948.745347291568,54.0,0.10795065928260948,-0.3325729926075656,0.1077338678064981,-0.3307328842263283,0.013829234949633331,0.10279091064233434
3639,19,780,309.4846467710166,4112.556925703692,342.9721527010015,3948.745347291568,54.0,0.10795065928260948,-0.40193840702746675,0.1077338678064981,-0.3999452631134476,0.013829234949633331,0.10520246833843011
3640,31,780,286.22286085268047,4096.016113555928,342.9721527010015,3948.745347291568,54.0,0.10795065928260948,-0.4088222077466808,0.1077338678064981,-0.4063255531144599,0.013829234949633331,0.10032252191395662
3641,63,780,316.49031405012005,3929.154743051912,342.9721527010015,3948.745347291568,54.0,0.10795065928260948,-0.06637265108803242,0.1077338678064981,-0.06614991606173162,0.013829234949633331,0.02298031000712568
3642,25,780,275.18212912654,3848.067080065535,342.9721527010015,3948.745347291568,54.0,0.10795065928260948,-0.24437572879348304,0.1077338678064981,-0.24284177982642124,0.013829234949633331,0.07525379540990484
3643,39,780,491.6009153175041,3965.873607703836,342.9721527010015,3948.745347291568,54.0,0.10795065928260948,-0.33568498621034126,0.1077338678064981,-0.33340040668848075,0.013829234949633331,0.10065041460352708
3644,41,781,461.8106926932424,4070.996636995212,330.5930561410029,3952.47921941426,54.0,0.10795065928260948,-0.3926051419745952,0.1077338678064981,-0.39158737946732114,0.013829234949633331,0.10683072017831469
3645,44,781,470.9318574712719,4102.798680980681,330.5930561410029,3952.47921941426,54.0,0.10795065928260948,-0.4537324940024213,0.1077338678064981,-0.45201765347038175,0.013829234949633331,0.11869295228706549
3646,53,781,275.4374088407163,3843.51011953928,330.5930561410029,3952.47921941426,54.0,0.10795065928260948,-0.22794748925973246,0.1077338678064981,-0.2256468395943421,0.013829234949633331,0.07473831574483329
3647,66,781,493.8518825171933,3956.000689079267,330.5930561410029,3952.47921941426,54.0,0.10795065928260948,-0.36898006453101606,0.1077338678064981,-0.3662355818522847,0.013829234949633331,0.10938262740830199
3648,38,781,292.2609771757026,3909.816818957042,330.5930561410029,3952.47921941426,54.0,0.10795065928260948,-0.08115030960622287,0.1077338678064981,-0.08054443196811269,0.013829234949633331,0.03375133106697113
3649,25,781,275.18212912654,3848.067080065535,330.5930561410029,3952.47921941426,54.0,0.10795065928260948,-0.216784415994372,0.1077338678064981,-0.21443951775470646,0.013829234949633331,0.07097885354650547
3650,19,781,309.4846467710166,4112.556925703692,330.5930561410029,3952.47921941426,54.0,0.10795065928260948,-0.3875666269928593,0.1077338678064981,-0.3862450160832407,0.013829234949633331,0.10107396224445044
3651,63,781,316.49031405012005,3929.154743051912,330.5930561410029,3952.47921941426,54.0,0.10795065928260948,-0.049247739485008636,0.1077338678064981,-0.048802928572123636,0.013829234949633331,0.019202625379864013
3652,14,782,-191.2861040228232,3920.912450661129,-100.4168935768999,3930.978631826396,54.0,0.10795065928260948,-0.1352643688870625,0.1077338678064981,-0.1334920127272177,0.013829234949633331,0.0564661638525911
3653,14,783,-191.2861040228232,3920.912450661129,-117.70848810354678,3932.343097354881,54.0,0.10795065928260948,-0.10653211585337334,0.1077338678064981,-0.10528943007553652,0.013829234949633331,0.04567295599172295
3654,14,784,-193.0207120196688,3924.626168779942,-151.82872063398,3944.3503644953935,54.0,0.10795065928260948,-0.07165791011717865,0.1077338678064981,-0.0715215272541959,0.013829234949633331,0.030069768541789235
3655,15,785,-219.46475068668764,3910.916163982088,-183.8079702103253,3930.364447740388,54.0,0.10795065928260948,-0.06183068440641163,0.1077338678064981,-0.06092847368741216,0.013829234949633331,0.026332295525161697
3656,14,785,-193.5738161643245,3925.7877006944464,-183.8079702103253,3930.364447740388,54.0,0.10795065928260948,-0.017472276714346556,0.1077338678064981,-0.017085258239826276,0.013829234949633331,0.007243975635961532
3657,46,785,-260.0556528336838,3915.584287356416,-183.8079702103253,3930.364447740388,54.0,0.10795065928260948,-0.13924282987622713,0.1077338678064981,-0.13760940178906014,0.013829234949633331,0.05298049732597851
3658,14,786,-192.96665931875455,3922.943688262109,-200.8556110931154,3919.167762298929,54.0,0.10795065928260948,-0.007560894034268847,0.1077338678064981,-0.007075467747122323,0.013829234949633331,0.004435673741168206
3659,15,786,-219.46475068668764,3910.916163982088,-200.8556110931154,3919.167762298929,54.0,0.10795065928260948,-0.03899300865288461,0.1077338678064981,-0.039000619149918245,0.013829234949633331,0.015508737612946803
3660,14,787,-191.2861040228232,3920.912450661129,-117.44853647594596,3923.077543792965,54.0,0.10795065928260948,-0.08329794926180442,0.1077338678064981,-0.08043982940555479,0.013829234949633331,0.04015762460447112
3661,46,788,-260.0556528336838,3915.584287356416,-193.0671079313358,3925.334640995718,54.0,0.10795065928260948,-0.11294623015426754,0.1077338678064981,-0.11184386380207598,0.013829234949633331,0.04392632566092108
3662,14,788,-193.251654110463,3925.203409913071,-193.0671079313358,3925.334640995718,54.0,0.10795065928260948,-0.00040101640330495895,0.1077338678064981,-0.00039213371679523473,0.013829234949633331,0.0001662607056112371
3663,46,789,-260.0556528336838,3915.584287356416,-182.80882168342347,3938.420844118436,54.0,0.10795065928260948,-0.15300937352312396,0.1077338678064981,-0.15107996685449535,0.013829234949633331,0.0571749860211177
3664,46,790,-260.0556528336838,3915.584287356416,-169.22454351660818,3949.864122291554,54.0,0.10795065928260948,-0.1824555791069475,0.1077338678064981,-0.18066302197719009,0.013829234949633331,0.0689202128661569
3665,15,790,-219.46475068668764,3910.916163982088,-169.22454351660818,3949.864122291554,54.0,0.10795065928260948,-0.10426985669229194,0.1077338678064981,-0.10324332785509946,0.013829234949633331,0.04248794614201731
3666,14,790,-198.47857582254855,3935.903233662677,-169.22454351660818,3949.864122291554,54.0,0.10795065928260948,-0.052111748063889615,0.1077338678064981,-0.05132855098204975,0.013829234949633331,0.021658591487389276
3667,9,791,9.936533141897351,4088.226647492491,199.6253137223575,4097.533562704541,54.0,0.10795065928260948,-0.21692637704884626,0.1077338678064981,-0.21021969509678623,0.013829234949633331,0.10979141515217195
3668,9,792,9.936533141897351,4088.226647492491,180.5705992492557,4080.48024937745,54.0,0.10795065928260948,-0.1852459549833954,0.1077338678064981,-0.17885838727950987,0.013829234949633331,0.09731793006615354
3669,9,793,9.936533141897351,4088.226647492491,190.41227169080057,4085.240191257141,54.0,0.10795065928260948,-0.20140983610903102,0.1077338678064981,-0.19486390985559293,0.013829234949633331,0.10365806765276425
3670,31,793,286.22286085268047,4096.016113555928,190.41227169080057,4085.240191257141,54.0,0.10795065928260948,-0.21731411834703426,0.1077338678064981,-0.2159462906502773,0.013829234949633331,0.062259358122640975
3671,9,794,9.936533141897351,4088.226647492491,133.27665841837006,4066.2926462204714,54.0,0.10795065928260948,-0.16377689836434875,0.1077338678064981,-0.16042724933397431,0.013829234949633331,0.07574028259161296
3672,9,795,9.936533141897351,4088.226647492491,161.45756366945437,4064.809444564428,54.0,0.10795065928260948,-0.1863435380592581,0.1077338678064981,-0.1819578749195844,0.013829234949633331,0.09099603082858156
3673,6,795,202.24335058105044,4025.5497211369657,161.45756366945437,4064.809444564428,54.0,0.10795065928260948,-0.09054789308799747,0.1077338678064981,-0.08942192818740236,0.013829234949633331,0.03844168686968308
3674,28,795,181.0656949265822,4007.0767963031503,161.45756366945437,4064.809444564428,54.0,0.10795065928260948,-0.10115126519169759,0.1077338678064981,-0.10030871756094285,0.013829234949633331,0.03914906705804564
3675,9,796,9.936533141897351,4088.226647492491,167.52959921164822,4057.890748444691,54.0,0.10795065928260948,-0.20943632584273333,0.1077338678064981,-0.20515627036794387,0.013829234949633331,0.09695510245552914
3676,6,796,202.24335058105044,4025.5497211369657,167.52959921164822,4057.890748444691,54.0,0.10795065928260948,-0.07919607847377953,0.1077338678064981,-0.07838501656504307,0.013829234949633331,0.03280494659477954
3677,28,796,181.0656949265822,4007.0767963031503,167.52959921164822,4057.890748444691,54.0,0.10795065928260948,-0.09102653549003474,0.1077338678064981,-0.09033329180799948,0.013829234949633331,0.03438805854609343
3678,6,797,202.24335058105044,4025.5497211369657,154.67860682326315,4055.93008952698,54.0,0.10795065928260948,-0.09291756882757501,0.1077338678064981,-0.092279793103162,0.013829234949633331,0.037984400378556556
3679,9,797,9.936533141897351,4088.226647492491,154.67860682326315,4055.93008952698,54.0,0.10795065928260948,-0.20279286712151118,0.1077338678064981,-0.19929184137565423,0.013829234949633331,0.09041108725115608
3680,31,797,286.22286085268047,4096.016113555928,154.67860682326315,4055.93008952698,54.0,0.10795065928260948,-0.27266869288345796,0.1077338678064981,-0.2704275794169267,0.013829234949633331,0.08789457747512203
3681,28,797,181.0656949265822,4007.0767963031503,154.67860682326315,4055.93008952698,54.0,0.10795065928260948,-0.09447822508802184,0.1077338678064981,-0.09400832074575415,0.013829234949633331,0.03560254713249944
3682,28,798,181.0656949265822,4007.0767963031503,131.86898071170762,4053.9416228862974,54.0,0.10795065928260948,-0.11445486876549735,0.1077338678064981,-0.11390341311806468,0.013829234949633331,0.04358344482275551
3683,28,799,181.0656949265822,4007.0767963031503,176.52045162103826,4054.157155351148,54.0,0.10795065928260948,-0.08807056850309065,0.1077338678064981,-0.08711692224507686,0.013829234949633331,0.03304519889141915
3684,9,799,9.936533141897351,4088.226647492491,176.52045162103826,4054.157155351148,54.0,0.10795065928260948,-0.22524414970477727,0.1077338678064981,-0.2207504723838831,0.013829234949633331,0.10330682158803157
3685,28,800,181.0656949265822,4007.0767963031503,144.58738366308845,4040.185673265095,54.0,0.10795065928260948,-0.08718033502500618,0.1077338678064981,-0.08674660040668186,0.013829234949633331,0.032023021609424905
3686,6,800,202.24335058105044,4025.5497211369657,144.58738366308845,4040.185673265095,54.0,0.10795065928260948,-0.10140423119176391,0.1077338678064981,-0.1013274961772118,0.013829234949633331,0.03966122852123726
3687,19,801,298.45947748194794,4119.807970449649,137.0304050103369,4090.0427831962857,54.0,0.10795065928260948,-0.295971933940709,0.1077338678064981,-0.29199384882308665,0.013829234949633331,0.1037314901080587
3688,28,801,181.0656949265822,4007.0767963031503,137.0304050103369,4090.0427831962857,54.0,0.10795065928260948,-0.13478944910333623,0.1077338678064981,-0.13274691239441674,0.013829234949633331,0.05702490100950091
3689,9,801,9.936533141897351,4088.226647492491,137.0304050103369,4090.0427831962857,54.0,0.10795065928260948,-0.13337155355949504,0.1077338678064981,-0.12850747938645946,0.013829234949633331,0.07201182810640812
3690,31,801,286.22286085268047,4096.016113555928,137.0304050103369,4090.0427831962857,54.0,0.10795065928260948,-0.2838875011951728,0.1077338678064981,-0.28084223647572765,0.013829234949633331,0.09352869777032587
3691,22,801,267.77623279276514,4140.811810679348,137.0304050103369,4090.0427831962857,54.0,0.10795065928260948,-0.2406496044683042,0.1077338678064981,-0.2363162341690297,0.013829234949633331,0.09006742786649719
3692,9,802,9.936533141897351,4088.226647492491,146.06286604885338,4070.4912970347327,54.0,0.10795065928260948,-0.1553927017264237,0.1077338678064981,-0.15106308085332384,0.013829234949633331,0.07959173150105384
3693,22,803,267.77623279276514,4140.811810679348,184.90358304539177,4077.551448109347,54.0,0.10795065928260948,-0.21350482043927244,0.1077338678064981,-0.2108718640405315,0.013829234949633331,0.07057290048157863
3694,9,803,9.936533141897351,4088.226647492491,184.90358304539177,4077.551448109347,54.0,0.10795065928260948,-0.19260070465285278,0.1077338678064981,-0.18613551040193932,0.013829234949633331,0.10023280789246107
3695,21,803,129.6510563411616,4132.672991581291,184.90358304539177,4077.551448109347,54.0,0.10795065928260948,-0.08986522982557443,0.1077338678064981,-0.08698239505298534,0.013829234949633331,0.043477117444231786
3696,21,804,103.34699834515416,4117.964937310308,138.3086584571955,4055.180570312392,54.0,0.10795065928260948,-0.062098591400400034,0.1077338678064981,-0.05919611224750183,0.013829234949633331,0.03578115255447038
3697,28,804,181.0656949265822,4007.0767963031503,138.3086584571955,4055.180570312392,54.0,0.10795065928260948,-0.10754661884847143,0.1077338678064981,-0.10705572914072199,0.013829234949633331,0.04094974357176709
3698,22,804,267.77623279276514,4140.811810679348,138.3086584571955,4055.180570312392,54.0,0.10795065928260948,-0.2746005549391397,0.1077338678064981,-0.2704164679088061,0.013829234949633331,0.10115852261154057
3699,19,805,298.45947748194794,4119.807970449649,156.30249231265788,4054.163957898228,54.0,0.10795065928260948,-0.29625076095135805,0.1077338678064981,-0.29356392867759284,0.013829234949633331,0.10032359819395861
3700,21,805,115.87171678850837,4124.949399138172,156.30249231265788,4054.163957898228,54.0,0.10795065928260948,-0.07453257674361968,0.1077338678064981,-0.07083945326459931,0.013829234949633331,0.04178552074464288
3701,31,805,286.22286085268047,4096.016113555928,156.30249231265788,4054.163957898228,54.0,0.10795065928260948,-0.27132984307466634,0.1077338678064981,-0.2692005762585733,0.013829234949633331,0.08717591004977643
3702,22,805,267.77623279276514,4140.811810679348,156.30249231265788,4054.163957898228,54.0,0.10795065928260948,-0.2641110099782116,0.1077338678064981,-0.2604013604928994,0.013829234949633331,0.09396966093152448
3703,9,805,9.936533141897351,4088.226647492491,156.30249231265788,4054.163957898228,54.0,0.10795065928260948,-0.2075883623781707,0.1077338678064981,-0.20413646579378228,0.013829234949633331,0.09193183551650676
3704,28,805,181.0656949265822,4007.0767963031503,156.30249231265788,4054.163957898228,54.0,0.10795065928260948,-0.09152718128444995,0.1077338678064981,-0.09112583776627496,0.013829234949633331,0.03416994694289039
3705,21,806,103.34699834515416,4117.964937310308,144.93487867158464,4040.1157796648927,54.0,0.10795065928260948,-0.08613130093223191,0.1077338678064981,-0.08312536754965935,0.013829234949633331,0.04600285470508923
3706,9,806,9.936533141897351,4088.226647492491,144.93487867158464,4040.1157796648927,54.0,0.10795065928260948,-0.23867724797281387,0.1077338678064981,-0.23699728910943857,0.013829234949633331,0.0929478959219316
3707,22,806,267.77623279276514,4140.811810679348,144.93487867158464,4040.1157796648927,54.0,0.10795065928260948,-0.29349512537876715,0.1077338678064981,-0.28985283203919765,0.013829234949633331,0.10526940394949882
3708,19,806,298.45947748194794,4119.807970449649,144.93487867158464,4040.1157796648927,54.0,0.10795065928260948,-0.32674411637259176,0.1077338678064981,-0.32474159293944804,0.013829234949633331,0.11027126197113571
3709,28,806,181.0656949265822,4007.0767963031503,144.93487867158464,4040.1157796648927,54.0,0.10795065928260948,-0.08666386237486243,0.1077338678064981,-0.08623448698052798,0.013829234949633331,0.03181758664337472
3710,50,807,-32.87294301735424,3776.17863145535,-14.089789104907949,3785.508897541508,54.0,0.10795065928260948,-0.027259074120346775,0.1077338678064981,-0.026390337914537508,0.013829234949633331,0.01343496159095531
3711,50,808,-32.87294301735424,3776.17863145535,-9.925235130187474,3764.08366154794,54.0,0.10795065928260948,-0.04627579595772413,0.1077338678064981,-0.04555849750664536,0.013829234949633331,0.01831483552195488
3712,50,809,-32.87294301735424,3776.17863145535,16.170423993237026,3756.447032381564,54.0,0.10795065928260948,-0.08352467856907692,0.1077338678064981,-0.08193682606703262,0.013829234949633331,0.03510548718726385
3713,50,810,-32.87294301735424,3776.17863145535,-11.141473043724488,3725.886702828202,54.0,0.10795065928260948,-0.10493847644532955,0.1077338678064981,-0.10330167545315641,0.013829234949633331,0.040611537724520336
3714,50,811,-32.87294301735424,3776.17863145535,30.8317163158991,3728.685939677773,54.0,0.10795065928260948,-0.12528972569717134,0.1077338678064981,-0.12282887079307407,0.013829234949633331,0.05271111074456094
3715,50,812,-32.87294301735424,3776.17863145535,15.043445181788934,3715.8110582869726,54.0,0.10795065928260948,-0.14120620992740454,0.1077338678064981,-0.1391117660255661,0.013829234949633331,0.05527353083079418
3716,50,813,-32.87294301735424,3776.17863145535,1.0232192929827142,3799.386055081737,54.0,0.10795065928260948,-0.051488915124413843,0.1077338678064981,-0.04971996466186251,0.013829234949633331,0.025475166973854844
3717,50,814,-32.87294301735424,3776.17863145535,3.004810249261907,3742.404604751321,54.0,0.10795065928260948,-0.08881111663804221,0.1077338678064981,-0.08744213164839683,0.013829234949633331,0.034769026479036985
3718,14,815,-191.2861040228232,3920.912450661129,-34.95691718764405,3775.115165439217,54.0,0.10795065928260948,-0.15877896510057016,0.1077338678064981,-0.1451551453410906,0.013829234949633331,0.0997932014518215
3719,18,816,55.99463969610678,3684.4657106501672,-3.976707935406477,3790.887532136633,54.0,0.10795065928260948,-0.13989819670434617,0.1077338678064981,-0.13444517236358838,0.013829234949633331,0.07244521178037887
3720,18,817,55.99463969610678,3684.4657106501672,-23.639994217954985,3791.306169721887,54.0,0.10795065928260948,-0.17996624640862252,0.1077338678064981,-0.1746301996826136,0.013829234949633331,0.08400426766569824
3721,50,818,-32.87294301735424,3776.17863145535,-6.626156437287864,3726.2710578770343,54.0,0.10795065928260948,-0.10828002799417832,0.1077338678064981,-0.1066062922906161,0.013829234949633331,0.04173621687952843
3722,18,818,55.99463969610678,3684.4657106501672,-6.626156437287864,3726.2710578770343,54.0,0.10795065928260948,-0.12527515275887047,0.1077338678064981,-0.12271143729417133,0.013829234949633331,0.05246416159705187
3723,18,819,55.99463969610678,3684.4657106501672,23.08560742794845,3730.459636285315,54.0,0.10795065928260948,-0.06512393385168429,0.1077338678064981,-0.06235022493454513,0.013829234949633331,0.03370323819826284
3724,14,820,-191.2861040228232,3920.912450661129,-1.177771162963938,3741.453930125509,54.0,0.10795065928260948,-0.24664245812706223,0.1077338678064981,-0.2316029814742152,0.013829234949633331,0.13374175637137875
3725,50,820,-32.87294301735424,3776.17863145535,-1.177771162963938,3741.453930125509,54.0,0.10795065928260948,-0.08731007253884407,0.1077338678064981,-0.08598058253914734,0.013829234949633331,0.03379073796840623
3726,14,821,-191.2861040228232,3920.912450661129,-15.66548375733837,3741.6238639024086,54.0,0.10795065928260948,-0.22459425755700876,0.1077338678064981,-0.2093395637394616,0.013829234949633331,0.12540042562010506
3727,50,821,-32.87294301735424,3776.17863145535,-15.66548375733837,3741.6238639024086,54.0,0.10795065928260948,-0.0711186721177682,0.1077338678064981,-0.07000145708596439,0.013829234949633331,0.027931300236645536
3728,18,821,55.99463969610678,3684.4657106501672,-15.66548375733837,3741.6238639024086,54.0,0.10795065928260948,-0.15104905815401934,0.1077338678064981,-0.14787055841721242,0.013829234949633331,0.06367513629780372
3729,14,822,-191.2861040228232,3920.912450661129,-11.032979497787542,3811.934593534735,54.0,0.10795065928260948,-0.18523108516883366,0.1077338678064981,-0.1742097338144296,0.013829234949633331,0.1076559839543882
3730,18,822,55.99463969610678,3684.4657106501672,-11.032979497787542,3811.934593534735,54.0,0.10795065928260948,-0.1588106957490915,0.1077338678064981,-0.15235640520043156,0.013829234949633331,0.08418404843742175
3731,14,823,-191.2861040228232,3920.912450661129,-46.00446954103198,3809.903916821808,54.0,0.10795065928260948,-0.13514931223135673,0.1077338678064981,-0.12358417757025349,0.013829234949633331,0.08576900072758696
3732,18,823,55.99463969610678,3684.4657106501672,-46.00446954103198,3809.903916821808,54.0,0.10795065928260948,-0.22033620449573643,0.1077338678064981,-0.21446372253783277,0.013829234949633331,0.10161969770779132
3733,50,823,-32.87294301735424,3776.17863145535,-46.00446954103198,3809.903916821808,54.0,0.10795065928260948,-0.04202503175041372,0.1077338678064981,-0.0409026964410892,0.013829234949633331,0.021331986917497936
3734,14,824,-191.2861040228232,3920.912450661129,-35.47065700717375,3757.803246760093,54.0,0.10795065928260948,-0.17636788746053492,0.1077338678064981,-0.16188550262694004,0.013829234949633331,0.1064291245994526
3735,18,824,55.99463969610678,3684.4657106501672,-35.47065700717375,3757.803246760093,54.0,0.10795065928260948,-0.1996796266785288,0.1077338678064981,-0.19571516698087968,0.013829234949633331,0.08258152408500315
3736,14,825,-193.67675881229368,3924.452958702778,-365.5449472651887,3844.923133756668,54.0,0.10795065928260948,-0.30529498369306224,0.1077338678064981,-0.30041992519333827,0.013829234949633331,0.12295661880806326
3737,14,826,-201.1734055836479,3940.142680026525,-404.3169497068079,3847.280124510167,54.0,0.10795065928260948,-0.39291639034701586,0.1077338678064981,-0.38879762462345496,0.013829234949633331,0.15957106776990784
3738,3,826,-366.6419945922364,3850.319998086217,-404.3169497068079,3847.280124510167,54.0,0.10795065928260948,-0.06991190652217757,0.1077338678064981,-0.06903737506170388,0.013829234949633331,0.030928420946721515
3739,3,827,-366.6419945922364,3850.319998086217,-426.80940638540346,3840.4396818768737,54.0,0.10795065928260948,-0.10521118988807376,0.1077338678064981,-0.1040623271648774,0.013829234949633331,0.04759244352306217
3740,3,828,-366.6419945922364,3850.319998086217,-430.10570094557687,3824.844250380473,54.0,0.10795065928260948,-0.11736187657461021,0.1077338678064981,-0.1159734434451057,0.013829234949633331,0.05317605899544504
3741,14,828,-197.0662976625606,3931.6528533449696,-430.10570094557687,3824.844250380473,54.0,0.10795065928260948,-0.4309501239761686,0.1077338678064981,-0.4256693304195003,0.013829234949633331,0.17884012328931445
3742,14,829,-192.3219051675361,3921.775213802448,-404.2850942785308,3824.185449432093,54.0,0.10795065928260948,-0.3767621081713327,0.1077338678064981,-0.37086191974835475,0.013829234949633331,0.15359088228508555
3743,14,830,-191.8510249122208,3920.732064928668,-387.5803323118312,3805.307151192845,54.0,0.10795065928260948,-0.3763170887509221,0.1077338678064981,-0.3715349994588937,0.013829234949633331,0.14810406514414015
3744,3,830,-366.6419945922364,3850.319998086217,-387.5803323118312,3805.307151192845,54.0,0.10795065928260948,-0.09263886019225087,0.1077338678064981,-0.09130706437539311,0.013829234949633331,0.03825685567146311
3745,14,831,-191.8510249122208,3920.732064928668,-347.06149835086603,3826.251861541413,54.0,0.10795065928260948,-0.2923113013997017,0.1077338678064981,-0.2889653795914551,0.013829234949633331,0.11549909356370193
3746,14,832,-191.8510249122208,3920.732064928668,-331.78244143248816,3824.7065382645146,54.0,0.10795065928260948,-0.27497286396937165,0.1077338678064981,-0.27208225418423765,0.013829234949633331,0.10691950816901938
3747,46,832,-260.0556528336838,3915.584287356416,-331.78244143248816,3824.7065382645146,54.0,0.10795065928260948,-0.20256675015731812,0.1077338678064981,-0.20045673210559042,0.013829234949633331,0.07870487249493044
3748,14,833,-191.8510249122208,3920.732064928668,-422.5455709687562,3814.5572286094944,54.0,0.10795065928260948,-0.40886924421738974,0.1077338678064981,-0.4026867126734069,0.013829234949633331,0.16809471142249807
3749,3,833,-366.6419945922364,3850.319998086217,-422.5455709687562,3814.5572286094944,54.0,0.10795065928260948,-0.11315004690632659,0.1077338678064981,-0.11172103131440242,0.013829234949633331,0.05028771365141535
3750,3,834,-366.6419945922364,3850.319998086217,-405.0491789294172,3804.950457916575,54.0,0.10795065928260948,-0.10544025184562797,0.1077338678064981,-0.10394549046844966,0.013829234949633331,0.04507654886376672
3751,14,834,-191.8510249122208,3920.732064928668,-405.0491789294172,3804.950457916575,54.0,0.10795065928260948,-0.3975495827876039,0.1077338678064981,-0.39212702214882256,0.013829234949633331,0.15913970291964122
3752,14,835,-191.8510249122208,3920.732064928668,-375.2625317522474,3806.274998549873,54.0,0.10795065928260948,-0.3606892894418787,0.1077338678064981,-0.35639790445112424,0.013829234949633331,0.14039174241689364
3753,3,835,-366.6419945922364,3850.319998086217,-375.2625317522474,3806.274998549873,54.0,0.10795065928260948,-0.09152466808752,0.1077338678064981,-0.09014550681887998,0.013829234949633331,0.03481356402496709
3754,3,836,-366.6419945922364,3850.319998086217,-324.4374894603114,3809.0351637860767,54.0,0.10795065928260948,-0.11212371506683652,0.1077338678064981,-0.1112811225809893,0.013829234949633331,0.04505887283294069
3755,46,836,-260.0556528336838,3915.584287356416,-324.4374894603114,3809.0351637860767,54.0,0.10795065928260948,-0.22114815518665998,0.1077338678064981,-0.21881672641954314,0.013829234949633331,0.0851117638506814
3756,14,836,-191.8510249122208,3920.732064928668,-324.4374894603114,3809.0351637860767,54.0,0.10795065928260948,-0.2837737727049877,0.1077338678064981,-0.28111101327882015,0.013829234949633331,0.10898086890558412
3757,14,837,-191.8510249122208,3920.732064928668,-323.37869107917845,3794.1605352946544,54.0,0.10795065928260948,-0.30291782904414766,0.1077338678064981,-0.29984353570740063,0.013829234949633331,0.11732371377222697
3758,3,837,-366.6419945922364,3850.319998086217,-323.37869107917845,3794.1605352946544,54.0,0.10795065928260948,-0.13574401416209467,0.1077338678064981,-0.13456724717226515,0.013829234949633331,0.053913547867960064
3759,3,838,-366.6419945922364,3850.319998086217,-300.24385858311143,3785.907132981712,54.0,0.10795065928260948,-0.17098171547552896,0.1077338678064981,-0.16933537984488328,0.013829234949633331,0.06880089899048693
3760,14,838,-191.8510249122208,3920.732064928668,-300.24385858311143,3785.907132981712,54.0,0.10795065928260948,-0.28847424958846407,0.1077338678064981,-0.28528448424066855,0.013829234949633331,0.1134980881859838
3761,3,839,-366.6419945922364,3850.319998086217,-322.7466350537741,3780.7052923180495,54.0,0.10795065928260948,-0.1586069944020362,0.1077338678064981,-0.15695103568406268,0.013829234949633331,0.06235656601547534
3762,14,839,-191.8510249122208,3920.732064928668,-322.7466350537741,3780.7052923180495,54.0,0.10795065928260948,-0.3222418978922843,0.1077338678064981,-0.31882121389140056,0.013829234949633331,0.12574799477735
3763,14,840,-191.8510249122208,3920.732064928668,-410.71675667600334,3818.6661092592935,54.0,0.10795065928260948,-0.38959072091533026,0.1077338678064981,-0.38367133270218995,0.013829234949633331,0.15896831560959063
3764,20,840,-491.6557639897821,3775.103401039669,-410.71675667600334,3818.6661092592935,54.0,0.10795065928260948,-0.1649952882964611,0.1077338678064981,-0.16288366254087422,0.013829234949633331,0.07288961086081483
3765,14,841,-191.8510249122208,3920.732064928668,-318.88329414751405,3818.9288382704895,54.0,0.10795065928260948,-0.2645550297395515,0.1077338678064981,-0.2621080684997001,0.013829234949633331,0.10141118527840497
3766,14,842,-191.8510249122208,3920.732064928668,-326.3434765158958,3801.390735089175,54.0,0.10795065928260948,-0.29637806082176094,0.1077338678064981,-0.2935211619101006,0.013829234949633331,0.11406157565503532
3767,14,843,-191.8510249122208,3920.732064928668,-330.9905831547808,3820.9309390757303,54.0,0.10795065928260948,-0.2793266761881907,0.1077338678064981,-0.2765508746291799,0.013829234949633331,0.10810853210583182
3768,20,844,-491.6557639897821,3775.103401039669,-397.3841504799605,3803.674758178313,54.0,0.10795065928260948,-0.1806303388948705,0.1077338678064981,-0.17903936484711022,0.013829234949633331,0.07693155647494537
3769,14,845,-193.28039144600527,3923.6391809327615,-419.2811331727221,3819.932467451428,54.0,0.10795065928260948,-0.40199376554173294,0.1077338678064981,-0.39588547857100564,0.013829234949633331,0.16567260317062443
3770,20,845,-491.6557639897821,3775.103401039669,-419.2811331727221,3819.932467451428,54.0,0.10795065928260948,-0.15408764950884815,0.1077338678064981,-0.15188500977999983,0.013829234949633331,0.06843079946946826
3771,14,846,-196.44021393068368,3930.261440676593,-430.0306146106633,3823.248815696748,54.0,0.10795065928260948,-0.4291532553551576,0.1077338678064981,-0.42370272576889273,0.013829234949633331,0.1780612987117564
3772,20,846,-491.6557639897821,3775.103401039669,-430.0306146106633,3823.248815696748,54.0,0.10795065928260948,-0.14295219816750326,0.1077338678064981,-0.14078160730781478,0.013829234949633331,0.06391538857040202
3773,14,847,-201.1734055836479,3940.142680026525,-356.75431567410976,3871.390050348002,54.0,0.10795065928260948,-0.30837032534215886,0.1077338678064981,-0.3049845682343645,0.013829234949633331,0.12124856717009808
3774,46,847,-260.0556528336838,3915.584287356416,-356.75431567410976,3871.390050348002,54.0,0.10795065928260948,-0.18144300482319947,0.1077338678064981,-0.17897913753331146,0.013829234949633331,0.07546795272090773
3775,14,848,-197.22278007689724,3932.000718165229,-361.4765283296221,3855.8723056535537,54.0,0.10795065928260948,-0.3099496945372232,0.1077338678064981,-0.3057974290292034,0.013829234949633331,0.12319508457084768
3776,46,848,-260.0556528336838,3915.584287356416,-361.4765283296221,3855.8723056535537,54.0,0.10795065928260948,-0.19866844085390695,0.1077338678064981,-0.19600429949498796,0.013829234949633331,0.08235761832637307
3777,14,849,-191.8510249122208,3920.732064928668,-359.4180979857128,3824.821999979614,54.0,0.10795065928260948,-0.31139458159165617,0.1077338678064981,-0.30751950022561125,0.013829234949633331,0.12352051170164234
3778,20,850,-491.6557639897821,3775.103401039669,-389.52855139742405,3828.604088282125,54.0,0.10795065928260948,-0.2028908528115394,0.1077338678064981,-0.200328846842584,0.013829234949633331,0.08973238374857952
3779,20,851,-491.6557639897821,3775.103401039669,-405.1070033799106,3843.96989474742,54.0,0.10795065928260948,-0.19621900007304946,0.1077338678064981,-0.1935276975172393,0.013829234949633331,0.08924503465141581
3780,14,851,-200.22780820370463,3938.166099629641,-405.1070033799106,3843.96989474742,54.0,0.10795065928260948,-0.3941031783535016,0.1077338678064981,-0.3896243775510166,0.013829234949633331,0.15989027149590027
3781,20,852,-491.6557639897821,3775.103401039669,-385.96925192827536,3848.54266155951,54.0,0.10795065928260948,-0.22485936807521117,0.1077338678064981,-0.22183421052421715,0.013829234949633331,0.10146021524376193
3782,20,853,-491.6557639897821,3775.103401039669,-349.86677463547466,3797.3692427216415,54.0,0.10795065928260948,-0.27424685066452625,0.1077338678064981,-0.2699266328111365,0.013829234949633331,0.11115080561128472
3783,44,854,470.9318574712719,4102.798680980681,312.0063800751807,3962.5976151222,54.0,0.10795065928260948,-0.4448651899445112,0.1077338678064981,-0.4432315228342506,0.013829234949633331,0.12355567747709005
3784,25,854,275.18212912654,3848.067080065535,312.0063800751807,3962.5976151222,54.0,0.10795065928260948,-0.2026316087313634,0.1077338678064981,-0.20106976270837704,0.013829234949633331,0.07017665036083708
3785,53,854,275.4374088407163,3843.51011953928,312.0063800751807,3962.5976151222,54.0,0.10795065928260948,-0.2136049060217525,0.1077338678064981,-0.21189491505948915,0.013829234949633331,0.07398687958842974
3786,38,854,292.2609771757026,3909.816818957042,312.0063800751807,3962.5976151222,54.0,0.10795065928260948,-0.07223176118156402,0.1077338678064981,-0.07187856295037104,0.013829234949633331,0.03234548342525094
3787,44,855,470.9318574712719,4102.798680980681,294.3184227939459,3953.278734719593,54.0,0.10795065928260948,-0.4670785329925566,0.1077338678064981,-0.46517253846782336,0.013829234949633331,0.13508037420540736
3788,25,855,275.18212912654,3848.067080065535,294.3184227939459,3953.278734719593,54.0,0.10795065928260948,-0.1766113673771481,0.1077338678064981,-0.17434315056177457,0.013829234949633331,0.06127450785946901
3789,53,855,275.4374088407163,3843.51011953928,294.3184227939459,3953.278734719593,54.0,0.10795065928260948,-0.18782760648960714,0.1077338678064981,-0.18544855679459354,0.013829234949633331,0.0651812622594598
3790,38,855,292.2609771757026,3909.816818957042,294.3184227939459,3953.278734719593,54.0,0.10795065928260948,-0.04973782073905375,0.1077338678064981,-0.04874997260584629,0.013829234949633331,0.024211458811500088
3791,25,856,275.18212912654,3848.067080065535,282.8565774544674,3927.6210696294247,54.0,0.10795065928260948,-0.1518990664785003,0.1077338678064981,-0.1507507157327164,0.013829234949633331,0.04755561002847235
3792,38,856,292.2609771757026,3909.816818957042,282.8565774544674,3927.6210696294247,54.0,0.10795065928260948,-0.03308078473220009,0.1077338678064981,-0.03328806806219995,0.013829234949633331,0.013633493782812192
3793,53,856,275.4374088407163,3843.51011953928,282.8565774544674,3927.6210696294247,54.0,0.10795065928260948,-0.16429276740026078,0.1077338678064981,-0.16303442210982286,0.013829234949633331,0.05176945609819979
3794,44,856,470.9318574712719,4102.798680980681,282.8565774544674,3927.6210696294247,54.0,0.10795065928260948,-0.5002436949549315,0.1077338678064981,-0.49744369658951476,0.013829234949633331,0.14766844073001684
3795,38,857,292.2609771757026,3909.816818957042,257.8071990994817,3924.222274123985,54.0,0.10795065928260948,-0.04779199256625884,0.1077338678064981,-0.04713528823560832,0.013829234949633331,0.02153266778519336
3796,25,857,275.18212912654,3848.067080065535,257.8071990994817,3924.222274123985,54.0,0.10795065928260948,-0.06449350101023953,0.1077338678064981,-0.06052822501251191,0.013829234949633331,0.036592760571653976
3797,53,857,275.4374088407163,3843.51011953928,257.8071990994817,3924.222274123985,54.0,0.10795065928260948,-0.07409679520827389,0.1077338678064981,-0.07004194935907569,0.013829234949633331,0.04047577997990805
3798,25,858,275.18212912654,3848.067080065535,269.84970995130976,3931.065440669821,54.0,0.10795065928260948,-0.06908838789368933,0.1077338678064981,-0.06476750407414461,0.013829234949633331,0.038753761113739245
3799,53,858,275.4374088407163,3843.51011953928,269.84970995130976,3931.065440669821,54.0,0.10795065928260948,-0.07888248562235554,0.1077338678064981,-0.07437892876082043,0.013829234949633331,0.04264304931175924
3800,38,858,292.2609771757026,3909.816818957042,269.84970995130976,3931.065440669821,54.0,0.10795065928260948,-0.040680889455370274,0.1077338678064981,-0.04049834802945073,0.013829234949633331,0.01763770558370926
3801,44,858,470.9318574712719,4102.798680980681,269.84970995130976,3931.065440669821,54.0,0.10795065928260948,-0.49560726811972605,0.1077338678064981,-0.4921842608179763,0.013829234949633331,0.15108758438353145
3802,12,858,339.7794838460253,3807.442051326752,269.84970995130976,3931.065440669821,54.0,0.10795065928260948,-0.31364966008244666,0.1077338678064981,-0.3110381593029443,0.013829234949633331,0.09494985734503011
3803,31,858,286.22286085268047,4096.016113555928,269.84970995130976,3931.065440669821,54.0,0.10795065928260948,-0.31814831536326427,0.1077338678064981,-0.3133032507950871,0.013829234949633331,0.09651897990056651
3804,53,859,275.4374088407163,3843.51011953928,265.89587639025353,3963.952669789918,54.0,0.10795065928260948,-0.09750291772808017,0.1077338678064981,-0.09097303265170983,0.013829234949633331,0.05578759967484667
3805,38,859,292.2609771757026,3909.816818957042,265.89587639025353,3963.952669789918,54.0,0.10795065928260948,-0.05899792018609679,0.1077338678064981,-0.05701920573965016,0.013829234949633331,0.030708462392019395
3806,44,859,470.9318574712719,4102.798680980681,265.89587639025353,3963.952669789918,54.0,0.10795065928260948,-0.4778716977025132,0.1077338678064981,-0.47516322482197265,0.013829234949633331,0.14545389170064005
3807,25,859,275.18212912654,3848.067080065535,265.89587639025353,3963.952669789918,54.0,0.10795065928260948,-0.08825122943795319,0.1077338678064981,-0.08186069386336135,0.013829234949633331,0.052145374482851836
3808,38,860,292.2609771757026,3909.816818957042,257.8456175484073,3924.298953712429,54.0,0.10795065928260948,-0.04779546662644832,0.1077338678064981,-0.04714036532309437,0.013829234949633331,0.021530681982894366
3809,44,860,470.9318574712719,4102.798680980681,257.8456175484073,3924.298953712429,54.0,0.10795065928260948,-0.5025639494534596,0.1077338678064981,-0.4981619540676942,0.013829234949633331,0.15653910013108577
3810,63,860,316.49031405012005,3929.154743051912,257.8456175484073,3924.298953712429,54.0,0.10795065928260948,-0.056042747892068964,0.1077338678064981,-0.05347658378800143,0.013829234949633331,0.0311686089349255
3811,25,860,275.18212912654,3848.067080065535,257.8456175484073,3924.298953712429,54.0,0.10795065928260948,-0.06456023206234665,0.1077338678064981,-0.06059160976891751,0.013829234949633331,0.03662749447523567
3812,53,860,275.4374088407163,3843.51011953928,257.8456175484073,3924.298953712429,54.0,0.10795065928260948,-0.07416355549487413,0.1077338678064981,-0.07010527624472031,0.013829234949633331,0.04051019234354383
3813,25,861,275.18212912654,3848.067080065535,255.9945365072104,3935.7183858934864,54.0,0.10795065928260948,-0.07137439393639458,0.1077338678064981,-0.06664862709761091,0.013829234949633331,0.04117091385683883
3814,44,861,470.9318574712719,4102.798680980681,255.9945365072104,3935.7183858934864,54.0,0.10795065928260948,-0.4958286810814734,0.1077338678064981,-0.49147378570488337,0.013829234949633331,0.15408593858267766
3815,38,861,292.2609771757026,3909.816818957042,255.9945365072104,3935.7183858934864,54.0,0.10795065928260948,-0.04782520782002456,0.1077338678064981,-0.046658655377428,0.013829234949633331,0.02274053313062942
3816,63,861,316.49031405012005,3929.154743051912,255.9945365072104,3935.7183858934864,54.0,0.10795065928260948,-0.05366440858356185,0.1077338678064981,-0.050823258381284556,0.013829234949633331,0.030812379089428115
3817,44,862,470.9318574712719,4102.798680980681,316.862912508576,3944.2065035608966,54.0,0.10795065928260948,-0.47470096703908427,0.1077338678064981,-0.4728623522222667,0.013829234949633331,0.12805145477316415
3818,25,862,275.18212912654,3848.067080065535,316.862912508576,3944.2065035608966,54.0,0.10795065928260948,-0.18595815893742185,0.1077338678064981,-0.1836437430423398,0.013829234949633331,0.06205454467375588
3819,53,862,275.4374088407163,3843.51011953928,316.862912508576,3944.2065035608966,54.0,0.10795065928260948,-0.19705742544523666,0.1077338678064981,-0.19455787065211957,0.013829234949633331,0.06590252985511111
3820,66,862,493.8518825171933,3956.000689079267,316.862912508576,3944.2065035608966,54.0,0.10795065928260948,-0.3689767143799612,0.1077338678064981,-0.3675186071676825,0.013829234949633331,0.1217426469977847
3821,19,862,309.4846467710166,4112.556925703692,316.862912508576,3944.2065035608966,54.0,0.10795065928260948,-0.36234460002833246,0.1077338678064981,-0.3613432657854748,0.013829234949633331,0.10392390982112039
3822,38,862,292.2609771757026,3909.816818957042,316.862912508576,3944.2065035608966,54.0,0.10795065928260948,-0.05523220779976456,0.1077338678064981,-0.054853728710209326,0.013829234949633331,0.024885173100638702
3823,41,862,461.8106926932424,4070.996636995212,316.862912508576,3944.2065035608966,54.0,0.10795065928260948,-0.41678245382634865,0.1077338678064981,-0.4157584028006809,0.013829234949633331,0.11567154059924618
3824,63,862,316.49031405012005,3929.154743051912,316.862912508576,3944.2065035608966,54.0,0.10795065928260948,-0.025372597486497124,0.1077338678064981,-0.024877934307688563,0.013829234949633331,0.012981972418752668
3825,39,862,491.6009153175041,3965.873607703836,316.862912508576,3944.2065035608966,54.0,0.10795065928260948,-0.37934116511528826,0.1077338678064981,-0.3772455972796405,0.013829234949633331,0.11747751993809728
3826,44,863,470.9318574712719,4102.798680980681,268.7957598518551,3938.397485964539,54.0,0.10795065928260948,-0.49060983662547103,0.1077338678064981,-0.48724618399362213,0.013829234949633331,0.1495530285943948
3827,63,863,316.49031405012005,3929.154743051912,268.7957598518551,3938.397485964539,54.0,0.10795065928260948,-0.047508052366867295,0.1077338678064981,-0.045494675408121674,0.013829234949633331,0.02644611156504815
3828,25,863,275.18212912654,3848.067080065535,268.7957598518551,3938.397485964539,54.0,0.10795065928260948,-0.07287781410722631,0.1077338678064981,-0.06806118534787681,0.013829234949633331,0.041560802024899896
3829,22,863,282.91308227706304,4129.966613278081,268.7957598518551,3938.397485964539,54.0,0.10795065928260948,-0.3661829889578635,0.1077338678064981,-0.3609138843852119,0.013829234949633331,0.11154568611260096
3830,38,863,292.2609771757026,3909.816818957042,268.7957598518551,3938.397485964539,54.0,0.10795065928260948,-0.043168714159297655,0.1077338678064981,-0.04248078417507688,0.013829234949633331,0.020046298310290627
3831,53,863,275.4374088407163,3843.51011953928,268.7957598518551,3938.397485964539,54.0,0.10795065928260948,-0.08225469834664356,0.1077338678064981,-0.07726198632265513,0.013829234949633331,0.045345334574664234
3832,53,864,275.4374088407163,3843.51011953928,265.5810654443671,3915.0122178437146,54.0,0.10795065928260948,-0.06481384132306618,0.1077338678064981,-0.06123585043526992,0.013829234949633331,0.03536041500757698
3833,38,864,292.2609771757026,3909.816818957042,265.5810654443671,3915.0122178437146,54.0,0.10795065928260948,-0.03869405579718084,0.1077338678064981,-0.03849334369339308,0.013829234949633331,0.01672161106627809
3834,44,864,470.9318574712719,4102.798680980681,265.5810654443671,3915.0122178437146,54.0,0.10795065928260948,-0.5195230490871782,0.1077338678064981,-0.5158516238109966,0.013829234949633331,0.15879217586216227
3835,25,864,275.18212912654,3848.067080065535,265.5810654443671,3915.0122178437146,54.0,0.10795065928260948,-0.05477132516885444,0.1077338678064981,-0.05131381689416054,0.013829234949633331,0.031327783777394445
3836,63,864,316.49031405012005,3929.154743051912,265.5810654443671,3915.0122178437146,54.0,0.10795065928260948,-0.06911104984403055,0.1077338678064981,-0.06869361957961748,0.013829234949633331,0.03070785873165291
3837,38,865,292.2609771757026,3909.816818957042,315.679871493891,3931.668345406915,54.0,0.10795065928260948,-0.04724173478179308,0.1077338678064981,-0.04699249231752612,0.013829234949633331,0.019888448079880036
3838,53,865,275.4374088407163,3843.51011953928,315.679871493891,3931.668345406915,54.0,0.10795065928260948,-0.18677220697631097,0.1077338678064981,-0.18450757375062976,0.013829234949633331,0.059785143583505396
3839,63,865,316.49031405012005,3929.154743051912,315.679871493891,3931.668345406915,54.0,0.10795065928260948,-0.01975467236521829,0.1077338678064981,-0.019369536037189564,0.013829234949633331,0.010107542671704791
3840,25,865,275.18212912654,3848.067080065535,315.679871493891,3931.668345406915,54.0,0.10795065928260948,-0.17551631663394443,0.1077338678064981,-0.1732684036300121,0.013829234949633331,0.05587243060636139
3841,44,865,470.9318574712719,4102.798680980681,315.679871493891,3931.668345406915,54.0,0.10795065928260948,-0.49439032811579053,0.1077338678064981,-0.49206121610438686,0.013829234949633331,0.133821127942715
3842,38,866,292.2609771757026,3909.816818957042,282.8109787262265,3934.715241609255,54.0,0.10795065928260948,-0.03665565361919893,0.1077338678064981,-0.036461153897387306,0.013829234949633331,0.016345404510262087
3843,44,866,470.9318574712719,4102.798680980681,282.8109787262265,3934.715241609255,54.0,0.10795065928260948,-0.4920099290571005,0.1077338678064981,-0.489457571123203,0.013829234949633331,0.14539880071575956
3844,25,866,275.18212912654,3848.067080065535,282.8109787262265,3934.715241609255,54.0,0.10795065928260948,-0.1578843989639766,0.1077338678064981,-0.15642477563580767,0.013829234949633331,0.05110550407547824
3845,63,866,316.49031405012005,3929.154743051912,282.8109787262265,3934.715241609255,54.0,0.10795065928260948,-0.03800228761976568,0.1077338678064981,-0.03674388717583005,0.013829234949633331,0.020526033508519913
3846,53,866,275.4374088407163,3843.51011953928,282.8109787262265,3934.715241609255,54.0,0.10795065928260948,-0.16992065164887568,0.1077338678064981,-0.1683492927087534,0.013829234949633331,0.055234126953006675
3847,8,867,404.480912881415,4338.111065579622,438.81434760294826,4291.256191853341,54.0,0.10795065928260948,-0.18362097745009973,0.1077338678064981,-0.182105495476881,0.013829234949633331,0.04646299858346519
3848,23,867,473.2888408458269,4304.725925046426,438.81434760294826,4291.256191853341,54.0,0.10795065928260948,-0.10510703972376356,0.1077338678064981,-0.10461051131167874,0.013829234949633331,0.025178395872416194
3849,30,867,625.9985091941669,4344.425799606012,438.81434760294826,4291.256191853341,54.0,0.10795065928260948,-0.44101139276018814,0.1077338678064981,-0.43881897135256315,0.013829234949633331,0.11844083208695914
3850,44,867,472.0029937650396,4104.126300266757,438.81434760294826,4291.256191853341,54.0,0.10795065928260948,-0.16287466512054252,0.1077338678064981,-0.15248942654481232,0.013829234949633331,0.07396365875382241
3851,8,868,404.480912881415,4338.111065579622,377.16969184701134,4276.396603589449,54.0,0.10795065928260948,-0.18559942016080555,0.1077338678064981,-0.18404773844938013,0.013829234949633331,0.05896468760278201
3852,44,868,472.0029937650396,4104.126300266757,377.16969184701134,4276.396603589449,54.0,0.10795065928260948,-0.17891342208591107,0.1077338678064981,-0.1674167083398966,0.013829234949633331,0.0967399181072861
3853,23,868,473.2888408458269,4304.725925046426,377.16969184701134,4276.396603589449,54.0,0.10795065928260948,-0.27218761394540214,0.1077338678064981,-0.27031466944835514,0.013829234949633331,0.07426265019451121
3854,30,869,625.9985091941669,4344.425799606012,427.0445354813797,4273.499297857495,54.0,0.10795065928260948,-0.4878203872411798,0.1077338678064981,-0.48371739570645955,0.013829234949633331,0.12796990160141963
3855,8,869,404.480912881415,4338.111065579622,427.0445354813797,4273.499297857495,54.0,0.10795065928260948,-0.2045029995600059,0.1077338678064981,-0.20263048587059224,0.013829234949633331,0.05498010868711556
3856,7,869,477.9085898257795,4404.037580305916,427.0445354813797,4273.499297857495,54.0,0.10795065928260948,-0.37484646081100653,0.1077338678064981,-0.3732829822390605,0.013829234949633331,0.09601851454027666
3857,23,869,473.2888408458269,4304.725925046426,427.0445354813797,4273.499297857495,54.0,0.10795065928260948,-0.1551243935634778,0.1077338678064981,-0.15428909391798773,0.013829234949633331,0.037444480967801466
3858,44,869,472.0029937650396,4104.126300266757,427.0445354813797,4273.499297857495,54.0,0.10795065928260948,-0.12599321879852157,0.1077338678064981,-0.11577205280061964,0.013829234949633331,0.06817251587118016
3859,35,869,583.2192292927565,4207.570440686977,427.0445354813797,4273.499297857495,54.0,0.10795065928260948,-0.2474255497090236,0.1077338678064981,-0.24461919360871598,0.013829234949633331,0.09469354851648286
3860,44,870,472.0029937650396,4104.126300266757,448.2237718674139,4272.568389041,54.0,0.10795065928260948,-0.10417887681254064,0.1077338678064981,-0.09441946803312372,0.013829234949633331,0.058938881763871624
3861,30,870,625.9985091941669,4344.425799606012,448.2237718674139,4272.568389041,54.0,0.10795065928260948,-0.4335057388097093,0.1077338678064981,-0.42973508941518695,0.013829234949633331,0.1138691226209127
3862,8,870,404.480912881415,4338.111065579622,448.2237718674139,4272.568389041,54.0,0.10795065928260948,-0.23691645197139025,0.1077338678064981,-0.23498132919247156,0.013829234949633331,0.06030159147984275
3863,35,870,583.2192292927565,4207.570440686977,448.2237718674139,4272.568389041,54.0,0.10795065928260948,-0.21356601199085046,0.1077338678064981,-0.21173221232859601,0.013829234949633331,0.0836115111401935
3864,23,870,473.2888408458269,4304.725925046426,448.2237718674139,4272.568389041,54.0,0.10795065928260948,-0.11042243019364889,0.1077338678064981,-0.10984419698288823,0.013829234949633331,0.025742644070042252
3865,23,871,475.28004377230593,4303.609752327396,446.8191658251622,4253.768504772488,54.0,0.10795065928260948,-0.13682197062343604,0.1077338678064981,-0.136021731636582,0.013829234949633331,0.036069313831018815
3866,8,871,404.480912881415,4338.111065579622,446.8191658251622,4253.768504772488,54.0,0.10795065928260948,-0.2587000273469613,0.1077338678064981,-0.2562426110286577,0.013829234949633331,0.07025707264599329
3867,41,871,461.8106926932424,4070.996636995212,446.8191658251622,4253.768504772488,54.0,0.10795065928260948,-0.12961208764046708,0.1077338678064981,-0.11928176223853126,0.013829234949633331,0.06599047518836992
3868,29,871,679.1344462972443,4226.875249913833,446.8191658251622,4253.768504772488,54.0,0.10795065928260948,-0.3836876465506339,0.1077338678064981,-0.3804166299367791,0.013829234949633331,0.13672269892399017
3869,35,871,583.2192292927565,4207.570440686977,446.8191658251622,4253.768504772488,54.0,0.10795065928260948,-0.1787625845648457,0.1077338678064981,-0.17529673718446645,0.013829234949633331,0.07477572224551808
3870,43,871,630.0947010611478,4141.259609929846,446.8191658251622,4253.768504772488,54.0,0.10795065928260948,-0.327384864507724,0.1077338678064981,-0.32228570085576885,0.013829234949633331,0.1226046849499758
3871,30,871,625.9985091941669,4344.425799606012,446.8191658251622,4253.768504772488,54.0,0.10795065928260948,-0.42871375825908115,0.1077338678064981,-0.4258838015538722,0.013829234949633331,0.1190352445421093
3872,44,871,472.0029937650396,4104.126300266757,446.8191658251622,4253.768504772488,54.0,0.10795065928260948,-0.07244636654586399,0.1077338678064981,-0.06283089055813322,0.013829234949633331,0.047932301158942474
3873,41,872,461.8106926932424,4070.996636995212,411.9733803257818,4249.080345490381,54.0,0.10795065928260948,-0.1855240524464823,0.1077338678064981,-0.17575576527936587,0.013829234949633331,0.09188484926317604
3874,35,872,583.2192292927565,4207.570440686977,411.9733803257818,4249.080345490381,54.0,0.10795065928260948,-0.20466703382357732,0.1077338678064981,-0.1985495532983905,0.013829234949633331,0.0924025988997278
3875,44,872,472.0029937650396,4104.126300266757,411.9733803257818,4249.080345490381,54.0,0.10795065928260948,-0.09659553573719161,0.1077338678064981,-0.086605498283073,0.013829234949633331,0.06277235298597672
3876,31,872,286.22286085268047,4096.016113555928,411.9733803257818,4249.080345490381,54.0,0.10795065928260948,-0.2545154046929752,0.1077338678064981,-0.24950523794133125,0.013829234949633331,0.11358506466456723
3877,23,872,473.2888408458269,4304.725925046426,411.9733803257818,4249.080345490381,54.0,0.10795065928260948,-0.19710695435081185,0.1077338678064981,-0.1954623727894704,0.013829234949633331,0.054500383916516515
3878,30,872,625.9985091941669,4344.425799606012,411.9733803257818,4249.080345490381,54.0,0.10795065928260948,-0.5004246059241394,0.1077338678064981,-0.4957658650614286,0.013829234949633331,0.1416450774702327
3879,23,873,473.2888408458269,4304.725925046426,436.6238156529476,4249.314832035256,54.0,0.10795065928260948,-0.1569981393102107,0.1077338678064981,-0.15590782018266897,0.013829234949633331,0.0421917376503713
3880,35,873,583.2192292927565,4207.570440686977,436.6238156529476,4249.314832035256,54.0,0.10795065928260948,-0.17682812776932388,0.1077338678064981,-0.1721660156265206,0.013829234949633331,0.07796874194357721
3881,30,873,625.9985091941669,4344.425799606012,436.6238156529476,4249.314832035256,54.0,0.10795065928260948,-0.44911884452226575,0.1077338678064981,-0.4459408704371554,0.013829234949633331,0.12609313991770082
3882,44,873,472.0029937650396,4104.126300266757,436.6238156529476,4249.314832035256,54.0,0.10795065928260948,-0.07631887778105557,0.1077338678064981,-0.06659854399575017,0.013829234949633331,0.05082330101230918
3883,43,874,630.0947010611478,4141.259609929846,443.0288497265207,4234.908068774709,54.0,0.10795065928260948,-0.31159440387850657,0.1077338678064981,-0.30617786542335096,0.013829234949633331,0.11590187597584584
3884,30,874,625.9985091941669,4344.425799606012,443.0288497265207,4234.908068774709,54.0,0.10795065928260948,-0.41885155802112467,0.1077338678064981,-0.4153433886703619,0.013829234949633331,0.12176836751406171
3885,35,874,583.2192292927565,4207.570440686977,443.0288497265207,4234.908068774709,54.0,0.10795065928260948,-0.16891052392616546,0.1077338678064981,-0.16425819994742558,0.013829234949633331,0.07445150467957475
3886,41,874,461.8106926932424,4070.996636995212,443.0288497265207,4234.908068774709,54.0,0.10795065928260948,-0.1166831098521927,0.1077338678064981,-0.10756399867574376,0.013829234949633331,0.061134506195304535
3887,23,874,480.563909942288,4300.709812869,443.0288497265207,4234.908068774709,54.0,0.10795065928260948,-0.14319271530739722,0.1077338678064981,-0.1411887563623054,0.013829234949633331,0.045187171478721914
3888,44,874,472.0029937650396,4104.126300266757,443.0288497265207,4234.908068774709,54.0,0.10795065928260948,-0.05771861569579107,0.1077338678064981,-0.04894231340595968,0.013829234949633331,0.041416454588138016
3889,35,875,583.2192292927565,4207.570440686977,435.8106676438648,4222.73374007691,54.0,0.10795065928260948,-0.15656241340949992,0.1077338678064981,-0.15098707313099918,0.013829234949633331,0.0709395524360717
3890,30,875,625.9985091941669,4344.425799606012,435.8106676438648,4222.73374007691,54.0,0.10795065928260948,-0.42550329058831804,0.1077338678064981,-0.4209219314843505,0.013829234949633331,0.12643185553411357
3891,23,875,480.3038806903667,4300.821424093816,435.8106676438648,4222.73374007691,54.0,0.10795065928260948,-0.15833296950520634,0.1077338678064981,-0.15546090543508465,0.013829234949633331,0.052608149691850195
3892,43,875,630.0947010611478,4141.259609929846,435.8106676438648,4222.73374007691,54.0,0.10795065928260948,-0.30405254685707256,0.1077338678064981,-0.2991163104950718,0.013829234949633331,0.11336234226305324
3893,44,875,472.0029937650396,4104.126300266757,435.8106676438648,4222.73374007691,54.0,0.10795065928260948,-0.05273141211532862,0.1077338678064981,-0.04480396758434673,0.013829234949633331,0.039248496383133984
3894,31,875,286.22286085268047,4096.016113555928,435.8106676438648,4222.73374007691,54.0,0.10795065928260948,-0.2507277331922707,0.1077338678064981,-0.24638655532530296,0.013829234949633331,0.10883510433237757
3895,41,875,461.8106926932424,4070.996636995212,435.8106676438648,4222.73374007691,54.0,0.10795065928260948,-0.12496803867142554,0.1077338678064981,-0.11618969049183801,0.013829234949633331,0.06454969893738167
3896,29,875,679.1344462972443,4226.875249913833,435.8106676438648,4222.73374007691,54.0,0.10795065928260948,-0.34375187496979687,0.1077338678064981,-0.33759181272844785,0.013829234949633331,0.13273432231492202
3897,42,875,481.95797351825536,4104.321037374665,435.8106676438648,4222.73374007691,54.0,0.10795065928260948,-0.06788183275189177,0.1077338678064981,-0.06094842819391333,0.013829234949633331,0.044078627670148585
3898,23,876,473.2888408458269,4304.725925046426,416.0821692336259,4218.164004700096,54.0,0.10795065928260948,-0.19579762430663994,0.1077338678064981,-0.19237945655899438,0.013829234949633331,0.06261027021892461
3899,44,876,472.0029937650396,4104.126300266757,416.0821692336259,4218.164004700096,54.0,0.10795065928260948,-0.07022494608395784,0.1077338678064981,-0.061224374855706434,0.013829234949633331,0.04845149636200107
3900,44,877,472.0029937650396,4104.126300266757,391.0018042011845,4213.433874649227,54.0,0.10795065928260948,-0.1097911447838049,0.1077338678064981,-0.10188533033532492,0.013829234949633331,0.062151600430251475
3901,23,877,473.2888408458269,4304.725925046426,391.0018042011845,4213.433874649227,54.0,0.10795065928260948,-0.2290526235604158,0.1077338678064981,-0.2252965458564566,0.013829234949633331,0.07595949579127424
3902,42,877,481.95797351825536,4104.321037374665,391.0018042011845,4213.433874649227,54.0,0.10795065928260948,-0.11114363742468959,0.1077338678064981,-0.10334924192154665,0.013829234949633331,0.06343247673607064
3903,31,877,286.22286085268047,4096.016113555928,391.0018042011845,4213.433874649227,54.0,0.10795065928260948,-0.21011887447159006,0.1077338678064981,-0.20739899220821806,0.013829234949633331,0.08942895131443258
3904,23,878,473.2888408458269,4304.725925046426,400.6543211977099,4197.618852742186,54.0,0.10795065928260948,-0.21908644074252975,0.1077338678064981,-0.21392447522154834,0.013829234949633331,0.07628547738255229
3905,27,878,413.6607163277177,4126.933692479007,400.6543211977099,4197.618852742186,54.0,0.10795065928260948,-0.09764336545044254,0.1077338678064981,-0.0948386452043258,0.013829234949633331,0.04150371600075717
3906,44,878,472.0029937650396,4104.126300266757,400.6543211977099,4197.618852742186,54.0,0.10795065928260948,-0.09401439886781329,0.1077338678064981,-0.08727434006520354,0.013829234949633331,0.052750850097825784
3907,31,878,286.22286085268047,4096.016113555928,400.6543211977099,4197.618852742186,54.0,0.10795065928260948,-0.2130238081746599,0.1077338678064981,-0.21139159887339296,0.013829234949633331,0.08693622041296492
3908,41,878,461.8106926932424,4070.996636995212,400.6543211977099,4197.618852742186,54.0,0.10795065928260948,-0.1909089130642183,0.1077338678064981,-0.1867516502633527,0.013829234949633331,0.07690940407744788
3909,45,879,517.3116391169647,4113.7490927459785,420.8438581890216,4195.57911254482,54.0,0.10795065928260948,-0.10230978715736046,0.1077338678064981,-0.09524063075360574,0.013829234949633331,0.0502025085224319
3910,35,879,583.2192292927565,4207.570440686977,420.8438581890216,4195.57911254482,54.0,0.10795065928260948,-0.1609649075697202,0.1077338678064981,-0.15346359519101044,0.013829234949633331,0.07576247720330986
3911,43,879,630.0947010611478,4141.259609929846,420.8438581890216,4195.57911254482,54.0,0.10795065928260948,-0.31066718015463607,0.1077338678064981,-0.3038085847147237,0.013829234949633331,0.11297698395090311
3912,31,879,286.22286085268047,4096.016113555928,420.8438581890216,4195.57911254482,54.0,0.10795065928260948,-0.23928182078632193,0.1077338678064981,-0.23678965733534552,0.013829234949633331,0.09680858782252556
3913,44,879,472.0029937650396,4104.126300266757,420.8438581890216,4195.57911254482,54.0,0.10795065928260948,-0.06083408689930325,0.1077338678064981,-0.05386132280799305,0.013829234949633331,0.03998794081386093
3914,30,879,625.9985091941669,4344.425799606012,420.8438581890216,4195.57911254482,54.0,0.10795065928260948,-0.4408548894510791,0.1077338678064981,-0.43439101295928034,0.013829234949633331,0.13364167987459205
3915,23,879,480.9104487441829,4300.487032278314,420.8438581890216,4195.57911254482,54.0,0.10795065928260948,-0.17996801702520368,0.1077338678064981,-0.17535010648168262,0.013829234949633331,0.06702099892823704
3916,41,879,461.8106926932424,4070.996636995212,420.8438581890216,4195.57911254482,54.0,0.10795065928260948,-0.14781423259647633,0.1077338678064981,-0.1422552950545442,0.013829234949633331,0.06586833683151777
3917,37,880,628.569594659982,4182.409690156388,445.89422324985344,4248.614738828751,54.0,0.10795065928260948,-0.24687470525523497,0.1077338678064981,-0.24085367440832262,0.013829234949633331,0.10476581016530653
3918,29,880,679.1344462972443,4226.875249913833,445.89422324985344,4248.614738828751,54.0,0.10795065928260948,-0.35299983225664977,0.1077338678064981,-0.3482796996015356,0.013829234949633331,0.13218349048908334
3919,19,880,324.8153272931308,4135.979057138678,445.89422324985344,4248.614738828751,54.0,0.10795065928260948,-0.17840186695972646,0.1077338678064981,-0.17166933036075288,0.013829234949633331,0.08976029721708276
3920,30,880,625.9985091941669,4344.425799606012,445.89422324985344,4248.614738828751,54.0,0.10795065928260948,-0.4288388378386186,0.1077338678064981,-0.42622579320401943,0.013829234949633331,0.12027055092691025
3921,35,880,583.2192292927565,4207.570440686977,445.89422324985344,4248.614738828751,54.0,0.10795065928260948,-0.1666365314502259,0.1077338678064981,-0.16261323521543875,0.013829234949633331,0.07284464281002324
3922,16,880,510.22088537403255,4246.5421852479,445.89422324985344,4248.614738828751,54.0,0.10795065928260948,-0.047762095238474356,0.1077338678064981,-0.04483556452031759,0.013829234949633331,0.028080524697250607
3923,44,880,472.0029937650396,4104.126300266757,445.89422324985344,4248.614738828751,54.0,0.10795065928260948,-0.06605047515112492,0.1077338678064981,-0.05650693489142965,0.013829234949633331,0.045329780885461385
3924,30,881,625.9985091941669,4344.425799606012,435.11914917042,4235.955205541315,54.0,0.10795065928260948,-0.4326008852478841,0.1077338678064981,-0.42891454827136627,0.013829234949633331,0.1265356465852159
3925,35,881,583.2192292927565,4207.570440686977,435.11914917042,4235.955205541315,54.0,0.10795065928260948,-0.17725092326154063,0.1077338678064981,-0.17202788568283645,0.013829234949633331,0.0786532156120799
3926,31,881,286.22286085268047,4096.016113555928,435.11914917042,4235.955205541315,54.0,0.10795065928260948,-0.2588793028007712,0.1077338678064981,-0.2534892170826879,0.013829234949633331,0.11416457753505257
3927,43,881,630.0947010611478,4141.259609929846,435.11914917042,4235.955205541315,54.0,0.10795065928260948,-0.31825627919368144,0.1077338678064981,-0.3124547227022261,0.013829234949633331,0.11911786699459766
3928,29,881,679.1344462972443,4226.875249913833,435.11914917042,4235.955205541315,54.0,0.10795065928260948,-0.36336086352555863,0.1077338678064981,-0.35796723879449904,0.013829234949633331,0.137498633979696
3929,19,881,324.8153272931308,4135.979057138678,435.11914917042,4235.955205541315,54.0,0.10795065928260948,-0.16017977811064976,0.1077338678064981,-0.15443850477253487,0.013829234949633331,0.08063595683955437
3930,22,881,301.6304881357929,4156.037775497009,435.11914917042,4235.955205541315,54.0,0.10795065928260948,-0.17619266616823726,0.1077338678064981,-0.17002913720091398,0.013829234949633331,0.08673176816475794
3931,44,881,472.0029937650396,4104.126300266757,435.11914917042,4235.955205541315,54.0,0.10795065928260948,-0.06477014272550503,0.1077338678064981,-0.05597018654283733,0.013829234949633331,0.045316183337258606
3932,23,881,474.06790899666265,4304.2794520946645,435.11914917042,4235.955205541315,54.0,0.10795065928260948,-0.1653498862653689,0.1077338678064981,-0.16338145489701045,0.013829234949633331,0.0482275875153722
3933,41,881,461.8106926932424,4070.996636995212,435.11914917042,4235.955205541315,54.0,0.10795065928260948,-0.1351575904799159,0.1077338678064981,-0.12552883764476633,0.013829234949633331,0.07011019846518035
3934,16,881,510.22088537403255,4246.5421852479,435.11914917042,4235.955205541315,54.0,0.10795065928260948,-0.059970991512744876,0.1077338678064981,-0.05632032444331138,0.013829234949633331,0.034195141440677285
3935,19,882,324.8153272931308,4135.979057138678,425.9413030559138,4217.635551223826,54.0,0.10795065928260948,-0.14168272680109212,0.1077338678064981,-0.13736245453948673,0.013829234949633331,0.07024382057171305
3936,44,882,472.0029937650396,4104.126300266757,425.9413030559138,4217.635551223826,54.0,0.10795065928260948,-0.05957051021262875,0.1077338678064981,-0.051398627995298096,0.013829234949633331,0.04264501330761393
3937,35,882,583.2192292927565,4207.570440686977,425.9413030559138,4217.635551223826,54.0,0.10795065928260948,-0.1629484009608264,0.1077338678064981,-0.15683848915954024,0.013829234949633331,0.07514191629805092
3938,23,882,475.1069190047686,4303.721264987423,425.9413030559138,4217.635551223826,54.0,0.10795065928260948,-0.18286638709334935,0.1077338678064981,-0.1796460734476504,0.013829234949633331,0.05831543240343702
3939,16,882,510.22088537403255,4246.5421852479,425.9413030559138,4217.635551223826,54.0,0.10795065928260948,-0.06468590055083526,0.1077338678064981,-0.06042652597991925,0.013829234949633331,0.03902662317394996
3940,22,882,301.6304881357929,4156.037775497009,425.9413030559138,4217.635551223826,54.0,0.10795065928260948,-0.1550645804930528,0.1077338678064981,-0.14993465135479686,0.013829234949633331,0.07635315231123109
3941,44,883,472.0029937650396,4104.126300266757,438.4164680502774,4215.068249794143,54.0,0.10795065928260948,-0.04692989228867966,0.1077338678064981,-0.039449965688669285,0.013829234949633331,0.03554222163622972
3942,16,883,510.22088537403255,4246.5421852479,438.4164680502774,4215.068249794143,54.0,0.10795065928260948,-0.051361832674083674,0.1077338678064981,-0.04777457494285767,0.013829234949633331,0.031811558662159914
3943,41,883,461.8106926932424,4070.996636995212,438.4164680502774,4215.068249794143,54.0,0.10795065928260948,-0.1163136050105327,0.1077338678064981,-0.10795845941699495,0.013829234949633331,0.05970683195983363
3944,22,883,301.6304881357929,4156.037775497009,438.4164680502774,4215.068249794143,54.0,0.10795065928260948,-0.1615527462993375,0.1077338678064981,-0.1561671742199779,0.013829234949633331,0.08031238513862644
3945,35,883,583.2192292927565,4207.570440686977,438.4164680502774,4215.068249794143,54.0,0.10795065928260948,-0.1541412950324165,0.1077338678064981,-0.1487332829984463,0.013829234949633331,0.06949691270072661
3946,19,883,324.8153272931308,4135.979057138678,438.4164680502774,4215.068249794143,54.0,0.10795065928260948,-0.15079067676093347,0.1077338678064981,-0.14637265638235003,0.013829234949633331,0.07415210544529677
3947,43,883,630.0947010611478,4141.259609929846,438.4164680502774,4215.068249794143,54.0,0.10795065928260948,-0.300452936120755,0.1077338678064981,-0.29580941320018783,0.013829234949633331,0.11058701928077999
3948,23,883,485.3312407692456,4298.036308618457,438.4164680502774,4215.068249794143,54.0,0.10795065928260948,-0.14218668162658668,0.1077338678064981,-0.13879204181522772,0.013829234949633331,0.053483700011168554
3949,37,883,628.569594659982,4182.409690156388,438.4164680502774,4215.068249794143,54.0,0.10795065928260948,-0.24993203302481834,0.1077338678064981,-0.2432299842361735,0.013829234949633331,0.09939713878386619
3950,64,884,251.14156651564912,4194.6094429104505,394.7738706108567,4205.194212624403,54.0,0.10795065928260948,-0.18515033332901046,0.1077338678064981,-0.17963689021097373,0.013829234949633331,0.08903926513690665
3951,31,884,286.22286085268047,4096.016113555928,394.7738706108567,4205.194212624403,54.0,0.10795065928260948,-0.2099517210738573,0.1077338678064981,-0.20782137966247274,0.013829234949633331,0.087459806424142
3952,44,884,472.0029937650396,4104.126300266757,394.7738706108567,4205.194212624403,54.0,0.10795065928260948,-0.10351589064329662,0.1077338678064981,-0.0962499613956685,0.013829234949633331,0.057889675759118964
3953,19,884,324.8153272931308,4135.979057138678,394.7738706108567,4205.194212624403,54.0,0.10795065928260948,-0.11193814292323158,0.1077338678064981,-0.10959138673132171,0.013829234949633331,0.053773757781316954
3954,23,884,473.2888408458269,4304.725925046426,394.7738706108567,4205.194212624403,54.0,0.10795065928260948,-0.22420240553582324,0.1077338678064981,-0.21968122573671023,0.013829234949633331,0.07636024849122768
3955,22,884,301.6304881357929,4156.037775497009,394.7738706108567,4205.194212624403,54.0,0.10795065928260948,-0.12655811964672903,0.1077338678064981,-0.12376401276846051,0.013829234949633331,0.059016221603518645
3956,22,885,301.6304881357929,4156.037775497009,428.2859587728415,4202.05740045784,54.0,0.10795065928260948,-0.15401736215684608,0.1077338678064981,-0.15020972738576827,0.013829234949633331,0.07356342014993959
3957,44,885,472.0029937650396,4104.126300266757,428.2859587728415,4202.05740045784,54.0,0.10795065928260948,-0.05107410158276687,0.1077338678064981,-0.0436429710062252,0.013829234949633331,0.03692920800397222
3958,45,885,517.3116391169647,4113.7490927459785,428.2859587728415,4202.05740045784,54.0,0.10795065928260948,-0.09763178427296816,0.1077338678064981,-0.09046221561122023,0.013829234949633331,0.04875198612676691
3959,16,885,510.22088537403255,4246.5421852479,428.2859587728415,4202.05740045784,54.0,0.10795065928260948,-0.05734930290899856,0.1077338678064981,-0.05298990037227541,0.013829234949633331,0.036457712915072014
3960,23,885,483.6841440753397,4299.038242766617,428.2859587728415,4202.05740045784,54.0,0.10795065928260948,-0.1607561588863316,0.1077338678064981,-0.15650518680725212,0.013829234949633331,0.061436037675360426
3961,19,885,324.8153272931308,4135.979057138678,428.2859587728415,4202.05740045784,54.0,0.10795065928260948,-0.1422203501003662,0.1077338678064981,-0.1388739209432016,0.013829234949633331,0.06734573322566961
3962,31,886,286.22286085268047,4096.016113555928,414.5220180223404,4194.72156940495,54.0,0.10795065928260948,-0.23075365992621152,0.1077338678064981,-0.2285557887238193,0.013829234949633331,0.09332090032914114
3963,43,886,630.0947010611478,4141.259609929846,414.5220180223404,4194.72156940495,54.0,0.10795065928260948,-0.31788278721044816,0.1077338678064981,-0.310806650453412,0.013829234949633331,0.11627727183383196
3964,19,886,324.8153272931308,4135.979057138678,414.5220180223404,4194.72156940495,54.0,0.10795065928260948,-0.12713404740088824,0.1077338678064981,-0.12448398178543842,0.013829234949633331,0.0593651102179283
3965,23,886,476.4923827513901,4302.940239845585,414.5220180223404,4194.72156940495,54.0,0.10795065928260948,-0.2010794757813927,0.1077338678064981,-0.1963334643599268,0.013829234949633331,0.07083081747255704
3966,16,886,510.22088537403255,4246.5421852479,414.5220180223404,4194.72156940495,54.0,0.10795065928260948,-0.07195782617529346,0.1077338678064981,-0.06690655969310577,0.013829234949633331,0.04436410998497565
3967,44,886,472.0029937650396,4104.126300266757,414.5220180223404,4194.72156940495,54.0,0.10795065928260948,-0.07174151118482429,0.1077338678064981,-0.06503977092741699,0.013829234949633331,0.044023601910482345
3968,27,886,413.6607163277177,4126.933692479007,414.5220180223404,4194.72156940495,54.0,0.10795065928260948,-0.09314187541044862,0.1077338678064981,-0.09049262531432205,0.013829234949633331,0.03932699070543071
3969,22,886,301.6304881357929,4156.037775497009,414.5220180223404,4194.72156940495,54.0,0.10795065928260948,-0.1405582755526469,0.1077338678064981,-0.1375506978564701,0.013829234949633331,0.06581724119405104
3970,41,886,461.8106926932424,4070.996636995212,414.5220180223404,4194.72156940495,54.0,0.10795065928260948,-0.1632922142282446,0.1077338678064981,-0.15857528863351864,0.013829234949633331,0.06974438977501811
3971,35,886,583.2192292927565,4207.570440686977,414.5220180223404,4194.72156940495,54.0,0.10795065928260948,-0.16739329038440445,0.1077338678064981,-0.1596936714254632,0.013829234949633331,0.079034563266773
3972,30,887,625.9985091941669,4344.425799606012,416.2556929545757,4313.9028901392985,54.0,0.10795065928260948,-0.47940812437247554,0.1077338678064981,-0.47699504500987705,0.013829234949633331,0.1308463663336284
3973,16,887,513.1636048475955,4263.301540421994,416.2556929545757,4313.9028901392985,54.0,0.10795065928260948,-0.2521078711913484,0.1077338678064981,-0.25003834029552036,0.013829234949633331,0.06897185523829008
3974,44,887,472.0029937650396,4104.126300266757,416.2556929545757,4313.9028901392985,54.0,0.10795065928260948,-0.24305565894092065,0.1077338678064981,-0.23181719005374635,0.013829234949633331,0.10010427048602391
3975,32,887,334.71484028241383,4482.861045979598,416.2556929545757,4313.9028901392985,54.0,0.10795065928260948,-0.394237276447139,0.1077338678064981,-0.3878637268696738,0.013829234949633331,0.14939695117814347
3976,19,887,313.8105789821288,4143.210879673134,416.2556929545757,4313.9028901392985,54.0,0.10795065928260948,-0.3356605939329387,0.1077338678064981,-0.3299684874938512,0.013829234949633331,0.13143994613910817
3977,23,887,473.2888408458269,4304.725925046426,416.2556929545757,4313.9028901392985,54.0,0.10795065928260948,-0.17358600757009524,0.1077338678064981,-0.1726660393527077,0.013829234949633331,0.042650711051049485
3978,22,887,301.6304881357929,4156.037775497009,416.2556929545757,4313.9028901392985,54.0,0.10795065928260948,-0.34206401187068153,0.1077338678064981,-0.3352531186724741,0.013829234949633331,0.1332642723963675
3979,19,888,324.8153272931308,4135.979057138678,428.5710453250903,4289.332939439008,54.0,0.10795065928260948,-0.26089008923161366,0.1077338678064981,-0.25503965961672687,0.013829234949633331,0.11110058334005544
3980,23,888,473.2888408458269,4304.725925046426,428.5710453250903,4289.332939439008,54.0,0.10795065928260948,-0.13473370384088135,0.1077338678064981,-0.13407331292279667,0.013829234949633331,0.032596473618993385
3981,22,888,301.6304881357929,4156.037775497009,428.5710453250903,4289.332939439008,54.0,0.10795065928260948,-0.2875691676988074,0.1077338678064981,-0.28198426758717066,0.013829234949633331,0.11726124310954887
3982,16,888,513.1636048475955,4263.301540421994,428.5710453250903,4289.332939439008,54.0,0.10795065928260948,-0.177211455050433,0.1077338678064981,-0.17613480448174085,0.013829234949633331,0.05210427095629274
3983,16,889,513.1636048475955,4263.301540421994,445.6080558911104,4284.859160068763,54.0,0.10795065928260948,-0.12798076410822323,0.1077338678064981,-0.1271581930476064,0.013829234949633331,0.039841005671857305
3984,16,890,513.1636048475955,4263.301540421994,461.25934481415896,4285.045081675647,54.0,0.10795065928260948,-0.09321019734111143,0.1077338678064981,-0.09235027072811047,0.013829234949633331,0.031138355934546683
3985,67,890,614.1933123417826,4407.07660776138,461.25934481415896,4285.045081675647,54.0,0.10795065928260948,-0.25310674548733464,0.1077338678064981,-0.24743271930509403,0.013829234949633331,0.09480569286589718
3986,23,891,473.2888408458269,4304.725925046426,413.44368953224784,4276.820130489507,54.0,0.10795065928260948,-0.1855838630033173,0.1077338678064981,-0.18463926691808433,0.013829234949633331,0.04616550838599856
3987,22,891,301.6304881357929,4156.037775497009,413.44368953224784,4276.820130489507,54.0,0.10795065928260948,-0.2372310057801413,0.1077338678064981,-0.23195564119651405,0.013829234949633331,0.10340161682928117
3988,16,891,512.3856951040117,4258.972788468116,413.44368953224784,4276.820130489507,54.0,0.10795065928260948,-0.16604177086049932,0.1077338678064981,-0.1647360074573996,0.013829234949633331,0.06067067471609855
3989,35,891,583.2192292927565,4207.570440686977,413.44368953224784,4276.820130489507,54.0,0.10795065928260948,-0.27656774938771383,0.1077338678064981,-0.2732584950569218,0.013829234949633331,0.10402874006835337
3990,44,891,472.0029937650396,4104.126300266757,413.44368953224784,4276.820130489507,54.0,0.10795065928260948,-0.1431928087300681,0.1077338678064981,-0.1325163561223922,0.013829234949633331,0.07659415203901498
3991,19,891,323.32829666696733,4136.898408998256,413.44368953224784,4276.820130489507,54.0,0.10795065928260948,-0.21655891441533062,0.1077338678064981,-0.2113477265269614,0.013829234949633331,0.09883245148981656
3992,44,892,472.0029937650396,4104.126300266757,391.8808158955226,4258.73653007643,54.0,0.10795065928260948,-0.13316255333982788,0.1077338678064981,-0.12213662227347195,0.013829234949633331,0.07882040347728037
3993,23,892,473.2888408458269,4304.725925046426,391.8808158955226,4258.73653007643,54.0,0.10795065928260948,-0.23313254774778025,0.1077338678064981,-0.2312730987739959,0.013829234949633331,0.06455809428320865
3994,19,892,316.0774241994025,4141.606387672634,391.8808158955226,4258.73653007643,54.0,0.10795065928260948,-0.17696881746399418,0.1077338678064981,-0.17290857747371713,0.013829234949633331,0.08311699767845153
3995,16,892,510.22088537403255,4246.5421852479,391.8808158955226,4258.73653007643,54.0,0.10795065928260948,-0.18205182277909276,0.1077338678064981,-0.1790299416321749,0.013829234949633331,0.06946935216098998
3996,64,892,251.14156651564912,4194.6094429104505,391.8808158955226,4258.73653007643,54.0,0.10795065928260948,-0.22381196065375059,0.1077338678064981,-0.21791461814623866,0.013829234949633331,0.10589539236456678
3997,22,892,301.6304881357929,4156.037775497009,391.8808158955226,4258.73653007643,54.0,0.10795065928260948,-0.18527208593157804,0.1077338678064981,-0.18070051139071858,0.013829234949633331,0.08454028913019007
3998,23,893,473.2888408458269,4304.725925046426,411.930196078557,4249.125208015304,54.0,0.10795065928260948,-0.19719988985935297,0.1077338678064981,-0.19555556683695108,0.013829234949633331,0.054513491746133784
3999,19,893,324.8153272931308,4135.979057138678,411.930196078557,4249.125208015304,54.0,0.10795065928260948,-0.15814671376149236,0.1077338678064981,-0.1532330446984026,0.013829234949633331,0.07976482185327025
4000,44,893,472.0029937650396,4104.126300266757,411.930196078557,4249.125208015304,54.0,0.10795065928260948,-0.09667505235373985,0.1077338678064981,-0.0866808667695476,0.013829234949633331,0.06281462789197874
4001,30,893,625.9985091941669,4344.425799606012,411.930196078557,4249.125208015304,54.0,0.10795065928260948,-0.5006072955409594,0.1077338678064981,-0.4959459197123035,0.013829234949633331,0.14166510698996682
4002,31,893,286.22286085268047,4096.016113555928,411.930196078557,4249.125208015304,54.0,0.10795065928260948,-0.2545400474322031,0.1077338678064981,-0.2495289855830921,0.013829234949633331,0.11359685996376215
4003,22,893,301.6304881357929,4156.037775497009,411.930196078557,4249.125208015304,54.0,0.10795065928260948,-0.17924198251373266,0.1077338678064981,-0.17462735730419993,0.013829234949633331,0.08462019025835563
4004,35,893,583.2192292927565,4207.570440686977,411.930196078557,4249.125208015304,54.0,0.10795065928260948,-0.20471715047531328,0.1077338678064981,-0.19859812766108464,0.013829234949633331,0.09242837973645701
4005,41,893,461.8106926932424,4070.996636995212,411.930196078557,4249.125208015304,54.0,0.10795065928260948,-0.1856239343576252,0.1077338678064981,-0.17585332961814198,0.013829234949633331,0.09192973479535882
4006,16,893,510.22088537403255,4246.5421852479,411.930196078557,4249.125208015304,54.0,0.10795065928260948,-0.08515093905444181,0.1077338678064981,-0.08029601811695367,0.013829234949633331,0.04710385797024539
4007,31,894,286.22286085268047,4096.016113555928,423.6141353116863,4253.411593782615,54.0,0.10795065928260948,-0.26922946492451005,0.1077338678064981,-0.2639128139615007,0.013829234949633331,0.11978608653975528
4008,22,894,301.6304881357929,4156.037775497009,423.6141353116863,4253.411593782615,54.0,0.10795065928260948,-0.19470214784145284,0.1077338678064981,-0.18961080592130394,0.013829234949633331,0.09150650538030163
4009,23,894,473.2888408458269,4304.725925046426,423.6141353116863,4253.411593782615,54.0,0.10795065928260948,-0.17334233826004705,0.1077338678064981,-0.17213765897162903,0.013829234949633331,0.04631112595317595
4010,44,894,472.0029937650396,4104.126300266757,423.6141353116863,4253.411593782615,54.0,0.10795065928260948,-0.09186463525649957,0.1077338678064981,-0.08193550131911437,0.013829234949633331,0.058108926360875744
4011,16,894,510.22088537403255,4246.5421852479,423.6141353116863,4253.411593782615,54.0,0.10795065928260948,-0.11172525445144546,0.1077338678064981,-0.10923130479209517,0.013829234949633331,0.045616917213137834
4012,41,894,461.8106926932424,4070.996636995212,423.6141353116863,4253.411593782615,54.0,0.10795065928260948,-0.17195501971705413,0.1077338678064981,-0.16137684796117227,0.013829234949633331,0.08650645943430843
4013,30,894,625.9985091941669,4344.425799606012,423.6141353116863,4253.411593782615,54.0,0.10795065928260948,-0.4777810309752295,0.1077338678064981,-0.4736036476817864,0.013829234949633331,0.13347082639463403
4014,19,894,324.8153272931308,4135.979057138678,423.6141353116863,4253.411593782615,54.0,0.10795065928260948,-0.17262378880749263,0.1077338678064981,-0.16737082569378928,0.013829234949633331,0.08603071574572638
4015,35,894,583.2192292927565,4207.570440686977,423.6141353116863,4253.411593782615,54.0,0.10795065928260948,-0.20186720312791157,0.1077338678064981,-0.1968726322672043,0.013829234949633331,0.08664288710545982
