rsn,eqid,ssn,eqX,eqY,staX,staY,zoneUTM,dc_0_mean,Lc_ca_mean,dc_0_med,Lc_ca_med,dc_0_unc,Lc_ca_unc
1,38,0,292.2609771757026,3909.816818957042,128.51496790687293,3913.739001202812,54.0,0.10144833133620683,-1.8149704294034466,0.10143699603540929,-1.8185910801411296,0.017583183067157993,0.3873266402527732
2,25,0,264.330530090726,3842.899620060988,128.51496790687293,3913.739001202812,54.0,0.10144833133620683,-1.619132136262906,0.10143699603540929,-1.6232626171481257,0.017583183067157993,0.4101121234996512
3,53,1,275.4374088407163,3843.51011953928,154.50504546553583,3901.5896026139903,54.0,0.10144833133620683,-1.3390806580337271,0.10143699603540929,-1.3443429315165865,0.017583183067157993,0.34597262959668046
4,38,1,292.2609771757026,3909.816818957042,154.50504546553583,3901.5896026139903,54.0,0.10144833133620683,-1.537124129104888,0.10143699603540929,-1.5406891247011012,0.017583183067157993,0.31628611732986706
5,25,1,264.330530090726,3842.899620060988,154.50504546553583,3901.5896026139903,54.0,0.10144833133620683,-1.2979287557882921,0.10143699603540929,-1.3023751018738043,0.017583183067157993,0.3290709196380816
6,38,2,292.2609771757026,3909.816818957042,182.17667623346983,3902.5741380529994,54.0,0.10144833133620683,-1.2816194737608204,0.10143699603540929,-1.2840107983344298,0.017583183067157993,0.24472523971696059
7,28,2,181.0656949265822,4007.0767963031503,182.17667623346983,3902.5741380529994,54.0,0.10144833133620683,-1.2796785815990734,0.10143699603540929,-1.2786917601792358,0.017583183067157993,0.26003145198988287
8,25,2,264.330530090726,3842.899620060988,182.17667623346983,3902.5741380529994,54.0,0.10144833133620683,-0.9678886316104519,0.10143699603540929,-0.9737694012051121,0.017583183067157993,0.2479626135390812
9,53,2,275.4374088407163,3843.51011953928,182.17667623346983,3902.5741380529994,54.0,0.10144833133620683,-1.0062519059783648,0.10143699603540929,-1.0126483202582466,0.017583183067157993,0.263941834285749
10,38,3,292.2609771757026,3909.816818957042,187.83731878982752,3889.567114997888,54.0,0.10144833133620683,-1.1639854862849925,0.10143699603540929,-1.1693510069984396,0.017583183067157993,0.23173636812402085
11,25,3,264.330530090726,3842.899620060988,187.83731878982752,3889.567114997888,54.0,0.10144833133620683,-0.8809091795479518,0.10143699603540929,-0.8845198405782375,0.017583183067157993,0.22482215967893743
12,25,4,264.330530090726,3842.899620060988,143.10717359488643,3838.030342010029,54.0,0.10144833133620683,-1.6303951398677659,0.10143699603540929,-1.6324305598833275,0.017583183067157993,0.3654675150271192
13,21,5,103.34699834515416,4117.964937310308,139.77999744006962,3872.595402570746,54.0,0.10144833133620683,-2.472827929497059,0.10143699603540929,-2.4724692482319535,0.017583183067157993,0.7147374159503119
14,18,5,97.03457460542091,3675.453369364249,139.77999744006962,3872.595402570746,54.0,0.10144833133620683,-1.7914341984062554,0.10143699603540929,-1.7729912186844219,0.017583183067157993,0.6708058499125685
15,18,6,81.55980152094574,3678.88477611573,123.08297592290974,3868.4555154718055,54.0,0.10144833133620683,-1.5999495076438364,0.10143699603540929,-1.58305888141577,0.017583183067157993,0.6561152288477878
16,25,6,264.330530090726,3842.899620060988,123.08297592290974,3868.4555154718055,54.0,0.10144833133620683,-1.7910762017163906,0.10143699603540929,-1.786918607640179,0.017583183067157993,0.4100602326297172
17,21,6,103.34699834515416,4117.964937310308,123.08297592290974,3868.4555154718055,54.0,0.10144833133620683,-2.6731243290122984,0.10143699603540929,-2.6691691217037095,0.017583183067157993,0.746452069783399
18,38,7,292.2609771757026,3909.816818957042,137.03362976716522,3837.5668472098328,54.0,0.10144833133620683,-1.8386097961071568,0.10143699603540929,-1.8410891183814482,0.017583183067157993,0.4269914488720565
19,25,7,264.330530090726,3842.899620060988,137.03362976716522,3837.5668472098328,54.0,0.10144833133620683,-1.6904005179540147,0.10143699603540929,-1.6921455196187203,0.017583183067157993,0.3846767245018338
20,18,7,101.67141511603498,3674.484805454924,137.03362976716522,3837.5668472098328,54.0,0.10144833133620683,-1.4042083898961761,0.10143699603540929,-1.389419825218389,0.017583183067157993,0.5583967397133466
21,38,8,292.2609771757026,3909.816818957042,172.65571807246388,3903.30306557218,54.0,0.10144833133620683,-1.3700705759348857,0.10143699603540929,-1.3726453904160887,0.017583183067157993,0.26873606855527854
22,25,8,264.330530090726,3842.899620060988,172.65571807246388,3903.30306557218,54.0,0.10144833133620683,-1.0747511340329654,0.10143699603540929,-1.0807769222833035,0.017583183067157993,0.27332413331585204
23,18,8,122.91219023912598,3669.973659608032,172.65571807246388,3903.30306557218,54.0,0.10144833133620683,-2.3565424753218385,0.10143699603540929,-2.3459916733340798,0.017583183067157993,0.7738830717697125
24,18,9,119.10864313893713,3670.787988011353,161.89050717369193,3870.304886320098,54.0,0.10144833133620683,-1.9115962170750502,0.10143699603540929,-1.9001648405665765,0.017583183067157993,0.6701866111881669
25,18,10,126.52937545907687,3669.1679992851136,169.18230311230798,3841.7481574939534,54.0,0.10144833133620683,-1.6471158598414823,0.10143699603540929,-1.6424699329792187,0.017583183067157993,0.5983909774936728
26,53,10,275.4374088407163,3843.51011953928,169.18230311230798,3841.7481574939534,54.0,0.10144833133620683,-1.4928769574701597,0.10143699603540929,-1.4935327005271495,0.017583183067157993,0.3221375629287058
27,25,10,264.330530090726,3842.899620060988,169.18230311230798,3841.7481574939534,54.0,0.10144833133620683,-1.3398260356093865,0.10143699603540929,-1.339519404984713,0.017583183067157993,0.2848978199974474
28,38,10,292.2609771757026,3909.816818957042,169.18230311230798,3841.7481574939534,54.0,0.10144833133620683,-1.5011725572649786,0.10143699603540929,-1.5014325749140955,0.017583183067157993,0.3403006045145334
29,38,11,292.2609771757026,3909.816818957042,191.90109938987828,3878.2746935665655,54.0,0.10144833133620683,-1.072739304898419,0.10143699603540929,-1.0778206213371357,0.017583183067157993,0.2274068322567949
30,53,11,275.4374088407163,3843.51011953928,191.90109938987828,3878.2746935665655,54.0,0.10144833133620683,-0.8949791371680672,0.10143699603540929,-0.8954781790427117,0.017583183067157993,0.23364649650136948
31,25,11,264.330530090726,3842.899620060988,191.90109938987828,3878.2746935665655,54.0,0.10144833133620683,-0.8315528631836058,0.10143699603540929,-0.8321428700942012,0.017583183067157993,0.21123666003773675
32,18,11,126.52937545907687,3669.1679992851136,191.90109938987828,3878.2746935665655,54.0,0.10144833133620683,-2.18920949463602,0.10143699603540929,-2.184848747402279,0.017583183067157993,0.7184331505209114
33,25,12,264.330530090726,3842.899620060988,141.44423435963492,3914.1041134189504,54.0,0.10144833133620683,-1.4410236203949633,0.10143699603540929,-1.4469137279343407,0.017583183067157993,0.36905028122844746
34,38,13,292.2609771757026,3909.816818957042,143.62984271407734,3856.494018898308,54.0,0.10144833133620683,-1.7004482978124504,0.10143699603540929,-1.70417197601756,0.017583183067157993,0.37513761235919785
35,53,13,275.4374088407163,3843.51011953928,143.62984271407734,3856.494018898308,54.0,0.10144833133620683,-1.7449417654679622,0.10143699603540929,-1.7445806164259583,0.017583183067157993,0.3814491482974469
36,25,13,264.330530090726,3842.899620060988,143.62984271407734,3856.494018898308,54.0,0.10144833133620683,-1.6163484303156594,0.10143699603540929,-1.615561578013718,0.017583183067157993,0.34736237551020055
37,18,13,104.17458112864377,3673.9383146686832,143.62984271407734,3856.494018898308,54.0,0.10144833133620683,-1.5951683798951586,0.10143699603540929,-1.5795451690206288,0.017583183067157993,0.6225739642928788
38,28,14,181.0656949265822,4007.0767963031503,140.03220610245066,3900.631536167624,54.0,0.10144833133620683,-1.2096748176484708,0.10143699603540929,-1.2070342923312134,0.017583183067157993,0.29639763030066
39,38,14,292.2609771757026,3909.816818957042,140.03220610245066,3900.631536167624,54.0,0.10144833133620683,-1.6895120040065799,0.10143699603540929,-1.6932367136757072,0.017583183067157993,0.3558394093632075
40,18,14,91.38061998577184,3676.689171757528,140.03220610245066,3900.631536167624,54.0,0.10144833133620683,-2.0620374389693783,0.10143699603540929,-2.039999939751342,0.017583183067157993,0.7713616118724932
41,21,15,103.34699834515416,4117.964937310308,166.13464768580218,3894.629348195649,54.0,0.10144833133620683,-2.1406657554573645,0.10143699603540929,-2.142956522922842,0.017583183067157993,0.6251996653859558
42,38,15,292.2609771757026,3909.816818957042,166.13464768580218,3894.629348195649,54.0,0.10144833133620683,-1.4972218568119677,0.10143699603540929,-1.5034090721135371,0.017583183067157993,0.2916789191347243
43,25,15,264.330530090726,3842.899620060988,166.13464768580218,3894.629348195649,54.0,0.10144833133620683,-1.1520215034784849,0.10143699603540929,-1.1558440754880508,0.017583183067157993,0.29046872347678987
44,53,15,275.4374088407163,3843.51011953928,166.13464768580218,3894.629348195649,54.0,0.10144833133620683,-1.1986939998014978,0.10143699603540929,-1.203158329009263,0.017583183067157993,0.30861938033314457
45,18,15,118.27240388292726,3670.9317607653247,166.13464768580218,3894.629348195649,54.0,0.10144833133620683,-2.1939677182315442,0.10143699603540929,-2.183119104562141,0.017583183067157993,0.7431158509587292
46,28,15,181.0656949265822,4007.0767963031503,166.13464768580218,3894.629348195649,54.0,0.10144833133620683,-1.2956592079754912,0.10143699603540929,-1.2950690150267248,0.017583183067157993,0.2919145948355085
47,38,16,292.2609771757026,3909.816818957042,184.34237201585265,3895.6542281596544,54.0,0.10144833133620683,-1.2940310234135108,0.10143699603540929,-1.2994418072179927,0.017583183067157993,0.24019834954744623
48,18,16,126.52937545907687,3669.1679992851136,184.34237201585265,3895.6542281596544,54.0,0.10144833133620683,-2.299454533932038,0.10143699603540929,-2.2991213290351924,0.017583183067157993,0.7519901981046737
49,21,16,103.34699834515416,4117.964937310308,184.34237201585265,3895.6542281596544,54.0,0.10144833133620683,-2.0454731775846233,0.10143699603540929,-2.0402464453807303,0.017583183067157993,0.6178928165570087
50,28,16,181.0656949265822,4007.0767963031503,184.34237201585265,3895.6542281596544,54.0,0.10144833133620683,-1.3522431661434395,0.10143699603540929,-1.3517689048715815,0.017583183067157993,0.27788541915103965
51,53,16,275.4374088407163,3843.51011953928,184.34237201585265,3895.6542281596544,54.0,0.10144833133620683,-0.9747697367638196,0.10143699603540929,-0.9803643839572908,0.017583183067157993,0.2547827564799452
52,25,16,264.330530090726,3842.899620060988,184.34237201585265,3895.6542281596544,54.0,0.10144833133620683,-0.9320715337259917,0.10143699603540929,-0.9370298721311279,0.017583183067157993,0.23751141977369303
53,38,17,292.2609771757026,3909.816818957042,201.93033620389085,3898.3572697427626,54.0,0.10144833133620683,-1.100336561193753,0.10143699603540929,-1.1035794921084698,0.017583183067157993,0.19528944940014695
54,31,17,286.22286085268047,4096.016113555928,201.93033620389085,3898.3572697427626,54.0,0.10144833133620683,-2.242611802717739,0.10143699603540929,-2.2409450129769457,0.017583183067157993,0.5273380623539761
55,25,17,264.330530090726,3842.899620060988,201.93033620389085,3898.3572697427626,54.0,0.10144833133620683,-0.7485070039094154,0.10143699603540929,-0.7532813376878481,0.017583183067157993,0.1956257513196089
56,53,17,275.4374088407163,3843.51011953928,201.93033620389085,3898.3572697427626,54.0,0.10144833133620683,-0.805909696400192,0.10143699603540929,-0.8099096741676834,0.017583183067157993,0.21289431641327425
57,22,17,282.91308227706304,4129.966613278081,201.93033620389085,3898.3572697427626,54.0,0.10144833133620683,-2.340226886338444,0.10143699603540929,-2.3408220798660375,0.017583183067157993,0.591976828716412
58,28,17,181.0656949265822,4007.0767963031503,201.93033620389085,3898.3572697427626,54.0,0.10144833133620683,-1.3614418867458373,0.10143699603540929,-1.3606653364984473,0.017583183067157993,0.273861167001564
59,21,17,103.34699834515416,4117.964937310308,201.93033620389085,3898.3572697427626,54.0,0.10144833133620683,-2.062762233055115,0.10143699603540929,-2.0547221765612957,0.017583183067157993,0.6113912835603643
60,18,17,126.52937545907687,3669.1679992851136,201.93033620389085,3898.3572697427626,54.0,0.10144833133620683,-2.447239274695945,0.10143699603540929,-2.4461534091730552,0.017583183067157993,0.7774263647579011
61,38,18,292.2609771757026,3909.816818957042,156.44613989927444,3875.4647167104135,54.0,0.10144833133620683,-1.4844469297409502,0.10143699603540929,-1.4918021528161212,0.017583183067157993,0.3261533141006973
62,25,18,264.330530090726,3842.899620060988,156.44613989927444,3875.4647167104135,54.0,0.10144833133620683,-1.3230241571965184,0.10143699603540929,-1.3223722092810108,0.017583183067157993,0.3073561481414394
63,18,18,112.80152619571466,3672.147380358592,156.44613989927444,3875.4647167104135,54.0,0.10144833133620683,-1.8935902091084262,0.10143699603540929,-1.877760586662524,0.017583183067157993,0.6817134231465062
64,53,18,275.4374088407163,3843.51011953928,156.44613989927444,3875.4647167104135,54.0,0.10144833133620683,-1.3712603461258914,0.10143699603540929,-1.371902719917294,0.017583183067157993,0.3357448006962621
65,21,18,103.34699834515416,4117.964937310308,156.44613989927444,3875.4647167104135,54.0,0.10144833133620683,-2.402515052753684,0.10143699603540929,-2.407670551073619,0.017583183067157993,0.687783158643239
66,38,19,292.2609771757026,3909.816818957042,172.2658209063685,3873.515622530464,54.0,0.10144833133620683,-1.3020923298100748,0.10143699603540929,-1.3088229717024908,0.017583183067157993,0.28041294838945124
67,53,19,275.4374088407163,3843.51011953928,172.2658209063685,3873.515622530464,54.0,0.10144833133620683,-1.1629127543454623,0.10143699603540929,-1.1638654134841988,0.017583183067157993,0.29060257779678517
68,18,19,126.52937545907687,3669.1679992851136,172.2658209063685,3873.515622530464,54.0,0.10144833133620683,-2.0375811072969086,0.10143699603540929,-2.031078328462662,0.017583183067157993,0.6898412057319364
69,25,19,264.330530090726,3842.899620060988,172.2658209063685,3873.515622530464,54.0,0.10144833133620683,-1.1077009012982468,0.10143699603540929,-1.1076894532565775,0.017583183067157993,0.2629874878201972
70,18,20,126.52937545907687,3669.1679992851136,179.01893925451702,3867.320308590613,54.0,0.10144833133620683,-1.9725187746692425,0.10143699603540929,-1.9707468964188808,0.017583183067157993,0.6757364701018412
71,38,20,292.2609771757026,3909.816818957042,179.01893925451702,3867.320308590613,54.0,0.10144833133620683,-1.2549431179367454,0.10143699603540929,-1.2598748184420236,0.017583183067157993,0.27204504065569446
72,25,20,264.330530090726,3842.899620060988,179.01893925451702,3867.320308590613,54.0,0.10144833133620683,-1.0399910206465315,0.10143699603540929,-1.0398107849100284,0.017583183067157993,0.24226345424279766
73,53,20,275.4374088407163,3843.51011953928,179.01893925451702,3867.320308590613,54.0,0.10144833133620683,-1.0967974493001253,0.10143699603540929,-1.0980777811923181,0.017583183067157993,0.27265232919069404
74,25,21,264.330530090726,3842.899620060988,128.10338903664118,3851.740618485764,54.0,0.10144833133620683,-1.7959115660918126,0.10143699603540929,-1.7953752000413408,0.017583183067157993,0.41038524027597556
75,38,21,292.2609771757026,3909.816818957042,128.10338903664118,3851.740618485764,54.0,0.10144833133620683,-1.8683752674220904,0.10143699603540929,-1.870692507608054,0.017583183067157993,0.42536936061187813
76,18,21,90.08282576534675,3676.9660011790647,128.10338903664118,3851.740618485764,54.0,0.10144833133620683,-1.488900414619937,0.10143699603540929,-1.4708430598653386,0.017583183067157993,0.6102494378556944
77,53,22,275.4374088407163,3843.51011953928,174.16005358193937,3855.0147189033455,54.0,0.10144833133620683,-1.3629634693430581,0.10143699603540929,-1.3635940320883997,0.017583183067157993,0.29496587522674694
78,25,22,264.330530090726,3842.899620060988,174.16005358193937,3855.0147189033455,54.0,0.10144833133620683,-1.2277158561499473,0.10143699603540929,-1.227815486553304,0.017583183067157993,0.25978499608962957
79,38,22,292.2609771757026,3909.816818957042,174.16005358193937,3855.0147189033455,54.0,0.10144833133620683,-1.3753781013067103,0.10143699603540929,-1.3769303611645654,0.017583183067157993,0.3034884888348907
80,18,22,126.52937545907687,3669.1679992851136,174.16005358193937,3855.0147189033455,54.0,0.10144833133620683,-1.8163846777283288,0.10143699603540929,-1.8134360406761016,0.017583183067157993,0.6392591810716548
81,30,23,625.9985091941669,4344.425799606012,478.15084649167727,4464.183681943689,54.0,0.10144833133620683,-1.6968053422372094,0.10143699603540929,-1.6936503943976806,0.017583183067157993,0.41560217316294895
82,32,23,334.71484028241383,4482.861045979598,478.15084649167727,4464.183681943689,54.0,0.10144833133620683,-1.203030664482665,0.10143699603540929,-1.1972882876341189,0.017583183067157993,0.43719369900902316
83,23,23,492.6610906216525,4339.6404706179,478.15084649167727,4464.183681943689,54.0,0.10144833133620683,-1.7809483181201298,0.10143699603540929,-1.7849097410838581,0.017583183067157993,0.2937919704267812
84,30,24,625.9985091941669,4344.425799606012,463.0904010410905,4457.560365448071,54.0,0.10144833133620683,-1.910388051353061,0.10143699603540929,-1.9069009810138267,0.017583183067157993,0.4434794923563661
85,23,24,492.6610906216525,4339.6404706179,463.0904010410905,4457.560365448071,54.0,0.10144833133620683,-1.5692210457804585,0.10143699603540929,-1.5766922874039788,0.017583183067157993,0.28273188779021446
86,56,24,677.3923123197425,4458.591690875839,463.0904010410905,4457.560365448071,54.0,0.10144833133620683,-2.4093999869507345,0.10143699603540929,-2.406718971279985,0.017583183067157993,0.5750160227885109
87,32,24,334.71484028241383,4482.861045979598,463.0904010410905,4457.560365448071,54.0,0.10144833133620683,-1.0983027480082128,0.10143699603540929,-1.0912211181893636,0.017583183067157993,0.39776438887393295
88,23,25,492.6610906216525,4339.6404706179,437.3541612908576,4458.895894433887,54.0,0.10144833133620683,-1.4656458278225344,0.10143699603540929,-1.4708310526119348,0.017583183067157993,0.31048412745916815
89,7,25,477.9085898257795,4404.037580305916,437.3541612908576,4458.895894433887,54.0,0.10144833133620683,-0.8365146408779595,0.10143699603540929,-0.8386853682914653,0.017583183067157993,0.185096038925416
90,30,25,625.9985091941669,4344.425799606012,437.3541612908576,4458.895894433887,54.0,0.10144833133620683,-2.2945545176733027,0.10143699603540929,-2.2938131159740336,0.017583183067157993,0.516068408626497
91,32,25,334.71484028241383,4482.861045979598,437.3541612908576,4458.895894433887,54.0,0.10144833133620683,-0.9183323954589725,0.10143699603540929,-0.9131599972608161,0.017583183067157993,0.3269378069870811
92,32,26,334.71484028241383,4482.861045979598,413.6573433925362,4471.4083781216295,54.0,0.10144833133620683,-0.7107882920738947,0.10143699603540929,-0.7074024932781918,0.017583183067157993,0.2538102615736033
93,23,26,492.6610906216525,4339.6404706179,413.6573433925362,4471.4083781216295,54.0,0.10144833133620683,-1.6304830320335832,0.10143699603540929,-1.6304382720440662,0.017583183067157993,0.3842264271128954
94,8,27,404.480912881415,4338.111065579622,420.6163417766562,4415.183917581038,54.0,0.10144833133620683,-0.7170717013854007,0.10143699603540929,-0.718120955537016,0.017583183067157993,0.25075016653219795
95,30,27,625.9985091941669,4344.425799606012,420.6163417766562,4415.183917581038,54.0,0.10144833133620683,-2.247459053725154,0.10143699603540929,-2.2433256175324097,0.017583183067157993,0.4817721251298063
96,32,27,334.71484028241383,4482.861045979598,420.6163417766562,4415.183917581038,54.0,0.10144833133620683,-0.9523087598396628,0.10143699603540929,-0.953640583552016,0.017583183067157993,0.34598283637097316
97,23,27,492.6610906216525,4339.6404706179,420.6163417766562,4415.183917581038,54.0,0.10144833133620683,-1.2472110319047318,0.10143699603540929,-1.2475371768120687,0.017583183067157993,0.25552303715769364
98,7,27,477.9085898257795,4404.037580305916,420.6163417766562,4415.183917581038,54.0,0.10144833133620683,-0.7958415317809969,0.10143699603540929,-0.7964473153743054,0.017583183067157993,0.1590549232091388
99,23,28,492.6610906216525,4339.6404706179,401.3841185749654,4415.951924993758,54.0,0.10144833133620683,-1.4075864077937261,0.10143699603540929,-1.4081116356086576,0.017583183067157993,0.3101636800341939
100,32,28,334.71484028241383,4482.861045979598,401.3841185749654,4415.951924993758,54.0,0.10144833133620683,-0.9022825473147482,0.10143699603540929,-0.9045684149776811,0.017583183067157993,0.3101550050335841
101,8,28,404.480912881415,4338.111065579622,401.3841185749654,4415.951924993758,54.0,0.10144833133620683,-0.7107890906838022,0.10143699603540929,-0.7117964815536945,0.017583183067157993,0.24827778054504945
102,30,28,625.9985091941669,4344.425799606012,401.3841185749654,4415.951924993758,54.0,0.10144833133620683,-2.3668639451024385,0.10143699603540929,-2.3602899007432594,0.017583183067157993,0.5353306137353834
103,24,29,476.8845411410292,4318.364085281663,422.8827476086131,4397.34517396153,54.0,0.10144833133620683,-1.2842447374906591,0.10143699603540929,-1.2872634976322046,0.017583183067157993,0.24448375843805817
104,32,29,334.71484028241383,4482.861045979598,422.8827476086131,4397.34517396153,54.0,0.10144833133620683,-1.1712461468998876,0.10143699603540929,-1.1727673181858982,0.017583183067157993,0.3975073564558064
105,23,29,492.6610906216525,4339.6404706179,422.8827476086131,4397.34517396153,54.0,0.10144833133620683,-1.1234274676490934,0.10143699603540929,-1.1244531440125285,0.017583183067157993,0.22021254896696407
106,8,29,404.480912881415,4338.111065579622,422.8827476086131,4397.34517396153,54.0,0.10144833133620683,-0.5512298492412865,0.10143699603540929,-0.5526186992241313,0.017583183067157993,0.19922908344187917
107,30,29,625.9985091941669,4344.425799606012,422.8827476086131,4397.34517396153,54.0,0.10144833133620683,-2.1027258801270734,0.10143699603540929,-2.0977033612399203,0.017583183067157993,0.4525337976655176
108,30,30,625.9985091941669,4344.425799606012,464.0768372445594,4407.064429668476,54.0,0.10144833133620683,-1.8044850509307058,0.10143699603540929,-1.8017570558937115,0.017583183067157993,0.36937493097001983
109,26,30,492.46916862384336,4319.554466150916,464.0768372445594,4407.064429668476,54.0,0.10144833133620683,-1.0909541447024818,0.10143699603540929,-1.0945334853903104,0.017583183067157993,0.18917149954016402
110,8,30,404.480912881415,4338.111065579622,464.0768372445594,4407.064429668476,54.0,0.10144833133620683,-0.9947668465851075,0.10143699603540929,-0.9959311894826772,0.017583183067157993,0.2571391268267339
111,23,30,492.6610906216525,4339.6404706179,464.0768372445594,4407.064429668476,54.0,0.10144833133620683,-0.8486357571660093,0.10143699603540929,-0.852930577334799,0.017583183067157993,0.15254415035130156
112,24,30,476.8845411410292,4318.364085281663,464.0768372445594,4407.064429668476,54.0,0.10144833133620683,-1.135446545466324,0.10143699603540929,-1.1375944499188315,0.017583183067157993,0.194359734024715
113,32,30,334.71484028241383,4482.861045979598,464.0768372445594,4407.064429668476,54.0,0.10144833133620683,-1.4165819268736564,0.10143699603540929,-1.4179440539366055,0.017583183067157993,0.452186658630241
114,7,30,477.9085898257795,4404.037580305916,464.0768372445594,4407.064429668476,54.0,0.10144833133620683,-0.24591429346633314,0.10143699603540929,-0.2468531027315004,0.017583183067157993,0.037924860874417876
115,32,31,334.71484028241383,4482.861045979598,475.8317961471988,4394.399108234459,54.0,0.10144833133620683,-1.6260015698014676,0.10143699603540929,-1.6273801737271056,0.017583183067157993,0.4916767816956487
116,23,31,492.6610906216525,4339.6404706179,475.8317961471988,4394.399108234459,54.0,0.10144833133620683,-0.6824372455501578,0.10143699603540929,-0.6871442003383182,0.017583183067157993,0.11468629446535937
117,24,31,476.8845411410292,4318.364085281663,475.8317961471988,4394.399108234459,54.0,0.10144833133620683,-0.9352863906441435,0.10143699603540929,-0.9399691732366714,0.017583183067157993,0.15044471954108896
118,8,31,404.480912881415,4338.111065579622,475.8317961471988,4394.399108234459,54.0,0.10144833133620683,-0.9871922528345454,0.10143699603540929,-0.9884152407488391,0.017583183067157993,0.24269876291069006
119,30,31,625.9985091941669,4344.425799606012,475.8317961471988,4394.399108234459,54.0,0.10144833133620683,-1.5263822475789957,0.10143699603540929,-1.5224799581637045,0.017583183067157993,0.32550134299375033
120,7,31,477.9085898257795,4404.037580305916,475.8317961471988,4394.399108234459,54.0,0.10144833133620683,-0.18576072447116826,0.10143699603540929,-0.1859982873656955,0.017583183067157993,0.025932987452669722
121,33,31,633.1852302568241,4317.679688677003,475.8317961471988,4394.399108234459,54.0,0.10144833133620683,-1.7002789675437655,0.10143699603540929,-1.6993251647635699,0.017583183067157993,0.37498857221630333
122,34,31,645.8872104090177,4370.307858894735,475.8317961471988,4394.399108234459,54.0,0.10144833133620683,-1.6031154343809104,0.10143699603540929,-1.5981718084351246,0.017583183067157993,0.36125318309160553
123,23,32,492.6610906216525,4339.6404706179,441.7352774844472,4384.348452276274,54.0,0.10144833133620683,-0.8521902456135887,0.10143699603540929,-0.8535250923648625,0.017583183067157993,0.15129354077080162
124,30,32,625.9985091941669,4344.425799606012,441.7352774844472,4384.348452276274,54.0,0.10144833133620683,-1.8576336091955403,0.10143699603540929,-1.8543112891596374,0.017583183067157993,0.3901160274580419
125,32,32,334.71484028241383,4482.861045979598,441.7352774844472,4384.348452276274,54.0,0.10144833133620683,-1.4119976671128118,0.10143699603540929,-1.4123619337751734,0.017583183067157993,0.4596240644762526
126,7,32,477.9085898257795,4404.037580305916,441.7352774844472,4384.348452276274,54.0,0.10144833133620683,-0.49376645956239396,0.10143699603540929,-0.49336344762193346,0.017583183067157993,0.09938726166552311
127,8,32,404.480912881415,4338.111065579622,441.7352774844472,4384.348452276274,54.0,0.10144833133620683,-0.6150813888874966,0.10143699603540929,-0.6158047038312691,0.017583183067157993,0.18200786540531994
128,32,33,334.71484028241383,4482.861045979598,461.8257494002237,4382.902154782314,54.0,0.10144833133620683,-1.5403162016378869,0.10143699603540929,-1.53988657324344,0.017583183067157993,0.4881428563104889
129,30,33,625.9985091941669,4344.425799606012,461.8257494002237,4382.902154782314,54.0,0.10144833133620683,-1.65587691412793,0.10143699603540929,-1.6520964616577003,0.017583183067157993,0.3406961929711711
130,24,33,476.8845411410292,4318.364085281663,461.8257494002237,4382.902154782314,54.0,0.10144833133620683,-0.8782420087421977,0.10143699603540929,-0.8806762680198549,0.017583183067157993,0.1442317165362793
131,23,33,492.6610906216525,4339.6404706179,461.8257494002237,4382.902154782314,54.0,0.10144833133620683,-0.6330142818557821,0.10143699603540929,-0.6354852180835572,0.017583183067157993,0.1097332351161381
132,8,33,404.480912881415,4338.111065579622,461.8257494002237,4382.902154782314,54.0,0.10144833133620683,-0.8099463934931825,0.10143699603540929,-0.8115735789059249,0.017583183067157993,0.20560503625782095
133,7,33,477.9085898257795,4404.037580305916,461.8257494002237,4382.902154782314,54.0,0.10144833133620683,-0.3290889391873777,0.10143699603540929,-0.3284628047775795,0.017583183067157993,0.06027622179111053
134,32,34,334.71484028241383,4482.861045979598,462.3096820238882,4349.882377856321,54.0,0.10144833133620683,-1.9536368576484129,0.10143699603540929,-1.957323888909004,0.017583183067157993,0.5698736560529697
135,44,34,472.0029937650396,4104.126300266757,462.3096820238882,4349.882377856321,54.0,0.10144833133620683,-2.823669027936584,0.10143699603540929,-2.8192354019706105,0.017583183067157993,0.5140197772649393
136,26,34,492.46916862384336,4319.554466150916,462.3096820238882,4349.882377856321,54.0,0.10144833133620683,-0.5941935935576276,0.10143699603540929,-0.5957559557455594,0.017583183067157993,0.08759282976647771
137,24,34,476.8845411410292,4318.364085281663,462.3096820238882,4349.882377856321,54.0,0.10144833133620683,-0.5213250139267496,0.10143699603540929,-0.5234036857462482,0.017583183067157993,0.07721861604255363
138,8,34,404.480912881415,4338.111065579622,462.3096820238882,4349.882377856321,54.0,0.10144833133620683,-0.7027485680653571,0.10143699603540929,-0.7043584229234735,0.017583183067157993,0.16917764182601935
139,23,34,489.8052239433386,4334.538828818666,462.3096820238882,4349.882377856321,54.0,0.10144833133620683,-0.44024207810008575,0.10143699603540929,-0.4412133789083903,0.017583183067157993,0.06387708357660346
140,7,34,477.9085898257795,4404.037580305916,462.3096820238882,4349.882377856321,54.0,0.10144833133620683,-0.7117057553129494,0.10143699603540929,-0.7120079080121419,0.017583183067157993,0.12417947973538294
141,30,34,625.9985091941669,4344.425799606012,462.3096820238882,4349.882377856321,54.0,0.10144833133620683,-1.7357572500269332,0.10143699603540929,-1.7370058743097312,0.017583183067157993,0.3394683615128073
142,33,34,633.1852302568241,4317.679688677003,462.3096820238882,4349.882377856321,54.0,0.10144833133620683,-1.84644616017437,0.10143699603540929,-1.8492876826357814,0.017583183067157993,0.38242961466880815
143,8,35,404.480912881415,4338.111065579622,430.0693145736199,4338.606545961896,54.0,0.10144833133620683,-0.29570744131471327,0.10143699603540929,-0.296199271501337,0.017583183067157993,0.0953180944518805
144,44,35,472.0029937650396,4104.126300266757,430.0693145736199,4338.606545961896,54.0,0.10144833133620683,-2.2304204749730014,0.10143699603540929,-2.224567820223578,0.017583183067157993,0.5261680358587233
145,32,35,334.71484028241383,4482.861045979598,430.0693145736199,4338.606545961896,54.0,0.10144833133620683,-1.7659437933100617,0.10143699603540929,-1.769956236507869,0.017583183067157993,0.5796057405535647
146,26,35,492.46916862384336,4319.554466150916,430.0693145736199,4338.606545961896,54.0,0.10144833133620683,-0.8606088950345532,0.10143699603540929,-0.8634627455202362,0.017583183067157993,0.1501511376067509
147,23,35,477.3861806054903,4312.148199732568,430.0693145736199,4338.606545961896,54.0,0.10144833133620683,-0.8641335681563628,0.10143699603540929,-0.8631000142453883,0.017583183067157993,0.13452672213443648
148,30,35,625.9985091941669,4344.425799606012,430.0693145736199,4338.606545961896,54.0,0.10144833133620683,-2.151501187891783,0.10143699603540929,-2.153861585551977,0.017583183067157993,0.4203684375406895
149,24,35,476.8845411410292,4318.364085281663,430.0693145736199,4338.606545961896,54.0,0.10144833133620683,-0.7762071031382464,0.10143699603540929,-0.7763584304726299,0.017583183067157993,0.12676486981592489
150,7,35,477.9085898257795,4404.037580305916,430.0693145736199,4338.606545961896,54.0,0.10144833133620683,-0.9922266561185018,0.10143699603540929,-0.992679905578036,0.017583183067157993,0.1976136828158359
151,23,36,475.2952963933525,4308.492411153248,452.48668196591865,4321.181261560588,54.0,0.10144833133620683,-0.5315369091707727,0.10143699603540929,-0.5296604710353574,0.017583183067157993,0.061781768250876765
152,24,36,476.8845411410292,4318.364085281663,452.48668196591865,4321.181261560588,54.0,0.10144833133620683,-0.5069002514243419,0.10143699603540929,-0.5052499749930166,0.017583183067157993,0.05973089322457679
153,44,36,472.0029937650396,4104.126300266757,452.48668196591865,4321.181261560588,54.0,0.10144833133620683,-2.3915364191428,0.10143699603540929,-2.385490599978914,0.017583183067157993,0.45155916765143445
154,30,36,625.9985091941669,4344.425799606012,452.48668196591865,4321.181261560588,54.0,0.10144833133620683,-2.021611725843286,0.10143699603540929,-2.020504452539894,0.017583183067157993,0.36794358929898086
155,32,36,334.71484028241383,4482.861045979598,452.48668196591865,4321.181261560588,54.0,0.10144833133620683,-2.1688465748182204,0.10143699603540929,-2.174590214587053,0.017583183067157993,0.6427730378672384
156,8,36,404.480912881415,4338.111065579622,452.48668196591865,4321.181261560588,54.0,0.10144833133620683,-0.564148313225524,0.10143699603540929,-0.5642988690502003,0.017583183067157993,0.1557892408946695
157,7,36,477.9085898257795,4404.037580305916,452.48668196591865,4321.181261560588,54.0,0.10144833133620683,-1.1723417541366254,0.10143699603540929,-1.1742639589819521,0.017583183067157993,0.19145425874852579
158,26,36,492.46916862384336,4319.554466150916,452.48668196591865,4321.181261560588,54.0,0.10144833133620683,-0.6852490013716382,0.10143699603540929,-0.6842889681671627,0.017583183067157993,0.08816717035872762
159,32,37,334.71484028241383,4482.861045979598,449.044917057454,4427.372863314673,54.0,0.10144833133620683,-1.0635100551305414,0.10143699603540929,-1.0633753227059564,0.017583183067157993,0.3908603945709599
160,8,37,404.480912881415,4338.111065579622,449.044917057454,4427.372863314673,54.0,0.10144833133620683,-1.013986812460432,0.10143699603540929,-1.0123842079846117,0.017583183067157993,0.30000846248516616
161,23,37,492.6610906216525,4339.6404706179,449.044917057454,4427.372863314673,54.0,0.10144833133620683,-1.1726878567936512,0.10143699603540929,-1.1782312338047347,0.017583183067157993,0.21405917850709855
162,7,37,477.9085898257795,4404.037580305916,449.044917057454,4427.372863314673,54.0,0.10144833133620683,-0.559548739583137,0.10143699603540929,-0.56209277494267,0.017583183067157993,0.09355424251667949
163,34,38,645.8872104090177,4370.307858894735,471.4559701946234,4402.715936092695,54.0,0.10144833133620683,-1.7856651014470255,0.10143699603540929,-1.7802462911761556,0.017583183067157993,0.3833634332837083
164,7,38,477.9085898257795,4404.037580305916,471.4559701946234,4402.715936092695,54.0,0.10144833133620683,-0.1577001160105881,0.10143699603540929,-0.15801854250795794,0.017583183067157993,0.022398349351292403
165,24,38,476.8845411410292,4318.364085281663,471.4559701946234,4402.715936092695,54.0,0.10144833133620683,-1.0462589952215138,0.10143699603540929,-1.0466818477271491,0.017583183067157993,0.17689440025978237
166,30,38,625.9985091941669,4344.425799606012,471.4559701946234,4402.715936092695,54.0,0.10144833133620683,-1.649803581966854,0.10143699603540929,-1.6465910466170361,0.017583183067157993,0.3464455108887625
167,32,38,334.71484028241383,4482.861045979598,471.4559701946234,4402.715936092695,54.0,0.10144833133620683,-1.541414684302802,0.10143699603540929,-1.5434880043598938,0.017583183067157993,0.47297943876808873
168,23,38,492.6610906216525,4339.6404706179,471.4559701946234,4402.715936092695,54.0,0.10144833133620683,-0.7839563452998719,0.10143699603540929,-0.7886191763546867,0.017583183067157993,0.13554845651691694
169,8,38,404.480912881415,4338.111065579622,471.4559701946234,4402.715936092695,54.0,0.10144833133620683,-1.003643377641103,0.10143699603540929,-1.0046122995727564,0.017583183067157993,0.2534352141506895
170,34,39,645.8872104090177,4370.307858894735,475.5450238588451,4333.03888591012,54.0,0.10144833133620683,-1.8054670714009482,0.10143699603540929,-1.8023448213920652,0.017583183067157993,0.3601251198653771
171,30,39,625.9985091941669,4344.425799606012,475.5450238588451,4333.03888591012,54.0,0.10144833133620683,-1.5484313190479642,0.10143699603540929,-1.5487191180258102,0.017583183067157993,0.31147996242044407
172,23,39,485.8179580911125,4327.331720835381,475.5450238588451,4333.03888591012,54.0,0.10144833133620683,-0.15905089408338716,0.10143699603540929,-0.15896622587051776,0.017583183067157993,0.02211264631087766
173,32,39,334.71484028241383,4482.861045979598,475.5450238588451,4333.03888591012,54.0,0.10144833133620683,-2.2730271746243598,0.10143699603540929,-2.278868762971715,0.017583183067157993,0.6192746475502051
174,35,39,583.2192292927565,4207.570440686977,475.5450238588451,4333.03888591012,54.0,0.10144833133620683,-1.6001621578993452,0.10143699603540929,-1.5962300375731509,0.017583183067157993,0.365669512992155
175,33,39,633.1852302568241,4317.679688677003,475.5450238588451,4333.03888591012,54.0,0.10144833133620683,-1.6394194760335052,0.10143699603540929,-1.6378149712534973,0.017583183067157993,0.35136467598071336
176,26,39,492.46916862384336,4319.554466150916,475.5450238588451,4333.03888591012,54.0,0.10144833133620683,-0.2957967312769872,0.10143699603540929,-0.2960711147557338,0.017583183067157993,0.04305104048106834
177,44,39,472.0029937650396,4104.126300266757,475.5450238588451,4333.03888591012,54.0,0.10144833133620683,-2.339610745577972,0.10143699603540929,-2.3360377888804287,0.017583183067157993,0.4618023970991207
178,24,39,476.8845411410292,4318.364085281663,475.5450238588451,4333.03888591012,54.0,0.10144833133620683,-0.2114267549740177,0.10143699603540929,-0.21166151047299525,0.017583183067157993,0.03094398726200011
179,7,39,477.9085898257795,4404.037580305916,475.5450238588451,4333.03888591012,54.0,0.10144833133620683,-0.8990913845500674,0.10143699603540929,-0.9037596780316469,0.017583183067157993,0.14410335952717893
180,23,40,492.6610906216525,4339.6404706179,463.9665587999344,4407.275828022564,54.0,0.10144833133620683,-0.8520008201253115,0.10143699603540929,-0.8563127095477846,0.017583183067157993,0.15312390355500566
181,30,40,625.9985091941669,4344.425799606012,463.9665587999344,4407.275828022564,54.0,0.10144833133620683,-1.810447606208851,0.10143699603540929,-1.8077105601777717,0.017583183067157993,0.3700732610562047
182,32,40,334.71484028241383,4482.861045979598,463.9665587999344,4407.275828022564,54.0,0.10144833133620683,-1.4132357714584862,0.10143699603540929,-1.4145896155975513,0.017583183067157993,0.45162931615410856
183,16,40,513.1636048475955,4263.301540421994,463.9665587999344,4407.275828022564,54.0,0.10144833133620683,-1.6810406286586657,0.10143699603540929,-1.6851324493157507,0.017583183067157993,0.3094529064787245
184,67,40,614.1933123417826,4407.07660776138,463.9665587999344,4407.275828022564,54.0,0.10144833133620683,-1.8033523826272013,0.10143699603540929,-1.807245173977674,0.017583183067157993,0.340442635406046
185,32,41,334.71484028241383,4482.861045979598,463.2958110311122,4390.486480472092,54.0,0.10144833133620683,-1.4909338201409899,0.10143699603540929,-1.4902164441191643,0.017583183067157993,0.4754733347402931
186,30,41,625.9985091941669,4344.425799606012,463.2958110311122,4390.486480472092,54.0,0.10144833133620683,-1.6433527102337744,0.10143699603540929,-1.6388397407323294,0.017583183067157993,0.34442151835560225
187,68,41,607.5300941255965,4399.875364871049,463.2958110311122,4390.486480472092,54.0,0.10144833133620683,-1.2414528479542877,0.10143699603540929,-1.2384248437278393,0.017583183067157993,0.29783775300875875
188,26,41,492.46916862384336,4319.554466150916,463.2958110311122,4390.486480472092,54.0,0.10144833133620683,-0.9353611222846588,0.10143699603540929,-0.9371543322161815,0.017583183067157993,0.15621358241827848
189,16,41,513.1636048475955,4263.301540421994,463.2958110311122,4390.486480472092,54.0,0.10144833133620683,-1.5334126844207128,0.10143699603540929,-1.5354848419293445,0.017583183067157993,0.2767486303036707
190,67,41,614.1933123417826,4407.07660776138,463.2958110311122,4390.486480472092,54.0,0.10144833133620683,-1.447589221926271,0.10143699603540929,-1.4490572282515901,0.017583183067157993,0.321780134923014
191,23,41,492.6610906216525,4339.6404706179,463.2958110311122,4390.486480472092,54.0,0.10144833133620683,-0.6683773827937627,0.10143699603540929,-0.6713060328325078,0.017583183067157993,0.1207391421637368
192,24,41,476.8845411410292,4318.364085281663,463.2958110311122,4390.486480472092,54.0,0.10144833133620683,-0.9453864977186417,0.10143699603540929,-0.9474459581428599,0.017583183067157993,0.15870559785667124
193,67,42,614.1933123417826,4407.07660776138,424.7541420823547,4341.807884221032,54.0,0.10144833133620683,-1.974815983199536,0.10143699603540929,-1.9773099096902915,0.017583183067157993,0.4325291550533364
194,24,42,476.8845411410292,4318.364085281663,424.7541420823547,4341.807884221032,54.0,0.10144833133620683,-0.8454382805456058,0.10143699603540929,-0.8457427668477349,0.017583183067157993,0.1433046765847562
195,22,42,297.892598448241,4158.68162304286,424.7541420823547,4341.807884221032,54.0,0.10144833133620683,-2.0077289061087322,0.10143699603540929,-2.0023438436333625,0.017583183067157993,0.6962111913761161
196,23,42,477.4731403423149,4312.258922572526,424.7541420823547,4341.807884221032,54.0,0.10144833133620683,-0.9357824626033715,0.10143699603540929,-0.9348676164183077,0.017583183067157993,0.1514141665915392
197,26,42,492.46916862384336,4319.554466150916,424.7541420823547,4341.807884221032,54.0,0.10144833133620683,-0.9311900690750629,0.10143699603540929,-0.9341257399133943,0.017583183067157993,0.16632426645814088
198,30,42,625.9985091941669,4344.425799606012,424.7541420823547,4341.807884221032,54.0,0.10144833133620683,-2.2133721210303183,0.10143699603540929,-2.2157812797218863,0.017583183067157993,0.43471602048091507
199,19,42,313.8105789821288,4143.210879673134,424.7541420823547,4341.807884221032,54.0,0.10144833133620683,-2.0057069820460462,0.10143699603540929,-2.0000215634045495,0.017583183067157993,0.6678693385007156
200,32,42,334.71484028241383,4482.861045979598,424.7541420823547,4341.807884221032,54.0,0.10144833133620683,-1.689060834920086,0.10143699603540929,-1.6923321081946583,0.017583183067157993,0.5686711718960362
201,44,42,472.0029937650396,4104.126300266757,424.7541420823547,4341.807884221032,54.0,0.10144833133620683,-2.2507074771180746,0.10143699603540929,-2.2454452869217256,0.017583183067157993,0.5410155495948371
202,16,42,513.1636048475955,4263.301540421994,424.7541420823547,4341.807884221032,54.0,0.10144833133620683,-1.5199027064784796,0.10143699603540929,-1.5175298279788154,0.017583183067157993,0.2810568785359294
203,68,43,607.5300941255965,4399.875364871049,475.200490753821,4336.125087441123,54.0,0.10144833133620683,-1.2790258681921047,0.10143699603540929,-1.274449336210974,0.017583183067157993,0.2857607729751882
204,24,43,476.8845411410292,4318.364085281663,475.200490753821,4336.125087441123,54.0,0.10144833133620683,-0.25014367793546943,0.10143699603540929,-0.2503473754979741,0.017583183067157993,0.03628013787056215
205,23,43,487.0322857743624,4329.549091982163,475.200490753821,4336.125087441123,54.0,0.10144833133620683,-0.18312460754166893,0.10143699603540929,-0.18302712407046734,0.017583183067157993,0.025459584497929337
206,29,43,679.1344462972443,4226.875249913833,475.200490753821,4336.125087441123,54.0,0.10144833133620683,-2.5931500475223044,0.10143699603540929,-2.59070215048242,0.017583183067157993,0.5922986213190528
207,26,43,492.46916862384336,4319.554466150916,475.200490753821,4336.125087441123,54.0,0.10144833133620683,-0.3266651496331565,0.10143699603540929,-0.32687646078830834,0.017583183067157993,0.047134541641788874
208,30,43,625.9985091941669,4344.425799606012,475.200490753821,4336.125087441123,54.0,0.10144833133620683,-1.5510391513639883,0.10143699603540929,-1.5513240414102185,0.017583183067157993,0.3117109745594653
209,32,43,334.71484028241383,4482.861045979598,475.200490753821,4336.125087441123,54.0,0.10144833133620683,-2.2281232327621137,0.10143699603540929,-2.233270919368435,0.017583183067157993,0.6115079034816001
210,67,43,614.1933123417826,4407.07660776138,475.200490753821,4336.125087441123,54.0,0.10144833133620683,-1.4306891190286413,0.10143699603540929,-1.4269931573455428,0.017583183067157993,0.3046422370662732
211,34,43,645.8872104090177,4370.307858894735,475.200490753821,4336.125087441123,54.0,0.10144833133620683,-1.7844198565582714,0.10143699603540929,-1.7812214161008078,0.017583183067157993,0.35873218207736124
212,56,43,677.3923123197425,4458.591690875839,475.200490753821,4336.125087441123,54.0,0.10144833133620683,-2.655100506912738,0.10143699603540929,-2.6547836776793954,0.017583183067157993,0.5141194210453462
213,44,43,472.0029937650396,4104.126300266757,475.200490753821,4336.125087441123,54.0,0.10144833133620683,-2.5824043704654827,0.10143699603540929,-2.576411564648336,0.017583183067157993,0.47815735250459707
214,33,43,633.1852302568241,4317.679688677003,475.200490753821,4336.125087441123,54.0,0.10144833133620683,-1.6332482276298992,0.10143699603540929,-1.6325460083013252,0.017583183067157993,0.3511604441395127
215,35,43,583.2192292927565,4207.570440686977,475.200490753821,4336.125087441123,54.0,0.10144833133620683,-1.6329278200109916,0.10143699603540929,-1.6286485367982233,0.017583183067157993,0.3697930579902427
216,19,43,324.8153272931308,4135.979057138678,475.200490753821,4336.125087441123,54.0,0.10144833133620683,-2.91198957984975,0.10143699603540929,-2.9118502698829465,0.017583183067157993,0.6386820646213458
217,26,44,492.46916862384336,4319.554466150916,441.0471192053797,4324.965345583502,54.0,0.10144833133620683,-0.8133585241846433,0.10143699603540929,-0.8120150902431889,0.017583183067157993,0.1199124965792629
218,44,44,472.0029937650396,4104.126300266757,441.0471192053797,4324.965345583502,54.0,0.10144833133620683,-2.0471697643744062,0.10143699603540929,-2.0403524881533426,0.017583183067157993,0.4811968287156882
219,24,44,476.8845411410292,4318.364085281663,441.0471192053797,4324.965345583502,54.0,0.10144833133620683,-0.6329266678867871,0.10143699603540929,-0.6309023867460956,0.017583183067157993,0.09158623732912174
220,22,44,301.6304881357929,4156.037775497009,441.0471192053797,4324.965345583502,54.0,0.10144833133620683,-1.9454254013738197,0.10143699603540929,-1.9394301076755793,0.017583183067157993,0.6490918311739076
221,30,44,625.9985091941669,4344.425799606012,441.0471192053797,4324.965345583502,54.0,0.10144833133620683,-2.029308752412063,0.10143699603540929,-2.0315717472694557,0.017583183067157993,0.3925791576616339
222,32,44,334.71484028241383,4482.861045979598,441.0471192053797,4324.965345583502,54.0,0.10144833133620683,-1.9811439618774025,0.10143699603540929,-1.985675593539072,0.017583183067157993,0.6247444244757416
223,19,44,321.49446726788966,4138.158474420299,441.0471192053797,4324.965345583502,54.0,0.10144833133620683,-2.101731045635023,0.10143699603540929,-2.099934991248355,0.017583183067157993,0.6137498935213801
224,23,44,474.24859212100233,4306.4982743148985,441.0471192053797,4324.965345583502,54.0,0.10144833133620683,-0.6552840677399263,0.10143699603540929,-0.6530235433221137,0.017583183067157993,0.09502562849580785
225,16,44,513.1636048475955,4263.301540421994,441.0471192053797,4324.965345583502,54.0,0.10144833133620683,-1.2206868885593485,0.10143699603540929,-1.2181572193465817,0.017583183067157993,0.21824441291967692
226,67,44,614.1933123417826,4407.07660776138,441.0471192053797,4324.965345583502,54.0,0.10144833133620683,-1.920649842739638,0.10143699603540929,-1.9201156282630314,0.017583183067157993,0.3903778688870294
227,22,45,301.6304881357929,4156.037775497009,456.2761219480929,4314.689427575413,54.0,0.10144833133620683,-2.2101337626304165,0.10143699603540929,-2.2019472952639507,0.017583183067157993,0.6095389499517192
228,24,45,476.8845411410292,4318.364085281663,456.2761219480929,4314.689427575413,54.0,0.10144833133620683,-0.4356906647358624,0.10143699603540929,-0.43429951598828914,0.017583183067157993,0.05149924616823421
229,26,45,492.46916862384336,4319.554466150916,456.2761219480929,4314.689427575413,54.0,0.10144833133620683,-0.6132417360112596,0.10143699603540929,-0.612556577274975,0.017583183067157993,0.07991830801437659
230,32,45,334.71484028241383,4482.861045979598,456.2761219480929,4314.689427575413,54.0,0.10144833133620683,-2.305280664006494,0.10143699603540929,-2.3104049559514706,0.017583183067157993,0.6616157786292894
231,30,45,625.9985091941669,4344.425799606012,456.2761219480929,4314.689427575413,54.0,0.10144833133620683,-1.9667330504629907,0.10143699603540929,-1.9648869329831382,0.017583183067157993,0.35996604419671574
232,23,45,473.463778736012,4305.169219038526,456.2761219480929,4314.689427575413,54.0,0.10144833133620683,-0.40234279728587036,0.10143699603540929,-0.40090088792675116,0.017583183067157993,0.0466393875716712
233,19,45,324.8153272931308,4135.979057138678,456.2761219480929,4314.689427575413,54.0,0.10144833133620683,-2.3643406709032453,0.10143699603540929,-2.364318260971887,0.017583183067157993,0.5766344731793761
234,16,45,513.1636048475955,4263.301540421994,456.2761219480929,4314.689427575413,54.0,0.10144833133620683,-0.9811373020239543,0.10143699603540929,-0.9792323817050776,0.017583183067157993,0.16927285494018274
235,44,45,472.0029937650396,4104.126300266757,456.2761219480929,4314.689427575413,54.0,0.10144833133620683,-2.2553404391949745,0.10143699603540929,-2.249779576554464,0.017583183067157993,0.4355545692875708
236,67,45,614.1933123417826,4407.07660776138,456.2761219480929,4314.689427575413,54.0,0.10144833133620683,-1.9034422924338659,0.10143699603540929,-1.9002864837393243,0.017583183067157993,0.36791527037979527
237,35,45,583.2192292927565,4207.570440686977,456.2761219480929,4314.689427575413,54.0,0.10144833133620683,-1.8657198288116434,0.10143699603540929,-1.8624008186190133,0.017583183067157993,0.39376762615176664
238,67,46,614.1933123417826,4407.07660776138,486.3913924564008,4478.416425086557,54.0,0.10144833133620683,-1.4399101923083297,0.10143699603540929,-1.439313806617121,0.017583183067157993,0.34967970712723084
239,30,46,625.9985091941669,4344.425799606012,486.3913924564008,4478.416425086557,54.0,0.10144833133620683,-1.7446451551945372,0.10143699603540929,-1.7404960983196751,0.017583183067157993,0.4294951499440396
240,23,46,492.6610906216525,4339.6404706179,486.3913924564008,4478.416425086557,54.0,0.10144833133620683,-1.9480125025517387,0.10143699603540929,-1.9519349480736259,0.017583183067157993,0.3335035279954928
241,32,46,334.71484028241383,4482.861045979598,486.3913924564008,4478.416425086557,54.0,0.10144833133620683,-1.8673856547854246,0.10143699603540929,-1.8593485622986419,0.017583183067157993,0.48240500214582677
242,30,47,625.9985091941669,4344.425799606012,434.92773393180914,4463.423300941039,54.0,0.10144833133620683,-2.271943049396459,0.10143699603540929,-2.270470228755258,0.017583183067157993,0.5273335115003792
243,67,47,614.1933123417826,4407.07660776138,434.92773393180914,4463.423300941039,54.0,0.10144833133620683,-1.7934303726110103,0.10143699603540929,-1.7918449198364679,0.017583183067157993,0.4460659890884464
244,23,47,492.6610906216525,4339.6404706179,434.92773393180914,4463.423300941039,54.0,0.10144833133620683,-1.4979800358350708,0.10143699603540929,-1.5028302117284842,0.017583183067157993,0.3251452047864242
245,32,47,334.71484028241383,4482.861045979598,434.92773393180914,4463.423300941039,54.0,0.10144833133620683,-0.8928974231583231,0.10143699603540929,-0.8868925389079346,0.017583183067157993,0.31798198634729563
246,23,48,492.6610906216525,4339.6404706179,454.0574214945663,4458.475818282948,54.0,0.10144833133620683,-1.5260346846948607,0.10143699603540929,-1.5342786386813152,0.017583183067157993,0.29075248891430916
247,32,48,334.71484028241383,4482.861045979598,454.0574214945663,4458.475818282948,54.0,0.10144833133620683,-1.0302663068447755,0.10143699603540929,-1.0235902679507531,0.017583183067157993,0.3733680703399227
248,67,48,614.1933123417826,4407.07660776138,454.0574214945663,4458.475818282948,54.0,0.10144833133620683,-1.6467971124797884,0.10143699603540929,-1.6463035059442004,0.017583183067157993,0.390744076852096
249,30,48,625.9985091941669,4344.425799606012,454.0574214945663,4458.475818282948,54.0,0.10144833133620683,-2.037236130620262,0.10143699603540929,-2.0350365458368818,0.017583183067157993,0.46933273783534135
250,23,49,492.6610906216525,4339.6404706179,464.4083453145252,4461.161482502334,54.0,0.10144833133620683,-1.626833092091248,0.10143699603540929,-1.6335900515797008,0.017583183067157993,0.29207599235110715
251,30,49,625.9985091941669,4344.425799606012,464.4083453145252,4461.161482502334,54.0,0.10144833133620683,-1.8725949461450586,0.10143699603540929,-1.8687150515694753,0.017583183067157993,0.4439780768869686
252,32,49,334.71484028241383,4482.861045979598,464.4083453145252,4461.161482502334,54.0,0.10144833133620683,-1.0990528720685522,0.10143699603540929,-1.0924173738300702,0.017583183067157993,0.4000962462629003
253,67,49,614.1933123417826,4407.07660776138,464.4083453145252,4461.161482502334,54.0,0.10144833133620683,-1.5212738970048116,0.10143699603540929,-1.521733803653961,0.017583183067157993,0.3681456883964376
254,24,50,476.8845411410292,4318.364085281663,433.5165486821991,4418.668216363436,54.0,0.10144833133620683,-1.4226687905066135,0.10143699603540929,-1.4236781953747792,0.017583183067157993,0.2705540441365155
255,32,50,334.71484028241383,4482.861045979598,433.5165486821991,4418.668216363436,54.0,0.10144833133620683,-1.0116606438017037,0.10143699603540929,-1.0125312479780333,0.017583183067157993,0.3684167654820999
256,23,50,492.6610906216525,4339.6404706179,433.5165486821991,4418.668216363436,54.0,0.10144833133620683,-1.155384284575663,0.10143699603540929,-1.1560058447064703,0.017583183067157993,0.22907689770587317
257,16,50,513.1636048475955,4263.301540421994,433.5165486821991,4418.668216363436,54.0,0.10144833133620683,-2.0383132967671753,0.10143699603540929,-2.0389142679297874,0.017583183067157993,0.3931067702381413
258,67,50,614.1933123417826,4407.07660776138,433.5165486821991,4418.668216363436,54.0,0.10144833133620683,-2.211707802985826,0.10143699603540929,-2.2159019748905626,0.017583183067157993,0.42311233886250693
259,30,50,625.9985091941669,4344.425799606012,433.5165486821991,4418.668216363436,54.0,0.10144833133620683,-2.2349537372926895,0.10143699603540929,-2.2325904917933808,0.017583183067157993,0.45691423676979914
260,67,51,614.1933123417826,4407.07660776138,449.3852529635216,4425.916545048914,54.0,0.10144833133620683,-2.0088085421145214,0.10143699603540929,-2.0137436636014976,0.017583183067157993,0.3814552632580794
261,30,51,625.9985091941669,4344.425799606012,449.3852529635216,4425.916545048914,54.0,0.10144833133620683,-2.23687567822322,0.10143699603540929,-2.2348897626725237,0.017583183067157993,0.43098601111752016
262,26,51,492.46916862384336,4319.554466150916,449.3852529635216,4425.916545048914,54.0,0.10144833133620683,-1.433592440559203,0.10143699603540929,-1.4373489323756354,0.017583183067157993,0.2462958076737606
263,24,51,476.8845411410292,4318.364085281663,449.3852529635216,4425.916545048914,54.0,0.10144833133620683,-1.4393502228936996,0.10143699603540929,-1.443338003758098,0.017583183067157993,0.2488768840204146
264,32,51,334.71484028241383,4482.861045979598,449.3852529635216,4425.916545048914,54.0,0.10144833133620683,-1.067312638695785,0.10143699603540929,-1.0673918535676137,0.017583183067157993,0.3937629341034016
265,68,52,607.5300941255965,4399.875364871049,483.6599253446036,4434.678431866685,54.0,0.10144833133620683,-1.2473785656654057,0.10143699603540929,-1.2483830111054868,0.017583183067157993,0.28834208980379133
266,16,52,513.1636048475955,4263.301540421994,483.6599253446036,4434.678431866685,54.0,0.10144833133620683,-2.0740353225316888,0.10143699603540929,-2.077436804284604,0.017583183067157993,0.36653947506930873
267,56,52,677.3923123197425,4458.591690875839,483.6599253446036,4434.678431866685,54.0,0.10144833133620683,-2.2231386784946117,0.10143699603540929,-2.219725889352212,0.017583183067157993,0.4870922927694268
268,34,52,645.8872104090177,4370.307858894735,483.6599253446036,4434.678431866685,54.0,0.10144833133620683,-1.7629430880429722,0.10143699603540929,-1.7613042734990765,0.017583183067157993,0.3963918584202646
269,69,52,685.3230867940251,4391.141433827922,483.6599253446036,4434.678431866685,54.0,0.10144833133620683,-2.5049011052500685,0.10143699603540929,-2.504405965436688,0.017583183067157993,0.5148050821561433
270,23,52,492.6610906216525,4339.6404706179,483.6599253446036,4434.678431866685,54.0,0.10144833133620683,-1.391440424859944,0.10143699603540929,-1.3954015649908103,0.017583183067157993,0.21119916951599566
271,32,52,334.71484028241383,4482.861045979598,483.6599253446036,4434.678431866685,54.0,0.10144833133620683,-1.5150132963388006,0.10143699603540929,-1.5124117110665538,0.017583183067157993,0.47072804929792816
272,30,52,625.9985091941669,4344.425799606012,483.6599253446036,4434.678431866685,54.0,0.10144833133620683,-1.661514199329337,0.10143699603540929,-1.659955799379904,0.017583183067157993,0.3689560308203728
273,49,52,663.3163926639071,4436.617662823868,483.6599253446036,4434.678431866685,54.0,0.10144833133620683,-2.0795790334859445,0.10143699603540929,-2.0750215954285545,0.017583183067157993,0.4429242990968448
274,67,52,614.1933123417826,4407.07660776138,483.6599253446036,4434.678431866685,54.0,0.10144833133620683,-1.315672848097452,0.10143699603540929,-1.316463133382903,0.017583183067157993,0.2977756583235691
275,57,52,688.226455777822,4457.521568699916,483.6599253446036,4434.678431866685,54.0,0.10144833133620683,-2.3680351221128624,0.10143699603540929,-2.362619513914138,0.017583183067157993,0.5222006161744672
276,23,53,492.6610906216525,4339.6404706179,449.19507381456793,4393.341358041034,54.0,0.10144833133620683,-0.808751991642353,0.10143699603540929,-0.8105565140402092,0.017583183067157993,0.14532526528084672
277,68,53,607.5300941255965,4399.875364871049,449.19507381456793,4393.341358041034,54.0,0.10144833133620683,-1.3820419765012504,0.10143699603540929,-1.378682043150671,0.017583183067157993,0.32796252027424105
278,30,53,625.9985091941669,4344.425799606012,449.19507381456793,4393.341358041034,54.0,0.10144833133620683,-1.790726185451175,0.10143699603540929,-1.7859216555558424,0.017583183067157993,0.3750688172652263
279,16,53,513.1636048475955,4263.301540421994,449.19507381456793,4393.341358041034,54.0,0.10144833133620683,-1.6658835723441896,0.10143699603540929,-1.6673858348669555,0.017583183067157993,0.3013710465988947
280,24,53,476.8845411410292,4318.364085281663,449.19507381456793,4393.341358041034,54.0,0.10144833133620683,-1.0412573170363206,0.10143699603540929,-1.0434606072768864,0.017583183067157993,0.1764472244154918
281,32,53,334.71484028241383,4482.861045979598,449.19507381456793,4393.341358041034,54.0,0.10144833133620683,-1.3733108489650006,0.10143699603540929,-1.3732503759404278,0.017583183067157993,0.4521114215812127
282,67,53,614.1933123417826,4407.07660776138,449.19507381456793,4393.341358041034,54.0,0.10144833133620683,-1.5787967185934757,0.10143699603540929,-1.5792995812808706,0.017583183067157993,0.35033641525451487
283,16,54,513.1636048475955,4263.301540421994,443.9862101028399,4377.461544255477,54.0,0.10144833133620683,-1.5813719289991879,0.10143699603540929,-1.5850729657238463,0.017583183067157993,0.28823388075640644
284,32,54,334.71484028241383,4482.861045979598,443.9862101028399,4377.461544255477,54.0,0.10144833133620683,-1.501483047645101,0.10143699603540929,-1.5025478603293323,0.017583183067157993,0.4826463227863829
285,24,54,476.8845411410292,4318.364085281663,443.9862101028399,4377.461544255477,54.0,0.10144833133620683,-0.951482224636566,0.10143699603540929,-0.9543351583902255,0.017583183067157993,0.15725627004137446
286,68,54,607.5300941255965,4399.875364871049,443.9862101028399,4377.461544255477,54.0,0.10144833133620683,-1.4544605947428757,0.10143699603540929,-1.4509718674830598,0.017583183067157993,0.34603833916771587
287,67,54,614.1933123417826,4407.07660776138,443.9862101028399,4377.461544255477,54.0,0.10144833133620683,-1.626552852609629,0.10143699603540929,-1.6253687309240863,0.017583183067157993,0.36716050145543705
288,23,54,492.6610906216525,4339.6404706179,443.9862101028399,4377.461544255477,54.0,0.10144833133620683,-0.7970903097320494,0.10143699603540929,-0.7985046267785931,0.017583183067157993,0.13502098007000168
289,26,54,492.46916862384336,4319.554466150916,443.9862101028399,4377.461544255477,54.0,0.10144833133620683,-1.0090388644614012,0.10143699603540929,-1.010913122998333,0.017583183067157993,0.1648355335065037
290,30,54,625.9985091941669,4344.425799606012,443.9862101028399,4377.461544255477,54.0,0.10144833133620683,-1.8548935255507042,0.10143699603540929,-1.8536593985631309,0.017583183067157993,0.3839933509112447
291,24,55,476.8845411410292,4318.364085281663,466.6332349019849,4378.7179507745,54.0,0.10144833133620683,-0.8222698598278275,0.10143699603540929,-0.8245263997742763,0.017583183067157993,0.13248106257033898
292,16,55,513.1636048475955,4263.301540421994,466.6332349019849,4378.7179507745,54.0,0.10144833133620683,-1.418497615827731,0.10143699603540929,-1.4205379427738403,0.017583183067157993,0.2512768114325541
293,68,55,607.5300941255965,4399.875364871049,466.6332349019849,4378.7179507745,54.0,0.10144833133620683,-1.2187917991319142,0.10143699603540929,-1.215818137707096,0.017583183067157993,0.2933457748042317
294,32,55,334.71484028241383,4482.861045979598,466.6332349019849,4378.7179507745,54.0,0.10144833133620683,-1.6048827105346004,0.10143699603540929,-1.6043149673873651,0.017583183067157993,0.5019475150568137
295,34,55,645.8872104090177,4370.307858894735,466.6332349019849,4378.7179507745,54.0,0.10144833133620683,-1.8053944616513475,0.10143699603540929,-1.8009877500829847,0.017583183067157993,0.3793299943302791
296,33,55,633.1852302568241,4317.679688677003,466.6332349019849,4378.7179507745,54.0,0.10144833133620683,-1.743023585327999,0.10143699603540929,-1.7456926096041456,0.017583183067157993,0.3810395811235771
297,67,55,614.1933123417826,4407.07660776138,466.6332349019849,4378.7179507745,54.0,0.10144833133620683,-1.3867580189871096,0.10143699603540929,-1.3858641170361394,0.017583183067157993,0.313888876576607
298,23,55,492.6610906216525,4339.6404706179,466.6332349019849,4378.7179507745,54.0,0.10144833133620683,-0.5641371780513473,0.10143699603540929,-0.5669315587933028,0.017583183067157993,0.09626437431365222
299,56,55,677.3923123197425,4458.591690875839,466.6332349019849,4378.7179507745,54.0,0.10144833133620683,-2.5108267112211955,0.10143699603540929,-2.5094626735211,0.017583183067157993,0.5199666694778943
300,30,55,625.9985091941669,4344.425799606012,466.6332349019849,4378.7179507745,54.0,0.10144833133620683,-1.588841266526076,0.10143699603540929,-1.586175708571847,0.017583183067157993,0.32933068839598223
301,26,56,492.46916862384336,4319.554466150916,447.1765556096275,4356.329542239,54.0,0.10144833133620683,-0.8048140728110375,0.10143699603540929,-0.8073309003021861,0.017583183067157993,0.12460797968117429
302,24,56,476.8845411410292,4318.364085281663,447.1765556096275,4356.329542239,54.0,0.10144833133620683,-0.7209070142195474,0.10143699603540929,-0.7233432136195221,0.017583183067157993,0.1100940520539955
303,16,56,513.1636048475955,4263.301540421994,447.1765556096275,4356.329542239,54.0,0.10144833133620683,-1.4061008622703222,0.10143699603540929,-1.4084907542666771,0.017583183067157993,0.24548756782352793
304,44,56,472.0029937650396,4104.126300266757,447.1765556096275,4356.329542239,54.0,0.10144833133620683,-2.863260362083645,0.10143699603540929,-2.8576390528922784,0.017583183067157993,0.5457583969734364
305,32,56,334.71484028241383,4482.861045979598,447.1765556096275,4356.329542239,54.0,0.10144833133620683,-1.7867148704396516,0.10143699603540929,-1.7918987824075387,0.017583183067157993,0.5450282250062368
306,67,56,614.1933123417826,4407.07660776138,447.1765556096275,4356.329542239,54.0,0.10144833133620683,-1.6683300926163165,0.10143699603540929,-1.670391693903309,0.017583183067157993,0.36643478044350314
307,30,56,625.9985091941669,4344.425799606012,447.1765556096275,4356.329542239,54.0,0.10144833133620683,-1.8523856728440697,0.10143699603540929,-1.8542176463187217,0.017583183067157993,0.37515009041477176
308,23,56,489.0254816670088,4332.986241933166,447.1765556096275,4356.329542239,54.0,0.10144833133620683,-0.6612315722050923,0.10143699603540929,-0.6628936543425364,0.017583183067157993,0.10240268587849202
309,26,57,492.46916862384336,4319.554466150916,454.3164335836594,4338.138967133773,54.0,0.10144833133620683,-0.5886786331659818,0.10143699603540929,-0.590892020669243,0.017583183067157993,0.08877050179353473
310,19,57,324.8153272931308,4135.979057138678,454.3164335836594,4338.138967133773,54.0,0.10144833133620683,-2.3916226792107578,0.10143699603540929,-2.3923687366219513,0.017583183067157993,0.6456010395862087
311,24,57,476.8845411410292,4318.364085281663,454.3164335836594,4338.138967133773,54.0,0.10144833133620683,-0.48808172110381465,0.10143699603540929,-0.4891567071114268,0.017583183067157993,0.06848533205789978
312,16,57,513.1636048475955,4263.301540421994,454.3164335836594,4338.138967133773,54.0,0.10144833133620683,-1.1910210564509573,0.10143699603540929,-1.191305992420476,0.017583183067157993,0.20406305085140322
313,23,57,482.95294926390704,4322.121679026849,454.3164335836594,4338.138967133773,54.0,0.10144833133620683,-0.45980868949055415,0.10143699603540929,-0.46180694465690214,0.017583183067157993,0.06951750883387582
314,32,57,334.71484028241383,4482.861045979598,454.3164335836594,4338.138967133773,54.0,0.10144833133620683,-2.048260462867125,0.10143699603540929,-2.055618217647913,0.017583183067157993,0.5983210124982277
315,44,57,472.0029937650396,4104.126300266757,454.3164335836594,4338.138967133773,54.0,0.10144833133620683,-2.6584706831309446,0.10143699603540929,-2.653142121658882,0.017583183067157993,0.4891403894290827
316,22,57,301.6304881357929,4156.037775497009,454.3164335836594,4338.138967133773,54.0,0.10144833133620683,-2.187180739778236,0.10143699603540929,-2.181631395281352,0.017583183067157993,0.6938280999712446
317,30,57,625.9985091941669,4344.425799606012,454.3164335836594,4338.138967133773,54.0,0.10144833133620683,-1.851551768304208,0.10143699603540929,-1.8534071533701904,0.017583183067157993,0.35696155956955433
318,67,57,614.1933123417826,4407.07660776138,454.3164335836594,4338.138967133773,54.0,0.10144833133620683,-1.6783496905970983,0.10143699603540929,-1.6797772690451183,0.017583183067157993,0.3520813248239459
319,68,57,607.5300941255965,4399.875364871049,454.3164335836594,4338.138967133773,54.0,0.10144833133620683,-1.5144264664588176,0.10143699603540929,-1.513891707319877,0.017583183067157993,0.33019338342937865
320,32,58,334.71484028241383,4482.861045979598,493.6928066659663,4597.231199427339,54.0,0.10144833133620683,-1.8373867234720767,0.10143699603540929,-1.8291671046009268,0.017583183067157993,0.6921082760729012
321,32,59,334.71484028241383,4482.861045979598,484.3679695761251,4575.18604113906,54.0,0.10144833133620683,-1.637485216033107,0.10143699603540929,-1.633844057338962,0.017583183067157993,0.6167600142624424
322,23,60,492.6610906216525,4339.6404706179,532.2627220778933,4557.589222026572,54.0,0.10144833133620683,-2.283716671846393,0.10143699603540929,-2.2831091961192027,0.017583183067157993,0.5664787423021846
323,30,60,625.9985091941669,4344.425799606012,532.2627220778933,4557.589222026572,54.0,0.10144833133620683,-2.279642115127268,0.10143699603540929,-2.2730756352399393,0.017583183067157993,0.6227673111433117
324,32,60,334.71484028241383,4482.861045979598,532.2627220778933,4557.589222026572,54.0,0.10144833133620683,-2.0256002279685568,0.10143699603540929,-2.0205219784451383,0.017583183067157993,0.73274637778767
325,56,60,677.3923123197425,4458.591690875839,532.2627220778933,4557.589222026572,54.0,0.10144833133620683,-1.7638120265994823,0.10143699603540929,-1.766995712470017,0.017583183067157993,0.5938706961933716
326,59,60,687.7533482500393,4462.8415205037,532.2627220778933,4557.589222026572,54.0,0.10144833133620683,-1.8055717743201576,0.10143699603540929,-1.8061429584429092,0.017583183067157993,0.635307931716137
327,57,60,688.226455777822,4457.521568699916,532.2627220778933,4557.589222026572,54.0,0.10144833133620683,-1.8687922414027924,0.10143699603540929,-1.8702172558947405,0.017583183067157993,0.6361231815876621
328,23,61,492.6610906216525,4339.6404706179,523.7563279528324,4473.568851454813,54.0,0.10144833133620683,-1.4607524952087967,0.10143699603540929,-1.4620660903001192,0.017583183067157993,0.3062254479255456
329,49,61,663.3163926639071,4436.617662823868,523.7563279528324,4473.568851454813,54.0,0.10144833133620683,-1.7216550003547617,0.10143699603540929,-1.7188594460177853,0.017583183067157993,0.3815014476498461
330,56,61,677.3923123197425,4458.591690875839,523.7563279528324,4473.568851454813,54.0,0.10144833133620683,-1.7971825953893195,0.10143699603540929,-1.7951376677426345,0.017583183067157993,0.41022058652648186
331,30,61,625.9985091941669,4344.425799606012,523.7563279528324,4473.568851454813,54.0,0.10144833133620683,-1.3771378458360808,0.10143699603540929,-1.3762360777462814,0.017583183067157993,0.34559791143478874
332,57,61,688.226455777822,4457.521568699916,523.7563279528324,4473.568851454813,54.0,0.10144833133620683,-1.9423741327172144,0.10143699603540929,-1.9396424523591587,0.017583183067157993,0.4462815694770802
333,59,61,687.7533482500393,4462.8415205037,523.7563279528324,4473.568851454813,54.0,0.10144833133620683,-1.9325112961312065,0.10143699603540929,-1.9298145027792575,0.017583183067157993,0.44389781447267285
334,34,61,645.8872104090177,4370.307858894735,523.7563279528324,4473.568851454813,54.0,0.10144833133620683,-1.5978325119742842,0.10143699603540929,-1.5986299730426956,0.017583183067157993,0.370755802386975
335,23,62,492.6610906216525,4339.6404706179,468.6871050542589,4480.412063966041,54.0,0.10144833133620683,-1.9118767669486183,0.10143699603540929,-1.915106453990906,0.017583183067157993,0.34149775199682997
336,30,62,625.9985091941669,4344.425799606012,468.6871050542589,4480.412063966041,54.0,0.10144833133620683,-1.9386772402463075,0.10143699603540929,-1.9353289001926066,0.017583183067157993,0.4673930523169493
337,32,62,334.71484028241383,4482.861045979598,468.6871050542589,4480.412063966041,54.0,0.10144833133620683,-1.5698514912936348,0.10143699603540929,-1.5634054192559694,0.017583183067157993,0.42731612470264985
338,32,63,334.71484028241383,4482.861045979598,409.3824134202946,4498.936102519641,54.0,0.10144833133620683,-0.7040246881300807,0.10143699603540929,-0.7023640671740523,0.017583183067157993,0.24750643506732445
339,23,63,492.6610906216525,4339.6404706179,409.3824134202946,4498.936102519641,54.0,0.10144833133620683,-1.9100782690546787,0.10143699603540929,-1.911624686986411,0.017583183067157993,0.46347722657414997
340,23,64,492.6610906216525,4339.6404706179,432.2908893266161,4514.445305024319,54.0,0.10144833133620683,-2.206582754606832,0.10143699603540929,-2.209841172317849,0.017583183067157993,0.4763565063677399
341,32,64,334.71484028241383,4482.861045979598,432.2908893266161,4514.445305024319,54.0,0.10144833133620683,-0.9326266273572361,0.10143699603540929,-0.9264666802937254,0.017583183067157993,0.33719220231744185
342,30,65,625.9985091941669,4344.425799606012,492.89260402339454,4537.916828260732,54.0,0.10144833133620683,-2.057771702023364,0.10143699603540929,-2.052586048134879,0.017583183067157993,0.566090167982375
343,23,65,492.6610906216525,4339.6404706179,492.89260402339454,4537.916828260732,54.0,0.10144833133620683,-2.709397961183361,0.10143699603540929,-2.714416985988881,0.017583183067157993,0.5271280081179851
344,56,65,677.3923123197425,4458.591690875839,492.89260402339454,4537.916828260732,54.0,0.10144833133620683,-2.0306160593731013,0.10143699603540929,-2.0307923873300684,0.017583183067157993,0.6520745846723228
345,32,65,334.71484028241383,4482.861045979598,492.89260402339454,4537.916828260732,54.0,0.10144833133620683,-1.6259310844260622,0.10143699603540929,-1.6237309792854617,0.017583183067157993,0.5704692490311616
346,32,66,334.71484028241383,4482.861045979598,442.1326126035325,4553.206528131934,54.0,0.10144833133620683,-1.200400668307609,0.10143699603540929,-1.1982491248066836,0.017583183067157993,0.4500160622270272
347,23,66,492.6610906216525,4339.6404706179,442.1326126035325,4553.206528131934,54.0,0.10144833133620683,-2.8242752004083185,0.10143699603540929,-2.8291963596401475,0.017583183067157993,0.6038142339732329
348,30,67,625.9985091941669,4344.425799606012,493.1570022965957,4505.480440009388,54.0,0.10144833133620683,-1.8594345163628516,0.10143699603540929,-1.859361747089639,0.017583183067157993,0.46975377992427325
349,32,67,334.71484028241383,4482.861045979598,493.1570022965957,4505.480440009388,54.0,0.10144833133620683,-1.8274038976198521,0.10143699603540929,-1.8252972297578784,0.017583183067157993,0.5227644571950343
350,23,67,492.6610906216525,4339.6404706179,493.1570022965957,4505.480440009388,54.0,0.10144833133620683,-2.3545845672842565,0.10143699603540929,-2.3568419807589045,0.017583183067157993,0.4191463508504497
351,57,67,688.226455777822,4457.521568699916,493.1570022965957,4505.480440009388,54.0,0.10144833133620683,-2.1048895715419116,0.10143699603540929,-2.0993714344966583,0.017583183067157993,0.5945144261203119
352,56,67,677.3923123197425,4458.591690875839,493.1570022965957,4505.480440009388,54.0,0.10144833133620683,-1.9752842814340907,0.10143699603540929,-1.9698818110542087,0.017583183067157993,0.5559212778302467
353,32,68,334.71484028241383,4482.861045979598,492.7167606133789,4597.298731191927,54.0,0.10144833133620683,-1.8318023204229117,0.10143699603540929,-1.8233776208591745,0.017583183067157993,0.6896305914523939
354,67,69,614.1933123417826,4407.07660776138,499.1284447513814,4564.733863047741,54.0,0.10144833133620683,-2.0260231519490426,0.10143699603540929,-2.0159047821098066,0.017583183067157993,0.5761046738403699
355,32,69,334.71484028241383,4482.861045979598,499.1284447513814,4564.733863047741,54.0,0.10144833133620683,-1.6777436598547841,0.10143699603540929,-1.6737236856173194,0.017583183067157993,0.6429145004459649
356,56,69,677.3923123197425,4458.591690875839,499.1284447513814,4564.733863047741,54.0,0.10144833133620683,-2.1067855531588067,0.10143699603540929,-2.1088770582050986,0.017583183067157993,0.6990815642950532
357,49,70,663.3163926639071,4436.617662823868,508.7065167837801,4522.821433130314,54.0,0.10144833133620683,-1.9640115592633696,0.10143699603540929,-1.9538185681163944,0.017583183067157993,0.5280547185193691
358,23,70,492.6610906216525,4339.6404706179,508.7065167837801,4522.821433130314,54.0,0.10144833133620683,-2.231199479554432,0.10143699603540929,-2.23225631564792,0.017583183067157993,0.4452704755017892
359,68,70,607.5300941255965,4399.875364871049,508.7065167837801,4522.821433130314,54.0,0.10144833133620683,-1.4863223230640967,0.10143699603540929,-1.47950560745749,0.017583183067157993,0.4047208493899236
360,32,70,334.71484028241383,4482.861045979598,508.7065167837801,4522.821433130314,54.0,0.10144833133620683,-1.9062068222322262,0.10143699603540929,-1.9035721143793944,0.017583183067157993,0.590777903838765
361,30,70,625.9985091941669,4344.425799606012,508.7065167837801,4522.821433130314,54.0,0.10144833133620683,-1.8440343740131608,0.10143699603540929,-1.8369007108178952,0.017583183067157993,0.4999762979715636
362,67,70,614.1933123417826,4407.07660776138,508.7065167837801,4522.821433130314,54.0,0.10144833133620683,-1.5914575296132223,0.10143699603540929,-1.584607959305541,0.017583183067157993,0.4147039750183279
363,57,70,688.226455777822,4457.521568699916,508.7065167837801,4522.821433130314,54.0,0.10144833133620683,-1.9435929026401306,0.10143699603540929,-1.9430607807382574,0.017583183067157993,0.6057718356737176
364,56,70,677.3923123197425,4458.591690875839,508.7065167837801,4522.821433130314,54.0,0.10144833133620683,-1.8259969916034504,0.10143699603540929,-1.8249127201394035,0.017583183067157993,0.5643604339438439
365,68,71,607.5300941255965,4399.875364871049,531.4531433032308,4535.094421349946,54.0,0.10144833133620683,-1.5725374875258444,0.10143699603540929,-1.5676119763101555,0.017583183067157993,0.42245857586617236
366,67,71,614.1933123417826,4407.07660776138,531.4531433032308,4535.094421349946,54.0,0.10144833133620683,-1.6128957222858407,0.10143699603540929,-1.6083640205682919,0.017583183067157993,0.4298858031468061
367,49,71,663.3163926639071,4436.617662823868,531.4531433032308,4535.094421349946,54.0,0.10144833133620683,-1.8104649203914396,0.10143699603540929,-1.8071760581334861,0.017583183067157993,0.5239887874716183
368,32,71,334.71484028241383,4482.861045979598,531.4531433032308,4535.094421349946,54.0,0.10144833133620683,-2.127627710107741,0.10143699603540929,-2.121237506325268,0.017583183067157993,0.6843419230801515
369,23,71,492.6610906216525,4339.6404706179,531.4531433032308,4535.094421349946,54.0,0.10144833133620683,-2.0371517185623738,0.10143699603540929,-2.0385417864286586,0.017583183067157993,0.48959598781878466
370,30,71,625.9985091941669,4344.425799606012,531.4531433032308,4535.094421349946,54.0,0.10144833133620683,-2.0170185848548976,0.10143699603540929,-2.009752178400864,0.017583183067157993,0.5355690768507436
371,56,71,677.3923123197425,4458.591690875839,531.4531433032308,4535.094421349946,54.0,0.10144833133620683,-1.6895361248996414,0.10143699603540929,-1.6959498044630774,0.017583183067157993,0.5385934680652147
372,59,71,687.7533482500393,4462.8415205037,531.4531433032308,4535.094421349946,54.0,0.10144833133620683,-1.7457766334984695,0.10143699603540929,-1.7515202329043233,0.017583183067157993,0.5810065431249151
373,23,72,492.6610906216525,4339.6404706179,417.5417981826776,4510.920120596271,54.0,0.10144833133620683,-2.083166120362809,0.10143699603540929,-2.0834846530585533,0.017583183067157993,0.48197871877778553
374,32,72,334.71484028241383,4482.861045979598,417.5417981826776,4510.920120596271,54.0,0.10144833133620683,-0.7730107759452527,0.10143699603540929,-0.7685652137870288,0.017583183067157993,0.28839444798474245
375,67,73,614.1933123417826,4407.07660776138,441.93857113184015,4512.542727438793,54.0,0.10144833133620683,-2.322387869576783,0.10143699603540929,-2.319895647664206,0.017583183067157993,0.5340930014179743
376,23,73,492.6610906216525,4339.6404706179,441.93857113184015,4512.542727438793,54.0,0.10144833133620683,-2.226050405809026,0.10143699603540929,-2.230921938338084,0.017583183067157993,0.4586631720791767
377,32,73,334.71484028241383,4482.861045979598,441.93857113184015,4512.542727438793,54.0,0.10144833133620683,-1.0425299632537155,0.10143699603540929,-1.0358605638800797,0.017583183067157993,0.3630669781045114
378,30,73,625.9985091941669,4344.425799606012,441.93857113184015,4512.542727438793,54.0,0.10144833133620683,-2.61044194380442,0.10143699603540929,-2.604206329807104,0.017583183067157993,0.6053862221463825
379,67,74,614.1933123417826,4407.07660776138,445.0125303850925,4496.766849919227,54.0,0.10144833133620683,-2.1856614785000668,0.10143699603540929,-2.181600697858846,0.017583183067157993,0.4856219967689485
380,23,74,492.6610906216525,4339.6404706179,445.0125303850925,4496.766849919227,54.0,0.10144833133620683,-2.003654430047025,0.10143699603540929,-2.0093719104781167,0.017583183067157993,0.40535188292901664
381,30,74,625.9985091941669,4344.425799606012,445.0125303850925,4496.766849919227,54.0,0.10144833133620683,-2.3936589353046447,0.10143699603540929,-2.3880723255669554,0.017583183067157993,0.5523713037666137
382,32,74,334.71484028241383,4482.861045979598,445.0125303850925,4496.766849919227,54.0,0.10144833133620683,-1.1644518993054973,0.10143699603540929,-1.1599688301377373,0.017583183067157993,0.3579504650665095
383,23,75,492.6610906216525,4339.6404706179,471.62633083117146,4495.418984338536,54.0,0.10144833133620683,-2.270631516911809,0.10143699603540929,-2.2731217004081827,0.017583183067157993,0.3874505272023137
384,30,75,625.9985091941669,4344.425799606012,471.62633083117146,4495.418984338536,54.0,0.10144833133620683,-2.121733417859117,0.10143699603540929,-2.1151395793155032,0.017583183067157993,0.5004507428395452
385,32,75,334.71484028241383,4482.861045979598,471.62633083117146,4495.418984338536,54.0,0.10144833133620683,-1.6303954768933062,0.10143699603540929,-1.6236994617766585,0.017583183067157993,0.4379847699777169
386,49,76,663.3163926639071,4436.617662823868,499.5768344061536,4492.134792576995,54.0,0.10144833133620683,-1.9978034596200518,0.10143699603540929,-1.9945497083228743,0.017583183067157993,0.47178091939850164
387,56,76,677.3923123197425,4458.591690875839,499.5768344061536,4492.134792576995,54.0,0.10144833133620683,-1.9669714467793378,0.10143699603540929,-1.9620391043732028,0.017583183067157993,0.5093440804860759
388,23,76,492.6610906216525,4339.6404706179,499.5768344061536,4492.134792576995,54.0,0.10144833133620683,-2.166445830504487,0.10143699603540929,-2.169030822556666,0.017583183067157993,0.3767627308136526
389,30,76,625.9985091941669,4344.425799606012,499.5768344061536,4492.134792576995,54.0,0.10144833133620683,-1.6924748843865862,0.10143699603540929,-1.6911431628628564,0.017583183067157993,0.4265273638057032
390,32,76,334.71484028241383,4482.861045979598,499.5768344061536,4492.134792576995,54.0,0.10144833133620683,-2.07934242422642,0.10143699603540929,-2.070010214870064,0.017583183067157993,0.5244735435841106
391,67,76,614.1933123417826,4407.07660776138,499.5768344061536,4492.134792576995,54.0,0.10144833133620683,-1.3882536722338306,0.10143699603540929,-1.3913583570597265,0.017583183067157993,0.33909027837166167
392,68,76,607.5300941255965,4399.875364871049,499.5768344061536,4492.134792576995,54.0,0.10144833133620683,-1.2839038005882675,0.10143699603540929,-1.2866070523200075,0.017583183067157993,0.32842221979408726
393,57,76,688.226455777822,4457.521568699916,499.5768344061536,4492.134792576995,54.0,0.10144833133620683,-2.098899013540443,0.10143699603540929,-2.0931592000185533,0.017583183067157993,0.5464226112092403
394,68,77,607.5300941255965,4399.875364871049,513.0918490821646,4492.656885412151,54.0,0.10144833133620683,-1.2000690744558271,0.10143699603540929,-1.2014135727663833,0.017583183067157993,0.30888517298252244
395,57,77,688.226455777822,4457.521568699916,513.0918490821646,4492.656885412151,54.0,0.10144833133620683,-1.9233806730741854,0.10143699603540929,-1.916871666651347,0.017583183067157993,0.5145311726574644
396,34,77,645.8872104090177,4370.307858894735,513.0918490821646,4492.656885412151,54.0,0.10144833133620683,-1.8535192725884515,0.10143699603540929,-1.853819904542764,0.017583183067157993,0.4355113957506308
397,49,77,663.3163926639071,4436.617662823868,513.0918490821646,4492.656885412151,54.0,0.10144833133620683,-1.8668607070981484,0.10143699603540929,-1.8625144204839768,0.017583183067157993,0.4431444172335835
398,32,77,334.71484028241383,4482.861045979598,513.0918490821646,4492.656885412151,54.0,0.10144833133620683,-2.217138611654905,0.10143699603540929,-2.208409141016632,0.017583183067157993,0.5607711710710434
399,30,77,625.9985091941669,4344.425799606012,513.0918490821646,4492.656885412151,54.0,0.10144833133620683,-1.5857750801440713,0.10143699603540929,-1.5860393282933336,0.017583183067157993,0.40371045068647426
400,56,77,677.3923123197425,4458.591690875839,513.0918490821646,4492.656885412151,54.0,0.10144833133620683,-1.7914598063899796,0.10143699603540929,-1.7855323787313329,0.017583183067157993,0.4772210841918351
401,23,77,492.6610906216525,4339.6404706179,513.0918490821646,4492.656885412151,54.0,0.10144833133620683,-1.7175721133260085,0.10143699603540929,-1.7229597422662937,0.017583183067157993,0.35213734845329725
402,67,77,614.1933123417826,4407.07660776138,513.0918490821646,4492.656885412151,54.0,0.10144833133620683,-1.301454673779558,0.10143699603540929,-1.3023313427883572,0.017583183067157993,0.3201333767892318
403,69,77,685.3230867940251,4391.141433827922,513.0918490821646,4492.656885412151,54.0,0.10144833133620683,-2.44896422949952,0.10143699603540929,-2.4461630934714305,0.017583183067157993,0.5688687602869915
404,68,78,607.5300941255965,4399.875364871049,537.6705968009035,4492.163362940774,54.0,0.10144833133620683,-1.1412719922940604,0.10143699603540929,-1.138484976685308,0.017583183067157993,0.2846334443359959
405,57,78,688.226455777822,4457.521568699916,537.6705968009035,4492.163362940774,54.0,0.10144833133620683,-1.687861429634503,0.10143699603540929,-1.683543137048372,0.017583183067157993,0.45630948424939516
406,56,78,677.3923123197425,4458.591690875839,537.6705968009035,4492.163362940774,54.0,0.10144833133620683,-1.5549315864578075,0.10143699603540929,-1.5507657212910233,0.017583183067157993,0.41870242251995515
407,32,78,334.71484028241383,4482.861045979598,537.6705968009035,4492.163362940774,54.0,0.10144833133620683,-2.4160135829004536,0.10143699603540929,-2.4069642981224906,0.017583183067157993,0.6264219806445256
408,69,78,685.3230867940251,4391.141433827922,537.6705968009035,4492.163362940774,54.0,0.10144833133620683,-2.289026804500007,0.10143699603540929,-2.285321291731428,0.017583183067157993,0.5286043145804418
409,59,78,687.7533482500393,4462.8415205037,537.6705968009035,4492.163362940774,54.0,0.10144833133620683,-1.6212338431595097,0.10143699603540929,-1.6192097536996752,0.017583183067157993,0.4594694072934353
410,67,78,614.1933123417826,4407.07660776138,537.6705968009035,4492.163362940774,54.0,0.10144833133620683,-1.2263163327066564,0.10143699603540929,-1.223906019770795,0.017583183067157993,0.2904635353166969
411,34,78,645.8872104090177,4370.307858894735,537.6705968009035,4492.163362940774,54.0,0.10144833133620683,-1.8595793678550154,0.10143699603540929,-1.8566646622285943,0.017583183067157993,0.4135054036628364
412,23,78,492.6610906216525,4339.6404706179,537.6705968009035,4492.163362940774,54.0,0.10144833133620683,-1.5020978471297801,0.10143699603540929,-1.502916935691961,0.017583183067157993,0.34794954222834384
413,49,78,663.3163926639071,4436.617662823868,537.6705968009035,4492.163362940774,54.0,0.10144833133620683,-1.6776632030009262,0.10143699603540929,-1.6724706125045126,0.017583183067157993,0.3912038042690844
414,30,78,625.9985091941669,4344.425799606012,537.6705968009035,4492.163362940774,54.0,0.10144833133620683,-1.5261776110445355,0.10143699603540929,-1.521874295224636,0.017583183067157993,0.38902411333601555
415,23,79,492.6610906216525,4339.6404706179,438.40901748778265,4488.9257188186375,54.0,0.10144833133620683,-1.8585521726353735,0.10143699603540929,-1.8637039977826355,0.017583183067157993,0.3915658797354636
416,30,79,625.9985091941669,4344.425799606012,438.40901748778265,4488.9257188186375,54.0,0.10144833133620683,-2.2823238945059274,0.10143699603540929,-2.276098014909638,0.017583183067157993,0.5513041660013678
417,32,79,334.71484028241383,4482.861045979598,438.40901748778265,4488.9257188186375,54.0,0.10144833133620683,-1.0635765587720067,0.10143699603540929,-1.0598876042379808,0.017583183067157993,0.33532930593964877
418,67,79,614.1933123417826,4407.07660776138,438.40901748778265,4488.9257188186375,54.0,0.10144833133620683,-2.0762036843763947,0.10143699603540929,-2.072851160439177,0.017583183067157993,0.48463601126094663
419,23,80,492.6610906216525,4339.6404706179,462.4116040953599,4481.584286994828,54.0,0.10144833133620683,-1.8963682163834634,0.10143699603540929,-1.9015310477872456,0.017583183067157993,0.3502502836552399
420,67,80,614.1933123417826,4407.07660776138,462.4116040953599,4481.584286994828,54.0,0.10144833133620683,-1.7530561984004314,0.10143699603540929,-1.7517133971995622,0.017583183067157993,0.4132545332956626
421,30,80,625.9985091941669,4344.425799606012,462.4116040953599,4481.584286994828,54.0,0.10144833133620683,-1.9900379926189469,0.10143699603540929,-1.986502210583544,0.017583183067157993,0.4815868441963756
422,32,80,334.71484028241383,4482.861045979598,462.4116040953599,4481.584286994828,54.0,0.10144833133620683,-1.4543118122970178,0.10143699603540929,-1.4483430145159049,0.017583183067157993,0.4082280669402903
423,67,81,614.1933123417826,4407.07660776138,507.8253002981468,4479.085241861512,54.0,0.10144833133620683,-1.2290990097696568,0.10143699603540929,-1.2311007762366666,0.017583183067157993,0.29918146577378485
424,32,81,334.71484028241383,4482.861045979598,507.8253002981468,4479.085241861512,54.0,0.10144833133620683,-2.161613356091392,0.10143699603540929,-2.152636547578968,0.017583183067157993,0.5459979417631642
425,68,81,607.5300941255965,4399.875364871049,507.8253002981468,4479.085241861512,54.0,0.10144833133620683,-1.1311968614006196,0.10143699603540929,-1.132161261321251,0.017583183067157993,0.289271996500037
426,69,81,685.3230867940251,4391.141433827922,507.8253002981468,4479.085241861512,54.0,0.10144833133620683,-2.4364919744439875,0.10143699603540929,-2.4373095725128624,0.017583183067157993,0.5395658747933778
427,23,81,492.6610906216525,4339.6404706179,507.8253002981468,4479.085241861512,54.0,0.10144833133620683,-1.65571471974097,0.10143699603540929,-1.6604221859913195,0.017583183067157993,0.31566935518314054
428,49,81,663.3163926639071,4436.617662823868,507.8253002981468,4479.085241861512,54.0,0.10144833133620683,-1.8885526267681416,0.10143699603540929,-1.886636329825386,0.017583183067157993,0.4260808110508041
429,34,81,645.8872104090177,4370.307858894735,507.8253002981468,4479.085241861512,54.0,0.10144833133620683,-1.723930395201293,0.10143699603540929,-1.7237558264998132,0.017583183067157993,0.4109409354716189
430,56,81,677.3923123197425,4458.591690875839,507.8253002981468,4479.085241861512,54.0,0.10144833133620683,-1.9547110825978788,0.10143699603540929,-1.9517346093942693,0.017583183067157993,0.46311586665325244
431,59,81,687.7533482500393,4462.8415205037,507.8253002981468,4479.085241861512,54.0,0.10144833133620683,-2.0839589417359723,0.10143699603540929,-2.079338674412852,0.017583183067157993,0.5019395635873205
432,30,81,625.9985091941669,4344.425799606012,507.8253002981468,4479.085241861512,54.0,0.10144833133620683,-1.544656029483116,0.10143699603540929,-1.54216340663392,0.017583183067157993,0.3865653854187266
433,57,81,688.226455777822,4457.521568699916,507.8253002981468,4479.085241861512,54.0,0.10144833133620683,-2.0999404803144865,0.10143699603540929,-2.09623521538014,0.017583183067157993,0.4994174576991838
434,67,82,614.1933123417826,4407.07660776138,528.6107835631166,4477.670618395726,54.0,0.10144833133620683,-1.1022974556549636,0.10143699603540929,-1.1031584433628614,0.017583183067157993,0.2611509703274588
435,32,82,334.71484028241383,4482.861045979598,528.6107835631166,4477.670618395726,54.0,0.10144833133620683,-2.356794535492119,0.10143699603540929,-2.3484002947148945,0.017583183067157993,0.6016447391185663
436,59,82,687.7533482500393,4462.8415205037,528.6107835631166,4477.670618395726,54.0,0.10144833133620683,-1.8871049005858003,0.10143699603540929,-1.881795936345154,0.017583183067157993,0.4475547976748288
437,68,82,607.5300941255965,4399.875364871049,528.6107835631166,4477.670618395726,54.0,0.10144833133620683,-1.0057418409626886,0.10143699603540929,-1.0065785920912629,0.017583183067157993,0.2520078136834627
438,34,82,645.8872104090177,4370.307858894735,528.6107835631166,4477.670618395726,54.0,0.10144833133620683,-1.651876159914659,0.10143699603540929,-1.6518686870111876,0.017583183067157993,0.37694067323834124
439,30,82,625.9985091941669,4344.425799606012,528.6107835631166,4477.670618395726,54.0,0.10144833133620683,-1.387478194979686,0.10143699603540929,-1.3868675587576142,0.017583183067157993,0.34978790231436224
440,57,82,688.226455777822,4457.521568699916,528.6107835631166,4477.670618395726,54.0,0.10144833133620683,-1.9014254267249155,0.10143699603540929,-1.8962775027376935,0.017583183067157993,0.44792087625848975
441,56,82,677.3923123197425,4458.591690875839,528.6107835631166,4477.670618395726,54.0,0.10144833133620683,-1.7564233709244021,0.10143699603540929,-1.7519972275067222,0.017583183067157993,0.4116952888201813
442,23,82,492.6610906216525,4339.6404706179,528.6107835631166,4477.670618395726,54.0,0.10144833133620683,-1.454646491574472,0.10143699603540929,-1.4559978898084618,0.017583183067157993,0.31287291067946554
443,49,82,663.3163926639071,4436.617662823868,528.6107835631166,4477.670618395726,54.0,0.10144833133620683,-1.696014026082775,0.10143699603540929,-1.6927959539253028,0.017583183067157993,0.37920041763006335
444,67,83,614.1933123417826,4407.07660776138,501.2323511637488,4460.633465574921,54.0,0.10144833133620683,-1.1498627309029166,0.10143699603540929,-1.1488759305611198,0.017583183067157993,0.28516313766508494
445,68,83,607.5300941255965,4399.875364871049,501.2323511637488,4460.633465574921,54.0,0.10144833133620683,-1.0989565302482684,0.10143699603540929,-1.097849047919291,0.017583183067157993,0.27613784458452434
446,34,83,645.8872104090177,4370.307858894735,501.2323511637488,4460.633465574921,54.0,0.10144833133620683,-1.6393317586465435,0.10143699603540929,-1.6363837841271698,0.017583183067157993,0.3936864232095266
447,32,83,334.71484028241383,4482.861045979598,501.2323511637488,4460.633465574921,54.0,0.10144833133620683,-1.467054752881163,0.10143699603540929,-1.4617910701382195,0.017583183067157993,0.5027356659696325
448,57,83,688.226455777822,4457.521568699916,501.2323511637488,4460.633465574921,54.0,0.10144833133620683,-2.1677134159111064,0.10143699603540929,-2.163930942177116,0.017583183067157993,0.504897820970989
449,56,83,677.3923123197425,4458.591690875839,501.2323511637488,4460.633465574921,54.0,0.10144833133620683,-2.022849123318866,0.10143699603540929,-2.0197501186106694,0.017583183067157993,0.4689295134592349
450,23,83,492.6610906216525,4339.6404706179,501.2323511637488,4460.633465574921,54.0,0.10144833133620683,-1.6908860395508585,0.10143699603540929,-1.6940176552511466,0.017583183067157993,0.27759094336826445
451,30,83,625.9985091941669,4344.425799606012,501.2323511637488,4460.633465574921,54.0,0.10144833133620683,-1.4629093229006813,0.10143699603540929,-1.4590180354412312,0.017583183067157993,0.36265776943785255
452,16,83,513.1636048475955,4263.301540421994,501.2323511637488,4460.633465574921,54.0,0.10144833133620683,-1.8410623393870789,0.10143699603540929,-1.8390747555128422,0.017583183067157993,0.41278407449071397
453,49,83,663.3163926639071,4436.617662823868,501.2323511637488,4460.633465574921,54.0,0.10144833133620683,-1.9400541827211082,0.10143699603540929,-1.9354283002360422,0.017583183067157993,0.42193204235327353
454,59,83,687.7533482500393,4462.8415205037,501.2323511637488,4460.633465574921,54.0,0.10144833133620683,-2.162555262247345,0.10143699603540929,-2.1588005957228655,0.017583183067157993,0.5035991574135688
455,10,84,331.5278665142546,3788.394860859632,438.2680378591523,3890.741886506603,54.0,0.10144833133620683,-1.7431409318865612,0.10143699603540929,-1.7408805143067951,0.017583183067157993,0.5210912147315715
456,44,84,482.2902751987267,4093.226876078621,438.2680378591523,3890.741886506603,54.0,0.10144833133620683,-2.7371650836709236,0.10143699603540929,-2.739828950649571,0.017583183067157993,0.5333452400144534
457,13,84,350.3727630331359,3756.461999998863,438.2680378591523,3890.741886506603,54.0,0.10144833133620683,-1.7150724011052656,0.10143699603540929,-1.7098575434618857,0.017583183067157993,0.589048709868537
458,39,84,491.6009153175041,3965.873607703836,438.2680378591523,3890.741886506603,54.0,0.10144833133620683,-1.1458646760154907,0.10143699603540929,-1.1494970350298759,0.017583183067157993,0.30009188869202597
459,5,85,328.01618259779593,3866.898866582476,399.3173244151503,3863.428141230935,54.0,0.10144833133620683,-0.9253818830732224,0.10143699603540929,-0.9282147264411019,0.017583183067157993,0.23690456528774667
460,12,85,339.7794838460253,3807.442051326752,399.3173244151503,3863.428141230935,54.0,0.10144833133620683,-0.9948531697777802,0.10143699603540929,-0.9994391495300505,0.017583183067157993,0.29242644141005175
461,25,85,278.7601371768536,3840.6549618706185,399.3173244151503,3863.428141230935,54.0,0.10144833133620683,-1.4703553053900904,0.10143699603540929,-1.4714503623326496,0.017583183067157993,0.3844462068076383
462,38,85,292.2609771757026,3909.816818957042,399.3173244151503,3863.428141230935,54.0,0.10144833133620683,-1.3436015949862317,0.10143699603540929,-1.3515447987761005,0.017583183067157993,0.338792181906454
463,13,85,350.3727630331359,3756.461999998863,399.3173244151503,3863.428141230935,54.0,0.10144833133620683,-1.2940353793491703,0.10143699603540929,-1.2947998281733804,0.017583183067157993,0.42448622298364364
464,66,86,493.8518825171933,3956.000689079267,483.9940430056478,3954.482440948912,54.0,0.10144833133620683,-0.2033958453835885,0.10143699603540929,-0.20371256741861435,0.017583183067157993,0.04382185196044184
465,19,86,309.4846467710166,4112.556925703692,483.9940430056478,3954.482440948912,54.0,0.10144833133620683,-2.3825644451494936,0.10143699603540929,-2.379197932189885,0.017583183067157993,0.5803881540387202
466,36,86,587.79522063936,3965.30735379632,483.9940430056478,3954.482440948912,54.0,0.10144833133620683,-1.2870201464990454,0.10143699603540929,-1.2786312038138665,0.017583183067157993,0.33467612572735916
467,44,86,482.2902751987267,4093.226876078621,483.9940430056478,3954.482440948912,54.0,0.10144833133620683,-1.5820063940529419,0.10143699603540929,-1.5820484089020768,0.017583183067157993,0.31311377052577705
468,48,86,542.8497150079456,3957.433060143872,483.9940430056478,3954.482440948912,54.0,0.10144833133620683,-0.8564701900471006,0.10143699603540929,-0.8521790261740667,0.017583183067157993,0.19243816892809149
469,41,86,461.8106926932424,4070.996636995212,483.9940430056478,3954.482440948912,54.0,0.10144833133620683,-1.182453206406479,0.10143699603540929,-1.1808109735699053,0.017583183067157993,0.2505322778868727
470,39,86,491.6009153175041,3965.873607703836,483.9940430056478,3954.482440948912,54.0,0.10144833133620683,-0.19061348662072933,0.10143699603540929,-0.19091030434221243,0.017583183067157993,0.041067879123116276
471,62,86,438.3970135664206,3912.290557700556,483.9940430056478,3954.482440948912,54.0,0.10144833133620683,-0.8585892400330528,0.10143699603540929,-0.8631914850413903,0.017583183067157993,0.21122297443816634
472,44,87,482.2902751987267,4093.226876078621,405.70298123725416,3888.881550381844,54.0,0.10144833133620683,-2.653903597798313,0.10143699603540929,-2.6507967028237505,0.017583183067157993,0.5679466689282747
473,38,87,292.2609771757026,3909.816818957042,405.70298123725416,3888.881550381844,54.0,0.10144833133620683,-1.201367734382587,0.10143699603540929,-1.2019699488258315,0.017583183067157993,0.3386369417789204
474,66,87,493.8518825171933,3956.000689079267,405.70298123725416,3888.881550381844,54.0,0.10144833133620683,-1.390898350631764,0.10143699603540929,-1.3962268494481573,0.017583183067157993,0.3677873798959372
475,62,87,438.3970135664206,3912.290557700556,405.70298123725416,3888.881550381844,54.0,0.10144833133620683,-0.5348496819201447,0.10143699603540929,-0.5350053962749167,0.017583183067157993,0.15525811595492764
476,25,87,278.7601371768536,3840.6549618706185,405.70298123725416,3888.881550381844,54.0,0.10144833133620683,-1.5769508776947976,0.10143699603540929,-1.5753310208660625,0.017583183067157993,0.40964894819954323
477,63,87,316.49031405012005,3929.154743051912,405.70298123725416,3888.881550381844,54.0,0.10144833133620683,-1.1428144107585922,0.10143699603540929,-1.1387681624156984,0.017583183067157993,0.31030520220060887
478,66,88,493.8518825171933,3956.000689079267,439.8810999468909,3892.2504618222415,54.0,0.10144833133620683,-1.0578884238282134,0.10143699603540929,-1.0623357648645713,0.017583183067157993,0.29127846301118165
479,62,88,438.3970135664206,3912.290557700556,439.8810999468909,3892.2504618222415,54.0,0.10144833133620683,-0.3563339496572451,0.10143699603540929,-0.35587093199259745,0.017583183067157993,0.10156422677475938
480,44,88,482.2902751987267,4093.226876078621,439.8810999468909,3892.2504618222415,54.0,0.10144833133620683,-2.719125430421969,0.10143699603540929,-2.721989330633153,0.017583183067157993,0.527842426609512
481,44,89,482.2902751987267,4093.226876078621,417.93323151559457,3883.194833483968,54.0,0.10144833133620683,-2.8099015556808977,0.10143699603540929,-2.8110775595994575,0.017583183067157993,0.5676012443030785
482,14,90,-191.8510249122208,3920.732064928668,-211.8566308583572,3780.2278417033567,54.0,0.10144833133620683,-1.5789072504116448,0.10143699603540929,-1.5742386715904109,0.017583183067157993,0.4145390881186031
483,14,91,-191.8510249122208,3920.732064928668,-232.50749778238068,3782.3671187936193,54.0,0.10144833133620683,-1.6472134552375297,0.10143699603540929,-1.644830353176757,0.017583183067157993,0.41259109140134853
484,3,91,-366.6419945922364,3850.319998086217,-232.50749778238068,3782.3671187936193,54.0,0.10144833133620683,-1.8119123247038744,0.10143699603540929,-1.8074075039772668,0.017583183067157993,0.49006375190276324
485,14,92,-191.8510249122208,3920.732064928668,-249.434903675779,3769.226507874873,54.0,0.10144833133620683,-1.8717532332688454,0.10143699603540929,-1.8721009050548256,0.017583183067157993,0.4705163627532882
486,14,93,-191.8510249122208,3920.732064928668,-242.0482437829181,3751.134167359726,54.0,0.10144833133620683,-2.041399282249896,0.10143699603540929,-2.0392544370743,0.017583183067157993,0.5210029062178294
487,14,94,-191.8510249122208,3920.732064928668,-266.50826610237664,3773.10118133424,54.0,0.10144833133620683,-1.8479674935471944,0.10143699603540929,-1.8465107233705675,0.017583183067157993,0.48536746464853286
488,3,94,-366.6419945922364,3850.319998086217,-266.50826610237664,3773.10118133424,54.0,0.10144833133620683,-1.464167832266438,0.10143699603540929,-1.4672067497064716,0.017583183067157993,0.42267294373712494
489,14,95,-191.8510249122208,3920.732064928668,-261.851117436295,3751.731866216136,54.0,0.10144833133620683,-2.131250639226691,0.10143699603540929,-2.1318363527810416,0.017583183067157993,0.5444792046986944
490,14,96,-191.8510249122208,3920.732064928668,-273.54552490604937,3732.368951402428,54.0,0.10144833133620683,-2.366107570721517,0.10143699603540929,-2.363781535216276,0.017583183067157993,0.6311253242417458
491,14,97,-191.8510249122208,3920.732064928668,-286.40547055304944,3707.690202627389,54.0,0.10144833133620683,-2.6527789853139296,0.10143699603540929,-2.6472934380539686,0.017583183067157993,0.7484480117445105
492,0,98,-365.9515667162114,3575.364210182562,-295.27916453833205,3677.430347998145,54.0,0.10144833133620683,-1.2958615335245796,0.10143699603540929,-1.2855346671791699,0.017583183067157993,0.4729978442951942
493,14,99,-191.8510249122208,3920.732064928668,-180.1634550721395,3777.199243510129,54.0,0.10144833133620683,-1.5239352014506349,0.10143699603540929,-1.5174044350314877,0.017583183067157993,0.43836674151099
494,14,100,-191.8510249122208,3920.732064928668,-234.43386839926305,3779.796387654249,54.0,0.10144833133620683,-1.6898937587229763,0.10143699603540929,-1.6880781525864448,0.017583183067157993,0.42252144885219206
495,14,101,-191.8510249122208,3920.732064928668,-260.50809694938306,3760.451821500796,54.0,0.10144833133620683,-2.011121896208211,0.10143699603540929,-2.010789288728002,0.017583183067157993,0.515195809805347
496,14,102,-191.8510249122208,3920.732064928668,-264.3272909714222,3718.592099740594,54.0,0.10144833133620683,-2.4696827630441867,0.10143699603540929,-2.467798282950922,0.017583183067157993,0.6686186783654742
497,14,103,-191.8510249122208,3920.732064928668,-267.51083232093475,3737.598467303164,54.0,0.10144833133620683,-2.300326054965238,0.10143699603540929,-2.299393669940287,0.017583183067157993,0.6027890926242725
498,14,104,-191.8510249122208,3920.732064928668,-243.5468369526614,3739.808061808414,54.0,0.10144833133620683,-2.158964997993755,0.10143699603540929,-2.154097200533322,0.017583183067157993,0.5636934299615697
499,46,105,-260.0556528336838,3915.584287356416,-232.63202339448617,3812.066692082,54.0,0.10144833133620683,-1.1856801879807182,0.10143699603540929,-1.1863951855151458,0.017583183067157993,0.29823523750596226
500,9,106,9.936533141897351,4088.226647492491,64.52109444086341,4019.163586406923,54.0,0.10144833133620683,-0.8741073561401411,0.10143699603540929,-0.8755476165392202,0.017583183067157993,0.27052793673985237
501,9,107,9.936533141897351,4088.226647492491,50.64002016635105,3999.750500246569,54.0,0.10144833133620683,-1.0924034712397372,0.10143699603540929,-1.088728691227305,0.017583183067157993,0.30981897638088424
502,9,108,9.936533141897351,4088.226647492491,64.39756801276334,3984.373306734942,54.0,0.10144833133620683,-1.3309202457647333,0.10143699603540929,-1.3292795199542828,0.017583183067157993,0.3732620965067189
503,9,109,9.936533141897351,4088.226647492491,65.97166449095862,3969.425317258588,54.0,0.10144833133620683,-1.5498017873200316,0.10143699603540929,-1.5479967539870179,0.017583183067157993,0.42652999753861004
504,9,110,9.936533141897351,4088.226647492491,109.02350281496352,3982.61103169607,54.0,0.10144833133620683,-1.5557740555223254,0.10143699603540929,-1.5612336673803096,0.017583183067157993,0.455038549022403
505,25,110,264.330530090726,3842.899620060988,109.02350281496352,3982.61103169607,54.0,0.10144833133620683,-2.140846869862885,0.10143699603540929,-2.1477053282510483,0.017583183067157993,0.5335941300338454
506,28,110,181.0656949265822,4007.0767963031503,109.02350281496352,3982.61103169607,54.0,0.10144833133620683,-0.934490008591915,0.10143699603540929,-0.9400765666566536,0.017583183067157993,0.2098696689456073
507,21,111,103.34699834515416,4117.964937310308,82.325137979417,4004.513518976007,54.0,0.10144833133620683,-0.9750353453743329,0.10143699603540929,-0.9731772701690296,0.017583183067157993,0.33512285164472366
508,9,111,9.936533141897351,4088.226647492491,82.325137979417,4004.513518976007,54.0,0.10144833133620683,-1.1231030845063057,0.10143699603540929,-1.1255169365130098,0.017583183067157993,0.3430900547563982
509,14,112,-191.2861040228232,3920.912450661129,53.90910149208794,3989.530166634408,54.0,0.10144833133620683,-3.0103965850837806,0.10143699603540929,-3.0008743133658418,0.017583183067157993,0.8396265227489501
510,9,112,9.936533141897351,4088.226647492491,53.90910149208794,3989.530166634408,54.0,0.10144833133620683,-1.2410581283537363,0.10143699603540929,-1.237581230433656,0.017583183067157993,0.3468288845609067
511,9,113,9.936533141897351,4088.226647492491,111.96084943887492,3986.0180498356895,54.0,0.10144833133620683,-1.5287325506555793,0.10143699603540929,-1.5360401467582112,0.017583183067157993,0.45245117829520043
512,21,113,103.34699834515416,4117.964937310308,111.96084943887492,3986.0180498356895,54.0,0.10144833133620683,-1.1082486267128817,0.10143699603540929,-1.1056460404193473,0.017583183067157993,0.37308963192729505
513,14,114,-191.2861040228232,3920.912450661129,34.82625588277541,3947.134417683412,54.0,0.10144833133620683,-2.3255730262804595,0.10143699603540929,-2.3308508359192084,0.017583183067157993,0.7395670202651753
514,21,114,103.34699834515416,4117.964937310308,34.82625588277541,3947.134417683412,54.0,0.10144833133620683,-1.9776631709947945,0.10143699603540929,-1.9739362874447404,0.017583183067157993,0.5799606187824176
515,9,114,9.936533141897351,4088.226647492491,34.82625588277541,3947.134417683412,54.0,0.10144833133620683,-1.7464151325935615,0.10143699603540929,-1.7453105212690514,0.017583183067157993,0.48748664979471124
516,9,115,9.936533141897351,4088.226647492491,49.8779388519763,3955.3007840830455,54.0,0.10144833133620683,-1.6585405707552014,0.10143699603540929,-1.6558602916669432,0.017583183067157993,0.46386806865416674
517,14,115,-191.2861040228232,3920.912450661129,49.8779388519763,3955.3007840830455,54.0,0.10144833133620683,-2.5628410408093765,0.10143699603540929,-2.5693137780003394,0.017583183067157993,0.797941389991432
518,21,115,103.34699834515416,4117.964937310308,49.8779388519763,3955.3007840830455,54.0,0.10144833133620683,-1.789509307072153,0.10143699603540929,-1.7871482003735484,0.017583183067157993,0.5309512283946354
519,21,116,103.34699834515416,4117.964937310308,-0.5652269469219027,3941.476215702092,54.0,0.10144833133620683,-2.218993210655991,0.10143699603540929,-2.2080089327540695,0.017583183067157993,0.6524204644657017
520,9,116,9.936533141897351,4088.226647492491,-0.5652269469219027,3941.476215702092,54.0,0.10144833133620683,-1.7993533570414482,0.10143699603540929,-1.7931471111689088,0.017583183067157993,0.5006404503064527
521,14,116,-191.2861040228232,3920.912450661129,-0.5652269469219027,3941.476215702092,54.0,0.10144833133620683,-1.9105530844038745,0.10143699603540929,-1.9157880741092441,0.017583183067157993,0.6020935337104723
522,18,117,55.99463969610678,3684.4657106501672,21.2636292335316,3936.559139808564,54.0,0.10144833133620683,-2.409617544606671,0.10143699603540929,-2.397647670581209,0.017583183067157993,0.8456177120216823
523,21,117,103.34699834515416,4117.964937310308,21.2636292335316,3936.559139808564,54.0,0.10144833133620683,-2.1478560360761243,0.10143699603540929,-2.1433261995252093,0.017583183067157993,0.634756473603606
524,9,117,9.936533141897351,4088.226647492491,21.2636292335316,3936.559139808564,54.0,0.10144833133620683,-1.8572623939087423,0.10143699603540929,-1.850828259004227,0.017583183067157993,0.5210267312163951
525,14,117,-191.2861040228232,3920.912450661129,21.2636292335316,3936.559139808564,54.0,0.10144833133620683,-2.115326044306361,0.10143699603540929,-2.120792907074921,0.017583183067157993,0.6754241395677947
526,3,118,-366.6419945922364,3850.319998086217,-472.7063867237094,3794.624663755236,54.0,0.10144833133620683,-1.3800121092059994,0.10143699603540929,-1.3807897476236421,0.017583183067157993,0.38271516850070075
527,3,119,-366.6419945922364,3850.319998086217,-454.57744224532297,3790.9468804560206,54.0,0.10144833133620683,-1.276827074414077,0.10143699603540929,-1.2783388304606593,0.017583183067157993,0.33829325517938036
528,14,120,-191.8510249122208,3920.732064928668,-436.2546998600079,3789.799142470708,54.0,0.10144833133620683,-2.9974377099358014,0.10143699603540929,-2.995657536612398,0.017583183067157993,0.7940865634675459
529,14,121,-191.8510249122208,3920.732064928668,-428.38160283911657,3794.933062201984,54.0,0.10144833133620683,-2.8921455232631743,0.10143699603540929,-2.8921460700614388,0.017583183067157993,0.7606267617211862
530,20,121,-491.6557639897821,3775.103401039669,-428.38160283911657,3794.933062201984,54.0,0.10144833133620683,-0.7376028038332326,0.10143699603540929,-0.7302106461498608,0.017583183067157993,0.219927713080966
531,20,122,-491.6557639897821,3775.103401039669,-472.0782964220537,3762.796794072937,54.0,0.10144833133620683,-0.22259659902381818,0.10143699603540929,-0.22186698255508153,0.017583183067157993,0.06900767033878924
532,20,123,-491.6557639897821,3775.103401039669,-453.95203478698,3759.8842648612144,54.0,0.10144833133620683,-0.3837753985687347,0.10143699603540929,-0.3805993437142303,0.017583183067157993,0.12169523280891736
533,20,124,-491.6557639897821,3775.103401039669,-435.0261385222271,3755.544747653654,54.0,0.10144833133620683,-0.568605331451586,0.10143699603540929,-0.563518489551978,0.017583183067157993,0.18761927494732789
534,20,125,-491.6557639897821,3775.103401039669,-417.1161916408624,3760.9208472899154,54.0,0.10144833133620683,-0.7331733068296595,0.10143699603540929,-0.7268774459846511,0.017583183067157993,0.24686241751408702
535,20,126,-491.6557639897821,3775.103401039669,-447.1102371639245,3749.537456281792,54.0,0.10144833133620683,-0.4854345051144854,0.10143699603540929,-0.48121481158390234,0.017583183067157993,0.15535820551501509
536,20,127,-491.6557639897821,3775.103401039669,-469.39782637970393,3795.140930301476,54.0,0.10144833133620683,-0.31786056251497985,0.10143699603540929,-0.31411336758623054,0.017583183067157993,0.1015743236247095
537,20,128,-491.6557639897821,3775.103401039669,-450.1291765078887,3729.97633086938,54.0,0.10144833133620683,-0.5312717623172231,0.10143699603540929,-0.5257784438276222,0.017583183067157993,0.19051264640208976
538,44,129,472.0029937650396,4104.126300266757,492.9214799806672,4183.062189969636,54.0,0.10144833133620683,-0.7370935604717905,0.10143699603540929,-0.7366610145216654,0.017583183067157993,0.15430050595575096
539,60,129,462.2337953932308,4065.780960132662,492.9214799806672,4183.062189969636,54.0,0.10144833133620683,-1.223479770979739,0.10143699603540929,-1.2234799544650339,0.017583183067157993,0.21453282886068978
540,35,129,583.2192292927565,4207.570440686977,492.9214799806672,4183.062189969636,54.0,0.10144833133620683,-1.0194833326841442,0.10143699603540929,-1.0201140148077985,0.017583183067157993,0.23295848222867144
541,24,129,476.8845411410292,4318.364085281663,492.9214799806672,4183.062189969636,54.0,0.10144833133620683,-1.1465703843541406,0.10143699603540929,-1.1452611193114905,0.017583183067157993,0.2797821365350094
542,41,129,461.8106926932424,4070.996636995212,492.9214799806672,4183.062189969636,54.0,0.10144833133620683,-1.166324318915169,0.10143699603540929,-1.1665360229674901,0.017583183067157993,0.20386936279541085
543,27,129,413.6607163277177,4126.933692479007,492.9214799806672,4183.062189969636,54.0,0.10144833133620683,-0.8114796159486755,0.10143699603540929,-0.8093933859602164,0.017583183067157993,0.19902829873233485
544,23,129,485.3312407692456,4298.036308618457,492.9214799806672,4183.062189969636,54.0,0.10144833133620683,-0.8986175520998707,0.10143699603540929,-0.896607851523205,0.017583183067157993,0.23898807202224018
545,43,129,630.0947010611478,4141.259609929846,492.9214799806672,4183.062189969636,54.0,0.10144833133620683,-1.5899183371402363,0.10143699603540929,-1.5923065897533872,0.017583183067157993,0.37876073997183035
546,29,129,679.1344462972443,4226.875249913833,492.9214799806672,4183.062189969636,54.0,0.10144833133620683,-1.9160235159814882,0.10143699603540929,-1.9195417322038213,0.017583183067157993,0.5127216401185486
547,37,129,628.569594659982,4182.409690156388,492.9214799806672,4183.062189969636,54.0,0.10144833133620683,-1.3992532039960248,0.10143699603540929,-1.404207309982677,0.017583183067157993,0.33373340526440953
548,31,129,286.22286085268047,4096.016113555928,492.9214799806672,4183.062189969636,54.0,0.10144833133620683,-2.36237164045767,0.10143699603540929,-2.3594289662571915,0.017583183067157993,0.5052173760138791
549,61,129,463.203498736656,4062.892527800171,492.9214799806672,4183.062189969636,54.0,0.10144833133620683,-1.2534209014472002,0.10143699603540929,-1.25321841465202,0.017583183067157993,0.22101869164037868
550,45,129,517.3116391169647,4113.7490927459785,492.9214799806672,4183.062189969636,54.0,0.10144833133620683,-0.6461301629127133,0.10143699603540929,-0.6457148386793952,0.017583183067157993,0.17529248852243015
551,30,129,625.9985091941669,4344.425799606012,492.9214799806672,4183.062189969636,54.0,0.10144833133620683,-2.226792466990039,0.10143699603540929,-2.2290543712900797,0.017583183067157993,0.4972749248339725
552,60,130,462.2337953932308,4065.780960132662,464.921538708197,4188.681460967267,54.0,0.10144833133620683,-1.0346225013568007,0.10143699603540929,-1.034059731837841,0.017583183067157993,0.21059133394155444
553,37,130,628.569594659982,4182.409690156388,464.921538708197,4188.681460967267,54.0,0.10144833133620683,-1.5985205656859005,0.10143699603540929,-1.60328082024577,0.017583183067157993,0.39429587315326375
554,44,130,472.0029937650396,4104.126300266757,464.921538708197,4188.681460967267,54.0,0.10144833133620683,-0.5660233281864291,0.10143699603540929,-0.5650000208190178,0.017583183067157993,0.15316331782908696
555,40,130,580.3679443218005,4175.917211801147,464.921538708197,4188.681460967267,54.0,0.10144833133620683,-1.0639621640699244,0.10143699603540929,-1.0659419209355543,0.017583183067157993,0.27773891814235646
556,41,130,461.8106926932424,4070.996636995212,464.921538708197,4188.681460967267,54.0,0.10144833133620683,-0.9768095578019815,0.10143699603540929,-0.976268295608691,0.017583183067157993,0.20167279543705596
557,43,130,630.0947010611478,4141.259609929846,464.921538708197,4188.681460967267,54.0,0.10144833133620683,-1.7768042885200017,0.10143699603540929,-1.7783102555530783,0.017583183067157993,0.44048969776409774
558,29,130,679.1344462972443,4226.875249913833,464.921538708197,4188.681460967267,54.0,0.10144833133620683,-2.186684472774422,0.10143699603540929,-2.190059080697644,0.017583183067157993,0.5683545979584813
559,35,130,583.2192292927565,4207.570440686977,464.921538708197,4188.681460967267,54.0,0.10144833133620683,-1.2285947370748216,0.10143699603540929,-1.2293077599537519,0.017583183067157993,0.2881441507136429
560,24,130,476.8845411410292,4318.364085281663,464.921538708197,4188.681460967267,54.0,0.10144833133620683,-1.5959745332121664,0.10143699603540929,-1.5931984665288939,0.017583183067157993,0.2830013178392325
561,23,130,485.3312407692456,4298.036308618457,464.921538708197,4188.681460967267,54.0,0.10144833133620683,-0.8784515828341712,0.10143699603540929,-0.8728650997530865,0.017583183067157993,0.23329852390118166
562,30,130,625.9985091941669,4344.425799606012,464.921538708197,4188.681460967267,54.0,0.10144833133620683,-2.397941207103094,0.10143699603540929,-2.395899363940897,0.017583183067157993,0.5093966523217603
563,61,130,463.203498736656,4062.892527800171,464.921538708197,4188.681460967267,54.0,0.10144833133620683,-1.065909674599239,0.10143699603540929,-1.0653353980417566,0.017583183067157993,0.21537994622988185
564,45,130,517.3116391169647,4113.7490927459785,464.921538708197,4188.681460967267,54.0,0.10144833133620683,-0.8047186439152452,0.10143699603540929,-0.8044370806377541,0.017583183067157993,0.1974478786267952
565,40,131,580.3679443218005,4175.917211801147,476.5976490413603,4170.33335841454,54.0,0.10144833133620683,-1.037151075294629,0.10143699603540929,-1.034001173504113,0.017583183067157993,0.25887391545076904
566,27,131,413.6607163277177,4126.933692479007,476.5976490413603,4170.33335841454,54.0,0.10144833133620683,-0.6490139827876056,0.10143699603540929,-0.6472828728190281,0.017583183067157993,0.15436018615866523
567,61,131,463.203498736656,4062.892527800171,476.5976490413603,4170.33335841454,54.0,0.10144833133620683,-0.9904395094754266,0.10143699603540929,-0.9900510245400892,0.017583183067157993,0.1815282501294651
568,30,131,625.9985091941669,4344.425799606012,476.5976490413603,4170.33335841454,54.0,0.10144833133620683,-2.358104385600103,0.10143699603540929,-2.3592445955843235,0.017583183067157993,0.538080210607399
569,60,131,462.2337953932308,4065.780960132662,476.5976490413603,4170.33335841454,54.0,0.10144833133620683,-0.9579619958900656,0.10143699603540929,-0.9575822469701951,0.017583183067157993,0.1767399273054896
570,23,131,485.3312407692456,4298.036308618457,476.5976490413603,4170.33335841454,54.0,0.10144833133620683,-0.9965052579859212,0.10143699603540929,-0.994308672032711,0.017583183067157993,0.26649208973529526
571,44,131,472.0029937650396,4104.126300266757,476.5976490413603,4170.33335841454,54.0,0.10144833133620683,-0.5086871886125351,0.10143699603540929,-0.5079794962191955,0.017583183067157993,0.11874339310717047
572,35,131,583.2192292927565,4207.570440686977,476.5976490413603,4170.33335841454,54.0,0.10144833133620683,-1.1375155674401238,0.10143699603540929,-1.1380342539607735,0.017583183067157993,0.27342749782199616
573,37,131,628.569594659982,4182.409690156388,476.5976490413603,4170.33335841454,54.0,0.10144833133620683,-1.524318082568695,0.10143699603540929,-1.5252731179638912,0.017583183067157993,0.37178507208068606
574,43,131,630.0947010611478,4141.259609929846,476.5976490413603,4170.33335841454,54.0,0.10144833133620683,-1.6439516130193936,0.10143699603540929,-1.6429319896817376,0.017583183067157993,0.4095377463940443
575,45,131,517.3116391169647,4113.7490927459785,476.5976490413603,4170.33335841454,54.0,0.10144833133620683,-0.6821735930618417,0.10143699603540929,-0.6820606999387037,0.017583183067157993,0.15303856495015045
576,29,131,679.1344462972443,4226.875249913833,476.5976490413603,4170.33335841454,54.0,0.10144833133620683,-2.014182197745189,0.10143699603540929,-2.0187549976571346,0.017583183067157993,0.5519519912686105
577,41,131,461.8106926932424,4070.996636995212,476.5976490413603,4170.33335841454,54.0,0.10144833133620683,-0.898841083792468,0.10143699603540929,-0.8984806966484516,0.017583183067157993,0.16778538379393346
578,41,132,461.8106926932424,4070.996636995212,498.6677789749425,4165.707185554278,54.0,0.10144833133620683,-1.0703174129462898,0.10143699603540929,-1.0701788224681117,0.017583183067157993,0.1791359962350528
579,43,132,630.0947010611478,4141.259609929846,498.6677789749425,4165.707185554278,54.0,0.10144833133620683,-1.475406137881893,0.10143699603540929,-1.4749073648686224,0.017583183067157993,0.3633397114594
580,60,132,462.2337953932308,4065.780960132662,498.6677789749425,4165.707185554278,54.0,0.10144833133620683,-1.1257099647947992,0.10143699603540929,-1.1253469685269644,0.017583183067157993,0.18964187948347744
581,35,132,583.2192292927565,4207.570440686977,498.6677789749425,4165.707185554278,54.0,0.10144833133620683,-0.9659779875710187,0.10143699603540929,-0.9648603089112133,0.017583183067157993,0.2375321204046728
582,44,132,472.0029937650396,4104.126300266757,498.6677789749425,4165.707185554278,54.0,0.10144833133620683,-0.6343090328481858,0.10143699603540929,-0.6339580206223541,0.017583183067157993,0.12484349704128067
583,27,132,413.6607163277177,4126.933692479007,498.6677789749425,4165.707185554278,54.0,0.10144833133620683,-0.7771926366451719,0.10143699603540929,-0.7754879654722435,0.017583183067157993,0.1877877368002765
584,45,132,517.3116391169647,4113.7490927459785,498.6677789749425,4165.707185554278,54.0,0.10144833133620683,-0.51475369120079,0.10143699603540929,-0.5147031959481952,0.017583183067157993,0.13838648683424654
585,30,132,625.9985091941669,4344.425799606012,498.6677789749425,4165.707185554278,54.0,0.10144833133620683,-2.4246546306791767,0.10143699603540929,-2.4258847658086276,0.017583183067157993,0.528076157205563
586,23,132,485.3312407692456,4298.036308618457,498.6677789749425,4165.707185554278,54.0,0.10144833133620683,-1.0341209235140811,0.10143699603540929,-1.0318040933750203,0.017583183067157993,0.27685866994333297
587,29,132,679.1344462972443,4226.875249913833,498.6677789749425,4165.707185554278,54.0,0.10144833133620683,-1.8648415830567575,0.10143699603540929,-1.8689394847374023,0.017583183067157993,0.5132570195028624
588,37,132,628.569594659982,4182.409690156388,498.6677789749425,4165.707185554278,54.0,0.10144833133620683,-1.4398334921631482,0.10143699603540929,-1.4397012501786526,0.017583183067157993,0.33514520769030137
589,61,132,463.203498736656,4062.892527800171,498.6677789749425,4165.707185554278,54.0,0.10144833133620683,-1.1553854626273334,0.10143699603540929,-1.1549992240466564,0.017583183067157993,0.19566200344696977
590,40,133,580.3679443218005,4175.917211801147,478.6811791095061,4150.712583205254,54.0,0.10144833133620683,-1.0803897503487758,0.10143699603540929,-1.0765446847620574,0.017583183067157993,0.2645434301394154
591,29,133,679.1344462972443,4226.875249913833,478.6811791095061,4150.712583205254,54.0,0.10144833133620683,-2.0907366876358906,0.10143699603540929,-2.0933902202349444,0.017583183067157993,0.5625976312398232
592,27,133,413.6607163277177,4126.933692479007,478.6811791095061,4150.712583205254,54.0,0.10144833133620683,-0.6162622809716033,0.10143699603540929,-0.6154190276241099,0.017583183067157993,0.13634810100301595
593,35,133,583.2192292927565,4207.570440686977,478.6811791095061,4150.712583205254,54.0,0.10144833133620683,-1.141236091182452,0.10143699603540929,-1.138781062605233,0.017583183067157993,0.28930243907740993
594,54,133,562.1256537151418,3993.041990758743,478.6811791095061,4150.712583205254,54.0,0.10144833133620683,-2.544047343751001,0.10143699603540929,-2.5352213154689704,0.017583183067157993,0.515281752638109
595,44,133,472.0029937650396,4104.126300266757,478.6811791095061,4150.712583205254,54.0,0.10144833133620683,-0.46829403552943294,0.10143699603540929,-0.46899424530612766,0.017583183067157993,0.0765962743473057
596,37,133,628.569594659982,4182.409690156388,478.6811791095061,4150.712583205254,54.0,0.10144833133620683,-1.629514890300363,0.10143699603540929,-1.6277181491048218,0.017583183067157993,0.3830574065505501
597,45,133,517.3116391169647,4113.7490927459785,478.6811791095061,4150.712583205254,54.0,0.10144833133620683,-0.6507030640153625,0.10143699603540929,-0.6509987837889879,0.017583183067157993,0.11367004756188073
598,43,133,630.0947010611478,4141.259609929846,478.6811791095061,4150.712583205254,54.0,0.10144833133620683,-1.454370127715953,0.10143699603540929,-1.4620466401762677,0.017583183067157993,0.4071221431491548
599,23,133,485.3312407692456,4298.036308618457,478.6811791095061,4150.712583205254,54.0,0.10144833133620683,-1.1426264436474456,0.10143699603540929,-1.139950083172983,0.017583183067157993,0.3068662351789087
600,41,133,461.8106926932424,4070.996636995212,478.6811791095061,4150.712583205254,54.0,0.10144833133620683,-0.8569097468606364,0.10143699603540929,-0.8577613776337308,0.017583183067157993,0.12836583991992492
601,61,133,463.203498736656,4062.892527800171,478.6811791095061,4150.712583205254,54.0,0.10144833133620683,-0.9597065447212356,0.10143699603540929,-0.9606687915538048,0.017583183067157993,0.14127077130954385
602,60,133,462.2337953932308,4065.780960132662,478.6811791095061,4150.712583205254,54.0,0.10144833133620683,-0.9216582722909231,0.10143699603540929,-0.9225560267240971,0.017583183067157993,0.1369625140079498
603,47,133,497.40279712570856,4039.075701869608,478.6811791095061,4150.712583205254,54.0,0.10144833133620683,-1.4486436267763831,0.10143699603540929,-1.450421249785021,0.017583183067157993,0.22929697762808438
604,52,133,577.7231586056545,4060.836546501464,478.6811791095061,4150.712583205254,54.0,0.10144833133620683,-1.5287521206543855,0.10143699603540929,-1.5260400591198944,0.017583183067157993,0.35835405380219776
605,30,133,625.9985091941669,4344.425799606012,478.6811791095061,4150.712583205254,54.0,0.10144833133620683,-2.54976796390728,0.10143699603540929,-2.551608547826064,0.017583183067157993,0.5715970401906034
606,23,134,485.3312407692456,4298.036308618457,496.7431763964692,4139.924546025713,54.0,0.10144833133620683,-1.2657329395723051,0.10143699603540929,-1.2633439955735097,0.017583183067157993,0.3261784115883426
607,29,134,679.1344462972443,4226.875249913833,496.7431763964692,4139.924546025713,54.0,0.10144833133620683,-2.081229373783069,0.10143699603540929,-2.0851653769703518,0.017583183067157993,0.5379999951674367
608,27,134,413.6607163277177,4126.933692479007,496.7431763964692,4139.924546025713,54.0,0.10144833133620683,-0.8032141556692924,0.10143699603540929,-0.8030852442774064,0.017583183067157993,0.16017419244744013
609,60,135,462.2337953932308,4065.780960132662,461.6768199290148,4143.362401904764,54.0,0.10144833133620683,-0.7694885427932359,0.10143699603540929,-0.769701392971858,0.017583183067157993,0.12270226508434087
610,40,135,580.3679443218005,4175.917211801147,461.6768199290148,4143.362401904764,54.0,0.10144833133620683,-1.2533334058584984,0.10143699603540929,-1.2498435435676805,0.017583183067157993,0.29446917181300775
611,27,135,413.6607163277177,4126.933692479007,461.6768199290148,4143.362401904764,54.0,0.10144833133620683,-0.4806064379154581,0.10143699603540929,-0.47990982476294636,0.017583183067157993,0.10283823897859726
612,43,135,630.0947010611478,4141.259609929846,461.6768199290148,4143.362401904764,54.0,0.10144833133620683,-1.6298351454532414,0.10143699603540929,-1.638095673659378,0.017583183067157993,0.4324502570708966
613,45,135,517.3116391169647,4113.7490927459785,461.6768199290148,4143.362401904764,54.0,0.10144833133620683,-0.7164445954597094,0.10143699603540929,-0.715533339629741,0.017583183067157993,0.12755345140529178
614,44,135,472.0029937650396,4104.126300266757,461.6768199290148,4143.362401904764,54.0,0.10144833133620683,-0.30709274175282253,0.10143699603540929,-0.3068374081729782,0.017583183067157993,0.06675166592303738
615,41,135,461.8106926932424,4070.996636995212,461.6768199290148,4143.362401904764,54.0,0.10144833133620683,-0.7103447855393198,0.10143699603540929,-0.710577739102916,0.017583183067157993,0.11363035806958333
616,52,135,577.7231586056545,4060.836546501464,461.6768199290148,4143.362401904764,54.0,0.10144833133620683,-1.6291616092330348,0.10143699603540929,-1.6271261584778065,0.017583183067157993,0.3692001050584506
617,37,135,628.569594659982,4182.409690156388,461.6768199290148,4143.362401904764,54.0,0.10144833133620683,-1.8213258036938589,0.10143699603540929,-1.8199636478818195,0.017583183067157993,0.41174865148612805
618,29,135,679.1344462972443,4226.875249913833,461.6768199290148,4143.362401904764,54.0,0.10144833133620683,-2.2410780271585535,0.10143699603540929,-2.2436336508895667,0.017583183067157993,0.5955817233431139
619,61,135,463.203498736656,4062.892527800171,461.6768199290148,4143.362401904764,54.0,0.10144833133620683,-0.8011299947527726,0.10143699603540929,-0.8013313309146218,0.017583183067157993,0.1275481910211946
620,35,135,583.2192292927565,4207.570440686977,461.6768199290148,4143.362401904764,54.0,0.10144833133620683,-1.2690424381685719,0.10143699603540929,-1.2665567492466143,0.017583183067157993,0.322801008615352
621,31,135,286.22286085268047,4096.016113555928,461.6768199290148,4143.362401904764,54.0,0.10144833133620683,-1.9532412816308415,0.10143699603540929,-1.9537397431698904,0.017583183067157993,0.4030559004781867
622,39,135,491.6009153175041,3965.873607703836,461.6768199290148,4143.362401904764,54.0,0.10144833133620683,-1.8293780588184154,0.10143699603540929,-1.8282935214338596,0.017583183067157993,0.35516417499894665
623,30,135,625.9985091941669,4344.425799606012,461.6768199290148,4143.362401904764,54.0,0.10144833133620683,-2.5839328815539404,0.10143699603540929,-2.585354649422981,0.017583183067157993,0.5983179970194958
624,47,135,497.40279712570856,4039.075701869608,461.6768199290148,4143.362401904764,54.0,0.10144833133620683,-1.3242081922122073,0.10143699603540929,-1.326074947252299,0.017583183067157993,0.215151615121236
625,23,135,485.3312407692456,4298.036308618457,461.6768199290148,4143.362401904764,54.0,0.10144833133620683,-1.1399611275891406,0.10143699603540929,-1.134855520773131,0.017583183067157993,0.3166437360113062
626,29,136,679.1344462972443,4226.875249913833,467.6333421217994,4125.7528114568895,54.0,0.10144833133620683,-2.4145765602735003,0.10143699603540929,-2.4192050996275,0.017583183067157993,0.5942907287979373
627,43,136,630.0947010611478,4141.259609929846,467.6333421217994,4125.7528114568895,54.0,0.10144833133620683,-1.5964021779792628,0.10143699603540929,-1.6047646356810557,0.017583183067157993,0.42363520682260464
628,27,136,413.6607163277177,4126.933692479007,467.6333421217994,4125.7528114568895,54.0,0.10144833133620683,-0.4953913465219135,0.10143699603540929,-0.4946694591899967,0.017583183067157993,0.10805858554603395
629,60,136,462.2337953932308,4065.780960132662,467.6333421217994,4125.7528114568895,54.0,0.10144833133620683,-0.6535576704493554,0.10143699603540929,-0.6539606374867325,0.017583183067157993,0.09145354611601425
630,39,136,491.6009153175041,3965.873607703836,467.6333421217994,4125.7528114568895,54.0,0.10144833133620683,-1.761790434859867,0.10143699603540929,-1.761555749390164,0.017583183067157993,0.32974749497904643
631,45,136,517.3116391169647,4113.7490927459785,467.6333421217994,4125.7528114568895,54.0,0.10144833133620683,-0.5617783997285553,0.10143699603540929,-0.5591567680575746,0.017583183067157993,0.11344674392263006
632,35,136,583.2192292927565,4207.570440686977,467.6333421217994,4125.7528114568895,54.0,0.10144833133620683,-1.4414917358334103,0.10143699603540929,-1.4398681957051744,0.017583183067157993,0.3279963675379275
633,23,136,485.3312407692456,4298.036308618457,467.6333421217994,4125.7528114568895,54.0,0.10144833133620683,-1.231923347888142,0.10143699603540929,-1.2290462785386027,0.017583183067157993,0.34695427778590027
634,37,136,628.569594659982,4182.409690156388,467.6333421217994,4125.7528114568895,54.0,0.10144833133620683,-1.7941788106240522,0.10143699603540929,-1.7973793254779142,0.017583183067157993,0.4139440090171228
635,40,136,580.3679443218005,4175.917211801147,467.6333421217994,4125.7528114568895,54.0,0.10144833133620683,-1.2909160113653535,0.10143699603540929,-1.2909277742539436,0.017583183067157993,0.2932791204401876
636,44,136,472.0029937650396,4104.126300266757,467.6333421217994,4125.7528114568895,54.0,0.10144833133620683,-0.18014950565392673,0.10143699603540929,-0.1800871072985626,0.017583183067157993,0.033433662983061496
637,61,136,463.203498736656,4062.892527800171,467.6333421217994,4125.7528114568895,54.0,0.10144833133620683,-0.684174026337272,0.10143699603540929,-0.6845647237971931,0.017583183067157993,0.09615466944096204
638,41,136,461.8106926932424,4070.996636995212,467.6333421217994,4125.7528114568895,54.0,0.10144833133620683,-0.594126711688806,0.10143699603540929,-0.594549155674949,0.017583183067157993,0.08238605311171071
639,39,137,491.6009153175041,3965.873607703836,500.1419238902247,4120.853453272017,54.0,0.10144833133620683,-1.7493493553701278,0.10143699603540929,-1.7483256674614924,0.017583183067157993,0.3432710594949854
640,41,137,461.8106926932424,4070.996636995212,500.1419238902247,4120.853453272017,54.0,0.10144833133620683,-0.721214553039373,0.10143699603540929,-0.7206637994362256,0.017583183067157993,0.11601493337591633
641,51,137,515.5112789978382,4127.169092421015,500.1419238902247,4120.853453272017,54.0,0.10144833133620683,-0.2426084896327545,0.10143699603540929,-0.24214658645426898,0.017583183067157993,0.049806444065117285
642,37,137,628.569594659982,4182.409690156388,500.1419238902247,4120.853453272017,54.0,0.10144833133620683,-1.513305037684328,0.10143699603540929,-1.5172961708971697,0.017583183067157993,0.3764123035689214
643,23,137,485.3312407692456,4298.036308618457,500.1419238902247,4120.853453272017,54.0,0.10144833133620683,-1.4827495943218076,0.10143699603540929,-1.4805900820790348,0.017583183067157993,0.36100404843101086
644,29,137,679.1344462972443,4226.875249913833,500.1419238902247,4120.853453272017,54.0,0.10144833133620683,-2.042632175601415,0.10143699603540929,-2.0486599547929463,0.017583183067157993,0.5644183505863002
645,45,137,517.3116391169647,4113.7490927459785,500.1419238902247,4120.853453272017,54.0,0.10144833133620683,-0.3793667502098981,0.10143699603540929,-0.3775956927188967,0.017583183067157993,0.06279512447282229
646,47,137,497.40279712570856,4039.075701869608,500.1419238902247,4120.853453272017,54.0,0.10144833133620683,-1.1257534323806484,0.10143699603540929,-1.1269082322995234,0.017583183067157993,0.17464854227008933
647,27,137,413.6607163277177,4126.933692479007,500.1419238902247,4120.853453272017,54.0,0.10144833133620683,-0.7969353705405514,0.10143699603540929,-0.7950652946349067,0.017583183067157993,0.16386155955795534
648,31,137,286.22286085268047,4096.016113555928,500.1419238902247,4120.853453272017,54.0,0.10144833133620683,-2.284050830379252,0.10143699603540929,-2.2812960776633635,0.017583183067157993,0.451502537392943
649,61,137,463.203498736656,4062.892527800171,500.1419238902247,4120.853453272017,54.0,0.10144833133620683,-0.7940382785876475,0.10143699603540929,-0.7935466557040731,0.017583183067157993,0.12989397417124043
650,60,137,462.2337953932308,4065.780960132662,500.1419238902247,4120.853453272017,54.0,0.10144833133620683,-0.7709198556596065,0.10143699603540929,-0.7704009534417168,0.017583183067157993,0.12520186373880393
651,35,137,583.2192292927565,4207.570440686977,500.1419238902247,4120.853453272017,54.0,0.10144833133620683,-1.1763802975897562,0.10143699603540929,-1.1766210926799132,0.017583183067157993,0.3077019525886654
652,43,137,630.0947010611478,4141.259609929846,500.1419238902247,4120.853453272017,54.0,0.10144833133620683,-1.437661206925003,0.10143699603540929,-1.4420087481295425,0.017583183067157993,0.36590302150701903
653,44,137,480.2527329069072,4097.225007571009,500.1419238902247,4120.853453272017,54.0,0.10144833133620683,-0.2882358638462105,0.10143699603540929,-0.28700106550936677,0.017583183067157993,0.0631307722685826
654,40,137,580.3679443218005,4175.917211801147,500.1419238902247,4120.853453272017,54.0,0.10144833133620683,-0.9471253759710543,0.10143699603540929,-0.9486657352914065,0.017583183067157993,0.2556823422143738
655,45,138,517.3116391169647,4113.7490927459785,491.42406278110894,4104.982822863553,54.0,0.10144833133620683,-0.40996363226747196,0.10143699603540929,-0.4079495363950768,0.017583183067157993,0.07504783448996347
656,23,138,485.3312407692456,4298.036308618457,491.42406278110894,4104.982822863553,54.0,0.10144833133620683,-1.6072830053449376,0.10143699603540929,-1.6043747634075296,0.017583183067157993,0.392260414762713
657,27,138,413.6607163277177,4126.933692479007,491.42406278110894,4104.982822863553,54.0,0.10144833133620683,-0.7554987021074561,0.10143699603540929,-0.753971778376158,0.017583183067157993,0.14741391095020764
658,47,138,497.40279712570856,4039.075701869608,491.42406278110894,4104.982822863553,54.0,0.10144833133620683,-0.9760473665802882,0.10143699603540929,-0.9780666611488846,0.017583183067157993,0.1423223264656443
659,35,138,583.2192292927565,4207.570440686977,491.42406278110894,4104.982822863553,54.0,0.10144833133620683,-1.3631257763549995,0.10143699603540929,-1.3624598701641668,0.017583183067157993,0.34483635541667773
660,39,138,491.6009153175041,3965.873607703836,491.42406278110894,4104.982822863553,54.0,0.10144833133620683,-1.5979898149321186,0.10143699603540929,-1.5977816807188026,0.017583183067157993,0.3098307678243873
661,60,138,462.2337953932308,4065.780960132662,491.42406278110894,4104.982822863553,54.0,0.10144833133620683,-0.6243958446684745,0.10143699603540929,-0.6248620994040949,0.017583183067157993,0.08912316288915365
662,40,138,580.3679443218005,4175.917211801147,491.42406278110894,4104.982822863553,54.0,0.10144833133620683,-1.14533412989988,0.10143699603540929,-1.1456912895461553,0.017583183067157993,0.28932692255139997
663,37,138,628.569594659982,4182.409690156388,491.42406278110894,4104.982822863553,54.0,0.10144833133620683,-1.7932536735459426,0.10143699603540929,-1.794956787953994,0.017583183067157993,0.41292350949491774
664,44,138,482.9165862241457,4094.8895965639263,491.42406278110894,4104.982822863553,54.0,0.10144833133620683,-0.1519737635965701,0.10143699603540929,-0.15184578896039888,0.017583183067157993,0.026501360918205843
665,43,138,630.0947010611478,4141.259609929846,491.42406278110894,4104.982822863553,54.0,0.10144833133620683,-1.5324761748889049,0.10143699603540929,-1.5311299660432207,0.017583183067157993,0.39987402470962014
666,41,138,461.8106926932424,4070.996636995212,491.42406278110894,4104.982822863553,54.0,0.10144833133620683,-0.579428757668557,0.10143699603540929,-0.579912481531657,0.017583183067157993,0.0802536498499048
667,61,138,463.203498736656,4062.892527800171,491.42406278110894,4104.982822863553,54.0,0.10144833133620683,-0.6441774592084515,0.10143699603540929,-0.6446388368330277,0.017583183067157993,0.09350482020986413
668,29,138,679.1344462972443,4226.875249913833,491.42406278110894,4104.982822863553,54.0,0.10144833133620683,-2.3045415472240274,0.10143699603540929,-2.308543540065991,0.017583183067157993,0.6056660365441784
669,45,139,517.3116391169647,4113.7490927459785,448.0139883248622,4082.429338471364,54.0,0.10144833133620683,-0.9843159749276901,0.10143699603540929,-0.9832315924803121,0.017583183067157993,0.14572793756108532
670,23,139,485.3312407692456,4298.036308618457,448.0139883248622,4082.429338471364,54.0,0.10144833133620683,-1.6468737814578798,0.10143699603540929,-1.640390420442944,0.017583183067157993,0.4205390638543061
671,47,139,497.40279712570856,4039.075701869608,448.0139883248622,4082.429338471364,54.0,0.10144833133620683,-0.8576244184977941,0.10143699603540929,-0.8585251181915668,0.017583183067157993,0.12459697105732398
672,61,139,463.203498736656,4062.892527800171,448.0139883248622,4082.429338471364,54.0,0.10144833133620683,-0.2886757030989877,0.10143699603540929,-0.2886168775904697,0.017583183067157993,0.04216947016784575
673,27,139,413.6607163277177,4126.933692479007,448.0139883248622,4082.429338471364,54.0,0.10144833133620683,-0.5688892324530757,0.10143699603540929,-0.5677688039844971,0.017583183067157993,0.1030086997268949
674,60,139,462.2337953932308,4065.780960132662,448.0139883248622,4082.429338471364,54.0,0.10144833133620683,-0.2605150359480318,0.10143699603540929,-0.2604880900911991,0.017583183067157993,0.03737617791529721
675,39,139,491.6009153175041,3965.873607703836,448.0139883248622,4082.429338471364,54.0,0.10144833133620683,-1.1736426960456117,0.10143699603540929,-1.171379004240621,0.017583183067157993,0.2550316488895306
676,41,139,461.8106926932424,4070.996636995212,448.0139883248622,4082.429338471364,54.0,0.10144833133620683,-0.21647698784600095,0.10143699603540929,-0.216543204511242,0.017583183067157993,0.028918120484630896
677,44,139,470.9318574712719,4102.798680980681,448.0139883248622,4082.429338471364,54.0,0.10144833133620683,-0.37143746561670304,0.10143699603540929,-0.3718101279513669,0.017583183067157993,0.04492842620182877
678,23,140,485.3312407692456,4298.036308618457,444.6278396674389,4097.460747584184,54.0,0.10144833133620683,-1.5296531411989513,0.10143699603540929,-1.5219065528864575,0.017583183067157993,0.41097928423624785
679,60,140,462.2337953932308,4065.780960132662,444.6278396674389,4097.460747584184,54.0,0.10144833133620683,-0.398694287116998,0.10143699603540929,-0.39853689385102237,0.017583183067157993,0.05839781155513081
680,47,140,497.40279712570856,4039.075701869608,444.6278396674389,4097.460747584184,54.0,0.10144833133620683,-1.0339225109530354,0.10143699603540929,-1.0352245494263856,0.017583183067157993,0.14536216975873414
681,42,140,481.5841139822353,4095.890795124346,444.6278396674389,4097.460747584184,54.0,0.10144833133620683,-0.4669125170487536,0.10143699603540929,-0.467409335657163,0.017583183067157993,0.057798461721413154
682,27,140,413.6607163277177,4126.933692479007,444.6278396674389,4097.460747584184,54.0,0.10144833133620683,-0.4679510661323588,0.10143699603540929,-0.4672968411076486,0.017583183067157993,0.08198346603792894
683,39,140,491.6009153175041,3965.873607703836,444.6278396674389,4097.460747584184,54.0,0.10144833133620683,-1.3030236919999507,0.10143699603540929,-1.3004708503225642,0.017583183067157993,0.27910078565605956
684,45,140,517.3116391169647,4113.7490927459785,444.6278396674389,4097.460747584184,54.0,0.10144833133620683,-0.769298740343833,0.10143699603540929,-0.7667048621999781,0.017583183067157993,0.14481226567423344
685,41,140,461.8106926932424,4070.996636995212,444.6278396674389,4097.460747584184,54.0,0.10144833133620683,-0.352535875297331,0.10143699603540929,-0.35249517342959724,0.017583183067157993,0.0492592208462312
686,44,140,470.9318574712719,4102.798680980681,444.6278396674389,4097.460747584184,54.0,0.10144833133620683,-0.2517285922263702,0.10143699603540929,-0.2516382371871349,0.017583183067157993,0.04072870410116303
687,61,140,463.203498736656,4062.892527800171,444.6278396674389,4097.460747584184,54.0,0.10144833133620683,-0.42888564272814533,0.10143699603540929,-0.4286943713389265,0.017583183067157993,0.06350165184861799
688,23,141,485.3312407692456,4298.036308618457,450.2869634852289,4161.9176246461175,54.0,0.10144833133620683,-1.1319440822791278,0.10143699603540929,-1.1258210314747676,0.017583183067157993,0.2963399511865194
689,41,141,461.8106926932424,4070.996636995212,450.2869634852289,4161.9176246461175,54.0,0.10144833133620683,-0.8280895356261082,0.10143699603540929,-0.8279344301829592,0.017583183067157993,0.14928914742272292
690,27,141,413.6607163277177,4126.933692479007,450.2869634852289,4161.9176246461175,54.0,0.10144833133620683,-0.5822636477195757,0.10143699603540929,-0.5804072011342382,0.017583183067157993,0.10984213208935012
691,40,141,580.3679443218005,4175.917211801147,450.2869634852289,4161.9176246461175,54.0,0.10144833133620683,-1.209246121159485,0.10143699603540929,-1.2049883200709113,0.017583183067157993,0.311536547431452
692,37,141,628.569594659982,4182.409690156388,450.2869634852289,4161.9176246461175,54.0,0.10144833133620683,-1.7354084703910042,0.10143699603540929,-1.7343515496858295,0.017583183067157993,0.42892222815554404
693,61,141,463.203498736656,4062.892527800171,450.2869634852289,4161.9176246461175,54.0,0.10144833133620683,-0.9191449757043954,0.10143699603540929,-0.91895677934699,0.017583183067157993,0.1632933332620968
694,45,141,517.3116391169647,4113.7490927459785,450.2869634852289,4161.9176246461175,54.0,0.10144833133620683,-0.8339387502810667,0.10143699603540929,-0.8331214473861508,0.017583183067157993,0.1623855901941301
695,60,141,462.2337953932308,4065.780960132662,450.2869634852289,4161.9176246461175,54.0,0.10144833133620683,-0.8867207863506088,0.10143699603540929,-0.886544387817846,0.017583183067157993,0.15830870662420748
696,31,141,286.22286085268047,4096.016113555928,450.2869634852289,4161.9176246461175,54.0,0.10144833133620683,-2.0319739878291165,0.10143699603540929,-2.0302872555482963,0.017583183067157993,0.40725291659186713
697,35,141,583.2192292927565,4207.570440686977,450.2869634852289,4161.9176246461175,54.0,0.10144833133620683,-1.293240284733032,0.10143699603540929,-1.2930293701890494,0.017583183067157993,0.32556357070178626
698,47,141,497.40279712570856,4039.075701869608,450.2869634852289,4161.9176246461175,54.0,0.10144833133620683,-1.4547545758592362,0.10143699603540929,-1.4564278860927762,0.017583183067157993,0.2506703755030908
699,43,141,630.0947010611478,4141.259609929846,450.2869634852289,4161.9176246461175,54.0,0.10144833133620683,-1.7740502292267333,0.10143699603540929,-1.7737833927584548,0.017583183067157993,0.4657840573335183
700,44,141,472.0029937650396,4104.126300266757,450.2869634852289,4161.9176246461175,54.0,0.10144833133620683,-0.4366027530506407,0.10143699603540929,-0.43592670862330135,0.017583183067157993,0.1058508405603775
701,29,141,679.1344462972443,4226.875249913833,450.2869634852289,4161.9176246461175,54.0,0.10144833133620683,-2.1716760169206095,0.10143699603540929,-2.175685590454147,0.017583183067157993,0.6040564288250195
702,30,141,625.9985091941669,4344.425799606012,450.2869634852289,4161.9176246461175,54.0,0.10144833133620683,-2.533648327224038,0.10143699603540929,-2.532290964603311,0.017583183067157993,0.573662208705701
703,41,142,461.8106926932424,4070.996636995212,402.5205221667404,4129.574604513392,54.0,0.10144833133620683,-0.9291505688805436,0.10143699603540929,-0.9283202357796483,0.017583183067157993,0.1481878914662799
704,4,142,296.61979068975745,4128.179301772369,402.5205221667404,4129.574604513392,54.0,0.10144833133620683,-1.215394030908393,0.10143699603540929,-1.2136225402788814,0.017583183067157993,0.2614134140994894
705,27,142,413.6607163277177,4126.933692479007,402.5205221667404,4129.574604513392,54.0,0.10144833133620683,-0.1731131549098598,0.10143699603540929,-0.1731144979598713,0.017583183067157993,0.028896023305588766
706,42,142,481.95797351825536,4104.321037374665,402.5205221667404,4129.574604513392,54.0,0.10144833133620683,-0.8291518704012618,0.10143699603540929,-0.8281254285352362,0.017583183067157993,0.15176965631215958
707,45,142,517.3116391169647,4113.7490927459785,402.5205221667404,4129.574604513392,54.0,0.10144833133620683,-1.1923533226114171,0.10143699603540929,-1.1893250643828033,0.017583183067157993,0.2292396166782691
708,44,142,470.9318574712719,4102.798680980681,402.5205221667404,4129.574604513392,54.0,0.10144833133620683,-0.7543507330090351,0.10143699603540929,-0.7536935860391292,0.017583183067157993,0.13292197082639176
709,61,142,463.203498736656,4062.892527800171,402.5205221667404,4129.574604513392,54.0,0.10144833133620683,-0.9789762795813005,0.10143699603540929,-0.9778361423937459,0.017583183067157993,0.1612537701229965
710,31,142,286.22286085268047,4096.016113555928,402.5205221667404,4129.574604513392,54.0,0.10144833133620683,-1.3310584859853973,0.10143699603540929,-1.3325189556907457,0.017583183067157993,0.2818083845116253
711,60,142,462.2337953932308,4065.780960132662,402.5205221667404,4129.574604513392,54.0,0.10144833133620683,-0.9557551464278542,0.10143699603540929,-0.9547011786201135,0.017583183067157993,0.15625101060240237
712,61,143,463.203498736656,4062.892527800171,382.72760047919166,4103.451630849024,54.0,0.10144833133620683,-1.0728428426140693,0.10143699603540929,-1.0707043815322788,0.017583183067157993,0.17749334420866064
713,31,143,286.22286085268047,4096.016113555928,382.72760047919166,4103.451630849024,54.0,0.10144833133620683,-1.0130348998159644,0.10143699603540929,-1.0123538094520548,0.017583183067157993,0.22458497316540138
714,41,143,461.8106926932424,4070.996636995212,382.72760047919166,4103.451630849024,54.0,0.10144833133620683,-0.9993142727359137,0.10143699603540929,-0.9972241459088154,0.017583183067157993,0.16870843015866638
715,27,143,413.6607163277177,4126.933692479007,382.72760047919166,4103.451630849024,54.0,0.10144833133620683,-0.6517173536512552,0.10143699603540929,-0.652061463190094,0.017583183067157993,0.08887863724180571
716,60,143,462.2337953932308,4065.780960132662,382.72760047919166,4103.451630849024,54.0,0.10144833133620683,-1.0404592198250877,0.10143699603540929,-1.0383087475166057,0.017583183067157993,0.1738770383956721
717,44,143,470.9318574712719,4102.798680980681,382.72760047919166,4103.451630849024,54.0,0.10144833133620683,-1.078152572749879,0.10143699603540929,-1.0778256158168134,0.017583183067157993,0.16931964915489411
718,42,143,481.67908357133285,4098.663948443455,382.72760047919166,4103.451630849024,54.0,0.10144833133620683,-1.316666104516614,0.10143699603540929,-1.3169972228626041,0.017583183067157993,0.1873425039857714
719,47,144,497.40279712570856,4039.075701869608,355.89235360691384,4097.862836751869,54.0,0.10144833133620683,-1.860689031263494,0.10143699603540929,-1.8582320826790515,0.017583183067157993,0.3165197856957534
720,61,144,463.203498736656,4062.892527800171,355.89235360691384,4097.862836751869,54.0,0.10144833133620683,-1.4340170992925851,0.10143699603540929,-1.4309511851976744,0.017583183067157993,0.23930676922008573
721,42,144,481.4936938530769,4095.225387665601,355.89235360691384,4097.862836751869,54.0,0.10144833133620683,-1.5938899809533287,0.10143699603540929,-1.5911391444430023,0.017583183067157993,0.25577640170814514
722,60,144,462.2337953932308,4065.780960132662,355.89235360691384,4097.862836751869,54.0,0.10144833133620683,-1.4005914071847623,0.10143699603540929,-1.397406363795203,0.017583183067157993,0.23645197181761185
723,4,144,296.61979068975745,4128.179301772369,355.89235360691384,4097.862836751869,54.0,0.10144833133620683,-0.5077197082017302,0.10143699603540929,-0.5072189522093465,0.017583183067157993,0.16025537093551423
724,41,144,461.8106926932424,4070.996636995212,355.89235360691384,4097.862836751869,54.0,0.10144833133620683,-1.3452340666867293,0.10143699603540929,-1.3417311823896783,0.017583183067157993,0.23371045382901476
725,31,144,286.22286085268047,4096.016113555928,355.89235360691384,4097.862836751869,54.0,0.10144833133620683,-0.7168392777979974,0.10143699603540929,-0.7156474966056614,0.017583183067157993,0.15927267645445103
726,44,144,470.9318574712719,4102.798680980681,355.89235360691384,4097.862836751869,54.0,0.10144833133620683,-1.4326962145252922,0.10143699603540929,-1.4297546851307652,0.017583183067157993,0.24152921984553666
727,27,144,413.6607163277177,4126.933692479007,355.89235360691384,4097.862836751869,54.0,0.10144833133620683,-0.9959063322270082,0.10143699603540929,-0.9972854938426557,0.017583183067157993,0.1547472063908812
728,4,145,296.61979068975745,4128.179301772369,368.5042753278341,4146.164635417134,54.0,0.10144833133620683,-0.7246022080361896,0.10143699603540929,-0.7219795128245294,0.017583183067157993,0.18087455982340828
729,27,145,413.6607163277177,4126.933692479007,368.5042753278341,4146.164635417134,54.0,0.10144833133620683,-0.7209857710106959,0.10143699603540929,-0.7217822554282732,0.017583183067157993,0.12174317446668194
730,31,145,286.22286085268047,4096.016113555928,368.5042753278341,4146.164635417134,54.0,0.10144833133620683,-0.9026519212191098,0.10143699603540929,-0.9014162894301598,0.017583183067157993,0.20952393766910096
731,44,145,470.9318574712719,4102.798680980681,368.5042753278341,4146.164635417134,54.0,0.10144833133620683,-1.3124041534999,0.10143699603540929,-1.3124991206888097,0.017583183067157993,0.22994908148666163
732,30,146,625.9985091941669,4344.425799606012,483.4527706543433,4132.207737141582,54.0,0.10144833133620683,-2.826380103541064,0.10143699603540929,-2.8260246706318353,0.017583183067157993,0.6031771473501909
733,40,146,580.3679443218005,4175.917211801147,483.4527706543433,4132.207737141582,54.0,0.10144833133620683,-1.1323876224169025,0.10143699603540929,-1.1322973550416517,0.017583183067157993,0.26395128908924737
734,23,146,485.3312407692456,4298.036308618457,483.4527706543433,4132.207737141582,54.0,0.10144833133620683,-1.3511013487655656,0.10143699603540929,-1.3489546712660774,0.017583183067157993,0.3386043760556421
735,61,146,463.203498736656,4062.892527800171,483.4527706543433,4132.207737141582,54.0,0.10144833133620683,-0.800266371775743,0.10143699603540929,-0.7998518030303652,0.017583183067157993,0.12376967718582295
736,37,146,628.569594659982,4182.409690156388,483.4527706543433,4132.207737141582,54.0,0.10144833133620683,-1.6432614156603411,0.10143699603540929,-1.646064126839843,0.017583183067157993,0.38373147298077676
737,29,146,679.1344462972443,4226.875249913833,483.4527706543433,4132.207737141582,54.0,0.10144833133620683,-2.256746666406655,0.10143699603540929,-2.261343268687267,0.017583183067157993,0.5646862508917403
738,41,146,461.8106926932424,4070.996636995212,483.4527706543433,4132.207737141582,54.0,0.10144833133620683,-0.7157757050994508,0.10143699603540929,-0.7156383049217722,0.017583183067157993,0.10825619795613624
739,39,146,491.6009153175041,3965.873607703836,483.4527706543433,4132.207737141582,54.0,0.10144833133620683,-1.8548982710666415,0.10143699603540929,-1.8539275118140857,0.017583183067157993,0.3636045311602775
740,45,146,517.3116391169647,4113.7490927459785,483.4527706543433,4132.207737141582,54.0,0.10144833133620683,-0.5368788404665675,0.10143699603540929,-0.5357845513718061,0.017583183067157993,0.08843043632029252
741,35,146,583.2192292927565,4207.570440686977,483.4527706543433,4132.207737141582,54.0,0.10144833133620683,-1.2791685671450266,0.10143699603540929,-1.2779004417438642,0.017583183067157993,0.3014878047536244
742,60,146,462.2337953932308,4065.780960132662,483.4527706543433,4132.207737141582,54.0,0.10144833133620683,-0.7721354990685569,0.10143699603540929,-0.7718514849535416,0.017583183067157993,0.1182036980920949
743,44,146,472.0029937650396,4104.126300266757,483.4527706543433,4132.207737141582,54.0,0.10144833133620683,-0.2805620162569462,0.10143699603540929,-0.2800643997917177,0.017583183067157993,0.05530213865326782
744,27,146,413.6607163277177,4126.933692479007,483.4527706543433,4132.207737141582,54.0,0.10144833133620683,-0.6433945548500222,0.10143699603540929,-0.6428562380895047,0.017583183067157993,0.13596660847392578
745,43,146,630.0947010611478,4141.259609929846,483.4527706543433,4132.207737141582,54.0,0.10144833133620683,-1.44517775667566,0.10143699603540929,-1.4533426373733718,0.017583183067157993,0.3948734664812318
746,52,146,577.7231586056545,4060.836546501464,483.4527706543433,4132.207737141582,54.0,0.10144833133620683,-1.4385829965143013,0.10143699603540929,-1.4362263054054871,0.017583183067157993,0.3247998285237883
747,27,147,413.6607163277177,4126.933692479007,386.806017351092,4179.57604157623,54.0,0.10144833133620683,-0.7831679621574213,0.10143699603540929,-0.7826605261422706,0.017583183067157993,0.1408423289386611
748,44,147,472.0029937650396,4104.126300266757,386.806017351092,4179.57604157623,54.0,0.10144833133620683,-1.2319885396276444,0.10143699603540929,-1.2303583961109381,0.017583183067157993,0.23508957632716054
749,19,147,324.8153272931308,4135.979057138678,386.806017351092,4179.57604157623,54.0,0.10144833133620683,-0.7128786174391941,0.10143699603540929,-0.7111704298930633,0.017583183067157993,0.17770901052730137
750,64,147,251.14156651564912,4194.6094429104505,386.806017351092,4179.57604157623,54.0,0.10144833133620683,-1.2272330179788407,0.10143699603540929,-1.2254249486220008,0.017583183067157993,0.3856034591308351
751,23,147,473.2888408458269,4304.725925046426,386.806017351092,4179.57604157623,54.0,0.10144833133620683,-2.076495021497424,0.10143699603540929,-2.07487664929452,0.017583183067157993,0.3772928274968375
752,22,147,301.6304881357929,4156.037775497009,386.806017351092,4179.57604157623,54.0,0.10144833133620683,-0.762573485303651,0.10143699603540929,-0.7617828501071908,0.017583183067157993,0.20914805490562752
753,31,147,286.22286085268047,4096.016113555928,386.806017351092,4179.57604157623,54.0,0.10144833133620683,-1.2020007616742552,0.10143699603540929,-1.2010746538403103,0.017583183067157993,0.29026019969157646
754,60,148,462.2337953932308,4065.780960132662,401.4932788272162,4176.635388358298,54.0,0.10144833133620683,-1.4129310374875286,0.10143699603540929,-1.411254057823243,0.017583183067157993,0.24555148063780663
755,22,148,301.6304881357929,4156.037775497009,401.4932788272162,4176.635388358298,54.0,0.10144833133620683,-0.9673018082210714,0.10143699603540929,-0.9662621057272688,0.017583183067157993,0.24240892114283283
756,16,148,510.22088537403255,4246.5421852479,401.4932788272162,4176.635388358298,54.0,0.10144833133620683,-1.3573167287262655,0.10143699603540929,-1.3586724082753252,0.017583183067157993,0.2814852006504047
757,65,148,465.43944178630807,4063.6597216274654,401.4932788272162,4176.635388358298,54.0,0.10144833133620683,-1.4636826358335144,0.10143699603540929,-1.4621368896165292,0.017583183067157993,0.2504315485016752
758,31,148,286.22286085268047,4096.016113555928,401.4932788272162,4176.635388358298,54.0,0.10144833133620683,-1.4403843002951446,0.10143699603540929,-1.4388998209130703,0.017583183067157993,0.3176387795588016
759,44,148,472.0029937650396,4104.126300266757,401.4932788272162,4176.635388358298,54.0,0.10144833133620683,-1.06090199227377,0.10143699603540929,-1.0592552052977198,0.017583183067157993,0.20127185668062517
760,41,148,461.8106926932424,4070.996636995212,401.4932788272162,4176.635388358298,54.0,0.10144833133620683,-1.3788902687498334,0.10143699603540929,-1.3774154085563457,0.017583183067157993,0.23668450904304095
761,23,148,474.5872176506747,4303.944856754831,401.4932788272162,4176.635388358298,54.0,0.10144833133620683,-2.000477862311009,0.10143699603540929,-2.0001122512176592,0.017583183067157993,0.3480721675852216
762,27,148,413.6607163277177,4126.933692479007,401.4932788272162,4176.635388358298,54.0,0.10144833133620683,-0.6860598120759263,0.10143699603540929,-0.6855896965771839,0.017583183067157993,0.11513841393952107
763,35,148,583.2192292927565,4207.570440686977,401.4932788272162,4176.635388358298,54.0,0.10144833133620683,-1.8277055962667306,0.10143699603540929,-1.8301213018566997,0.017583183067157993,0.43077652241065173
764,61,148,463.203498736656,4062.892527800171,401.4932788272162,4176.635388358298,54.0,0.10144833133620683,-1.4408998503568653,0.10143699603540929,-1.439166513953023,0.017583183067157993,0.2507212728637286
765,64,149,251.14156651564912,4194.6094429104505,389.9604697213796,4163.03171392889,54.0,0.10144833133620683,-1.33510050723776,0.10143699603540929,-1.3335923828133873,0.017583183067157993,0.3873656215343617
766,23,149,473.2888408458269,4304.725925046426,389.9604697213796,4163.03171392889,54.0,0.10144833133620683,-2.2616791955543203,0.10143699603540929,-2.2610524174782696,0.017583183067157993,0.39611859415796064
767,44,149,470.9318574712719,4102.798680980681,389.9604697213796,4163.03171392889,54.0,0.10144833133620683,-1.0713693152783155,0.10143699603540929,-1.070258331340725,0.017583183067157993,0.201130928173516
768,41,149,461.8106926932424,4070.996636995212,389.9604697213796,4163.03171392889,54.0,0.10144833133620683,-1.330521830080278,0.10143699603540929,-1.3294078013002546,0.017583183067157993,0.22731659802562565
769,65,149,465.43944178630807,4063.6597216274654,389.9604697213796,4163.03171392889,54.0,0.10144833133620683,-1.4098764655515588,0.10143699603540929,-1.408641294662997,0.017583183067157993,0.24121839802444878
770,27,149,413.6607163277177,4126.933692479007,389.9604697213796,4163.03171392889,54.0,0.10144833133620683,-0.5778109568464032,0.10143699603540929,-0.5777147399539826,0.017583183067157993,0.1011703690063317
771,31,149,286.22286085268047,4096.016113555928,389.9604697213796,4163.03171392889,54.0,0.10144833133620683,-1.2508951599395308,0.10143699603540929,-1.2493479421257332,0.017583183067157993,0.27679159246136315
772,16,149,510.22088537403255,4246.5421852479,389.9604697213796,4163.03171392889,54.0,0.10144833133620683,-1.5655628488577737,0.10143699603540929,-1.5666800536936913,0.017583183067157993,0.3229308211036904
773,19,149,324.8153272931308,4135.979057138678,389.9604697213796,4163.03171392889,54.0,0.10144833133620683,-0.7221815985089197,0.10143699603540929,-0.7199240583080597,0.017583183067157993,0.1649609561923051
774,22,150,301.6304881357929,4156.037775497009,394.9748241590559,4145.544797531951,54.0,0.10144833133620683,-0.984263116829915,0.10143699603540929,-0.9835130382715749,0.017583183067157993,0.22358654597789604
775,45,150,517.3116391169647,4113.7490927459785,394.9748241590559,4145.544797531951,54.0,0.10144833133620683,-1.298460917094207,0.10143699603540929,-1.2954171652897997,0.017583183067157993,0.2636324233553053
776,60,150,462.2337953932308,4065.780960132662,394.9748241590559,4145.544797531951,54.0,0.10144833133620683,-1.1762470611786353,0.10143699603540929,-1.1754648425908503,0.017583183067157993,0.19634526496471336
777,64,150,251.14156651564912,4194.6094429104505,394.9748241590559,4145.544797531951,54.0,0.10144833133620683,-1.4656027555056237,0.10143699603540929,-1.4654963471039193,0.017583183067157993,0.39166508330260474
778,31,150,286.22286085268047,4096.016113555928,394.9748241590559,4145.544797531951,54.0,0.10144833133620683,-1.3049975832772422,0.10143699603540929,-1.3048883859075535,0.017583183067157993,0.27854983546850387
779,16,150,510.22088537403255,4246.5421852479,394.9748241590559,4145.544797531951,54.0,0.10144833133620683,-1.5848745941803444,0.10143699603540929,-1.5854772665222452,0.017583183067157993,0.3355589455490201
780,41,150,461.8106926932424,4070.996636995212,394.9748241590559,4145.544797531951,54.0,0.10144833133620683,-1.144698074439925,0.10143699603540929,-1.1441179458228323,0.017583183067157993,0.1880100095276701
781,23,150,483.3372311402949,4299.149932898283,394.9748241590559,4145.544797531951,54.0,0.10144833133620683,-2.1266497628001177,0.10143699603540929,-2.1247962569780183,0.017583183067157993,0.41144858893136227
782,44,150,470.9318574712719,4102.798680980681,394.9748241590559,4145.544797531951,54.0,0.10144833133620683,-0.9057424454904663,0.10143699603540929,-0.9052119572023652,0.017583183067157993,0.16662454114459924
783,65,150,465.43944178630807,4063.6597216274654,394.9748241590559,4145.544797531951,54.0,0.10144833133620683,-1.2198357970484122,0.10143699603540929,-1.2191012598832445,0.017583183067157993,0.20183453053390943
784,19,150,324.8153272931308,4135.979057138678,394.9748241590559,4145.544797531951,54.0,0.10144833133620683,-0.8449776111628474,0.10143699603540929,-0.8431310990880433,0.017583183067157993,0.16865803648100705
785,27,150,413.6607163277177,4126.933692479007,394.9748241590559,4145.544797531951,54.0,0.10144833133620683,-0.3664029637611031,0.10143699603540929,-0.36667743182762713,0.017583183067157993,0.06154258064883679
786,61,150,463.203498736656,4062.892527800171,394.9748241590559,4145.544797531951,54.0,0.10144833133620683,-1.2015210043507507,0.10143699603540929,-1.2006628761319231,0.017583183067157993,0.20144151345957723
787,44,151,470.9318574712719,4102.798680980681,400.0129569713684,4123.689989750867,54.0,0.10144833133620683,-0.7966572105606304,0.10143699603540929,-0.7961013069526479,0.017583183067157993,0.13208479930853723
788,31,151,286.22286085268047,4096.016113555928,400.0129569713684,4123.689989750867,54.0,0.10144833133620683,-1.3181049689925237,0.10143699603540929,-1.3189433660278929,0.017583183067157993,0.2712302367373815
789,27,151,413.6607163277177,4126.933692479007,400.0129569713684,4123.689989750867,54.0,0.10144833133620683,-0.21466596446275238,0.10143699603540929,-0.21470313313282055,0.017583183067157993,0.032481902156927825
790,23,151,485.3312407692456,4298.036308618457,400.0129569713684,4123.689989750867,54.0,0.10144833133620683,-2.0518638896591765,0.10143699603540929,-2.049457979795658,0.017583183067157993,0.43339692150170434
791,16,151,510.22088537403255,4246.5421852479,400.0129569713684,4123.689989750867,54.0,0.10144833133620683,-1.7248490754420307,0.10143699603540929,-1.7233128707756151,0.017583183067157993,0.3544042326953588
792,22,151,301.6304881357929,4156.037775497009,400.0129569713684,4123.689989750867,54.0,0.10144833133620683,-1.1483420284976142,0.10143699603540929,-1.1457766590879988,0.017583183067157993,0.24458128433738646
793,41,151,461.8106926932424,4070.996636995212,400.0129569713684,4123.689989750867,54.0,0.10144833133620683,-0.9164109015072787,0.10143699603540929,-0.9155926715583746,0.017583183067157993,0.14280472871170174
794,19,151,324.8153272931308,4135.979057138678,400.0129569713684,4123.689989750867,54.0,0.10144833133620683,-0.9493778323245378,0.10143699603540929,-0.947509470705088,0.017583183067157993,0.1814386527563073
795,60,152,462.2337953932308,4065.780960132662,368.6002895440568,4115.012049920167,54.0,0.10144833133620683,-1.312250572679149,0.10143699603540929,-1.3114422157712022,0.017583183067157993,0.21659488274371513
796,21,152,129.6510563411616,4132.672991581291,368.6002895440568,4115.012049920167,54.0,0.10144833133620683,-2.331174986572675,0.10143699603540929,-2.334659061389216,0.017583183067157993,0.6237741367658556
797,44,152,470.9318574712719,4102.798680980681,368.6002895440568,4115.012049920167,54.0,0.10144833133620683,-1.305175156889409,0.10143699603540929,-1.3052900151266862,0.017583183067157993,0.20595507716540806
798,19,152,324.8153272931308,4135.979057138678,368.6002895440568,4115.012049920167,54.0,0.10144833133620683,-0.416330391923619,0.10143699603540929,-0.415562905796504,0.017583183067157993,0.10999135116664846
799,31,152,286.22286085268047,4096.016113555928,368.6002895440568,4115.012049920167,54.0,0.10144833133620683,-0.7677191471484516,0.10143699603540929,-0.767798469123061,0.017583183067157993,0.19090404623060744
800,22,152,301.6304881357929,4156.037775497009,368.6002895440568,4115.012049920167,54.0,0.10144833133620683,-0.662101643220687,0.10143699603540929,-0.6605128407088376,0.017583183067157993,0.17999008453242893
801,27,152,413.6607163277177,4126.933692479007,368.6002895440568,4115.012049920167,54.0,0.10144833133620683,-0.7516463889352137,0.10143699603540929,-0.7523629133273471,0.017583183067157993,0.11051950249511434
802,41,152,461.8106926932424,4070.996636995212,368.6002895440568,4115.012049920167,54.0,0.10144833133620683,-1.278673961739595,0.10143699603540929,-1.2782024126661569,0.017583183067157993,0.210182692816107
803,65,152,465.43944178630807,4063.6597216274654,368.6002895440568,4115.012049920167,54.0,0.10144833133620683,-1.3532027159700701,0.10143699603540929,-1.352365795361662,0.017583183067157993,0.22264449513117268
804,44,153,470.9318574712719,4102.798680980681,355.472496002833,4097.248517477484,54.0,0.10144833133620683,-1.4221143797495481,0.10143699603540929,-1.4190849163389778,0.017583183067157993,0.24363528156842262
805,41,153,461.8106926932424,4070.996636995212,355.472496002833,4097.248517477484,54.0,0.10144833133620683,-1.3497796713745993,0.10143699603540929,-1.346299460990997,0.017583183067157993,0.23442639478813213
806,19,153,316.10609806511434,4122.733676591362,355.472496002833,4097.248517477484,54.0,0.10144833133620683,-0.33335393134103863,0.10143699603540929,-0.3327081327460865,0.017583183067157993,0.10968573614402541
807,31,153,286.22286085268047,4096.016113555928,355.472496002833,4097.248517477484,54.0,0.10144833133620683,-0.7111325638796604,0.10143699603540929,-0.7099349625135559,0.017583183067157993,0.15815294635434188
808,64,153,251.14156651564912,4194.6094429104505,355.472496002833,4097.248517477484,54.0,0.10144833133620683,-1.3637201931028995,0.10143699603540929,-1.3604033639747644,0.017583183067157993,0.3858478716524046
809,22,153,291.5513345881172,4141.9609335740015,355.472496002833,4097.248517477484,54.0,0.10144833133620683,-0.6179358331676493,0.10143699603540929,-0.6170052667558334,0.017583183067157993,0.19167550520671284
810,27,153,413.6607163277177,4126.933692479007,355.472496002833,4097.248517477484,54.0,0.10144833133620683,-1.0059928317151166,0.10143699603540929,-1.0073494418117859,0.017583183067157993,0.15645845531657282
811,23,154,485.3312407692456,4298.036308618457,430.3589859894354,4126.467692831069,54.0,0.10144833133620683,-1.7180073713322221,0.10143699603540929,-1.7107008650581434,0.017583183067157993,0.388579127384023
812,27,154,413.6607163277177,4126.933692479007,430.3589859894354,4126.467692831069,54.0,0.10144833133620683,-0.21048344337863834,0.10143699603540929,-0.2103598528550627,0.017583183067157993,0.03829396262080546
813,35,154,583.2192292927565,4207.570440686977,430.3589859894354,4126.467692831069,54.0,0.10144833133620683,-1.5609817816982594,0.10143699603540929,-1.5578610612982475,0.017583183067157993,0.39212201485706294
814,39,154,491.6009153175041,3965.873607703836,430.3589859894354,4126.467692831069,54.0,0.10144833133620683,-1.5533520753768997,0.10143699603540929,-1.549578762252448,0.017583183067157993,0.3402181927407081
815,44,154,470.9318574712719,4102.798680980681,430.3589859894354,4126.467692831069,54.0,0.10144833133620683,-0.40347792088465917,0.10143699603540929,-0.4028623977804132,0.017583183067157993,0.07955752586392884
816,43,154,630.0947010611478,4141.259609929846,430.3589859894354,4126.467692831069,54.0,0.10144833133620683,-1.8921504437009653,0.10143699603540929,-1.8998832510537176,0.017583183067157993,0.49489193435264867
817,45,154,517.3116391169647,4113.7490927459785,430.3589859894354,4126.467692831069,54.0,0.10144833133620683,-0.863524085390961,0.10143699603540929,-0.8605890952239963,0.017583183067157993,0.17255923253118463
818,60,154,462.2337953932308,4065.780960132662,430.3589859894354,4126.467692831069,54.0,0.10144833133620683,-0.6863009180634947,0.10143699603540929,-0.6853834595600856,0.017583183067157993,0.11770976581839471
819,16,154,510.22088537403255,4246.5421852479,430.3589859894354,4126.467692831069,54.0,0.10144833133620683,-1.2497116296651023,0.10143699603540929,-1.2493292541798333,0.017583183067157993,0.3014941261792634
820,61,154,463.203498736656,4062.892527800171,430.3589859894354,4126.467692831069,54.0,0.10144833133620683,-0.7148963907908656,0.10143699603540929,-0.7139287498580591,0.017583183067157993,0.12288141092336863
821,66,154,493.8518825171933,3956.000689079267,430.3589859894354,4126.467692831069,54.0,0.10144833133620683,-1.6841555224402596,0.10143699603540929,-1.6806076715632905,0.017583183067157993,0.3648229381540952
822,65,154,465.43944178630807,4063.6597216274654,430.3589859894354,4126.467692831069,54.0,0.10144833133620683,-0.7358763074555142,0.10143699603540929,-0.7350860138024737,0.017583183067157993,0.12239308748758725
823,41,154,461.8106926932424,4070.996636995212,430.3589859894354,4126.467692831069,54.0,0.10144833133620683,-0.6504429985324922,0.10143699603540929,-0.649718447963265,0.017583183067157993,0.10862598395088059
824,47,154,497.40279712570856,4039.075701869608,430.3589859894354,4126.467692831069,54.0,0.10144833133620683,-1.3819699780618802,0.10143699603540929,-1.3832079428903126,0.017583183067157993,0.204374236099449
825,19,154,324.8153272931308,4135.979057138678,430.3589859894354,4126.467692831069,54.0,0.10144833133620683,-1.2833777601981082,0.10143699603540929,-1.2816154740492216,0.017583183067157993,0.24484196184025905
826,22,154,301.6304881357929,4156.037775497009,430.3589859894354,4126.467692831069,54.0,0.10144833133620683,-1.4716635568453642,0.10143699603540929,-1.4691677212977015,0.017583183067157993,0.3032857511716046
827,66,155,493.8518825171933,3956.000689079267,449.2000034266989,4134.187260300013,54.0,0.10144833133620683,-1.7570026640830743,0.10143699603540929,-1.755241061185991,0.017583183067157993,0.35662533495591514
828,41,155,461.8106926932424,4070.996636995212,449.2000034266989,4134.187260300013,54.0,0.10144833133620683,-0.6698869404791227,0.10143699603540929,-0.6701800494669756,0.017583183067157993,0.10002487475520469
829,37,155,628.569594659982,4182.409690156388,449.2000034266989,4134.187260300013,54.0,0.10144833133620683,-1.955960311128923,0.10143699603540929,-1.9557361712935635,0.017583183067157993,0.435425521746602
830,61,155,463.203498736656,4062.892527800171,449.2000034266989,4134.187260300013,54.0,0.10144833133620683,-0.7624012157515646,0.10143699603540929,-0.7626615326492726,0.017583183067157993,0.11417452446045054
831,47,155,497.40279712570856,4039.075701869608,449.2000034266989,4134.187260300013,54.0,0.10144833133620683,-1.3181002776286364,0.10143699603540929,-1.3202471536240667,0.017583183067157993,0.19733880899268968
832,39,155,491.6009153175041,3965.873607703836,449.2000034266989,4134.187260300013,54.0,0.10144833133620683,-1.6423242370191233,0.10143699603540929,-1.6403872197959593,0.017583183067157993,0.3315469678018516
833,44,155,472.0029937650396,4104.126300266757,449.2000034266989,4134.187260300013,54.0,0.10144833133620683,-0.2969882514660862,0.10143699603540929,-0.29678572000396436,0.017583183067157993,0.06056757207065694
834,45,155,517.3116391169647,4113.7490927459785,449.2000034266989,4134.187260300013,54.0,0.10144833133620683,-0.6971200557404985,0.10143699603540929,-0.6947170018969311,0.017583183067157993,0.1470134478785528
835,22,155,301.6304881357929,4156.037775497009,449.2000034266989,4134.187260300013,54.0,0.10144833133620683,-1.627479699345507,0.10143699603540929,-1.6256407643495918,0.017583183067157993,0.3403306508442983
836,35,155,583.2192292927565,4207.570440686977,449.2000034266989,4134.187260300013,54.0,0.10144833133620683,-1.3884083559319975,0.10143699603540929,-1.3856754875760187,0.017583183067157993,0.34993486418199377
837,27,155,413.6607163277177,4126.933692479007,449.2000034266989,4134.187260300013,54.0,0.10144833133620683,-0.37812278411747813,0.10143699603540929,-0.3775891923288784,0.017583183067157993,0.07665576588667125
838,40,155,580.3679443218005,4175.917211801147,449.2000034266989,4134.187260300013,54.0,0.10144833133620683,-1.41308439332142,0.10143699603540929,-1.4101457213761468,0.017583183067157993,0.31659369935188836
839,43,155,630.0947010611478,4141.259609929846,449.2000034266989,4134.187260300013,54.0,0.10144833133620683,-1.7176694618186958,0.10143699603540929,-1.7257915413234457,0.017583183067157993,0.45535993034203587
840,60,155,462.2337953932308,4065.780960132662,449.2000034266989,4134.187260300013,54.0,0.10144833133620683,-0.7297766936541639,0.10143699603540929,-0.730047132559268,0.017583183067157993,0.10916988947785167
841,19,155,324.8153272931308,4135.979057138678,449.2000034266989,4134.187260300013,54.0,0.10144833133620683,-1.449446485389938,0.10143699603540929,-1.4472918379223443,0.017583183067157993,0.2825515981326355
842,65,155,465.43944178630807,4063.6597216274654,449.2000034266989,4134.187260300013,54.0,0.10144833133620683,-0.754993387177177,0.10143699603540929,-0.7552642750092495,0.017583183067157993,0.11309106733693572
843,16,155,510.22088537403255,4246.5421852479,449.2000034266989,4134.187260300013,54.0,0.10144833133620683,-1.055084177106128,0.10143699603540929,-1.0554205809681148,0.017583183067157993,0.26288617012680526
844,23,155,485.3312407692456,4298.036308618457,449.2000034266989,4134.187260300013,54.0,0.10144833133620683,-1.2441675465435114,0.10143699603540929,-1.2369704250914164,0.017583183067157993,0.3458463554973304
845,47,156,497.40279712570856,4039.075701869608,419.46889643673006,4113.184483667058,54.0,0.10144833133620683,-1.2550516721916836,0.10143699603540929,-1.2551466846795878,0.017583183067157993,0.19744053056146083
846,43,156,630.0947010611478,4141.259609929846,419.46889643673006,4113.184483667058,54.0,0.10144833133620683,-2.0494881524914166,0.10143699603540929,-2.05429405785035,0.017583183067157993,0.5145866226599702
847,66,156,493.8518825171933,3956.000689079267,419.46889643673006,4113.184483667058,54.0,0.10144833133620683,-1.7219161473551812,0.10143699603540929,-1.719029319292577,0.017583183067157993,0.348675724786675
848,27,156,413.6607163277177,4126.933692479007,419.46889643673006,4113.184483667058,54.0,0.10144833133620683,-0.24155770048611083,0.10143699603540929,-0.24163888362660277,0.017583183067157993,0.03283711826241956
849,22,156,301.6304881357929,4156.037775497009,419.46889643673006,4113.184483667058,54.0,0.10144833133620683,-1.49591429086079,0.10143699603540929,-1.493267037182565,0.017583183067157993,0.2863605516610282
850,61,156,463.203498736656,4062.892527800171,419.46889643673006,4113.184483667058,54.0,0.10144833133620683,-0.644484352942638,0.10143699603540929,-0.6432448621332469,0.017583183067157993,0.11485371157729533
851,35,156,583.2192292927565,4207.570440686977,419.46889643673006,4113.184483667058,54.0,0.10144833133620683,-1.7726390015627733,0.10143699603540929,-1.7693602490777998,0.017583183067157993,0.41872765528858813
852,36,156,587.79522063936,3965.30735379632,419.46889643673006,4113.184483667058,54.0,0.10144833133620683,-3.183057019465534,0.10143699603540929,-3.179527968358218,0.017583183067157993,0.5924650546147079
853,31,156,286.22286085268047,4096.016113555928,419.46889643673006,4113.184483667058,54.0,0.10144833133620683,-1.5588892559161867,0.10143699603540929,-1.5583714616901676,0.017583183067157993,0.3042943156778525
854,39,156,491.6009153175041,3965.873607703836,419.46889643673006,4113.184483667058,54.0,0.10144833133620683,-1.5694128033077965,0.10143699603540929,-1.5661820240157882,0.017583183067157993,0.32283885981549615
855,45,156,517.3116391169647,4113.7490927459785,419.46889643673006,4113.184483667058,54.0,0.10144833133620683,-0.9813503550038811,0.10143699603540929,-0.9783204413025455,0.017583183067157993,0.18920122376775722
856,41,156,461.8106926932424,4070.996636995212,419.46889643673006,4113.184483667058,54.0,0.10144833133620683,-0.5959877415127746,0.10143699603540929,-0.5950588097670777,0.017583183067157993,0.10154416120894194
857,16,156,510.22088537403255,4246.5421852479,419.46889643673006,4113.184483667058,54.0,0.10144833133620683,-1.4735044162811206,0.10143699603540929,-1.4728857224496819,0.017583183067157993,0.33545871543270306
858,60,156,462.2337953932308,4065.780960132662,419.46889643673006,4113.184483667058,54.0,0.10144833133620683,-0.621539995160203,0.10143699603540929,-0.6203846755053908,0.017583183067157993,0.10981926541695003
859,44,156,470.9318574712719,4102.798680980681,419.46889643673006,4113.184483667058,54.0,0.10144833133620683,-0.4874182554110973,0.10143699603540929,-0.48676262602214626,0.017583183067157993,0.09080547058873842
860,23,156,485.3312407692456,4298.036308618457,419.46889643673006,4113.184483667058,54.0,0.10144833133620683,-1.9868063542906897,0.10143699603540929,-1.9803904671021229,0.017583183067157993,0.4220059380268293
861,19,156,324.8153272931308,4135.979057138678,419.46889643673006,4113.184483667058,54.0,0.10144833133620683,-1.2922591520376385,0.10143699603540929,-1.290441516488752,0.017583183067157993,0.22019045882744376
862,39,157,491.6009153175041,3965.873607703836,441.3058323016815,4117.330786645255,54.0,0.10144833133620683,-1.513922644237676,0.10143699603540929,-1.5113066393457382,0.017583183067157993,0.3140538356058056
863,41,157,461.8106926932424,4070.996636995212,441.3058323016815,4117.330786645255,54.0,0.10144833133620683,-0.570236102695865,0.10143699603540929,-0.5701564624307789,0.017583183067157993,0.08303166404763618
864,19,157,324.8153272931308,4135.979057138678,441.3058323016815,4117.330786645255,54.0,0.10144833133620683,-1.4657155486375644,0.10143699603540929,-1.4636161423339287,0.017583183067157993,0.26149687585520487
865,47,157,497.40279712570856,4039.075701869608,441.3058323016815,4117.330786645255,54.0,0.10144833133620683,-1.2592186519688846,0.10143699603540929,-1.260976096192803,0.017583183067157993,0.1779909174834484
866,23,157,485.3312407692456,4298.036308618457,441.3058323016815,4117.330786645255,54.0,0.10144833133620683,-1.5011841659639755,0.10143699603540929,-1.4936284687733379,0.017583183067157993,0.38696474949133847
867,61,157,463.203498736656,4062.892527800171,441.3058323016815,4117.330786645255,54.0,0.10144833133620683,-0.6474938583260219,0.10143699603540929,-0.647257278426977,0.017583183067157993,0.09743842241369095
868,31,157,286.22286085268047,4096.016113555928,441.3058323016815,4117.330786645255,54.0,0.10144833133620683,-1.7929271010912207,0.10143699603540929,-1.7922242148914775,0.017583183067157993,0.3460775075802135
869,60,157,462.2337953932308,4065.780960132662,441.3058323016815,4117.330786645255,54.0,0.10144833133620683,-0.6156980195356382,0.10143699603540929,-0.6154860101140696,0.017583183067157993,0.0923109362591428
870,66,157,493.8518825171933,3956.000689079267,441.3058323016815,4117.330786645255,54.0,0.10144833133620683,-1.63904526132316,0.10143699603540929,-1.636613439797154,0.017583183067157993,0.3391114062807358
871,43,157,630.0947010611478,4141.259609929846,441.3058323016815,4117.330786645255,54.0,0.10144833133620683,-1.776202066287052,0.10143699603540929,-1.7821502026358669,0.017583183067157993,0.4739059464000962
872,27,157,413.6607163277177,4126.933692479007,441.3058323016815,4117.330786645255,54.0,0.10144833133620683,-0.32975657082564835,0.10143699603540929,-0.32935009479771704,0.017583183067157993,0.05841603329663057
873,44,157,470.9318574712719,4102.798680980681,441.3058323016815,4117.330786645255,54.0,0.10144833133620683,-0.27842182871968557,0.10143699603540929,-0.27812206721023836,0.017583183067157993,0.05321216083534137
874,45,157,517.3116391169647,4113.7490927459785,441.3058323016815,4117.330786645255,54.0,0.10144833133620683,-0.7600528110066564,0.10143699603540929,-0.7573631368341823,0.017583183067157993,0.14932868852440762
875,35,157,583.2192292927565,4207.570440686977,441.3058323016815,4117.330786645255,54.0,0.10144833133620683,-1.6013444154695133,0.10143699603540929,-1.5988039869748558,0.017583183067157993,0.37488803026313555
876,65,157,465.43944178630807,4063.6597216274654,441.3058323016815,4117.330786645255,54.0,0.10144833133620683,-0.6616805310785276,0.10143699603540929,-0.6615879972862251,0.017583183067157993,0.09661356827625495
877,60,158,462.2337953932308,4065.780960132662,461.8757609389279,4119.020701517225,54.0,0.10144833133620683,-0.5977938669085936,0.10143699603540929,-0.5982198254407425,0.017583183067157993,0.08084955103048813
878,52,158,577.7231586056545,4060.836546501464,461.8757609389279,4119.020701517225,54.0,0.10144833133620683,-1.5329573936000824,0.10143699603540929,-1.5337999894579253,0.017583183067157993,0.3579525891876175
879,37,158,628.569594659982,4182.409690156388,461.8757609389279,4119.020701517225,54.0,0.10144833133620683,-1.8311455811973385,0.10143699603540929,-1.8350577337555363,0.017583183067157993,0.4263399059316276
880,27,158,413.6607163277177,4126.933692479007,461.8757609389279,4119.020701517225,54.0,0.10144833133620683,-0.47676397834192824,0.10143699603540929,-0.4760994372097299,0.017583183067157993,0.09085610187398023
881,61,158,463.203498736656,4062.892527800171,461.8757609389279,4119.020701517225,54.0,0.10144833133620683,-0.6294801199640021,0.10143699603540929,-0.6298944600627046,0.017583183067157993,0.08570036992143272
882,41,158,461.8106926932424,4070.996636995212,461.8757609389279,4119.020701517225,54.0,0.10144833133620683,-0.5370847015464218,0.10143699603540929,-0.5375287394614207,0.017583183067157993,0.07162476368356474
883,45,158,517.3116391169647,4113.7490927459785,461.8757609389279,4119.020701517225,54.0,0.10144833133620683,-0.5975376607855064,0.10143699603540929,-0.5950191720453077,0.017583183067157993,0.11777902885188885
884,31,158,286.22286085268047,4096.016113555928,461.8757609389279,4119.020701517225,54.0,0.10144833133620683,-1.966054308355306,0.10143699603540929,-1.9649610677433411,0.017583183067157993,0.3802139298805387
885,19,158,324.8153272931308,4135.979057138678,461.8757609389279,4119.020701517225,54.0,0.10144833133620683,-1.5878456035454136,0.10143699603540929,-1.5855995799759017,0.017583183067157993,0.2978814745640728
886,16,158,510.22088537403255,4246.5421852479,461.8757609389279,4119.020701517225,54.0,0.10144833133620683,-1.174717891638346,0.10143699603540929,-1.1750919422350086,0.017583183067157993,0.2797490925012978
887,40,158,580.3679443218005,4175.917211801147,461.8757609389279,4119.020701517225,54.0,0.10144833133620683,-1.3552519671505583,0.10143699603540929,-1.355881563697484,0.017583183067157993,0.30435269930959125
888,43,158,630.0947010611478,4141.259609929846,461.8757609389279,4119.020701517225,54.0,0.10144833133620683,-1.6365312570764614,0.10143699603540929,-1.6420915369105793,0.017583183067157993,0.4390039580218676
889,47,158,497.40279712570856,4039.075701869608,461.8757609389279,4119.020701517225,54.0,0.10144833133620683,-1.1697922229109876,0.10143699603540929,-1.1720950311978904,0.017583183067157993,0.1681622442543286
890,22,158,301.6304881357929,4156.037775497009,461.8757609389279,4119.020701517225,54.0,0.10144833133620683,-1.7537147742768608,0.10143699603540929,-1.7506973045149978,0.017583183067157993,0.36046532634540956
891,66,158,493.8518825171933,3956.000689079267,461.8757609389279,4119.020701517225,54.0,0.10144833133620683,-1.7113024081091122,0.10143699603540929,-1.7098530165840848,0.017583183067157993,0.3312572753325197
892,36,158,587.79522063936,3965.30735379632,461.8757609389279,4119.020701517225,54.0,0.10144833133620683,-2.8901199895573626,0.10143699603540929,-2.878727180012859,0.017583183067157993,0.5883791546050968
893,39,158,491.6009153175041,3965.873607703836,461.8757609389279,4119.020701517225,54.0,0.10144833133620683,-1.5900044417653405,0.10143699603540929,-1.5883390670011839,0.017583183067157993,0.3055868279784867
894,65,158,465.43944178630807,4063.6597216274654,461.8757609389279,4119.020701517225,54.0,0.10144833133620683,-0.6185449645861821,0.10143699603540929,-0.6189606980034423,0.017583183067157993,0.08406957166550304
895,29,158,679.1344462972443,4226.875249913833,461.8757609389279,4119.020701517225,54.0,0.10144833133620683,-2.4956293659687776,0.10143699603540929,-2.500832687008496,0.017583183067157993,0.6058954574804746
896,35,158,583.2192292927565,4207.570440686977,461.8757609389279,4119.020701517225,54.0,0.10144833133620683,-1.5131332747762696,0.10143699603540929,-1.5117929134111807,0.017583183067157993,0.3413358967597261
897,23,158,485.3312407692456,4298.036308618457,461.8757609389279,4119.020701517225,54.0,0.10144833133620683,-1.3052038231856882,0.10143699603540929,-1.3008859073933685,0.017583183067157993,0.35667191338325527
898,44,158,472.0029937650396,4104.126300266757,461.8757609389279,4119.020701517225,54.0,0.10144833133620683,-0.1479247574846154,0.10143699603540929,-0.14787883485363257,0.017583183067157993,0.027104997936007413
899,16,159,510.22088537403255,4246.5421852479,463.0991676542265,4094.409156956978,54.0,0.10144833133620683,-1.4831127523507834,0.10143699603540929,-1.4844575536965197,0.017583183067157993,0.3117673954207397
900,19,159,324.8153272931308,4135.979057138678,463.0991676542265,4094.409156956978,54.0,0.10144833133620683,-1.7741491011958854,0.10143699603540929,-1.7727039744582296,0.017583183067157993,0.30193657764466175
901,22,159,301.6304881357929,4156.037775497009,463.0991676542265,4094.409156956978,54.0,0.10144833133620683,-2.0300227874825354,0.10143699603540929,-2.0269164668020947,0.017583183067157993,0.3689635286873839
902,45,160,517.3116391169647,4113.7490927459785,497.349430140396,4097.801429893575,54.0,0.10144833133620683,-0.45061001315925786,0.10143699603540929,-0.4489429534148077,0.017583183067157993,0.07287013747538403
903,54,160,562.1256537151418,3993.041990758743,497.349430140396,4097.801429893575,54.0,0.10144833133620683,-1.9754738681814343,0.10143699603540929,-1.9655387838660723,0.017583183067157993,0.40637718591755845
904,47,160,497.40279712570856,4039.075701869608,497.349430140396,4097.801429893575,54.0,0.10144833133620683,-0.9004459556804056,0.10143699603540929,-0.9026518087726492,0.017583183067157993,0.12752890966863334
905,31,160,286.22286085268047,4096.016113555928,497.349430140396,4097.801429893575,54.0,0.10144833133620683,-2.5341849406506585,0.10143699603540929,-2.530702993998819,0.017583183067157993,0.4452827450148708
906,52,160,577.7231586056545,4060.836546501464,497.349430140396,4097.801429893575,54.0,0.10144833133620683,-1.206487285095744,0.10143699603540929,-1.2090938139895298,0.017583183067157993,0.28179953404274166
907,37,160,628.569594659982,4182.409690156388,497.349430140396,4097.801429893575,54.0,0.10144833133620683,-1.842553752988252,0.10143699603540929,-1.8417964827829674,0.017583183067157993,0.4220518229816273
908,51,160,515.5112789978382,4127.169092421015,497.349430140396,4097.801429893575,54.0,0.10144833133620683,-0.4714085227031536,0.10143699603540929,-0.4696979616309393,0.017583183067157993,0.08209278397818744
909,43,160,630.0947010611478,4141.259609929846,497.349430140396,4097.801429893575,54.0,0.10144833133620683,-1.508956432204021,0.10143699603540929,-1.50798536639437,0.017583183067157993,0.3999421575044447
910,36,160,587.79522063936,3965.30735379632,497.349430140396,4097.801429893575,54.0,0.10144833133620683,-2.441624012856145,0.10143699603540929,-2.428537888973394,0.017583183067157993,0.5447343679698019
911,44,160,483.44979327053113,4094.555736594287,497.349430140396,4097.801429893575,54.0,0.10144833133620683,-0.20445095439779878,0.10143699603540929,-0.20485961826717008,0.017583183067157993,0.02801652236667404
912,23,160,485.3312407692456,4298.036308618457,497.349430140396,4097.801429893575,54.0,0.10144833133620683,-1.6840010361403557,0.10143699603540929,-1.680907464947484,0.017583183067157993,0.4073447789624559
913,41,160,461.8106926932424,4070.996636995212,497.349430140396,4097.801429893575,54.0,0.10144833133620683,-0.6092862088859455,0.10143699603540929,-0.6102680646740675,0.017583183067157993,0.08072890479515912
914,16,160,516.0758652237084,4245.553096251029,497.349430140396,4097.801429893575,54.0,0.10144833133620683,-1.4024588849746609,0.10143699603540929,-1.4047481405062754,0.017583183067157993,0.3377931901990281
915,60,160,462.2337953932308,4065.780960132662,497.349430140396,4097.801429893575,54.0,0.10144833133620683,-0.6394910607689439,0.10143699603540929,-0.6403896427926792,0.017583183067157993,0.08860638618941596
916,35,160,583.2192292927565,4207.570440686977,497.349430140396,4097.801429893575,54.0,0.10144833133620683,-1.466185295222959,0.10143699603540929,-1.465641016577289,0.017583183067157993,0.35141991864158306
917,29,160,679.1344462972443,4226.875249913833,497.349430140396,4097.801429893575,54.0,0.10144833133620683,-2.397229066144794,0.10143699603540929,-2.398990397578633,0.017583183067157993,0.6232213906059819
918,61,160,463.203498736656,4062.892527800171,497.349430140396,4097.801429893575,54.0,0.10144833133620683,-0.6511809640064041,0.10143699603540929,-0.652045027434089,0.017583183067157993,0.09222139642215257
919,39,160,491.6009153175041,3965.873607703836,497.349430140396,4097.801429893575,54.0,0.10144833133620683,-1.525178580562727,0.10143699603540929,-1.5251521012129714,0.017583183067157993,0.29560853660257613
920,66,160,493.8518825171933,3956.000689079267,497.349430140396,4097.801429893575,54.0,0.10144833133620683,-1.6400585194556403,0.10143699603540929,-1.6402058047296295,0.017583183067157993,0.32028915785430156
921,27,160,413.6607163277177,4126.933692479007,497.349430140396,4097.801429893575,54.0,0.10144833133620683,-0.8647949301502018,0.10143699603540929,-0.8634602097271498,0.017583183067157993,0.16220354075031537
922,22,160,301.6304881357929,4156.037775497009,497.349430140396,4097.801429893575,54.0,0.10144833133620683,-2.1868264361822867,0.10143699603540929,-2.183166537985637,0.017583183067157993,0.42928440030701476
923,19,160,324.8153272931308,4135.979057138678,497.349430140396,4097.801429893575,54.0,0.10144833133620683,-2.0784152316512747,0.10143699603540929,-2.075253053162476,0.017583183067157993,0.3627959277358195
924,65,160,465.43944178630807,4063.6597216274654,497.349430140396,4097.801429893575,54.0,0.10144833133620683,-0.6290136022788068,0.10143699603540929,-0.6299451161359023,0.017583183067157993,0.08877121153262683
925,40,160,580.3679443218005,4175.917211801147,497.349430140396,4097.801429893575,54.0,0.10144833133620683,-1.241941577193485,0.10143699603540929,-1.241902294169908,0.017583183067157993,0.2931286464959168
926,27,161,413.6607163277177,4126.933692479007,427.0875297765728,4166.871477716365,54.0,0.10144833133620683,-0.5540896236372861,0.10143699603540929,-0.5532884028833258,0.017583183067157993,0.09386679634747985
927,22,161,301.6304881357929,4156.037775497009,427.0875297765728,4166.871477716365,54.0,0.10144833133620683,-1.308381860416936,0.10143699603540929,-1.3066965201410166,0.017583183067157993,0.29728778812821355
928,19,161,324.8153272931308,4135.979057138678,427.0875297765728,4166.871477716365,54.0,0.10144833133620683,-1.2833077631558947,0.10143699603540929,-1.2797426628878712,0.017583183067157993,0.2528710064216698
929,45,162,517.3116391169647,4113.7490927459785,445.0921586695306,4179.847078147817,54.0,0.10144833133620683,-0.8955397224184818,0.10143699603540929,-0.8951247326260207,0.017583183067157993,0.19598324834841074
930,16,162,510.22088537403255,4246.5421852479,445.0921586695306,4179.847078147817,54.0,0.10144833133620683,-0.8386166573036418,0.10143699603540929,-0.8395989058299866,0.017583183067157993,0.19691673051384836
931,37,162,628.569594659982,4182.409690156388,445.0921586695306,4179.847078147817,54.0,0.10144833133620683,-1.7182214044310746,0.10143699603540929,-1.7231477397117376,0.017583183067157993,0.43595088163419277
932,43,162,630.0947010611478,4141.259609929846,445.0921586695306,4179.847078147817,54.0,0.10144833133620683,-1.8457797430692984,0.10143699603540929,-1.8448681527599324,0.017583183067157993,0.47585992680040984
933,30,162,625.9985091941669,4344.425799606012,445.0921586695306,4179.847078147817,54.0,0.10144833133620683,-2.5520390338126284,0.10143699603540929,-2.548917697489714,0.017583183067157993,0.5482757642382069
934,35,162,583.2192292927565,4207.570440686977,445.0921586695306,4179.847078147817,54.0,0.10144833133620683,-1.3545285937900915,0.10143699603540929,-1.3550776582926805,0.017583183067157993,0.33309033172645364
935,41,162,461.8106926932424,4070.996636995212,445.0921586695306,4179.847078147817,54.0,0.10144833133620683,-1.1231218504557403,0.10143699603540929,-1.1212989605799382,0.017583183067157993,0.19602897402179786
936,23,162,485.3312407692456,4298.036308618457,445.0921586695306,4179.847078147817,54.0,0.10144833133620683,-1.15425872447362,0.10143699603540929,-1.1499781920356498,0.017583183067157993,0.26922358821132053
937,60,162,462.2337953932308,4065.780960132662,445.0921586695306,4179.847078147817,54.0,0.10144833133620683,-1.1831396625923,0.10143699603540929,-1.1812861520593023,0.017583183067157993,0.20517570836178398
938,44,162,472.0029937650396,4104.126300266757,445.0921586695306,4179.847078147817,54.0,0.10144833133620683,-0.6125532580298005,0.10143699603540929,-0.611172989952764,0.017583183067157993,0.14637101869846558
939,16,163,510.22088537403255,4246.5421852479,464.4918658899569,4168.568037566508,54.0,0.10144833133620683,-0.8108880509679687,0.10143699603540929,-0.8120407887808505,0.017583183067157993,0.19276001280474234
940,29,163,679.1344462972443,4226.875249913833,464.4918658899569,4168.568037566508,54.0,0.10144833133620683,-2.083402675599436,0.10143699603540929,-2.0873779302457427,0.017583183067157993,0.5758142529865046
941,35,163,583.2192292927565,4207.570440686977,464.4918658899569,4168.568037566508,54.0,0.10144833133620683,-1.2118148357130203,0.10143699603540929,-1.2120347167482748,0.017583183067157993,0.2967162056870568
942,27,163,413.6607163277177,4126.933692479007,464.4918658899569,4168.568037566508,54.0,0.10144833133620683,-0.6254792677010096,0.10143699603540929,-0.623600726385694,0.017583183067157993,0.13597073352097377
943,23,163,485.3312407692456,4298.036308618457,464.4918658899569,4168.568037566508,54.0,0.10144833133620683,-0.9917596282484209,0.10143699603540929,-0.986876496015862,0.017583183067157993,0.2705428567388974
944,44,163,472.0029937650396,4104.126300266757,464.4918658899569,4168.568037566508,54.0,0.10144833133620683,-0.44873750928293343,0.10143699603540929,-0.4479229113621871,0.017583183067157993,0.11242760573444074
945,37,163,628.569594659982,4182.409690156388,464.4918658899569,4168.568037566508,54.0,0.10144833133620683,-1.6032979759363262,0.10143699603540929,-1.603695122483721,0.017583183067157993,0.3960044703045345
946,43,163,630.0947010611478,4141.259609929846,464.4918658899569,4168.568037566508,54.0,0.10144833133620683,-1.7049017045170018,0.10143699603540929,-1.7032975213863446,0.017583183067157993,0.4335402977180947
947,61,163,463.203498736656,4062.892527800171,464.4918658899569,4168.568037566508,54.0,0.10144833133620683,-0.9482546570993777,0.10143699603540929,-0.9478911772724601,0.017583183067157993,0.17449570044884968
948,19,163,324.8153272931308,4135.979057138678,464.4918658899569,4168.568037566508,54.0,0.10144833133620683,-1.6777383868198448,0.10143699603540929,-1.6721597107593742,0.017583183067157993,0.3311906711602354
949,65,163,465.43944178630807,4063.6597216274654,464.4918658899569,4168.568037566508,54.0,0.10144833133620683,-0.9383008447545136,0.10143699603540929,-0.9379410529429403,0.017583183067157993,0.17292097822533592
950,45,163,517.3116391169647,4113.7490927459785,464.4918658899569,4168.568037566508,54.0,0.10144833133620683,-0.7556724124106958,0.10143699603540929,-0.7553381205154927,0.017583183067157993,0.1571784523046758
951,40,163,580.3679443218005,4175.917211801147,464.4918658899569,4168.568037566508,54.0,0.10144833133620683,-1.1128142946676778,0.10143699603540929,-1.1092261785221136,0.017583183067157993,0.28245815103599875
952,60,163,462.2337953932308,4065.780960132662,464.4918658899569,4168.568037566508,54.0,0.10144833133620683,-0.9169361627235451,0.10143699603540929,-0.916584207131358,0.017583183067157993,0.1697016781287868
953,30,163,625.9985091941669,4344.425799606012,464.4918658899569,4168.568037566508,54.0,0.10144833133620683,-2.4334392209424878,0.10143699603540929,-2.433138012729188,0.017583183067157993,0.5498149821354634
954,41,163,461.8106926932424,4070.996636995212,464.4918658899569,4168.568037566508,54.0,0.10144833133620683,-0.8587489350820711,0.10143699603540929,-0.8584184181307986,0.017583183067157993,0.16073922673165392
955,44,164,472.0029937650396,4104.126300266757,459.1578980508352,4149.265568710596,54.0,0.10144833133620683,-0.3507332377045951,0.10143699603540929,-0.3504117648178214,0.017583183067157993,0.07819340724794002
956,45,164,517.3116391169647,4113.7490927459785,459.1578980508352,4149.265568710596,54.0,0.10144833133620683,-0.7661429233481043,0.10143699603540929,-0.7654402851191092,0.017583183067157993,0.13540695795688956
957,60,164,462.2337953932308,4065.780960132662,459.1578980508352,4149.265568710596,54.0,0.10144833133620683,-0.8099492092533963,0.10143699603540929,-0.8100993766593593,0.017583183067157993,0.13339751394095528
958,40,164,580.3679443218005,4175.917211801147,459.1578980508352,4149.265568710596,54.0,0.10144833133620683,-1.1938006832736399,0.10143699603540929,-1.1895451327094302,0.017583183067157993,0.3005370814921534
959,22,164,301.6304881357929,4156.037775497009,459.1578980508352,4149.265568710596,54.0,0.10144833133620683,-1.630946540595574,0.10143699603540929,-1.62770944081762,0.017583183067157993,0.36358415394618904
960,43,164,630.0947010611478,4141.259609929846,459.1578980508352,4149.265568710596,54.0,0.10144833133620683,-1.64862818013585,0.10143699603540929,-1.6568696243115144,0.017583183067157993,0.43741315586935786
961,66,164,493.8518825171933,3956.000689079267,459.1578980508352,4149.265568710596,54.0,0.10144833133620683,-1.971525873651203,0.10143699603540929,-1.9703481966014378,0.017583183067157993,0.38940070304523355
962,65,164,465.43944178630807,4063.6597216274654,459.1578980508352,4149.265568710596,54.0,0.10144833133620683,-0.8326910282599604,0.10143699603540929,-0.832832645408969,0.017583183067157993,0.1368757312265682
963,16,164,510.22088537403255,4246.5421852479,459.1578980508352,4149.265568710596,54.0,0.10144833133620683,-0.9338179341171453,0.10143699603540929,-0.9343364256880136,0.017583183067157993,0.2301306452328937
964,35,164,583.2192292927565,4207.570440686977,459.1578980508352,4149.265568710596,54.0,0.10144833133620683,-1.2546605519284206,0.10143699603540929,-1.2529129259569312,0.017583183067157993,0.3210395108821017
965,37,164,628.569594659982,4182.409690156388,459.1578980508352,4149.265568710596,54.0,0.10144833133620683,-1.7450931877217946,0.10143699603540929,-1.7429898786719913,0.017583183067157993,0.4196020261295739
966,41,164,461.8106926932424,4070.996636995212,459.1578980508352,4149.265568710596,54.0,0.10144833133620683,-0.7509435221554042,0.10143699603540929,-0.7511140587877583,0.017583183067157993,0.12433495838686233
967,27,164,413.6607163277177,4126.933692479007,459.1578980508352,4149.265568710596,54.0,0.10144833133620683,-0.48716568142586003,0.10143699603540929,-0.4864613738855441,0.017583183067157993,0.1032718405760839
968,39,164,491.6009153175041,3965.873607703836,459.1578980508352,4149.265568710596,54.0,0.10144833133620683,-1.8477723189827917,0.10143699603540929,-1.8463421301504148,0.017583183067157993,0.36348839802345756
969,31,164,286.22286085268047,4096.016113555928,459.1578980508352,4149.265568710596,54.0,0.10144833133620683,-1.913496817264858,0.10143699603540929,-1.9145702569216414,0.017583183067157993,0.40440485850664726
970,23,164,485.3312407692456,4298.036308618457,459.1578980508352,4149.265568710596,54.0,0.10144833133620683,-1.1059373214677308,0.10143699603540929,-1.0999812510592124,0.017583183067157993,0.31023388615978065
971,30,164,625.9985091941669,4344.425799606012,459.1578980508352,4149.265568710596,54.0,0.10144833133620683,-2.5142178838522002,0.10143699603540929,-2.5147456584928505,0.017583183067157993,0.5902211597718001
972,29,164,679.1344462972443,4226.875249913833,459.1578980508352,4149.265568710596,54.0,0.10144833133620683,-2.1717962954632206,0.10143699603540929,-2.1745477110989726,0.017583183067157993,0.5984111454515066
973,47,164,497.40279712570856,4039.075701869608,459.1578980508352,4149.265568710596,54.0,0.10144833133620683,-1.367729776749129,0.10143699603540929,-1.369573538813421,0.017583183067157993,0.22614946316266585
974,19,164,324.8153272931308,4135.979057138678,459.1578980508352,4149.265568710596,54.0,0.10144833133620683,-1.5265862427995527,0.10143699603540929,-1.524307195371474,0.017583183067157993,0.3021594789231105
975,61,164,463.203498736656,4062.892527800171,459.1578980508352,4149.265568710596,54.0,0.10144833133620683,-0.8418253236039881,0.10143699603540929,-0.8419640005882371,0.017583183067157993,0.13828310935339738
976,40,165,580.3679443218005,4175.917211801147,475.4797026759927,4147.082451233341,54.0,0.10144833133620683,-1.1561816207532247,0.10143699603540929,-1.1528267681216595,0.017583183067157993,0.2690708975195864
977,41,165,461.8106926932424,4070.996636995212,475.4797026759927,4147.082451233341,54.0,0.10144833133620683,-0.7599914927504359,0.10143699603540929,-0.7603000557378637,0.017583183067157993,0.12200939638487704
978,45,165,517.3116391169647,4113.7490927459785,475.4797026759927,4147.082451233341,54.0,0.10144833133620683,-0.6774405913722965,0.10143699603540929,-0.6775137643662319,0.017583183067157993,0.11161743295112517
979,27,165,413.6607163277177,4126.933692479007,475.4797026759927,4147.082451233341,54.0,0.10144833133620683,-0.5785063133851318,0.10143699603540929,-0.5776827841367811,0.017583183067157993,0.1282340021173713
980,43,165,630.0947010611478,4141.259609929846,475.4797026759927,4147.082451233341,54.0,0.10144833133620683,-1.5347840718888237,0.10143699603540929,-1.5431810430210826,0.017583183067157993,0.4079944207283259
981,60,165,462.2337953932308,4065.780960132662,475.4797026759927,4147.082451233341,54.0,0.10144833133620683,-0.8189064563252758,0.10143699603540929,-0.8192054310512391,0.017583183067157993,0.13080814571438507
982,29,165,679.1344462972443,4226.875249913833,475.4797026759927,4147.082451233341,54.0,0.10144833133620683,-2.1670149749221435,0.10143699603540929,-2.169786107415917,0.017583183067157993,0.5686733608866584
983,66,165,493.8518825171933,3956.000689079267,475.4797026759927,4147.082451233341,54.0,0.10144833133620683,-2.1474689904457995,0.10143699603540929,-2.1471266041460324,0.017583183067157993,0.4151435961882992
984,30,165,625.9985091941669,4344.425799606012,475.4797026759927,4147.082451233341,54.0,0.10144833133620683,-2.5981312570701065,0.10143699603540929,-2.600062853455735,0.017583183067157993,0.5801351285998291
985,31,165,286.22286085268047,4096.016113555928,475.4797026759927,4147.082451233341,54.0,0.10144833133620683,-2.0531068499946685,0.10143699603540929,-2.053474358499972,0.017583183067157993,0.42877414690865867
986,44,165,472.0029937650396,4104.126300266757,475.4797026759927,4147.082451233341,54.0,0.10144833133620683,-0.3510589655770858,0.10143699603540929,-0.3510165980522775,0.017583183067157993,0.07097906691308402
987,61,165,463.203498736656,4062.892527800171,475.4797026759927,4147.082451233341,54.0,0.10144833133620683,-0.8502894544719642,0.10143699603540929,-0.850590467693317,0.017583183067157993,0.13531985121902676
988,37,165,628.569594659982,4182.409690156388,475.4797026759927,4147.082451233341,54.0,0.10144833133620683,-1.7135928344537916,0.10143699603540929,-1.7122740394378329,0.017583183067157993,0.386791025410757
989,35,165,583.2192292927565,4207.570440686977,475.4797026759927,4147.082451233341,54.0,0.10144833133620683,-1.19743901299111,0.10143699603540929,-1.194984436208358,0.017583183067157993,0.29701745803367724
990,19,165,324.8153272931308,4135.979057138678,475.4797026759927,4147.082451233341,54.0,0.10144833133620683,-1.6374229265148486,0.10143699603540929,-1.6349959454588463,0.017583183067157993,0.33100347834953414
991,22,165,301.6304881357929,4156.037775497009,475.4797026759927,4147.082451233341,54.0,0.10144833133620683,-1.675226624038687,0.10143699603540929,-1.6730704003052084,0.017583183067157993,0.38777008777791055
992,52,165,577.7231586056545,4060.836546501464,475.4797026759927,4147.082451233341,54.0,0.10144833133620683,-1.599427474309142,0.10143699603540929,-1.5969601215922253,0.017583183067157993,0.3530199873752887
993,47,165,497.40279712570856,4039.075701869608,475.4797026759927,4147.082451233341,54.0,0.10144833133620683,-1.4184333708796153,0.10143699603540929,-1.4201491320990831,0.017583183067157993,0.22416541586588418
994,39,165,491.6009153175041,3965.873607703836,475.4797026759927,4147.082451233341,54.0,0.10144833133620683,-2.031102985568545,0.10143699603540929,-2.0305876273985253,0.017583183067157993,0.3901785296146289
995,23,165,485.3312407692456,4298.036308618457,475.4797026759927,4147.082451233341,54.0,0.10144833133620683,-1.182808563384279,0.10143699603540929,-1.1802011837209108,0.017583183067157993,0.31370723684927604
996,65,165,465.43944178630807,4063.6597216274654,475.4797026759927,4147.082451233341,54.0,0.10144833133620683,-0.8401591095509803,0.10143699603540929,-0.8404903713462111,0.017583183067157993,0.13317740248210852
997,16,165,510.22088537403255,4246.5421852479,475.4797026759927,4147.082451233341,54.0,0.10144833133620683,-0.9736339941340029,0.10143699603540929,-0.9744652297843334,0.017583183067157993,0.22592896209240942
998,19,166,324.8153272931308,4135.979057138678,498.85963272442586,4149.354031148768,54.0,0.10144833133620683,-1.9069326062856393,0.10143699603540929,-1.9052227928147467,0.017583183067157993,0.3713461131383587
999,22,166,301.6304881357929,4156.037775497009,498.85963272442586,4149.354031148768,54.0,0.10144833133620683,-1.9911244682161366,0.10143699603540929,-1.9872731380622832,0.017583183067157993,0.43881855779050455
1000,29,166,679.1344462972443,4226.875249913833,498.85963272442586,4149.354031148768,54.0,0.10144833133620683,-2.015584267424811,0.10143699603540929,-2.017933963138122,0.017583183067157993,0.5253729329181623
1001,27,166,413.6607163277177,4126.933692479007,498.85963272442586,4149.354031148768,54.0,0.10144833133620683,-0.8455044092570859,0.10143699603540929,-0.8454399930951702,0.017583183067157993,0.16735199397212433
1002,16,166,515.9011274209425,4245.55274990534,498.85963272442586,4149.354031148768,54.0,0.10144833133620683,-0.9608601637361234,0.10143699603540929,-0.9631800739576797,0.017583183067157993,0.22104034722447743
1003,30,166,625.9985091941669,4344.425799606012,498.85963272442586,4149.354031148768,54.0,0.10144833133620683,-2.598019431296673,0.10143699603540929,-2.5960524035938537,0.017583183067157993,0.5680339229437906
1004,23,166,485.3312407692456,4298.036308618457,498.85963272442586,4149.354031148768,54.0,0.10144833133620683,-1.158994808633823,0.10143699603540929,-1.156312396889453,0.017583183067157993,0.3104178132530391
1005,44,167,470.9318574712719,4102.798680980681,350.7173577542719,4134.155684330466,54.0,0.10144833133620683,-1.6090610571518935,0.10143699603540929,-1.608324516292216,0.017583183067157993,0.25986876690819627
1006,27,167,413.6607163277177,4126.933692479007,350.7173577542719,4134.155684330466,54.0,0.10144833133620683,-0.938149865567811,0.10143699603540929,-0.9383283768677122,0.017583183067157993,0.15780933353335483
1007,31,167,286.22286085268047,4096.016113555928,350.7173577542719,4134.155684330466,54.0,0.10144833133620683,-0.5833125469810684,0.10143699603540929,-0.5827683705998535,0.017583183067157993,0.1564084855054528
1008,41,167,461.8106926932424,4070.996636995212,350.7173577542719,4134.155684330466,54.0,0.10144833133620683,-1.6679412911680318,0.10143699603540929,-1.6671903471985767,0.017583183067157993,0.2685780325778102
1009,65,167,465.43944178630807,4063.6597216274654,350.7173577542719,4134.155684330466,54.0,0.10144833133620683,-1.7247760200823734,0.10143699603540929,-1.7239946874989158,0.017583183067157993,0.2828005391431021
1010,64,167,251.14156651564912,4194.6094429104505,350.7173577542719,4134.155684330466,54.0,0.10144833133620683,-1.0093907712147554,0.10143699603540929,-1.0043865669081906,0.017583183067157993,0.2942289290868242
1011,25,168,264.330530090726,3842.899620060988,131.46744279750484,4022.1752609204777,54.0,0.10144833133620683,-2.208849694419805,0.10143699603540929,-2.210876150258866,0.017583183067157993,0.540747956563774
1012,6,168,202.24335058105044,4025.5497211369657,131.46744279750484,4022.1752609204777,54.0,0.10144833133620683,-0.9886133583375896,0.10143699603540929,-0.9847300729880504,0.017583183067157993,0.19136826665453158
1013,28,168,181.0656949265822,4007.0767963031503,131.46744279750484,4022.1752609204777,54.0,0.10144833133620683,-0.6544250842311791,0.10143699603540929,-0.6519916517266733,0.017583183067157993,0.1383738584741478
1014,9,168,9.936533141897351,4088.226647492491,131.46744279750484,4022.1752609204777,54.0,0.10144833133620683,-1.17317324213023,0.10143699603540929,-1.1721650856413433,0.017583183067157993,0.4062631437103766
1015,25,169,264.330530090726,3842.899620060988,142.92374259500085,4021.607757539198,54.0,0.10144833133620683,-2.1282599044549846,0.10143699603540929,-2.1300703120298246,0.017583183067157993,0.5157466459077078
1016,28,169,181.0656949265822,4007.0767963031503,142.92374259500085,4021.607757539198,54.0,0.10144833133620683,-0.5147151905252283,0.10143699603540929,-0.5124311379776136,0.017583183067157993,0.10745285589482519
1017,9,169,9.936533141897351,4088.226647492491,142.92374259500085,4021.607757539198,54.0,0.10144833133620683,-1.296702714289056,0.10143699603540929,-1.2936998369273474,0.017583183067157993,0.43573505596126383
1018,6,169,202.24335058105044,4025.5497211369657,142.92374259500085,4021.607757539198,54.0,0.10144833133620683,-0.8581797097659027,0.10143699603540929,-0.8544911076363171,0.017583183067157993,0.15972528429941407
1019,6,170,202.24335058105044,4025.5497211369657,167.98837729426415,4027.149371312973,54.0,0.10144833133620683,-0.4980433383018768,0.10143699603540929,-0.49605067673547604,0.017583183067157993,0.09425534897499559
1020,28,170,181.0656949265822,4007.0767963031503,167.98837729426415,4027.149371312973,54.0,0.10144833133620683,-0.3607259761825062,0.10143699603540929,-0.35915439963640594,0.017583183067157993,0.06433888663813282
1021,9,170,9.936533141897351,4088.226647492491,167.98837729426415,4027.149371312973,54.0,0.10144833133620683,-1.5403453795041342,0.10143699603540929,-1.5340877205703802,0.017583183067157993,0.49014794900520975
1022,25,170,264.330530090726,3842.899620060988,167.98837729426415,4027.149371312973,54.0,0.10144833133620683,-2.311882109616241,0.10143699603540929,-2.311603000839801,0.017583183067157993,0.4905107271967883
1023,38,171,292.2609771757026,3909.816818957042,187.05359221279923,4017.21674433976,54.0,0.10144833133620683,-1.610181594743623,0.10143699603540929,-1.6073468914640534,0.017583183067157993,0.36119916875774877
1024,28,171,181.0656949265822,4007.0767963031503,187.05359221279923,4017.21674433976,54.0,0.10144833133620683,-0.24226279264371126,0.10143699603540929,-0.2411235184792235,0.017583183067157993,0.03444642696263637
1025,6,171,202.24335058105044,4025.5497211369657,187.05359221279923,4017.21674433976,54.0,0.10144833133620683,-0.3360111030594804,0.10143699603540929,-0.33458616579758743,0.017583183067157993,0.050750995658665
1026,25,171,267.9482254989196,3844.583776105834,187.05359221279923,4017.21674433976,54.0,0.10144833133620683,-2.106563789925735,0.10143699603540929,-2.1057034816492006,0.017583183067157993,0.44522992958600327
1027,9,171,9.936533141897351,4088.226647492491,187.05359221279923,4017.21674433976,54.0,0.10144833133620683,-1.881979790099216,0.10143699603540929,-1.874184304218822,0.017583183067157993,0.5471770481064094
1028,25,172,264.330530090726,3842.899620060988,162.7302657389057,4007.499501585424,54.0,0.10144833133620683,-1.9594669034037437,0.10143699603540929,-1.9616427301321937,0.017583183067157993,0.45293681026306043
1029,9,172,9.936533141897351,4088.226647492491,162.7302657389057,4007.499501585424,54.0,0.10144833133620683,-1.5816623686436686,0.10143699603540929,-1.5788527127857745,0.017583183067157993,0.49899795664414204
1030,28,172,181.0656949265822,4007.0767963031503,162.7302657389057,4007.499501585424,54.0,0.10144833133620683,-0.2571813426141143,0.10143699603540929,-0.2558841084912793,0.017583183067157993,0.04908591953084272
1031,25,173,264.330530090726,3842.899620060988,162.64141812057804,3985.038793359939,54.0,0.10144833133620683,-1.6812053834343705,0.10143699603540929,-1.682717505632342,0.017583183067157993,0.41072201628880356
1032,6,173,202.24335058105044,4025.5497211369657,162.64141812057804,3985.038793359939,54.0,0.10144833133620683,-0.862635606829133,0.10143699603540929,-0.8603173261132427,0.017583183067157993,0.15058239249758235
1033,28,173,181.0656949265822,4007.0767963031503,162.64141812057804,3985.038793359939,54.0,0.10144833133620683,-0.3446803552995692,0.10143699603540929,-0.34466620121632807,0.017583183067157993,0.07392995404194168
1034,28,174,181.0656949265822,4007.0767963031503,160.65340157556597,3968.598112467385,54.0,0.10144833133620683,-0.4790654692864113,0.10143699603540929,-0.47886857960360496,0.017583183067157993,0.10991594575222298
1035,25,174,264.330530090726,3842.899620060988,160.65340157556597,3968.598112467385,54.0,0.10144833133620683,-1.5450680069868608,0.10143699603540929,-1.5456572767119743,0.017583183067157993,0.3853452386775978
1036,38,174,292.2609771757026,3909.816818957042,160.65340157556597,3968.598112467385,54.0,0.10144833133620683,-1.490241784064351,0.10143699603540929,-1.49108677918045,0.017583183067157993,0.33121826901765544
1037,53,174,275.4374088407163,3843.51011953928,160.65340157556597,3968.598112467385,54.0,0.10144833133620683,-1.5888554137937259,0.10143699603540929,-1.5877087336243103,0.017583183067157993,0.39540899461421697
1038,25,175,264.330530090726,3842.899620060988,136.56628878569435,3964.708171074401,54.0,0.10144833133620683,-1.695121062920289,0.10143699603540929,-1.6995906016599116,0.017583183067157993,0.4344837678955603
1039,9,175,9.936533141897351,4088.226647492491,136.56628878569435,3964.708171074401,54.0,0.10144833133620683,-1.9379671181662266,0.10143699603540929,-1.9487654804573291,0.017583183067157993,0.5474744418531264
1040,28,175,181.0656949265822,4007.0767963031503,136.56628878569435,3964.708171074401,54.0,0.10144833133620683,-0.6692005058430981,0.10143699603540929,-0.671239929882411,0.017583183067157993,0.1599705593484138
1041,9,176,9.936533141897351,4088.226647492491,91.3677403813582,3953.0176969902304,54.0,0.10144833133620683,-1.8700469853711732,0.10143699603540929,-1.8733809936757178,0.017583183067157993,0.5107964443063855
1042,28,176,181.0656949265822,4007.0767963031503,91.3677403813582,3953.0176969902304,54.0,0.10144833133620683,-1.3387665107640927,0.10143699603540929,-1.343564754965007,0.017583183067157993,0.29857292217635506
1043,25,176,264.330530090726,3842.899620060988,91.3677403813582,3953.0176969902304,54.0,0.10144833133620683,-2.229301329437146,0.10143699603540929,-2.2371316058750503,0.017583183067157993,0.5528080876166606
1044,25,177,264.330530090726,3842.899620060988,152.51651964535588,3953.440781658878,54.0,0.10144833133620683,-1.4771679087340737,0.10143699603540929,-1.4802006225952022,0.017583183067157993,0.3794740080151592
1045,28,177,181.0656949265822,4007.0767963031503,152.51651964535588,3953.440781658878,54.0,0.10144833133620683,-0.6251112637602811,0.10143699603540929,-0.6237662623845928,0.017583183067157993,0.15279728816998214
1046,53,177,275.4374088407163,3843.51011953928,152.51651964535588,3953.440781658878,54.0,0.10144833133620683,-1.5283219873977447,0.10143699603540929,-1.529690254998272,0.017583183067157993,0.3919167819424673
1047,38,178,292.2609771757026,3909.816818957042,176.41135512934196,3951.860447410247,54.0,0.10144833133620683,-1.2948587964988363,0.10143699603540929,-1.2967199816501251,0.017583183067157993,0.2771748894965701
1048,28,178,181.0656949265822,4007.0767963031503,176.41135512934196,3951.860447410247,54.0,0.10144833133620683,-0.7619667093160223,0.10143699603540929,-0.7614296237042067,0.017583183067157993,0.13820979657234608
1049,53,178,275.4374088407163,3843.51011953928,176.41135512934196,3951.860447410247,54.0,0.10144833133620683,-1.3877412906275257,0.10143699603540929,-1.3880121576156144,0.017583183067157993,0.33838713930738235
1050,25,178,264.330530090726,3842.899620060988,176.41135512934196,3951.860447410247,54.0,0.10144833133620683,-1.3511184098009268,0.10143699603540929,-1.3530724099616318,0.017583183067157993,0.3276656077954002
1051,25,179,264.330530090726,3842.899620060988,128.91722771380137,3941.241308419875,54.0,0.10144833133620683,-1.6328081075795056,0.10143699603540929,-1.6414178938508612,0.017583183067157993,0.42359426962025887
1052,28,179,181.0656949265822,4007.0767963031503,128.91722771380137,3941.241308419875,54.0,0.10144833133620683,-0.9118836512256618,0.10143699603540929,-0.913581171825365,0.017583183067157993,0.22100245546253416
1053,38,179,292.2609771757026,3909.816818957042,128.91722771380137,3941.241308419875,54.0,0.10144833133620683,-1.909204318065212,0.10143699603540929,-1.9111170461138038,0.017583183067157993,0.39100547714322537
1054,28,180,181.0656949265822,4007.0767963031503,148.1263215529927,3940.12948749086,54.0,0.10144833133620683,-0.769224662872461,0.10143699603540929,-0.7675776190957455,0.017583183067157993,0.1893214168515103
1055,25,180,264.330530090726,3842.899620060988,148.1263215529927,3940.12948749086,54.0,0.10144833133620683,-1.4168961738083636,0.10143699603540929,-1.4227740922858945,0.017583183067157993,0.3709434235764429
1056,28,181,181.0656949265822,4007.0767963031503,182.4648258664013,3932.874764215047,54.0,0.10144833133620683,-0.9766355970323117,0.10143699603540929,-0.9756644552983893,0.017583183067157993,0.18419698217420621
1057,38,181,292.2609771757026,3909.816818957042,182.4648258664013,3932.874764215047,54.0,0.10144833133620683,-1.3267182494980894,0.10143699603540929,-1.328785698910809,0.017583183067157993,0.2472699360165016
1058,31,181,286.22286085268047,4096.016113555928,182.4648258664013,3932.874764215047,54.0,0.10144833133620683,-2.119970829875778,0.10143699603540929,-2.1187902652333466,0.017583183067157993,0.476447866768194
1059,25,181,264.330530090726,3842.899620060988,182.4648258664013,3932.874764215047,54.0,0.10144833133620683,-1.132366567259875,0.10143699603540929,-1.1357448997264425,0.017583183067157993,0.28586528894758234
1060,53,181,275.4374088407163,3843.51011953928,182.4648258664013,3932.874764215047,54.0,0.10144833133620683,-1.1775284169822264,0.10143699603540929,-1.1794436940332824,0.017583183067157993,0.2987386092953158
1061,25,182,264.330530090726,3842.899620060988,173.58386476794828,3928.838452489801,54.0,0.10144833133620683,-1.1534841631408974,0.10143699603540929,-1.1581024710691636,0.017583183067157993,0.29776593558839
1062,53,182,275.4374088407163,3843.51011953928,173.58386476794828,3928.838452489801,54.0,0.10144833133620683,-1.2041847325619617,0.10143699603540929,-1.2074596713797145,0.017583183067157993,0.31211138886929296
1063,38,182,292.2609771757026,3909.816818957042,173.58386476794828,3928.838452489801,54.0,0.10144833133620683,-1.4204106813735518,0.10143699603540929,-1.422062907230886,0.017583183067157993,0.2674996229399559
1064,28,182,181.0656949265822,4007.0767963031503,173.58386476794828,3928.838452489801,54.0,0.10144833133620683,-1.0071748360414883,0.10143699603540929,-1.0060073549399897,0.017583183067157993,0.19718506835084956
1065,38,183,292.2609771757026,3909.816818957042,136.87238558022665,3929.4849208670153,54.0,0.10144833133620683,-1.7566693989091131,0.10143699603540929,-1.7591416835538474,0.017583183067157993,0.3666394814941025
1066,28,183,181.0656949265822,4007.0767963031503,136.87238558022665,3929.4849208670153,54.0,0.10144833133620683,-0.9414879847231936,0.10143699603540929,-0.9412857405934278,0.017583183067157993,0.2321014129918662
1067,25,183,264.330530090726,3842.899620060988,136.87238558022665,3929.4849208670153,54.0,0.10144833133620683,-1.5050456413071787,0.10143699603540929,-1.512848007583945,0.017583183067157993,0.3901848863690983
1068,28,184,181.0656949265822,4007.0767963031503,156.24135505481868,3922.6741068498113,54.0,0.10144833133620683,-0.9404249807259996,0.10143699603540929,-0.9378826394856885,0.017583183067157993,0.2234835363181837
1069,38,184,292.2609771757026,3909.816818957042,156.24135505481868,3922.6741068498113,54.0,0.10144833133620683,-1.525181888149302,0.10143699603540929,-1.5286614506642477,0.017583183067157993,0.3125666788401751
1070,25,184,264.330530090726,3842.899620060988,156.24135505481868,3922.6741068498113,54.0,0.10144833133620683,-1.267026662705207,0.10143699603540929,-1.2742473748490457,0.017583183067157993,0.3318209007840964
1071,53,184,275.4374088407163,3843.51011953928,156.24135505481868,3922.6741068498113,54.0,0.10144833133620683,-1.3011493664179925,0.10143699603540929,-1.3082109506287967,0.017583183067157993,0.3460402609410339
1072,25,185,264.330530090726,3842.899620060988,171.44635452375624,3912.403444300099,54.0,0.10144833133620683,-1.0946839456033413,0.10143699603540929,-1.100898255375466,0.017583183067157993,0.28333922760440927
1073,53,185,275.4374088407163,3843.51011953928,171.44635452375624,3912.403444300099,54.0,0.10144833133620683,-1.1340546422541793,0.10143699603540929,-1.1401655207900452,0.017583183067157993,0.2985703227371021
1074,38,185,292.2609771757026,3909.816818957042,171.44635452375624,3912.403444300099,54.0,0.10144833133620683,-1.37945125710055,0.10143699603540929,-1.3820887605400436,0.017583183067157993,0.2715610990441113
1075,9,186,9.936533141897351,4088.226647492491,118.65252903866116,3961.4694151676936,54.0,0.10144833133620683,-1.923529531405503,0.10143699603540929,-1.9257506658215422,0.017583183067157993,0.5249030974017636
1076,28,187,181.0656949265822,4007.0767963031503,114.09596867009677,3946.963824253541,54.0,0.10144833133620683,-1.0552671989647908,0.10143699603540929,-1.0578273423867195,0.017583183067157993,0.24433544756597864
1077,25,187,264.330530090726,3842.899620060988,114.09596867009677,3946.963824253541,54.0,0.10144833133620683,-1.8629771084600306,0.10143699603540929,-1.8713378561062328,0.017583183067157993,0.4739891102960607
1078,21,188,103.34699834515416,4117.964937310308,102.69447175575694,3952.059237909345,54.0,0.10144833133620683,-1.6199964368980881,0.10143699603540929,-1.617428095769964,0.017583183067157993,0.4764923195032211
1079,28,188,181.0656949265822,4007.0767963031503,102.69447175575694,3952.059237909345,54.0,0.10144833133620683,-1.1911444924092656,0.10143699603540929,-1.1938738569660279,0.017583183067157993,0.2646543126897117
1080,38,188,292.2609771757026,3909.816818957042,102.69447175575694,3952.059237909345,54.0,0.10144833133620683,-2.299499388859464,0.10143699603540929,-2.3010081941260063,0.017583183067157993,0.4756444431658172
1081,25,188,264.330530090726,3842.899620060988,102.69447175575694,3952.059237909345,54.0,0.10144833133620683,-2.056545402117331,0.10143699603540929,-2.0643063734142224,0.017583183067157993,0.5141935949250694
1082,9,188,9.936533141897351,4088.226647492491,102.69447175575694,3952.059237909345,54.0,0.10144833133620683,-1.9453813577623518,0.10143699603540929,-1.9476698351327788,0.017583183067157993,0.5293916148931002
1083,28,189,181.0656949265822,4007.0767963031503,158.3478750756896,4017.808096291382,54.0,0.10144833133620683,-0.33421739496929087,0.10143699603540929,-0.33251554973193465,0.017583183067157993,0.06607564890875155
1084,6,189,202.24335058105044,4025.5497211369657,158.3478750756896,4017.808096291382,54.0,0.10144833133620683,-0.7099535886263247,0.10143699603540929,-0.7068320037274963,0.017583183067157993,0.12074772832384685
1085,25,189,264.330530090726,3842.899620060988,158.3478750756896,4017.808096291382,54.0,0.10144833133620683,-2.0992361590616238,0.10143699603540929,-2.100674551773982,0.017583183067157993,0.48050571110838514
1086,9,189,9.936533141897351,4088.226647492491,158.3478750756896,4017.808096291382,54.0,0.10144833133620683,-1.4695785202758225,0.10143699603540929,-1.4646736623327303,0.017583183067157993,0.47699322896282426
1087,21,189,103.34699834515416,4117.964937310308,158.3478750756896,4017.808096291382,54.0,0.10144833133620683,-0.7769198759932884,0.10143699603540929,-0.7702022137675205,0.017583183067157993,0.2916135421063676
1088,21,190,103.34699834515416,4117.964937310308,135.0015657158357,3998.808026349948,54.0,0.10144833133620683,-0.9820990639265795,0.10143699603540929,-0.9784903516429813,0.017583183067157993,0.3301798181243881
1089,25,191,264.330530090726,3842.899620060988,118.44136868770892,3937.0570745757655,54.0,0.10144833133620683,-1.7683206560257032,0.10143699603540929,-1.7761395136760882,0.017583183067157993,0.45036998176403464
1090,28,191,181.0656949265822,4007.0767963031503,118.44136868770892,3937.0570745757655,54.0,0.10144833133620683,-1.0625069886580394,0.10143699603540929,-1.0647210937909233,0.017583183067157993,0.2532686281568133
1091,9,192,9.936533141897351,4088.226647492491,85.39288283212471,3928.9727849799824,54.0,0.10144833133620683,-2.2099164446086546,0.10143699603540929,-2.208840542821686,0.017583183067157993,0.5799158897638275
1092,25,192,264.330530090726,3842.899620060988,85.39288283212471,3928.9727849799824,54.0,0.10144833133620683,-2.277026552881145,0.10143699603540929,-2.2823686147682936,0.017583183067157993,0.5662856147461524
1093,21,193,103.34699834515416,4117.964937310308,135.20902570174414,3972.88068595065,54.0,0.10144833133620683,-1.2708683455180325,0.10143699603540929,-1.2728015506603692,0.017583183067157993,0.40393769852299255
1094,25,193,264.330530090726,3842.899620060988,135.20902570174414,3972.88068595065,54.0,0.10144833133620683,-1.7629508361913966,0.10143699603540929,-1.7666436983530014,0.017583183067157993,0.4497007683784709
1095,9,193,9.936533141897351,4088.226647492491,135.20902570174414,3972.88068595065,54.0,0.10144833133620683,-1.8154558354576982,0.10143699603540929,-1.8253528742597076,0.017583183067157993,0.526885701107688
1096,28,193,181.0656949265822,4007.0767963031503,135.20902570174414,3972.88068595065,54.0,0.10144833133620683,-0.6334358571380901,0.10143699603540929,-0.6365641570754466,0.017583183067157993,0.14957031887826222
1097,38,194,292.2609771757026,3909.816818957042,108.83889360773516,3912.225849147117,54.0,0.10144833133620683,-2.07267947038268,0.10143699603540929,-2.0778882092785147,0.017583183067157993,0.4500328055048758
1098,21,194,103.34699834515416,4117.964937310308,108.83889360773516,3912.225849147117,54.0,0.10144833133620683,-2.1846831913815734,0.10143699603540929,-2.1828391524303856,0.017583183067157993,0.6038558240169944
1099,53,194,275.4374088407163,3843.51011953928,108.83889360773516,3912.225849147117,54.0,0.10144833133620683,-1.9473135886715733,0.10143699603540929,-1.9518537902823778,0.017583183067157993,0.49905573019901095
1100,18,194,58.40093954114791,3683.9112417882634,108.83889360773516,3912.225849147117,54.0,0.10144833133620683,-2.077875129331404,0.10143699603540929,-2.0625972602885505,0.017583183067157993,0.7684147313471799
1101,22,195,267.77623279276514,4140.811810679348,174.48322464441975,4031.9823677236704,54.0,0.10144833133620683,-1.8722543595887002,0.10143699603540929,-1.8686292778484335,0.017583183067157993,0.41254133504525586
1102,25,195,264.330530090726,3842.899620060988,174.48322464441975,4031.9823677236704,54.0,0.10144833133620683,-2.4433109102249064,0.10143699603540929,-2.4415486336579466,0.017583183067157993,0.4965300414238817
1103,28,195,181.0656949265822,4007.0767963031503,174.48322464441975,4031.9823677236704,54.0,0.10144833133620683,-0.46606455584803874,0.10143699603540929,-0.463915652790564,0.017583183067157993,0.07123282801615075
1104,21,195,119.89038758561809,4127.214021125917,174.48322464441975,4031.9823677236704,54.0,0.10144833133620683,-0.8726898799567157,0.10143699603540929,-0.8706927564929847,0.017583183067157993,0.2985327430658194
1105,53,196,275.4374088407163,3843.51011953928,159.43739905401296,3933.477616981658,54.0,0.10144833133620683,-1.3331836912545691,0.10143699603540929,-1.3371700306134622,0.017583183067157993,0.3501950685368243
1106,28,196,181.0656949265822,4007.0767963031503,159.43739905401296,3933.477616981658,54.0,0.10144833133620683,-0.8293115857065309,0.10143699603540929,-0.8269143527040996,0.017583183067157993,0.19415548528330487
1107,18,196,103.61880567589932,3674.0720311802,159.43739905401296,3933.477616981658,54.0,0.10144833133620683,-2.4145246431349676,0.10143699603540929,-2.398098819370656,0.017583183067157993,0.8512632027998963
1108,25,196,264.330530090726,3842.899620060988,159.43739905401296,3933.477616981658,54.0,0.10144833133620683,-1.2828943319217734,0.10143699603540929,-1.2884086847827594,0.017583183067157993,0.3357923910967515
1109,38,196,292.2609771757026,3909.816818957042,159.43739905401296,3933.477616981658,54.0,0.10144833133620683,-1.5690063666928689,0.10143699603540929,-1.5702056075971313,0.017583183067157993,0.30528603067519716
1110,28,197,181.0656949265822,4007.0767963031503,84.41627726602805,3949.6460271760247,54.0,0.10144833133620683,-1.4510874813355539,0.10143699603540929,-1.4569897887517849,0.017583183067157993,0.32597866710174106
1111,25,197,264.330530090726,3842.899620060988,84.41627726602805,3949.6460271760247,54.0,0.10144833133620683,-2.342685244701751,0.10143699603540929,-2.3474264970632444,0.017583183067157993,0.5715181603193162
1112,22,198,267.77623279276514,4140.811810679348,131.47690223101853,4022.1859800698,54.0,0.10144833133620683,-2.161185213299221,0.10143699603540929,-2.1564555485861807,0.017583183067157993,0.5157520276458114
1113,19,198,298.45947748194794,4119.807970449649,131.47690223101853,4022.1859800698,54.0,0.10144833133620683,-2.380318032205654,0.10143699603540929,-2.3823364173604014,0.017583183067157993,0.5153414007929653
1114,21,198,103.34699834515416,4117.964937310308,131.47690223101853,4022.1859800698,54.0,0.10144833133620683,-0.686422423944924,0.10143699603540929,-0.6820200209022973,0.017583183067157993,0.264484452597187
1115,28,198,181.0656949265822,4007.0767963031503,131.47690223101853,4022.1859800698,54.0,0.10144833133620683,-0.6543495282322771,0.10143699603540929,-0.6519160787534282,0.017583183067157993,0.1383567716294116
1116,25,198,264.330530090726,3842.899620060988,131.47690223101853,4022.1859800698,54.0,0.10144833133620683,-2.2088622535647953,0.10143699603540929,-2.2108860338770624,0.017583183067157993,0.5407473054947821
1117,28,199,181.0656949265822,4007.0767963031503,187.053991585138,4017.227842472392,54.0,0.10144833133620683,-0.24243997773696588,0.10143699603540929,-0.24129987033516226,0.017583183067157993,0.034471620238529295
1118,25,199,267.9482254989196,3844.583776105834,187.053991585138,4017.227842472392,54.0,0.10144833133620683,-2.106741879204095,0.10143699603540929,-2.1058799946099724,0.017583183067157993,0.44525871944815937
1119,21,199,122.72284619765782,4128.866114643895,187.053991585138,4017.227842472392,54.0,0.10144833133620683,-1.3182463214040219,0.10143699603540929,-1.315605531662991,0.017583183067157993,0.35725930245445464
1120,38,200,292.2609771757026,3909.816818957042,159.89027933223167,4005.408777123752,54.0,0.10144833133620683,-1.6704231660170699,0.10143699603540929,-1.6707951465279465,0.017583183067157993,0.38200229719182216
1121,19,200,298.45947748194794,4119.807970449649,159.89027933223167,4005.408777123752,54.0,0.10144833133620683,-2.146112682132526,0.10143699603540929,-2.14468020249922,0.017583183067157993,0.45623344304442315
1122,21,200,103.34699834515416,4117.964937310308,159.89027933223167,4005.408777123752,54.0,0.10144833133620683,-0.8912027456467271,0.10143699603540929,-0.8828515848050106,0.017583183067157993,0.3227960479164498
1123,22,200,267.77623279276514,4140.811810679348,159.89027933223167,4005.408777123752,54.0,0.10144833133620683,-2.2150195359489753,0.10143699603540929,-2.2101548737823666,0.017583183067157993,0.4903363874082669
1124,53,200,275.4374088407163,3843.51011953928,159.89027933223167,4005.408777123752,54.0,0.10144833133620683,-2.031265312052109,0.10143699603540929,-2.033619838263295,0.017583183067157993,0.46063095963915707
1125,28,200,181.0656949265822,4007.0767963031503,159.89027933223167,4005.408777123752,54.0,0.10144833133620683,-0.28772570315737656,0.10143699603540929,-0.2862649219017674,0.017583183067157993,0.05626723283255311
1126,25,200,264.330530090726,3842.899620060988,159.89027933223167,4005.408777123752,54.0,0.10144833133620683,-1.913962830486353,0.10143699603540929,-1.916362936429756,0.017583183067157993,0.4532732420162947
1127,21,201,103.34699834515416,4117.964937310308,170.7980045065533,4000.56721463194,54.0,0.10144833133620683,-1.0118556555861462,0.10143699603540929,-1.0043854814856321,0.017583183067157993,0.3444883911288841
1128,28,201,181.0656949265822,4007.0767963031503,170.7980045065533,4000.56721463194,54.0,0.10144833133620683,-0.20446607858570587,0.10143699603540929,-0.20346779024898237,0.017583183067157993,0.03431296620794618
1129,25,201,264.330530090726,3842.899620060988,170.7980045065533,4000.56721463194,54.0,0.10144833133620683,-1.8893335290804818,0.10143699603540929,-1.891802142997725,0.017583183067157993,0.4264985335971146
1130,28,202,181.0656949265822,4007.0767963031503,127.73251775700308,3986.4369142934142,54.0,0.10144833133620683,-0.6640099337225925,0.10143699603540929,-0.6675827100907954,0.017583183067157993,0.15187015334520648
1131,38,202,292.2609771757026,3909.816818957042,127.73251775700308,3986.4369142934142,54.0,0.10144833133620683,-1.881267646699771,0.10143699603540929,-1.885842551625454,0.017583183067157993,0.43217864707517
1132,25,202,264.330530090726,3842.899620060988,127.73251775700308,3986.4369142934142,54.0,0.10144833133620683,-1.9305472542401623,0.10143699603540929,-1.9361328824232613,0.017583183067157993,0.4885713054017502
1133,21,202,103.34699834515416,4117.964937310308,127.73251775700308,3986.4369142934142,54.0,0.10144833133620683,-1.0857257308407635,0.10143699603540929,-1.084135965123197,0.017583183067157993,0.3726853097925791
1134,38,203,292.2609771757026,3909.816818957042,152.43970563423912,3979.6112015162767,54.0,0.10144833133620683,-1.5776635557198753,0.10143699603540929,-1.5784423990116094,0.017583183067157993,0.3626449516621174
1135,28,203,181.0656949265822,4007.0767963031503,152.43970563423912,3979.6112015162767,54.0,0.10144833133620683,-0.4283942441695905,0.10143699603540929,-0.42878586429163357,0.017583183067157993,0.10043254441132156
1136,25,203,264.330530090726,3842.899620060988,152.43970563423912,3979.6112015162767,54.0,0.10144833133620683,-1.6634727650604326,0.10143699603540929,-1.6637882545108262,0.017583183067157993,0.41904793741383817
1137,21,203,103.34699834515416,4117.964937310308,152.43970563423912,3979.6112015162767,54.0,0.10144833133620683,-1.2184593542208122,0.10143699603540929,-1.2153315275898093,0.017583183067157993,0.3910723265490365
1138,53,203,275.4374088407163,3843.51011953928,152.43970563423912,3979.6112015162767,54.0,0.10144833133620683,-1.7052187748842187,0.10143699603540929,-1.7038775999345397,0.017583183067157993,0.4286905980124057
1139,25,204,264.330530090726,3842.899620060988,174.71523540000473,3992.374315235834,54.0,0.10144833133620683,-1.80589484133887,0.10143699603540929,-1.8081274209378766,0.017583183067157993,0.40453635610279376
1140,21,204,103.34699834515416,4117.964937310308,174.71523540000473,3992.374315235834,54.0,0.10144833133620683,-1.0862277295113394,0.10143699603540929,-1.079001735350582,0.017583183067157993,0.3668702869176759
1141,28,204,181.0656949265822,4007.0767963031503,174.71523540000473,3992.374315235834,54.0,0.10144833133620683,-0.26651998960013346,0.10143699603540929,-0.26585455732429947,0.017583183067157993,0.04286750158169285
1142,53,205,275.4374088407163,3843.51011953928,161.36958893878008,3968.148276780728,54.0,0.10144833133620683,-1.5823691927602317,0.10143699603540929,-1.5812839774588459,0.017583183067157993,0.3933227660047937
1143,38,205,292.2609771757026,3909.816818957042,161.36958893878008,3968.148276780728,54.0,0.10144833133620683,-1.4834192564609732,0.10143699603540929,-1.4843291462375572,0.017583183067157993,0.32909489402703307
1144,21,205,103.34699834515416,4117.964937310308,161.36958893878008,3968.148276780728,54.0,0.10144833133620683,-1.2844096500061777,0.10143699603540929,-1.2790028016528274,0.017583183067157993,0.42005102094333624
1145,28,205,181.0656949265822,4007.0767963031503,161.36958893878008,3968.148276780728,54.0,0.10144833133620683,-0.48187379752653636,0.10143699603540929,-0.4816205859996512,0.017583183067157993,0.11007495310592404
1146,25,205,264.330530090726,3842.899620060988,161.36958893878008,3968.148276780728,54.0,0.10144833133620683,-1.5396380273300794,0.10143699603540929,-1.5402774095266705,0.017583183067157993,0.38325154213013096
1147,25,206,264.330530090726,3842.899620060988,134.4228366966098,3954.478339318272,54.0,0.10144833133620683,-1.639055355079968,0.10143699603540929,-1.6452697250864559,0.017583183067157993,0.4247781900232894
1148,21,206,103.34699834515416,4117.964937310308,134.4228366966098,3954.478339318272,54.0,0.10144833133620683,-1.4674140034512209,0.10143699603540929,-1.4693301263287812,0.017583183067157993,0.4623502853168524
1149,28,206,181.0656949265822,4007.0767963031503,134.4228366966098,3954.478339318272,54.0,0.10144833133620683,-0.7632153585235592,0.10143699603540929,-0.7648761697891979,0.017583183067157993,0.18360691473850319
1150,25,207,264.330530090726,3842.899620060988,147.43696333343436,3954.1411790196416,54.0,0.10144833133620683,-1.5205754272027168,0.10143699603540929,-1.5242161162665617,0.017583183067157993,0.3923439560658455
1151,38,207,292.2609771757026,3909.816818957042,147.43696333343436,3954.1411790196416,54.0,0.10144833133620683,-1.6068297351628091,0.10143699603540929,-1.6075075758381563,0.017583183067157993,0.34882970578377254
1152,21,207,103.34699834515416,4117.964937310308,147.43696333343436,3954.1411790196416,54.0,0.10144833133620683,-1.523412825603106,0.10143699603540929,-1.5253791421325913,0.017583183067157993,0.45978870503779334
1153,28,207,181.0656949265822,4007.0767963031503,147.43696333343436,3954.1411790196416,54.0,0.10144833133620683,-0.649518774315571,0.10143699603540929,-0.6488480016186275,0.017583183067157993,0.1591322478774092
1154,28,208,181.0656949265822,4007.0767963031503,118.65300674518,3961.480515731901,54.0,0.10144833133620683,-0.8979271412931485,0.10143699603540929,-0.9014685868562604,0.017583183067157993,0.20779382905533514
1155,21,208,103.34699834515416,4117.964937310308,118.65300674518,3961.480515731901,54.0,0.10144833133620683,-1.480244897002034,0.10143699603540929,-1.4781420845117188,0.017583183067157993,0.44980147380604096
1156,25,208,264.330530090726,3842.899620060988,118.65300674518,3961.480515731901,54.0,0.10144833133620683,-1.8693062149116255,0.10143699603540929,-1.8767480912786785,0.017583183067157993,0.4759105138418883
1157,28,209,181.0656949265822,4007.0767963031503,166.63803351620655,3950.276785677188,54.0,0.10144833133620683,-0.6649352652429931,0.10143699603540929,-0.6629856705510988,0.017583183067157993,0.1471558348434059
1158,25,209,264.330530090726,3842.899620060988,166.63803351620655,3950.276785677188,54.0,0.10144833133620683,-1.3822331981812082,0.10143699603540929,-1.38491346902922,0.017583183067157993,0.3450733060705829
1159,25,210,264.330530090726,3842.899620060988,102.08049116011732,3939.728583899344,54.0,0.10144833133620683,-2.0337110475369866,0.10143699603540929,-2.0395041176859428,0.017583183067157993,0.5065704986266678
1160,18,210,55.99463969610678,3684.4657106501672,102.08049116011732,3939.728583899344,54.0,0.10144833133620683,-2.422275055688394,0.10143699603540929,-2.408064698738187,0.017583183067157993,0.8667467162486814
1161,38,210,292.2609771757026,3909.816818957042,102.08049116011732,3939.728583899344,54.0,0.10144833133620683,-2.2736392480351455,0.10143699603540929,-2.2752821125918947,0.017583183067157993,0.4732673578961024
1162,21,210,103.34699834515416,4117.964937310308,102.08049116011732,3939.728583899344,54.0,0.10144833133620683,-1.7993556077869135,0.10143699603540929,-1.7964990702944696,0.017583183067157993,0.5152147798378862
1163,18,211,71.73718472817627,3680.9796853375465,125.50396993450582,3926.5617673616193,54.0,0.10144833133620683,-2.3116330049444316,0.10143699603540929,-2.298884359611826,0.017583183067157993,0.8322549033138994
1164,25,211,264.330530090726,3842.899620060988,125.50396993450582,3926.5617673616193,54.0,0.10144833133620683,-1.6451084359060255,0.10143699603540929,-1.6515904607771237,0.017583183067157993,0.42116003105962707
1165,53,211,275.4374088407163,3843.51011953928,125.50396993450582,3926.5617673616193,54.0,0.10144833133620683,-1.664058878779392,0.10143699603540929,-1.6718457107155265,0.017583183067157993,0.43353832594958114
1166,38,211,292.2609771757026,3909.816818957042,125.50396993450582,3926.5617673616193,54.0,0.10144833133620683,-1.8607454747524452,0.10143699603540929,-1.865172553170244,0.017583183067157993,0.3978347136119151
1167,28,211,181.0656949265822,4007.0767963031503,125.50396993450582,3926.5617673616193,54.0,0.10144833133620683,-1.0573858978126571,0.10143699603540929,-1.0588527703974875,0.017583183067157993,0.25839934992452185
1168,21,211,103.34699834515416,4117.964937310308,125.50396993450582,3926.5617673616193,54.0,0.10144833133620683,-1.9884129000126178,0.10143699603540929,-1.985569500725812,0.017583183067157993,0.5589327349190447
1169,18,212,82.48383007457451,3678.6227505761713,137.28112544023642,3930.5912278669,54.0,0.10144833133620683,-2.312292770372009,0.10143699603540929,-2.2939801551303916,0.017583183067157993,0.849990000659725
1170,25,212,264.330530090726,3842.899620060988,137.28112544023642,3930.5912278669,54.0,0.10144833133620683,-1.5026502125363475,0.10143699603540929,-1.5105729718189453,0.017583183067157993,0.39012664427616883
1171,21,212,103.34699834515416,4117.964937310308,137.28112544023642,3930.5912278669,54.0,0.10144833133620683,-1.7428980213798968,0.10143699603540929,-1.7455283597114586,0.017583183067157993,0.5323399806364029
1172,38,212,292.2609771757026,3909.816818957042,137.28112544023642,3930.5912278669,54.0,0.10144833133620683,-1.76337805691751,0.10143699603540929,-1.7654637293032793,0.017583183067157993,0.36547331923861
1173,28,212,181.0656949265822,4007.0767963031503,137.28112544023642,3930.5912278669,54.0,0.10144833133620683,-0.9287943611302144,0.10143699603540929,-0.9285780455524275,0.017583183067157993,0.22891236928694045
1174,28,213,181.0656949265822,4007.0767963031503,179.67090940770512,3929.463131396641,54.0,0.10144833133620683,-1.0154140085032035,0.10143699603540929,-1.014355743838439,0.017583183067157993,0.19254094935766902
1175,53,213,275.4374088407163,3843.51011953928,179.67090940770512,3929.463131396641,54.0,0.10144833133620683,-1.1674945215531671,0.10143699603540929,-1.1701394474789961,0.017583183067157993,0.2999083816729166
1176,18,213,124.39807912713488,3669.6941824836736,179.67090940770512,3929.463131396641,54.0,0.10144833133620683,-2.62962614347056,0.10143699603540929,-2.621169688978082,0.017583183067157993,0.8431350924316066
1177,22,213,282.91308227706304,4129.966613278081,179.67090940770512,3929.463131396641,54.0,0.10144833133620683,-2.2783148266633417,0.10143699603540929,-2.275005542796366,0.017583183067157993,0.5559473912825004
1178,25,213,264.330530090726,3842.899620060988,179.67090940770512,3929.463131396641,54.0,0.10144833133620683,-1.1196550995813506,0.10143699603540929,-1.1236832776321644,0.017583183067157993,0.28620254689503133
1179,38,213,292.2609771757026,3909.816818957042,179.67090940770512,3929.463131396641,54.0,0.10144833133620683,-1.3577236425567785,0.10143699603540929,-1.3595265798510758,0.017583183067157993,0.25263013206590046
1180,21,213,103.34699834515416,4117.964937310308,179.67090940770512,3929.463131396641,54.0,0.10144833133620683,-1.6794981698373013,0.10143699603540929,-1.671475828759311,0.017583183067157993,0.5248627951476053
1181,25,214,264.330530090726,3842.899620060988,88.2681727690951,3915.200775925912,54.0,0.10144833133620683,-2.2102006576549362,0.10143699603540929,-2.2141681959627366,0.017583183067157993,0.5590102313460881
1182,18,214,55.99463969610678,3684.4657106501672,88.2681727690951,3915.200775925912,54.0,0.10144833133620683,-2.081692545853781,0.10143699603540929,-2.06911430570598,0.017583183067157993,0.7785870921128598
1183,21,214,103.34699834515416,4117.964937310308,88.2681727690951,3915.200775925912,54.0,0.10144833133620683,-2.08881222633739,0.10143699603540929,-2.086039017060365,0.017583183067157993,0.6219296615231996
1184,44,215,470.9318574712719,4102.798680980681,341.5724936781372,4071.071754032602,54.0,0.10144833133620683,-1.5128601048183443,0.10143699603540929,-1.5073748489807874,0.017583183067157993,0.2800806615541347
1185,27,215,413.6607163277177,4126.933692479007,341.5724936781372,4071.071754032602,54.0,0.10144833133620683,-1.3156065502072463,0.10143699603540929,-1.314536745462503,0.017583183067157993,0.2207384649767095
1186,41,215,461.8106926932424,4070.996636995212,341.5724936781372,4071.071754032602,54.0,0.10144833133620683,-1.134746928308595,0.10143699603540929,-1.1322176556050563,0.017583183067157993,0.25170352477974894
1187,39,215,491.6009153175041,3965.873607703836,341.5724936781372,4071.071754032602,54.0,0.10144833133620683,-1.7631209080714607,0.10143699603540929,-1.7573041173888069,0.017583183067157993,0.4415888437962082
1188,4,215,296.61979068975745,4128.179301772369,341.5724936781372,4071.071754032602,54.0,0.10144833133620683,-0.6101429286212994,0.10143699603540929,-0.6093576260948925,0.017583183067157993,0.1694284551327093
1189,61,215,463.203498736656,4062.892527800171,341.5724936781372,4071.071754032602,54.0,0.10144833133620683,-1.1543954608994056,0.10143699603540929,-1.1518505659078624,0.017583183067157993,0.2550217459671593
1190,31,215,286.22286085268047,4096.016113555928,341.5724936781372,4071.071754032602,54.0,0.10144833133620683,-0.5146698226648035,0.10143699603540929,-0.5101499549129358,0.017583183067157993,0.1315426706174527
1191,42,215,481.4936938530769,4095.225387665601,341.5724936781372,4071.071754032602,54.0,0.10144833133620683,-1.6755335893640093,0.10143699603540929,-1.6705967730509217,0.017583183067157993,0.29408412271368606
1192,47,215,497.40279712570856,4039.075701869608,341.5724936781372,4071.071754032602,54.0,0.10144833133620683,-1.5630940760314327,0.10143699603540929,-1.5610964674013899,0.017583183067157993,0.3341681634192193
1193,60,215,462.2337953932308,4065.780960132662,341.5724936781372,4071.071754032602,54.0,0.10144833133620683,-1.1421583177436354,0.10143699603540929,-1.1396210711625476,0.017583183067157993,0.25303198627366097
1194,44,216,470.9318574712719,4102.798680980681,284.64002970112773,4055.1089548280224,54.0,0.10144833133620683,-2.2010609900472726,0.10143699603540929,-2.188481626938482,0.017583183067157993,0.4272058422398802
1195,25,216,275.18212912654,3848.067080065535,284.64002970112773,4055.1089548280224,54.0,0.10144833133620683,-2.0791054816059225,0.10143699603540929,-2.0759225773393783,0.017583183067157993,0.4903387951975644
1196,41,216,461.8106926932424,4070.996636995212,284.64002970112773,4055.1089548280224,54.0,0.10144833133620683,-1.8194536000797945,0.10143699603540929,-1.8100613717510692,0.017583183067157993,0.3951099885216398
1197,31,216,286.22286085268047,4096.016113555928,284.64002970112773,4055.1089548280224,54.0,0.10144833133620683,-0.8009648732952946,0.10143699603540929,-0.7983184867844658,0.017583183067157993,0.09633214757611891
1198,4,216,296.61979068975745,4128.179301772369,284.64002970112773,4055.1089548280224,54.0,0.10144833133620683,-1.1684732908524451,0.10143699603540929,-1.1681179393164007,0.017583183067157993,0.16424030416275243
1199,38,216,292.2609771757026,3909.816818957042,284.64002970112773,4055.1089548280224,54.0,0.10144833133620683,-1.6251319716823296,0.10143699603540929,-1.6266175382304526,0.017583183067157993,0.3726393823697433
1200,31,217,286.22286085268047,4096.016113555928,298.71808334848726,4042.900299437067,54.0,0.10144833133620683,-1.0762314232986967,0.10143699603540929,-1.0734911512022203,0.017583183067157993,0.13194445615690767
1201,44,217,470.9318574712719,4102.798680980681,298.71808334848726,4042.900299437067,54.0,0.10144833133620683,-1.7614542882991917,0.10143699603540929,-1.7543269084826736,0.017583183067157993,0.3937338619806682
1202,25,217,275.18212912654,3848.067080065535,298.71808334848726,4042.900299437067,54.0,0.10144833133620683,-1.8387116345024044,0.10143699603540929,-1.8355545170758214,0.017583183067157993,0.4605491529768629
1203,38,217,292.2609771757026,3909.816818957042,298.71808334848726,4042.900299437067,54.0,0.10144833133620683,-1.3731582139790366,0.10143699603540929,-1.3746911340952779,0.017583183067157993,0.3400346476003297
1204,4,217,296.61979068975745,4128.179301772369,298.71808334848726,4042.900299437067,54.0,0.10144833133620683,-1.4023474960490045,0.10143699603540929,-1.401952238608419,0.017583183067157993,0.1943596293973332
1205,42,217,481.4936938530769,4095.225387665601,298.71808334848726,4042.900299437067,54.0,0.10144833133620683,-1.8199696651275588,0.10143699603540929,-1.81501710101167,0.017583183067157993,0.402035558207943
1206,41,217,461.8106926932424,4070.996636995212,298.71808334848726,4042.900299437067,54.0,0.10144833133620683,-1.470304637341358,0.10143699603540929,-1.467978070412119,0.017583183067157993,0.3655051849377616
1207,44,218,470.9318574712719,4102.798680980681,295.49475046157585,4024.814807490681,54.0,0.10144833133620683,-1.8396386240864002,0.10143699603540929,-1.837932047601342,0.017583183067157993,0.42631937907564055
1208,41,218,461.8106926932424,4070.996636995212,295.49475046157585,4024.814807490681,54.0,0.10144833133620683,-1.447793308307712,0.10143699603540929,-1.4456033533485708,0.017583183067157993,0.3851034986564295
1209,38,218,292.2609771757026,3909.816818957042,295.49475046157585,4024.814807490681,54.0,0.10144833133620683,-1.0401647279478718,0.10143699603540929,-1.0402599859488846,0.017583183067157993,0.29147730717972564
1210,31,218,286.22286085268047,4096.016113555928,295.49475046157585,4024.814807490681,54.0,0.10144833133620683,-1.3882846634956658,0.10143699603540929,-1.38705763055158,0.017583183067157993,0.1781905814564777
1211,25,218,275.18212912654,3848.067080065535,295.49475046157585,4024.814807490681,54.0,0.10144833133620683,-1.503347194236451,0.10143699603540929,-1.4987488646112657,0.017583183067157993,0.4114562618495926
1212,25,219,275.18212912654,3848.067080065535,298.4942841222434,4011.6459546344126,54.0,0.10144833133620683,-1.3103490509790956,0.10143699603540929,-1.3052330463659554,0.017583183067157993,0.37586017345046596
1213,31,219,286.22286085268047,4096.016113555928,298.4942841222434,4011.6459546344126,54.0,0.10144833133620683,-1.5877431274543303,0.10143699603540929,-1.5870161951850883,0.017583183067157993,0.2155064302314248
1214,44,219,470.9318574712719,4102.798680980681,298.4942841222434,4011.6459546344126,54.0,0.10144833133620683,-1.7722340387766473,0.10143699603540929,-1.7657592344491144,0.017583183067157993,0.435834590193323
1215,38,219,292.2609771757026,3909.816818957042,298.4942841222434,4011.6459546344126,54.0,0.10144833133620683,-0.8452568335054499,0.10143699603540929,-0.8448540610271359,0.017583183067157993,0.25534850652695384
1216,25,220,275.18212912654,3848.067080065535,313.25635416495834,3998.830416275237,54.0,0.10144833133620683,-1.534029435736765,0.10143699603540929,-1.529672126920306,0.017583183067157993,0.3402609026900585
1217,41,220,461.8106926932424,4070.996636995212,313.25635416495834,3998.830416275237,54.0,0.10144833133620683,-1.4331846273797986,0.10143699603540929,-1.4305701691839499,0.017583183067157993,0.3647033560401221
1218,31,220,286.22286085268047,4096.016113555928,313.25635416495834,3998.830416275237,54.0,0.10144833133620683,-1.4632946286019348,0.10143699603540929,-1.461073670548212,0.017583183067157993,0.25047924138338196
1219,44,220,470.9318574712719,4102.798680980681,313.25635416495834,3998.830416275237,54.0,0.10144833133620683,-1.5922659114287214,0.10143699603540929,-1.5895256999217298,0.017583183067157993,0.4022017359200902
1220,53,220,275.4374088407163,3843.51011953928,313.25635416495834,3998.830416275237,54.0,0.10144833133620683,-1.5785826230409647,0.10143699603540929,-1.5738911656089365,0.017583183067157993,0.3523795156959952
1221,38,220,292.2609771757026,3909.816818957042,313.25635416495834,3998.830416275237,54.0,0.10144833133620683,-1.0841971818332592,0.10143699603540929,-1.0845072778543834,0.017583183067157993,0.21711733746782497
1222,60,221,462.2337953932308,4065.780960132662,340.1371375561863,4063.06336212007,54.0,0.10144833133620683,-1.1465820205853838,0.10143699603540929,-1.1436952672663097,0.017583183067157993,0.2560459858455502
1223,22,221,282.91308227706304,4129.966613278081,340.1371375561863,4063.06336212007,54.0,0.10144833133620683,-0.6324148173692873,0.10143699603540929,-0.62860923706333,0.017583183067157993,0.18958569512614185
1224,61,221,463.203498736656,4062.892527800171,340.1371375561863,4063.06336212007,54.0,0.10144833133620683,-1.1570371631391756,0.10143699603540929,-1.1541466930332938,0.017583183067157993,0.25764251728901655
1225,19,221,309.4846467710166,4112.556925703692,340.1371375561863,4063.06336212007,54.0,0.10144833133620683,-0.4042862079775712,0.10143699603540929,-0.4003990757677035,0.017583183067157993,0.12956610430361212
1226,65,221,465.43944178630807,4063.6597216274654,340.1371375561863,4063.06336212007,54.0,0.10144833133620683,-1.1797347470456343,0.10143699603540929,-1.1768391584125033,0.017583183067157993,0.26101215621907103
1227,41,221,461.8106926932424,4070.996636995212,340.1371375561863,4063.06336212007,54.0,0.10144833133620683,-1.1424274019181062,0.10143699603540929,-1.1395412408651888,0.017583183067157993,0.25544045395080506
1228,31,221,286.22286085268047,4096.016113555928,340.1371375561863,4063.06336212007,54.0,0.10144833133620683,-0.4934749954061552,0.10143699603540929,-0.48666820373088737,0.017583183067157993,0.13632582118934305
1229,44,221,470.9318574712719,4102.798680980681,340.1371375561863,4063.06336212007,54.0,0.10144833133620683,-1.4702981058071982,0.10143699603540929,-1.4645866576673374,0.017583183067157993,0.2868857758199628
1230,53,222,275.4374088407163,3843.51011953928,278.252957276231,4041.337412517816,54.0,0.10144833133620683,-1.8317168912999504,0.10143699603540929,-1.8282133124037823,0.017583183067157993,0.4661015971071647
1231,44,222,470.9318574712719,4102.798680980681,278.252957276231,4041.337412517816,54.0,0.10144833133620683,-2.194796350130539,0.10143699603540929,-2.1870602739716962,0.017583183067157993,0.45079433936242846
1232,41,222,461.8106926932424,4070.996636995212,278.252957276231,4041.337412517816,54.0,0.10144833133620683,-1.8331869845676865,0.10143699603540929,-1.8314054217755873,0.017583183067157993,0.416422326606095
1233,25,222,275.18212912654,3848.067080065535,278.252957276231,4041.337412517816,54.0,0.10144833133620683,-1.796996310828701,0.10143699603540929,-1.7937369426104461,0.017583183067157993,0.45311205766132934
1234,38,222,292.2609771757026,3909.816818957042,278.252957276231,4041.337412517816,54.0,0.10144833133620683,-1.3503501723577165,0.10143699603540929,-1.351764587785956,0.017583183067157993,0.3373419791277408
1235,31,222,286.22286085268047,4096.016113555928,278.252957276231,4041.337412517816,54.0,0.10144833133620683,-1.0877741674115446,0.10143699603540929,-1.0852061145030847,0.017583183067157993,0.13404590405572764
1236,21,222,129.6510563411616,4132.672991581291,278.252957276231,4041.337412517816,54.0,0.10144833133620683,-2.0955351463912373,0.10143699603540929,-2.0898354205360885,0.017583183067157993,0.4934369622630517
1237,22,222,282.91308227706304,4129.966613278081,278.252957276231,4041.337412517816,54.0,0.10144833133620683,-1.4189539584490058,0.10143699603540929,-1.4186423572624287,0.017583183067157993,0.19959951402640763
1238,19,222,309.4846467710166,4112.556925703692,278.252957276231,4041.337412517816,54.0,0.10144833133620683,-1.2266738273704392,0.10143699603540929,-1.2233324004843311,0.017583183067157993,0.18112955738245146
1239,22,223,282.91308227706304,4129.966613278081,312.8233748838626,4054.8922790732095,54.0,0.10144833133620683,-0.813062959236945,0.10143699603540929,-0.813409686934777,0.017583183067157993,0.1750714782595451
1240,19,223,309.4846467710166,4112.556925703692,312.8233748838626,4054.8922790732095,54.0,0.10144833133620683,-0.42587025155897984,0.10143699603540929,-0.42315125475788473,0.017583183067157993,0.12989993673483255
1241,44,223,470.9318574712719,4102.798680980681,312.8233748838626,4054.8922790732095,54.0,0.10144833133620683,-1.6579420296471967,0.10143699603540929,-1.6478694359797899,0.017583183067157993,0.35472630965351803
1242,31,223,286.22286085268047,4096.016113555928,312.8233748838626,4054.8922790732095,54.0,0.10144833133620683,-0.6296387717086278,0.10143699603540929,-0.6284307055878816,0.017583183067157993,0.11231687038621987
1243,25,224,275.18212912654,3848.067080065535,295.92345652296734,4012.471765436985,54.0,0.10144833133620683,-1.3199495660942344,0.10143699603540929,-1.3148759376999464,0.017583183067157993,0.3773723984450057
1244,19,224,309.4846467710166,4112.556925703692,295.92345652296734,4012.471765436985,54.0,0.10144833133620683,-1.0537719729581234,0.10143699603540929,-1.0533747762321155,0.017583183067157993,0.24459029096566015
1245,22,224,282.91308227706304,4129.966613278081,295.92345652296734,4012.471765436985,54.0,0.10144833133620683,-1.9157907587701422,0.10143699603540929,-1.9172540242448346,0.017583183067157993,0.2798177477778069
1246,44,225,470.9318574712719,4102.798680980681,313.2916641340094,4017.6982104419535,54.0,0.10144833133620683,-1.5978407714978156,0.10143699603540929,-1.5918761928445244,0.017583183067157993,0.39160334271064273
1247,38,225,292.2609771757026,3909.816818957042,313.2916641340094,4017.6982104419535,54.0,0.10144833133620683,-1.2316286265014906,0.10143699603540929,-1.2314394299734557,0.017583183067157993,0.26977481952277
1248,31,225,286.22286085268047,4096.016113555928,313.2916641340094,4017.6982104419535,54.0,0.10144833133620683,-1.164679116556925,0.10143699603540929,-1.1637662850669,0.017583183067157993,0.19976482456053246
1249,41,225,461.8106926932424,4070.996636995212,313.2916641340094,4017.6982104419535,54.0,0.10144833133620683,-1.2372368867866312,0.10143699603540929,-1.2326363644374476,0.017583183067157993,0.34747990609764556
1250,25,225,275.18212912654,3848.067080065535,313.2916641340094,4017.6982104419535,54.0,0.10144833133620683,-1.6137206069149004,0.10143699603540929,-1.6082473595720468,0.017583183067157993,0.39311218458799396
1251,22,225,282.91308227706304,4129.966613278081,313.2916641340094,4017.6982104419535,54.0,0.10144833133620683,-1.3506657911016418,0.10143699603540929,-1.3529577717266035,0.017583183067157993,0.26416597487702714
1252,19,225,309.4846467710166,4112.556925703692,313.2916641340094,4017.6982104419535,54.0,0.10144833133620683,-0.7488491122473708,0.10143699603540929,-0.7477887915977702,0.017583183067157993,0.22295548120361872
1253,53,226,275.4374088407163,3843.51011953928,312.224459853089,4001.93805851142,54.0,0.10144833133620683,-1.584349743203038,0.10143699603540929,-1.5798106559987821,0.017583183067157993,0.3620166615697922
1254,63,226,316.49031405012005,3929.154743051912,312.224459853089,4001.93805851142,54.0,0.10144833133620683,-1.02908178697015,0.10143699603540929,-1.029000308088568,0.017583183067157993,0.17933583630740593
1255,25,226,275.18212912654,3848.067080065535,312.224459853089,4001.93805851142,54.0,0.10144833133620683,-1.5344314953618683,0.10143699603540929,-1.530104343692897,0.017583183067157993,0.3495626280203762
1256,38,226,292.2609771757026,3909.816818957042,312.224459853089,4001.93805851142,54.0,0.10144833133620683,-1.0995039806854865,0.10143699603540929,-1.0998714362643103,0.017583183067157993,0.22590948444045722
1257,44,226,470.9318574712719,4102.798680980681,312.224459853089,4001.93805851142,54.0,0.10144833133620683,-1.5825730088636945,0.10143699603540929,-1.5792416332667865,0.017583183067157993,0.4019241341659632
1258,66,226,493.8518825171933,3956.000689079267,312.224459853089,4001.93805851142,54.0,0.10144833133620683,-2.5445362070522544,0.10143699603540929,-2.546959990133234,0.017583183067157993,0.5119037650756766
1259,41,226,461.8106926932424,4070.996636995212,312.224459853089,4001.93805851142,54.0,0.10144833133620683,-1.3973545799504234,0.10143699603540929,-1.3943896774317908,0.017583183067157993,0.36340128190152243
1260,39,226,491.6009153175041,3965.873607703836,312.224459853089,4001.93805851142,54.0,0.10144833133620683,-2.4063234614868283,0.10143699603540929,-2.4066019648422547,0.017583183067157993,0.49486500104794656
1261,31,226,286.22286085268047,4096.016113555928,312.224459853089,4001.93805851142,54.0,0.10144833133620683,-1.430844937093041,0.10143699603540929,-1.4286791390580382,0.017583183067157993,0.24176906004078852
1262,41,227,461.8106926932424,4070.996636995212,327.306343705716,4081.3155709764615,54.0,0.10144833133620683,-1.609087073990009,0.10143699603540929,-1.6076242205842723,0.017583183067157993,0.2956130863600579
1263,66,227,493.8518825171933,3956.000689079267,327.306343705716,4081.3155709764615,54.0,0.10144833133620683,-1.9942724931041989,0.10143699603540929,-1.9857930349142627,0.017583183067157993,0.5119980395075902
1264,64,227,251.14156651564912,4194.6094429104505,327.306343705716,4081.3155709764615,54.0,0.10144833133620683,-1.3379557962184454,0.10143699603540929,-1.3372867430142474,0.017583183067157993,0.36501393149578454
1265,27,227,413.6607163277177,4126.933692479007,327.306343705716,4081.3155709764615,54.0,0.10144833133620683,-1.3959263293126591,0.10143699603540929,-1.3983257351191143,0.017583183067157993,0.2384622929906014
1266,31,227,286.22286085268047,4096.016113555928,327.306343705716,4081.3155709764615,54.0,0.10144833133620683,-0.3978711324699623,0.10143699603540929,-0.3955175807893814,0.017583183067157993,0.09229820491976304
1267,44,227,470.9318574712719,4102.798680980681,327.306343705716,4081.3155709764615,54.0,0.10144833133620683,-1.7120999186225956,0.10143699603540929,-1.7096212399391744,0.017583183067157993,0.3145993004970715
1268,31,228,286.22286085268047,4096.016113555928,349.69763252524416,4039.951949456995,54.0,0.10144833133620683,-0.7031874068902523,0.10143699603540929,-0.6950727445690235,0.017583183067157993,0.19741597767179686
1269,65,228,465.43944178630807,4063.6597216274654,349.69763252524416,4039.951949456995,54.0,0.10144833133620683,-0.9598916021219045,0.10143699603540929,-0.9579506712293449,0.017583183067157993,0.24057518127858343
1270,44,228,470.9318574712719,4102.798680980681,349.69763252524416,4039.951949456995,54.0,0.10144833133620683,-1.3189215430353214,0.10143699603540929,-1.3165874932022787,0.017583183067157993,0.27776611136964297
1271,61,228,463.203498736656,4062.892527800171,349.69763252524416,4039.951949456995,54.0,0.10144833133620683,-0.9320685309692273,0.10143699603540929,-0.9301361810176663,0.017583183067157993,0.23694854847742247
1272,60,228,462.2337953932308,4065.780960132662,349.69763252524416,4039.951949456995,54.0,0.10144833133620683,-0.9624978673391147,0.10143699603540929,-0.9605467919327916,0.017583183067157993,0.2372184041080203
1273,41,228,461.8106926932424,4070.996636995212,349.69763252524416,4039.951949456995,54.0,0.10144833133620683,-1.013090608782572,0.10143699603540929,-1.011106928707949,0.017583183067157993,0.23958655413359337
1274,55,229,631.0597053851714,4679.977771773372,610.9322177974102,4716.550120256336,54.0,0.10144833133620683,-0.5590449051384069,0.10143699603540929,-0.5559945345894888,0.017583183067157993,0.16058348941605885
1275,56,230,677.3923123197425,4458.591690875839,611.7833747678618,4689.5072732073895,54.0,0.10144833133620683,-2.7457805960425983,0.10143699603540929,-2.7363657796879095,0.017583183067157993,0.931501491155225
1276,55,230,631.0597053851714,4679.977771773372,611.7833747678618,4689.5072732073895,54.0,0.10144833133620683,-0.3120162944176735,0.10143699603540929,-0.3122946372320543,0.017583183067157993,0.09279452947852357
1277,55,231,631.0597053851714,4679.977771773372,658.3837731695672,4666.320521897435,54.0,0.10144833133620683,-0.4387727181468033,0.10143699603540929,-0.43806244016457624,0.017583183067157993,0.12530033484562791
1278,17,232,777.957263569134,4705.278199933562,709.7868194729853,4851.286536622527,54.0,0.10144833133620683,-1.7396985839514596,0.10143699603540929,-1.7469867029527866,0.017583183067157993,0.6050795823675632
1279,17,233,777.957263569134,4705.278199933562,820.1121867911606,4887.409658363325,54.0,0.10144833133620683,-1.8451636016291366,0.10143699603540929,-1.8300087351049572,0.017583183067157993,0.7084355076764
1280,17,234,777.957263569134,4705.278199933562,835.7138504834124,4882.651568351076,54.0,0.10144833133620683,-1.786149716592142,0.10143699603540929,-1.7727414905295042,0.017583183067157993,0.7049942147138639
1281,17,235,777.957263569134,4705.278199933562,820.8837607778523,4830.121101450797,54.0,0.10144833133620683,-1.2519156893696972,0.10143699603540929,-1.2442744111574455,0.017583183067157993,0.48806536487362157
1282,17,236,777.957263569134,4705.278199933562,845.9654275779601,4795.464012288639,54.0,0.10144833133620683,-1.0782620536808496,0.10143699603540929,-1.0816122690759458,0.017583183067157993,0.43261068534627367
1283,17,237,777.957263569134,4705.278199933562,867.3492606095851,4792.378098334041,54.0,0.10144833133620683,-1.2110009296329904,0.10143699603540929,-1.2125745498969216,0.017583183067157993,0.4748336225616456
1284,17,238,777.957263569134,4705.278199933562,836.1977774156197,4777.614491614041,54.0,0.10144833133620683,-0.9004927590883678,0.10143699603540929,-0.9039632761539621,0.017583183067157993,0.35497190558131747
1285,17,239,777.957263569134,4705.278199933562,733.5001364322503,4748.586620355318,54.0,0.10144833133620683,-0.8036354524902763,0.10143699603540929,-0.8014264422286635,0.017583183067157993,0.22169350396663595
1286,17,240,777.957263569134,4705.278199933562,735.121237879597,4781.5539469831065,54.0,0.10144833133620683,-1.0804632311384716,0.10143699603540929,-1.0842703290060112,0.017583183067157993,0.3152736474600641
1287,17,241,777.957263569134,4705.278199933562,707.3848569786213,4791.034976103771,54.0,0.10144833133620683,-1.3642756460514613,0.10143699603540929,-1.3642309599977545,0.017583183067157993,0.4042015427241846
1288,17,242,777.957263569134,4705.278199933562,712.9980031901063,4777.612970571223,54.0,0.10144833133620683,-1.2154069052689755,0.10143699603540929,-1.2155060622041152,0.017583183067157993,0.35057761886821925
1289,17,243,777.957263569134,4705.278199933562,699.7932708640618,4755.760924905943,54.0,0.10144833133620683,-1.1521137770742749,0.10143699603540929,-1.1473536714530046,0.017583183067157993,0.3441506666285495
1290,17,244,777.957263569134,4705.278199933562,686.8965221818985,4798.831092361476,54.0,0.10144833133620683,-1.5718871731602506,0.10143699603540929,-1.5693790361981494,0.017583183067157993,0.4873832750812776
1291,17,245,777.957263569134,4705.278199933562,687.2411309135879,4707.631508201332,54.0,0.10144833133620683,-1.1187688086288556,0.10143699603540929,-1.1189343013589133,0.017583183067157993,0.3308759527319854
1292,17,246,777.957263569134,4705.278199933562,690.6183360672042,4684.164100497674,54.0,0.10144833133620683,-0.9489059049822425,0.10143699603540929,-0.9502798782196377,0.017583183067157993,0.3204996499500404
1293,17,247,777.957263569134,4705.278199933562,606.2075985001995,4731.370763159866,54.0,0.10144833133620683,-2.135261965857255,0.10143699603540929,-2.1383682280021175,0.017583183067157993,0.6345580170767532
1294,55,248,631.0597053851714,4679.977771773372,623.3428439903965,4697.432085439533,54.0,0.10144833133620683,-0.3027930696917408,0.10143699603540929,-0.3017951755823893,0.017583183067157993,0.08004175405538325
1295,17,249,777.957263569134,4705.278199933562,629.0391362438163,4679.029549685565,54.0,0.10144833133620683,-1.79425365027283,0.10143699603540929,-1.794111038247044,0.017583183067157993,0.5401393647414223
1296,55,249,631.0597053851714,4679.977771773372,629.0391362438163,4679.029549685565,54.0,0.10144833133620683,-0.15030977247941404,0.10143699603540929,-0.14955298849436208,0.017583183067157993,0.03766993918478341
1297,17,250,777.957263569134,4705.278199933562,645.9807538115654,4669.918769358841,54.0,0.10144833133620683,-1.5327337147994047,0.10143699603540929,-1.5352431525281351,0.017583183067157993,0.49781660468663547
1298,55,250,631.0597053851714,4679.977771773372,645.9807538115654,4669.918769358841,54.0,0.10144833133620683,-0.2869580424856565,0.10143699603540929,-0.2854956453568668,0.017583183067157993,0.08080427265325593
1299,17,251,777.957263569134,4705.278199933562,677.9072626809317,4653.89718048063,54.0,0.10144833133620683,-1.1754007639328217,0.10143699603540929,-1.173366726879901,0.017583183067157993,0.4159875017095095
1300,17,252,777.957263569134,4705.278199933562,685.7243502711287,4645.208724743927,54.0,0.10144833133620683,-1.1345923540578322,0.10143699603540929,-1.1311212746198966,0.017583183067157993,0.41468058156960863
1301,17,253,777.957263569134,4705.278199933562,691.3660822278478,4666.660196363947,54.0,0.10144833133620683,-0.9779484040764316,0.10143699603540929,-0.9774459521710336,0.017583183067157993,0.34549513989576236
1302,17,254,777.957263569134,4705.278199933562,592.8377865365509,4734.876730565503,54.0,0.10144833133620683,-2.2779095767595807,0.10143699603540929,-2.2817241230085927,0.017583183067157993,0.6877497920149612
1303,55,254,631.0597053851714,4679.977771773372,592.8377865365509,4734.876730565503,54.0,0.10144833133620683,-0.8390062609951972,0.10143699603540929,-0.835502159466252,0.017583183067157993,0.2563179881468437
1304,17,255,777.957263569134,4705.278199933562,567.0059918406176,4747.16037686089,54.0,0.10144833133620683,-2.529951248540145,0.10143699603540929,-2.5338749026056306,0.017583183067157993,0.8023490484715564
1305,32,256,334.71484028241383,4482.861045979598,500.20796147231687,4618.267020372979,54.0,0.10144833133620683,-1.990181332729675,0.10143699603540929,-1.9778000962834217,0.017583183067157993,0.7613948146376228
1306,23,256,492.6610906216525,4339.6404706179,500.20796147231687,4618.267020372979,54.0,0.10144833133620683,-3.3987716197877003,0.10143699603540929,-3.399972342653071,0.017583183067157993,0.8141183624338715
1307,56,256,677.3923123197425,4458.591690875839,500.20796147231687,4618.267020372979,54.0,0.10144833133620683,-2.2617139025859037,0.10143699603540929,-2.250011377822057,0.017583183067157993,0.8469815158306158
1308,32,257,334.71484028241383,4482.861045979598,452.8407182199586,4614.347532250419,54.0,0.10144833133620683,-1.8853781277307378,0.10143699603540929,-1.8755116701393157,0.017583183067157993,0.6382566141090884
1309,32,258,334.71484028241383,4482.861045979598,437.13896889547215,4593.005802237853,54.0,0.10144833133620683,-1.5531386361007358,0.10143699603540929,-1.5453976147590844,0.017583183067157993,0.5337640736948719
1310,32,259,334.71484028241383,4482.861045979598,425.7675979026484,4587.306801321076,54.0,0.10144833133620683,-1.4458334900877583,0.10143699603540929,-1.435902114623984,0.017583183067157993,0.491469479787524
1311,32,260,334.71484028241383,4482.861045979598,447.73043194608914,4642.773796720821,54.0,0.10144833133620683,-2.214640294573942,0.10143699603540929,-2.1954381992930405,0.017583183067157993,0.7313658098131333
1312,32,261,334.71484028241383,4482.861045979598,416.52807431204894,4611.258260235148,54.0,0.10144833133620683,-1.68905774425281,0.10143699603540929,-1.6744683156162574,0.017583183067157993,0.5684932726667522
1313,15,262,-219.46475068668764,3910.916163982088,-239.5128446278165,3906.899903078088,54.0,0.10144833133620683,-0.3002549986479305,0.10143699603540929,-0.30066204918406203,0.017583183067157993,0.05685809423637018
1314,46,262,-260.0556528336838,3915.584287356416,-239.5128446278165,3906.899903078088,54.0,0.10144833133620683,-0.3425100014975577,0.10143699603540929,-0.3418901882662498,0.017583183067157993,0.05738334646431191
1315,14,262,-195.2527334913325,3927.819587782603,-239.5128446278165,3906.899903078088,54.0,0.10144833133620683,-0.48337311154702145,0.10143699603540929,-0.4836399143974337,0.017583183067157993,0.11422782921287077
1316,15,263,-219.46475068668764,3910.916163982088,-206.51370862307223,3888.753544352072,54.0,0.10144833133620683,-0.3113885880153469,0.10143699603540929,-0.3110094657195141,0.017583183067157993,0.06799184421940635
1317,46,263,-260.0556528336838,3915.584287356416,-206.51370862307223,3888.753544352072,54.0,0.10144833133620683,-0.8032542121632262,0.10143699603540929,-0.8019326897556371,0.017583183067157993,0.14190579529187264
1318,14,263,-191.8510249122208,3920.732064928668,-206.51370862307223,3888.753544352072,54.0,0.10144833133620683,-0.3348263399371365,0.10143699603540929,-0.3371937105087781,0.017583183067157993,0.08260193686311745
1319,15,264,-219.46475068668764,3910.916163982088,-247.0083933535225,3882.934832278036,54.0,0.10144833133620683,-0.4997803405436154,0.10143699603540929,-0.49947488359636943,0.017583183067157993,0.09606549459131536
1320,46,264,-260.0556528336838,3915.584287356416,-247.0083933535225,3882.934832278036,54.0,0.10144833133620683,-0.4724371664518695,0.10143699603540929,-0.47124470568292326,0.017583183067157993,0.08846136924516625
1321,14,264,-191.8510249122208,3920.732064928668,-247.0083933535225,3882.934832278036,54.0,0.10144833133620683,-0.6815734022635679,0.10143699603540929,-0.6826700042980793,0.017583183067157993,0.15225603796877002
1322,15,265,-219.46475068668764,3910.916163982088,-299.6987199382138,3877.517142896227,54.0,0.10144833133620683,-1.016022918559068,0.10143699603540929,-1.0162936839182366,0.017583183067157993,0.21760481741655122
1323,14,265,-194.70002127832709,3926.657899285984,-299.6987199382138,3877.517142896227,54.0,0.10144833133620683,-1.2603519161953938,0.10143699603540929,-1.261158271179737,0.017583183067157993,0.28249791149267695
1324,46,265,-260.0556528336838,3915.584287356416,-299.6987199382138,3877.517142896227,54.0,0.10144833133620683,-0.7245242220645328,0.10143699603540929,-0.7224192110803416,0.017583183067157993,0.14515929566861666
1325,46,266,-260.0556528336838,3915.584287356416,-207.05441320593363,3875.578724167899,54.0,0.10144833133620683,-0.8817182081859409,0.10143699603540929,-0.8797600153368552,0.017583183067157993,0.15769487560014783
1326,14,266,-191.8510249122208,3920.732064928668,-207.05441320593363,3875.578724167899,54.0,0.10144833133620683,-0.49139584043871964,0.10143699603540929,-0.49343547327367393,0.017583183067157993,0.11357404018695921
1327,15,267,-219.46475068668764,3910.916163982088,-288.28040614727314,3869.763411078973,54.0,0.10144833133620683,-0.9108271421292429,0.10143699603540929,-0.9113501211757886,0.017583183067157993,0.20187209745826568
1328,46,267,-260.0556528336838,3915.584287356416,-288.28040614727314,3869.763411078973,54.0,0.10144833133620683,-0.6775069494486485,0.10143699603540929,-0.676045312641548,0.017583183067157993,0.14190219492776296
1329,14,267,-191.8510249122208,3920.732064928668,-288.28040614727314,3869.763411078973,54.0,0.10144833133620683,-1.1175569109999797,0.10143699603540929,-1.1194604731443663,0.017583183067157993,0.2633233149520084
1330,46,268,-260.0556528336838,3915.584287356416,-224.7874470069469,3868.704572457101,54.0,0.10144833133620683,-0.767866571849752,0.10143699603540929,-0.7666160266167739,0.017583183067157993,0.14223938276440026
1331,14,268,-191.8510249122208,3920.732064928668,-224.7874470069469,3868.704572457101,54.0,0.10144833133620683,-0.6536549413168562,0.10143699603540929,-0.6543203483320067,0.017583183067157993,0.14676988557892057
1332,46,269,-260.0556528336838,3915.584287356416,-260.1284068828446,3860.327587174116,54.0,0.10144833133620683,-0.6164687717108078,0.10143699603540929,-0.615210166433952,0.017583183067157993,0.14409361798437742
1333,15,269,-219.46475068668764,3910.916163982088,-260.1284068828446,3860.327587174116,54.0,0.10144833133620683,-0.7285049476074206,0.10143699603540929,-0.7275193756061628,0.017583183067157993,0.16273985177305697
1334,14,269,-191.8510249122208,3920.732064928668,-260.1284068828446,3860.327587174116,54.0,0.10144833133620683,-0.9293825459127709,0.10143699603540929,-0.9302906079986273,0.017583183067157993,0.22000392830603033
1335,46,270,-260.0556528336838,3915.584287356416,-301.76269843675186,3851.489323913676,54.0,0.10144833133620683,-0.9109732212705026,0.10143699603540929,-0.9095079584772132,0.017583183067157993,0.2089875965790882
1336,15,270,-219.46475068668764,3910.916163982088,-301.76269843675186,3851.489323913676,54.0,0.10144833133620683,-1.1064893932708246,0.10143699603540929,-1.1066826255062134,0.017583183067157993,0.26697244722479996
1337,14,270,-191.8510249122208,3920.732064928668,-301.76269843675186,3851.489323913676,54.0,0.10144833133620683,-1.3000953871713083,0.10143699603540929,-1.301220813024243,0.017583183067157993,0.32870337503671754
1338,14,271,-191.8510249122208,3920.732064928668,-230.0244001131252,3856.086690947165,54.0,0.10144833133620683,-0.7929965301599682,0.10143699603540929,-0.7942363974859714,0.017583183067157993,0.18328477526262152
1339,46,272,-260.0556528336838,3915.584287356416,-212.9190342948821,3852.70955400908,54.0,0.10144833133620683,-0.9931675315982513,0.10143699603540929,-0.9906281153724672,0.017583183067157993,0.19539683131716473
1340,14,272,-191.8510249122208,3920.732064928668,-212.9190342948821,3852.70955400908,54.0,0.10144833133620683,-0.7615459337262013,0.10143699603540929,-0.761965499992225,0.017583183067157993,0.17739234773893459
1341,3,272,-366.6419945922364,3850.319998086217,-212.9190342948821,3852.70955400908,54.0,0.10144833133620683,-1.4575812920502071,0.10143699603540929,-1.4605168893575267,0.017583183067157993,0.45084161918452
1342,15,273,-219.46475068668764,3910.916163982088,-259.69914487938223,3840.648840093646,54.0,0.10144833133620683,-0.8555891990266961,0.10143699603540929,-0.8560153011234488,0.017583183067157993,0.2077143968801123
1343,14,273,-191.8510249122208,3920.732064928668,-259.69914487938223,3840.648840093646,54.0,0.10144833133620683,-1.0574180540128957,0.10143699603540929,-1.0601365986176332,0.017583183067157993,0.2624796155190185
1344,46,273,-260.0556528336838,3915.584287356416,-259.69914487938223,3840.648840093646,54.0,0.10144833133620683,-0.7812727695912318,0.10143699603540929,-0.7793076128496413,0.017583183067157993,0.20018520844227444
1345,3,274,-366.6419945922364,3850.319998086217,-217.82064581615532,3836.435116427341,54.0,0.10144833133620683,-1.5901879680390572,0.10143699603540929,-1.5839986012357248,0.017583183067157993,0.4597258078717069
1346,46,274,-260.0556528336838,3915.584287356416,-217.82064581615532,3836.435116427341,54.0,0.10144833133620683,-1.0630555814000509,0.10143699603540929,-1.0645478203863614,0.017583183067157993,0.23315240323423014
1347,14,274,-191.8510249122208,3920.732064928668,-217.82064581615532,3836.435116427341,54.0,0.10144833133620683,-0.949368605953992,0.10143699603540929,-0.9505154302294987,0.017583183067157993,0.22880679139196056
1348,46,275,-260.0556528336838,3915.584287356416,-228.4608267250068,3835.49661024065,54.0,0.10144833133620683,-0.98413518359606,0.10143699603540929,-0.9847925847914838,0.017583183067157993,0.22496372722718633
1349,14,275,-191.8510249122208,3920.732064928668,-228.4608267250068,3835.49661024065,54.0,0.10144833133620683,-0.9946689942014713,0.10143699603540929,-0.9951939332423664,0.017583183067157993,0.2392258157165446
1350,14,276,-191.8510249122208,3920.732064928668,-220.7072172819317,3822.533501197976,54.0,0.10144833133620683,-1.1063058823425704,0.10143699603540929,-1.1076459630619697,0.017583183067157993,0.27355891750358324
1351,3,276,-366.6419945922364,3850.319998086217,-220.7072172819317,3822.533501197976,54.0,0.10144833133620683,-1.611290406751481,0.10143699603540929,-1.603189642057379,0.017583183067157993,0.4613063895527403
1352,46,276,-260.0556528336838,3915.584287356416,-220.7072172819317,3822.533501197976,54.0,0.10144833133620683,-1.1512437558129094,0.10143699603540929,-1.151785088799291,0.017583183067157993,0.27065651283768744
1353,15,276,-219.46475068668764,3910.916163982088,-220.7072172819317,3822.533501197976,54.0,0.10144833133620683,-1.0108216247513204,0.10143699603540929,-1.0094269363641561,0.017583183067157993,0.239630133116025
1354,14,277,-191.8510249122208,3920.732064928668,-220.52307878009043,3896.322588863719,54.0,0.10144833133620683,-0.3313521648791416,0.10143699603540929,-0.3329843788495875,0.017583183067157993,0.08525211444004106
1355,15,277,-219.46475068668764,3910.916163982088,-220.52307878009043,3896.322588863719,54.0,0.10144833133620683,-0.19658020139865318,0.10143699603540929,-0.19660588582688776,0.017583183067157993,0.04687586232418001
1356,46,277,-260.0556528336838,3915.584287356416,-220.52307878009043,3896.322588863719,54.0,0.10144833133620683,-0.6079282477532149,0.10143699603540929,-0.6072723610608258,0.017583183067157993,0.10466773985877743
1357,46,278,-260.0556528336838,3915.584287356416,-234.22537457612623,3832.547431286246,54.0,0.10144833133620683,-0.9712022026362374,0.10143699603540929,-0.9721090509029884,0.017583183067157993,0.22987536502875286
1358,14,278,-191.8510249122208,3920.732064928668,-234.22537457612623,3832.547431286246,54.0,0.10144833133620683,-1.035867501515531,0.10143699603540929,-1.0358598380475246,0.017583183067157993,0.2530567055617725
1359,15,278,-219.46475068668764,3910.916163982088,-234.22537457612623,3832.547431286246,54.0,0.10144833133620683,-0.8525185443857601,0.10143699603540929,-0.8536541295758417,0.017583183067157993,0.2097430965612806
1360,14,279,-191.8510249122208,3920.732064928668,-239.64545070337945,3852.531569643749,54.0,0.10144833133620683,-0.8602076827348359,0.10143699603540929,-0.8630437580389302,0.017583183067157993,0.20340357914089924
1361,15,279,-219.46475068668764,3910.916163982088,-239.64545070337945,3852.531569643749,54.0,0.10144833133620683,-0.684002477282971,0.10143699603540929,-0.6853696882001692,0.017583183067157993,0.15456986146844884
1362,15,280,-219.46475068668764,3910.916163982088,-222.45927337673947,3847.821790182078,54.0,0.10144833133620683,-0.7371260195090782,0.10143699603540929,-0.7347302196537671,0.017583183067157993,0.16207773111023324
1363,46,280,-260.0556528336838,3915.584287356416,-222.45927337673947,3847.821790182078,54.0,0.10144833133620683,-0.937645864356322,0.10143699603540929,-0.9378868108873041,0.017583183067157993,0.19515988094562703
1364,14,280,-191.8510249122208,3920.732064928668,-222.45927337673947,3847.821790182078,54.0,0.10144833133620683,-0.8543537466902461,0.10143699603540929,-0.8546976476966237,0.017583183067157993,0.19758850805498118
1365,14,281,-191.8510249122208,3920.732064928668,-204.13750177921133,3830.7645324182754,54.0,0.10144833133620683,-0.9438770107193821,0.10143699603540929,-0.9446630728282072,0.017583183067157993,0.24455975825742293
1366,46,281,-260.0556528336838,3915.584287356416,-204.13750177921133,3830.7645324182754,54.0,0.10144833133620683,-1.2305193111244757,0.10143699603540929,-1.2302898435788738,0.017583183067157993,0.26691464226367473
1367,46,282,-260.0556528336838,3915.584287356416,-196.31793179281823,3850.097955642777,54.0,0.10144833133620683,-1.1489358511603258,0.10143699603540929,-1.1447846749444806,0.017583183067157993,0.22860046874343248
1368,15,282,-219.46475068668764,3910.916163982088,-196.31793179281823,3850.097955642777,54.0,0.10144833133620683,-0.7450332878857029,0.10143699603540929,-0.7421334415696597,0.017583183067157993,0.16713316416082302
1369,14,282,-191.8510249122208,3920.732064928668,-196.31793179281823,3850.097955642777,54.0,0.10144833133620683,-0.7099215876973012,0.10143699603540929,-0.7092610860450705,0.017583183067157993,0.18492508914855116
1370,15,283,-219.46475068668764,3910.916163982088,-239.63954182075463,3893.468471754271,54.0,0.10144833133620683,-0.3566422669458408,0.10143699603540929,-0.3566935099039724,0.017583183067157993,0.06932693000638043
1371,46,283,-260.0556528336838,3915.584287356416,-239.63954182075463,3893.468471754271,54.0,0.10144833133620683,-0.4381672070360564,0.10143699603540929,-0.4369958323134331,0.017583183067157993,0.07480125145441383
1372,14,283,-191.8510249122208,3920.732064928668,-239.63954182075463,3893.468471754271,54.0,0.10144833133620683,-0.5274624138170321,0.10143699603540929,-0.529013668480485,0.017583183067157993,0.12399656559385083
1373,15,284,-219.46475068668764,3910.916163982088,-270.3096398577547,3825.91280365092,54.0,0.10144833133620683,-1.010057607842033,0.10143699603540929,-1.0096539328551535,0.017583183067157993,0.2602303073883091
1374,14,284,-191.8510249122208,3920.732064928668,-270.3096398577547,3825.91280365092,54.0,0.10144833133620683,-1.216526250547356,0.10143699603540929,-1.2189233512906108,0.017583183067157993,0.3156332636218432
1375,46,284,-260.0556528336838,3915.584287356416,-270.3096398577547,3825.91280365092,54.0,0.10144833133620683,-0.913993807413095,0.10143699603540929,-0.9115805081267464,0.017583183067157993,0.2445767107902893
1376,14,285,-191.8510249122208,3920.732064928668,-313.64040487867874,3841.407442527648,54.0,0.10144833133620683,-1.4899388841609915,0.10143699603540929,-1.4903167358356229,0.017583183067157993,0.3783110815323348
1377,14,286,-191.8510249122208,3920.732064928668,-237.86889380994464,3869.5690282123273,54.0,0.10144833133620683,-0.7211935309859283,0.10143699603540929,-0.7226200541159133,0.017583183067157993,0.1618442918631959
1378,46,286,-260.0556528336838,3915.584287356416,-237.86889380994464,3869.5690282123273,54.0,0.10144833133620683,-0.6631475881352232,0.10143699603540929,-0.6620273103519779,0.017583183067157993,0.12559287488945248
1379,15,287,-219.46475068668764,3910.916163982088,-290.1032136269349,3879.02770495162,54.0,0.10144833133620683,-0.9031167479973083,0.10143699603540929,-0.9035341450214336,0.017583183067157993,0.1925263798513149
1380,46,287,-260.0556528336838,3915.584287356416,-290.1032136269349,3879.02770495162,54.0,0.10144833133620683,-0.6297107373407969,0.10143699603540929,-0.6278343292483447,0.017583183067157993,0.12366875478047273
1381,46,288,-260.0556528336838,3915.584287356416,-217.05716463296827,3881.450900568053,54.0,0.10144833133620683,-0.739332600462712,0.10143699603540929,-0.7377913821162173,0.017583183067157993,0.13070103393304278
1382,46,289,-260.0556528336838,3915.584287356416,-287.08457697353265,3860.139446947377,54.0,0.10144833133620683,-0.737765967866525,0.10143699603540929,-0.7367563576971845,0.017583183067157993,0.16486265948173912
1383,46,290,-260.0556528336838,3915.584287356416,-284.4670125726876,3807.7889507976943,54.0,0.10144833133620683,-1.180067950247019,0.10143699603540929,-1.173702035167387,0.017583183067157993,0.31203490161612113
1384,46,291,-260.0556528336838,3915.584287356416,-264.284648689563,3867.396538917314,54.0,0.10144833133620683,-0.5611808759131935,0.10143699603540929,-0.5602153901797063,0.017583183067157993,0.12479622939570806
1385,46,292,-260.0556528336838,3915.584287356416,-305.30829728411254,3860.661942635376,54.0,0.10144833133620683,-0.8775821343707056,0.10143699603540929,-0.8754875026769271,0.017583183067157993,0.19301357052202908
1386,46,293,-260.0556528336838,3915.584287356416,-254.8098989424844,3843.565233451433,54.0,0.10144833133620683,-0.7581895521849519,0.10143699603540929,-0.7563050769245523,0.017583183067157993,0.1922156563095815
1387,14,294,-191.2861040228232,3920.912450661129,-93.57726189495948,3961.546197789921,54.0,0.10144833133620683,-1.1795339388282453,0.10143699603540929,-1.1801066433596097,0.017583183067157993,0.35568846660435216
1388,9,294,9.936533141897351,4088.226647492491,-93.57726189495948,3961.546197789921,54.0,0.10144833133620683,-1.9952064785604868,0.10143699603540929,-1.9898048234016659,0.017583183067157993,0.6228623321666911
1389,9,295,9.936533141897351,4088.226647492491,-56.035500045016406,3941.502507723401,54.0,0.10144833133620683,-2.057927208546222,0.10143699603540929,-2.0606202676549135,0.017583183067157993,0.56474375209902
1390,14,295,-191.2861040228232,3920.912450661129,-56.035500045016406,3941.502507723401,54.0,0.10144833133620683,-1.3243756028137434,0.10143699603540929,-1.3256008710311904,0.017583183067157993,0.418174339692016
1391,14,296,-191.2861040228232,3920.912450661129,-83.42484145845008,3942.88148701633,54.0,0.10144833133620683,-1.1218318630911324,0.10143699603540929,-1.1215131474671516,0.017583183067157993,0.3347046355280736
1392,14,297,-191.2861040228232,3920.912450661129,-58.13533851273078,3928.158727312826,54.0,0.10144833133620683,-1.1967431722554267,0.10143699603540929,-1.1983185973476749,0.017583183067157993,0.3893623024553492
1393,9,297,9.936533141897351,4088.226647492491,-58.13533851273078,3928.158727312826,54.0,0.10144833133620683,-2.1769104856865216,0.10143699603540929,-2.181217018431837,0.017583183067157993,0.6058701316880956
1394,14,298,-191.2861040228232,3920.912450661129,-76.10278929015365,3928.390718488814,54.0,0.10144833133620683,-1.080533860606006,0.10143699603540929,-1.0799655256447296,0.017583183067157993,0.3315759897579189
1395,14,299,-191.2861040228232,3920.912450661129,-88.19284338416543,3910.3239477963098,54.0,0.10144833133620683,-0.9055506371861538,0.10143699603540929,-0.905017736553374,0.017583183067157993,0.2895482927361956
1396,14,300,-191.2861040228232,3920.912450661129,-66.20733732343768,3907.189374107909,54.0,0.10144833133620683,-1.0272721766873163,0.10143699603540929,-1.0239984656807921,0.017583183067157993,0.35474678827131684
1397,14,301,-191.2861040228232,3920.912450661129,-31.22363826822373,3895.155107689023,54.0,0.10144833133620683,-1.3177837897305982,0.10143699603540929,-1.314294015169596,0.017583183067157993,0.4750741220263729
1398,14,302,-191.2861040228232,3920.912450661129,-109.8933281317338,3891.788283909125,54.0,0.10144833133620683,-0.8173406180297116,0.10143699603540929,-0.820445715537942,0.017583183067157993,0.24157960624740715
1399,14,303,-191.2861040228232,3920.912450661129,-88.84745792148391,3891.638924250811,54.0,0.10144833133620683,-0.9539269520760143,0.10143699603540929,-0.9556414323880841,0.017583183067157993,0.3016476309194041
1400,14,304,-191.2861040228232,3920.912450661129,-69.56334702608117,3889.639795815675,54.0,0.10144833133620683,-1.0831670703541498,0.10143699603540929,-1.0840559291530538,0.017583183067157993,0.3601983244712088
1401,14,305,-191.2861040228232,3920.912450661129,-47.84804575173801,3889.788154786775,54.0,0.10144833133620683,-1.2315740352487228,0.10143699603540929,-1.2329648996012734,0.017583183067157993,0.43079878268347827
1402,14,306,-191.2861040228232,3920.912450661129,-23.36300577374711,3882.6832047228254,54.0,0.10144833133620683,-1.4745251622475337,0.10143699603540929,-1.4755119119774793,0.017583183067157993,0.5166244194162799
1403,50,307,-32.87294301735424,3776.17863145535,-65.13866586007784,3871.8509974488175,54.0,0.10144833133620683,-1.1783618256605557,0.10143699603540929,-1.1779172905408084,0.017583183067157993,0.3228244075390504
1404,14,307,-191.2861040228232,3920.912450661129,-65.13866586007784,3871.8509974488175,54.0,0.10144833133620683,-1.193216118807274,0.10143699603540929,-1.19311275219875,0.017583183067157993,0.3932760404052279
1405,14,308,-191.2861040228232,3920.912450661129,-50.13229410178342,3867.0999269122817,54.0,0.10144833133620683,-1.33432595198185,0.10143699603540929,-1.3326253041345852,0.017583183067157993,0.4456850618273535
1406,14,309,-191.2861040228232,3920.912450661129,-35.39723016141716,3854.209722232396,54.0,0.10144833133620683,-1.6172770845810014,0.10143699603540929,-1.6136668169174577,0.017583183067157993,0.510827813032085
1407,14,310,-191.2861040228232,3920.912450661129,-61.32288072890474,3816.801141060652,54.0,0.10144833133620683,-1.7196668392276906,0.10143699603540929,-1.718552080482464,0.017583183067157993,0.5212851523746139
1408,50,310,-32.87294301735424,3776.17863145535,-61.32288072890474,3816.801141060652,54.0,0.10144833133620683,-0.6646038299333334,0.10143699603540929,-0.6616089333357961,0.017583183067157993,0.14814844932569401
1409,14,311,-191.2861040228232,3920.912450661129,-70.85258713100723,3825.679041233032,54.0,0.10144833133620683,-1.5315675383663387,0.10143699603540929,-1.530728820137137,0.017583183067157993,0.4777362328503175
1410,50,311,-32.87294301735424,3776.17863145535,-70.85258713100723,3825.679041233032,54.0,0.10144833133620683,-0.8288490010277167,0.10143699603540929,-0.8252792114020964,0.017583183067157993,0.19031563143684982
1411,50,312,-32.87294301735424,3776.17863145535,-77.81854309749487,3807.703348510464,54.0,0.10144833133620683,-0.5729048260245798,0.10143699603540929,-0.5678607338273854,0.017583183067157993,0.1618605891450847
1412,14,312,-191.2861040228232,3920.912450661129,-77.81854309749487,3807.703348510464,54.0,0.10144833133620683,-1.665959346338384,0.10143699603540929,-1.67005459911855,0.017583183067157993,0.49888960315020114
1413,18,313,55.99463969610678,3684.4657106501672,-71.53169503986241,3812.202036985935,54.0,0.10144833133620683,-2.2409745030126187,0.10143699603540929,-2.23017798131063,0.017583183067157993,0.5657206922320366
1414,14,313,-191.2861040228232,3920.912450661129,-71.53169503986241,3812.202036985935,54.0,0.10144833133620683,-1.6723550336152986,0.10143699603540929,-1.6738598248092798,0.017583183067157993,0.5048292087339665
1415,14,314,-191.2861040228232,3920.912450661129,-100.08529526117316,3900.3226209859754,54.0,0.10144833133620683,-0.8592680696902794,0.10143699603540929,-0.860361587331688,0.017583183067157993,0.26032595808237285
1416,14,315,-191.2861040228232,3920.912450661129,-89.8146653730421,3916.635476753353,54.0,0.10144833133620683,-0.8930939924348843,0.10143699603540929,-0.8927814962203807,0.017583183067157993,0.2836360745392607
1417,18,316,55.99463969610678,3684.4657106501672,-21.70518692471069,3895.884300151082,54.0,0.10144833133620683,-2.697886768002472,0.10143699603540929,-2.6886257177159645,0.017583183067157993,0.7247853908015258
1418,14,316,-191.2861040228232,3920.912450661129,-21.70518692471069,3895.884300151082,54.0,0.10144833133620683,-1.4012244285274777,0.10143699603540929,-1.3953508558158663,0.017583183067157993,0.502698241674651
1419,15,317,-219.46475068668764,3910.916163982088,-110.01626871790168,3882.272424637356,54.0,0.10144833133620683,-1.1218026007003208,0.10143699603540929,-1.1239607370081222,0.017583183067157993,0.3085085255389438
1420,14,317,-191.2861040228232,3920.912450661129,-110.01626871790168,3882.272424637356,54.0,0.10144833133620683,-0.8658421872073104,0.10143699603540929,-0.8684329992727419,0.017583183067157993,0.253044238600479
1421,18,318,55.99463969610678,3684.4657106501672,-96.97654250745872,3869.5775486716034,54.0,0.10144833133620683,-2.8982672856607152,0.10143699603540929,-2.893694502288402,0.017583183067157993,0.7692344585467352
1422,14,318,-191.2861040228232,3920.912450661129,-96.97654250745872,3869.5775486716034,54.0,0.10144833133620683,-1.0299369318679072,0.10143699603540929,-1.0317931139033576,0.017583183067157993,0.311594882020297
1423,14,319,-191.2861040228232,3920.912450661129,-77.79031957572187,3894.979280828351,54.0,0.10144833133620683,-1.0134510103796002,0.10143699603540929,-1.0133446721737913,0.017583183067157993,0.3287836167474008
1424,18,320,55.99463969610678,3684.4657106501672,-55.97942679583037,3901.289986408653,54.0,0.10144833133620683,-2.724503457936723,0.10143699603540929,-2.722025608323866,0.017583183067157993,0.7902715493102457
1425,14,321,-191.2861040228232,3920.912450661129,-40.74382534446032,3878.871264722534,54.0,0.10144833133620683,-1.326476586096337,0.10143699603540929,-1.329184278998892,0.017583183067157993,0.46479210011842953
1426,18,321,55.99463969610678,3684.4657106501672,-40.74382534446032,3878.871264722534,54.0,0.10144833133620683,-2.4994324808900483,0.10143699603540929,-2.496546561717815,0.017583183067157993,0.7001419840820233
1427,14,322,-191.2861040228232,3920.912450661129,-66.69372584046727,3870.2071380379048,54.0,0.10144833133620683,-1.2003783243729211,0.10143699603540929,-1.2004526305808632,0.017583183067157993,0.3924162175400245
1428,18,322,55.99463969610678,3684.4657106501672,-66.69372584046727,3870.2071380379048,54.0,0.10144833133620683,-2.5770188996882615,0.10143699603540929,-2.574793384481506,0.017583183067157993,0.7141388934571448
1429,50,322,-32.87294301735424,3776.17863145535,-66.69372584046727,3870.2071380379048,54.0,0.10144833133620683,-1.1655892826044636,0.10143699603540929,-1.1653284390934908,0.017583183067157993,0.3187693607482181
1430,9,323,9.936533141897351,4088.226647492491,-54.35065196736064,3922.548138121946,54.0,0.10144833133620683,-2.232633088499602,0.10143699603540929,-2.237283543730439,0.017583183067157993,0.6145389517161537
1431,14,323,-191.2861040228232,3920.912450661129,-54.35065196736064,3922.548138121946,54.0,0.10144833133620683,-1.0901385343634384,0.10143699603540929,-1.0856008129859402,0.017583183067157993,0.3887750393318157
1432,21,323,103.34699834515416,4117.964937310308,-54.35065196736064,3922.548138121946,54.0,0.10144833133620683,-2.7968767239154944,0.10143699603540929,-2.7877018429346827,0.017583183067157993,0.8012104639141513
1433,14,324,-191.2861040228232,3920.912450661129,-90.20027446475764,3884.516943179324,54.0,0.10144833133620683,-0.9745901682441652,0.10143699603540929,-0.9765311400412184,0.017583183067157993,0.30586813518770994
1434,23,325,485.3312407692456,4298.036308618457,442.6118074904948,4070.2277085185783,54.0,0.10144833133620683,-1.7187871419637026,0.10143699603540929,-1.710910862525488,0.017583183067157993,0.44838894508551014
1435,39,325,491.6009153175041,3965.873607703836,442.6118074904948,4070.2277085185783,54.0,0.10144833133620683,-1.1094612447868994,0.10143699603540929,-1.1073206990318183,0.017583183067157993,0.23901459002591904
1436,45,325,517.3116391169647,4113.7490927459785,442.6118074904948,4070.2277085185783,54.0,0.10144833133620683,-1.1372308702477487,0.10143699603540929,-1.1366843597706335,0.017583183067157993,0.16177616037011594
1437,41,325,461.8106926932424,4070.996636995212,442.6118074904948,4070.2277085185783,54.0,0.10144833133620683,-0.20312672051508676,0.10143699603540929,-0.2029837763144673,0.017583183067157993,0.032381719666118365
1438,47,325,497.40279712570856,4039.075701869608,442.6118074904948,4070.2277085185783,54.0,0.10144833133620683,-0.7672897813434955,0.10143699603540929,-0.7675026662156732,0.017583183067157993,0.11765387445512118
1439,60,325,462.2337953932308,4065.780960132662,442.6118074904948,4070.2277085185783,54.0,0.10144833133620683,-0.22298692991972258,0.10143699603540929,-0.22283172287572328,0.017583183067157993,0.03551558594404231
1440,61,325,463.203498736656,4062.892527800171,442.6118074904948,4070.2277085185783,54.0,0.10144833133620683,-0.24160758848508976,0.10143699603540929,-0.24144337054213166,0.017583183067157993,0.03840715440255942
1441,27,325,413.6607163277177,4126.933692479007,442.6118074904948,4070.2277085185783,54.0,0.10144833133620683,-0.6622600174653148,0.10143699603540929,-0.6611495530584153,0.017583183067157993,0.11431318829519077
1442,44,325,470.9318574712719,4102.798680980681,442.6118074904948,4070.2277085185783,54.0,0.10144833133620683,-0.5001477203301143,0.10143699603540929,-0.5004493044298749,0.017583183067157993,0.06419012492178942
1443,45,326,517.3116391169647,4113.7490927459785,473.81212145827845,4062.309946420862,54.0,0.10144833133620683,-1.0257925723513235,0.10143699603540929,-1.026286780702938,0.017583183067157993,0.15816847028678183
1444,35,326,583.2192292927565,4207.570440686977,473.81212145827845,4062.309946420862,54.0,0.10144833133620683,-2.1102604157421934,0.10143699603540929,-2.1113951792903833,0.017583183067157993,0.44257633712451905
1445,52,326,577.7231586056545,4060.836546501464,473.81212145827845,4062.309946420862,54.0,0.10144833133620683,-1.5434243110352661,0.10143699603540929,-1.545842295342077,0.017583183067157993,0.31867439745408566
1446,36,326,587.79522063936,3965.30735379632,473.81212145827845,4062.309946420862,54.0,0.10144833133620683,-2.399369688048724,0.10143699603540929,-2.396061528775008,0.017583183067157993,0.4629131114274342
1447,41,326,461.8106926932424,4070.996636995212,473.81212145827845,4062.309946420862,54.0,0.10144833133620683,-0.17054734953039355,0.10143699603540929,-0.17048459021219614,0.017583183067157993,0.026112646630396925
1448,61,326,463.203498736656,4062.892527800171,473.81212145827845,4062.309946420862,54.0,0.10144833133620683,-0.1505973322411887,0.10143699603540929,-0.15054191428295113,0.017583183067157993,0.023058082879170314
1449,31,326,286.22286085268047,4096.016113555928,473.81212145827845,4062.309946420862,54.0,0.10144833133620683,-2.0994902042390278,0.10143699603540929,-2.0959270811896586,0.017583183067157993,0.40539222067410263
1450,27,326,413.6607163277177,4126.933692479007,473.81212145827845,4062.309946420862,54.0,0.10144833133620683,-0.9637586027604076,0.10143699603540929,-0.9630129216464125,0.017583183067157993,0.15238365877104823
1451,23,326,485.3312407692456,4298.036308618457,473.81212145827845,4062.309946420862,54.0,0.10144833133620683,-2.136271623025086,0.10143699603540929,-2.133685216247545,0.017583183067157993,0.466828152868966
1452,60,326,462.2337953932308,4065.780960132662,473.81212145827845,4062.309946420862,54.0,0.10144833133620683,-0.16044429300838317,0.10143699603540929,-0.16038525149020305,0.017583183067157993,0.02456575923770151
1453,44,326,482.2902751987267,4093.226876078621,473.81212145827845,4062.309946420862,54.0,0.10144833133620683,-0.4591363642703928,0.10143699603540929,-0.46014280542233443,0.017583183067157993,0.06436080192932539
1454,47,326,497.40279712570856,4039.075701869608,473.81212145827845,4062.309946420862,54.0,0.10144833133620683,-0.5227432759514508,0.10143699603540929,-0.523851121510504,0.017583183067157993,0.07649617909290621
1455,39,326,491.6009153175041,3965.873607703836,473.81212145827845,4062.309946420862,54.0,0.10144833133620683,-0.9748888298815844,0.10143699603540929,-0.9730782305727553,0.017583183067157993,0.22143114421895577
1456,48,326,542.8497150079456,3957.433060143872,473.81212145827845,4062.309946420862,54.0,0.10144833133620683,-1.9995565534796536,0.10143699603540929,-1.9953795240803358,0.017583183067157993,0.35177501294472824
1457,43,326,630.0947010611478,4141.259609929846,473.81212145827845,4062.309946420862,54.0,0.10144833133620683,-2.1587275857001336,0.10143699603540929,-2.162591132326193,0.017583183067157993,0.5141301300956644
1458,27,327,413.6607163277177,4126.933692479007,468.27210347413103,4049.616241434093,54.0,0.10144833133620683,-0.9625475966379987,0.10143699603540929,-0.9610992336214927,0.017583183067157993,0.16607502451172165
1459,39,327,491.6009153175041,3965.873607703836,468.27210347413103,4049.616241434093,54.0,0.10144833133620683,-0.7095134850072311,0.10143699603540929,-0.707324000274053,0.017583183067157993,0.19498001283202804
1460,43,327,630.0947010611478,4141.259609929846,468.27210347413103,4049.616241434093,54.0,0.10144833133620683,-2.3162827037303804,0.10143699603540929,-2.316404887004927,0.017583183067157993,0.5470365116993163
1461,61,327,463.203498736656,4062.892527800171,468.27210347413103,4049.616241434093,54.0,0.10144833133620683,-0.1812501260614037,0.10143699603540929,-0.18118964299756854,0.017583183067157993,0.027959099261790576
1462,52,327,577.7231586056545,4060.836546501464,468.27210347413103,4049.616241434093,54.0,0.10144833133620683,-1.604970087813808,0.10143699603540929,-1.6074256250500856,0.017583183067157993,0.3300422936340956
1463,47,327,497.40279712570856,4039.075701869608,468.27210347413103,4049.616241434093,54.0,0.10144833133620683,-0.42690416312534357,0.10143699603540929,-0.42723537739998974,0.017583183067157993,0.0679933391317421
1464,48,327,542.8497150079456,3957.433060143872,468.27210347413103,4049.616241434093,54.0,0.10144833133620683,-1.6711431938075485,0.10143699603540929,-1.6676793388774,0.017583183067157993,0.3301697959101432
1465,31,327,286.22286085268047,4096.016113555928,468.27210347413103,4049.616241434093,54.0,0.10144833133620683,-1.9327591798548518,0.10143699603540929,-1.9311495237598417,0.017583183067157993,0.3992437238855706
1466,36,327,587.79522063936,3965.30735379632,468.27210347413103,4049.616241434093,54.0,0.10144833133620683,-2.3176330452952514,0.10143699603540929,-2.3118941691245913,0.017583183067157993,0.42895444708078323
1467,23,327,485.3312407692456,4298.036308618457,468.27210347413103,4049.616241434093,54.0,0.10144833133620683,-2.147497751154845,0.10143699603540929,-2.1449822058205132,0.017583183067157993,0.46970427112086005
1468,41,327,461.8106926932424,4070.996636995212,468.27210347413103,4049.616241434093,54.0,0.10144833133620683,-0.24795310564397105,0.10143699603540929,-0.2478671337599144,0.017583183067157993,0.038140527865745635
1469,60,327,462.2337953932308,4065.780960132662,468.27210347413103,4049.616241434093,54.0,0.10144833133620683,-0.20788418639064907,0.10143699603540929,-0.20781353795652113,0.017583183067157993,0.03202488269547354
1470,44,327,482.2902751987267,4093.226876078621,468.27210347413103,4049.616241434093,54.0,0.10144833133620683,-0.5869267925689425,0.10143699603540929,-0.587653590578346,0.017583183067157993,0.08477231068007345
1471,45,327,517.3116391169647,4113.7490927459785,468.27210347413103,4049.616241434093,54.0,0.10144833133620683,-1.1899873161590309,0.10143699603540929,-1.1907581983928988,0.017583183067157993,0.1848663433744076
1472,39,328,491.6009153175041,3965.873607703836,447.21509965388833,4045.293583999011,54.0,0.10144833133620683,-0.9115547880734627,0.10143699603540929,-0.9096603045011596,0.017583183067157993,0.20147159026070044
1473,60,328,462.2337953932308,4065.780960132662,447.21509965388833,4045.293583999011,54.0,0.10144833133620683,-0.2600682210977281,0.10143699603540929,-0.2599964284660938,0.017583183067157993,0.045127255133978014
1474,27,328,413.6607163277177,4126.933692479007,447.21509965388833,4045.293583999011,54.0,0.10144833133620683,-0.8959067864582225,0.10143699603540929,-0.8947483627336554,0.017583183067157993,0.15370431647823057
1475,36,328,587.79522063936,3965.30735379632,447.21509965388833,4045.293583999011,54.0,0.10144833133620683,-2.2876425608734063,0.10143699603540929,-2.2794122787683895,0.017583183067157993,0.45510689098124435
1476,44,328,482.2902751987267,4093.226876078621,447.21509965388833,4045.293583999011,54.0,0.10144833133620683,-0.6834213737024398,0.10143699603540929,-0.6838684596888965,0.017583183067157993,0.10057941910232564
1477,23,328,485.3312407692456,4298.036308618457,447.21509965388833,4045.293583999011,54.0,0.10144833133620683,-2.0866305071555162,0.10143699603540929,-2.0816571625276685,0.017583183067157993,0.4730668274374383
1478,31,328,286.22286085268047,4096.016113555928,447.21509965388833,4045.293583999011,54.0,0.10144833133620683,-1.6088279085819959,0.10143699603540929,-1.607312348527937,0.017583183067157993,0.3717677282035914
1479,45,328,517.3116391169647,4113.7490927459785,447.21509965388833,4045.293583999011,54.0,0.10144833133620683,-1.2630801119423158,0.10143699603540929,-1.2628929809260174,0.017583183067157993,0.19706931130351496
1480,41,328,461.8106926932424,4070.996636995212,447.21509965388833,4045.293583999011,54.0,0.10144833133620683,-0.29324817772316597,0.10143699603540929,-0.29314786632938733,0.017583183067157993,0.05024901423116617
1481,47,328,497.40279712570856,4039.075701869608,447.21509965388833,4045.293583999011,54.0,0.10144833133620683,-0.5796557787966091,0.10143699603540929,-0.5801317685933496,0.017583183067157993,0.10202888267295267
1482,61,328,463.203498736656,4062.892527800171,447.21509965388833,4045.293583999011,54.0,0.10144833133620683,-0.2464259430952742,0.10143699603540929,-0.24637333125866784,0.017583183067157993,0.04301799052721482
1483,43,328,630.0947010611478,4141.259609929846,447.21509965388833,4045.293583999011,54.0,0.10144833133620683,-2.486350679433615,0.10143699603540929,-2.489488423348169,0.017583183067157993,0.5718969826467313
1484,36,329,587.79522063936,3965.30735379632,431.58584790895287,4026.933212132683,54.0,0.10144833133620683,-2.2517584002371196,0.10143699603540929,-2.245607749440775,0.017583183067157993,0.4818822929859295
1485,44,329,482.2902751987267,4093.226876078621,431.58584790895287,4026.933212132683,54.0,0.10144833133620683,-0.8051655822089794,0.10143699603540929,-0.8055910724884974,0.017583183067157993,0.14208364724113998
1486,39,329,491.6009153175041,3965.873607703836,431.58584790895287,4026.933212132683,54.0,0.10144833133620683,-0.9822561591607419,0.10143699603540929,-0.9814560331608986,0.017583183067157993,0.20246114373184926
1487,54,329,562.1256537151418,3993.041990758743,431.58584790895287,4026.933212132683,54.0,0.10144833133620683,-1.8948011691704276,0.10143699603540929,-1.8894420370595983,0.017583183067157993,0.368531049387932
1488,23,329,485.3312407692456,4298.036308618457,431.58584790895287,4026.933212132683,54.0,0.10144833133620683,-2.04029252703339,0.10143699603540929,-2.0316103903321805,0.017583183067157993,0.527673139056739
1489,38,329,292.2609771757026,3909.816818957042,431.58584790895287,4026.933212132683,54.0,0.10144833133620683,-2.198885915327964,0.10143699603540929,-2.2015794371967767,0.017583183067157993,0.45219740489354676
1490,48,329,542.8497150079456,3957.433060143872,431.58584790895287,4026.933212132683,54.0,0.10144833133620683,-1.5426032816764765,0.10143699603540929,-1.5379009009369176,0.017583183067157993,0.3505055289371927
1491,27,329,413.6607163277177,4126.933692479007,431.58584790895287,4026.933212132683,54.0,0.10144833133620683,-1.0401395317753972,0.10143699603540929,-1.0401442691084064,0.017583183067157993,0.19117876833914527
1492,60,329,462.2337953932308,4065.780960132662,431.58584790895287,4026.933212132683,54.0,0.10144833133620683,-0.37270605810055857,0.10143699603540929,-0.37261808693737686,0.017583183067157993,0.08591114060270558
1493,43,329,630.0947010611478,4141.259609929846,431.58584790895287,4026.933212132683,54.0,0.10144833133620683,-2.6317935827864702,0.10143699603540929,-2.6314660345170475,0.017583183067157993,0.627807287960444
1494,45,329,517.3116391169647,4113.7490927459785,431.58584790895287,4026.933212132683,54.0,0.10144833133620683,-1.391698737226164,0.10143699603540929,-1.3916601586724835,0.017583183067157993,0.24053052304383082
1495,61,329,463.203498736656,4062.892527800171,431.58584790895287,4026.933212132683,54.0,0.10144833133620683,-0.3612616385978187,0.10143699603540929,-0.3612152707294968,0.017583183067157993,0.08393334782574767
1496,41,329,461.8106926932424,4070.996636995212,431.58584790895287,4026.933212132683,54.0,0.10144833133620683,-0.4130422327622214,0.10143699603540929,-0.4128986793603142,0.017583183067157993,0.09114806869663511
1497,47,329,497.40279712570856,4039.075701869608,431.58584790895287,4026.933212132683,54.0,0.10144833133620683,-0.6603577547754025,0.10143699603540929,-0.6608299602108973,0.017583183067157993,0.12994885415132512
1498,31,329,286.22286085268047,4096.016113555928,431.58584790895287,4026.933212132683,54.0,0.10144833133620683,-1.3486164594036145,0.10143699603540929,-1.3395047437338354,0.017583183067157993,0.3619760590088593
1499,54,330,562.1256537151418,3993.041990758743,408.9986108563161,3996.755525049388,54.0,0.10144833133620683,-2.175243156184202,0.10143699603540929,-2.1718187071809285,0.017583183067157993,0.4324031711442974
1500,62,330,438.3970135664206,3912.290557700556,408.9986108563161,3996.755525049388,54.0,0.10144833133620683,-1.2767556334783456,0.10143699603540929,-1.2795385704656876,0.017583183067157993,0.28065398005719383
1501,31,330,286.22286085268047,4096.016113555928,408.9986108563161,3996.755525049388,54.0,0.10144833133620683,-1.2608758353135212,0.10143699603540929,-1.2534134729501791,0.017583183067157993,0.3832414510033365
1502,39,330,491.6009153175041,3965.873607703836,408.9986108563161,3996.755525049388,54.0,0.10144833133620683,-1.133906345271412,0.10143699603540929,-1.1319903317512,0.017583183067157993,0.23464409123133637
1503,65,330,465.43944178630807,4063.6597216274654,408.9986108563161,3996.755525049388,54.0,0.10144833133620683,-0.6912258624649239,0.10143699603540929,-0.6908586494432909,0.017583183067157993,0.17602160854405288
1504,27,330,413.6607163277177,4126.933692479007,408.9986108563161,3996.755525049388,54.0,0.10144833133620683,-1.2992406170214978,0.10143699603540929,-1.298149312066034,0.017583183067157993,0.2734951832016644
1505,36,330,587.79522063936,3965.30735379632,408.9986108563161,3996.755525049388,54.0,0.10144833133620683,-2.24268718600061,0.10143699603540929,-2.234562773643527,0.017583183067157993,0.5260490842126992
1506,61,330,463.203498736656,4062.892527800171,408.9986108563161,3996.755525049388,54.0,0.10144833133620683,-0.6636485419594839,0.10143699603540929,-0.6632354645143175,0.017583183067157993,0.17257627739513395
1507,38,330,292.2609771757026,3909.816818957042,408.9986108563161,3996.755525049388,54.0,0.10144833133620683,-1.9777240082101104,0.10143699603540929,-1.9823351345540958,0.017583183067157993,0.37898795648869876
1508,66,330,493.8518825171933,3956.000689079267,408.9986108563161,3996.755525049388,54.0,0.10144833133620683,-1.1885885610578344,0.10143699603540929,-1.1867772367536118,0.017583183067157993,0.2581023512899929
1509,60,330,462.2337953932308,4065.780960132662,408.9986108563161,3996.755525049388,54.0,0.10144833133620683,-0.6647209151927835,0.10143699603540929,-0.6641889434429302,0.017583183067157993,0.17407124372072239
1510,41,330,461.8106926932424,4070.996636995212,408.9986108563161,3996.755525049388,54.0,0.10144833133620683,-0.6962018055163728,0.10143699603540929,-0.6955094145646923,0.017583183067157993,0.17881487033090412
1511,63,330,316.49031405012005,3929.154743051912,408.9986108563161,3996.755525049388,54.0,0.10144833133620683,-1.744226601692362,0.10143699603540929,-1.747254829442478,0.017583183067157993,0.3150386967332543
1512,44,330,482.2902751987267,4093.226876078621,408.9986108563161,3996.755525049388,54.0,0.10144833133620683,-1.0972139361581104,0.10143699603540929,-1.0971777053078628,0.017583183067157993,0.23058852210992256
1513,47,330,497.40279712570856,4039.075701869608,408.9986108563161,3996.755525049388,54.0,0.10144833133620683,-1.1224736591903823,0.10143699603540929,-1.1225314368850454,0.017583183067157993,0.2236592555598108
1514,27,331,413.6607163277177,4126.933692479007,422.862128182699,4025.3424938357566,54.0,0.10144833133620683,-1.1027241638259035,0.10143699603540929,-1.1023678394771717,0.017583183067157993,0.2060674142760819
1515,39,331,491.6009153175041,3965.873607703836,422.862128182699,4025.3424938357566,54.0,0.10144833133620683,-1.0548162404031343,0.10143699603540929,-1.0544024195167703,0.017583183067157993,0.2171900940969766
1516,61,331,463.203498736656,4062.892527800171,422.862128182699,4025.3424938357566,54.0,0.10144833133620683,-0.40549363900306157,0.10143699603540929,-0.4053093920009834,0.017583183067157993,0.09696730731530866
1517,22,331,282.91308227706304,4129.966613278081,422.862128182699,4025.3424938357566,54.0,0.10144833133620683,-1.7238123226278084,0.10143699603540929,-1.7246654776670918,0.017583183067157993,0.40898225576653124
1518,60,331,462.2337953932308,4065.780960132662,422.862128182699,4025.3424938357566,54.0,0.10144833133620683,-0.42410180060315034,0.10143699603540929,-0.42387074827208326,0.017583183067157993,0.09859857842855402
1519,62,331,438.3970135664206,3912.290557700556,422.862128182699,4025.3424938357566,54.0,0.10144833133620683,-1.422306470120201,0.10143699603540929,-1.4217218588691627,0.017583183067157993,0.3269387446589518
1520,66,331,493.8518825171933,3956.000689079267,422.862128182699,4025.3424938357566,54.0,0.10144833133620683,-1.2119352816584825,0.10143699603540929,-1.211945592143202,0.017583183067157993,0.24153892840333957
1521,48,331,542.8497150079456,3957.433060143872,422.862128182699,4025.3424938357566,54.0,0.10144833133620683,-1.6231202522459778,0.10143699603540929,-1.6182276340072765,0.017583183067157993,0.3686145193513317
1522,36,331,587.79522063936,3965.30735379632,422.862128182699,4025.3424938357566,54.0,0.10144833133620683,-2.3041944063734867,0.10143699603540929,-2.297987344850524,0.017583183067157993,0.4994643513217351
1523,65,331,465.43944178630807,4063.6597216274654,422.862128182699,4025.3424938357566,54.0,0.10144833133620683,-0.4253262506420751,0.10143699603540929,-0.4251493109555389,0.017583183067157993,0.10009136462167857
1524,38,331,292.2609771757026,3909.816818957042,422.862128182699,4025.3424938357566,54.0,0.10144833133620683,-2.091651069039201,0.10143699603540929,-2.0951788897004064,0.017583183067157993,0.434183123380361
1525,47,331,497.40279712570856,4039.075701869608,422.862128182699,4025.3424938357566,54.0,0.10144833133620683,-0.7127391842602893,0.10143699603540929,-0.7131370866727208,0.017583183067157993,0.14604390537688633
1526,41,331,461.8106926932424,4070.996636995212,422.862128182699,4025.3424938357566,54.0,0.10144833133620683,-0.46394165870002857,0.10143699603540929,-0.4636420560585492,0.017583183067157993,0.1032788142469354
1527,19,331,309.4846467710166,4112.556925703692,422.862128182699,4025.3424938357566,54.0,0.10144833133620683,-1.4587917698602493,0.10143699603540929,-1.4586643575954188,0.017583183067157993,0.3397462868917819
1528,63,331,316.49031405012005,3929.154743051912,422.862128182699,4025.3424938357566,54.0,0.10144833133620683,-1.8499761354873534,0.10143699603540929,-1.851976046507834,0.017583183067157993,0.3735073552109219
1529,44,331,481.57977240354745,4093.89399297542,422.862128182699,4025.3424938357566,54.0,0.10144833133620683,-0.8623264869134603,0.10143699603540929,-0.8625966228790698,0.017583183067157993,0.15284180957173804
1530,31,331,286.22286085268047,4096.016113555928,422.862128182699,4025.3424938357566,54.0,0.10144833133620683,-1.2266162191414651,0.10143699603540929,-1.2162961212652577,0.017583183067157993,0.34784067976031163
1531,54,331,562.1256537151418,3993.041990758743,422.862128182699,4025.3424938357566,54.0,0.10144833133620683,-2.011424004034751,0.10143699603540929,-2.0058307371182407,0.017583183067157993,0.39116249773687706
1532,43,332,630.0947010611478,4141.259609929846,439.19746758037405,4076.996335961541,54.0,0.10144833133620683,-2.2883675221808186,0.10143699603540929,-2.288351838667015,0.017583183067157993,0.5069807916208012
1533,47,332,497.40279712570856,4039.075701869608,439.19746758037405,4076.996335961541,54.0,0.10144833133620683,-0.8305566497699858,0.10143699603540929,-0.8307702087232525,0.017583183067157993,0.12908705503538434
1534,39,332,491.6009153175041,3965.873607703836,439.19746758037405,4076.996335961541,54.0,0.10144833133620683,-1.1742195859618325,0.10143699603540929,-1.1719309551931352,0.017583183067157993,0.2510109606082428
1535,27,332,413.6607163277177,4126.933692479007,439.19746758037405,4076.996335961541,54.0,0.10144833133620683,-0.5980627516610458,0.10143699603540929,-0.5970980000639986,0.017583183067157993,0.1023458094543743
1536,41,332,461.8106926932424,4070.996636995212,439.19746758037405,4076.996335961541,54.0,0.10144833133620683,-0.22398427293628878,0.10143699603540929,-0.22359752774292171,0.017583183067157993,0.03946409112248346
1537,19,332,324.8153272931308,4135.979057138678,439.19746758037405,4076.996335961541,54.0,0.10144833133620683,-1.474425248632603,0.10143699603540929,-1.4729396900596317,0.017583183067157993,0.2851013910711076
1538,16,332,510.22088537403255,4246.5421852479,439.19746758037405,4076.996335961541,54.0,0.10144833133620683,-1.5200531761152107,0.10143699603540929,-1.5193037023817113,0.017583183067157993,0.35514318237882464
1539,60,332,462.2337953932308,4065.780960132662,439.19746758037405,4076.996335961541,54.0,0.10144833133620683,-0.2612406104145092,0.10143699603540929,-0.26091002858630674,0.017583183067157993,0.04407332238288824
1540,45,332,517.3116391169647,4113.7490927459785,439.19746758037405,4076.996335961541,54.0,0.10144833133620683,-1.061834229576435,0.10143699603540929,-1.060487491304373,0.017583183067157993,0.1620555240448918
1541,23,332,485.3312407692456,4298.036308618457,439.19746758037405,4076.996335961541,54.0,0.10144833133620683,-1.6890613612684238,0.10143699603540929,-1.680327328392418,0.017583183067157993,0.4479530260220008
1542,22,332,301.6304881357929,4156.037775497009,439.19746758037405,4076.996335961541,54.0,0.10144833133620683,-1.7458333268964479,0.10143699603540929,-1.7437234595071538,0.017583183067157993,0.35351976333227747
1543,31,332,286.22286085268047,4096.016113555928,439.19746758037405,4076.996335961541,54.0,0.10144833133620683,-1.8179566973474568,0.10143699603540929,-1.8136909858321468,0.017583183067157993,0.3504196906662791
1544,61,332,463.203498736656,4062.892527800171,439.19746758037405,4076.996335961541,54.0,0.10144833133620683,-0.28598905489971455,0.10143699603540929,-0.28566193449235977,0.017583183067157993,0.04767222842287013
1545,44,332,470.9318574712719,4102.798680980681,439.19746758037405,4076.996335961541,54.0,0.10144833133620683,-0.4361929028656785,0.10143699603540929,-0.43612485877591134,0.017583183067157993,0.06213231632295581
1546,66,332,493.8518825171933,3956.000689079267,439.19746758037405,4076.996335961541,54.0,0.10144833133620683,-1.3199579039071123,0.10143699603540929,-1.3179630437552687,0.017583183067157993,0.2765726430635958
1547,65,332,465.43944178630807,4063.6597216274654,439.19746758037405,4076.996335961541,54.0,0.10144833133620683,-0.2960388400014203,0.10143699603540929,-0.29570535564893397,0.017583183067157993,0.04923569774402538
1548,22,333,301.6304881357929,4156.037775497009,462.0840432753972,4072.271140968799,54.0,0.10144833133620683,-2.0022591610036238,0.10143699603540929,-1.9995563536878498,0.017583183067157993,0.3851006456701895
1549,43,333,630.0947010611478,4141.259609929846,462.0840432753972,4072.271140968799,54.0,0.10144833133620683,-2.1186262624256766,0.10143699603540929,-2.1199094287114497,0.017583183067157993,0.5026233099418027
1550,23,333,485.3312407692456,4298.036308618457,462.0840432753972,4072.271140968799,54.0,0.10144833133620683,-1.8087656099061356,0.10143699603540929,-1.806315288588095,0.017583183067157993,0.42678177900803965
1551,47,333,497.40279712570856,4039.075701869608,462.0840432753972,4072.271140968799,54.0,0.10144833133620683,-0.6716604548627856,0.10143699603540929,-0.6726059032317923,0.017583183067157993,0.099612748124696
1552,66,333,493.8518825171933,3956.000689079267,462.0840432753972,4072.271140968799,54.0,0.10144833133620683,-1.07865508430723,0.10143699603540929,-1.0765572529685752,0.017583183067157993,0.25910339121370307
1553,45,333,517.3116391169647,4113.7490927459785,462.0840432753972,4072.271140968799,54.0,0.10144833133620683,-0.9787405480768201,0.10143699603540929,-0.9783870488145796,0.017583183067157993,0.13992601495325327
1554,27,333,413.6607163277177,4126.933692479007,462.0840432753972,4072.271140968799,54.0,0.10144833133620683,-0.787349861819119,0.10143699603540929,-0.7865461966739506,0.017583183067157993,0.12774972794676467
1555,16,333,510.22088537403255,4246.5421852479,462.0840432753972,4072.271140968799,54.0,0.10144833133620683,-1.8102575571765742,0.10143699603540929,-1.8121407473421685,0.017583183067157993,0.3455537480029201
1556,19,333,324.8153272931308,4135.979057138678,462.0840432753972,4072.271140968799,54.0,0.10144833133620683,-1.7033562199613133,0.10143699603540929,-1.7021952136201663,0.017583183067157993,0.3178476344947557
1557,39,333,491.6009153175041,3965.873607703836,462.0840432753972,4072.271140968799,54.0,0.10144833133620683,-0.9634266413050344,0.10143699603540929,-0.9611548104349501,0.017583183067157993,0.23367002414090465
1558,52,333,577.7231586056545,4060.836546501464,462.0840432753972,4072.271140968799,54.0,0.10144833133620683,-1.6758633497100166,0.10143699603540929,-1.6782398961236702,0.017583183067157993,0.3391535459751705
1559,60,333,462.2337953932308,4065.780960132662,462.0840432753972,4072.271140968799,54.0,0.10144833133620683,-0.11653957945592139,0.10143699603540929,-0.11649669433006159,0.017583183067157993,0.017843472004501683
1560,65,333,465.43944178630807,4063.6597216274654,462.0840432753972,4072.271140968799,54.0,0.10144833133620683,-0.12220375744653932,0.10143699603540929,-0.12215878797313721,0.017583183067157993,0.01871071901084885
1561,41,333,461.8106926932424,4070.996636995212,462.0840432753972,4072.271140968799,54.0,0.10144833133620683,-0.06008135468299062,0.10143699603540929,-0.0600592454865319,0.017583183067157993,0.009199106220251661
1562,61,333,463.203498736656,4062.892527800171,462.0840432753972,4072.271140968799,54.0,0.10144833133620683,-0.14110511458990863,0.10143699603540929,-0.14105318965052835,0.017583183067157993,0.021604721534363717
1563,44,333,480.9578626210374,4094.339103296416,462.0840432753972,4072.271140968799,54.0,0.10144833133620683,-0.3877823151618509,0.10143699603540929,-0.38835978928596576,0.017583183067157993,0.04733249900585525
1564,35,333,583.2192292927565,4207.570440686977,462.0840432753972,4072.271140968799,54.0,0.10144833133620683,-1.9245775433459562,0.10143699603540929,-1.9244000258313028,0.017583183067157993,0.4216893006870241
1565,23,334,485.3312407692456,4298.036308618457,459.6569034973903,4060.82300260624,54.0,0.10144833133620683,-1.9328732216373417,0.10143699603540929,-1.9301983527676332,0.017583183067157993,0.4456487849535581
1566,41,334,461.8106926932424,4070.996636995212,459.6569034973903,4060.82300260624,54.0,0.10144833133620683,-0.1267319427013225,0.10143699603540929,-0.12668530691167423,0.017583183067157993,0.01940403322394399
1567,27,334,413.6607163277177,4126.933692479007,459.6569034973903,4060.82300260624,54.0,0.10144833133620683,-0.8086556779694356,0.10143699603540929,-0.8072332764369224,0.017583183067157993,0.14276277530533438
1568,45,334,517.3116391169647,4113.7490927459785,459.6569034973903,4060.82300260624,54.0,0.10144833133620683,-1.0703838885094372,0.10143699603540929,-1.0700270857221899,0.017583183067157993,0.16163788643249075
1569,39,334,491.6009153175041,3965.873607703836,459.6569034973903,4060.82300260624,54.0,0.10144833133620683,-0.9013206692731577,0.10143699603540929,-0.8992191936197347,0.017583183067157993,0.2158577380723968
1570,19,334,324.8153272931308,4135.979057138678,459.6569034973903,4060.82300260624,54.0,0.10144833133620683,-1.7381578379648053,0.10143699603540929,-1.7359717139098207,0.017583183067157993,0.328488082285567
1571,44,334,482.2902751987267,4093.226876078621,459.6569034973903,4060.82300260624,54.0,0.10144833133620683,-0.49641074816387054,0.10143699603540929,-0.4968986228597816,0.017583183067157993,0.06727868933364564
1572,65,334,465.43944178630807,4063.6597216274654,459.6569034973903,4060.82300260624,54.0,0.10144833133620683,-0.09896941859356002,0.10143699603540929,-0.09893299906988857,0.017583183067157993,0.015153290051505057
1573,60,334,462.2337953932308,4065.780960132662,459.6569034973903,4060.82300260624,54.0,0.10144833133620683,-0.11092216711977466,0.10143699603540929,-0.11088134913227393,0.017583183067157993,0.016983385326432898
1574,16,334,510.22088537403255,4246.5421852479,459.6569034973903,4060.82300260624,54.0,0.10144833133620683,-1.9376121464496232,0.10143699603540929,-1.9393714299866593,0.017583183067157993,0.3659453773978683
1575,61,334,463.203498736656,4062.892527800171,459.6569034973903,4060.82300260624,54.0,0.10144833133620683,-0.10699257790399615,0.10143699603540929,-0.10695320595679247,0.017583183067157993,0.016381722651071556
1576,66,334,493.8518825171933,3956.000689079267,459.6569034973903,4060.82300260624,54.0,0.10144833133620683,-1.0284074175402973,0.10143699603540929,-1.0265104452774032,0.017583183067157993,0.24127559349965028
1577,47,334,497.40279712570856,4039.075701869608,459.6569034973903,4060.82300260624,54.0,0.10144833133620683,-0.5797671265006125,0.10143699603540929,-0.5801539356388644,0.017583183067157993,0.08741840857961683
1578,19,335,316.4731036835704,4123.280697965635,437.47285354914527,4045.91348934747,54.0,0.10144833133620683,-1.411030320592605,0.10143699603540929,-1.4089183600680948,0.017583183067157993,0.3245950245230063
1579,22,335,293.9352802547916,4145.232714506679,437.47285354914527,4045.91348934747,54.0,0.10144833133620683,-1.7192396518455577,0.10143699603540929,-1.7167464143256461,0.017583183067157993,0.40758688379134445
1580,23,335,485.3312407692456,4298.036308618457,437.47285354914527,4045.91348934747,54.0,0.10144833133620683,-1.9313173430241826,0.10143699603540929,-1.9230655861394077,0.017583183067157993,0.4892490375735777
1581,39,335,491.6009153175041,3965.873607703836,437.47285354914527,4045.91348934747,54.0,0.10144833133620683,-0.9561057931912281,0.10143699603540929,-0.9541712157470276,0.017583183067157993,0.21299020044293568
1582,27,335,413.6607163277177,4126.933692479007,437.47285354914527,4045.91348934747,54.0,0.10144833133620683,-0.9216119699106876,0.10143699603540929,-0.9208304814362002,0.017583183067157993,0.15188286021773525
1583,65,335,465.43944178630807,4063.6597216274654,437.47285354914527,4045.91348934747,54.0,0.10144833133620683,-0.3085977104164754,0.10143699603540929,-0.308432556399574,0.017583183067157993,0.0559777300245847
1584,41,335,461.8106926932424,4070.996636995212,437.47285354914527,4045.91348934747,54.0,0.10144833133620683,-0.329030086490331,0.10143699603540929,-0.32880865039346296,0.017583183067157993,0.058014428216844605
1585,61,335,463.203498736656,4062.892527800171,437.47285354914527,4045.91348934747,54.0,0.10144833133620683,-0.2901907364555386,0.10143699603540929,-0.29002731521601244,0.017583183067157993,0.05321091249176291
1586,31,335,286.22286085268047,4096.016113555928,437.47285354914527,4045.91348934747,54.0,0.10144833133620683,-1.5196815187095603,0.10143699603540929,-1.5181210242963372,0.017583183067157993,0.3568507562707604
1587,43,335,630.0947010611478,4141.259609929846,437.47285354914527,4045.91348934747,54.0,0.10144833133620683,-2.5146659086638086,0.10143699603540929,-2.5180917141062915,0.017583183067157993,0.5778635050053096
1588,47,335,497.40279712570856,4039.075701869608,437.47285354914527,4045.91348934747,54.0,0.10144833133620683,-0.6252112029712058,0.10143699603540929,-0.6256812096969699,0.017583183067157993,0.1185425507867302
1589,45,335,517.3116391169647,4113.7490927459785,437.47285354914527,4045.91348934747,54.0,0.10144833133620683,-1.2939889149537447,0.10143699603540929,-1.2934555115691464,0.017583183067157993,0.2003448444896253
1590,44,335,479.7147702266481,4095.4513296994464,437.47285354914527,4045.91348934747,54.0,0.10144833133620683,-0.7259669018570828,0.10143699603540929,-0.7263249315754348,0.017583183067157993,0.1050269992273808
1591,66,335,493.8518825171933,3956.000689079267,437.47285354914527,4045.91348934747,54.0,0.10144833133620683,-1.1136436659712006,0.10143699603540929,-1.1121060607589617,0.017583183067157993,0.23868138464684013
1592,60,335,462.2337953932308,4065.780960132662,437.47285354914527,4045.91348934747,54.0,0.10144833133620683,-0.300808689997593,0.10143699603540929,-0.3006221873069861,0.017583183067157993,0.05423426151384454
1593,36,336,587.79522063936,3965.30735379632,446.14924890749785,4055.162025087259,54.0,0.10144833133620683,-2.4610001063672535,0.10143699603540929,-2.454166230150989,0.017583183067157993,0.4625951332439636
1594,19,336,323.2602997559864,4133.680635959454,446.14924890749785,4055.162025087259,54.0,0.10144833133620683,-1.5901578261959708,0.10143699603540929,-1.5871103578760162,0.017583183067157993,0.32058038549978085
1595,45,336,517.3116391169647,4113.7490927459785,446.14924890749785,4055.162025087259,54.0,0.10144833133620683,-1.2085135306572934,0.10143699603540929,-1.2080443186830232,0.017583183067157993,0.1786487685524593
1596,39,336,491.6009153175041,3965.873607703836,446.14924890749785,4055.162025087259,54.0,0.10144833133620683,-0.9764435440303223,0.10143699603540929,-0.9744860912389108,0.017583183067157993,0.21581003806082838
1597,44,336,480.15858294610064,4095.0065417419455,446.14924890749785,4055.162025087259,54.0,0.10144833133620683,-0.6314768216589858,0.10143699603540929,-0.6319227953951778,0.017583183067157993,0.08464840103606902
1598,61,336,463.203498736656,4062.892527800171,446.14924890749785,4055.162025087259,54.0,0.10144833133620683,-0.21691563095239108,0.10143699603540929,-0.21679415788783712,0.017583183067157993,0.03399439335770904
1599,41,336,461.8106926932424,4070.996636995212,446.14924890749785,4055.162025087259,54.0,0.10144833133620683,-0.23851245222872156,0.10143699603540929,-0.2383746524634833,0.017583183067157993,0.037458476400499735
1600,23,336,485.3312407692456,4298.036308618457,446.14924890749785,4055.162025087259,54.0,0.10144833133620683,-1.9744793826530627,0.10143699603540929,-1.9687842239678632,0.017583183067157993,0.4588244142111594
1601,27,336,413.6607163277177,4126.933692479007,446.14924890749785,4055.162025087259,54.0,0.10144833133620683,-0.8159941484501998,0.10143699603540929,-0.8148029998839812,0.017583183067157993,0.13775370866215375
1602,43,336,630.0947010611478,4141.259609929846,446.14924890749785,4055.162025087259,54.0,0.10144833133620683,-2.403783397576907,0.10143699603540929,-2.4064671490918186,0.017583183067157993,0.5513013105091715
1603,60,336,462.2337953932308,4065.780960132662,446.14924890749785,4055.162025087259,54.0,0.10144833133620683,-0.2198861819152822,0.10143699603540929,-0.21976040291340498,0.017583183067157993,0.03450955801157824
1604,31,336,286.22286085268047,4096.016113555928,446.14924890749785,4055.162025087259,54.0,0.10144833133620683,-1.6943962472429313,0.10143699603540929,-1.6928872196342002,0.017583183067157993,0.3615704822822963
1605,47,336,497.40279712570856,4039.075701869608,446.14924890749785,4055.162025087259,54.0,0.10144833133620683,-0.6424857443762042,0.10143699603540929,-0.6427485048474255,0.017583183067157993,0.10413937538296664
1606,16,336,510.22088537403255,4246.5421852479,446.14924890749785,4055.162025087259,54.0,0.10144833133620683,-1.931877303947217,0.10143699603540929,-1.9330256781632082,0.017583183067157993,0.37765855771773427
1607,66,336,493.8518825171933,3956.000689079267,446.14924890749785,4055.162025087259,54.0,0.10144833133620683,-1.1272964057723311,0.10143699603540929,-1.125664152860253,0.017583183067157993,0.2418999685747601
1608,48,336,542.8497150079456,3957.433060143872,446.14924890749785,4055.162025087259,54.0,0.10144833133620683,-1.6453751036554716,0.10143699603540929,-1.6430772448823008,0.017583183067157993,0.3592950540359581
1609,22,336,301.17269173322853,4155.382547068784,446.14924890749785,4055.162025087259,54.0,0.10144833133620683,-1.867471248547027,0.10143699603540929,-1.8642514490530853,0.017583183067157993,0.38912657454146304
1610,41,337,461.8106926932424,4070.996636995212,438.2395063544679,3993.749322917003,54.0,0.10144833133620683,-0.7895219084453703,0.10143699603540929,-0.7890028841114396,0.017583183067157993,0.16265915453519383
1611,61,337,463.203498736656,4062.892527800171,438.2395063544679,3993.749322917003,54.0,0.10144833133620683,-0.7406550876013817,0.10143699603540929,-0.7402194635823887,0.017583183067157993,0.15266515448464468
1612,65,337,465.43944178630807,4063.6597216274654,438.2395063544679,3993.749322917003,54.0,0.10144833133620683,-0.7635959311046853,0.10143699603540929,-0.7631161074890094,0.017583183067157993,0.15506871250083298
1613,39,337,491.6009153175041,3965.873607703836,438.2395063544679,3993.749322917003,54.0,0.10144833133620683,-0.810216962132826,0.10143699603540929,-0.8084706502700305,0.017583183067157993,0.15337907597838246
1614,36,337,587.79522063936,3965.30735379632,438.2395063544679,3993.749322917003,54.0,0.10144833133620683,-1.9102312182323251,0.10143699603540929,-1.9023834959740893,0.017583183067157993,0.4454142889710263
1615,19,337,309.4846467710166,4112.556925703692,438.2395063544679,3993.749322917003,54.0,0.10144833133620683,-1.5710663451106963,0.10143699603540929,-1.5692651976909477,0.017583183067157993,0.4214355310299136
1616,44,337,482.2902751987267,4093.226876078621,438.2395063544679,3993.749322917003,54.0,0.10144833133620683,-1.2069810109614174,0.10143699603540929,-1.2068097826246573,0.017583183067157993,0.21618427043276636
1617,62,337,438.3970135664206,3912.290557700556,438.2395063544679,3993.749322917003,54.0,0.10144833133620683,-1.1527619681861956,0.10143699603540929,-1.1535582390799473,0.017583183067157993,0.25106631674999713
1618,63,337,316.49031405012005,3929.154743051912,438.2395063544679,3993.749322917003,54.0,0.10144833133620683,-1.9622060053098398,0.10143699603540929,-1.9644145113828924,0.017583183067157993,0.38852496018856075
1619,66,337,493.8518825171933,3956.000689079267,438.2395063544679,3993.749322917003,54.0,0.10144833133620683,-0.890821501366565,0.10143699603540929,-0.8890834798340983,0.017583183067157993,0.1775523660812327
1620,27,337,413.6607163277177,4126.933692479007,438.2395063544679,3993.749322917003,54.0,0.10144833133620683,-1.3826531152311867,0.10143699603540929,-1.3820116714432877,0.017583183067157993,0.2699384241646416
1621,31,337,286.22286085268047,4096.016113555928,438.2395063544679,3993.749322917003,54.0,0.10144833133620683,-1.4011410803240332,0.10143699603540929,-1.3878999587314604,0.017583183067157993,0.4296905365571728
1622,22,337,282.91308227706304,4129.966613278081,438.2395063544679,3993.749322917003,54.0,0.10144833133620683,-1.7612076244604715,0.10143699603540929,-1.7582536273462932,0.017583183067157993,0.4866900811729342
1623,47,337,497.40279712570856,4039.075701869608,438.2395063544679,3993.749322917003,54.0,0.10144833133620683,-0.9604371084923591,0.10143699603540929,-0.9578844991724931,0.017583183067157993,0.17478485404985175
1624,60,337,462.2337953932308,4065.780960132662,438.2395063544679,3993.749322917003,54.0,0.10144833133620683,-0.7541692975410842,0.10143699603540929,-0.7536983195763818,0.017583183067157993,0.1559139714574085
1625,48,337,542.8497150079456,3957.433060143872,438.2395063544679,3993.749322917003,54.0,0.10144833133620683,-1.4384759987014015,0.10143699603540929,-1.4311535468286363,0.017583183067157993,0.3160050280958735
1626,38,337,292.2609771757026,3909.816818957042,438.2395063544679,3993.749322917003,54.0,0.10144833133620683,-2.1488016509067682,0.10143699603540929,-2.152287424682039,0.017583183067157993,0.45749606165060347
1627,27,338,413.6607163277177,4126.933692479007,465.8911725966613,4024.289872350432,54.0,0.10144833133620683,-1.1530139448179044,0.10143699603540929,-1.1519165025740803,0.017583183067157993,0.20431204657429602
1628,39,338,491.6009153175041,3965.873607703836,465.8911725966613,4024.289872350432,54.0,0.10144833133620683,-0.608612831491065,0.10143699603540929,-0.6064423430024006,0.017583183067157993,0.14975689434121037
1629,22,338,292.6522645112431,4143.487981217626,465.8911725966613,4024.289872350432,54.0,0.10144833133620683,-1.9643670216051285,0.10143699603540929,-1.962187041540446,0.017583183067157993,0.4733271256047015
1630,48,338,542.8497150079456,3957.433060143872,465.8911725966613,4024.289872350432,54.0,0.10144833133620683,-1.3066415168557786,0.10143699603540929,-1.303416292010211,0.017583183067157993,0.29500217198764045
1631,61,338,463.203498736656,4062.892527800171,465.8911725966613,4024.289872350432,54.0,0.10144833133620683,-0.3955629581814682,0.10143699603540929,-0.395722108850457,0.017583183067157993,0.07176848074772232
1632,44,338,482.2902751987267,4093.226876078621,465.8911725966613,4024.289872350432,54.0,0.10144833133620683,-0.8659492183304007,0.10143699603540929,-0.8673575959012064,0.017583183067157993,0.13712592591424932
1633,19,338,314.6351701083189,4120.434780517973,465.8911725966613,4024.289872350432,54.0,0.10144833133620683,-1.6560372023851742,0.10143699603540929,-1.6548076479916163,0.017583183067157993,0.391564858568089
1634,65,338,465.43944178630807,4063.6597216274654,465.8911725966613,4024.289872350432,54.0,0.10144833133620683,-0.39798764829183886,0.10143699603540929,-0.39814129568431916,0.017583183067157993,0.07197019177293547
1635,31,338,286.22286085268047,4096.016113555928,465.8911725966613,4024.289872350432,54.0,0.10144833133620683,-1.7582352049965027,0.10143699603540929,-1.752072309190093,0.017583183067157993,0.4237131311720928
1636,41,338,461.8106926932424,4070.996636995212,465.8911725966613,4024.289872350432,54.0,0.10144833133620683,-0.47692945360793626,0.10143699603540929,-0.4770531165642353,0.017583183067157993,0.0840226661224028
1637,45,338,517.3116391169647,4113.7490927459785,465.8911725966613,4024.289872350432,54.0,0.10144833133620683,-1.4731867637959035,0.10143699603540929,-1.474565456468004,0.017583183067157993,0.24183559089303314
1638,66,338,493.8518825171933,3956.000689079267,465.8911725966613,4024.289872350432,54.0,0.10144833133620683,-0.7385502691115378,0.10143699603540929,-0.7366028997984657,0.017583183067157993,0.1754571823609669
1639,23,338,485.3312407692456,4298.036308618457,465.8911725966613,4024.289872350432,54.0,0.10144833133620683,-2.373566618451698,0.10143699603540929,-2.37114915185733,0.017583183067157993,0.5173153545829487
1640,54,338,562.1256537151418,3993.041990758743,465.8911725966613,4024.289872350432,54.0,0.10144833133620683,-1.5415693720264823,0.10143699603540929,-1.5371974146635945,0.017583183067157993,0.29583679170284866
1641,36,338,587.79522063936,3965.30735379632,465.8911725966613,4024.289872350432,54.0,0.10144833133620683,-1.9815464189870393,0.10143699603540929,-1.973409874399883,0.017583183067157993,0.4109393908773423
1642,60,338,462.2337953932308,4065.780960132662,465.8911725966613,4024.289872350432,54.0,0.10144833133620683,-0.42600052592449356,0.10143699603540929,-0.4261472549565961,0.017583183067157993,0.07638390951130009
1643,43,338,630.0947010611478,4141.259609929846,465.8911725966613,4024.289872350432,54.0,0.10144833133620683,-2.5022271307160504,0.10143699603540929,-2.4956927583393615,0.017583183067157993,0.6058733028358417
1644,47,338,497.40279712570856,4039.075701869608,465.8911725966613,4024.289872350432,54.0,0.10144833133620683,-0.4701170445280605,0.10143699603540929,-0.47039799137439536,0.017583183067157993,0.07561836542497162
1645,47,339,497.40279712570856,4039.075701869608,418.14174019683327,4008.0356973029234,54.0,0.10144833133620683,-0.954296487217267,0.10143699603540929,-0.9541570878872934,0.017583183067157993,0.18711775501660002
1646,60,339,462.2337953932308,4065.780960132662,418.14174019683327,4008.0356973029234,54.0,0.10144833133620683,-0.5512737256652479,0.10143699603540929,-0.5508291897903692,0.017583183067157993,0.1384206544665729
1647,39,339,491.6009153175041,3965.873607703836,418.14174019683327,4008.0356973029234,54.0,0.10144833133620683,-1.036929484761559,0.10143699603540929,-1.0339393275533155,0.017583183067157993,0.21191142051107076
1648,44,339,482.2902751987267,4093.226876078621,418.14174019683327,4008.0356973029234,54.0,0.10144833133620683,-0.983505420166216,0.10143699603540929,-0.9835694411382436,0.017583183067157993,0.19496239751853428
1649,31,339,286.22286085268047,4096.016113555928,418.14174019683327,4008.0356973029234,54.0,0.10144833133620683,-1.1639249715532805,0.10143699603540929,-1.1523432156912983,0.017583183067157993,0.3678448977225442
1650,41,339,461.8106926932424,4070.996636995212,418.14174019683327,4008.0356973029234,54.0,0.10144833133620683,-0.5863944677437165,0.10143699603540929,-0.5858437444600236,0.017583183067157993,0.1433932113720467
1651,61,339,463.203498736656,4062.892527800171,418.14174019683327,4008.0356973029234,54.0,0.10144833133620683,-0.5463052633679322,0.10143699603540929,-0.5459395041913788,0.017583183067157993,0.1367243051123989
1652,65,339,465.43944178630807,4063.6597216274654,418.14174019683327,4008.0356973029234,54.0,0.10144833133620683,-0.571633174069258,0.10143699603540929,-0.5712944615775686,0.017583183067157993,0.1399983226663007
1653,66,339,493.8518825171933,3956.000689079267,418.14174019683327,4008.0356973029234,54.0,0.10144833133620683,-1.1210755782994632,0.10143699603540929,-1.1177298787217191,0.017583183067157993,0.23733629283863264
1654,44,340,482.2902751987267,4093.226876078621,475.8206463571328,3964.9488424231126,54.0,0.10144833133620683,-1.4661125223132256,0.10143699603540929,-1.4659711757449465,0.017583183067157993,0.288111158901671
1655,60,340,462.2337953932308,4065.780960132662,475.8206463571328,3964.9488424231126,54.0,0.10144833133620683,-1.258969907678843,0.10143699603540929,-1.2579659278573494,0.017583183067157993,0.22194535385452158
1656,66,340,493.8518825171933,3956.000689079267,475.8206463571328,3964.9488424231126,54.0,0.10144833133620683,-0.28282241152469767,0.10143699603540929,-0.28326281427510824,0.017583183067157993,0.06093439040289505
1657,41,340,461.8106926932424,4070.996636995212,475.8206463571328,3964.9488424231126,54.0,0.10144833133620683,-1.3123525392651987,0.10143699603540929,-1.3113326548820454,0.017583183067157993,0.230022833952578
1658,62,340,438.3970135664206,3912.290557700556,475.8206463571328,3964.9488424231126,54.0,0.10144833133620683,-0.9133633732984169,0.10143699603540929,-0.9168682544754319,0.017583183067157993,0.21365353361427308
1659,39,340,491.6009153175041,3965.873607703836,475.8206463571328,3964.9488424231126,54.0,0.10144833133620683,-0.2102307897309475,0.10143699603540929,-0.21055815494051264,0.017583183067157993,0.04529444801461862
1660,48,340,542.8497150079456,3957.433060143872,475.8206463571328,3964.9488424231126,54.0,0.10144833133620683,-0.9459601139009982,0.10143699603540929,-0.9418566842492218,0.017583183067157993,0.21165082260298634
1661,47,340,497.40279712570856,4039.075701869608,475.8206463571328,3964.9488424231126,54.0,0.10144833133620683,-0.6852785021396494,0.10143699603540929,-0.6829917034516764,0.017583183067157993,0.18154715991253895
1662,61,340,463.203498736656,4062.892527800171,475.8206463571328,3964.9488424231126,54.0,0.10144833133620683,-1.2264531265452752,0.10143699603540929,-1.2254665709053567,0.017583183067157993,0.2169166309058204
1663,54,340,562.1256537151418,3993.041990758743,475.8206463571328,3964.9488424231126,54.0,0.10144833133620683,-1.4891067769615607,0.10143699603540929,-1.4883129392800971,0.017583183067157993,0.2762944030116093
1664,36,340,587.79522063936,3965.30735379632,475.8206463571328,3964.9488424231126,54.0,0.10144833133620683,-1.371450138240914,0.10143699603540929,-1.363256402670997,0.017583183067157993,0.35251473731562294
1665,65,340,465.43944178630807,4063.6597216274654,475.8206463571328,3964.9488424231126,54.0,0.10144833133620683,-1.2257400012554054,0.10143699603540929,-1.2247834826649404,0.017583183067157993,0.21644383277590953
1666,9,341,9.936533141897351,4088.226647492491,161.96578384564387,4157.2024176535,54.0,0.10144833133620683,-1.55226467991472,0.10143699603540929,-1.5437044643498332,0.017583183067157993,0.5530999674842787
1667,31,341,286.22286085268047,4096.016113555928,161.96578384564387,4157.2024176535,54.0,0.10144833133620683,-1.4683994592459568,0.10143699603540929,-1.4682595228442814,0.017583183067157993,0.3912483849806621
1668,9,342,9.936533141897351,4088.226647492491,137.73214120296976,4146.211392684601,54.0,0.10144833133620683,-1.2586664194373947,0.10143699603540929,-1.2516934828534385,0.017583183067157993,0.46014410659558436
1669,31,343,286.22286085268047,4096.016113555928,158.49410884129216,4136.006365328739,54.0,0.10144833133620683,-1.4969849770551518,0.10143699603540929,-1.4982756290566128,0.017583183067157993,0.3657484875763285
1670,9,343,9.936533141897351,4088.226647492491,158.49410884129216,4136.006365328739,54.0,0.10144833133620683,-1.2977096385408973,0.10143699603540929,-1.2876223089837044,0.017583183067157993,0.45742214003558407
1671,28,343,181.0656949265822,4007.0767963031503,158.49410884129216,4136.006365328739,54.0,0.10144833133620683,-1.6555161158871567,0.10143699603540929,-1.6524457037461027,0.017583183067157993,0.36001966198283797
1672,6,344,202.24335058105044,4025.5497211369657,136.56558805196306,4128.332749792738,54.0,0.10144833133620683,-1.6480356834845993,0.10143699603540929,-1.645404450255354,0.017583183067157993,0.33875890775173945
1673,9,344,9.936533141897351,4088.226647492491,136.56558805196306,4128.332749792738,54.0,0.10144833133620683,-1.0287665681079892,0.10143699603540929,-1.0186150977794135,0.017583183067157993,0.38608439075676687
1674,28,344,181.0656949265822,4007.0767963031503,136.56558805196306,4128.332749792738,54.0,0.10144833133620683,-1.4470703888885335,0.10143699603540929,-1.446216852016724,0.017583183067157993,0.35342268574571906
1675,31,344,286.22286085268047,4096.016113555928,136.56558805196306,4128.332749792738,54.0,0.10144833133620683,-1.759729670751142,0.10143699603540929,-1.75554400053712,0.017583183067157993,0.4159954016010553
1676,28,345,181.0656949265822,4007.0767963031503,117.19421705345408,4121.351193952682,54.0,0.10144833133620683,-1.1672577108849354,0.10143699603540929,-1.1625174510103353,0.017583183067157993,0.34402117212905914
1677,9,345,9.936533141897351,4088.226647492491,117.19421705345408,4121.351193952682,54.0,0.10144833133620683,-0.8594781235606894,0.10143699603540929,-0.8509027174973542,0.017583183067157993,0.33082411225888303
1678,28,346,181.0656949265822,4007.0767963031503,109.91679785969896,4052.896427825765,54.0,0.10144833133620683,-0.9062689511730508,0.10143699603540929,-0.9025764264949461,0.017583183067157993,0.23492553733306107
1679,6,347,202.24335058105044,4025.5497211369657,105.52394893714752,4032.581984936505,54.0,0.10144833133620683,-1.1112184774692149,0.10143699603540929,-1.1083162559166584,0.017583183067157993,0.2708177150035791
1680,28,347,181.0656949265822,4007.0767963031503,105.52394893714752,4032.581984936505,54.0,0.10144833133620683,-0.9201389245313613,0.10143699603540929,-0.9180896131524556,0.017583183067157993,0.21881404389658513
1681,9,347,9.936533141897351,4088.226647492491,105.52394893714752,4032.581984936505,54.0,0.10144833133620683,-0.8890818362050553,0.10143699603540929,-0.8883671919248207,0.017583183067157993,0.32702695742300775
1682,9,348,9.936533141897351,4088.226647492491,106.44842983383482,4012.84945915906,54.0,0.10144833133620683,-1.110963883639233,0.10143699603540929,-1.1131676989839139,0.017583183067157993,0.37533717505273845
1683,21,349,128.25114367082156,4135.1822154504935,171.63451694131356,4159.78310361989,54.0,0.10144833133620683,-0.5601162737278567,0.10143699603540929,-0.5581030483372982,0.017583183067157993,0.16299175429738022
1684,22,349,267.77623279276514,4140.811810679348,171.63451694131356,4159.78310361989,54.0,0.10144833133620683,-1.1090994425640641,0.10143699603540929,-1.1052228620638147,0.017583183067157993,0.30663289466119004
1685,31,349,286.22286085268047,4096.016113555928,171.63451694131356,4159.78310361989,54.0,0.10144833133620683,-1.402972514999119,0.10143699603540929,-1.4022321732762986,0.017583183067157993,0.36524746061065505
1686,9,349,9.936533141897351,4088.226647492491,171.63451694131356,4159.78310361989,54.0,0.10144833133620683,-1.661246611025159,0.10143699603540929,-1.6520144781057085,0.017583183067157993,0.5837961608850152
1687,9,350,9.936533141897351,4088.226647492491,149.38437383192732,4142.655189530788,54.0,0.10144833133620683,-1.338605831060154,0.10143699603540929,-1.331031408561135,0.017583183067157993,0.4716116282406355
1688,22,351,267.77623279276514,4140.811810679348,167.22649373259551,4139.857029282407,54.0,0.10144833133620683,-1.0992144192716187,0.10143699603540929,-1.097829541686433,0.017583183067157993,0.30272326035128044
1689,9,351,9.936533141897351,4088.226647492491,167.22649373259551,4139.857029282407,54.0,0.10144833133620683,-1.412751584454344,0.10143699603540929,-1.4032031125620157,0.017583183067157993,0.49005244360531935
1690,64,351,251.14156651564912,4194.6094429104505,167.22649373259551,4139.857029282407,54.0,0.10144833133620683,-1.1626131312618797,0.10143699603540929,-1.1591860695915905,0.017583183067157993,0.33322373752613466
1691,28,351,181.0656949265822,4007.0767963031503,167.22649373259551,4139.857029282407,54.0,0.10144833133620683,-1.8809560022983003,0.10143699603540929,-1.8761466989235465,0.017583183067157993,0.3705419163683996
1692,31,351,286.22286085268047,4096.016113555928,167.22649373259551,4139.857029282407,54.0,0.10144833133620683,-1.394419055932933,0.10143699603540929,-1.396484344041823,0.017583183067157993,0.3458551878830257
1693,64,352,251.14156651564912,4194.6094429104505,119.82403039050632,4124.56931096989,54.0,0.10144833133620683,-1.685991329906945,0.10143699603540929,-1.6794043388933044,0.017583183067157993,0.491287203903383
1694,9,353,9.936533141897351,4088.226647492491,142.29614129157707,4127.163348327213,54.0,0.10144833133620683,-1.0716878864663888,0.10143699603540929,-1.0616185839351933,0.017583183067157993,0.3983669237683375
1695,64,353,251.14156651564912,4194.6094429104505,142.29614129157707,4127.163348327213,54.0,0.10144833133620683,-1.4684707415050091,0.10143699603540929,-1.4648041493158934,0.017583183067157993,0.41855849761023284
1696,31,353,286.22286085268047,4096.016113555928,142.29614129157707,4127.163348327213,54.0,0.10144833133620683,-1.6912948735807927,0.10143699603540929,-1.6872304543452818,0.017583183067157993,0.39860354413498184
1697,28,353,181.0656949265822,4007.0767963031503,142.29614129157707,4127.163348327213,54.0,0.10144833133620683,-1.5023345747780648,0.10143699603540929,-1.5018633225368063,0.017583183067157993,0.34418306584740793
1698,9,354,9.936533141897351,4088.226647492491,128.30218247028407,4108.962098016365,54.0,0.10144833133620683,-0.9731213690581081,0.10143699603540929,-0.9660874084452736,0.017583183067157993,0.3444156054342107
1699,22,354,267.77623279276514,4140.811810679348,128.30218247028407,4108.962098016365,54.0,0.10144833133620683,-1.5802536565173926,0.10143699603540929,-1.5726171004930327,0.017583183067157993,0.4197451222542397
1700,19,354,298.45947748194794,4119.807970449649,128.30218247028407,4108.962098016365,54.0,0.10144833133620683,-1.8303132847321368,0.10143699603540929,-1.8285165158467784,0.017583183067157993,0.4509927302953126
1701,22,355,267.77623279276514,4140.811810679348,109.11821937100868,4049.9401200264047,54.0,0.10144833133620683,-2.122410196930253,0.10143699603540929,-2.1222298823450045,0.017583183067157993,0.5168876692111423
1702,9,355,9.936533141897351,4088.226647492491,109.11821937100868,4049.9401200264047,54.0,0.10144833133620683,-0.9150432505068744,0.10143699603540929,-0.9099049575946092,0.017583183067157993,0.31204084496162854
1703,21,355,103.34699834515416,4117.964937310308,109.11821937100868,4049.9401200264047,54.0,0.10144833133620683,-0.3885920334957116,0.10143699603540929,-0.38576328904424706,0.017583183067157993,0.17378845215920277
1704,9,356,9.936533141897351,4088.226647492491,124.08609991612518,4074.076898022276,54.0,0.10144833133620683,-1.0523760384648262,0.10143699603540929,-1.0536214123190586,0.017583183067157993,0.33847139735271253
1705,22,356,267.77623279276514,4140.811810679348,124.08609991612518,4074.076898022276,54.0,0.10144833133620683,-1.8151978856923778,0.10143699603540929,-1.8105755140453597,0.017583183067157993,0.4475762578965961
1706,19,356,298.45947748194794,4119.807970449649,124.08609991612518,4074.076898022276,54.0,0.10144833133620683,-2.091716081132764,0.10143699603540929,-2.091085916525626,0.017583183067157993,0.4710302739078299
1707,21,357,103.34699834515416,4117.964937310308,115.16096838828992,4022.0483223003416,54.0,0.10144833133620683,-0.6495831669131245,0.10143699603540929,-0.6473669724453492,0.017583183067157993,0.2574749193367642
1708,9,357,9.936533141897351,4088.226647492491,115.16096838828992,4022.0483223003416,54.0,0.10144833133620683,-1.0367332291596443,0.10143699603540929,-1.0365442570690715,0.017583183067157993,0.3708462199459265
1709,49,358,663.3163926639071,4436.617662823868,561.0138184560105,4473.501935426613,54.0,0.10144833133620683,-1.496543118532684,0.10143699603540929,-1.4946305006834437,0.017583183067157993,0.3047816894248065
1710,56,358,677.3923123197425,4458.591690875839,561.0138184560105,4473.501935426613,54.0,0.10144833133620683,-1.5391367230304691,0.10143699603540929,-1.5368821297619109,0.017583183067157993,0.3264707457423741
1711,34,358,645.8872104090177,4370.307858894735,561.0138184560105,4473.501935426613,54.0,0.10144833133620683,-1.7090304291440233,0.10143699603540929,-1.7084046214904383,0.017583183067157993,0.3416876793967816
1712,23,358,492.6610906216525,4339.6404706179,561.0138184560105,4473.501935426613,54.0,0.10144833133620683,-1.1499248628709453,0.10143699603540929,-1.144915689628881,0.017583183067157993,0.31516674229648195
1713,59,358,687.7533482500393,4462.8415205037,561.0138184560105,4473.501935426613,54.0,0.10144833133620683,-1.6721616489310924,0.10143699603540929,-1.6692591817089,0.017583183067157993,0.3597474347646443
1714,7,358,477.9085898257795,4404.037580305916,561.0138184560105,4473.501935426613,54.0,0.10144833133620683,-1.2511700610848282,0.10143699603540929,-1.2500529305613546,0.017583183067157993,0.25033457536024356
1715,33,358,633.1852302568241,4317.679688677003,561.0138184560105,4473.501935426613,54.0,0.10144833133620683,-1.7737075222272534,0.10143699603540929,-1.7713238340427206,0.017583183067157993,0.4061145554780469
1716,57,358,688.226455777822,4457.521568699916,561.0138184560105,4473.501935426613,54.0,0.10144833133620683,-1.6835118837067446,0.10143699603540929,-1.6805707110193484,0.017583183067157993,0.362401601192003
1717,30,358,625.9985091941669,4344.425799606012,561.0138184560105,4473.501935426613,54.0,0.10144833133620683,-1.4891761065827938,0.10143699603540929,-1.4863784736212977,0.017583183067157993,0.3309920564539703
1718,30,359,625.9985091941669,4344.425799606012,565.0502773452903,4448.226533767391,54.0,0.10144833133620683,-1.197418831569045,0.10143699603540929,-1.1959983833741568,0.017583183067157993,0.2608250948846849
1719,23,359,502.6784399226089,4334.088760610959,565.0502773452903,4448.226533767391,54.0,0.10144833133620683,-0.7830438346877691,0.10143699603540929,-0.7837272546923735,0.017583183067157993,0.26665439857641376
1720,33,359,633.1852302568241,4317.679688677003,565.0502773452903,4448.226533767391,54.0,0.10144833133620683,-1.4811858857680584,0.10143699603540929,-1.4799820219517192,0.017583183067157993,0.331783984275431
1721,34,359,645.8872104090177,4370.307858894735,565.0502773452903,4448.226533767391,54.0,0.10144833133620683,-1.3786176824786378,0.10143699603540929,-1.3788906185155962,0.017583183067157993,0.27275560174942803
1722,23,360,504.75274351062166,4332.980003603095,582.8694820082358,4398.870274634955,54.0,0.10144833133620683,-0.6130097460711428,0.10143699603540929,-0.6117882464697122,0.017583183067157993,0.19620202270685252
1723,24,360,476.8845411410292,4318.364085281663,582.8694820082358,4398.870274634955,54.0,0.10144833133620683,-1.0124319747690602,0.10143699603540929,-1.0109389963698368,0.017583183067157993,0.25426331949715225
1724,7,360,477.9085898257795,4404.037580305916,582.8694820082358,4398.870274634955,54.0,0.10144833133620683,-1.1239593192494686,0.10143699603540929,-1.1242042685305185,0.017583183067157993,0.23219217463257555
1725,7,361,477.9085898257795,4404.037580305916,581.1993239604408,4389.028978416067,54.0,0.10144833133620683,-1.021126896923004,0.10143699603540929,-1.0182823220635069,0.017583183067157993,0.22560351470873802
1726,35,361,583.2192292927565,4207.570440686977,581.1993239604408,4389.028978416067,54.0,0.10144833133620683,-2.183379195824437,0.10143699603540929,-2.1799894665584736,0.017583183067157993,0.4464719948645186
1727,23,361,504.75274351062166,4332.980003603095,581.1993239604408,4389.028978416067,54.0,0.10144833133620683,-0.5981477944930371,0.10143699603540929,-0.5972259101638481,0.017583183067157993,0.18370150396011806
1728,49,361,663.3163926639071,4436.617662823868,581.1993239604408,4389.028978416067,54.0,0.10144833133620683,-1.4138428771448912,0.10143699603540929,-1.4166788062635678,0.017583183067157993,0.23600139896761668
1729,56,361,677.3923123197425,4458.591690875839,581.1993239604408,4389.028978416067,54.0,0.10144833133620683,-1.7381199966510756,0.10143699603540929,-1.7415950906770812,0.017583183067157993,0.28928336854688813
1730,34,361,645.8872104090177,4370.307858894735,581.1993239604408,4389.028978416067,54.0,0.10144833133620683,-0.8124998879323208,0.10143699603540929,-0.809830837283167,0.017583183067157993,0.15697951132545773
1731,24,361,476.8845411410292,4318.364085281663,581.1993239604408,4389.028978416067,54.0,0.10144833133620683,-0.97391333005099,0.10143699603540929,-0.9735909796131538,0.017583183067157993,0.24251795641080692
1732,57,361,688.226455777822,4457.521568699916,581.1993239604408,4389.028978416067,54.0,0.10144833133620683,-1.8656696668156942,0.10143699603540929,-1.86760382130431,0.017583183067157993,0.3287195982595485
1733,29,361,679.1344462972443,4226.875249913833,581.1993239604408,4389.028978416067,54.0,0.10144833133620683,-2.1246610289696926,0.10143699603540929,-2.124794977116439,0.017583183067157993,0.5231587755731433
1734,33,361,633.1852302568241,4317.679688677003,581.1993239604408,4389.028978416067,54.0,0.10144833133620683,-1.0069187011470258,0.10143699603540929,-1.0053311229819417,0.017583183067157993,0.2003895600153211
1735,30,361,625.9985091941669,4344.425799606012,581.1993239604408,4389.028978416067,54.0,0.10144833133620683,-0.6971012564977074,0.10143699603540929,-0.6951912050247894,0.017583183067157993,0.13492442335869315
1736,26,362,492.46916862384336,4319.554466150916,583.831138251116,4371.053286709621,54.0,0.10144833133620683,-0.8671631027032641,0.10143699603540929,-0.8668465728817469,0.017583183067157993,0.2100912387102766
1737,7,362,477.9085898257795,4404.037580305916,583.831138251116,4371.053286709621,54.0,0.10144833133620683,-1.0151049956937621,0.10143699603540929,-1.0120944646707384,0.017583183067157993,0.23471337208396853
1738,24,362,476.8845411410292,4318.364085281663,583.831138251116,4371.053286709621,54.0,0.10144833133620683,-1.0464694830249432,0.10143699603540929,-1.0467232931584176,0.017583183067157993,0.23618078746096888
1739,29,362,679.1344462972443,4226.875249913833,583.831138251116,4371.053286709621,54.0,0.10144833133620683,-2.0037979926893055,0.10143699603540929,-2.003736636858112,0.017583183067157993,0.487612671825598
1740,23,362,504.75274351062166,4332.980003603095,583.831138251116,4371.053286709621,54.0,0.10144833133620683,-0.6728357206207966,0.10143699603540929,-0.6721889824409994,0.017583183067157993,0.17557944534486924
1741,30,363,625.9985091941669,4344.425799606012,561.2628392077421,4326.059519500939,54.0,0.10144833133620683,-0.825078057746369,0.10143699603540929,-0.8244581689112027,0.017583183067157993,0.15418485778178556
1742,7,363,477.9085898257795,4404.037580305916,561.2628392077421,4326.059519500939,54.0,0.10144833133620683,-1.0584440325342517,0.10143699603540929,-1.0565783106379045,0.017583183067157993,0.2279416901145396
1743,26,363,492.46916862384336,4319.554466150916,561.2628392077421,4326.059519500939,54.0,0.10144833133620683,-0.5896373934983822,0.10143699603540929,-0.587379516883282,0.017583183067157993,0.13261973882386718
1744,29,363,679.1344462972443,4226.875249913833,561.2628392077421,4326.059519500939,54.0,0.10144833133620683,-1.712653645258226,0.10143699603540929,-1.7087887886191262,0.017583183067157993,0.45587116645615877
1745,37,363,628.569594659982,4182.409690156388,561.2628392077421,4326.059519500939,54.0,0.10144833133620683,-1.8141239541716934,0.10143699603540929,-1.814111624888297,0.017583183067157993,0.4239367011396517
1746,23,364,504.75274351062166,4332.980003603095,534.8960064449519,4318.929029125519,54.0,0.10144833133620683,-0.22956567892500707,0.10143699603540929,-0.23020830491087219,0.017583183067157993,0.06423993116069383
1747,29,364,679.1344462972443,4226.875249913833,534.8960064449519,4318.929029125519,54.0,0.10144833133620683,-1.9074748862842485,0.10143699603540929,-1.905688771315688,0.017583183067157993,0.4789499035332067
1748,26,364,492.46916862384336,4319.554466150916,534.8960064449519,4318.929029125519,54.0,0.10144833133620683,-0.39032511861940583,0.10143699603540929,-0.38879453526484375,0.017583183067157993,0.08055248065072708
1749,33,364,633.1852302568241,4317.679688677003,534.8960064449519,4318.929029125519,54.0,0.10144833133620683,-1.0695879522387346,0.10143699603540929,-1.0657798266861533,0.017583183067157993,0.23734988890148906
1750,43,364,630.0947010611478,4141.259609929846,534.8960064449519,4318.929029125519,54.0,0.10144833133620683,-2.283985144383702,0.10143699603540929,-2.2826184852688045,0.017583183067157993,0.4942017423865957
1751,44,364,472.0029937650396,4104.126300266757,534.8960064449519,4318.929029125519,54.0,0.10144833133620683,-2.0499884519689995,0.10143699603540929,-2.050338513047156,0.017583183067157993,0.4595568276689926
1752,7,364,477.9085898257795,4404.037580305916,534.8960064449519,4318.929029125519,54.0,0.10144833133620683,-1.0020628217561476,0.10143699603540929,-1.0036207079264465,0.017583183067157993,0.20383547586800624
1753,24,364,476.8845411410292,4318.364085281663,534.8960064449519,4318.929029125519,54.0,0.10144833133620683,-0.5796580121568203,0.10143699603540929,-0.5787723877447578,0.017583183067157993,0.10999607497111095
1754,56,364,677.3923123197425,4458.591690875839,534.8960064449519,4318.929029125519,54.0,0.10144833133620683,-2.457592959511673,0.10143699603540929,-2.4581942134128147,0.017583183067157993,0.46934381060566893
1755,35,364,583.2192292927565,4207.570440686977,534.8960064449519,4318.929029125519,54.0,0.10144833133620683,-1.1812731359761715,0.10143699603540929,-1.1784672113453878,0.017583183067157993,0.2781275259394871
1756,30,364,625.9985091941669,4344.425799606012,534.8960064449519,4318.929029125519,54.0,0.10144833133620683,-1.0207850411534378,0.10143699603540929,-1.0188995972059152,0.017583183067157993,0.20595306199968247
1757,37,364,628.569594659982,4182.409690156388,534.8960064449519,4318.929029125519,54.0,0.10144833133620683,-1.766165223656005,0.10143699603540929,-1.7675117897611776,0.017583183067157993,0.4094545356266615
1758,34,364,645.8872104090177,4370.307858894735,534.8960064449519,4318.929029125519,54.0,0.10144833133620683,-1.3158628316653296,0.10143699603540929,-1.3136344768229011,0.017583183067157993,0.2669413003752446
1759,23,365,496.2769738617064,4317.6652317633225,510.9466011058103,4309.526697793331,54.0,0.10144833133620683,-0.16940111676460778,0.10143699603540929,-0.1689155182169011,0.017583183067157993,0.03130821663237021
1760,7,365,477.9085898257795,4404.037580305916,510.9466011058103,4309.526697793331,54.0,0.10144833133620683,-1.109840710342565,0.10143699603540929,-1.1151965913957986,0.017583183067157993,0.20010995799437498
1761,37,365,628.569594659982,4182.409690156388,510.9466011058103,4309.526697793331,54.0,0.10144833133620683,-1.6843259063333091,0.10143699603540929,-1.6826199543104239,0.017583183067157993,0.40766539989913236
1762,35,365,583.2192292927565,4207.570440686977,510.9466011058103,4309.526697793331,54.0,0.10144833133620683,-1.1237892508064202,0.10143699603540929,-1.1187857608175216,0.017583183067157993,0.2856074971269198
1763,33,365,633.1852302568241,4317.679688677003,510.9466011058103,4309.526697793331,54.0,0.10144833133620683,-1.2573730477355078,0.10143699603540929,-1.2523259847210406,0.017583183067157993,0.2816299540669723
1764,43,365,630.0947010611478,4141.259609929846,510.9466011058103,4309.526697793331,54.0,0.10144833133620683,-2.1790696227673463,0.10143699603540929,-2.175670636738007,0.017583183067157993,0.5045754815340697
1765,24,365,476.8845411410292,4318.364085281663,510.9466011058103,4309.526697793331,54.0,0.10144833133620683,-0.4056900315283035,0.10143699603540929,-0.40606963210996105,0.017583183067157993,0.06782661476278949
1766,29,365,679.1344462972443,4226.875249913833,510.9466011058103,4309.526697793331,54.0,0.10144833133620683,-2.0760383434224994,0.10143699603540929,-2.0741142069584213,0.017583183067157993,0.5113951547089115
1767,30,365,625.9985091941669,4344.425799606012,510.9466011058103,4309.526697793331,54.0,0.10144833133620683,-1.224041715491839,0.10143699603540929,-1.2204331711406702,0.017583183067157993,0.2532086009613262
1768,34,365,645.8872104090177,4370.307858894735,510.9466011058103,4309.526697793331,54.0,0.10144833133620683,-1.5157889461409044,0.10143699603540929,-1.5123306017162315,0.017583183067157993,0.31492417779104975
1769,44,365,472.0029937650396,4104.126300266757,510.9466011058103,4309.526697793331,54.0,0.10144833133620683,-1.887336646093044,0.10143699603540929,-1.887433788560967,0.017583183067157993,0.4195522066814696
1770,26,365,492.46916862384336,4319.554466150916,510.9466011058103,4309.526697793331,54.0,0.10144833133620683,-0.23360630882291328,0.10143699603540929,-0.2332817871211914,0.017583183067157993,0.04157429157112197
1771,44,366,472.0029937650396,4104.126300266757,511.8782596396733,4352.397235288708,54.0,0.10144833133620683,-2.0696750863177797,0.10143699603540929,-2.0678384764450053,0.017583183067157993,0.49181441943417087
1772,49,366,663.3163926639071,4436.617662823868,511.8782596396733,4352.397235288708,54.0,0.10144833133620683,-1.8607132799805859,0.10143699603540929,-1.8600688133527608,0.017583183067157993,0.3813938374016881
1773,8,366,404.480912881415,4338.111065579622,511.8782596396733,4352.397235288708,54.0,0.10144833133620683,-1.2973803496906768,0.10143699603540929,-1.3000426816045025,0.017583183067157993,0.2623756338106398
1774,32,366,334.71484028241383,4482.861045979598,511.8782596396733,4352.397235288708,54.0,0.10144833133620683,-2.134710318746536,0.10143699603540929,-2.1366959704248836,0.017583183067157993,0.6017286945900026
1775,33,366,633.1852302568241,4317.679688677003,511.8782596396733,4352.397235288708,54.0,0.10144833133620683,-1.2752128320711666,0.10143699603540929,-1.2756820480361843,0.017583183067157993,0.28475238183138446
1776,26,366,492.46916862384336,4319.554466150916,511.8782596396733,4352.397235288708,54.0,0.10144833133620683,-0.36678021335319333,0.10143699603540929,-0.3683604926535937,0.017583183067157993,0.07489029664775095
1777,23,366,501.98711709011,4334.532451306081,511.8782596396733,4352.397235288708,54.0,0.10144833133620683,-0.14828356897018977,0.10143699603540929,-0.14943508501040922,0.017583183067157993,0.03991625814987408
1778,35,366,583.2192292927565,4207.570440686977,511.8782596396733,4352.397235288708,54.0,0.10144833133620683,-1.3912250200976781,0.10143699603540929,-1.3892200271304294,0.017583183067157993,0.3516176184903063
1779,7,366,477.9085898257795,4404.037580305916,511.8782596396733,4352.397235288708,54.0,0.10144833133620683,-0.7260388971996166,0.10143699603540929,-0.7271716312250269,0.017583183067157993,0.12504746284125223
1780,29,366,679.1344462972443,4226.875249913833,511.8782596396733,4352.397235288708,54.0,0.10144833133620683,-2.1491964946853943,0.10143699603540929,-2.145513764221628,0.017583183067157993,0.5601406068346347
1781,30,366,625.9985091941669,4344.425799606012,511.8782596396733,4352.397235288708,54.0,0.10144833133620683,-1.105334616956808,0.10143699603540929,-1.1035191386829482,0.017583183067157993,0.23919187158961303
1782,24,366,476.8845411410292,4318.364085281663,511.8782596396733,4352.397235288708,54.0,0.10144833133620683,-0.5515995977685814,0.10143699603540929,-0.5526158985070083,0.017583183067157993,0.09411537808999615
1783,57,366,688.226455777822,4457.521568699916,511.8782596396733,4352.397235288708,54.0,0.10144833133620683,-2.3167025933819203,0.10143699603540929,-2.3150903606023214,0.017583183067157993,0.4748361862020002
1784,34,366,645.8872104090177,4370.307858894735,511.8782596396733,4352.397235288708,54.0,0.10144833133620683,-1.3157905537785293,0.10143699603540929,-1.3105297135331062,0.017583183067157993,0.28067943679956053
1785,56,366,677.3923123197425,4458.591690875839,511.8782596396733,4352.397235288708,54.0,0.10144833133620683,-2.175432481892299,0.10143699603540929,-2.17571155352927,0.017583183067157993,0.4348364763344451
1786,7,367,477.9085898257795,4404.037580305916,548.5850023962915,4353.449672308096,54.0,0.10144833133620683,-0.7696592503660651,0.10143699603540929,-0.7677324753245629,0.017583183067157993,0.17332028376480224
1787,34,367,645.8872104090177,4370.307858894735,548.5850023962915,4353.449672308096,54.0,0.10144833133620683,-1.1140820178344533,0.10143699603540929,-1.1099780447089058,0.017583183067157993,0.2138558166200164
1788,33,367,633.1852302568241,4317.679688677003,548.5850023962915,4353.449672308096,54.0,0.10144833133620683,-1.0334458677863598,0.10143699603540929,-1.0342095975129646,0.017583183067157993,0.21608883578173282
1789,49,367,663.3163926639071,4436.617662823868,548.5850023962915,4353.449672308096,54.0,0.10144833133620683,-1.7715781731546913,0.10143699603540929,-1.7717086555144794,0.017583183067157993,0.33445454701030675
1790,26,367,492.46916862384336,4319.554466150916,548.5850023962915,4353.449672308096,54.0,0.10144833133620683,-0.48229671366955984,0.10143699603540929,-0.48371891937174755,0.017583183067157993,0.1278973246513525
1791,35,367,583.2192292927565,4207.570440686977,548.5850023962915,4353.449672308096,54.0,0.10144833133620683,-1.6702045272596224,0.10143699603540929,-1.6677147157590801,0.017583183067157993,0.3494710244499306
1792,56,367,677.3923123197425,4458.591690875839,548.5850023962915,4353.449672308096,54.0,0.10144833133620683,-2.1400246045057223,0.10143699603540929,-2.1410987332462845,0.017583183067157993,0.39037017192043333
1793,44,367,472.0029937650396,4104.126300266757,548.5850023962915,4353.449672308096,54.0,0.10144833133620683,-2.2829466248408705,0.10143699603540929,-2.2823136796190746,0.017583183067157993,0.5326872914560712
1794,30,367,625.9985091941669,4344.425799606012,548.5850023962915,4353.449672308096,54.0,0.10144833133620683,-0.8779501554167599,0.10143699603540929,-0.8758684561827362,0.017583183067157993,0.174357912959211
1795,24,367,476.8845411410292,4318.364085281663,548.5850023962915,4353.449672308096,54.0,0.10144833133620683,-0.6774237685520023,0.10143699603540929,-0.6791983438030296,0.017583183067157993,0.1545342374449639
1796,29,367,679.1344462972443,4226.875249913833,548.5850023962915,4353.449672308096,54.0,0.10144833133620683,-1.9532692182220353,0.10143699603540929,-1.9500409646550665,0.017583183067157993,0.5157199676337301
1797,23,367,504.75274351062166,4332.980003603095,548.5850023962915,4353.449672308096,54.0,0.10144833133620683,-0.3058782153810454,0.10143699603540929,-0.3067231482729637,0.017583183067157993,0.09388799330306905
1798,34,368,645.8872104090177,4370.307858894735,512.6417426087999,4370.543524351453,54.0,0.10144833133620683,-1.2974906093109306,0.10143699603540929,-1.2923142559021024,0.017583183067157993,0.2767758466978379
1799,26,368,492.46916862384336,4319.554466150916,512.6417426087999,4370.543524351453,54.0,0.10144833133620683,-0.5557397503336411,0.10143699603540929,-0.5556540974305049,0.017583183067157993,0.10542812047001858
1800,32,368,334.71484028241383,4482.861045979598,512.6417426087999,4370.543524351453,54.0,0.10144833133620683,-2.1088181462939026,0.10143699603540929,-2.110617459670987,0.017583183067157993,0.5789992095611125
1801,24,368,476.8845411410292,4318.364085281663,512.6417426087999,4370.543524351453,54.0,0.10144833133620683,-0.7386047118856907,0.10143699603540929,-0.7379460465800936,0.017583183067157993,0.12058655892264711
1802,29,368,679.1344462972443,4226.875249913833,512.6417426087999,4370.543524351453,54.0,0.10144833133620683,-2.1847284292343083,0.10143699603540929,-2.179086329822803,0.017583183067157993,0.5843550258341357
1803,7,368,477.9085898257795,4404.037580305916,512.6417426087999,4370.543524351453,54.0,0.10144833133620683,-0.5834521806368862,0.10143699603540929,-0.583413993073194,0.017583183067157993,0.1005807407810355
1804,57,368,688.226455777822,4457.521568699916,512.6417426087999,4370.543524351453,54.0,0.10144833133620683,-2.251574903917011,0.10143699603540929,-2.251581327971715,0.017583183067157993,0.46337041767920634
1805,33,368,633.1852302568241,4317.679688677003,512.6417426087999,4370.543524351453,54.0,0.10144833133620683,-1.24492876832055,0.10143699603540929,-1.24425564061051,0.017583183067157993,0.28769930850621056
1806,35,368,583.2192292927565,4207.570440686977,512.6417426087999,4370.543524351453,54.0,0.10144833133620683,-1.5998564870424792,0.10143699603540929,-1.5956145235244743,0.017583183067157993,0.385927252216102
1807,56,368,677.3923123197425,4458.591690875839,512.6417426087999,4370.543524351453,54.0,0.10144833133620683,-2.0855588891520522,0.10143699603540929,-2.085881914936915,0.017583183067157993,0.42972010904855706
1808,23,368,494.8187856170165,4338.418020078769,512.6417426087999,4370.543524351453,54.0,0.10144833133620683,-0.370937938074393,0.10143699603540929,-0.36986634841402505,0.017583183067157993,0.06960518799829402
1809,30,368,625.9985091941669,4344.425799606012,512.6417426087999,4370.543524351453,54.0,0.10144833133620683,-1.10057007961482,0.10143699603540929,-1.095944871885898,0.017583183067157993,0.23681708586195052
1810,44,368,472.0029937650396,4104.126300266757,512.6417426087999,4370.543524351453,54.0,0.10144833133620683,-2.2336858943956432,0.10143699603540929,-2.231011238077112,0.017583183067157993,0.5262089243782225
1811,8,368,404.480912881415,4338.111065579622,512.6417426087999,4370.543524351453,54.0,0.10144833133620683,-1.2651027546081475,0.10143699603540929,-1.2696101587469237,0.017583183067157993,0.27691433438155416
1812,32,369,334.71484028241383,4482.861045979598,480.9664091966875,4352.089588299367,54.0,0.10144833133620683,-2.0158062219967676,0.10143699603540929,-2.0171417051819094,0.017583183067157993,0.5740368809780699
1813,44,369,472.0029937650396,4104.126300266757,480.9664091966875,4352.089588299367,54.0,0.10144833133620683,-2.1033504500891884,0.10143699603540929,-2.1014580732231467,0.017583183067157993,0.48210268186669614
1814,30,369,625.9985091941669,4344.425799606012,480.9664091966875,4352.089588299367,54.0,0.10144833133620683,-1.46184438433431,0.10143699603540929,-1.4625047940825457,0.017583183067157993,0.3028381617001632
1815,7,369,477.9085898257795,4404.037580305916,480.9664091966875,4352.089588299367,54.0,0.10144833133620683,-0.6489479319599885,0.10143699603540929,-0.653459048036191,0.017583183067157993,0.10828867093220962
1816,8,369,404.480912881415,4338.111065579622,480.9664091966875,4352.089588299367,54.0,0.10144833133620683,-0.9387556710641531,0.10143699603540929,-0.9419060225863378,0.017583183067157993,0.20723157820012633
1817,33,369,633.1852302568241,4317.679688677003,480.9664091966875,4352.089588299367,54.0,0.10144833133620683,-1.5671822068494443,0.10143699603540929,-1.5711699824656082,0.017583183067157993,0.3464621354577617
1818,29,369,679.1344462972443,4226.875249913833,480.9664091966875,4352.089588299367,54.0,0.10144833133620683,-2.4807486264829204,0.10143699603540929,-2.480932376682837,0.017583183067157993,0.600584125104794
1819,23,369,492.6610906216525,4339.6404706179,480.9664091966875,4352.089588299367,54.0,0.10144833133620683,-0.22345088051821665,0.10143699603540929,-0.22375823096867684,0.017583183067157993,0.032593831648338845
1820,26,369,492.46916862384336,4319.554466150916,480.9664091966875,4352.089588299367,54.0,0.10144833133620683,-0.4624443234575972,0.10143699603540929,-0.4628112071346801,0.017583183067157993,0.06673319152149154
1821,35,369,583.2192292927565,4207.570440686977,480.9664091966875,4352.089588299367,54.0,0.10144833133620683,-1.7391955685750684,0.10143699603540929,-1.7333859605180244,0.017583183067157993,0.38259158267660914
1822,24,369,476.8845411410292,4318.364085281663,480.9664091966875,4352.089588299367,54.0,0.10144833133620683,-0.4544294581061227,0.10143699603540929,-0.45482766055300056,0.017583183067157993,0.06575426402054747
1823,34,369,645.8872104090177,4370.307858894735,480.9664091966875,4352.089588299367,54.0,0.10144833133620683,-1.6263230123783226,0.10143699603540929,-1.6232172357557069,0.017583183067157993,0.34160880559707085
1824,30,370,625.9985091941669,4344.425799606012,558.287928261929,4383.549496546334,54.0,0.10144833133620683,-0.8289650020161012,0.10143699603540929,-0.8260515232508785,0.017583183067157993,0.1673669273259184
1825,29,370,679.1344462972443,4226.875249913833,558.287928261929,4383.549496546334,54.0,0.10144833133620683,-2.1854550244268585,0.10143699603540929,-2.1845450267126596,0.017583183067157993,0.541341012075913
1826,23,370,504.75274351062166,4332.980003603095,558.287928261929,4383.549496546334,54.0,0.10144833133620683,-0.395856268477863,0.10143699603540929,-0.396068263066251,0.017583183067157993,0.13993546332507487
1827,7,370,477.9085898257795,4404.037580305916,558.287928261929,4383.549496546334,54.0,0.10144833133620683,-0.8029531782575225,0.10143699603540929,-0.8010146695090762,0.017583183067157993,0.17936883356836403
1828,59,370,687.7533482500393,4462.8415205037,558.287928261929,4383.549496546334,54.0,0.10144833133620683,-2.0152720146163627,0.10143699603540929,-2.0164711484701847,0.017583183067157993,0.36914049285662076
1829,24,370,476.8845411410292,4318.364085281663,558.287928261929,4383.549496546334,54.0,0.10144833133620683,-0.8164357737302835,0.10143699603540929,-0.8164631880910995,0.017583183067157993,0.19872091579898535
1830,56,370,677.3923123197425,4458.591690875839,558.287928261929,4383.549496546334,54.0,0.10144833133620683,-1.857618300748011,0.10143699603540929,-1.8596602122581036,0.017583183067157993,0.32991051770746105
1831,35,370,583.2192292927565,4207.570440686977,558.287928261929,4383.549496546334,54.0,0.10144833133620683,-1.9211322732463478,0.10143699603540929,-1.9166296061533552,0.017583183067157993,0.41954010870891534
1832,34,370,645.8872104090177,4370.307858894735,558.287928261929,4383.549496546334,54.0,0.10144833133620683,-0.9374037161381574,0.10143699603540929,-0.9330386821198232,0.017583183067157993,0.19190627990036666
1833,33,370,633.1852302568241,4317.679688677003,558.287928261929,4383.549496546334,54.0,0.10144833133620683,-1.1080709022438182,0.10143699603540929,-1.1057465443562904,0.017583183067157993,0.2223734729954826
1834,49,371,663.3163926639071,4436.617662823868,537.5523516970317,4387.183166028368,54.0,0.10144833133620683,-1.6172321348168226,0.10143699603540929,-1.619438587475185,0.017583183067157993,0.3142099958678489
1835,29,371,679.1344462972443,4226.875249913833,537.5523516970317,4387.183166028368,54.0,0.10144833133620683,-2.205644442860585,0.10143699603540929,-2.2044123559286177,0.017583183067157993,0.5819168795473699
1836,56,371,677.3923123197425,4458.591690875839,537.5523516970317,4387.183166028368,54.0,0.10144833133620683,-1.8823037974977022,0.10143699603540929,-1.8829628781902774,0.017583183067157993,0.3710516348265297
1837,23,371,504.75274351062166,4332.980003603095,537.5523516970317,4387.183166028368,54.0,0.10144833133620683,-0.41505280580894277,0.10143699603540929,-0.4156896764908974,0.017583183067157993,0.12377545405619703
1838,33,371,633.1852302568241,4317.679688677003,537.5523516970317,4387.183166028368,54.0,0.10144833133620683,-1.195910376621238,0.10143699603540929,-1.1945439347393134,0.017583183067157993,0.264475415627594
1839,7,371,477.9085898257795,4404.037580305916,537.5523516970317,4387.183166028368,54.0,0.10144833133620683,-0.6902123565049856,0.10143699603540929,-0.6885978050422117,0.017583183067157993,0.13552186891525342
1840,35,371,583.2192292927565,4207.570440686977,537.5523516970317,4387.183166028368,54.0,0.10144833133620683,-1.7857264759571785,0.10143699603540929,-1.782714853677771,0.017583183067157993,0.4162890915823435
1841,24,371,476.8845411410292,4318.364085281663,537.5523516970317,4387.183166028368,54.0,0.10144833133620683,-0.8716609814473406,0.10143699603540929,-0.8711820471839429,0.017583183067157993,0.17789354125956353
1842,30,371,625.9985091941669,4344.425799606012,537.5523516970317,4387.183166028368,54.0,0.10144833133620683,-0.9434446334000075,0.10143699603540929,-0.940570825694152,0.017583183067157993,0.20849251485294887
1843,34,371,645.8872104090177,4370.307858894735,537.5523516970317,4387.183166028368,54.0,0.10144833133620683,-1.0409982690772241,0.10143699603540929,-1.0364311897976748,0.017583183067157993,0.23548223786309247
1844,33,372,633.1852302568241,4317.679688677003,556.3622236943382,4406.099826935316,54.0,0.10144833133620683,-1.2107896068205797,0.10143699603540929,-1.2079402863989264,0.017583183067157993,0.2561909384815613
1845,23,372,504.75274351062166,4332.980003603095,556.3622236943382,4406.099826935316,54.0,0.10144833133620683,-0.5324539199368118,0.10143699603540929,-0.5335785286385295,0.017583183067157993,0.1778926695084225
1846,49,372,663.3163926639071,4436.617662823868,556.3622236943382,4406.099826935316,54.0,0.10144833133620683,-1.5052784086434579,0.10143699603540929,-1.508053683160338,0.017583183067157993,0.2659717997031999
1847,29,372,679.1344462972443,4226.875249913833,556.3622236943382,4406.099826935316,54.0,0.10144833133620683,-2.333905485528439,0.10143699603540929,-2.332103877910452,0.017583183067157993,0.576208686511648
1848,57,372,688.226455777822,4457.521568699916,556.3622236943382,4406.099826935316,54.0,0.10144833133620683,-1.878535304622881,0.10143699603540929,-1.876835777150608,0.017583183067157993,0.36036099565307395
1849,34,372,645.8872104090177,4370.307858894735,556.3622236943382,4406.099826935316,54.0,0.10144833133620683,-1.0302245080341677,0.10143699603540929,-1.0277673416216178,0.017583183067157993,0.2180399881363676
1850,7,372,477.9085898257795,4404.037580305916,556.3622236943382,4406.099826935316,54.0,0.10144833133620683,-0.9367294031052483,0.10143699603540929,-0.9381823092357,0.017583183067157993,0.17992526621881508
1851,59,372,687.7533482500393,4462.8415205037,556.3622236943382,4406.099826935316,54.0,0.10144833133620683,-1.8652966827235054,0.10143699603540929,-1.8634592414726652,0.017583183067157993,0.3617655178795871
1852,24,372,476.8845411410292,4318.364085281663,556.3622236943382,4406.099826935316,54.0,0.10144833133620683,-1.0035951162420007,0.10143699603540929,-1.0038100841610986,0.017583183067157993,0.2339310428858004
1853,56,372,677.3923123197425,4458.591690875839,556.3622236943382,4406.099826935316,54.0,0.10144833133620683,-1.7131575085358761,0.10143699603540929,-1.7120419500082873,0.017583183067157993,0.3241213701234196
1854,30,372,625.9985091941669,4344.425799606012,556.3622236943382,4406.099826935316,54.0,0.10144833133620683,-0.8941547337693044,0.10143699603540929,-0.891314476112141,0.017583183067157993,0.19272615357762307
1855,30,373,625.9985091941669,4344.425799606012,507.007626677084,4418.914577252973,54.0,0.10144833133620683,-1.2655123180077945,0.10143699603540929,-1.2639062281336353,0.017583183067157993,0.29720835853440614
1856,33,373,633.1852302568241,4317.679688677003,507.007626677084,4418.914577252973,54.0,0.10144833133620683,-1.5770229818246375,0.10143699603540929,-1.5769818936425968,0.017583183067157993,0.3575301624495069
1857,23,373,492.6610906216525,4339.6404706179,507.007626677084,4418.914577252973,54.0,0.10144833133620683,-0.8976023177674468,0.10143699603540929,-0.9012960011757467,0.017583183067157993,0.1687423259915122
1858,7,373,477.9085898257795,4404.037580305916,507.007626677084,4418.914577252973,54.0,0.10144833133620683,-0.6308762179417315,0.10143699603540929,-0.630891366700343,0.017583183067157993,0.08256749040427531
1859,24,373,476.8845411410292,4318.364085281663,507.007626677084,4418.914577252973,54.0,0.10144833133620683,-1.2813194090433677,0.10143699603540929,-1.287372904095524,0.017583183067157993,0.21498867106108044
1860,34,373,645.8872104090177,4370.307858894735,507.007626677084,4418.914577252973,54.0,0.10144833133620683,-1.4014622452655487,0.10143699603540929,-1.3994107600205443,0.017583183067157993,0.3253276019803971
1861,57,373,688.226455777822,4457.521568699916,507.007626677084,4418.914577252973,54.0,0.10144833133620683,-2.161345961781831,0.10143699603540929,-2.1601726157068426,0.017583183067157993,0.46121235622253864
1862,56,373,677.3923123197425,4458.591690875839,507.007626677084,4418.914577252973,54.0,0.10144833133620683,-2.0102015164890945,0.10143699603540929,-2.0089302952573,0.017583183067157993,0.42958668798505967
1863,26,373,492.46916862384336,4319.554466150916,507.007626677084,4418.914577252973,54.0,0.10144833133620683,-1.1330829119239776,0.10143699603540929,-1.1354214881035007,0.017583183067157993,0.20624656167565444
1864,32,373,334.71484028241383,4482.861045979598,507.007626677084,4418.914577252973,54.0,0.10144833133620683,-1.9640790075003443,0.10143699603540929,-1.9626301589149364,0.017583183067157993,0.5403439548696056
1865,49,373,663.3163926639071,4436.617662823868,507.007626677084,4418.914577252973,54.0,0.10144833133620683,-1.8219728458784896,0.10143699603540929,-1.8205766929587206,0.017583183067157993,0.38796164663288907
1866,33,374,633.1852302568241,4317.679688677003,504.4577215216528,4438.979738557756,54.0,0.10144833133620683,-1.626039526661027,0.10143699603540929,-1.6229108880232903,0.017583183067157993,0.3824247218662894
1867,49,374,663.3163926639071,4436.617662823868,504.4577215216528,4438.979738557756,54.0,0.10144833133620683,-1.7999796800089642,0.10143699603540929,-1.79592236245756,0.017583183067157993,0.3893724242881536
1868,23,374,492.6610906216525,4339.6404706179,504.4577215216528,4438.979738557756,54.0,0.10144833133620683,-1.1992272887311255,0.10143699603540929,-1.2056212350191098,0.017583183067157993,0.21176861772903197
1869,34,374,645.8872104090177,4370.307858894735,504.4577215216528,4438.979738557756,54.0,0.10144833133620683,-1.4784470522105926,0.10143699603540929,-1.476415497776629,0.017583183067157993,0.35015104994522456
1870,32,374,334.71484028241383,4482.861045979598,504.4577215216528,4438.979738557756,54.0,0.10144833133620683,-1.6965520242534466,0.10143699603540929,-1.6910075973384677,0.017583183067157993,0.5169665039966025
1871,59,374,687.7533482500393,4462.8415205037,504.4577215216528,4438.979738557756,54.0,0.10144833133620683,-2.0701254461347394,0.10143699603540929,-2.0671888371602907,0.017583183067157993,0.4729388887682475
1872,57,374,688.226455777822,4457.521568699916,504.4577215216528,4438.979738557756,54.0,0.10144833133620683,-2.0813864595442184,0.10143699603540929,-2.0772091308360614,0.017583183067157993,0.46758909267939514
1873,56,374,677.3923123197425,4458.591690875839,504.4577215216528,4438.979738557756,54.0,0.10144833133620683,-1.9364804016815949,0.10143699603540929,-1.9342014068007276,0.017583183067157993,0.4324270864390437
1874,30,374,625.9985091941669,4344.425799606012,504.4577215216528,4438.979738557756,54.0,0.10144833133620683,-1.2931505715149152,0.10143699603540929,-1.289623622533317,0.017583183067157993,0.32008502752151613
1875,24,374,476.8845411410292,4318.364085281663,504.4577215216528,4438.979738557756,54.0,0.10144833133620683,-1.6601636816181544,0.10143699603540929,-1.6650407502894717,0.017583183067157993,0.2608391037151614
1876,33,375,633.1852302568241,4317.679688677003,538.408480740028,4431.916543109024,54.0,0.10144833133620683,-1.3927938234944748,0.10143699603540929,-1.39027594465611,0.017583183067157993,0.32133409395909424
1877,34,375,645.8872104090177,4370.307858894735,538.408480740028,4431.916543109024,54.0,0.10144833133620683,-1.2469866790654716,0.10143699603540929,-1.2456414719236633,0.017583183067157993,0.28181139942963795
1878,7,375,477.9085898257795,4404.037580305916,538.408480740028,4431.916543109024,54.0,0.10144833133620683,-0.9460171982227945,0.10143699603540929,-0.9468686415928047,0.017583183067157993,0.15684719717916576
1879,24,375,476.8845411410292,4318.364085281663,538.408480740028,4431.916543109024,54.0,0.10144833133620683,-1.2285131726474743,0.10143699603540929,-1.2276649146625442,0.017583183067157993,0.25947523897958324
1880,30,375,625.9985091941669,4344.425799606012,538.408480740028,4431.916543109024,54.0,0.10144833133620683,-1.0814982473903,0.10143699603540929,-1.0793299883701883,0.017583183067157993,0.2555644723919078
1881,23,375,492.6610906216525,4339.6404706179,538.408480740028,4431.916543109024,54.0,0.10144833133620683,-0.855827001546177,0.10143699603540929,-0.8531943339247174,0.017583183067157993,0.2075805501575261
1882,33,376,633.1852302568241,4317.679688677003,524.7277800422952,4456.789074584238,54.0,0.10144833133620683,-1.5883479022703502,0.10143699603540929,-1.585899914895234,0.017583183067157993,0.3806632427615325
1883,49,376,663.3163926639071,4436.617662823868,524.7277800422952,4456.789074584238,54.0,0.10144833133620683,-1.692394268635878,0.10143699603540929,-1.6889921482661643,0.017583183067157993,0.357949279406852
1884,56,376,677.3923123197425,4458.591690875839,524.7277800422952,4456.789074584238,54.0,0.10144833133620683,-1.7787567698082936,0.10143699603540929,-1.7767672055318018,0.017583183067157993,0.40570417723170615
1885,57,376,688.226455777822,4457.521568699916,524.7277800422952,4456.789074584238,54.0,0.10144833133620683,-1.9231168312221512,0.10143699603540929,-1.9204438836631148,0.017583183067157993,0.4415619175173721
1886,7,376,477.9085898257795,4404.037580305916,524.7277800422952,4456.789074584238,54.0,0.10144833133620683,-1.0373952685867587,0.10143699603540929,-1.0358295594303442,0.017583183067157993,0.17199929457984328
1887,59,376,687.7533482500393,4462.8415205037,524.7277800422952,4456.789074584238,54.0,0.10144833133620683,-1.9196270279169347,0.10143699603540929,-1.9169800222592648,0.017583183067157993,0.44064215943390417
1888,34,376,645.8872104090177,4370.307858894735,524.7277800422952,4456.789074584238,54.0,0.10144833133620683,-1.425177464262786,0.10143699603540929,-1.4242118569062638,0.017583183067157993,0.33864780434251035
1889,32,376,334.71484028241383,4482.861045979598,524.7277800422952,4456.789074584238,54.0,0.10144833133620683,-1.7150370211450268,0.10143699603540929,-1.7085335591562476,0.017583183067157993,0.5665606560746903
1890,30,376,625.9985091941669,4344.425799606012,524.7277800422952,4456.789074584238,54.0,0.10144833133620683,-1.2664031209626547,0.10143699603540929,-1.264364914936309,0.017583183067157993,0.3129463363616851
1891,33,377,633.1852302568241,4317.679688677003,485.3956997431978,4374.153861375261,54.0,0.10144833133620683,-1.5279206470770124,0.10143699603540929,-1.5294119562806774,0.017583183067157993,0.3404038049696022
1892,7,377,477.9085898257795,4404.037580305916,485.3956997431978,4374.153861375261,54.0,0.10144833133620683,-0.423675618080161,0.10143699603540929,-0.42506538092924595,0.017583183067157993,0.06538163294155706
1893,8,377,404.480912881415,4338.111065579622,485.3956997431978,4374.153861375261,54.0,0.10144833133620683,-1.0484857643914265,0.10143699603540929,-1.0521985355126084,0.017583183067157993,0.2334361607206698
1894,26,377,492.46916862384336,4319.554466150916,485.3956997431978,4374.153861375261,54.0,0.10144833133620683,-0.6785847846467821,0.10143699603540929,-0.6821319760208038,0.017583183067157993,0.10857768797031736
1895,34,377,645.8872104090177,4370.307858894735,485.3956997431978,4374.153861375261,54.0,0.10144833133620683,-1.5687766383432935,0.10143699603540929,-1.565054815781925,0.017583183067157993,0.3305921800992391
1896,32,377,334.71484028241383,4482.861045979598,485.3956997431978,4374.153861375261,54.0,0.10144833133620683,-1.794906580169177,0.10143699603540929,-1.7946380071722423,0.017583183067157993,0.532648113818278
1897,30,377,625.9985091941669,4344.425799606012,485.3956997431978,4374.153861375261,54.0,0.10144833133620683,-1.3743189690322302,0.10143699603540929,-1.3711780039487829,0.017583183067157993,0.2899832974426488
1898,24,377,476.8845411410292,4318.364085281663,485.3956997431978,4374.153861375261,54.0,0.10144833133620683,-0.6953059156685245,0.10143699603540929,-0.6989120966185707,0.017583183067157993,0.11119637994425158
1899,29,377,679.1344462972443,4226.875249913833,485.3956997431978,4374.153861375261,54.0,0.10144833133620683,-2.4936424717008654,0.10143699603540929,-2.491348812832244,0.017583183067157993,0.6283188558652973
1900,23,377,492.6610906216525,4339.6404706179,485.3956997431978,4374.153861375261,54.0,0.10144833133620683,-0.41202238854957296,0.10143699603540929,-0.41547093319670564,0.017583183067157993,0.07042754141974933
1901,59,378,687.7533482500393,4462.8415205037,529.1168317879833,4454.262917514842,54.0,0.10144833133620683,-1.8902776980653297,0.10143699603540929,-1.8874860998477008,0.017583183067157993,0.43138055199939895
1902,68,378,607.5300941255965,4399.875364871049,529.1168317879833,4454.262917514842,54.0,0.10144833133620683,-0.8288958810167701,0.10143699603540929,-0.8293438993331257,0.017583183067157993,0.20840771474517905
1903,32,378,334.71484028241383,4482.861045979598,529.1168317879833,4454.262917514842,54.0,0.10144833133620683,-1.7505803956083221,0.10143699603540929,-1.7439263027472558,0.017583183067157993,0.5765860884080181
1904,33,378,633.1852302568241,4317.679688677003,529.1168317879833,4454.262917514842,54.0,0.10144833133620683,-1.5588938036825704,0.10143699603540929,-1.5565751940564996,0.017583183067157993,0.37095739438851455
1905,23,378,492.6610906216525,4339.6404706179,529.1168317879833,4454.262917514842,54.0,0.10144833133620683,-1.211788445827471,0.10143699603540929,-1.2125416846493164,0.017583183067157993,0.2535375046815794
1906,69,378,685.3230867940251,4391.141433827922,529.1168317879833,4454.262917514842,54.0,0.10144833133620683,-2.122538207516874,0.10143699603540929,-2.1260040570210017,0.017583183067157993,0.4460804041182671
1907,49,378,663.3163926639071,4436.617662823868,529.1168317879833,4454.262917514842,54.0,0.10144833133620683,-1.637979327529091,0.10143699603540929,-1.6350564206288747,0.017583183067157993,0.34471584993460325
1908,30,378,625.9985091941669,4344.425799606012,529.1168317879833,4454.262917514842,54.0,0.10144833133620683,-1.2331426575881652,0.10143699603540929,-1.2310735758476692,0.017583183067157993,0.30272853045371306
1909,56,378,677.3923123197425,4458.591690875839,529.1168317879833,4454.262917514842,54.0,0.10144833133620683,-1.7485992690575798,0.10143699603540929,-1.7464665966950415,0.017583183067157993,0.3962583071325407
1910,57,378,688.226455777822,4457.521568699916,529.1168317879833,4454.262917514842,54.0,0.10144833133620683,-1.8926498596149337,0.10143699603540929,-1.8898342486018032,0.017583183067157993,0.4320491398728196
1911,34,378,645.8872104090177,4370.307858894735,529.1168317879833,4454.262917514842,54.0,0.10144833133620683,-1.3922148233363247,0.10143699603540929,-1.39115807277837,0.017583183067157993,0.3277897174967032
1912,67,378,614.1933123417826,4407.07660776138,529.1168317879833,4454.262917514842,54.0,0.10144833133620683,-0.9043449314895229,0.10143699603540929,-0.9053408840982501,0.017583183067157993,0.21687637453261108
1913,16,378,513.1636048475955,4263.301540421994,529.1168317879833,4454.262917514842,54.0,0.10144833133620683,-1.490057005006357,0.10143699603540929,-1.4866197952483196,0.017583183067157993,0.38513170257234464
1914,59,379,687.7533482500393,4462.8415205037,532.7418826940634,4408.404237914756,54.0,0.10144833133620683,-1.9647438603558403,0.10143699603540929,-1.9635335455582188,0.017583183067157993,0.41066819965726
1915,49,379,663.3163926639071,4436.617662823868,532.7418826940634,4408.404237914756,54.0,0.10144833133620683,-1.5742666968099495,0.10143699603540929,-1.5741632910393353,0.017583183067157993,0.3180104878168104
1916,26,379,492.46916862384336,4319.554466150916,532.7418826940634,4408.404237914756,54.0,0.10144833133620683,-0.8232618404754745,0.10143699603540929,-0.8219593689484511,0.017583183067157993,0.19271364681216469
1917,34,379,645.8872104090177,4370.307858894735,532.7418826940634,4408.404237914756,54.0,0.10144833133620683,-1.113498205394988,0.10143699603540929,-1.1096898710637975,0.017583183067157993,0.2622530906914572
1918,68,379,607.5300941255965,4399.875364871049,532.7418826940634,4408.404237914756,54.0,0.10144833133620683,-0.6757367508185398,0.10143699603540929,-0.6768710859073653,0.017583183067157993,0.16549448557952065
1919,33,379,633.1852302568241,4317.679688677003,532.7418826940634,4408.404237914756,54.0,0.10144833133620683,-1.2692837916407995,0.10143699603540929,-1.2663104139591381,0.017583183067157993,0.2936291188292759
1920,24,379,476.8845411410292,4318.364085281663,532.7418826940634,4408.404237914756,54.0,0.10144833133620683,-1.0384553776723726,0.10143699603540929,-1.0365267187183416,0.017583183067157993,0.2084709575949652
1921,56,379,677.3923123197425,4458.591690875839,532.7418826940634,4408.404237914756,54.0,0.10144833133620683,-1.8167787692932464,0.10143699603540929,-1.816143041104411,0.017583183067157993,0.37382998127287076
1922,57,379,688.226455777822,4457.521568699916,532.7418826940634,4408.404237914756,54.0,0.10144833133620683,-1.97136572875829,0.10143699603540929,-1.9690371180060038,0.017583183067157993,0.41123779212434886
1923,67,379,614.1933123417826,4407.07660776138,532.7418826940634,4408.404237914756,54.0,0.10144833133620683,-0.7729925887088611,0.10143699603540929,-0.7747209619690185,0.017583183067157993,0.17831645379996924
1924,23,379,494.38725640942334,4338.751242244796,532.7418826940634,4408.404237914756,54.0,0.10144833133620683,-0.6731596135592403,0.10143699603540929,-0.6701435590403704,0.017583183067157993,0.15707113022284808
1925,58,379,703.3499165584745,4445.916544165671,532.7418826940634,4408.404237914756,54.0,0.10144833133620683,-2.1857951186292546,0.10143699603540929,-2.186630389325501,0.017583183067157993,0.466548679211535
1926,32,379,334.71484028241383,4482.861045979598,532.7418826940634,4408.404237914756,54.0,0.10144833133620683,-2.2593744032809435,0.10143699603540929,-2.259502095821984,0.017583183067157993,0.6026934616185677
1927,30,379,625.9985091941669,4344.425799606012,532.7418826940634,4408.404237914756,54.0,0.10144833133620683,-0.9638294762282682,0.10143699603540929,-0.9601960709651074,0.017583183067157993,0.23433191123199554
1928,29,379,679.1344462972443,4226.875249913833,532.7418826940634,4408.404237914756,54.0,0.10144833133620683,-2.3342677816083284,0.10143699603540929,-2.3335674462711538,0.017583183067157993,0.6191243868976263
1929,33,380,633.1852302568241,4317.679688677003,555.815156934327,4405.984828369565,54.0,0.10144833133620683,-1.211862132723971,0.10143699603540929,-1.2089675751618332,0.017583183067157993,0.25670721746874403
1930,23,380,504.75274351062166,4332.980003603095,555.815156934327,4405.984828369565,54.0,0.10144833133620683,-0.5310089433759135,0.10143699603540929,-0.5321821035442675,0.017583183067157993,0.1771777941173531
1931,34,380,645.8872104090177,4370.307858894735,555.815156934327,4405.984828369565,54.0,0.10144833133620683,-1.0319990924140587,0.10143699603540929,-1.0294836027076337,0.017583183067157993,0.2188677111626662
1932,67,380,614.1933123417826,4407.07660776138,555.815156934327,4405.984828369565,54.0,0.10144833133620683,-0.6735679436385685,0.10143699603540929,-0.6752374534043252,0.017583183067157993,0.1324812799338041
1933,56,380,677.3923123197425,4458.591690875839,555.815156934327,4405.984828369565,54.0,0.10144833133620683,-1.716924886687337,0.10143699603540929,-1.7158293050484192,0.017583183067157993,0.3253468831944932
1934,68,380,607.5300941255965,4399.875364871049,555.815156934327,4405.984828369565,54.0,0.10144833133620683,-0.5809516149444058,0.10143699603540929,-0.5820294610381922,0.017583183067157993,0.12028348687427577
1935,49,380,663.3163926639071,4436.617662823868,555.815156934327,4405.984828369565,54.0,0.10144833133620683,-1.5087668174659907,0.10143699603540929,-1.511544681874055,0.017583183067157993,0.26716617983866875
1936,30,380,625.9985091941669,4344.425799606012,555.815156934327,4405.984828369565,54.0,0.10144833133620683,-0.8954623163964419,0.10143699603540929,-0.8925818365664864,0.017583183067157993,0.19343995916108447
1937,16,380,519.0070440168354,4262.203633597157,555.815156934327,4405.984828369565,54.0,0.10144833133620683,-0.9320168788810537,0.10143699603540929,-0.9281847237778568,0.017583183067157993,0.29413843109081433
1938,24,380,476.8845411410292,4318.364085281663,555.815156934327,4405.984828369565,54.0,0.10144833133620683,-1.0028725856546774,0.10143699603540929,-1.003111359123275,0.017583183067157993,0.23310964414723118
1939,37,381,628.569594659982,4182.409690156388,533.7624093755849,4336.924325778417,54.0,0.10144833133620683,-1.9387158757553304,0.10143699603540929,-1.9388998713640002,0.017583183067157993,0.4526206439202729
1940,43,381,630.0947010611478,4141.259609929846,533.7624093755849,4336.924325778417,54.0,0.10144833133620683,-2.4713376739799404,0.10143699603540929,-2.470038519932055,0.017583183067157993,0.5336262074175154
1941,23,381,504.75274351062166,4332.980003603095,533.7624093755849,4336.924325778417,54.0,0.10144833133620683,-0.2013780477820543,0.10143699603540929,-0.20256825512611146,0.017583183067157993,0.057527680172386936
1942,68,381,607.5300941255965,4399.875364871049,533.7624093755849,4336.924325778417,54.0,0.10144833133620683,-0.8978824362127257,0.10143699603540929,-0.8942573109802606,0.017583183067157993,0.20174610874442084
1943,33,381,633.1852302568241,4317.679688677003,533.7624093755849,4336.924325778417,54.0,0.10144833133620683,-1.0888534314659113,0.10143699603540929,-1.0894655022918227,0.017583183067157993,0.24107168179335292
1944,69,381,685.3230867940251,4391.141433827922,533.7624093755849,4336.924325778417,54.0,0.10144833133620683,-2.020183952541667,0.10143699603540929,-2.013435464613915,0.017583183067157993,0.3963701652077176
1945,30,381,625.9985091941669,4344.425799606012,533.7624093755849,4336.924325778417,54.0,0.10144833133620683,-0.9977741003238654,0.10143699603540929,-0.9966657875357866,0.017583183067157993,0.20178896222839113
1946,57,381,688.226455777822,4457.521568699916,533.7624093755849,4336.924325778417,54.0,0.10144833133620683,-2.4110914701880786,0.10143699603540929,-2.4099466564017553,0.017583183067157993,0.48015305912230294
1947,35,381,583.2192292927565,4207.570440686977,533.7624093755849,4336.924325778417,54.0,0.10144833133620683,-1.364360762593893,0.10143699603540929,-1.3615314313549356,0.017583183067157993,0.31557484593507923
1948,44,381,472.0029937650396,4104.126300266757,533.7624093755849,4336.924325778417,54.0,0.10144833133620683,-2.1774749300388967,0.10143699603540929,-2.176867104413925,0.017583183067157993,0.49029651020211246
1949,26,381,492.46916862384336,4319.554466150916,533.7624093755849,4336.924325778417,54.0,0.10144833133620683,-0.3707859307003014,0.10143699603540929,-0.3720502398166075,0.017583183067157993,0.08795364314786216
1950,16,381,519.0070440168354,4262.203633597157,533.7624093755849,4336.924325778417,54.0,0.10144833133620683,-0.5670756888162171,0.10143699603540929,-0.5650229159931518,0.017583183067157993,0.15283691384062567
1951,29,381,679.1344462972443,4226.875249913833,533.7624093755849,4336.924325778417,54.0,0.10144833133620683,-1.9596173543156958,0.10143699603540929,-1.9554903901150729,0.017583183067157993,0.508373903453843
1952,24,381,476.8845411410292,4318.364085281663,533.7624093755849,4336.924325778417,54.0,0.10144833133620683,-0.549542759247389,0.10143699603540929,-0.5520087910382365,0.017583183067157993,0.1168799112063906
1953,67,381,614.1933123417826,4407.07660776138,533.7624093755849,4336.924325778417,54.0,0.10144833133620683,-1.040468705844963,0.10143699603540929,-1.0376689253019196,0.017583183067157993,0.22244801578800294
1954,49,381,663.3163926639071,4436.617662823868,533.7624093755849,4336.924325778417,54.0,0.10144833133620683,-1.93225712271307,0.10143699603540929,-1.931615381091721,0.017583183067157993,0.3798113085024109
1955,34,381,645.8872104090177,4370.307858894735,533.7624093755849,4336.924325778417,54.0,0.10144833133620683,-1.2801816375595343,0.10143699603540929,-1.276879011759107,0.017583183067157993,0.2500656201812506
1956,56,381,677.3923123197425,4458.591690875839,533.7624093755849,4336.924325778417,54.0,0.10144833133620683,-2.298511725746792,0.10143699603540929,-2.2987551845582983,0.017583183067157993,0.436544749369512
1957,29,382,679.1344462972443,4226.875249913833,530.4685985461446,4301.8986450225775,54.0,0.10144833133620683,-1.9002944162572055,0.10143699603540929,-1.899544281889858,0.017583183067157993,0.47212673312478837
1958,43,382,630.0947010611478,4141.259609929846,530.4685985461446,4301.8986450225775,54.0,0.10144833133620683,-2.0731102985646452,0.10143699603540929,-2.071307219821866,0.017583183067157993,0.46688364227211265
1959,68,382,607.5300941255965,4399.875364871049,530.4685985461446,4301.8986450225775,54.0,0.10144833133620683,-1.1933033418422825,0.10143699603540929,-1.1899371589063645,0.017583183067157993,0.25678605134667504
1960,35,382,583.2192292927565,4207.570440686977,530.4685985461446,4301.8986450225775,54.0,0.10144833133620683,-1.0135983959032413,0.10143699603540929,-1.0103651429443092,0.017583183067157993,0.2510445777056721
1961,16,382,519.0070440168354,4262.203633597157,530.4685985461446,4301.8986450225775,54.0,0.10144833133620683,-0.34702374558307647,0.10143699603540929,-0.3465560578803127,0.017583183067157993,0.08635883412687442
1962,37,382,628.569594659982,4182.409690156388,530.4685985461446,4301.8986450225775,54.0,0.10144833133620683,-1.576035132782463,0.10143699603540929,-1.576496370826857,0.017583183067157993,0.37259781356097044
1963,30,382,625.9985091941669,4344.425799606012,530.4685985461446,4301.8986450225775,54.0,0.10144833133620683,-1.1176729260478895,0.10143699603540929,-1.1130173300469135,0.017583183067157993,0.2280446661436385
1964,23,382,497.4898291573873,4319.884180805564,530.4685985461446,4301.8986450225775,54.0,0.10144833133620683,-0.3386816223818211,0.10143699603540929,-0.3369860966882421,0.017583183067157993,0.06999265756791753
1965,24,382,476.8845411410292,4318.364085281663,530.4685985461446,4301.8986450225775,54.0,0.10144833133620683,-0.5789583514976384,0.10143699603540929,-0.5782678681412028,0.017583183067157993,0.10624630002139306
1966,67,382,614.1933123417826,4407.07660776138,530.4685985461446,4301.8986450225775,54.0,0.10144833133620683,-1.3394145100870785,0.10143699603540929,-1.3368250098510517,0.017583183067157993,0.27913830009285573
1967,34,382,645.8872104090177,4370.307858894735,530.4685985461446,4301.8986450225775,54.0,0.10144833133620683,-1.4740769821333555,0.10143699603540929,-1.4692166617151583,0.017583183067157993,0.29366150674196867
1968,44,382,472.0029937650396,4104.126300266757,530.4685985461446,4301.8986450225775,54.0,0.10144833133620683,-1.9462628228497136,0.10143699603540929,-1.9475740998679971,0.017583183067157993,0.42637189048009244
1969,26,382,492.46916862384336,4319.554466150916,530.4685985461446,4301.8986450225775,54.0,0.10144833133620683,-0.4010845984230975,0.10143699603540929,-0.3996472416533163,0.017583183067157993,0.07942551932215258
1970,32,383,334.71484028241383,4482.861045979598,514.5322622025869,4456.751426788521,54.0,0.10144833133620683,-1.6115564872898134,0.10143699603540929,-1.605298084459919,0.017583183067157993,0.5391252541242568
1971,59,383,687.7533482500393,4462.8415205037,514.5322622025869,4456.751426788521,54.0,0.10144833133620683,-2.025468003565242,0.10143699603540929,-2.0223395292147073,0.017583183067157993,0.4680612987990468
1972,23,383,492.6610906216525,4339.6404706179,514.5322622025869,4456.751426788521,54.0,0.10144833133620683,-1.2935861492366938,0.10143699603540929,-1.2969513808565065,0.017583183067157993,0.2577628166662633
1973,68,383,607.5300941255965,4399.875364871049,514.5322622025869,4456.751426788521,54.0,0.10144833133620683,-0.9558688705690523,0.10143699603540929,-0.955225283309215,0.017583183067157993,0.24263452600345659
1974,49,383,663.3163926639071,4436.617662823868,514.5322622025869,4456.751426788521,54.0,0.10144833133620683,-1.7805008089036647,0.10143699603540929,-1.777055915830163,0.017583183067157993,0.38272201847173737
1975,57,383,688.226455777822,4457.521568699916,514.5322622025869,4456.751426788521,54.0,0.10144833133620683,-2.029132507263625,0.10143699603540929,-2.0259783004964063,0.017583183067157993,0.4690169677382407
1976,56,383,677.3923123197425,4458.591690875839,514.5322622025869,4456.751426788521,54.0,0.10144833133620683,-1.8846567532685392,0.10143699603540929,-1.8821857324321325,0.017583183067157993,0.4331357379142945
1977,34,383,645.8872104090177,4370.307858894735,514.5322622025869,4456.751426788521,54.0,0.10144833133620683,-1.4994637049360808,0.10143699603540929,-1.496986544859394,0.017583183067157993,0.36144793141332376
1978,16,383,513.1636048475955,4263.301540421994,514.5322622025869,4456.751426788521,54.0,0.10144833133620683,-1.7973730533275192,0.10143699603540929,-1.795572278461997,0.017583183067157993,0.40158547159832925
1979,67,383,614.1933123417826,4407.07660776138,514.5322622025869,4456.751426788521,54.0,0.10144833133620683,-1.0163624529271003,0.10143699603540929,-1.0162606921164117,0.017583183067157993,0.2502060992990273
1980,30,383,625.9985091941669,4344.425799606012,514.5322622025869,4456.751426788521,54.0,0.10144833133620683,-1.3445798350604212,0.10143699603540929,-1.341283677875032,0.017583183067157993,0.3325162769996774
1981,33,384,633.1852302568241,4317.679688677003,548.53915137937,4457.937093293264,54.0,0.10144833133620683,-1.5202999924109997,0.10143699603540929,-1.5186626331843787,0.017583183067157993,0.36159703855482717
1982,16,384,515.343860107242,4262.861565575985,548.53915137937,4457.937093293264,54.0,0.10144833133620683,-1.2446917053639028,0.10143699603540929,-1.2416316700750343,0.017583183067157993,0.39697314445105414
1983,68,384,607.5300941255965,4399.875364871049,548.53915137937,4457.937093293264,54.0,0.10144833133620683,-0.8248326949221166,0.10143699603540929,-0.8250291108451441,0.017583183067157993,0.19116395488749466
1984,34,384,645.8872104090177,4370.307858894735,548.53915137937,4457.937093293264,54.0,0.10144833133620683,-1.4490903566430484,0.10143699603540929,-1.4485618214497138,0.017583183067157993,0.3131206440751021
1985,23,384,492.6610906216525,4339.6404706179,548.53915137937,4457.937093293264,54.0,0.10144833133620683,-1.0559804780286008,0.10143699603540929,-1.053467767738971,0.017583183067157993,0.2671462625844348
1986,67,384,614.1933123417826,4407.07660776138,548.53915137937,4457.937093293264,54.0,0.10144833133620683,-0.9015736345586921,0.10143699603540929,-0.902188993486918,0.017583183067157993,0.1977307967588663
1987,30,384,625.9985091941669,4344.425799606012,548.53915137937,4457.937093293264,54.0,0.10144833133620683,-1.2282874529003047,0.10143699603540929,-1.2264309116900356,0.017583183067157993,0.2932307154145158
1988,34,385,645.8872104090177,4370.307858894735,566.5828788927461,4457.8640046212495,54.0,0.10144833133620683,-1.5362885703889728,0.10143699603540929,-1.5364191033772012,0.017583183067157993,0.2956367675838878
1989,68,385,607.5300941255965,4399.875364871049,566.5828788927461,4457.8640046212495,54.0,0.10144833133620683,-0.8834006673235795,0.10143699603540929,-0.8836070439889727,0.017583183067157993,0.17340185810522993
1990,57,385,688.226455777822,4457.521568699916,566.5828788927461,4457.8640046212495,54.0,0.10144833133620683,-1.6300697193111624,0.10143699603540929,-1.6274967732668844,0.017583183067157993,0.34572002856648915
1991,59,385,687.7533482500393,4462.8415205037,566.5828788927461,4457.8640046212495,54.0,0.10144833133620683,-1.6274868670320757,0.10143699603540929,-1.6249379051886017,0.017583183067157993,0.344941591201841
1992,49,385,663.3163926639071,4436.617662823868,566.5828788927461,4457.8640046212495,54.0,0.10144833133620683,-1.410186378773168,0.10143699603540929,-1.4064417596863739,0.017583183067157993,0.27887100066474474
1993,67,385,614.1933123417826,4407.07660776138,566.5828788927461,4457.8640046212495,54.0,0.10144833133620683,-0.9244568255183274,0.10143699603540929,-0.9251840825540767,0.017583183067157993,0.17506986226444265
1994,33,385,633.1852302568241,4317.679688677003,566.5828788927461,4457.8640046212495,54.0,0.10144833133620683,-1.6286293956389768,0.10143699603540929,-1.6272222164684838,0.017583183067157993,0.3621024286205998
1995,23,385,499.82723412204166,4335.752917918386,566.5828788927461,4457.8640046212495,54.0,0.10144833133620683,-0.8649723901591805,0.10143699603540929,-0.8638758255385106,0.017583183067157993,0.2884401426207468
1996,16,385,519.0070440168354,4262.203633597157,566.5828788927461,4457.8640046212495,54.0,0.10144833133620683,-1.2526983464778987,0.10143699603540929,-1.2495079731851426,0.017583183067157993,0.4124300133874994
1997,30,385,625.9985091941669,4344.425799606012,566.5828788927461,4457.8640046212495,54.0,0.10144833133620683,-1.3394834139567142,0.10143699603540929,-1.3377056549422697,0.017583183067157993,0.2875525338884105
1998,56,385,677.3923123197425,4458.591690875839,566.5828788927461,4457.8640046212495,54.0,0.10144833133620683,-1.4865873799085627,0.10143699603540929,-1.4846965343294312,0.017583183067157993,0.31001022102540404
1999,33,386,633.1852302568241,4317.679688677003,560.6999742572023,4437.5564168372,54.0,0.10144833133620683,-1.3825486040202986,0.10143699603540929,-1.3812083954807808,0.017583183067157993,0.30827156828528873
2000,23,386,503.8019257486624,4333.534354749648,560.6999742572023,4437.5564168372,54.0,0.10144833133620683,-0.7181444998895202,0.10143699603540929,-0.7190579592796584,0.017583183067157993,0.24140977393292654
2001,67,386,614.1933123417826,4407.07660776138,560.6999742572023,4437.5564168372,54.0,0.10144833133620683,-0.717671822651548,0.10143699603540929,-0.7188898013304399,0.017583183067157993,0.1439895358681794
2002,68,386,607.5300941255965,4399.875364871049,560.6999742572023,4437.5564168372,54.0,0.10144833133620683,-0.653542296315517,0.10143699603540929,-0.654251115366782,0.017583183067157993,0.1374850148529878
2003,16,386,519.0070440168354,4262.203633597157,560.6999742572023,4437.5564168372,54.0,0.10144833133620683,-1.125197042232935,0.10143699603540929,-1.1227853687124165,0.017583183067157993,0.3642022840663138
2004,34,386,645.8872104090177,4370.307858894735,560.6999742572023,4437.5564168372,54.0,0.10144833133620683,-1.222570421902574,0.10143699603540929,-1.2220826616648388,0.017583183067157993,0.2549970544122611
2005,30,386,625.9985091941669,4344.425799606012,560.6999742572023,4437.5564168372,54.0,0.10144833133620683,-1.0860647236209406,0.10143699603540929,-1.0845540371057585,0.017583183067157993,0.23969358951605663
2006,67,387,614.1933123417826,4407.07660776138,495.98772785766295,4443.197207172899,54.0,0.10144833133620683,-1.1812798179775756,0.10143699603540929,-1.1816316468973667,0.017583183067157993,0.2704615206091157
2007,30,387,625.9985091941669,4344.425799606012,495.98772785766295,4443.197207172899,54.0,0.10144833133620683,-1.4193872340441656,0.10143699603540929,-1.4157706999817794,0.017583183067157993,0.34339753079111895
2008,23,387,492.6610906216525,4339.6404706179,495.98772785766295,4443.197207172899,54.0,0.10144833133620683,-1.509916375273385,0.10143699603540929,-1.5136262752422394,0.017583183067157993,0.23342722838809313
2009,34,387,645.8872104090177,4370.307858894735,495.98772785766295,4443.197207172899,54.0,0.10144833133620683,-1.5925957264906383,0.10143699603540929,-1.5903805191200857,0.017583183067157993,0.3731879607536302
2010,68,387,607.5300941255965,4399.875364871049,495.98772785766295,4443.197207172899,54.0,0.10144833133620683,-1.1032752877806906,0.10143699603540929,-1.1034589113798443,0.017583183067157993,0.26130288644573674
2011,16,387,513.1636048475955,4263.301540421994,495.98772785766295,4443.197207172899,54.0,0.10144833133620683,-1.948257517146286,0.10143699603540929,-1.944221956554104,0.017583183067157993,0.3840107428568462
2012,32,387,334.71484028241383,4482.861045979598,495.98772785766295,4443.197207172899,54.0,0.10144833133620683,-1.5527490063079155,0.10143699603540929,-1.54656970969106,0.017583183067157993,0.493417838235697
2013,49,388,663.3163926639071,4436.617662823868,516.32703292139,4436.776156702188,54.0,0.10144833133620683,-1.6850055078821953,0.10143699603540929,-1.681085906869586,0.017583183067157993,0.3636305982774783
2014,57,388,688.226455777822,4457.521568699916,516.32703292139,4436.776156702188,54.0,0.10144833133620683,-1.9712988326097207,0.10143699603540929,-1.9662022393586231,0.017583183067157993,0.4415667326279214
2015,69,388,685.3230867940251,4391.141433827922,516.32703292139,4436.776156702188,54.0,0.10144833133620683,-2.146194659138494,0.10143699603540929,-2.1465384237318146,0.017583183067157993,0.43928957963229415
2016,30,388,625.9985091941669,4344.425799606012,516.32703292139,4436.776156702188,54.0,0.10144833133620683,-1.182267855571018,0.10143699603540929,-1.1789338865319394,0.017583183067157993,0.2963263784485218
2017,34,388,645.8872104090177,4370.307858894735,516.32703292139,4436.776156702188,54.0,0.10144833133620683,-1.3767114032108714,0.10143699603540929,-1.374802780709279,0.017583183067157993,0.32565347624180124
2018,33,388,633.1852302568241,4317.679688677003,516.32703292139,4436.776156702188,54.0,0.10144833133620683,-1.4865166144988247,0.10143699603540929,-1.4825452375538992,0.017583183067157993,0.3582796948770656
2019,59,388,687.7533482500393,4462.8415205037,516.32703292139,4436.776156702188,54.0,0.10144833133620683,-1.9701829977614125,0.10143699603540929,-1.96720418547943,0.017583183067157993,0.4433014960097739
2020,68,388,607.5300941255965,4399.875364871049,516.32703292139,4436.776156702188,54.0,0.10144833133620683,-0.8811428533918345,0.10143699603540929,-0.8815835645072897,0.017583183067157993,0.21329591969740733
2021,32,388,334.71484028241383,4482.861045979598,516.32703292139,4436.776156702188,54.0,0.10144833133620683,-1.8021621510512285,0.10143699603540929,-1.7961765999372514,0.017583183067157993,0.5428838326529433
2022,56,388,677.3923123197425,4458.591690875839,516.32703292139,4436.776156702188,54.0,0.10144833133620683,-1.8264068066045265,0.10143699603540929,-1.8230168387868824,0.017583183067157993,0.4069316801306597
2023,67,388,614.1933123417826,4407.07660776138,516.32703292139,4436.776156702188,54.0,0.10144833133620683,-0.9557133014628717,0.10143699603540929,-0.9564061925326359,0.017583183067157993,0.22218631714594206
2024,23,388,492.6610906216525,4339.6404706179,516.32703292139,4436.776156702188,54.0,0.10144833133620683,-1.0756122430113941,0.10143699603540929,-1.0779421638646443,0.017583183067157993,0.21157472727042217
2025,16,388,513.1636048475955,4263.301540421994,516.32703292139,4436.776156702188,54.0,0.10144833133620683,-1.5976459167477626,0.10143699603540929,-1.5963223371913984,0.017583183067157993,0.35442906568534077
2026,49,389,663.3163926639071,4436.617662823868,536.1540880146566,4444.858609584984,54.0,0.10144833133620683,-1.54259657176961,0.10143699603540929,-1.5391402441652882,0.017583183067157993,0.3229164987188227
2027,59,389,687.7533482500393,4462.8415205037,536.1540880146566,4444.858609584984,54.0,0.10144833133620683,-1.7900158915438809,0.10143699603540929,-1.7875694900364243,0.017583183067157993,0.4077957910525579
2028,57,389,688.226455777822,4457.521568699916,536.1540880146566,4444.858609584984,54.0,0.10144833133620683,-1.8066577029659014,0.10143699603540929,-1.8044560639806577,0.017583183067157993,0.3997857184019783
2029,34,389,645.8872104090177,4370.307858894735,536.1540880146566,4444.858609584984,54.0,0.10144833133620683,-1.3070646250517286,0.10143699603540929,-1.3056773819593777,0.017583183067157993,0.30337865260660685
2030,67,389,614.1933123417826,4407.07660776138,536.1540880146566,4444.858609584984,54.0,0.10144833133620683,-0.8171569571934307,0.10143699603540929,-0.8178018417626904,0.017583183067157993,0.19201588625741633
2031,32,389,334.71484028241383,4482.861045979598,536.1540880146566,4444.858609584984,54.0,0.10144833133620683,-1.7962764851869075,0.10143699603540929,-1.7887377801869158,0.017583183067157993,0.5854123146064825
2032,16,389,513.1636048475955,4263.301540421994,536.1540880146566,4444.858609584984,54.0,0.10144833133620683,-1.2109007124417557,0.10143699603540929,-1.210211237922877,0.017583183067157993,0.3655483570992424
2033,68,389,607.5300941255965,4399.875364871049,536.1540880146566,4444.858609584984,54.0,0.10144833133620683,-0.7613938828634421,0.10143699603540929,-0.7617079936139728,0.017583183067157993,0.1852712596760366
2034,56,389,677.3923123197425,4458.591690875839,536.1540880146566,4444.858609584984,54.0,0.10144833133620683,-1.6550903993473023,0.10143699603540929,-1.653445519348479,0.017583183067157993,0.3680039711655795
2035,33,389,633.1852302568241,4317.679688677003,536.1540880146566,4444.858609584984,54.0,0.10144833133620683,-1.4864397712482125,0.10143699603540929,-1.484121504965896,0.017583183067157993,0.3463555588802202
2036,23,389,492.6610906216525,4339.6404706179,536.1540880146566,4444.858609584984,54.0,0.10144833133620683,-1.0376063578915378,0.10143699603540929,-1.0363014539286959,0.017583183067157993,0.23472444260994946
2037,67,390,614.1933123417826,4407.07660776138,546.9208165404689,4421.220011345582,54.0,0.10144833133620683,-0.7346177778212684,0.10143699603540929,-0.7364567867692672,0.017583183067157993,0.15330772847771207
2038,33,390,633.1852302568241,4317.679688677003,546.9208165404689,4421.220011345582,54.0,0.10144833133620683,-1.3212857012238426,0.10143699603540929,-1.3190479481583024,0.017583183067157993,0.29336522976871604
2039,16,390,519.0070440168354,4262.203633597157,546.9208165404689,4421.220011345582,54.0,0.10144833133620683,-0.9637053883198791,0.10143699603540929,-0.9612487605830924,0.017583183067157993,0.32231785235567373
2040,34,390,645.8872104090177,4370.307858894735,546.9208165404689,4421.220011345582,54.0,0.10144833133620683,-1.1532465691151526,0.10143699603540929,-1.1520307920152708,0.017583183067157993,0.25378474482132857
2041,68,390,607.5300941255965,4399.875364871049,546.9208165404689,4421.220011345582,54.0,0.10144833133620683,-0.6585805419541787,0.10143699603540929,-0.6599170681961,0.017583183067157993,0.1442218295719823
2042,30,390,625.9985091941669,4344.425799606012,546.9208165404689,4421.220011345582,54.0,0.10144833133620683,-1.0051405544262135,0.10143699603540929,-1.003132024279444,0.017583183067157993,0.22806614114822757
2043,23,390,499.9136158376406,4335.64194216077,546.9208165404689,4421.220011345582,54.0,0.10144833133620683,-0.6314125855016768,0.10143699603540929,-0.6310707877313101,0.017583183067157993,0.19582299769699188
2044,26,391,492.46916862384336,4319.554466150916,577.856407148501,4399.683609216996,54.0,0.10144833133620683,-0.733826808847717,0.10143699603540929,-0.7335255753852122,0.017583183067157993,0.22520479768166715
2045,59,391,687.7533482500393,4462.8415205037,577.856407148501,4399.683609216996,54.0,0.10144833133620683,-1.845457772169571,0.10143699603540929,-1.8476593221130453,0.017583183067157993,0.320973540156404
2046,67,391,614.1933123417826,4407.07660776138,577.856407148501,4399.683609216996,54.0,0.10144833133620683,-0.5459117936635829,0.10143699603540929,-0.54706363987684,0.017583183067157993,0.09070999139049775
2047,57,391,688.226455777822,4457.521568699916,577.856407148501,4399.683609216996,54.0,0.10144833133620683,-1.8383037673206157,0.10143699603540929,-1.8404371773031865,0.017583183067157993,0.31830309437171933
2048,23,391,504.75274351062166,4332.980003603095,577.856407148501,4399.683609216996,54.0,0.10144833133620683,-0.5510697199259481,0.10143699603540929,-0.549731707596277,0.017583183067157993,0.189639704795173
2049,34,391,645.8872104090177,4370.307858894735,577.856407148501,4399.683609216996,54.0,0.10144833133620683,-0.8744899215570723,0.10143699603540929,-0.871974402039106,0.017583183067157993,0.1723655167034785
2050,30,391,625.9985091941669,4344.425799606012,577.856407148501,4399.683609216996,54.0,0.10144833133620683,-0.774734481207307,0.10143699603540929,-0.772430927269569,0.017583183067157993,0.15169184946992942
2051,68,391,607.5300941255965,4399.875364871049,577.856407148501,4399.683609216996,54.0,0.10144833133620683,-0.39163816486135006,0.10143699603540929,-0.3904235546852275,0.017583183067157993,0.07452422535921362
2052,49,391,663.3163926639071,4436.617662823868,577.856407148501,4399.683609216996,54.0,0.10144833133620683,-1.402619487082679,0.10143699603540929,-1.4058962046125913,0.017583183067157993,0.23158872820841225
2053,56,391,677.3923123197425,4458.591690875839,577.856407148501,4399.683609216996,54.0,0.10144833133620683,-1.6878295166210124,0.10143699603540929,-1.6907297752685184,0.017583183067157993,0.28256481081088053
2054,24,391,476.8845411410292,4318.364085281663,577.856407148501,4399.683609216996,54.0,0.10144833133620683,-0.9710705333337859,0.10143699603540929,-0.9695413132074314,0.017583183067157993,0.24858444486231251
2055,56,392,677.3923123197425,4458.591690875839,507.9742950230683,4385.009332545608,54.0,0.10144833133620683,-2.0380451091981158,0.10143699603540929,-2.036154426174436,0.017583183067157993,0.4341930684506191
2056,68,392,607.5300941255965,4399.875364871049,507.9742950230683,4385.009332545608,54.0,0.10144833133620683,-0.7574433790554645,0.10143699603540929,-0.7539463539898549,0.017583183067157993,0.20933616187904103
2057,30,392,625.9985091941669,4344.425799606012,507.9742950230683,4385.009332545608,54.0,0.10144833133620683,-1.149859697425138,0.10143699603540929,-1.1454196238384005,0.017583183067157993,0.25989899218161655
2058,23,392,492.6610906216525,4339.6404706179,507.9742950230683,4385.009332545608,54.0,0.10144833133620683,-0.4938522092497157,0.10143699603540929,-0.49394307264947557,0.017583183067157993,0.09408869978776206
2059,32,392,334.71484028241383,4482.861045979598,507.9742950230683,4385.009332545608,54.0,0.10144833133620683,-2.065205573479819,0.10143699603540929,-2.0678749491454704,0.017583183067157993,0.5582018140865256
2060,69,392,685.3230867940251,4391.141433827922,507.9742950230683,4385.009332545608,54.0,0.10144833133620683,-1.887681798234758,0.10143699603540929,-1.8805532789451584,0.017583183067157993,0.43618119433756686
2061,29,392,679.1344462972443,4226.875249913833,507.9742950230683,4385.009332545608,54.0,0.10144833133620683,-2.240061715198313,0.10143699603540929,-2.23383225265168,0.017583183067157993,0.6137966065993448
2062,33,392,633.1852302568241,4317.679688677003,507.9742950230683,4385.009332545608,54.0,0.10144833133620683,-1.3074257444358677,0.10143699603540929,-1.3051086097741929,0.017583183067157993,0.3112097651987224
2063,57,392,688.226455777822,4457.521568699916,507.9742950230683,4385.009332545608,54.0,0.10144833133620683,-2.2147353453080343,0.10143699603540929,-2.2128859543715103,0.017583183067157993,0.46983674272054565
2064,24,392,476.8845411410292,4318.364085281663,507.9742950230683,4385.009332545608,54.0,0.10144833133620683,-0.8424160351396845,0.10143699603540929,-0.844090255443443,0.017583183067157993,0.1444479288439276
2065,34,392,645.8872104090177,4370.307858894735,507.9742950230683,4385.009332545608,54.0,0.10144833133620683,-1.213256166845045,0.10143699603540929,-1.2076126091413146,0.017583183067157993,0.29003821800801444
2066,49,392,663.3163926639071,4436.617662823868,507.9742950230683,4385.009332545608,54.0,0.10144833133620683,-1.8250443824507445,0.10143699603540929,-1.8276474633889817,0.017583183067157993,0.37369130849630744
2067,16,392,513.1636048475955,4263.301540421994,507.9742950230683,4385.009332545608,54.0,0.10144833133620683,-1.0380597086947314,0.10143699603540929,-1.0361747213071126,0.017583183067157993,0.23945205869314518
2068,67,392,614.1933123417826,4407.07660776138,507.9742950230683,4385.009332545608,54.0,0.10144833133620683,-0.9221940183805076,0.10143699603540929,-0.920686573578615,0.017583183067157993,0.22914436219084114
2069,26,392,492.46916862384336,4319.554466150916,507.9742950230683,4385.009332545608,54.0,0.10144833133620683,-0.735735724535056,0.10143699603540929,-0.7339408920351662,0.017583183067157993,0.1296810676626995
2070,30,393,625.9985091941669,4344.425799606012,495.4096026336581,4388.202891193944,54.0,0.10144833133620683,-1.2740359604858025,0.10143699603540929,-1.2690705177956145,0.017583183067157993,0.285052943483815
2071,23,393,492.6610906216525,4339.6404706179,495.4096026336581,4388.202891193944,54.0,0.10144833133620683,-0.5766146192106227,0.10143699603540929,-0.5807999132098132,0.017583183067157993,0.09733202055571095
2072,29,393,679.1344462972443,4226.875249913833,495.4096026336581,4388.202891193944,54.0,0.10144833133620683,-2.4016109815736555,0.10143699603540929,-2.395027437725467,0.017583183067157993,0.6344041840068956
2073,68,393,607.5300941255965,4399.875364871049,495.4096026336581,4388.202891193944,54.0,0.10144833133620683,-0.8755166673239415,0.10143699603540929,-0.8716629032279899,0.017583183067157993,0.2334171449428467
2074,24,393,476.8845411410292,4318.364085281663,495.4096026336581,4388.202891193944,54.0,0.10144833133620683,-0.8883131079091311,0.10143699603540929,-0.8928261788608625,0.017583183067157993,0.14276110871089429
2075,32,393,334.71484028241383,4482.861045979598,495.4096026336581,4388.202891193944,54.0,0.10144833133620683,-1.9018348934330842,0.10143699603540929,-1.9054387697492532,0.017583183067157993,0.5313141506419529
2076,69,393,685.3230867940251,4391.141433827922,495.4096026336581,4388.202891193944,54.0,0.10144833133620683,-2.009430094745714,0.10143699603540929,-2.0019223554269834,0.017583183067157993,0.46153785822290644
2077,33,393,633.1852302568241,4317.679688677003,495.4096026336581,4388.202891193944,54.0,0.10144833133620683,-1.4368799417303386,0.10143699603540929,-1.4343865615801554,0.017583183067157993,0.3355170546361558
2078,57,393,688.226455777822,4457.521568699916,495.4096026336581,4388.202891193944,54.0,0.10144833133620683,-2.2949832839970323,0.10143699603540929,-2.290696149271707,0.017583183067157993,0.49344651782319926
2079,67,393,614.1933123417826,4407.07660776138,495.4096026336581,4388.202891193944,54.0,0.10144833133620683,-1.0515428720127682,0.10143699603540929,-1.0503768894154808,0.017583183067157993,0.2545148992063417
2080,34,393,645.8872104090177,4370.307858894735,495.4096026336581,4388.202891193944,54.0,0.10144833133620683,-1.3452994779558252,0.10143699603540929,-1.339297678827047,0.017583183067157993,0.31805783366373647
2081,16,393,513.1636048475955,4263.301540421994,495.4096026336581,4388.202891193944,54.0,0.10144833133620683,-1.1675351271689978,0.10143699603540929,-1.170833789452105,0.017583183067157993,0.25059472436515845
2082,56,393,677.3923123197425,4458.591690875839,495.4096026336581,4388.202891193944,54.0,0.10144833133620683,-2.1435960941814374,0.10143699603540929,-2.1409487853759486,0.017583183067157993,0.45695391517726647
2083,67,394,614.1933123417826,4407.07660776138,551.2834782412536,4388.438780991228,54.0,0.10144833133620683,-0.6702848719379166,0.10143699603540929,-0.6690805686031687,0.017583183067157993,0.14022610879091407
2084,24,394,476.8845411410292,4318.364085281663,551.2834782412536,4388.438780991228,54.0,0.10144833133620683,-0.8529060554424525,0.10143699603540929,-0.8531752181367291,0.017583183067157993,0.19770074177549665
2085,30,394,625.9985091941669,4344.425799606012,551.2834782412536,4388.438780991228,54.0,0.10144833133620683,-0.8661860341048031,0.10143699603540929,-0.8627235030332586,0.017583183067157993,0.18336231184175464
2086,33,394,633.1852302568241,4317.679688677003,551.2834782412536,4388.438780991228,54.0,0.10144833133620683,-1.150356906510835,0.10143699603540929,-1.147543263270986,0.017583183067157993,0.2391813386362594
2087,16,394,519.0070440168354,4262.203633597157,551.2834782412536,4388.438780991228,54.0,0.10144833133620683,-0.825752798061543,0.10143699603540929,-0.8225371193278523,0.017583183067157993,0.257243427934796
2088,34,394,645.8872104090177,4370.307858894735,551.2834782412536,4388.438780991228,54.0,0.10144833133620683,-0.9908976232695053,0.10143699603540929,-0.9860933947777637,0.017583183067157993,0.20997210901595786
2089,68,394,607.5300941255965,4399.875364871049,551.2834782412536,4388.438780991228,54.0,0.10144833133620683,-0.512193215732782,0.10143699603540929,-0.509320349546456,0.017583183067157993,0.12238408532799967
2090,23,394,504.75274351062166,4332.980003603095,551.2834782412536,4388.438780991228,54.0,0.10144833133620683,-0.41167675025660944,0.10143699603540929,-0.41259520055740884,0.017583183067157993,0.14052076856573767
2091,24,395,476.8845411410292,4318.364085281663,558.281918566655,4368.377251679958,54.0,0.10144833133620683,-0.7645335017847504,0.10143699603540929,-0.7659580373237094,0.017583183067157993,0.18376580065510043
2092,16,395,519.0070440168354,4262.203633597157,558.281918566655,4368.377251679958,54.0,0.10144833133620683,-0.852028537879276,0.10143699603540929,-0.8486745348958884,0.017583183067157993,0.22941017469528652
2093,67,395,614.1933123417826,4407.07660776138,558.281918566655,4368.377251679958,54.0,0.10144833133620683,-0.7343169581005646,0.10143699603540929,-0.732823506990653,0.017583183067157993,0.14494400246492922
2094,26,395,492.46916862384336,4319.554466150916,558.281918566655,4368.377251679958,54.0,0.10144833133620683,-0.5715775769201166,0.10143699603540929,-0.5729475363650984,0.017583183067157993,0.15938556705732093
2095,68,395,607.5300941255965,4399.875364871049,558.281918566655,4368.377251679958,54.0,0.10144833133620683,-0.5883910351372093,0.10143699603540929,-0.5858946782520906,0.017583183067157993,0.1258391921046589
2096,23,395,504.75274351062166,4332.980003603095,558.281918566655,4368.377251679958,54.0,0.10144833133620683,-0.38806118763471453,0.10143699603540929,-0.3886490486810479,0.017583183067157993,0.12395601097041034
2097,30,395,625.9985091941669,4344.425799606012,558.281918566655,4368.377251679958,54.0,0.10144833133620683,-0.8396164838126106,0.10143699603540929,-0.8368897476937216,0.017583183067157993,0.15675929883339007
2098,56,396,677.3923123197425,4458.591690875839,500.0086033322366,4367.370280777083,54.0,0.10144833133620683,-2.192433753440125,0.10143699603540929,-2.1917511223170423,0.017583183067157993,0.45608319402882935
2099,16,396,513.1636048475955,4263.301540421994,500.0086033322366,4367.370280777083,54.0,0.10144833133620683,-0.8934444047671939,0.10143699603540929,-0.8927189774108617,0.017583183067157993,0.20582274370201412
2100,67,396,614.1933123417826,4407.07660776138,500.0086033322366,4367.370280777083,54.0,0.10144833133620683,-1.0234343098952394,0.10143699603540929,-1.021271049895925,0.017583183067157993,0.24806693756148981
2101,24,396,476.8845411410292,4318.364085281663,500.0086033322366,4367.370280777083,54.0,0.10144833133620683,-0.6780740348115046,0.10143699603540929,-0.6809345420866952,0.017583183067157993,0.10613840393531353
2102,23,396,492.6610906216525,4339.6404706179,500.0086033322366,4367.370280777083,54.0,0.10144833133620683,-0.3405959278956561,0.10143699603540929,-0.3430786240370884,0.017583183067157993,0.05692728073678996
2103,68,396,607.5300941255965,4399.875364871049,500.0086033322366,4367.370280777083,54.0,0.10144833133620683,-0.864766870927878,0.10143699603540929,-0.8612324469628706,0.017583183067157993,0.22831258505775387
2104,68,397,607.5300941255965,4399.875364871049,504.0759183332692,4354.886242555075,54.0,0.10144833133620683,-0.8426825324367009,0.10143699603540929,-0.8379060233753167,0.017583183067157993,0.22159589097254948
2105,69,397,685.3230867940251,4391.141433827922,504.0759183332692,4354.886242555075,54.0,0.10144833133620683,-2.0897411656155644,0.10143699603540929,-2.0824604108073963,0.017583183067157993,0.448011531570893
2106,34,397,645.8872104090177,4370.307858894735,504.0759183332692,4354.886242555075,54.0,0.10144833133620683,-1.3814066290650984,0.10143699603540929,-1.3757671174205603,0.017583183067157993,0.2946755405352114
2107,26,397,492.46916862384336,4319.554466150916,504.0759183332692,4354.886242555075,54.0,0.10144833133620683,-0.42730067014419143,0.10143699603540929,-0.42772611213761075,0.017583183067157993,0.07205219857758563
2108,16,397,513.1636048475955,4263.301540421994,504.0759183332692,4354.886242555075,54.0,0.10144833133620683,-0.7793482491719612,0.10143699603540929,-0.7792559629171237,0.017583183067157993,0.1814395891502201
2109,35,397,583.2192292927565,4207.570440686977,504.0759183332692,4354.886242555075,54.0,0.10144833133620683,-1.4508889005472951,0.10143699603540929,-1.4483384406028548,0.017583183067157993,0.363177270675713
2110,29,397,679.1344462972443,4226.875249913833,504.0759183332692,4354.886242555075,54.0,0.10144833133620683,-2.2102723075837467,0.10143699603540929,-2.2070881370601962,0.017583183067157993,0.573600586550535
2111,24,397,476.8845411410292,4318.364085281663,504.0759183332692,4354.886242555075,54.0,0.10144833133620683,-0.5783911381634254,0.10143699603540929,-0.5782523412304852,0.017583183067157993,0.08696745438746283
2112,57,397,688.226455777822,4457.521568699916,504.0759183332692,4354.886242555075,54.0,0.10144833133620683,-2.3742656680710637,0.10143699603540929,-2.3728897922208088,0.017583183067157993,0.4866307925894575
2113,44,397,472.0029937650396,4104.126300266757,504.0759183332692,4354.886242555075,54.0,0.10144833133620683,-2.144991416585608,0.10143699603540929,-2.1452769024040266,0.017583183067157993,0.49647326042492096
2114,67,397,614.1933123417826,4407.07660776138,504.0759183332692,4354.886242555075,54.0,0.10144833133620683,-1.0069334384908328,0.10143699603540929,-1.0035934308020484,0.017583183067157993,0.24188067526916748
2115,23,397,494.90513919633446,4338.417963407157,504.0759183332692,4354.886242555075,54.0,0.10144833133620683,-0.2107958746182993,0.10143699603540929,-0.21064215722815083,0.017583183067157993,0.035753398794493456
2116,32,397,334.71484028241383,4482.861045979598,504.0759183332692,4354.886242555075,54.0,0.10144833133620683,-2.0662217958614573,0.10143699603540929,-2.0692218983275494,0.017583183067157993,0.5892491837267104
2117,56,397,677.3923123197425,4458.591690875839,504.0759183332692,4354.886242555075,54.0,0.10144833133620683,-2.2210111507293715,0.10143699603540929,-2.220806219434865,0.017583183067157993,0.44998675195792537
2118,33,397,633.1852302568241,4317.679688677003,504.0759183332692,4354.886242555075,54.0,0.10144833133620683,-1.3482768400096823,0.10143699603540929,-1.3482245310903713,0.017583183067157993,0.29987120831444325
2119,30,397,625.9985091941669,4344.425799606012,504.0759183332692,4354.886242555075,54.0,0.10144833133620683,-1.1497378472340465,0.10143699603540929,-1.147019454521679,0.017583183067157993,0.25378632940010576
2120,23,398,504.75274351062166,4332.980003603095,580.3012850433586,4369.728357564728,54.0,0.10144833133620683,-0.6216372305597719,0.10143699603540929,-0.6210856953809625,0.017583183067157993,0.16770189336178867
2121,49,398,663.3163926639071,4436.617662823868,580.3012850433586,4369.728357564728,54.0,0.10144833133620683,-1.4805137981861476,0.10143699603540929,-1.4820441748844662,0.017583183067157993,0.2676976921055444
2122,69,398,685.3230867940251,4391.141433827922,580.3012850433586,4369.728357564728,54.0,0.10144833133620683,-1.5183458836154815,0.10143699603540929,-1.5139439471507954,0.017583183067157993,0.29691888259000687
2123,68,398,607.5300941255965,4399.875364871049,580.3012850433586,4369.728357564728,54.0,0.10144833133620683,-0.5090788206459749,0.10143699603540929,-0.5077500687516919,0.017583183067157993,0.09508343407678325
2124,16,398,519.0070440168354,4262.203633597157,580.3012850433586,4369.728357564728,54.0,0.10144833133620683,-1.090668264715233,0.10143699603540929,-1.0877499198736562,0.017583183067157993,0.25565741809404874
2125,26,398,492.46916862384336,4319.554466150916,580.3012850433586,4369.728357564728,54.0,0.10144833133620683,-0.8141688944701675,0.10143699603540929,-0.8139748666377544,0.017583183067157993,0.20223326465625915
2126,67,398,614.1933123417826,4407.07660776138,580.3012850433586,4369.728357564728,54.0,0.10144833133620683,-0.6397950081450456,0.10143699603540929,-0.6393289046214006,0.017583183067157993,0.11432281851841682
2127,24,398,476.8845411410292,4318.364085281663,580.3012850433586,4369.728357564728,54.0,0.10144833133620683,-0.9951210120078007,0.10143699603540929,-0.9954686117765041,0.017583183067157993,0.2282862760119536
2128,29,398,679.1344462972443,4226.875249913833,580.3012850433586,4369.728357564728,54.0,0.10144833133620683,-2.0235314742009662,0.10143699603540929,-2.0235341045873754,0.017583183067157993,0.48875012602584483
2129,56,398,677.3923123197425,4458.591690875839,580.3012850433586,4369.728357564728,54.0,0.10144833133620683,-1.8491494675888949,0.10143699603540929,-1.851464140781877,0.017583183067157993,0.3265571509335632
2130,30,398,625.9985091941669,4344.425799606012,580.3012850433586,4369.728357564728,54.0,0.10144833133620683,-0.6599987329997352,0.10143699603540929,-0.6584057628391725,0.017583183067157993,0.11869763736228571
2131,44,399,472.0029937650396,4104.126300266757,525.9842509759866,4353.885320843046,54.0,0.10144833133620683,-2.308830469386986,0.10143699603540929,-2.3099936946304296,0.017583183067157993,0.513067478732692
2132,67,399,614.1933123417826,4407.07660776138,525.9842509759866,4353.885320843046,54.0,0.10144833133620683,-0.8656828405364775,0.10143699603540929,-0.8632007089807202,0.017583183067157993,0.207543322505668
2133,37,399,628.569594659982,4182.409690156388,525.9842509759866,4353.885320843046,54.0,0.10144833133620683,-2.0644345786753253,0.10143699603540929,-2.0638285942304813,0.017583183067157993,0.4913412057724186
2134,26,399,492.46916862384336,4319.554466150916,525.9842509759866,4353.885320843046,54.0,0.10144833133620683,-0.40390437606943796,0.10143699603540929,-0.4062975652546254,0.017583183067157993,0.09402167229191237
2135,16,399,513.1636048475955,4263.301540421994,525.9842509759866,4353.885320843046,54.0,0.10144833133620683,-0.753378875196154,0.10143699603540929,-0.7531175297877801,0.017583183067157993,0.18016061314773107
2136,35,399,583.2192292927565,4207.570440686977,525.9842509759866,4353.885320843046,54.0,0.10144833133620683,-1.459895655228735,0.10143699603540929,-1.4563613314546464,0.017583183067157993,0.3504924965408986
2137,23,399,504.75274351062166,4332.980003603095,525.9842509759866,4353.885320843046,54.0,0.10144833133620683,-0.21228957756084732,0.10143699603540929,-0.2138188479393701,0.017583183067157993,0.05801643932078672
2138,34,399,645.8872104090177,4370.307858894735,525.9842509759866,4353.885320843046,54.0,0.10144833133620683,-1.1953138206558864,0.10143699603540929,-1.1907374561159132,0.017583183067157993,0.2539950435328993
2139,30,399,625.9985091941669,4344.425799606012,525.9842509759866,4353.885320843046,54.0,0.10144833133620683,-0.9575651679810367,0.10143699603540929,-0.9556255108278444,0.017583183067157993,0.21379696958487274
2140,29,399,679.1344462972443,4226.875249913833,525.9842509759866,4353.885320843046,54.0,0.10144833133620683,-2.038505733659512,0.10143699603540929,-2.033758083068131,0.017583183067157993,0.5436908561972805
2141,24,399,476.8845411410292,4318.364085281663,525.9842509759866,4353.885320843046,54.0,0.10144833133620683,-0.605978086335621,0.10143699603540929,-0.6078807622635337,0.017583183067157993,0.11712500849830253
2142,33,399,633.1852302568241,4317.679688677003,525.9842509759866,4353.885320843046,54.0,0.10144833133620683,-1.1394393393733064,0.10143699603540929,-1.1400186485062584,0.017583183067157993,0.25669572786489064
2143,56,399,677.3923123197425,4458.591690875839,525.9842509759866,4353.885320843046,54.0,0.10144833133620683,-2.0939199190988287,0.10143699603540929,-2.0947361172833556,0.017583183067157993,0.41287346375995876
2144,68,399,607.5300941255965,4399.875364871049,525.9842509759866,4353.885320843046,54.0,0.10144833133620683,-0.7193991270580576,0.10143699603540929,-0.7159005074036912,0.017583183067157993,0.1881559842790575
2145,23,400,504.75274351062166,4332.980003603095,571.0156044926573,4347.517470595766,54.0,0.10144833133620683,-0.522227783329777,0.10143699603540929,-0.5229530558527856,0.017583183067157993,0.13531456755626314
2146,35,400,583.2192292927565,4207.570440686977,571.0156044926573,4347.517470595766,54.0,0.10144833133620683,-1.6158814475843033,0.10143699603540929,-1.6128138454725902,0.017583183067157993,0.3537549798319524
2147,33,400,633.1852302568241,4317.679688677003,571.0156044926573,4347.517470595766,54.0,0.10144833133620683,-0.8409658980461479,0.10143699603540929,-0.8419921538729618,0.017583183067157993,0.1702197986593985
2148,37,400,628.569594659982,4182.409690156388,571.0156044926573,4347.517470595766,54.0,0.10144833133620683,-1.9922985695614455,0.10143699603540929,-1.9927821995509378,0.017583183067157993,0.4744349572853428
2149,16,400,519.0070440168354,4262.203633597157,571.0156044926573,4347.517470595766,54.0,0.10144833133620683,-0.8523386733863645,0.10143699603540929,-0.8500303827915964,0.017583183067157993,0.20703528153920422
2150,67,400,614.1933123417826,4407.07660776138,571.0156044926573,4347.517470595766,54.0,0.10144833133620683,-0.9069630637108013,0.10143699603540929,-0.9060678950335798,0.017583183067157993,0.16229772633168513
2151,68,400,607.5300941255965,4399.875364871049,571.0156044926573,4347.517470595766,54.0,0.10144833133620683,-0.772799350203742,0.10143699603540929,-0.7711227794309773,0.017583183067157993,0.14104882543325423
2152,56,400,677.3923123197425,4458.591690875839,571.0156044926573,4347.517470595766,54.0,0.10144833133620683,-2.112294955374803,0.10143699603540929,-2.1138943779901282,0.017583183067157993,0.3824519822235063
2153,29,400,679.1344462972443,4226.875249913833,571.0156044926573,4347.517470595766,54.0,0.10144833133620683,-1.8332702462328592,0.10143699603540929,-1.832774770085239,0.017583183067157993,0.47396494706970393
2154,30,400,625.9985091941669,4344.425799606012,571.0156044926573,4347.517470595766,54.0,0.10144833133620683,-0.7144096504100004,0.10143699603540929,-0.7137542942647064,0.017583183067157993,0.13088067985282448
2155,26,400,492.46916862384336,4319.554466150916,571.0156044926573,4347.517470595766,54.0,0.10144833133620683,-0.6963955908746279,0.10143699603540929,-0.6968064189614439,0.017583183067157993,0.16510904945027668
2156,24,400,476.8845411410292,4318.364085281663,571.0156044926573,4347.517470595766,54.0,0.10144833133620683,-0.8690125118840737,0.10143699603540929,-0.8710165227626763,0.017583183067157993,0.19474786859864818
2157,34,400,645.8872104090177,4370.307858894735,571.0156044926573,4347.517470595766,54.0,0.10144833133620683,-0.9589853092284997,0.10143699603540929,-0.9562594975315952,0.017583183067157993,0.17276542046003512
2158,44,400,472.0029937650396,4104.126300266757,571.0156044926573,4347.517470595766,54.0,0.10144833133620683,-2.386914735190814,0.10143699603540929,-2.386877427886264,0.017583183067157993,0.5618027493723304
2159,56,401,677.3923123197425,4458.591690875839,501.0189302378661,4338.738198947732,54.0,0.10144833133620683,-2.3002326094092136,0.10143699603540929,-2.3020421089576213,0.017583183067157993,0.4685911547700106
2160,24,401,476.8845411410292,4318.364085281663,501.0189302378661,4338.738198947732,54.0,0.10144833133620683,-0.41484173918852,0.10143699603540929,-0.4152207004217746,0.017583183067157993,0.0612352855087054
2161,16,401,513.1636048475955,4263.301540421994,501.0189302378661,4338.738198947732,54.0,0.10144833133620683,-0.6616676562149828,0.10143699603540929,-0.6609921165857676,0.017583183067157993,0.1511150119507739
2162,26,401,492.46916862384336,4319.554466150916,501.0189302378661,4338.738198947732,54.0,0.10144833133620683,-0.2742058137863954,0.10143699603540929,-0.27455777906883394,0.017583183067157993,0.042053523789259806
2163,35,401,583.2192292927565,4207.570440686977,501.0189302378661,4338.738198947732,54.0,0.10144833133620683,-1.3840531507096696,0.10143699603540929,-1.3799629770770538,0.017583183067157993,0.34032614294963437
2164,67,401,614.1933123417826,4407.07660776138,501.0189302378661,4338.738198947732,54.0,0.10144833133620683,-1.0746063916774689,0.10143699603540929,-1.0734067309376127,0.017583183067157993,0.26339571036563975
2165,29,401,679.1344462972443,4226.875249913833,501.0189302378661,4338.738198947732,54.0,0.10144833133620683,-2.1808912548352164,0.10143699603540929,-2.180512259661522,0.017583183067157993,0.5543365627680154
2166,44,401,472.0029937650396,4104.126300266757,501.0189302378661,4338.738198947732,54.0,0.10144833133620683,-2.0586434155153186,0.10143699603540929,-2.0580578835812227,0.017583183067157993,0.4643335555738765
2167,34,401,645.8872104090177,4370.307858894735,501.0189302378661,4338.738198947732,54.0,0.10144833133620683,-1.4595097848705652,0.10143699603540929,-1.4564721053416672,0.017583183067157993,0.3111145281669674
2168,68,401,607.5300941255965,4399.875364871049,501.0189302378661,4338.738198947732,54.0,0.10144833133620683,-0.9279496787589199,0.10143699603540929,-0.9258892593561554,0.017583183067157993,0.24380039585592003
2169,23,401,499.48170970641536,4335.863907503544,501.0189302378661,4338.738198947732,54.0,0.10144833133620683,-0.030667859789331516,0.10143699603540929,-0.030820842415256757,0.017583183067157993,0.006448773088786219
2170,32,401,334.71484028241383,4482.861045979598,501.0189302378661,4338.738198947732,54.0,0.10144833133620683,-2.285420636019489,0.10143699603540929,-2.287816357803805,0.017583183067157993,0.6160849978700172
2171,30,401,625.9985091941669,4344.425799606012,501.0189302378661,4338.738198947732,54.0,0.10144833133620683,-1.2104100851022395,0.10143699603540929,-1.2108028276105345,0.017583183067157993,0.2638630361458054
2172,33,401,633.1852302568241,4317.679688677003,501.0189302378661,4338.738198947732,54.0,0.10144833133620683,-1.2997141277075397,0.10143699603540929,-1.3008628731273653,0.017583183067157993,0.30373144533219004
2173,37,401,628.569594659982,4182.409690156388,501.0189302378661,4338.738198947732,54.0,0.10144833133620683,-1.9466812858325315,0.10143699603540929,-1.946964458033857,0.017583183067157993,0.4621836471711761
2174,23,402,488.22501126970025,4317.7841200222265,488.2077283117417,4317.806340175813,54.0,0.10144833133620683,-0.008559235322098934,0.10143699603540929,-0.008587573639571994,0.017583183067157993,0.001336747812530549
2175,24,402,476.8845411410292,4318.364085281663,488.2077283117417,4317.806340175813,54.0,0.10144833133620683,-0.16343101229835413,0.10143699603540929,-0.16397210735383141,0.017583183067157993,0.025524014700872243
2176,16,402,513.1636048475955,4263.301540421994,488.2077283117417,4317.806340175813,54.0,0.10144833133620683,-0.5981247422699656,0.10143699603540929,-0.5985602181214358,0.017583183067157993,0.1216694156136231
2177,56,403,677.3923123197425,4458.591690875839,500.112618383455,4313.336489856109,54.0,0.10144833133620683,-2.5985499951323954,0.10143699603540929,-2.5986689581309834,0.017583183067157993,0.5113997531630909
2178,34,403,645.8872104090177,4370.307858894735,500.112618383455,4313.336489856109,54.0,0.10144833133620683,-1.6072563137256966,0.10143699603540929,-1.603163982276203,0.017583183067157993,0.3291980353328555
2179,29,403,679.1344462972443,4226.875249913833,500.112618383455,4313.336489856109,54.0,0.10144833133620683,-2.183842370191775,0.10143699603540929,-2.181261805145775,0.017583183067157993,0.5327716324208776
2180,23,403,495.32358447372434,4316.001172783029,500.112618383455,4313.336489856109,54.0,0.10144833133620683,-0.06713138242623405,0.10143699603540929,-0.06734279268728745,0.017583183067157993,0.010534627918649073
2181,30,403,625.9985091941669,4344.425799606012,500.112618383455,4313.336489856109,54.0,0.10144833133620683,-1.2971766922361725,0.10143699603540929,-1.2939824394564758,0.017583183067157993,0.26852058560232817
2182,67,403,614.1933123417826,4407.07660776138,500.112618383455,4313.336489856109,54.0,0.10144833133620683,-1.3343680786099104,0.10143699603540929,-1.3313803873644865,0.017583183067157993,0.2979609691109389
2183,24,403,476.8845411410292,4318.364085281663,500.112618383455,4313.336489856109,54.0,0.10144833133620683,-0.3027004072351478,0.10143699603540929,-0.30369255782263366,0.017583183067157993,0.047321131324529336
2184,35,403,583.2192292927565,4207.570440686977,500.112618383455,4313.336489856109,54.0,0.10144833133620683,-1.1946104264362263,0.10143699603540929,-1.1888053506673317,0.017583183067157993,0.3049676881824956
2185,43,403,630.0947010611478,4141.259609929846,500.112618383455,4313.336489856109,54.0,0.10144833133620683,-2.2647466556214604,0.10143699603540929,-2.2611584328657806,0.017583183067157993,0.5252940262521847
2186,44,403,472.0029937650396,4104.126300266757,500.112618383455,4313.336489856109,54.0,0.10144833133620683,-1.7910593654254054,0.10143699603540929,-1.78943242214302,0.017583183067157993,0.415549685433683
2187,68,403,607.5300941255965,4399.875364871049,500.112618383455,4313.336489856109,54.0,0.10144833133620683,-1.1938431255889836,0.10143699603540929,-1.1899740480946503,0.017583183067157993,0.27720489800546727
2188,26,403,492.46916862384336,4319.554466150916,500.112618383455,4313.336489856109,54.0,0.10144833133620683,-0.14786961962231931,0.10143699603540929,-0.14834424794812806,0.017583183067157993,0.023162990112267415
2189,37,403,628.569594659982,4182.409690156388,500.112618383455,4313.336489856109,54.0,0.10144833133620683,-1.7530560933356814,0.10143699603540929,-1.7502496529334624,0.017583183067157993,0.4281418804519549
2190,33,403,633.1852302568241,4317.679688677003,500.112618383455,4313.336489856109,54.0,0.10144833133620683,-1.3553411966921902,0.10143699603540929,-1.349737220520594,0.017583183067157993,0.3008556132683895
2191,24,404,476.8845411410292,4318.364085281663,546.047037488337,4320.318029487556,54.0,0.10144833133620683,-0.6452151598772368,0.10143699603540929,-0.6437632221131617,0.017583183067157993,0.13112410947812503
2192,23,404,504.75274351062166,4332.980003603095,546.047037488337,4320.318029487556,54.0,0.10144833133620683,-0.28304303356843763,0.10143699603540929,-0.28357316328809945,0.017583183067157993,0.08385178249212841
2193,16,404,519.0070440168354,4262.203633597157,546.047037488337,4320.318029487556,54.0,0.10144833133620683,-0.48183146078684114,0.10143699603540929,-0.4802985543142286,0.017583183067157993,0.13054326714366324
2194,56,404,677.3923123197425,4458.591690875839,546.047037488337,4320.318029487556,54.0,0.10144833133620683,-2.4523926421373057,0.10143699603540929,-2.453796230325461,0.017583183067157993,0.45808512349743447
2195,49,404,663.3163926639071,4436.617662823868,546.047037488337,4320.318029487556,54.0,0.10144833133620683,-2.071492442924638,0.10143699603540929,-2.0724381379841508,0.017583183067157993,0.3955829540964542
2196,30,404,625.9985091941669,4344.425799606012,546.047037488337,4320.318029487556,54.0,0.10144833133620683,-0.9700405530839159,0.10143699603540929,-0.9683513400916614,0.017583183067157993,0.18660424479548957
2197,26,404,492.46916862384336,4319.554466150916,546.047037488337,4320.318029487556,54.0,0.10144833133620683,-0.4551716491435108,0.10143699603540929,-0.45307912250478355,0.017583183067157993,0.10154017087550998
2198,29,404,679.1344462972443,4226.875249913833,546.047037488337,4320.318029487556,54.0,0.10144833133620683,-1.8306376085227298,0.10143699603540929,-1.8281117152746449,0.017583183067157993,0.46618478932819984
2199,67,404,614.1933123417826,4407.07660776138,546.047037488337,4320.318029487556,54.0,0.10144833133620683,-1.2067006948169894,0.10143699603540929,-1.2053989851619955,0.017583183067157993,0.2341859081183624
2200,68,404,607.5300941255965,4399.875364871049,546.047037488337,4320.318029487556,54.0,0.10144833133620683,-1.0634631083918804,0.10143699603540929,-1.0613907547780046,0.017583183067157993,0.2121237423151359
2201,44,404,472.0029937650396,4104.126300266757,546.047037488337,4320.318029487556,54.0,0.10144833133620683,-2.0270345452817398,0.10143699603540929,-2.0270166257994844,0.017583183067157993,0.47127203991980693
2202,43,404,630.0947010611478,4141.259609929846,546.047037488337,4320.318029487556,54.0,0.10144833133620683,-2.375179517202282,0.10143699603540929,-2.3747396236508975,0.017583183067157993,0.5007235005314756
2203,2,405,-517.6817734392575,3585.1734601257845,-507.2972229471795,3600.671376046247,54.0,0.10144833133620683,-0.17038471092322893,0.10143699603540929,-0.16808957464819002,0.017583183067157993,0.06063778544243306
2204,0,406,-380.9703063248096,3564.41350880075,-499.9524784687832,3578.403458104436,54.0,0.10144833133620683,-1.3405549269378976,0.10143699603540929,-1.3354846550432513,0.017583183067157993,0.4388687449588512
2205,0,407,-380.9703063248096,3564.41350880075,-451.4328774109917,3539.606050872365,54.0,0.10144833133620683,-0.8018791454936363,0.10143699603540929,-0.7990974553044073,0.017583183067157993,0.2768970418063931
2206,2,407,-519.9068173174111,3577.3860138103414,-451.4328774109917,3539.606050872365,54.0,0.10144833133620683,-0.8509968071978055,0.10143699603540929,-0.8500445871946422,0.017583183067157993,0.2889613874055445
2207,0,408,-380.9703063248096,3564.41350880075,-517.5789695601553,3525.510166099442,54.0,0.10144833133620683,-1.622724009686744,0.10143699603540929,-1.6192073428570843,0.017583183067157993,0.5199129230297405
2208,2,408,-519.9068173174111,3577.3860138103414,-517.5789695601553,3525.510166099442,54.0,0.10144833133620683,-0.5916069098602268,0.10143699603540929,-0.5930087455734826,0.017583183067157993,0.16997778610092032
2209,1,409,-521.8490863607117,3587.7366019941664,-521.1800805309396,3510.2303992648426,54.0,0.10144833133620683,-0.8583456882776589,0.10143699603540929,-0.8593460310162697,0.017583183067157993,0.2626163131497354
2210,2,409,-519.9068173174111,3577.3860138103414,-521.1800805309396,3510.2303992648426,54.0,0.10144833133620683,-0.76048488930685,0.10143699603540929,-0.7627614722900561,0.017583183067157993,0.22767015321584425
2211,2,410,-519.9068173174111,3577.3860138103414,-449.2628013025546,3503.742664831391,54.0,0.10144833133620683,-1.1603453063816915,0.10143699603540929,-1.159019438368282,0.017583183067157993,0.361502818820357
2212,0,410,-380.9703063248096,3564.41350880075,-449.2628013025546,3503.742664831391,54.0,0.10144833133620683,-0.8698256402546909,0.10143699603540929,-0.8639565761741406,0.017583183067157993,0.3336272595132741
2213,0,411,-380.9703063248096,3564.41350880075,-485.042933661256,3485.47979782113,54.0,0.10144833133620683,-1.3349950621564104,0.10143699603540929,-1.3293556570220217,0.017583183067157993,0.48349345761797435
2214,2,411,-519.9068173174111,3577.3860138103414,-485.042933661256,3485.47979782113,54.0,0.10144833133620683,-1.1894489154349885,0.10143699603540929,-1.1906948276145173,0.017583183067157993,0.351617388139021
2215,2,412,-519.9068173174111,3577.3860138103414,-573.8953694348969,3556.3836779114804,54.0,0.10144833133620683,-0.6668163476081188,0.10143699603540929,-0.661027618599173,0.017583183067157993,0.21150278968456546
2216,1,412,-521.8490863607117,3587.7366019941664,-573.8953694348969,3556.3836779114804,54.0,0.10144833133620683,-0.7036993304584013,0.10143699603540929,-0.6973298000630992,0.017583183067157993,0.22965834588413292
2217,15,413,-219.46475068668764,3910.916163982088,-114.50920843118116,3834.9194074143743,54.0,0.10144833133620683,-1.3850697961311451,0.10143699603540929,-1.3890770761736189,0.017583183067157993,0.3818766786524374
2218,14,413,-191.2861040228232,3920.912450661129,-114.50920843118116,3834.9194074143743,54.0,0.10144833133620683,-1.19868174081232,0.10143699603540929,-1.208114042317165,0.017583183067157993,0.3475078257672678
2219,50,413,-32.87294301735424,3776.17863145535,-114.50920843118116,3834.9194074143743,54.0,0.10144833133620683,-1.069220313021116,0.10143699603540929,-1.0611927503915808,0.017583183067157993,0.31543721706215766
2220,14,414,-191.8510249122208,3920.732064928668,-164.43942656566844,3815.0857932853287,54.0,0.10144833133620683,-1.126808728538219,0.10143699603540929,-1.1246251016615618,0.017583183067157993,0.3040300943225054
2221,15,414,-219.46475068668764,3910.916163982088,-164.43942656566844,3815.0857932853287,54.0,0.10144833133620683,-1.193391613659104,0.10143699603540929,-1.1887654679500186,0.017583183067157993,0.31191940594027395
2222,50,415,-32.87294301735424,3776.17863145535,-140.92825652262695,3822.7016028764,54.0,0.10144833133620683,-1.0237929796271168,0.10143699603540929,-1.0116516452716586,0.017583183067157993,0.3581646306837565
2223,14,415,-191.2861040228232,3920.912450661129,-140.92825652262695,3822.7016028764,54.0,0.10144833133620683,-1.1512972453228587,0.10143699603540929,-1.1567856926146505,0.017583183067157993,0.323025559604092
2224,50,416,-32.87294301735424,3776.17863145535,-127.99374614651722,3810.908692759558,54.0,0.10144833133620683,-0.7764241376484877,0.10143699603540929,-0.7626573983279639,0.017583183067157993,0.294115614262831
2225,14,416,-191.2861040228232,3920.912450661129,-127.99374614651722,3810.908692759558,54.0,0.10144833133620683,-1.3340263696326686,0.10143699603540929,-1.3417459927708961,0.017583183067157993,0.384115808540505
2226,14,417,-191.8510249122208,3920.732064928668,-152.77957078688812,3803.088929575855,54.0,0.10144833133620683,-1.3000262221473016,0.10143699603540929,-1.3003327178279978,0.017583183067157993,0.35486874744117053
2227,50,417,-32.87294301735424,3776.17863145535,-152.77957078688812,3803.088929575855,54.0,0.10144833133620683,-0.9478492088055359,0.10143699603540929,-0.9342698950607061,0.017583183067157993,0.3537275511742427
2228,15,418,-219.46475068668764,3910.916163982088,-150.0499459232575,3808.954736715893,54.0,0.10144833133620683,-1.3381447321258666,0.10143699603540929,-1.3318587771777262,0.017583183067157993,0.3483430815277202
2229,50,418,-32.87294301735424,3776.17863145535,-150.0499459232575,3808.954736715893,54.0,0.10144833133620683,-0.9594026362688289,0.10143699603540929,-0.9457788729563521,0.017583183067157993,0.354299999589793
2230,14,418,-191.8510249122208,3920.732064928668,-150.0499459232575,3808.954736715893,54.0,0.10144833133620683,-1.24989484873864,0.10143699603540929,-1.2511773889171949,0.017583183067157993,0.3405746119284697
2231,18,419,55.99463969610678,3684.4657106501672,-117.20662596065166,3807.599273888803,54.0,0.10144833133620683,-2.11356174812565,0.10143699603540929,-2.094266701346992,0.017583183067157993,0.6430995620068056
2232,50,419,-32.87294301735424,3776.17863145535,-117.20662596065166,3807.599273888803,54.0,0.10144833133620683,-0.6821365226021121,0.10143699603540929,-0.6693524045773036,0.017583183067157993,0.2568562786021172
2233,50,420,-32.87294301735424,3776.17863145535,-113.68434153160244,3833.1341984416354,54.0,0.10144833133620683,-1.0404049755853895,0.10143699603540929,-1.0323555094921586,0.017583183067157993,0.3094031575975508
2234,2,421,-517.6817734392575,3585.1734601257845,-465.54115273020966,3701.012924955217,54.0,0.10144833133620683,-1.3767268484792468,0.10143699603540929,-1.371242797610347,0.017583183067157993,0.4415372512502716
2235,0,422,-370.9184736815143,3578.821080117009,-459.2972544242527,3675.036452891449,54.0,0.10144833133620683,-1.259601726286978,0.10143699603540929,-1.2564384152773425,0.017583183067157993,0.47150140387180606
2236,2,422,-517.6817734392575,3585.1734601257845,-459.2972544242527,3675.036452891449,54.0,0.10144833133620683,-1.2065550858332477,0.10143699603540929,-1.2040972572304027,0.017583183067157993,0.3749888650795613
2237,1,423,-521.8490863607117,3587.7366019941664,-489.2630394051725,3629.7069603146624,54.0,0.10144833133620683,-0.5768663136617312,0.10143699603540929,-0.5722062271555075,0.017583183067157993,0.17885376066620393
2238,0,423,-380.9703063248096,3564.41350880075,-489.2630394051725,3629.7069603146624,54.0,0.10144833133620683,-1.4707984752668941,0.10143699603540929,-1.4707840727870483,0.017583183067157993,0.4497567424478907
2239,2,423,-517.6817734392575,3585.1734601257845,-489.2630394051725,3629.7069603146624,54.0,0.10144833133620683,-0.5660502432194523,0.10143699603540929,-0.5614118009907647,0.017583183067157993,0.17726036854146532
2240,1,424,-521.8490863607117,3587.7366019941664,-500.9029123182427,3614.0747562686,54.0,0.10144833133620683,-0.3451333437549732,0.10143699603540929,-0.34126568173713157,0.017583183067157993,0.1102438475401383
2241,2,424,-517.6817734392575,3585.1734601257845,-500.9029123182427,3614.0747562686,54.0,0.10144833133620683,-0.33087900505522494,0.10143699603540929,-0.3271044843520501,0.017583183067157993,0.10676325027911918
2242,0,424,-380.9703063248096,3564.41350880075,-500.9029123182427,3614.0747562686,54.0,0.10144833133620683,-1.525202194931935,0.10143699603540929,-1.5217007957756636,0.017583183067157993,0.46019803101360457
2243,0,425,-380.9703063248096,3564.41350880075,-465.8928410452483,3608.448596328204,54.0,0.10144833133620683,-1.129247579323645,0.10143699603540929,-1.130701070517523,0.017583183067157993,0.3386667581566491
2244,2,426,-517.6817734392575,3585.1734601257845,-500.4398061409101,3634.1145749910206,54.0,0.10144833133620683,-0.5385450739688538,0.10143699603540929,-0.5335510454036636,0.017583183067157993,0.1673563497434647
2245,1,426,-521.8490863607117,3587.7366019941664,-500.4398061409101,3634.1145749910206,54.0,0.10144833133620683,-0.5402959588687556,0.10143699603540929,-0.5353997861125724,0.017583183067157993,0.16664315449973016
2246,2,427,-517.6817734392575,3585.1734601257845,-520.4786475198113,3632.693087605314,54.0,0.10144833133620683,-0.49261464983343217,0.10143699603540929,-0.4879489287439577,0.017583183067157993,0.15323714718705808
2247,1,427,-521.8490863607117,3587.7366019941664,-520.4786475198113,3632.693087605314,54.0,0.10144833133620683,-0.476014413762202,0.10143699603540929,-0.4716052490096987,0.017583183067157993,0.14693466683839707
2248,2,428,-517.6817734392575,3585.1734601257845,-537.0544473499934,3615.307734486455,54.0,0.10144833133620683,-0.3755424327769604,0.10143699603540929,-0.37117560537411004,0.017583183067157993,0.1308910219522057
2249,1,428,-521.8490863607117,3587.7366019941664,-537.0544473499934,3615.307734486455,54.0,0.10144833133620683,-0.35316146221585787,0.10143699603540929,-0.3495331656611486,0.017583183067157993,0.12221510766258384
2250,20,429,-493.1142633148681,3773.7889738968342,-463.572090848466,3711.004366750517,54.0,0.10144833133620683,-0.6215360580207637,0.10143699603540929,-0.6202580278637617,0.017583183067157993,0.22475762833839644
2251,20,430,-491.6557639897821,3775.103401039669,-428.8814616877872,3709.096178212622,54.0,0.10144833133620683,-0.7881723518226904,0.10143699603540929,-0.7780987349410393,0.017583183067157993,0.2927379918629379
2252,20,431,-493.1142633148681,3773.7889738968342,-452.08297454444494,3697.423498379207,54.0,0.10144833133620683,-0.7539771507237808,0.10143699603540929,-0.7514424565576548,0.017583183067157993,0.2832623471475758
2253,20,432,-493.1142633148681,3773.7889738968342,-434.7429570153381,3690.4541749506434,54.0,0.10144833133620683,-0.8658587648799208,0.10143699603540929,-0.8582302069418383,0.017583183067157993,0.33675621376727566
2254,20,433,-493.1142633148681,3773.7889738968342,-415.8200064632521,3689.100170895516,54.0,0.10144833133620683,-0.9763415808660962,0.10143699603540929,-0.9627888966335864,0.017583183067157993,0.38043144434449067
2255,20,434,-493.1142633148681,3773.7889738968342,-481.8116660349994,3658.097650487473,54.0,0.10144833133620683,-1.1660668560258678,0.10143699603540929,-1.1593589713053678,0.017583183067157993,0.41210039008134675
2256,20,435,-493.1142633148681,3773.7889738968342,-437.4564705482827,3656.797051854789,54.0,0.10144833133620683,-1.1843785124001935,0.10143699603540929,-1.1819444140442719,0.017583183067157993,0.44013501069782274
2257,20,436,-493.1142633148681,3773.7889738968342,-450.5410575375657,3640.030741604634,54.0,0.10144833133620683,-1.38302784168717,0.10143699603540929,-1.379789667871182,0.017583183067157993,0.4802052013869776
2258,20,437,-493.1142633148681,3773.7889738968342,-463.3957004431066,3657.5357537243694,54.0,0.10144833133620683,-1.1882682358860577,0.10143699603540929,-1.1828681595401436,0.017583183067157993,0.4054996905322332
2259,20,438,-493.1142633148681,3773.7889738968342,-455.237107941275,3675.012391017058,54.0,0.10144833133620683,-0.9758140882966843,0.10143699603540929,-0.9755831875789638,0.017583183067157993,0.3497075035369991
2260,20,439,-493.1142633148681,3773.7889738968342,-477.5301049296806,3698.6923434687433,54.0,0.10144833133620683,-0.7507388740576427,0.10143699603540929,-0.7447687158872884,0.017583183067157993,0.2577797813815168
2261,12,440,339.7794838460253,3807.442051326752,377.93510059593416,3904.1107934632814,54.0,0.10144833133620683,-1.3473952407055036,0.10143699603540929,-1.3484572052666475,0.017583183067157993,0.3399680697447891
2262,25,440,275.18212912654,3848.067080065535,377.93510059593416,3904.1107934632814,54.0,0.10144833133620683,-1.2040045801113204,0.10143699603540929,-1.2025489733048722,0.017583183067157993,0.30464559913423084
2263,5,440,328.01618259779593,3866.898866582476,377.93510059593416,3904.1107934632814,54.0,0.10144833133620683,-0.840141822884353,0.10143699603540929,-0.8419722407301528,0.017583183067157993,0.19013653030570293
2264,38,440,292.2609771757026,3909.816818957042,377.93510059593416,3904.1107934632814,54.0,0.10144833133620683,-0.8416753651621676,0.10143699603540929,-0.840967557748041,0.017583183067157993,0.23710561514413123
2265,44,440,482.2902751987267,4093.226876078621,377.93510059593416,3904.1107934632814,54.0,0.10144833133620683,-2.5168215318441693,0.10143699603540929,-2.5143602379148318,0.017583183067157993,0.5514045910503088
2266,38,441,292.2609771757026,3909.816818957042,374.4537251326261,3889.892677250085,54.0,0.10144833133620683,-0.8834222610224514,0.10143699603540929,-0.8871161783355361,0.017583183067157993,0.2270593806809704
2267,44,441,482.2902751987267,4093.226876078621,374.4537251326261,3889.892677250085,54.0,0.10144833133620683,-2.687320628764818,0.10143699603540929,-2.6832627595040153,0.017583183067157993,0.6035036402187577
2268,25,441,277.62248955885883,3842.902145930757,374.4537251326261,3889.892677250085,54.0,0.10144833133620683,-1.2287055860195415,0.10143699603540929,-1.2278931452523243,0.017583183067157993,0.2927172382285407
2269,13,441,350.3727630331359,3756.461999998863,374.4537251326261,3889.892677250085,54.0,0.10144833133620683,-1.6257209192294404,0.10143699603540929,-1.6292138755555512,0.017583183067157993,0.46660119182246396
2270,53,441,275.4374088407163,3843.51011953928,374.4537251326261,3889.892677250085,54.0,0.10144833133620683,-1.2365338356368336,0.10143699603540929,-1.2353465707459153,0.017583183067157993,0.2976829934845747
2271,5,442,328.01618259779593,3866.898866582476,367.3905705640541,3924.417227622252,54.0,0.10144833133620683,-0.8994621474681213,0.10143699603540929,-0.9021944028324826,0.017583183067157993,0.2087099363248257
2272,12,442,339.7794838460253,3807.442051326752,367.3905705640541,3924.417227622252,54.0,0.10144833133620683,-1.572458138392124,0.10143699603540929,-1.5716683801445308,0.017583183067157993,0.3759462482100852
2273,44,442,482.2902751987267,4093.226876078621,367.3905705640541,3924.417227622252,54.0,0.10144833133620683,-2.327985561024633,0.10143699603540929,-2.3323026925972368,0.017583183067157993,0.49057853189339606
2274,41,442,461.8106926932424,4070.996636995212,367.3905705640541,3924.417227622252,54.0,0.10144833133620683,-1.8925458420276087,0.10143699603540929,-1.8963639838372919,0.017583183067157993,0.4358152542835378
2275,53,442,275.4374088407163,3843.51011953928,367.3905705640541,3924.417227622252,54.0,0.10144833133620683,-1.265156897822501,0.10143699603540929,-1.261452180001513,0.017583183067157993,0.3140445603237485
2276,38,442,292.2609771757026,3909.816818957042,367.3905705640541,3924.417227622252,54.0,0.10144833133620683,-0.7313592388936184,0.10143699603540929,-0.73078163080649,0.017583183067157993,0.20633718820973906
2277,25,442,275.18212912654,3848.067080065535,367.3905705640541,3924.417227622252,54.0,0.10144833133620683,-1.206811066598783,0.10143699603540929,-1.2022713522714623,0.017583183067157993,0.2967176097940389
2278,38,443,292.2609771757026,3909.816818957042,332.8834058794852,3942.859446384328,54.0,0.10144833133620683,-0.5489021254354323,0.10143699603540929,-0.5506588196566493,0.017583183067157993,0.11810182347755221
2279,44,443,471.64114524517873,4102.241589239218,332.8834058794852,3942.859446384328,54.0,0.10144833133620683,-2.4345975065072087,0.10143699603540929,-2.438294988923441,0.017583183067157993,0.46677116041349037
2280,53,443,275.4374088407163,3843.51011953928,332.8834058794852,3942.859446384328,54.0,0.10144833133620683,-0.9875273651830445,0.10143699603540929,-0.9867519674612042,0.017583183067157993,0.2511835639521097
2281,25,443,275.18212912654,3848.067080065535,332.8834058794852,3942.859446384328,54.0,0.10144833133620683,-0.9487336256069493,0.10143699603540929,-0.9480305487516005,0.017583183067157993,0.23784472510598487
2282,66,444,493.8518825171933,3956.000689079267,330.5428326799933,3946.044034599065,54.0,0.10144833133620683,-2.2360069957705195,0.10143699603540929,-2.234056998208195,0.017583183067157993,0.4846248333014276
2283,41,444,461.8106926932424,4070.996636995212,330.5428326799933,3946.044034599065,54.0,0.10144833133620683,-1.9918294595326447,0.10143699603540929,-1.9948063352869871,0.017583183067157993,0.42051310692326116
2284,39,444,491.6009153175041,3965.873607703836,330.5428326799933,3946.044034599065,54.0,0.10144833133620683,-2.3259776733726314,0.10143699603540929,-2.3256560794339998,0.017583183067157993,0.468634586116873
2285,63,444,316.49031405012005,3929.154743051912,330.5428326799933,3946.044034599065,54.0,0.10144833133620683,-0.36647855836418275,0.10143699603540929,-0.36678986096219907,0.017583183067157993,0.06444812466752069
2286,38,444,292.2609771757026,3909.816818957042,330.5428326799933,3946.044034599065,54.0,0.10144833133620683,-0.5646671936087226,0.10143699603540929,-0.5660813271107703,0.017583183067157993,0.11617865651558003
2287,25,444,275.18212912654,3848.067080065535,330.5428326799933,3946.044034599065,54.0,0.10144833133620683,-0.9662258346899149,0.10143699603540929,-0.9653288313038786,0.017583183067157993,0.23808424083087265
2288,19,444,309.4846467710166,4112.556925703692,330.5428326799933,3946.044034599065,54.0,0.10144833133620683,-1.6467411468601048,0.10143699603540929,-1.6467670487135122,0.017583183067157993,0.4076069433594821
2289,53,444,275.4374088407163,3843.51011953928,330.5428326799933,3946.044034599065,54.0,0.10144833133620683,-1.0052867908327376,0.10143699603540929,-1.0043114678547806,0.017583183067157993,0.251368686133231
2290,44,444,470.9318574712719,4102.798680980681,330.5428326799933,3946.044034599065,54.0,0.10144833133620683,-2.369198256914117,0.10143699603540929,-2.3739734482263946,0.017583183067157993,0.4623662425264294
2291,63,445,316.49031405012005,3929.154743051912,322.3749110256175,3921.0794967894303,54.0,0.10144833133620683,-0.19981290168610313,0.10143699603540929,-0.20107587173861668,0.017583183067157993,0.044234257981390385
2292,53,445,275.4374088407163,3843.51011953928,322.3749110256175,3921.0794967894303,54.0,0.10144833133620683,-0.7036396656655066,0.10143699603540929,-0.7021240579218815,0.017583183067157993,0.19254222162362097
2293,25,445,275.18212912654,3848.067080065535,322.3749110256175,3921.0794967894303,54.0,0.10144833133620683,-0.6644211094422197,0.10143699603540929,-0.6630200360853089,0.017583183067157993,0.1791172770556572
2294,38,445,292.2609771757026,3909.816818957042,322.3749110256175,3921.0794967894303,54.0,0.10144833133620683,-0.23768957488894396,0.10143699603540929,-0.24051887840746283,0.017583183067157993,0.07630334051188839
2295,44,445,476.6967986310135,4098.010594457248,322.3749110256175,3921.0794967894303,54.0,0.10144833133620683,-2.7691718337858875,0.10143699603540929,-2.7713697090395595,0.017583183067157993,0.5331553449088504
2296,63,446,316.49031405012005,3929.154743051912,329.7498578052424,3915.277424063791,54.0,0.10144833133620683,-0.2645234412648714,0.10143699603540929,-0.2644008889003372,0.017583183067157993,0.06431693350619855
2297,25,446,275.18212912654,3848.067080065535,329.7498578052424,3915.277424063791,54.0,0.10144833133620683,-0.7295204270886018,0.10143699603540929,-0.7258026458768296,0.017583183067157993,0.18224372217428805
2298,44,446,482.2902751987267,4093.226876078621,329.7498578052424,3915.277424063791,54.0,0.10144833133620683,-2.726357149215319,0.10143699603540929,-2.7248073594154847,0.017583183067157993,0.55126774547257
2299,53,446,275.4374088407163,3843.51011953928,329.7498578052424,3915.277424063791,54.0,0.10144833133620683,-0.7694206285736308,0.10143699603540929,-0.7654958776591831,0.017583183067157993,0.1956233427079405
2300,38,446,292.2609771757026,3909.816818957042,329.7498578052424,3915.277424063791,54.0,0.10144833133620683,-0.2955601064976353,0.10143699603540929,-0.2978337106625749,0.017583183067157993,0.09209669111628
2301,38,447,292.2609771757026,3909.816818957042,337.993275290487,3925.832516910632,54.0,0.10144833133620683,-0.40963635258096787,0.10143699603540929,-0.4111520331871877,0.017583183067157993,0.12027948509484901
2302,63,447,316.49031405012005,3929.154743051912,337.993275290487,3925.832516910632,54.0,0.10144833133620683,-0.36821437675536617,0.10143699603540929,-0.3685712885694796,0.017583183067157993,0.06802148048415581
2303,53,447,275.4374088407163,3843.51011953928,337.993275290487,3925.832516910632,54.0,0.10144833133620683,-0.9211821884228281,0.10143699603540929,-0.9155794670218904,0.017583183067157993,0.23442527241289526
2304,44,447,482.2902751987267,4093.226876078621,337.993275290487,3925.832516910632,54.0,0.10144833133620683,-2.5795264245997958,0.10143699603540929,-2.5796007160902903,0.017583183067157993,0.5112178153967197
2305,25,447,275.18212912654,3848.067080065535,337.993275290487,3925.832516910632,54.0,0.10144833133620683,-0.8789460651180776,0.10143699603540929,-0.8736986775441598,0.017583183067157993,0.22107429751538413
2306,50,448,-32.87294301735424,3776.17863145535,-124.42297810413304,3730.045518548472,54.0,0.10144833133620683,-0.6619860579063764,0.10143699603540929,-0.6464957589781003,0.017583183067157993,0.2854632338920152
2307,50,449,-32.87294301735424,3776.17863145535,-136.7121078328898,3704.366146835558,54.0,0.10144833133620683,-0.9437848583424708,0.10143699603540929,-0.9307943438621765,0.017583183067157993,0.39361713356876127
2308,14,449,-191.8510249122208,3920.732064928668,-136.7121078328898,3704.366146835558,54.0,0.10144833133620683,-2.34984598922683,0.10143699603540929,-2.3518332235686317,0.017583183067157993,0.7182902313881419
2309,14,450,-191.8510249122208,3920.732064928668,-205.2490753627829,3731.957027743968,54.0,0.10144833133620683,-2.081906458116512,0.10143699603540929,-2.0810722442062284,0.017583183067157993,0.6030465016017215
2310,14,451,-191.8510249122208,3920.732064928668,-209.44442407532304,3763.734670847895,54.0,0.10144833133620683,-1.759653257633616,0.10143699603540929,-1.7557249597998061,0.017583183067157993,0.47627768548081345
2311,14,452,-191.8510249122208,3920.732064928668,-227.38656380507663,3742.529007510596,54.0,0.10144833133620683,-2.0701989201565936,0.10143699603540929,-2.0666385522657738,0.017583183067157993,0.5567435495833337
2312,14,453,-191.8510249122208,3920.732064928668,-217.924998653439,3721.48468016429,54.0,0.10144833133620683,-2.252973483899918,0.10143699603540929,-2.2522093975483757,0.017583183067157993,0.639839494446467
2313,14,454,-191.8510249122208,3920.732064928668,-254.5992470950275,3724.926488861847,54.0,0.10144833133620683,-2.355339258104895,0.10143699603540929,-2.3509937559980023,0.017583183067157993,0.6309995955399363
2314,14,455,-191.8510249122208,3920.732064928668,-248.90370498422487,3701.920243170104,54.0,0.10144833133620683,-2.543451364290537,0.10143699603540929,-2.530653763605858,0.017583183067157993,0.7109025575306582
2315,14,456,-191.8510249122208,3920.732064928668,-173.77161208253168,3762.098398234272,54.0,0.10144833133620683,-1.7020291687892466,0.10143699603540929,-1.6963943185311703,0.017583183067157993,0.4984025135092416
2316,14,457,-191.8510249122208,3920.732064928668,-139.37097608890187,3732.660382688684,54.0,0.10144833133620683,-2.0828157116295025,0.10143699603540929,-2.0804410377519953,0.017583183067157993,0.6112673395193793
2317,18,457,55.99463969610678,3684.4657106501672,-139.37097608890187,3732.660382688684,54.0,0.10144833133620683,-2.3297655706403275,0.10143699603540929,-2.3199608229781923,0.017583183067157993,0.729427731947937
2318,14,458,-191.8510249122208,3920.732064928668,-208.37184709731315,3756.058669231986,54.0,0.10144833133620683,-1.8429113965268544,0.10143699603540929,-1.8392135554074867,0.017583183067157993,0.5064863521701999
2319,14,459,-191.8510249122208,3920.732064928668,-229.31829350277152,3750.8465259771865,54.0,0.10144833133620683,-1.981390552823942,0.10143699603540929,-1.9776094385031595,0.017583183067157993,0.5193632030545678
2320,14,460,-191.8510249122208,3920.732064928668,-252.1369190391436,3688.5883507247336,54.0,0.10144833133620683,-2.680835501217231,0.10143699603540929,-2.666637930621893,0.017583183067157993,0.7678092876453695
2321,50,461,-32.87294301735424,3776.17863145535,-137.46750195522293,3704.002702190223,54.0,0.10144833133620683,-0.9502477807018049,0.10143699603540929,-0.9372751541058101,0.017583183067157993,0.3965545387752955
2322,14,462,-191.2861040228232,3920.912450661129,-33.590986472347865,3971.2525348924646,54.0,0.10144833133620683,-1.87969029145159,0.10143699603540929,-1.875647183790394,0.017583183067157993,0.5423501324896277
2323,14,463,-191.2861040228232,3920.912450661129,-16.824029787276814,3963.134227295509,54.0,0.10144833133620683,-1.945955425379306,0.10143699603540929,-1.9414709784553825,0.017583183067157993,0.5681479169603459
2324,9,463,9.936533141897351,4088.226647492491,-16.824029787276814,3963.134227295509,54.0,0.10144833133620683,-1.6215418547026281,0.10143699603540929,-1.623259334107638,0.017583183067157993,0.4398072284802659
2325,14,464,-191.2861040228232,3920.912450661129,-9.289119488028984,3940.320299022696,54.0,0.10144833133620683,-1.8110281074189996,0.10143699603540929,-1.8161096338937988,0.017583183067157993,0.57087480076815
2326,14,465,-191.2861040228232,3920.912450661129,19.125675470905552,3919.7887611732062,54.0,0.10144833133620683,-1.9034919766837872,0.10143699603540929,-1.9008850002076902,0.017583183067157993,0.6418401140457929
2327,14,466,-191.2861040228232,3920.912450661129,-9.962046074219687,3916.4328558182974,54.0,0.10144833133620683,-1.5596139139499539,0.10143699603540929,-1.558063297610162,0.017583183067157993,0.540166861277417
2328,14,467,-191.2861040228232,3920.912450661129,-0.9972580126813264,3905.066613170967,54.0,0.10144833133620683,-1.6745612071221543,0.10143699603540929,-1.672815832598782,0.017583183067157993,0.5716254914319787
2329,14,468,-191.2861040228232,3920.912450661129,24.09847480128595,3908.844200854287,54.0,0.10144833133620683,-1.964388005042707,0.10143699603540929,-1.9615565264306796,0.017583183067157993,0.6607746631530075
2330,14,469,-191.2861040228232,3920.912450661129,26.96307308495755,3884.908015639917,54.0,0.10144833133620683,-2.112357575678378,0.10143699603540929,-2.1115942390152966,0.017583183067157993,0.6809691560092301
2331,21,470,103.34699834515416,4117.964937310308,-33.030051360718204,3947.101925740972,54.0,0.10144833133620683,-2.4624345785810284,0.10143699603540929,-2.449463220040568,0.017583183067157993,0.6924149655281897
2332,14,470,-191.2861040228232,3920.912450661129,-33.030051360718204,3947.101925740972,54.0,0.10144833133620683,-1.5681954460266798,0.10143699603540929,-1.572476586310229,0.017583183067157993,0.49946201592348033
2333,21,471,103.34699834515416,4117.964937310308,-20.440069871896064,3967.068915194426,54.0,0.10144833133620683,-2.1605588655451666,0.10143699603540929,-2.1499095413747367,0.017583183067157993,0.6107538534803231
2334,14,471,-191.2861040228232,3920.912450661129,-20.440069871896064,3967.068915194426,54.0,0.10144833133620683,-1.9638172979470438,0.10143699603540929,-1.95881715604466,0.017583183067157993,0.5667174774504313
2335,14,472,-191.2861040228232,3920.912450661129,-33.601502441691814,3923.5780514405496,54.0,0.10144833133620683,-1.2859864920043418,0.10143699603540929,-1.2834543780691912,0.017583183067157993,0.45996079707897525
2336,14,473,-191.2861040228232,3920.912450661129,4.130621068015404,3916.458977597719,54.0,0.10144833133620683,-1.729481587544736,0.10143699603540929,-1.7275378517879143,0.017583183067157993,0.5879808548848284
2337,18,473,55.99463969610678,3684.4657106501672,4.130621068015404,3916.458977597719,54.0,0.10144833133620683,-2.581507166075222,0.10143699603540929,-2.5738798795826807,0.017583183067157993,0.7867165175778954
2338,21,474,103.34699834515416,4117.964937310308,-40.82216668190109,3965.090048211267,54.0,0.10144833133620683,-2.359031295250866,0.10143699603540929,-2.3528765933516036,0.017583183067157993,0.6677820966530117
2339,18,475,55.99463969610678,3684.4657106501672,-3.2682886956830624,3892.179388681665,54.0,0.10144833133620683,-2.4789005836153937,0.10143699603540929,-2.4694089536564263,0.017583183067157993,0.7033057872709956
2340,25,476,264.330530090726,3842.899620060988,90.0285824981926,3885.374004932618,54.0,0.10144833133620683,-2.088101753393912,0.10143699603540929,-2.0821751061093052,0.017583183067157993,0.5246293764122651
2341,25,477,264.330530090726,3842.899620060988,83.86670580001751,3866.630653839721,54.0,0.10144833133620683,-2.147810999256755,0.10143699603540929,-2.1435469591214007,0.017583183067157993,0.537394164150613
2342,14,478,-191.2861040228232,3920.912450661129,52.79801574862894,3858.169085806702,54.0,0.10144833133620683,-2.5988485655524496,0.10143699603540929,-2.600910239658546,0.017583183067157993,0.7924240839155974
2343,25,478,264.330530090726,3842.899620060988,52.79801574862894,3858.169085806702,54.0,0.10144833133620683,-2.474551368437755,0.10143699603540929,-2.4711976487997287,0.017583183067157993,0.6562152396423063
2344,25,479,264.330530090726,3842.899620060988,72.4423782875265,3843.4141825954302,54.0,0.10144833133620683,-2.211804492953891,0.10143699603540929,-2.211686081461144,0.017583183067157993,0.5969944013533851
2345,50,479,-32.87294301735424,3776.17863145535,72.4423782875265,3843.4141825954302,54.0,0.10144833133620683,-1.560078575970373,0.10143699603540929,-1.5583084057132233,0.017583183067157993,0.38308998006510486
2346,14,480,-191.2861040228232,3920.912450661129,51.330164428461806,3842.748038309236,54.0,0.10144833133620683,-2.7841292193712004,0.10143699603540929,-2.7854007958507707,0.017583183067157993,0.798309095858024
2347,25,480,264.330530090726,3842.899620060988,51.330164428461806,3842.748038309236,54.0,0.10144833133620683,-2.4450920678029493,0.10143699603540929,-2.4455873428892785,0.017583183067157993,0.6654137357396744
2348,50,481,-32.87294301735424,3776.17863145535,71.0063011612224,3819.538010924277,54.0,0.10144833133620683,-1.3547207658818952,0.10143699603540929,-1.3508513633705517,0.017583183067157993,0.34192381574690334
2349,50,482,-32.87294301735424,3776.17863145535,53.97552747189277,3779.7778986115927,54.0,0.10144833133620683,-1.0750819436248245,0.10143699603540929,-1.0704961707951994,0.017583183067157993,0.2554787564216168
2350,50,483,-32.87294301735424,3776.17863145535,29.84882850616204,3760.0903002068953,54.0,0.10144833133620683,-0.9327528378976183,0.10143699603540929,-0.9321694059735754,0.017583183067157993,0.1931975543339588
2351,50,484,-32.87294301735424,3776.17863145535,70.84382095259998,3812.213793609557,54.0,0.10144833133620683,-1.3238424989286872,0.10143699603540929,-1.319377027663152,0.017583183067157993,0.33187991094875013
2352,21,485,103.34699834515416,4117.964937310308,85.15373079383198,3880.811543855472,54.0,0.10144833133620683,-2.4955280732005174,0.10143699603540929,-2.493076549120441,0.017583183067157993,0.7463538925614581
2353,25,485,264.330530090726,3842.899620060988,85.15373079383198,3880.811543855472,54.0,0.10144833133620683,-2.1372759382768445,0.10143699603540929,-2.131755923037632,0.017583183067157993,0.5408244753803604
2354,18,485,55.99463969610678,3684.4657106501672,85.15373079383198,3880.811543855472,54.0,0.10144833133620683,-1.665707027353913,0.10143699603540929,-1.6522762938893654,0.017583183067157993,0.6546587100446506
2355,18,486,55.99463969610678,3684.4657106501672,68.21929053265893,3857.2635974168033,54.0,0.10144833133620683,-1.5515237471660506,0.10143699603540929,-1.538731409866426,0.017583183067157993,0.5658756961572905
2356,18,487,55.99463969610678,3684.4657106501672,74.94999357907247,3832.562273689816,54.0,0.10144833133620683,-1.2955888826259354,0.10143699603540929,-1.28202931984839,0.017583183067157993,0.4860803578798293
2357,18,488,65.71430741031881,3682.247405457888,93.9798506618169,3810.153790083169,54.0,0.10144833133620683,-1.1319247077373324,0.10143699603540929,-1.1224004608644467,0.017583183067157993,0.433079209486082
2358,25,489,264.330530090726,3842.899620060988,53.99348219513684,3779.765921014686,54.0,0.10144833133620683,-2.7548754904822204,0.10143699603540929,-2.7519832865465057,0.017583183067157993,0.7187794039352553
2359,18,489,55.99463969610678,3684.4657106501672,53.99348219513684,3779.765921014686,54.0,0.10144833133620683,-0.706723417536249,0.10143699603540929,-0.6927246323388194,0.017583183067157993,0.3077661835145896
2360,50,489,-32.87294301735424,3776.17863145535,53.99348219513684,3779.765921014686,54.0,0.10144833133620683,-1.075273917319668,0.10143699603540929,-1.0706888189764199,0.017583183067157993,0.25553602509963774
2361,50,490,-32.87294301735424,3776.17863145535,70.31493711953587,3811.7486463338,54.0,0.10144833133620683,-1.3168594916722782,0.10143699603540929,-1.3123732315767278,0.017583183067157993,0.3296622609761163
2362,18,490,55.99463969610678,3684.4657106501672,70.31493711953587,3811.7486463338,54.0,0.10144833133620683,-1.0646653535738406,0.10143699603540929,-1.0511211280301893,0.017583183067157993,0.4159155381319842
2363,18,491,88.69171925490903,3677.2469468152663,115.16205876560493,3798.270755871877,54.0,0.10144833133620683,-1.0161165328669817,0.10143699603540929,-1.0080665844574659,0.017583183067157993,0.41946409034416976
2364,18,492,55.99463969610678,3684.4657106501672,87.2451405287995,3831.494039957056,54.0,0.10144833133620683,-1.2619385320117427,0.10143699603540929,-1.246338469744033,0.017583183067157993,0.4934830775795626
2365,18,493,55.99463969610678,3684.4657106501672,36.476303073102144,3747.298457980633,54.0,0.10144833133620683,-0.533392227510196,0.10143699603540929,-0.5261399579025297,0.017583183067157993,0.20478272253666333
2366,50,493,-32.87294301735424,3776.17863145535,36.476303073102144,3747.298457980633,54.0,0.10144833133620683,-1.0320972721586539,0.10143699603540929,-1.031128219633215,0.017583183067157993,0.2252192358465166
2367,21,494,103.34699834515416,4117.964937310308,81.42211507964093,3862.904094352834,54.0,0.10144833133620683,-2.6815175337054105,0.10143699603540929,-2.6796845417781565,0.017583183067157993,0.8100245265100289
2368,18,494,55.99463969610678,3684.4657106501672,81.42211507964093,3862.904094352834,54.0,0.10144833133620683,-1.508762544229051,0.10143699603540929,-1.4953162283072836,0.017583183067157993,0.5922708832941113
2369,25,494,264.330530090726,3842.899620060988,81.42211507964093,3862.904094352834,54.0,0.10144833133620683,-2.1861554455437764,0.10143699603540929,-2.1825234204765036,0.017583183067157993,0.5465322316824123
2370,26,495,492.46916862384336,4319.554466150916,549.2870939563649,4305.9995539661,54.0,0.10144833133620683,-0.48719332196332366,0.10143699603540929,-0.4848752917369625,0.017583183067157993,0.11061893683923882
2371,34,495,645.8872104090177,4370.307858894735,549.2870939563649,4305.9995539661,54.0,0.10144833133620683,-1.4083620079582784,0.10143699603540929,-1.4033817545492968,0.017583183067157993,0.2613919179039986
2372,30,495,625.9985091941669,4344.425799606012,549.2870939563649,4305.9995539661,54.0,0.10144833133620683,-1.0233924870257094,0.10143699603540929,-1.019044021871328,0.017583183067157993,0.19448737084052886
2373,7,495,477.9085898257795,4404.037580305916,549.2870939563649,4305.9995539661,54.0,0.10144833133620683,-1.1149443718051117,0.10143699603540929,-1.114353015183107,0.017583183067157993,0.2393945933844285
2374,37,495,628.569594659982,4182.409690156388,549.2870939563649,4305.9995539661,54.0,0.10144833133620683,-1.7002312729946942,0.10143699603540929,-1.7023467190514519,0.017583183067157993,0.38149026479378756
2375,29,495,679.1344462972443,4226.875249913833,549.2870939563649,4305.9995539661,54.0,0.10144833133620683,-1.8099066325142148,0.10143699603540929,-1.8096843416057546,0.017583183067157993,0.4414776056314199
2376,44,495,472.0029937650396,4104.126300266757,549.2870939563649,4305.9995539661,54.0,0.10144833133620683,-1.8912884857331,0.10143699603540929,-1.8921246451731266,0.017583183067157993,0.45367084838026317
2377,33,495,633.1852302568241,4317.679688677003,549.2870939563649,4305.9995539661,54.0,0.10144833133620683,-0.9987708280534672,0.10143699603540929,-0.9956557359700013,0.017583183067157993,0.21290855247023602
2378,56,495,677.3923123197425,4458.591690875839,549.2870939563649,4305.9995539661,54.0,0.10144833133620683,-2.5626264197949773,0.10143699603540929,-2.563110923647361,0.017583183067157993,0.4874390276682438
2379,24,495,476.8845411410292,4318.364085281663,549.2870939563649,4305.9995539661,54.0,0.10144833133620683,-0.6735305128756681,0.10143699603540929,-0.6718917600744466,0.017583183067157993,0.13917271327948427
2380,23,495,503.6303432677425,4330.870903253777,549.2870939563649,4305.9995539661,54.0,0.10144833133620683,-0.3632922549249676,0.10143699603540929,-0.3621525304565219,0.017583183067157993,0.09901820582436562
2381,43,495,630.0947010611478,4141.259609929846,549.2870939563649,4305.9995539661,54.0,0.10144833133620683,-2.261065907050806,0.10143699603540929,-2.261302937665383,0.017583183067157993,0.4676571413362777
2382,35,495,583.2192292927565,4207.570440686977,549.2870939563649,4305.9995539661,54.0,0.10144833133620683,-1.2158393075480523,0.10143699603540929,-1.2147826796194856,0.017583183067157993,0.25358234035656235
2383,30,496,625.9985091941669,4344.425799606012,544.4098499221095,4286.51728713991,54.0,0.10144833133620683,-1.2013836469283083,0.10143699603540929,-1.1967313027960738,0.017583183067157993,0.22745885315372685
2384,34,496,645.8872104090177,4370.307858894735,544.4098499221095,4286.51728713991,54.0,0.10144833133620683,-1.6222317890302358,0.10143699603540929,-1.615895820561061,0.017583183067157993,0.29798094749324733
2385,37,496,628.569594659982,4182.409690156388,544.4098499221095,4286.51728713991,54.0,0.10144833133620683,-1.4465716743130113,0.10143699603540929,-1.447758695229642,0.017583183067157993,0.33284773988192295
2386,26,496,492.46916862384336,4319.554466150916,544.4098499221095,4286.51728713991,54.0,0.10144833133620683,-0.5473861033777678,0.10143699603540929,-0.5457112094949217,0.017583183067157993,0.11824286311632798
2387,33,496,633.1852302568241,4317.679688677003,544.4098499221095,4286.51728713991,54.0,0.10144833133620683,-1.1820752638273335,0.10143699603540929,-1.182589798564526,0.017583183067157993,0.24063209791707596
2388,35,496,583.2192292927565,4207.570440686977,544.4098499221095,4286.51728713991,54.0,0.10144833133620683,-0.9098378887767122,0.10143699603540929,-0.9077744883277867,0.017583183067157993,0.21066086865178174
2389,29,496,679.1344462972443,4226.875249913833,544.4098499221095,4286.51728713991,54.0,0.10144833133620683,-1.7368239333382378,0.10143699603540929,-1.7358897841355765,0.017583183067157993,0.43344168134533767
2390,24,496,476.8845411410292,4318.364085281663,544.4098499221095,4286.51728713991,54.0,0.10144833133620683,-0.7077464462285892,0.10143699603540929,-0.7071360854714255,0.017583183067157993,0.14376875942076106
2391,7,496,477.9085898257795,4404.037580305916,544.4098499221095,4286.51728713991,54.0,0.10144833133620683,-1.2284354975465817,0.10143699603540929,-1.2308627172998798,0.017583183067157993,0.26727717189674005
2392,23,496,494.196311185903,4314.004446640305,544.4098499221095,4286.51728713991,54.0,0.10144833133620683,-0.49271064304812184,0.10143699603540929,-0.49114896247042206,0.017583183067157993,0.10955969528788702
2393,29,497,679.1344462972443,4226.875249913833,526.9955380856456,4287.393509187453,54.0,0.10144833133620683,-1.8038845398504533,0.10143699603540929,-1.8019789498693854,0.017583183067157993,0.4592286771837435
2394,37,497,628.569594659982,4182.409690156388,526.9955380856456,4287.393509187453,54.0,0.10144833133620683,-1.441817589844021,0.10143699603540929,-1.44057776370507,0.017583183067157993,0.35749624936094876
2395,26,497,492.46916862384336,4319.554466150916,526.9955380856456,4287.393509187453,54.0,0.10144833133620683,-0.4441262288482544,0.10143699603540929,-0.44315214424652943,0.017583183067157993,0.09051094511179794
2396,44,497,472.0029937650396,4104.126300266757,526.9955380856456,4287.393509187453,54.0,0.10144833133620683,-1.8452389828120186,0.10143699603540929,-1.84705187708893,0.017583183067157993,0.3974867554770016
2397,34,497,645.8872104090177,4370.307858894735,526.9955380856456,4287.393509187453,54.0,0.10144833133620683,-1.6151796829716236,0.10143699603540929,-1.6088437524960457,0.017583183067157993,0.318455778674276
2398,43,497,630.0947010611478,4141.259609929846,526.9955380856456,4287.393509187453,54.0,0.10144833133620683,-1.9522677212026398,0.10143699603540929,-1.9498546626547877,0.017583183067157993,0.4526422469766312
2399,30,497,625.9985091941669,4344.425799606012,526.9955380856456,4287.393509187453,54.0,0.10144833133620683,-1.2178273333411598,0.10143699603540929,-1.2121182215539215,0.017583183067157993,0.24937433348918123
2400,7,497,477.9085898257795,4404.037580305916,526.9955380856456,4287.393509187453,54.0,0.10144833133620683,-1.2668100271703033,0.10143699603540929,-1.2719120974079505,0.017583183067157993,0.25119867502572485
2401,24,497,476.8845411410292,4318.364085281663,526.9955380856456,4287.393509187453,54.0,0.10144833133620683,-0.5927924379184669,0.10143699603540929,-0.5929506137450062,0.017583183067157993,0.11341630930486467
2402,33,497,633.1852302568241,4317.679688677003,526.9955380856456,4287.393509187453,54.0,0.10144833133620683,-1.2555447939756095,0.10143699603540929,-1.254248591774405,0.017583183067157993,0.26848954107330913
2403,35,497,583.2192292927565,4207.570440686977,526.9955380856456,4287.393509187453,54.0,0.10144833133620683,-0.8990265111333718,0.10143699603540929,-0.895004672612641,0.017583183067157993,0.23422718340043763
2404,23,497,490.5503478417671,4307.460726632768,526.9955380856456,4287.393509187453,54.0,0.10144833133620683,-0.3763367253050313,0.10143699603540929,-0.3759445304526961,0.017583183067157993,0.07981892892373708
2405,43,498,630.0947010611478,4141.259609929846,502.3554500387008,4287.081754576032,54.0,0.10144833133620683,-2.187308365494714,0.10143699603540929,-2.1883873563530525,0.017583183067157993,0.4947772922832242
2406,26,498,492.46916862384336,4319.554466150916,502.3554500387008,4287.081754576032,54.0,0.10144833133620683,-0.364324914780103,0.10143699603540929,-0.36488485454575165,0.017583183067157993,0.06694633350353396
2407,37,498,628.569594659982,4182.409690156388,502.3554500387008,4287.081754576032,54.0,0.10144833133620683,-1.5600524300578376,0.10143699603540929,-1.5571789857877627,0.017583183067157993,0.39948042940487055
2408,29,498,679.1344462972443,4226.875249913833,502.3554500387008,4287.081754576032,54.0,0.10144833133620683,-1.9400780073795796,0.10143699603540929,-1.9363883086532676,0.017583183067157993,0.5000700471037541
2409,30,498,625.9985091941669,4344.425799606012,502.3554500387008,4287.081754576032,54.0,0.10144833133620683,-1.3508334418162062,0.10143699603540929,-1.345261870207381,0.017583183067157993,0.2882160799322673
2410,35,498,583.2192292927565,4207.570440686977,502.3554500387008,4287.081754576032,54.0,0.10144833133620683,-1.0735918989662312,0.10143699603540929,-1.0708458392316178,0.017583183067157993,0.2734604480977923
2411,24,498,476.8845411410292,4318.364085281663,502.3554500387008,4287.081754576032,54.0,0.10144833133620683,-0.4303564093165454,0.10143699603540929,-0.43100466859555514,0.017583183067157993,0.07963873145994635
2412,33,498,633.1852302568241,4317.679688677003,502.3554500387008,4287.081754576032,54.0,0.10144833133620683,-1.3837686256482957,0.10143699603540929,-1.380411011895128,0.017583183067157993,0.31004051714255254
2413,8,498,404.480912881415,4338.111065579622,502.3554500387008,4287.081754576032,54.0,0.10144833133620683,-1.3157261209763704,0.10143699603540929,-1.3131501861279116,0.017583183067157993,0.28275204090574624
2414,34,498,645.8872104090177,4370.307858894735,502.3554500387008,4287.081754576032,54.0,0.10144833133620683,-1.701199017401783,0.10143699603540929,-1.6956409683922997,0.017583183067157993,0.35418152583193074
2415,23,498,485.3312407692456,4298.036308618457,502.3554500387008,4287.081754576032,54.0,0.10144833133620683,-0.16429628998843915,0.10143699603540929,-0.1639145808160255,0.017583183067157993,0.040570993771668507
2416,44,498,472.0029937650396,4104.126300266757,502.3554500387008,4287.081754576032,54.0,0.10144833133620683,-1.5464267924450281,0.10143699603540929,-1.5447158597766288,0.017583183067157993,0.3664624691329548
2417,7,498,477.9085898257795,4404.037580305916,502.3554500387008,4287.081754576032,54.0,0.10144833133620683,-1.4423797762569448,0.10143699603540929,-1.4478231106174446,0.017583183067157993,0.2366781354867688
2418,43,499,630.0947010611478,4141.259609929846,521.860148154005,4271.043596927122,54.0,0.10144833133620683,-1.930421918860692,0.10143699603540929,-1.9304745326516697,0.017583183067157993,0.4410228543157834
2419,30,499,625.9985091941669,4344.425799606012,521.860148154005,4271.043596927122,54.0,0.10144833133620683,-1.3940473859998095,0.10143699603540929,-1.3888281989647477,0.017583183067157993,0.2823824780780693
2420,34,499,645.8872104090177,4370.307858894735,521.860148154005,4271.043596927122,54.0,0.10144833133620683,-1.805473797935551,0.10143699603540929,-1.7985678273891859,0.017583183067157993,0.3528259730517301
2421,37,499,628.569594659982,4182.409690156388,521.860148154005,4271.043596927122,54.0,0.10144833133620683,-1.3443662772426863,0.10143699603540929,-1.341784360010228,0.017583183067157993,0.3482420754256279
2422,24,499,476.8845411410292,4318.364085281663,521.860148154005,4271.043596927122,54.0,0.10144833133620683,-0.6442063347973426,0.10143699603540929,-0.6445927506581188,0.017583183067157993,0.1293092304065345
2423,33,499,633.1852302568241,4317.679688677003,521.860148154005,4271.043596927122,54.0,0.10144833133620683,-1.3961060164649979,0.10143699603540929,-1.3969786276396436,0.017583183067157993,0.2985375567632363
2424,35,499,583.2192292927565,4207.570440686977,521.860148154005,4271.043596927122,54.0,0.10144833133620683,-0.8434954903391927,0.10143699603540929,-0.8405548119580282,0.017583183067157993,0.22156404574260113
2425,26,499,492.46916862384336,4319.554466150916,521.860148154005,4271.043596927122,54.0,0.10144833133620683,-0.5371900490894649,0.10143699603540929,-0.5367670161337412,0.017583183067157993,0.1113961705067115
2426,29,499,679.1344462972443,4226.875249913833,521.860148154005,4271.043596927122,54.0,0.10144833133620683,-1.7523511783906074,0.10143699603540929,-1.7480424323332897,0.017583183067157993,0.4532766717960576
2427,44,499,472.0029937650396,4104.126300266757,521.860148154005,4271.043596927122,54.0,0.10144833133620683,-1.7032702540781632,0.10143699603540929,-1.7052761872384368,0.017583183067157993,0.3621932589758884
2428,23,499,485.3312407692456,4298.036308618457,521.860148154005,4271.043596927122,54.0,0.10144833133620683,-0.3815444213075924,0.10143699603540929,-0.38086840461636334,0.017583183067157993,0.09214715109222377
2429,26,500,492.46916862384336,4319.554466150916,490.1742733047821,4255.374110181812,54.0,0.10144833133620683,-0.5347205511205948,0.10143699603540929,-0.5328876297759656,0.017583183067157993,0.12861529515787418
2430,42,500,483.2022524961118,4104.318470707111,490.1742733047821,4255.374110181812,54.0,0.10144833133620683,-1.3374372099074157,0.10143699603540929,-1.3370731986760835,0.017583183067157993,0.30726652575474916
2431,33,500,633.1852302568241,4317.679688677003,490.1742733047821,4255.374110181812,54.0,0.10144833133620683,-1.7115570356715766,0.10143699603540929,-1.711711996921978,0.017583183067157993,0.3795678356863048
2432,43,500,630.0947010611478,4141.259609929846,490.1742733047821,4255.374110181812,54.0,0.10144833133620683,-2.1333878848636876,0.10143699603540929,-2.136352557341202,0.017583183067157993,0.45068795200223694
2433,37,500,628.569594659982,4182.409690156388,490.1742733047821,4255.374110181812,54.0,0.10144833133620683,-1.7185047292979418,0.10143699603540929,-1.718946871184338,0.017583183067157993,0.38071486414888894
2434,24,500,476.8845411410292,4318.364085281663,490.1742733047821,4255.374110181812,54.0,0.10144833133620683,-0.53117325333724,0.10143699603540929,-0.5292517222749938,0.017583183067157993,0.12902346106090679
2435,41,500,461.8106926932424,4070.996636995212,490.1742733047821,4255.374110181812,54.0,0.10144833133620683,-1.6309388444993602,0.10143699603540929,-1.63097312196737,0.017583183067157993,0.3498285241597836
2436,30,500,625.9985091941669,4344.425799606012,490.1742733047821,4255.374110181812,54.0,0.10144833133620683,-1.6631303305232465,0.10143699603540929,-1.656751929970614,0.017583183067157993,0.3559656946976534
2437,44,500,472.0029937650396,4104.126300266757,490.1742733047821,4255.374110181812,54.0,0.10144833133620683,-1.3194976875475257,0.10143699603540929,-1.319929772846527,0.017583183067157993,0.29836916515338774
2438,23,500,485.3312407692456,4298.036308618457,490.1742733047821,4255.374110181812,54.0,0.10144833133620683,-0.27800184910348924,0.10143699603540929,-0.2754092555440206,0.017583183067157993,0.08705421366730014
2439,35,500,583.2192292927565,4207.570440686977,490.1742733047821,4255.374110181812,54.0,0.10144833133620683,-1.1395251866650675,0.10143699603540929,-1.1387147179713872,0.017583183067157993,0.2530965410323517
2440,29,500,679.1344462972443,4226.875249913833,490.1742733047821,4255.374110181812,54.0,0.10144833133620683,-1.9689990159771589,0.10143699603540929,-1.963993004273492,0.017583183067157993,0.5187525053887231
2441,33,501,633.1852302568241,4317.679688677003,544.1009429454423,4239.798803024585,54.0,0.10144833133620683,-1.3671180625444728,0.10143699603540929,-1.3692614297739703,0.017583183067157993,0.3270464524616557
2442,37,501,628.569594659982,4182.409690156388,544.1009429454423,4239.798803024585,54.0,0.10144833133620683,-1.1174688734770692,0.10143699603540929,-1.116803862927727,0.017583183067157993,0.26120121044889444
2443,30,501,625.9985091941669,4344.425799606012,544.1009429454423,4239.798803024585,54.0,0.10144833133620683,-1.5908729770865404,0.10143699603540929,-1.58989029346556,0.017583183067157993,0.31753911975677945
2444,44,501,472.0029937650396,4104.126300266757,544.1009429454423,4239.798803024585,54.0,0.10144833133620683,-1.4749407696700174,0.10143699603540929,-1.4769628845609695,0.017583183067157993,0.3386870831328706
2445,29,501,679.1344462972443,4226.875249913833,544.1009429454423,4239.798803024585,54.0,0.10144833133620683,-1.4865888073669464,0.10143699603540929,-1.4816167510587137,0.017583183067157993,0.38598120017875776
2446,7,501,477.9085898257795,4404.037580305916,544.1009429454423,4239.798803024585,54.0,0.10144833133620683,-1.625776928908146,0.10143699603540929,-1.629674569237271,0.017583183067157993,0.36743936250327386
2447,23,501,485.3312407692456,4298.036308618457,544.1009429454423,4239.798803024585,54.0,0.10144833133620683,-0.711505926942,0.10143699603540929,-0.7110965680693914,0.017583183067157993,0.18646884957176138
2448,34,501,645.8872104090177,4370.307858894735,544.1009429454423,4239.798803024585,54.0,0.10144833133620683,-2.049535145240802,0.10143699603540929,-2.0462586103443714,0.017583183067157993,0.40473061430961654
2449,24,501,476.8845411410292,4318.364085281663,544.1009429454423,4239.798803024585,54.0,0.10144833133620683,-0.9529720437973715,0.10143699603540929,-0.9531523948796112,0.017583183067157993,0.22352950193084375
2450,35,501,583.2192292927565,4207.570440686977,544.1009429454423,4239.798803024585,54.0,0.10144833133620683,-0.5851170828445442,0.10143699603540929,-0.5836866078001484,0.017583183067157993,0.1347705376305312
2451,33,502,633.1852302568241,4317.679688677003,493.8152420653565,4235.364592782937,54.0,0.10144833133620683,-1.8504187866429878,0.10143699603540929,-1.852135289044893,0.017583183067157993,0.397186461174246
2452,26,502,492.46916862384336,4319.554466150916,493.8152420653565,4235.364592782937,54.0,0.10144833133620683,-0.7021058197654704,0.10143699603540929,-0.69988547305212,0.017583183067157993,0.16726219938788872
2453,44,502,472.0029937650396,4104.126300266757,493.8152420653565,4235.364592782937,54.0,0.10144833133620683,-1.1777001783895082,0.10143699603540929,-1.1785680655939166,0.017583183067157993,0.26209284767630076
2454,43,502,630.0947010611478,4141.259609929846,493.8152420653565,4235.364592782937,54.0,0.10144833133620683,-1.8756749157706663,0.10143699603540929,-1.8803511327270672,0.017583183067157993,0.4192078228722393
2455,37,502,628.569594659982,4182.409690156388,493.8152420653565,4235.364592782937,54.0,0.10144833133620683,-1.729075729666189,0.10143699603540929,-1.7323073177648916,0.017583183067157993,0.35058612529073424
2456,30,502,625.9985091941669,4344.425799606012,493.8152420653565,4235.364592782937,54.0,0.10144833133620683,-1.9258345464543685,0.10143699603540929,-1.9214909401441802,0.017583183067157993,0.3868775759050448
2457,23,502,485.3312407692456,4298.036308618457,493.8152420653565,4235.364592782937,54.0,0.10144833133620683,-0.4486641783074224,0.10143699603540929,-0.44566967002309077,0.017583183067157993,0.1265331639005613
2458,45,502,517.3116391169647,4113.7490927459785,493.8152420653565,4235.364592782937,54.0,0.10144833133620683,-1.129723625443918,0.10143699603540929,-1.1318434370933859,0.017583183067157993,0.2881958847661834
2459,35,502,583.2192292927565,4207.570440686977,493.8152420653565,4235.364592782937,54.0,0.10144833133620683,-1.1709601715262763,0.10143699603540929,-1.171256205280778,0.017583183067157993,0.224994294536695
2460,41,502,461.8106926932424,4070.996636995212,493.8152420653565,4235.364592782937,54.0,0.10144833133620683,-1.537372689638334,0.10143699603540929,-1.5382922254870386,0.017583183067157993,0.31288036326469304
2461,29,502,679.1344462972443,4226.875249913833,493.8152420653565,4235.364592782937,54.0,0.10144833133620683,-2.021620805773764,0.10143699603540929,-2.017896878984823,0.017583183067157993,0.49831337296897327
2462,24,502,476.8845411410292,4318.364085281663,493.8152420653565,4235.364592782937,54.0,0.10144833133620683,-0.7015473370617815,0.10143699603540929,-0.6992323363923315,0.017583183067157993,0.1683513475383406
2463,26,503,492.46916862384336,4319.554466150916,468.1538607220498,4241.128223716155,54.0,0.10144833133620683,-0.8100360840081995,0.10143699603540929,-0.807891095121718,0.017583183067157993,0.16949878928714432
2464,37,503,628.569594659982,4182.409690156388,468.1538607220498,4241.128223716155,54.0,0.10144833133620683,-1.9486418195602329,0.10143699603540929,-1.9523195952985952,0.017583183067157993,0.4035847301313549
2465,29,503,679.1344462972443,4226.875249913833,468.1538607220498,4241.128223716155,54.0,0.10144833133620683,-2.2794589870579256,0.10143699603540929,-2.2753949604880823,0.017583183067157993,0.5503754204846608
2466,30,503,625.9985091941669,4344.425799606012,468.1538607220498,4241.128223716155,54.0,0.10144833133620683,-1.8653936474388884,0.10143699603540929,-1.857297781937725,0.017583183067157993,0.4095587044258819
2467,44,503,472.0029937650396,4104.126300266757,468.1538607220498,4241.128223716155,54.0,0.10144833133620683,-1.039750242367057,0.10143699603540929,-1.036438021754133,0.017583183067157993,0.26712018176243074
2468,42,503,481.95797351825536,4104.321037374665,468.1538607220498,4241.128223716155,54.0,0.10144833133620683,-1.2136548320434655,0.10143699603540929,-1.2104415175128678,0.017583183067157993,0.28151262144976247
2469,41,503,461.8106926932424,4070.996636995212,468.1538607220498,4241.128223716155,54.0,0.10144833133620683,-1.4524723406609366,0.10143699603540929,-1.4496372665755823,0.017583183067157993,0.316154771060248
2470,24,503,476.8845411410292,4318.364085281663,468.1538607220498,4241.128223716155,54.0,0.10144833133620683,-1.1595635878305102,0.10143699603540929,-1.1589502458646799,0.017583183067157993,0.17008640576531536
2471,8,503,404.480912881415,4338.111065579622,468.1538607220498,4241.128223716155,54.0,0.10144833133620683,-1.3488343851298668,0.10143699603540929,-1.344700136690367,0.017583183067157993,0.30484997018797055
2472,23,503,485.3312407692456,4298.036308618457,468.1538607220498,4241.128223716155,54.0,0.10144833133620683,-0.5448463596525821,0.10143699603540929,-0.5419791347817667,0.017583183067157993,0.12549941295465467
2473,43,503,630.0947010611478,4141.259609929846,468.1538607220498,4241.128223716155,54.0,0.10144833133620683,-2.0475715765664892,0.10143699603540929,-2.0518408214045167,0.017583183067157993,0.47069557003841883
2474,35,503,583.2192292927565,4207.570440686977,468.1538607220498,4241.128223716155,54.0,0.10144833133620683,-1.428086586913754,0.10143699603540929,-1.428087979949722,0.017583183067157993,0.2768168713699433
2475,19,504,324.8153272931308,4135.979057138678,499.7287176848287,4232.444068380425,54.0,0.10144833133620683,-2.029058290184053,0.10143699603540929,-2.0284035757054237,0.017583183067157993,0.45563181320032586
2476,16,504,510.22088537403255,4246.5421852479,499.7287176848287,4232.444068380425,54.0,0.10144833133620683,-0.23100261748545908,0.10143699603540929,-0.23129468206319453,0.017583183067157993,0.03654743099750847
2477,29,504,679.1344462972443,4226.875249913833,499.7287176848287,4232.444068380425,54.0,0.10144833133620683,-1.9622381595684926,0.10143699603540929,-1.9584357595404256,0.017583183067157993,0.486772233654413
2478,24,504,476.8845411410292,4318.364085281663,499.7287176848287,4232.444068380425,54.0,0.10144833133620683,-0.7409345624746566,0.10143699603540929,-0.7386292964875415,0.017583183067157993,0.17641364100738183
2479,23,504,485.3312407692456,4298.036308618457,499.7287176848287,4232.444068380425,54.0,0.10144833133620683,-0.48467233326817033,0.10143699603540929,-0.48167478048115236,0.017583183067157993,0.1340779776711944
2480,26,505,492.46916862384336,4319.554466150916,469.7454521096344,4301.154322219481,54.0,0.10144833133620683,-0.42499271783114245,0.10143699603540929,-0.4254181178756491,0.017583183067157993,0.0606418032693001
2481,67,505,614.1933123417826,4407.07660776138,469.7454521096344,4301.154322219481,54.0,0.10144833133620683,-1.7156388219211918,0.10143699603540929,-1.7155599986958854,0.017583183067157993,0.3593719213114102
2482,22,505,301.6304881357929,4156.037775497009,469.7454521096344,4301.154322219481,54.0,0.10144833133620683,-2.4147918863021602,0.10143699603540929,-2.4080847156379726,0.017583183067157993,0.5785166589619815
2483,44,505,472.0029937650396,4104.126300266757,469.7454521096344,4301.154322219481,54.0,0.10144833133620683,-1.9722175037316527,0.10143699603540929,-1.9676644527354974,0.017583183067157993,0.40226285427185526
2484,33,505,633.1852302568241,4317.679688677003,469.7454521096344,4301.154322219481,54.0,0.10144833133620683,-1.7754717181299589,0.10143699603540929,-1.7704925525979989,0.017583183067157993,0.3621798651150901
2485,30,505,625.9985091941669,4344.425799606012,469.7454521096344,4301.154322219481,54.0,0.10144833133620683,-1.738064393579143,0.10143699603540929,-1.735029526761923,0.017583183067157993,0.33270929950751915
2486,19,505,324.8153272931308,4135.979057138678,469.7454521096344,4301.154322219481,54.0,0.10144833133620683,-2.5509783470406338,0.10143699603540929,-2.5518035314072534,0.017583183067157993,0.5535524137273927
2487,23,505,473.2888408458269,4304.725925046426,469.7454521096344,4301.154322219481,54.0,0.10144833133620683,-0.10395019911952819,0.10143699603540929,-0.1035776641418826,0.017583183067157993,0.012049858124944565
2488,24,505,476.8845411410292,4318.364085281663,469.7454521096344,4301.154322219481,54.0,0.10144833133620683,-0.36462840140914443,0.10143699603540929,-0.3637650128674663,0.017583183067157993,0.044856258259389145
2489,30,506,625.9985091941669,4344.425799606012,555.2813891908964,4308.169914388606,54.0,0.10144833133620683,-0.9620083466536693,0.10143699603540929,-0.9579590109279156,0.017583183067157993,0.18154038531961542
2490,67,506,614.1933123417826,4407.07660776138,555.2813891908964,4308.169914388606,54.0,0.10144833133620683,-1.3509849425139862,0.10143699603540929,-1.3495357701977289,0.017583183067157993,0.25314553527588013
2491,24,506,476.8845411410292,4318.364085281663,555.2813891908964,4308.169914388606,54.0,0.10144833133620683,-0.7312136364132102,0.10143699603540929,-0.7291846552385698,0.017583183067157993,0.1512833431467475
2492,16,506,519.0070440168354,4262.203633597157,555.2813891908964,4308.169914388606,54.0,0.10144833133620683,-0.4759375330575407,0.10143699603540929,-0.4743110703671735,0.017583183067157993,0.12344546888122146
2493,68,506,607.5300941255965,4399.875364871049,555.2813891908964,4308.169914388606,54.0,0.10144833133620683,-1.2125828737743687,0.10143699603540929,-1.2103012955553265,0.017583183067157993,0.22979461944018453
2494,29,506,679.1344462972443,4226.875249913833,555.2813891908964,4308.169914388606,54.0,0.10144833133620683,-1.7324126029170535,0.10143699603540929,-1.7315487931969094,0.017583183067157993,0.43457158624284326
2495,23,506,504.75274351062166,4332.980003603095,555.2813891908964,4308.169914388606,54.0,0.10144833133620683,-0.39767124244929863,0.10143699603540929,-0.39694553631383767,0.017583183067157993,0.10958206369749694
2496,44,506,472.0029937650396,4104.126300266757,555.2813891908964,4308.169914388606,54.0,0.10144833133620683,-1.9581968633949012,0.10143699603540929,-1.9593492940312995,0.017583183067157993,0.4730539075863568
2497,26,506,492.46916862384336,4319.554466150916,555.2813891908964,4308.169914388606,54.0,0.10144833133620683,-0.5437925583719154,0.10143699603540929,-0.5410987439374335,0.017583183067157993,0.12238193653114457
2498,29,507,679.1344462972443,4226.875249913833,528.2616691728058,4293.079481721901,54.0,0.10144833133620683,-1.8543677082885524,0.10143699603540929,-1.8530020456931964,0.017583183067157993,0.4673145891829245
2499,33,507,633.1852302568241,4317.679688677003,528.2616691728058,4293.079481721901,54.0,0.10144833133620683,-1.1861423937298907,0.10143699603540929,-1.1833891399525536,0.017583183067157993,0.25962444881478536
2500,23,507,493.2419465724456,4312.2296775236855,528.2616691728058,4293.079481721901,54.0,0.10144833133620683,-0.3696139292703261,0.10143699603540929,-0.3686673123821109,0.017583183067157993,0.07562956479687956
2501,68,507,607.5300941255965,4399.875364871049,528.2616691728058,4293.079481721901,54.0,0.10144833133620683,-1.2787151602255016,0.10143699603540929,-1.275219160836847,0.017583183067157993,0.27413823437153234
2502,26,507,492.46916862384336,4319.554466150916,528.2616691728058,4293.079481721901,54.0,0.10144833133620683,-0.4270348168410159,0.10143699603540929,-0.4259022945974974,0.017583183067157993,0.08508741407537372
2503,44,507,472.0029937650396,4104.126300266757,528.2616691728058,4293.079481721901,54.0,0.10144833133620683,-1.8853330400178576,0.10143699603540929,-1.8869581286721613,0.017583183067157993,0.4087613342372093
2504,43,507,630.0947010611478,4141.259609929846,528.2616691728058,4293.079481721901,54.0,0.10144833133620683,-1.9896193112520904,0.10143699603540929,-1.987420090899757,0.017583183067157993,0.4582574317268443
2505,35,507,583.2192292927565,4207.570440686977,528.2616691728058,4293.079481721901,54.0,0.10144833133620683,-0.9430690252497553,0.10143699603540929,-0.9393799595962955,0.017583183067157993,0.24059197833676943
2506,24,507,476.8845411410292,4318.364085281663,528.2616691728058,4293.079481721901,54.0,0.10144833133620683,-0.5860316254749879,0.10143699603540929,-0.5858899812330313,0.017583183067157993,0.10969212535603572
2507,67,507,614.1933123417826,4407.07660776138,528.2616691728058,4293.079481721901,54.0,0.10144833133620683,-1.4270066925269702,0.10143699603540929,-1.424267988866551,0.017583183067157993,0.29683328034380413
2508,37,507,628.569594659982,4182.409690156388,528.2616691728058,4293.079481721901,54.0,0.10144833133620683,-1.490554871628419,0.10143699603540929,-1.4900277870803529,0.017583183067157993,0.36235101285468324
2509,34,507,645.8872104090177,4370.307858894735,528.2616691728058,4293.079481721901,54.0,0.10144833133620683,-1.5631656526925686,0.10143699603540929,-1.5574370027000306,0.017583183067157993,0.3088914753729592
2510,30,507,625.9985091941669,4344.425799606012,528.2616691728058,4293.079481721901,54.0,0.10144833133620683,-1.1768671427767972,0.10143699603540929,-1.1714934718733845,0.017583183067157993,0.24085711615346522
2511,35,508,583.2192292927565,4207.570440686977,480.8723494206272,4270.11559654706,54.0,0.10144833133620683,-1.1763544759941051,0.10143699603540929,-1.1741851897150337,0.017583183067157993,0.28971454537772645
2512,30,508,625.9985091941669,4344.425799606012,480.8723494206272,4270.11559654706,54.0,0.10144833133620683,-1.5365012818298558,0.10143699603540929,-1.5291762647110667,0.017583183067157993,0.3424377901947632
2513,43,508,630.0947010611478,4141.259609929846,480.8723494206272,4270.11559654706,54.0,0.10144833133620683,-2.203769817339355,0.10143699603540929,-2.2048272552202537,0.017583183067157993,0.4895395695155862
2514,22,508,301.6304881357929,4156.037775497009,480.8723494206272,4270.11559654706,54.0,0.10144833133620683,-1.9815681520718493,0.10143699603540929,-1.9790363737968424,0.017583183067157993,0.5365433268868594
2515,19,508,324.8153272931308,4135.979057138678,480.8723494206272,4270.11559654706,54.0,0.10144833133620683,-2.0764304591544014,0.10143699603540929,-2.0725063776085353,0.017583183067157993,0.4962840845891262
2516,26,508,492.46916862384336,4319.554466150916,480.8723494206272,4270.11559654706,54.0,0.10144833133620683,-0.48232430597078396,0.10143699603540929,-0.4821140884143452,0.017583183067157993,0.10127496979205997
2517,44,508,472.0029937650396,4104.126300266757,480.8723494206272,4270.11559654706,54.0,0.10144833133620683,-1.261038050763041,0.10143699603540929,-1.2589650370800636,0.017583183067157993,0.32679586798967886
2518,16,508,513.1636048475955,4263.301540421994,480.8723494206272,4270.11559654706,54.0,0.10144833133620683,-0.23635701145495913,0.10143699603540929,-0.23444091536809503,0.017583183067157993,0.07180204848066363
2519,29,508,679.1344462972443,4226.875249913833,480.8723494206272,4270.11559654706,54.0,0.10144833133620683,-2.036199751524232,0.10143699603540929,-2.0292979706246403,0.017583183067157993,0.532093396668254
2520,33,508,633.1852302568241,4317.679688677003,480.8723494206272,4270.11559654706,54.0,0.10144833133620683,-1.5928461722833096,0.10143699603540929,-1.5896545408827052,0.017583183067157993,0.3656728387280513
2521,34,509,645.8872104090177,4370.307858894735,506.1832779263153,4271.360107928358,54.0,0.10144833133620683,-1.842149671724115,0.10143699603540929,-1.8353484234403177,0.017583183067157993,0.3722470061981603
2522,23,509,485.3312407692456,4298.036308618457,506.1832779263153,4271.360107928358,54.0,0.10144833133620683,-0.28768495529699106,0.10143699603540929,-0.28720742655604353,0.017583183067157993,0.06940502152671141
2523,44,509,472.0029937650396,4104.126300266757,506.1832779263153,4271.360107928358,54.0,0.10144833133620683,-1.6059692310452403,0.10143699603540929,-1.6072867043348704,0.017583183067157993,0.34750548490275657
2524,33,509,633.1852302568241,4317.679688677003,506.1832779263153,4271.360107928358,54.0,0.10144833133620683,-1.514752860299565,0.10143699603540929,-1.514982883651904,0.017583183067157993,0.3243487313854023
2525,43,509,630.0947010611478,4141.259609929846,506.1832779263153,4271.360107928358,54.0,0.10144833133620683,-2.1274892700118735,0.10143699603540929,-2.131008961970812,0.017583183067157993,0.47056378512683783
2526,24,509,476.8845411410292,4318.364085281663,506.1832779263153,4271.360107928358,54.0,0.10144833133620683,-0.553797473377938,0.10143699603540929,-0.5541810784880357,0.017583183067157993,0.11107580756891855
2527,16,509,513.1636048475955,4263.301540421994,506.1832779263153,4271.360107928358,54.0,0.10144833133620683,-0.11800814604656026,0.10143699603540929,-0.11819056459924895,0.017583183067157993,0.025292872118074787
2528,29,509,679.1344462972443,4226.875249913833,506.1832779263153,4271.360107928358,54.0,0.10144833133620683,-1.9128832036784666,0.10143699603540929,-1.9086109293423312,0.017583183067157993,0.48613893819660364
2529,30,509,625.9985091941669,4344.425799606012,506.1832779263153,4271.360107928358,54.0,0.10144833133620683,-1.4521880896871668,0.10143699603540929,-1.4463520473524563,0.017583183067157993,0.30316103509102243
2530,35,509,583.2192292927565,4207.570440686977,506.1832779263153,4271.360107928358,54.0,0.10144833133620683,-1.0244604069235594,0.10143699603540929,-1.0235701663133405,0.017583183067157993,0.2523480598811655
2531,67,509,614.1933123417826,4407.07660776138,506.1832779263153,4271.360107928358,54.0,0.10144833133620683,-1.6438819142736458,0.10143699603540929,-1.6405412667463617,0.017583183067157993,0.35600118303460343
2532,37,509,628.569594659982,4182.409690156388,506.1832779263153,4271.360107928358,54.0,0.10144833133620683,-1.5403073639167018,0.10143699603540929,-1.539617774744872,0.017583183067157993,0.38003420625281675
2533,41,510,461.8106926932424,4070.996636995212,486.333478002448,4218.397487853233,54.0,0.10144833133620683,-1.3141851906743098,0.10143699603540929,-1.3142266380007757,0.017583183067157993,0.2772487504251583
2534,33,510,633.1852302568241,4317.679688677003,486.333478002448,4218.397487853233,54.0,0.10144833133620683,-1.9870947816431594,0.10143699603540929,-1.9900797057401456,0.017583183067157993,0.43668111445031693
2535,35,510,583.2192292927565,4207.570440686977,486.333478002448,4218.397487853233,54.0,0.10144833133620683,-1.0802483379152958,0.10143699603540929,-1.0821960394942445,0.017583183067157993,0.24077341096612043
2536,45,510,517.3116391169647,4113.7490927459785,486.333478002448,4218.397487853233,54.0,0.10144833133620683,-0.944728069689814,0.10143699603540929,-0.9445968010899748,0.017583183067157993,0.2554164448202638
2537,19,510,324.8153272931308,4135.979057138678,486.333478002448,4218.397487853233,54.0,0.10144833133620683,-1.8457610151184924,0.10143699603540929,-1.8451191589412377,0.017583183067157993,0.4155948297845579
2538,23,510,485.3312407692456,4298.036308618457,486.333478002448,4218.397487853233,54.0,0.10144833133620683,-0.6045736507804245,0.10143699603540929,-0.6020031270114132,0.017583183067157993,0.15998075086246444
2539,43,510,630.0947010611478,4141.259609929846,486.333478002448,4218.397487853233,54.0,0.10144833133620683,-1.7695357407001138,0.10143699603540929,-1.7738796924527416,0.017583183067157993,0.4181911318656241
2540,29,510,679.1344462972443,4226.875249913833,486.333478002448,4218.397487853233,54.0,0.10144833133620683,-2.0735784929975702,0.10143699603540929,-2.076271708061892,0.017583183067157993,0.5169237595262854
2541,30,510,625.9985091941669,4344.425799606012,486.333478002448,4218.397487853233,54.0,0.10144833133620683,-2.1289817481704403,0.10143699603540929,-2.1253243001122053,0.017583183067157993,0.4264214836103697
2542,37,510,628.569594659982,4182.409690156388,486.333478002448,4218.397487853233,54.0,0.10144833133620683,-1.5537296708861674,0.10143699603540929,-1.5600468692937224,0.017583183067157993,0.3592075323449106
2543,24,510,476.8845411410292,4318.364085281663,486.333478002448,4218.397487853233,54.0,0.10144833133620683,-0.8507956501665491,0.10143699603540929,-0.8489193471428025,0.017583183067157993,0.20034392498435333
2544,44,510,472.0029937650396,4104.126300266757,486.333478002448,4218.397487853233,54.0,0.10144833133620683,-0.9943528055847752,0.10143699603540929,-0.9948230819304456,0.017583183067157993,0.2244164047667172
2545,16,510,510.22088537403255,4246.5421852479,486.333478002448,4218.397487853233,54.0,0.10144833133620683,-0.4074998251286022,0.10143699603540929,-0.4082689561512759,0.017583183067157993,0.07610281797541005
2546,16,511,510.22088537403255,4246.5421852479,465.122364122729,4206.899148776987,54.0,0.10144833133620683,-0.620111808958662,0.10143699603540929,-0.6206949898036791,0.017583183067157993,0.1250255627630925
2547,30,511,625.9985091941669,4344.425799606012,465.122364122729,4206.899148776987,54.0,0.10144833133620683,-2.322061260839447,0.10143699603540929,-2.3181074270147355,0.017583183067157993,0.4730033280769911
2548,19,511,324.8153272931308,4135.979057138678,465.122364122729,4206.899148776987,54.0,0.10144833133620683,-1.6191632271025709,0.10143699603540929,-1.6184019600431836,0.017583183067157993,0.3623453154944624
2549,41,511,461.8106926932424,4070.996636995212,465.122364122729,4206.899148776987,54.0,0.10144833133620683,-1.1119960306012846,0.10143699603540929,-1.1111821705726745,0.017583183067157993,0.24036126217472156
2550,44,511,472.0029937650396,4104.126300266757,465.122364122729,4206.899148776987,54.0,0.10144833133620683,-0.7009615404029274,0.10143699603540929,-0.699666437727601,0.017583183067157993,0.19176727974448135
2551,43,511,630.0947010611478,4141.259609929846,465.122364122729,4206.899148776987,54.0,0.10144833133620683,-1.9023912059933938,0.10143699603540929,-1.905396644383057,0.017583183067157993,0.4509787297003871
2552,45,511,517.3116391169647,4113.7490927459785,465.122364122729,4206.899148776987,54.0,0.10144833133620683,-0.9052104513324505,0.10143699603540929,-0.9047280344106522,0.017583183067157993,0.23608047599129303
2553,22,511,301.6304881357929,4156.037775497009,465.122364122729,4206.899148776987,54.0,0.10144833133620683,-1.6518629345039681,0.10143699603540929,-1.6522508934699065,0.017583183067157993,0.4050215070705927
2554,35,511,583.2192292927565,4207.570440686977,465.122364122729,4206.899148776987,54.0,0.10144833133620683,-1.2662595717802456,0.10143699603540929,-1.2682866486978888,0.017583183067157993,0.2855134351075751
2555,23,511,485.3312407692456,4298.036308618457,465.122364122729,4206.899148776987,54.0,0.10144833133620683,-0.7622339226585758,0.10143699603540929,-0.7562669783251825,0.017583183067157993,0.19824065988530087
2556,37,511,628.569594659982,4182.409690156388,465.122364122729,4206.899148776987,54.0,0.10144833133620683,-1.6701158078525564,0.10143699603540929,-1.675844795799098,0.017583183067157993,0.3996473819337785
2557,29,511,679.1344462972443,4226.875249913833,465.122364122729,4206.899148776987,54.0,0.10144833133620683,-2.231605716552129,0.10143699603540929,-2.2356762795849394,0.017583183067157993,0.5629611759539627
2558,43,512,630.0947010611478,4141.259609929846,490.5454553088719,4199.285433819725,54.0,0.10144833133620683,-1.672003124973732,0.10143699603540929,-1.6751997188438514,0.017583183067157993,0.3929183114348962
2559,65,512,465.43944178630807,4063.6597216274654,490.5454553088719,4199.285433819725,54.0,0.10144833133620683,-1.353122803487261,0.10143699603540929,-1.353002832688058,0.017583183067157993,0.2502571563827161
2560,26,512,492.46916862384336,4319.554466150916,490.5454553088719,4199.285433819725,54.0,0.10144833133620683,-1.0277742634311589,0.10143699603540929,-1.0266657305949667,0.017583183067157993,0.24451844620581126
2561,24,512,476.8845411410292,4318.364085281663,490.5454553088719,4199.285433819725,54.0,0.10144833133620683,-1.0197312509493632,0.10143699603540929,-1.0185670237419246,0.017583183067157993,0.24380353715042546
2562,41,512,461.8106926932424,4070.996636995212,490.5454553088719,4199.285433819725,54.0,0.10144833133620683,-1.2543595456138752,0.10143699603540929,-1.2545243819706042,0.017583183067157993,0.23462981503347696
2563,16,512,510.22088537403255,4246.5421852479,490.5454553088719,4199.285433819725,54.0,0.10144833133620683,-0.5517261447372968,0.10143699603540929,-0.553245819616833,0.017583183067157993,0.11127500250463329
2564,44,512,472.0029937650396,4104.126300266757,490.5454553088719,4199.285433819725,54.0,0.10144833133620683,-0.8522791110175312,0.10143699603540929,-0.8518993213026951,0.017583183067157993,0.18602218593156036
2565,29,512,679.1344462972443,4226.875249913833,490.5454553088719,4199.285433819725,54.0,0.10144833133620683,-1.9908677998598718,0.10143699603540929,-1.9947147436987156,0.017583183067157993,0.5096975831698769
2566,19,512,324.8153272931308,4135.979057138678,490.5454553088719,4199.285433819725,54.0,0.10144833133620683,-1.719149667881673,0.10143699603540929,-1.7167907024916869,0.017583183067157993,0.40473446988006123
2567,22,512,301.6304881357929,4156.037775497009,490.5454553088719,4199.285433819725,54.0,0.10144833133620683,-1.7571753212908248,0.10143699603540929,-1.7576817953472368,0.017583183067157993,0.4460072803054155
2568,23,512,485.3312407692456,4298.036308618457,490.5454553088719,4199.285433819725,54.0,0.10144833133620683,-0.7719984996032618,0.10143699603540929,-0.770134346851619,0.017583183067157993,0.20308232385881933
2569,45,512,517.3116391169647,4113.7490927459785,490.5454553088719,4199.285433819725,54.0,0.10144833133620683,-0.7741158994339382,0.10143699603540929,-0.7733338194796128,0.017583183067157993,0.21163627243520577
2570,27,512,413.6607163277177,4126.933692479007,490.5454553088719,4199.285433819725,54.0,0.10144833133620683,-0.9332559266730243,0.10143699603540929,-0.9307021125968036,0.017583183067157993,0.22245452244678837
2571,30,512,625.9985091941669,4344.425799606012,490.5454553088719,4199.285433819725,54.0,0.10144833133620683,-2.165174759394515,0.10143699603540929,-2.1650654878007503,0.017583183067157993,0.4639061361303974
2572,26,513,492.46916862384336,4319.554466150916,529.8239150277818,4263.102067604929,54.0,0.10144833133620683,-0.6119245173826369,0.10143699603540929,-0.6108873725371735,0.017583183067157993,0.1362350113252751
2573,23,513,485.3312407692456,4298.036308618457,529.8239150277818,4263.102067604929,54.0,0.10144833133620683,-0.48188119400581286,0.10143699603540929,-0.48100086275507076,0.017583183067157993,0.11898081286582353
2574,29,513,679.1344462972443,4226.875249913833,529.8239150277818,4263.102067604929,54.0,0.10144833133620683,-1.6549569801963884,0.10143699603540929,-1.650458692651126,0.017583183067157993,0.4252295469831697
2575,24,513,476.8845411410292,4318.364085281663,529.8239150277818,4263.102067604929,54.0,0.10144833133620683,-0.7357264316350912,0.10143699603540929,-0.7357831923442554,0.017583183067157993,0.1554479211294866
2576,23,514,488.8120729307579,4304.355849360457,538.5355942881802,4277.098759825456,54.0,0.10144833133620683,-0.4695374957227974,0.10143699603540929,-0.4688453689217827,0.017583183067157993,0.11029205761393027
2577,24,514,476.8845411410292,4318.364085281663,538.5355942881802,4277.098759825456,54.0,0.10144833133620683,-0.6981707421156874,0.10143699603540929,-0.6980923269071235,0.017583183067157993,0.14357462573777707
2578,16,514,519.0070440168354,4262.203633597157,538.5355942881802,4277.098759825456,54.0,0.10144833133620683,-0.1957911225115705,0.10143699603540929,-0.1950677126846168,0.017583183067157993,0.05629070977575634
2579,29,514,679.1344462972443,4226.875249913833,538.5355942881802,4277.098759825456,54.0,0.10144833133620683,-1.6676663771361138,0.10143699603540929,-1.6652598459939525,0.017583183067157993,0.42683564113511263
2580,26,514,492.46916862384336,4319.554466150916,538.5355942881802,4277.098759825456,54.0,0.10144833133620683,-0.5506573642338803,0.10143699603540929,-0.5493173320287006,0.017583183067157993,0.12081795212026047
2581,2,515,-517.6817734392575,3585.1734601257845,-374.9103311708055,3656.421360427769,54.0,0.10144833133620683,-1.5786512717001617,0.10143699603540929,-1.5683111426090688,0.017583183067157993,0.5664078941709365
2582,0,515,-370.9184736815143,3578.821080117009,-374.9103311708055,3656.421360427769,54.0,0.10144833133620683,-0.7741453901070309,0.10143699603540929,-0.7667032355802648,0.017583183067157993,0.2683546144783699
2583,2,516,-517.6817734392575,3585.1734601257845,-378.4105488505552,3641.913217468345,54.0,0.10144833133620683,-1.470768868075401,0.10143699603540929,-1.457195363914587,0.017583183067157993,0.5295769585395039
2584,0,516,-370.9184736815143,3578.821080117009,-378.4105488505552,3641.913217468345,54.0,0.10144833133620683,-0.5970120069190368,0.10143699603540929,-0.5897719545595492,0.017583183067157993,0.22201446362252866
2585,0,517,-370.9184736815143,3578.821080117009,-385.33208216661006,3627.100488486961,54.0,0.10144833133620683,-0.4838490759547373,0.10143699603540929,-0.47973474485657874,0.017583183067157993,0.17651061690360653
2586,2,518,-517.6817734392575,3585.1734601257845,-390.8209967890227,3608.249021001745,54.0,0.10144833133620683,-1.321602969763568,0.10143699603540929,-1.311037246318938,0.017583183067157993,0.4480724121753659
2587,0,518,-370.9184736815143,3578.821080117009,-390.8209967890227,3608.249021001745,54.0,0.10144833133620683,-0.3636387608654116,0.10143699603540929,-0.36227228656655985,0.017583183067157993,0.13010168210271886
2588,2,519,-517.6817734392575,3585.1734601257845,-408.2621432632536,3592.8912921219685,54.0,0.10144833133620683,-1.2197212055089768,0.10143699603540929,-1.217300421722926,0.017583183067157993,0.37749698101215823
2589,0,519,-376.58878520787545,3570.7741488906136,-408.2621432632536,3592.8912921219685,54.0,0.10144833133620683,-0.4303660899145526,0.10143699603540929,-0.4316186840951361,0.017583183067157993,0.14519837452392811
2590,14,520,-191.2861040228232,3920.912450661129,16.947210370460294,3854.162344069313,54.0,0.10144833133620683,-2.3276756892549377,0.10143699603540929,-2.3277870839012462,0.017583183067157993,0.6759575819930119
2591,14,521,-191.2861040228232,3920.912450661129,26.581794784317434,3848.416710936236,54.0,0.10144833133620683,-2.509441077464772,0.10143699603540929,-2.508670345472207,0.017583183067157993,0.7137308212726586
2592,14,522,-191.2861040228232,3920.912450661129,15.046854621301405,3832.1565750001578,54.0,0.10144833133620683,-2.45288567396657,0.10143699603540929,-2.450697792162992,0.017583183067157993,0.7056224390044762
2593,50,522,-32.87294301735424,3776.17863145535,15.046854621301405,3832.1565750001578,54.0,0.10144833133620683,-1.036604575793521,0.10143699603540929,-1.0372519572926062,0.017583183067157993,0.23144108561917487
2594,50,523,-32.87294301735424,3776.17863145535,11.187468754086296,3812.747884834706,54.0,0.10144833133620683,-0.8228966814939183,0.10143699603540929,-0.8217112470103988,0.017583183067157993,0.16782441766391598
2595,14,523,-191.2861040228232,3920.912450661129,11.187468754086296,3812.747884834706,54.0,0.10144833133620683,-2.474813560451599,0.10143699603540929,-2.4787934027452874,0.017583183067157993,0.736078236975812
2596,50,524,-32.87294301735424,3776.17863145535,35.65775954728463,3811.2184228857313,54.0,0.10144833133620683,-1.0253912354391672,0.10143699603540929,-1.022445825902495,0.017583183067157993,0.2254115440907523
2597,50,525,-32.87294301735424,3776.17863145535,14.975934229222824,3799.243068897464,54.0,0.10144833133620683,-0.752687179938159,0.10143699603540929,-0.7503039075884392,0.017583183067157993,0.14900226914972825
2598,50,526,-32.87294301735424,3776.17863145535,39.2002283746347,3788.436119844561,54.0,0.10144833133620683,-0.9465503716883348,0.10143699603540929,-0.9425895859249935,0.017583183067157993,0.21110138645621596
2599,50,527,-32.87294301735424,3776.17863145535,15.04579642413452,3767.694366626262,54.0,0.10144833133620683,-0.7664663639983569,0.10143699603540929,-0.7644373570900019,0.017583183067157993,0.14276011051158194
2600,50,528,-32.87294301735424,3776.17863145535,5.372355331992672,3771.380109193948,54.0,0.10144833133620683,-0.6504045287813611,0.10143699603540929,-0.647202541125805,0.017583183067157993,0.11143528656567739
2601,18,528,55.99463969610678,3684.4657106501672,5.372355331992672,3771.380109193948,54.0,0.10144833133620683,-0.9523588111200216,0.10143699603540929,-0.9501886914898525,0.017583183067157993,0.316932384279402
2602,14,528,-191.2861040228232,3920.912450661129,5.372355331992672,3771.380109193948,54.0,0.10144833133620683,-2.8257269450677756,0.10143699603540929,-2.8268665565583735,0.017583183067157993,0.7633514436604756
2603,50,529,-32.87294301735424,3776.17863145535,24.679452052912616,3770.6789526338025,54.0,0.10144833133620683,-0.8433312986967694,0.10143699603540929,-0.8429093055451187,0.017583183067157993,0.16927773789595693
2604,50,530,-32.87294301735424,3776.17863145535,39.83749752635614,3805.9132554474304,54.0,0.10144833133620683,-1.0092741874466182,0.10143699603540929,-1.0059166369061843,0.017583183067157993,0.22885668309205698
2605,18,530,55.99463969610678,3684.4657106501672,39.83749752635614,3805.9132554474304,54.0,0.10144833133620683,-0.9894888502474259,0.10143699603540929,-0.978386541493406,0.017583183067157993,0.3892225340747567
2606,18,531,55.99463969610678,3684.4657106501672,24.679857010352134,3808.1866342615103,54.0,0.10144833133620683,-1.075154022756918,0.10143699603540929,-1.0651989622432751,0.017583183067157993,0.4020554748081381
2607,50,531,-32.87294301735424,3776.17863145535,24.679857010352134,3808.1866342615103,54.0,0.10144833133620683,-0.9395115527611109,0.10143699603540929,-0.9368873397791158,0.017583183067157993,0.18943207181840482
2608,14,532,-191.2861040228232,3920.912450661129,43.05926388611581,3820.358120360771,54.0,0.10144833133620683,-2.8135207422382185,0.10143699603540929,-2.8115623085798163,0.017583183067157993,0.8085004735793743
2609,25,533,264.330530090726,3842.899620060988,46.2511058172998,3844.421224149216,54.0,0.10144833133620683,-2.5024319967715174,0.10143699603540929,-2.5031394568281757,0.017583183067157993,0.6822166643050311
2610,50,533,-32.87294301735424,3776.17863145535,46.2511058172998,3844.421224149216,54.0,0.10144833133620683,-1.4095471043157712,0.10143699603540929,-1.4093178759392821,0.017583183067157993,0.3225658615636109
2611,18,533,55.99463969610678,3684.4657106501672,46.2511058172998,3844.421224149216,54.0,0.10144833133620683,-1.3385764304339152,0.10143699603540929,-1.3238156952693447,0.017583183067157993,0.5201801236540747
2612,18,534,55.99463969610678,3684.4657106501672,27.838527006137475,3838.99962359604,54.0,0.10144833133620683,-1.3476658346364359,0.10143699603540929,-1.3375974301820939,0.017583183067157993,0.5018603916015386
2613,4,535,296.61979068975745,4128.179301772369,250.8258249438829,4077.09190549598,54.0,0.10144833133620683,-0.6751578959395007,0.10143699603540929,-0.6761934126113862,0.017583183067157993,0.1502576904289855
2614,6,535,202.24335058105044,4025.5497211369657,250.8258249438829,4077.09190549598,54.0,0.10144833133620683,-0.8139392149274064,0.10143699603540929,-0.814735258594804,0.017583183067157993,0.20391794809316854
2615,31,535,286.22286085268047,4096.016113555928,250.8258249438829,4077.09190549598,54.0,0.10144833133620683,-0.45540160451866835,0.10143699603540929,-0.4540352992798584,0.017583183067157993,0.08777161847880079
2616,44,535,470.9318574712719,4102.798680980681,250.8258249438829,4077.09190549598,54.0,0.10144833133620683,-2.4651911519921343,0.10143699603540929,-2.4593306053536272,0.017583183067157993,0.4762543214126604
2617,38,535,292.2609771757026,3909.816818957042,250.8258249438829,4077.09190549598,54.0,0.10144833133620683,-1.5334624650675488,0.10143699603540929,-1.5283888511389123,0.017583183067157993,0.4396234018006725
2618,31,536,286.22286085268047,4096.016113555928,269.0070066875137,4069.184449779752,54.0,0.10144833133620683,-0.4344631874950703,0.10143699603540929,-0.4338194204670579,0.017583183067157993,0.06953544930519258
2619,4,536,296.61979068975745,4128.179301772369,269.0070066875137,4069.184449779752,54.0,0.10144833133620683,-0.7676906409006854,0.10143699603540929,-0.7695391316668571,0.017583183067157993,0.13820472199955267
2620,31,537,286.22286085268047,4096.016113555928,218.97355483206192,4065.9952167575098,54.0,0.10144833133620683,-0.8216853882070606,0.10143699603540929,-0.8203875836002946,0.017583183067157993,0.18418683540044045
2621,25,537,275.18212912654,3848.067080065535,218.97355483206192,4065.9952167575098,54.0,0.10144833133620683,-2.233284676707249,0.10143699603540929,-2.239669622426286,0.017583183067157993,0.5390802159588638
2622,53,538,275.4374088407163,3843.51011953928,253.3047041406585,4032.075905579567,54.0,0.10144833133620683,-1.899878162655933,0.10143699603540929,-1.9010704351543604,0.017583183067157993,0.45664307556725714
2623,44,538,470.9318574712719,4102.798680980681,253.3047041406585,4032.075905579567,54.0,0.10144833133620683,-2.4948442262850046,0.10143699603540929,-2.4882429286437677,0.017583183067157993,0.5224769593305353
2624,25,538,275.18212912654,3848.067080065535,253.3047041406585,4032.075905579567,54.0,0.10144833133620683,-1.849329434184467,0.10143699603540929,-1.8504123318212466,0.017583183067157993,0.442190673790833
2625,38,538,292.2609771757026,3909.816818957042,253.3047041406585,4032.075905579567,54.0,0.10144833133620683,-1.0967260095117137,0.10143699603540929,-1.093067875860276,0.017583183067157993,0.32820804540928983
2626,6,538,202.24335058105044,4025.5497211369657,253.3047041406585,4032.075905579567,54.0,0.10144833133620683,-0.5799777130253192,0.10143699603540929,-0.5840855859284145,0.017583183067157993,0.14550928324150925
2627,31,538,286.22286085268047,4096.016113555928,253.3047041406585,4032.075905579567,54.0,0.10144833133620683,-0.8760884842353865,0.10143699603540929,-0.875159135866824,0.017583183067157993,0.1722620605967363
2628,53,539,275.4374088407163,3843.51011953928,210.88337358800035,4009.070829044608,54.0,0.10144833133620683,-1.7344395036433602,0.10143699603540929,-1.7365563946855103,0.017583183067157993,0.40935319909460727
2629,25,539,275.18212912654,3848.067080065535,210.88337358800035,4009.070829044608,54.0,0.10144833133620683,-1.6702241745136372,0.10143699603540929,-1.6721471573100155,0.017583183067157993,0.39381456528852316
2630,38,539,292.2609771757026,3909.816818957042,210.88337358800035,4009.070829044608,54.0,0.10144833133620683,-1.1378158767854314,0.10143699603540929,-1.1359423921628808,0.017583183067157993,0.3081740074359204
2631,6,539,202.24335058105044,4025.5497211369657,210.88337358800035,4009.070829044608,54.0,0.10144833133620683,-0.2272471074040289,0.10143699603540929,-0.22588735507891322,0.017583183067157993,0.05474154119527322
2632,28,539,181.0656949265822,4007.0767963031503,210.88337358800035,4009.070829044608,54.0,0.10144833133620683,-0.4977901321728618,0.10143699603540929,-0.4952201713112431,0.017583183067157993,0.0835046354625621
2633,31,539,286.22286085268047,4096.016113555928,210.88337358800035,4009.070829044608,54.0,0.10144833133620683,-1.198078040015229,0.10143699603540929,-1.1973529707731805,0.017583183067157993,0.283073292179078
2634,53,540,275.4374088407163,3843.51011953928,249.40203896940795,3977.89614196583,54.0,0.10144833133620683,-1.3798057141598974,0.10143699603540929,-1.3843944818338494,0.017583183067157993,0.3091158349084734
2635,44,540,470.9318574712719,4102.798680980681,249.40203896940795,3977.89614196583,54.0,0.10144833133620683,-2.338972037974507,0.10143699603540929,-2.331276357459433,0.017583183067157993,0.5959429812891885
2636,38,540,292.2609771757026,3909.816818957042,249.40203896940795,3977.89614196583,54.0,0.10144833133620683,-0.6995272868065907,0.10143699603540929,-0.7005967208964956,0.017583183067157993,0.19147813660155646
2637,25,540,275.18212912654,3848.067080065535,249.40203896940795,3977.89614196583,54.0,0.10144833133620683,-1.3210961888354165,0.10143699603540929,-1.325422231630534,0.017583183067157993,0.2936596793369354
2638,31,540,286.22286085268047,4096.016113555928,249.40203896940795,3977.89614196583,54.0,0.10144833133620683,-1.5689370975228984,0.10143699603540929,-1.5636336276312852,0.017583183067157993,0.32053779195626814
2639,38,541,292.2609771757026,3909.816818957042,213.75311227222025,3985.814400159764,54.0,0.10144833133620683,-1.0185654785187015,0.10143699603540929,-1.0189408081638243,0.017583183067157993,0.25074065676153323
2640,31,541,286.22286085268047,4096.016113555928,213.75311227222025,3985.814400159764,54.0,0.10144833133620683,-1.4407746737185865,0.10143699603540929,-1.4407077726041115,0.017583183067157993,0.32464083574434566
2641,28,541,181.0656949265822,4007.0767963031503,213.75311227222025,3985.814400159764,54.0,0.10144833133620683,-0.5696060906371179,0.10143699603540929,-0.5676242083869277,0.017583183067157993,0.10115528338139468
2642,53,541,275.4374088407163,3843.51011953928,213.75311227222025,3985.814400159764,54.0,0.10144833133620683,-1.5226606838646741,0.10143699603540929,-1.5254601210524192,0.017583183067157993,0.35222259715405035
2643,25,541,275.18212912654,3848.067080065535,213.75311227222025,3985.814400159764,54.0,0.10144833133620683,-1.4575221758493615,0.10143699603540929,-1.4601052420304204,0.017583183067157993,0.3364570867755231
2644,31,542,286.22286085268047,4096.016113555928,202.69234717139835,3973.005610838789,54.0,0.10144833133620683,-1.6190805176247196,0.10143699603540929,-1.618089031991621,0.017583183067157993,0.3671974217790161
2645,25,542,264.330530090726,3842.899620060988,202.69234717139835,3973.005610838789,54.0,0.10144833133620683,-1.4091961418864096,0.10143699603540929,-1.4106445516574082,0.017583183067157993,0.326755062845943
2646,6,542,202.24335058105044,4025.5497211369657,202.69234717139835,3973.005610838789,54.0,0.10144833133620683,-0.6020543690412498,0.10143699603540929,-0.5989268783274154,0.017583183067157993,0.14071494648019534
2647,53,542,275.4374088407163,3843.51011953928,202.69234717139835,3973.005610838789,54.0,0.10144833133620683,-1.4846794335127909,0.10143699603540929,-1.4870007111024812,0.017583183067157993,0.336818262782384
2648,28,542,181.0656949265822,4007.0767963031503,202.69234717139835,3973.005610838789,54.0,0.10144833133620683,-0.5814724746019613,0.10143699603540929,-0.5806444500116389,0.017583183067157993,0.10176433766361653
2649,38,542,292.2609771757026,3909.816818957042,202.69234717139835,3973.005610838789,54.0,0.10144833133620683,-1.0376265785762928,0.10143699603540929,-1.0381561685514655,0.017583183067157993,0.2506466757669927
2650,25,543,264.330530090726,3842.899620060988,193.13049431647704,3945.745622670177,54.0,0.10144833133620683,-1.155744872808779,0.10143699603540929,-1.1573759965290176,0.017583183067157993,0.2879962512035625
2651,28,543,181.0656949265822,4007.0767963031503,193.13049431647704,3945.745622670177,54.0,0.10144833133620683,-0.8460559229336869,0.10143699603540929,-0.8454014715252055,0.017583183067157993,0.15560540930711475
2652,53,543,275.4374088407163,3843.51011953928,193.13049431647704,3945.745622670177,54.0,0.10144833133620683,-1.2333816278542349,0.10143699603540929,-1.234160381349842,0.017583183067157993,0.29754841026527507
2653,38,543,292.2609771757026,3909.816818957042,193.13049431647704,3945.745622670177,54.0,0.10144833133620683,-1.088887504590644,0.10143699603540929,-1.0910691039791567,0.017583183067157993,0.23373386602216414
2654,38,544,292.2609771757026,3909.816818957042,231.2096817700889,3941.271980870057,54.0,0.10144833133620683,-0.695936783241931,0.10143699603540929,-0.696875396891522,0.017583183067157993,0.15025562755721353
2655,25,544,275.18212912654,3848.067080065535,231.2096817700889,3941.271980870057,54.0,0.10144833133620683,-1.0382370630876674,0.10143699603540929,-1.0410055127040962,0.017583183067157993,0.2209840274008089
2656,28,544,181.0656949265822,4007.0767963031503,231.2096817700889,3941.271980870057,54.0,0.10144833133620683,-0.964764147173351,0.10143699603540929,-0.9633919404513573,0.017583183067157993,0.2057202632050388
2657,53,544,275.4374088407163,3843.51011953928,231.2096817700889,3941.271980870057,54.0,0.10144833133620683,-1.1036149108237723,0.10143699603540929,-1.1066734933663926,0.017583183067157993,0.23744011989024189
2658,6,544,202.24335058105044,4025.5497211369657,231.2096817700889,3941.271980870057,54.0,0.10144833133620683,-0.910450655194551,0.10143699603540929,-0.9074148638827744,0.017583183067157993,0.22897197510480688
2659,25,545,264.330530090726,3842.899620060988,213.2088148446705,3935.668148667985,54.0,0.10144833133620683,-1.0016180082752502,0.10143699603540929,-1.003171080422263,0.017583183067157993,0.23751175793256174
2660,31,545,286.22286085268047,4096.016113555928,213.2088148446705,3935.668148667985,54.0,0.10144833133620683,-1.8194852234116552,0.10143699603540929,-1.8171040033449999,0.017583183067157993,0.4360295805674844
2661,28,545,181.0656949265822,4007.0767963031503,213.2088148446705,3935.668148667985,54.0,0.10144833133620683,-0.9784276336385827,0.10143699603540929,-0.9780744150232233,0.017583183067157993,0.19342057794132822
2662,38,545,292.2609771757026,3909.816818957042,213.2088148446705,3935.668148667985,54.0,0.10144833133620683,-0.8749277699908709,0.10143699603540929,-0.8769848562365696,0.017583183067157993,0.18031272094392584
2663,12,546,339.7794838460253,3807.442051326752,214.159983359104,3909.3358891854223,54.0,0.10144833133620683,-1.5581539689592334,0.10143699603540929,-1.553751359809512,0.017583183067157993,0.394767530403066
2664,38,546,292.2609771757026,3909.816818957042,214.159983359104,3909.3358891854223,54.0,0.10144833133620683,-0.9547164396425752,0.10143699603540929,-0.9567630346165471,0.017583183067157993,0.1662854110704936
2665,25,546,264.330530090726,3842.899620060988,214.159983359104,3909.3358891854223,54.0,0.10144833133620683,-0.7056185575741997,0.10143699603540929,-0.7076246326095434,0.017583183067157993,0.18993469720582254
2666,28,546,181.0656949265822,4007.0767963031503,214.159983359104,3909.3358891854223,54.0,0.10144833133620683,-1.2900030682590673,0.10143699603540929,-1.2903655453339322,0.017583183067157993,0.2517946448808204
2667,53,546,275.4374088407163,3843.51011953928,214.159983359104,3909.3358891854223,54.0,0.10144833133620683,-0.751136396789438,0.10143699603540929,-0.7520794209865435,0.017583183067157993,0.20328130966297261
2668,25,547,264.330530090726,3842.899620060988,203.71947329620775,3931.023396399216,54.0,0.10144833133620683,-0.9535581444569905,0.10143699603540929,-0.9553054145401215,0.017583183067157993,0.24423862361484716
2669,38,547,292.2609771757026,3909.816818957042,203.71947329620775,3931.023396399216,54.0,0.10144833133620683,-1.0644789593514064,0.10143699603540929,-1.066947730025122,0.017583183067157993,0.19655818126296176
2670,28,547,181.0656949265822,4007.0767963031503,203.71947329620775,3931.023396399216,54.0,0.10144833133620683,-1.0321037678194416,0.10143699603540929,-1.0317188254299055,0.017583183067157993,0.19579606702047855
2671,31,547,286.22286085268047,4096.016113555928,203.71947329620775,3931.023396399216,54.0,0.10144833133620683,-1.9170969688448696,0.10143699603540929,-1.9150515132183976,0.017583183067157993,0.4559303758217727
2672,53,547,275.4374088407163,3843.51011953928,203.71947329620775,3931.023396399216,54.0,0.10144833133620683,-1.0280251142344008,0.10143699603540929,-1.0289007942260289,0.017583183067157993,0.2547352661581204
2673,22,548,282.91308227706304,4129.966613278081,217.78621872145484,4016.709547047492,54.0,0.10144833133620683,-1.2104478779619172,0.10143699603540929,-1.209276810021956,0.017583183067157993,0.3208250633481928
2674,21,548,129.6510563411616,4132.672991581291,217.78621872145484,4016.709547047492,54.0,0.10144833133620683,-1.9938182673592717,0.10143699603540929,-1.9924160172419179,0.017583183067157993,0.4126514449461276
2675,19,548,298.45947748194794,4119.807970449649,217.78621872145484,4016.709547047492,54.0,0.10144833133620683,-1.301329689192423,0.10143699603540929,-1.3032851080063497,0.017583183067157993,0.30302211221209074
2676,19,549,309.4846467710166,4112.556925703692,252.93723737990092,4019.171331489568,54.0,0.10144833133620683,-1.4883998013005733,0.10143699603540929,-1.4852450660396614,0.017583183067157993,0.2634094873213885
2677,19,550,299.333811544001,4119.231932352913,208.42466583089583,3984.700961738825,54.0,0.10144833133620683,-1.722179707125301,0.10143699603540929,-1.7236886674245142,0.017583183067157993,0.38323084286095016
2678,21,550,124.45428010981314,4129.789586920044,208.42466583089583,3984.700961738825,54.0,0.10144833133620683,-1.9845404910403435,0.10143699603540929,-1.9790663427675772,0.017583183067157993,0.45840085753259807
2679,38,550,292.2609771757026,3909.816818957042,208.42466583089583,3984.700961738825,54.0,0.10144833133620683,-1.0585932714135715,0.10143699603540929,-1.0586863798130453,0.017583183067157993,0.25808103229129203
2680,28,550,181.0656949265822,4007.0767963031503,208.42466583089583,3984.700961738825,54.0,0.10144833133620683,-0.5223399754571905,0.10143699603540929,-0.5208133293660026,0.017583183067157993,0.09122890275160164
2681,53,550,275.4374088407163,3843.51011953928,208.42466583089583,3984.700961738825,54.0,0.10144833133620683,-1.5574206639013715,0.10143699603540929,-1.5595290115039742,0.017583183067157993,0.3565197148851772
2682,22,550,282.91308227706304,4129.966613278081,208.42466583089583,3984.700961738825,54.0,0.10144833133620683,-1.566477899424497,0.10143699603540929,-1.5644324365784572,0.017583183067157993,0.4017684590908979
2683,25,550,273.32909346927136,3847.2246062468,208.42466583089583,3984.700961738825,54.0,0.10144833133620683,-1.500654863885401,0.10143699603540929,-1.50248068172183,0.017583183067157993,0.34215358576297383
2684,31,551,286.22286085268047,4096.016113555928,256.83766692814663,3977.954207213813,54.0,0.10144833133620683,-1.6750473523068101,0.10143699603540929,-1.6689913808666172,0.017583183067157993,0.3175903182755884
2685,22,551,282.91308227706304,4129.966613278081,256.83766692814663,3977.954207213813,54.0,0.10144833133620683,-1.6265165308172032,0.10143699603540929,-1.624624075660264,0.017583183067157993,0.37859548612196803
2686,63,551,316.49031405012005,3929.154743051912,256.83766692814663,3977.954207213813,54.0,0.10144833133620683,-0.6876836331267977,0.10143699603540929,-0.6866101982516953,0.017583183067157993,0.189187865580388
2687,19,551,309.4846467710166,4112.556925703692,256.83766692814663,3977.954207213813,54.0,0.10144833133620683,-1.9995607822496126,0.10143699603540929,-1.994156718110777,0.017583183067157993,0.3666879349634654
2688,44,551,470.9318574712719,4102.798680980681,256.83766692814663,3977.954207213813,54.0,0.10144833133620683,-2.207445152659516,0.10143699603540929,-2.2010184656851237,0.017583183067157993,0.5746078140029066
2689,25,551,275.18212912654,3848.067080065535,256.83766692814663,3977.954207213813,54.0,0.10144833133620683,-1.3165779793154087,0.10143699603540929,-1.3207651481452587,0.017583183067157993,0.2917099166535539
2690,21,551,129.6510563411616,4132.672991581291,256.83766692814663,3977.954207213813,54.0,0.10144833133620683,-2.541101807540461,0.10143699603540929,-2.53899294069601,0.017583183067157993,0.5626193771780521
2691,38,551,292.2609771757026,3909.816818957042,256.83766692814663,3977.954207213813,54.0,0.10144833133620683,-0.641061238756538,0.10143699603540929,-0.6422649629515661,0.017583183067157993,0.1837568445961694
2692,53,551,275.4374088407163,3843.51011953928,256.83766692814663,3977.954207213813,54.0,0.10144833133620683,-1.372358144330771,0.10143699603540929,-1.376731060108379,0.017583183067157993,0.3069397340851348
2693,22,552,282.91308227706304,4129.966613278081,216.7424768273763,3934.5668680946055,54.0,0.10144833133620683,-1.900876067092213,0.10143699603540929,-1.9007761489618604,0.017583183067157993,0.4990318279168962
2694,38,552,292.2609771757026,3909.816818957042,216.7424768273763,3934.5668680946055,54.0,0.10144833133620683,-0.8350993378607389,0.10143699603540929,-0.8370587763932732,0.017583183067157993,0.17166443310189675
2695,25,552,264.330530090726,3842.899620060988,216.7424768273763,3934.5668680946055,54.0,0.10144833133620683,-0.9897492252540853,0.10143699603540929,-0.9911785954972784,0.017583183067157993,0.2299996967727028
2696,21,552,108.47030925195396,4120.840536891812,216.7424768273763,3934.5668680946055,54.0,0.10144833133620683,-2.036824029556259,0.10143699603540929,-2.0306085195952845,0.017583183067157993,0.5396568626763057
2697,31,552,286.22286085268047,4096.016113555928,216.7424768273763,3934.5668680946055,54.0,0.10144833133620683,-1.809237195179717,0.10143699603540929,-1.80675758997645,0.017583183067157993,0.4348669639287824
2698,53,552,275.4374088407163,3843.51011953928,216.7424768273763,3934.5668680946055,54.0,0.10144833133620683,-1.0838276276586407,0.10143699603540929,-1.0856270716651144,0.017583183067157993,0.2404881921320857
2699,28,552,181.0656949265822,4007.0767963031503,216.7424768273763,3934.5668680946055,54.0,0.10144833133620683,-0.996086031861577,0.10143699603540929,-0.9957148789538186,0.017583183067157993,0.19953399252127424
2700,21,553,103.34699834515416,4117.964937310308,193.2304932149353,3912.590394161609,54.0,0.10144833133620683,-1.8890583260726896,0.10143699603540929,-1.8806543822413078,0.017583183067157993,0.5718083577842326
2701,25,553,264.330530090726,3842.899620060988,193.2304932149353,3912.590394161609,54.0,0.10144833133620683,-0.9045243271452695,0.10143699603540929,-0.908900523305697,0.017583183067157993,0.2334744470178739
2702,18,553,126.52937545907687,3669.1679992851136,193.2304932149353,3912.590394161609,54.0,0.10144833133620683,-2.4886184568546956,0.10143699603540929,-2.4901057040622114,0.017583183067157993,0.7995106790206226
2703,53,553,275.4374088407163,3843.51011953928,193.2304932149353,3912.590394161609,54.0,0.10144833133620683,-0.9557782628321455,0.10143699603540929,-0.9590546594417275,0.017583183067157993,0.24875559821423732
2704,38,553,292.2609771757026,3909.816818957042,193.2304932149353,3912.590394161609,54.0,0.10144833133620683,-1.1752845907591907,0.10143699603540929,-1.1775844888676539,0.017583183067157993,0.2165555723062483
2705,22,554,282.91308227706304,4129.966613278081,223.3428052277796,3989.2837293720168,54.0,0.10144833133620683,-1.4345052232451254,0.10143699603540929,-1.435348860003628,0.017583183067157993,0.36817703821265946
2706,25,554,275.18212912654,3848.067080065535,223.3428052277796,3989.2837293720168,54.0,0.10144833133620683,-1.349294805038121,0.10143699603540929,-1.352549226791244,0.017583183067157993,0.3328261699588476
2707,22,555,282.91308227706304,4129.966613278081,246.06942951702663,3981.67837797846,54.0,0.10144833133620683,-1.4808737932017062,0.10143699603540929,-1.4790240230183613,0.017583183067157993,0.37295821706323623
2708,44,555,470.9318574712719,4102.798680980681,246.06942951702663,3981.67837797846,54.0,0.10144833133620683,-2.4293120645045687,0.10143699603540929,-2.4207634368781505,0.017583183067157993,0.6024085649697968
2709,38,555,292.2609771757026,3909.816818957042,246.06942951702663,3981.67837797846,54.0,0.10144833133620683,-0.7288607688578806,0.10143699603540929,-0.7295876218096877,0.017583183067157993,0.203336612556703
2710,31,555,286.22286085268047,4096.016113555928,246.06942951702663,3981.67837797846,54.0,0.10144833133620683,-1.4603994564316358,0.10143699603540929,-1.4559024480690468,0.017583183067157993,0.30955376506454535
2711,19,555,309.4846467710166,4112.556925703692,246.06942951702663,3981.67837797846,54.0,0.10144833133620683,-1.9080376241768127,0.10143699603540929,-1.902104674552484,0.017583183067157993,0.3656199175618812
2712,28,555,181.0656949265822,4007.0767963031503,246.06942951702663,3981.67837797846,54.0,0.10144833133620683,-0.8343267737046498,0.10143699603540929,-0.8294725711142037,0.017583183067157993,0.1810675803548448
2713,53,555,275.4374088407163,3843.51011953928,246.06942951702663,3981.67837797846,54.0,0.10144833133620683,-1.3951134368562046,0.10143699603540929,-1.3994417717239491,0.017583183067157993,0.31728202487515617
2714,25,555,275.18212912654,3848.067080065535,246.06942951702663,3981.67837797846,54.0,0.10144833133620683,-1.336739704456357,0.10143699603540929,-1.340792153706895,0.017583183067157993,0.30194953712190525
2715,63,555,316.49031405012005,3929.154743051912,246.06942951702663,3981.67837797846,54.0,0.10144833133620683,-0.7667709194525475,0.10143699603540929,-0.7658399871504227,0.017583183067157993,0.216624999751064
2716,38,556,292.2609771757026,3909.816818957042,279.6006376701204,4002.5337399919367,54.0,0.10144833133620683,-0.7143678583505698,0.10143699603540929,-0.7136133440983561,0.017583183067157993,0.2317523194527292
2717,22,556,282.91308227706304,4129.966613278081,279.6006376701204,4002.5337399919367,54.0,0.10144833133620683,-2.0529882756429654,0.10143699603540929,-2.054815030874023,0.017583183067157993,0.30594219244773185
2718,25,556,275.18212912654,3848.067080065535,279.6006376701204,4002.5337399919367,54.0,0.10144833133620683,-1.1619889680822701,0.10143699603540929,-1.1565771296439378,0.017583183067157993,0.34690951142064863
2719,19,556,309.4846467710166,4112.556925703692,279.6006376701204,4002.5337399919367,54.0,0.10144833133620683,-1.691588224734972,0.10143699603540929,-1.6896030634395531,0.017583183067157993,0.2840085496253374
2720,44,556,470.9318574712719,4102.798680980681,279.6006376701204,4002.5337399919367,54.0,0.10144833133620683,-2.089351341943117,0.10143699603540929,-2.0839165901134775,0.017583183067157993,0.49426114917958835
2721,31,556,286.22286085268047,4096.016113555928,279.6006376701204,4002.5337399919367,54.0,0.10144833133620683,-1.7105611975042183,0.10143699603540929,-1.7101837238653403,0.017583183067157993,0.23920301537124947
2722,53,556,275.4374088407163,3843.51011953928,279.6006376701204,4002.5337399919367,54.0,0.10144833133620683,-1.1967020869304217,0.10143699603540929,-1.1910252366409386,0.017583183067157993,0.36024167671372065
2723,28,557,181.0656949265822,4007.0767963031503,192.79701301972855,3981.811109796079,54.0,0.10144833133620683,-0.4266250488406076,0.10143699603540929,-0.4259802746487714,0.017583183067157993,0.07105610598859473
2724,22,557,282.91308227706304,4129.966613278081,192.79701301972855,3981.811109796079,54.0,0.10144833133620683,-1.7657978728399348,0.10143699603540929,-1.7627344739322894,0.017583183067157993,0.4384894279856342
2725,31,557,286.22286085268047,4096.016113555928,192.79701301972855,3981.811109796079,54.0,0.10144833133620683,-1.5994016412668204,0.10143699603540929,-1.597868480183183,0.017583183067157993,0.3654416377892175
2726,63,557,316.49031405012005,3929.154743051912,192.79701301972855,3981.811109796079,54.0,0.10144833133620683,-1.2470903598397856,0.10143699603540929,-1.249402141473221,0.017583183067157993,0.3222201805668493
2727,38,557,292.2609771757026,3909.816818957042,192.79701301972855,3981.811109796079,54.0,0.10144833133620683,-1.1986932174596674,0.10143699603540929,-1.1991117793436183,0.017583183067157993,0.2828435043408293
2728,53,557,275.4374088407163,3843.51011953928,192.79701301972855,3981.811109796079,54.0,0.10144833133620683,-1.6590474978457177,0.10143699603540929,-1.6613237221895496,0.017583183067157993,0.36710680974221577
2729,19,557,298.45947748194794,4119.807970449649,192.79701301972855,3981.811109796079,54.0,0.10144833133620683,-1.8176760108560899,0.10143699603540929,-1.8177398557186346,0.017583183067157993,0.4147723215606105
2730,25,557,264.330530090726,3842.899620060988,192.79701301972855,3981.811109796079,54.0,0.10144833133620683,-1.5635785508547662,0.10143699603540929,-1.5652753021608108,0.017583183067157993,0.35819277191639165
2731,21,557,111.49023396136688,4122.591928180344,192.79701301972855,3981.811109796079,54.0,0.10144833133620683,-1.5134183488635482,0.10143699603540929,-1.5065132490389723,0.017583183067157993,0.41455119664665846
2732,53,558,275.4374088407163,3843.51011953928,282.20374954028966,3983.706942123103,54.0,0.10144833133620683,-1.0261431463745336,0.10143699603540929,-1.0198900661618917,0.017583183067157993,0.30899281592096706
2733,19,558,309.4846467710166,4112.556925703692,282.20374954028966,3983.706942123103,54.0,0.10144833133620683,-1.719272008560176,0.10143699603540929,-1.7182754478550095,0.017583183067157993,0.33276226166313794
2734,25,558,275.18212912654,3848.067080065535,282.20374954028966,3983.706942123103,54.0,0.10144833133620683,-0.9908079923084321,0.10143699603540929,-0.9848336272387728,0.017583183067157993,0.29546659596356734
2735,22,558,282.91308227706304,4129.966613278081,282.20374954028966,3983.706942123103,54.0,0.10144833133620683,-2.2248227324536827,0.10143699603540929,-2.227196400875507,0.017583183067157993,0.3576780517198943
2736,38,558,292.2609771757026,3909.816818957042,282.20374954028966,3983.706942123103,54.0,0.10144833133620683,-0.5417305625064064,0.10143699603540929,-0.5404085433593335,0.017583183067157993,0.17998726051269442
2737,44,558,470.9318574712719,4102.798680980681,282.20374954028966,3983.706942123103,54.0,0.10144833133620683,-1.925985409680109,0.10143699603540929,-1.9231516787267828,0.017583183067157993,0.49819784922238985
2738,63,558,316.49031405012005,3929.154743051912,282.20374954028966,3983.706942123103,54.0,0.10144833133620683,-0.6586874465900413,0.10143699603540929,-0.6567591713262253,0.017583183067157993,0.15722086132621543
2739,21,559,112.03870300957362,4122.900375703423,203.2927786194446,3965.297674897721,54.0,0.10144833133620683,-1.761122462756682,0.10143699603540929,-1.7541791353634448,0.017583183067157993,0.4637321916385093
2740,53,559,275.4374088407163,3843.51011953928,203.2927786194446,3965.297674897721,54.0,0.10144833133620683,-1.4264084703270763,0.10143699603540929,-1.4287267600928937,0.017583183067157993,0.31952181250847556
2741,28,559,181.0656949265822,4007.0767963031503,203.2927786194446,3965.297674897721,54.0,0.10144833133620683,-0.6543232522007959,0.10143699603540929,-0.6536245696809581,0.017583183067157993,0.11862013967412649
2742,25,559,264.330530090726,3842.899620060988,203.2927786194446,3965.297674897721,54.0,0.10144833133620683,-1.3349228270306293,0.10143699603540929,-1.3365656033940625,0.017583183067157993,0.30989784870597253
2743,38,559,292.2609771757026,3909.816818957042,203.2927786194446,3965.297674897721,54.0,0.10144833133620683,-1.0120517739063695,0.10143699603540929,-1.012582807361412,0.017583183067157993,0.23865631648963734
2744,22,559,282.91308227706304,4129.966613278081,203.2927786194446,3965.297674897721,54.0,0.10144833133620683,-1.7733302069124839,0.10143699603540929,-1.7716861577053893,0.017583183067157993,0.44854666306548746
2745,25,560,275.18212912654,3848.067080065535,222.10039796658828,3969.629559878969,54.0,0.10144833133620683,-1.2559776197914585,0.10143699603540929,-1.2593774674380638,0.017583183067157993,0.29052886310187787
2746,63,560,316.49031405012005,3929.154743051912,222.10039796658828,3969.629559878969,54.0,0.10144833133620683,-0.8994820773244054,0.10143699603540929,-0.9024287458238557,0.017583183067157993,0.24428499832666334
2747,22,560,282.91308227706304,4129.966613278081,222.10039796658828,3969.629559878969,54.0,0.10144833133620683,-1.5801817643160885,0.10143699603540929,-1.5796245274172984,0.017583183067157993,0.4155319108916425
2748,53,560,275.4374088407163,3843.51011953928,222.10039796658828,3969.629559878969,54.0,0.10144833133620683,-1.3203847043707895,0.10143699603540929,-1.32404034115809,0.017583183067157993,0.3064677307133817
2749,38,560,292.2609771757026,3909.816818957042,222.10039796658828,3969.629559878969,54.0,0.10144833133620683,-0.8487205302224227,0.10143699603540929,-0.8495374911772267,0.017583183067157993,0.20763208129933977
2750,25,561,275.18212912654,3848.067080065535,236.3271697378009,3965.095470247745,54.0,0.10144833133620683,-1.1423207391306531,0.10143699603540929,-1.146604572251098,0.017583183067157993,0.2657887736929071
2751,38,561,292.2609771757026,3909.816818957042,236.3271697378009,3965.095470247745,54.0,0.10144833133620683,-0.7446781211088104,0.10143699603540929,-0.7454256001647936,0.017583183067157993,0.1771189965741542
2752,44,561,470.9318574712719,4102.798680980681,236.3271697378009,3965.095470247745,54.0,0.10144833133620683,-2.3687998119712175,0.10143699603540929,-2.362683101388196,0.017583183067157993,0.633763176864229
2753,21,562,103.34699834515416,4117.964937310308,192.940446962362,3945.496639258913,54.0,0.10144833133620683,-1.636228493798574,0.10143699603540929,-1.6287084068803954,0.017583183067157993,0.4906406746318584
2754,31,562,286.22286085268047,4096.016113555928,192.940446962362,3945.496639258913,54.0,0.10144833133620683,-1.916471503439884,0.10143699603540929,-1.915453733734657,0.017583183067157993,0.43695303998605806
2755,25,562,264.330530090726,3842.899620060988,192.940446962362,3945.496639258913,54.0,0.10144833133620683,-1.1557837866934055,0.10143699603540929,-1.157433277297889,0.017583183067157993,0.2878697873683612
2756,28,562,181.0656949265822,4007.0767963031503,192.940446962362,3945.496639258913,54.0,0.10144833133620683,-0.8483224187491765,0.10143699603540929,-0.8476619628511946,0.017583183067157993,0.15611244769663726
2757,38,562,292.2609771757026,3909.816818957042,192.940446962362,3945.496639258913,54.0,0.10144833133620683,-1.0904479733629984,0.10143699603540929,-1.092643165489482,0.017583183067157993,0.23387748199243177
2758,19,562,307.1218164610252,4114.164913869932,192.940446962362,3945.496639258913,54.0,0.10144833133620683,-2.3157996092123376,0.10143699603540929,-2.3137610217748907,0.017583183067157993,0.4947105753720755
2759,22,562,282.91308227706304,4129.966613278081,192.940446962362,3945.496639258913,54.0,0.10144833133620683,-2.0240185222828164,0.10143699603540929,-2.0220358362834885,0.017583183067157993,0.5040252153891293
2760,53,562,275.4374088407163,3843.51011953928,192.940446962362,3945.496639258913,54.0,0.10144833133620683,-1.2308341916650674,0.10143699603540929,-1.2315823616903623,0.017583183067157993,0.2974603465170009
2761,63,562,316.49031405012005,3929.154743051912,192.940446962362,3945.496639258913,54.0,0.10144833133620683,-1.2884445794867314,0.10143699603540929,-1.290938407058572,0.017583183067157993,0.2909400462263341
2762,25,563,265.7216829229695,3843.530145988166,217.36962251063744,3945.754127331859,54.0,0.10144833133620683,-1.108454741986416,0.10143699603540929,-1.1099482582765552,0.017583183067157993,0.24973744790189215
2763,19,563,309.4846467710166,4112.556925703692,217.36962251063744,3945.754127331859,54.0,0.10144833133620683,-2.192751127682633,0.10143699603540929,-2.1867562858406027,0.017583183067157993,0.47121798996897785
2764,22,563,282.91308227706304,4129.966613278081,217.36962251063744,3945.754127331859,54.0,0.10144833133620683,-1.7938735854362886,0.10143699603540929,-1.7932814913913313,0.017583183067157993,0.4742657169232763
2765,38,563,292.2609771757026,3909.816818957042,217.36962251063744,3945.754127331859,54.0,0.10144833133620683,-0.8337715269283725,0.10143699603540929,-0.8351287529937587,0.017583183067157993,0.1831087069626202
2766,53,563,275.4374088407163,3843.51011953928,217.36962251063744,3945.754127331859,54.0,0.10144833133620683,-1.1940229658503814,0.10143699603540929,-1.196485492216401,0.017583183067157993,0.26138850151500675
2767,21,563,113.95545875675744,4123.924687226845,217.36962251063744,3945.754127331859,54.0,0.10144833133620683,-2.047815698449656,0.10143699603540929,-2.0411957360552115,0.017583183067157993,0.52770743697155
2768,18,564,126.52937545907687,3669.1679992851136,220.543097825573,3910.490639159292,54.0,0.10144833133620683,-2.6958277285708157,0.10143699603540929,-2.6943699561463634,0.017583183067157993,0.8230802983704164
2769,25,564,264.330530090726,3842.899620060988,220.543097825573,3910.490639159292,54.0,0.10144833133620683,-0.6790141986508953,0.10143699603540929,-0.680231719015151,0.017583183067157993,0.1811284657773275
2770,38,564,292.2609771757026,3909.816818957042,220.543097825573,3910.490639159292,54.0,0.10144833133620683,-0.8844823177069344,0.10143699603540929,-0.8864401451088286,0.017583183067157993,0.15135056544594067
2771,53,564,275.4374088407163,3843.51011953928,220.543097825573,3910.490639159292,54.0,0.10144833133620683,-0.7377123122117353,0.10143699603540929,-0.7381046626573389,0.017583183067157993,0.19314307539351783
2772,38,565,292.2609771757026,3909.816818957042,244.3927331677535,4039.453609614884,54.0,0.10144833133620683,-1.1691001650257093,0.10143699603540929,-1.1675823826914913,0.017583183067157993,0.35155479260784983
2773,31,565,286.22286085268047,4096.016113555928,244.3927331677535,4039.453609614884,54.0,0.10144833133620683,-0.789410838811138,0.10143699603540929,-0.788721383044733,0.017583183067157993,0.1648791965817928
2774,25,565,275.18212912654,3848.067080065535,244.3927331677535,4039.453609614884,54.0,0.10144833133620683,-1.913251540277564,0.10143699603540929,-1.9169878407596523,0.017583183067157993,0.45870697409752276
2775,53,565,275.4374088407163,3843.51011953928,244.3927331677535,4039.453609614884,54.0,0.10144833133620683,-1.9671360754053917,0.10143699603540929,-1.9711118406490147,0.017583183067157993,0.4732659135129925
2776,19,565,298.45947748194794,4119.807970449649,244.3927331677535,4039.453609614884,54.0,0.10144833133620683,-1.0321750076592875,0.10143699603540929,-1.0336285141919899,0.017583183067157993,0.21274449933211748
2777,22,565,282.91308227706304,4129.966613278081,244.3927331677535,4039.453609614884,54.0,0.10144833133620683,-0.9269004376985898,0.10143699603540929,-0.9264867239672085,0.017583183067157993,0.22847168307397567
2778,21,565,129.6510563411616,4132.672991581291,244.3927331677535,4039.453609614884,54.0,0.10144833133620683,-1.989422137577794,0.10143699603540929,-1.9892755862606109,0.017583183067157993,0.43106735457024237
2779,21,566,129.6510563411616,4132.672991581291,235.85174675780948,4052.0064504657407,54.0,0.10144833133620683,-1.828204435742009,0.10143699603540929,-1.8256691703861476,0.017583183067157993,0.3935197120248109
2780,19,566,298.45947748194794,4119.807970449649,235.85174675780948,4052.0064504657407,54.0,0.10144833133620683,-0.901993961763778,0.10143699603540929,-0.9017114530091992,0.017583183067157993,0.20331994659851077
2781,44,566,470.9318574712719,4102.798680980681,235.85174675780948,4052.0064504657407,54.0,0.10144833133620683,-2.89654650625927,0.10143699603540929,-2.8835171974120866,0.017583183067157993,0.5532426588442114
2782,31,566,286.22286085268047,4096.016113555928,235.85174675780948,4052.0064504657407,54.0,0.10144833133620683,-0.7093445531390732,0.10143699603540929,-0.7067541225796331,0.017583183067157993,0.15752296321045145
2783,22,566,282.91308227706304,4129.966613278081,235.85174675780948,4052.0064504657407,54.0,0.10144833133620683,-0.822987310208093,0.10143699603540929,-0.8201191524337574,0.017583183067157993,0.2162967995856868
2784,25,566,275.18212912654,3848.067080065535,235.85174675780948,4052.0064504657407,54.0,0.10144833133620683,-1.959578083449546,0.10143699603540929,-1.9647588460264138,0.017583183067157993,0.48688088979592725
2785,19,567,298.45947748194794,4119.807970449649,240.6308949961324,4066.355460037511,54.0,0.10144833133620683,-0.7477115306538971,0.10143699603540929,-0.748188050017263,0.017583183067157993,0.16779410957100854
2786,22,567,282.91308227706304,4129.966613278081,240.6308949961324,4066.355460037511,54.0,0.10144833133620683,-0.7161630362071567,0.10143699603540929,-0.7146473710139069,0.017583183067157993,0.1828609116730242
2787,25,567,275.18212912654,3848.067080065535,240.6308949961324,4066.355460037511,54.0,0.10144833133620683,-2.133152698000651,0.10143699603540929,-2.1365700133433077,0.017583183067157993,0.529127270147532
2788,44,567,470.9318574712719,4102.798680980681,240.6308949961324,4066.355460037511,54.0,0.10144833133620683,-2.7800201644400633,0.10143699603540929,-2.771609853154753,0.017583183067157993,0.5251715871544631
2789,21,567,129.6510563411616,4132.672991581291,240.6308949961324,4066.355460037511,54.0,0.10144833133620683,-1.6020840157513672,0.10143699603540929,-1.597037523915115,0.017583183067157993,0.3758592090744742
2790,31,567,286.22286085268047,4096.016113555928,240.6308949961324,4066.355460037511,54.0,0.10144833133620683,-0.5823932308896957,0.10143699603540929,-0.5802921000431558,0.017583183067157993,0.12450507342575895
2791,31,568,286.22286085268047,4096.016113555928,272.0036303115525,4087.9698110724366,54.0,0.10144833133620683,-0.25241957852070845,0.10143699603540929,-0.2520994141461721,0.017583183067157993,0.037139456671125594
2792,19,568,298.45947748194794,4119.807970449649,272.0036303115525,4087.9698110724366,54.0,0.10144833133620683,-0.4563843356640065,0.10143699603540929,-0.45851560991653983,0.017583183067157993,0.07899438077366966
2793,64,568,251.14156651564912,4194.6094429104505,272.0036303115525,4087.9698110724366,54.0,0.10144833133620683,-1.181193946740389,0.10143699603540929,-1.1805127314818948,0.017583183067157993,0.3053889600321448
2794,21,568,129.6510563411616,4132.672991581291,272.0036303115525,4087.9698110724366,54.0,0.10144833133620683,-1.7143326281471838,0.10143699603540929,-1.7116262818808556,0.017583183067157993,0.4203189828417819
2795,44,568,470.9318574712719,4102.798680980681,272.0036303115525,4087.9698110724366,54.0,0.10144833133620683,-2.2830747296634293,0.10143699603540929,-2.2783352693931502,0.017583183067157993,0.430133612293258
2796,22,568,282.91308227706304,4129.966613278081,272.0036303115525,4087.9698110724366,54.0,0.10144833133620683,-0.4220355229298872,0.10143699603540929,-0.42382277513145994,0.017583183067157993,0.08981199789899157
2797,38,569,292.2609771757026,3909.816818957042,201.40797252687383,3996.1355278762608,54.0,0.10144833133620683,-1.2028028215163222,0.10143699603540929,-1.2023370237974855,0.017583183067157993,0.29080808112817447
2798,25,569,271.93633125170743,3846.482056580667,201.40797252687383,3996.1355278762608,54.0,0.10144833133620683,-1.6499415672116275,0.10143699603540929,-1.6509441922016053,0.017583183067157993,0.37669419645076563
2799,63,569,316.49031405012005,3929.154743051912,201.40797252687383,3996.1355278762608,54.0,0.10144833133620683,-1.176809813012951,0.10143699603540929,-1.1761952993840459,0.017583183067157993,0.32523252154222293
2800,28,569,181.0656949265822,4007.0767963031503,201.40797252687383,3996.1355278762608,54.0,0.10144833133620683,-0.4021770506381228,0.10143699603540929,-0.40073818432476,0.017583183067157993,0.06210112369693496
2801,22,569,282.91308227706304,4129.966613278081,201.40797252687383,3996.1355278762608,54.0,0.10144833133620683,-1.5473803903383674,0.10143699603540929,-1.5444177903446492,0.017583183067157993,0.39771679412754696
2802,53,569,275.4374088407163,3843.51011953928,201.40797252687383,3996.1355278762608,54.0,0.10144833133620683,-1.7087656548192862,0.10143699603540929,-1.7101735633750208,0.017583183067157993,0.39001012328155676
2803,31,569,286.22286085268047,4096.016113555928,201.40797252687383,3996.1355278762608,54.0,0.10144833133620683,-1.3818877757669485,0.10143699603540929,-1.3802051715025367,0.017583183067157993,0.32587387492868275
2804,21,569,124.27178117802497,4129.6865207267165,201.40797252687383,3996.1355278762608,54.0,0.10144833133620683,-1.8262998946290623,0.10143699603540929,-1.8215679083135357,0.017583183067157993,0.4245247687554881
2805,19,569,298.45947748194794,4119.807970449649,201.40797252687383,3996.1355278762608,54.0,0.10144833133620683,-1.604971530153757,0.10143699603540929,-1.6050774382255386,0.017583183067157993,0.37547624515920625
2806,53,570,275.4374088407163,3843.51011953928,224.482998151289,4001.4216244713134,54.0,0.10144833133620683,-1.4506889842646984,0.10143699603540929,-1.4533950305416046,0.017583183067157993,0.37610102326698164
2807,44,570,470.9318574712719,4102.798680980681,224.482998151289,4001.4216244713134,54.0,0.10144833133620683,-2.784723505003035,0.10143699603540929,-2.7828296068954503,0.017583183067157993,0.6261663346072093
2808,25,570,275.18212912654,3848.067080065535,224.482998151289,4001.4216244713134,54.0,0.10144833133620683,-1.3898019264081227,0.10143699603540929,-1.392272701631144,0.017583183067157993,0.36061408630482295
2809,22,570,282.91308227706304,4129.966613278081,224.482998151289,4001.4216244713134,54.0,0.10144833133620683,-1.3276097760385939,0.10143699603540929,-1.3287300001193394,0.017583183067157993,0.34041907849940034
2810,19,570,302.4823843911005,4117.158992605725,224.482998151289,4001.4216244713134,54.0,0.10144833133620683,-1.51674887217531,0.10143699603540929,-1.5192869134482636,0.017583183067157993,0.32609132578591804
2811,38,570,292.2609771757026,3909.816818957042,224.482998151289,4001.4216244713134,54.0,0.10144833133620683,-0.9279449922635787,0.10143699603540929,-0.9267726784005856,0.017583183067157993,0.27170885678683276
2812,21,570,129.6510563411616,4132.672991581291,224.482998151289,4001.4216244713134,54.0,0.10144833133620683,-2.1331612110430456,0.10143699603540929,-2.12962237980086,0.017583183067157993,0.45510687100652913
2813,31,570,286.22286085268047,4096.016113555928,224.482998151289,4001.4216244713134,54.0,0.10144833133620683,-1.228217511407464,0.10143699603540929,-1.2291896058308616,0.017583183067157993,0.27632655646697785
2814,63,570,316.49031405012005,3929.154743051912,224.482998151289,4001.4216244713134,54.0,0.10144833133620683,-0.9630328380980758,0.10143699603540929,-0.9594068238634015,0.017583183067157993,0.2906081339909756
2815,25,571,275.18212912654,3848.067080065535,229.5458883605087,4016.746868363543,54.0,0.10144833133620683,-1.600346280311912,0.10143699603540929,-1.6034237834321117,0.017583183067157993,0.39567617526038323
2816,22,571,282.91308227706304,4129.966613278081,229.5458883605087,4016.746868363543,54.0,0.10144833133620683,-1.1490438625349204,0.10143699603540929,-1.149681056788821,0.017583183067157993,0.2988366055253076
2817,53,571,275.4374088407163,3843.51011953928,229.5458883605087,4016.746868363543,54.0,0.10144833133620683,-1.6510139600365732,0.10143699603540929,-1.654382206022031,0.017583183067157993,0.4107272413223033
2818,44,571,470.9318574712719,4102.798680980681,229.5458883605087,4016.746868363543,54.0,0.10144833133620683,-2.728362519596388,0.10143699603540929,-2.724662517129041,0.017583183067157993,0.591143960343927
2819,19,571,298.7204368748345,4119.579668603218,229.5458883605087,4016.746868363543,54.0,0.10144833133620683,-1.280153254231544,0.10143699603540929,-1.2832554678686445,0.017583183067157993,0.28206139139623304
2820,38,571,292.2609771757026,3909.816818957042,229.5458883605087,4016.746868363543,54.0,0.10144833133620683,-1.0562175615068485,0.10143699603540929,-1.055789966979536,0.017583183067157993,0.3043242582837691
2821,21,571,129.6510563411616,4132.672991581291,229.5458883605087,4016.746868363543,54.0,0.10144833133620683,-2.1465286447342478,0.10143699603540929,-2.1474037515531745,0.017583183067157993,0.44143828356946957
2822,31,571,286.22286085268047,4096.016113555928,229.5458883605087,4016.746868363543,54.0,0.10144833133620683,-1.037177948513455,0.10143699603540929,-1.038122187106568,0.017583183067157993,0.23422574782877884
2823,25,572,275.18212912654,3848.067080065535,227.90513404909052,4039.235656730924,54.0,0.10144833133620683,-1.8345705213237464,0.10143699603540929,-1.8390941832088052,0.017583183067157993,0.45240265372351646
2824,22,572,282.91308227706304,4129.966613278081,227.90513404909052,4039.235656730924,54.0,0.10144833133620683,-0.9444463084658214,0.10143699603540929,-0.9424900551307364,0.017583183067157993,0.2546338940199584
2825,53,572,275.4374088407163,3843.51011953928,227.90513404909052,4039.235656730924,54.0,0.10144833133620683,-1.8839286056611493,0.10143699603540929,-1.8887305475043985,0.017583183067157993,0.4672279604377771
2826,44,572,470.9318574712719,4102.798680980681,227.90513404909052,4039.235656730924,54.0,0.10144833133620683,-2.8893530176042344,0.10143699603540929,-2.8775397720996807,0.017583183067157993,0.5806835957189473
2827,31,572,286.22286085268047,4096.016113555928,227.90513404909052,4039.235656730924,54.0,0.10144833133620683,-0.8343249641528371,0.10143699603540929,-0.833197453009166,0.017583183067157993,0.19356763243082167
2828,19,572,298.45947748194794,4119.807970449649,227.90513404909052,4039.235656730924,54.0,0.10144833133620683,-1.034834138899451,0.10143699603540929,-1.0357490783879744,0.017583183067157993,0.24047424560205002
2829,21,572,129.6510563411616,4132.672991581291,227.90513404909052,4039.235656730924,54.0,0.10144833133620683,-1.9381204195690735,0.10143699603540929,-1.9383654863703343,0.017583183067157993,0.39860657215725603
2830,21,573,129.6510563411616,4132.672991581291,215.30007276246957,4047.741048059149,54.0,0.10144833133620683,-1.7367022494348974,0.10143699603540929,-1.7357500920363385,0.017583183067157993,0.3521661359333458
2831,25,573,275.18212912654,3848.067080065535,215.30007276246957,4047.741048059149,54.0,0.10144833133620683,-2.0258643443238618,0.10143699603540929,-2.030163513539554,0.017583183067157993,0.49763726615382525
2832,31,573,286.22286085268047,4096.016113555928,215.30007276246957,4047.741048059149,54.0,0.10144833133620683,-0.9332413635439634,0.10143699603540929,-0.9307661777518113,0.017583183067157993,0.21314086156925663
2833,19,573,298.45947748194794,4119.807970449649,215.30007276246957,4047.741048059149,54.0,0.10144833133620683,-1.1088496573367401,0.10143699603540929,-1.1095525401440556,0.017583183067157993,0.2597535681414978
2834,44,573,470.9318574712719,4102.798680980681,215.30007276246957,4047.741048059149,54.0,0.10144833133620683,-3.1382120664202926,0.10143699603540929,-3.1255848937709145,0.017583183067157993,0.6135136484893562
2835,22,573,277.6908502273422,4133.768071833261,215.30007276246957,4047.741048059149,54.0,0.10144833133620683,-1.1427857516560547,0.10143699603540929,-1.14215822917422,0.017583183067157993,0.29146085540373556
2836,38,574,292.2609771757026,3909.816818957042,214.7494271220868,4031.061700351105,54.0,0.10144833133620683,-1.2929906795922996,0.10143699603540929,-1.2922280258168009,0.017583183067157993,0.3595515047812532
2837,44,574,470.9318574712719,4102.798680980681,214.7494271220868,4031.061700351105,54.0,0.10144833133620683,-3.0243617402078704,0.10143699603540929,-3.015408659072328,0.017583183067157993,0.6261770151885137
2838,22,574,282.91308227706304,4129.966613278081,214.7494271220868,4031.061700351105,54.0,0.10144833133620683,-1.2011432953244727,0.10143699603540929,-1.2004788402579099,0.017583183067157993,0.3082912108620386
2839,21,574,129.6510563411616,4132.672991581291,214.7494271220868,4031.061700351105,54.0,0.10144833133620683,-1.8784584852528183,0.10143699603540929,-1.8784987629022938,0.017583183067157993,0.38044668343564675
2840,31,574,286.22286085268047,4096.016113555928,214.7494271220868,4031.061700351105,54.0,0.10144833133620683,-1.0433485792517179,0.10143699603540929,-1.0430838617287939,0.017583183067157993,0.2407047030802356
2841,25,574,275.18212912654,3848.067080065535,214.7494271220868,4031.061700351105,54.0,0.10144833133620683,-1.7695728674408941,0.10143699603540929,-1.7707166232953226,0.017583183067157993,0.44991425637827825
2842,19,574,298.45947748194794,4119.807970449649,214.7494271220868,4031.061700351105,54.0,0.10144833133620683,-1.23641806589897,0.10143699603540929,-1.2380822406525382,0.017583183067157993,0.2878612611380741
2843,28,574,181.0656949265822,4007.0767963031503,214.7494271220868,4031.061700351105,54.0,0.10144833133620683,-0.6960361140513818,0.10143699603540929,-0.6942263740957528,0.017583183067157993,0.11875839525209775
2844,63,575,316.49031405012005,3929.154743051912,275.30803990511106,4023.5491126828542,54.0,0.10144833133620683,-1.2589835177804316,0.10143699603540929,-1.25948389200145,0.017583183067157993,0.26252947360690776
2845,53,575,275.4374088407163,3843.51011953928,275.30803990511106,4023.5491126828542,54.0,0.10144833133620683,-1.5094199969740139,0.10143699603540929,-1.5045500514931274,0.017583183067157993,0.4184109299655514
2846,25,575,275.18212912654,3848.067080065535,275.30803990511106,4023.5491126828542,54.0,0.10144833133620683,-1.4747169693067115,0.10143699603540929,-1.4701008256775623,0.017583183067157993,0.405258804076149
2847,53,576,275.4374088407163,3843.51011953928,228.23403405678565,3926.946867381492,54.0,0.10144833133620683,-0.9815750303919965,0.10143699603540929,-0.9835806845374879,0.017583183067157993,0.21113988599693892
2848,25,576,267.48464027237577,3844.373471682145,228.23403405678565,3926.946867381492,54.0,0.10144833133620683,-0.8988265824389219,0.10143699603540929,-0.9001174857591151,0.017583183067157993,0.19814311317257446
2849,38,576,292.2609771757026,3909.816818957042,228.23403405678565,3926.946867381492,54.0,0.10144833133620683,-0.770766122739915,0.10143699603540929,-0.7725627512652983,0.017583183067157993,0.13967007092667438
2850,2,577,-517.6817734392575,3585.1734601257845,-499.9773429811749,3678.532005153513,54.0,0.10144833133620683,-1.019487681977484,0.10143699603540929,-1.013639784786848,0.017583183067157993,0.32931175693839965
2851,2,578,-517.6817734392575,3585.1734601257845,-517.2496129298322,3660.238901566688,54.0,0.10144833133620683,-0.8012639527386077,0.10143699603540929,-0.7958939463332095,0.017583183067157993,0.2519351029700601
2852,1,578,-521.8490863607117,3587.7366019941664,-517.2496129298322,3660.238901566688,54.0,0.10144833133620683,-0.7842582364893336,0.10143699603540929,-0.7791654139670623,0.017583183067157993,0.24553685018401833
2853,20,579,-498.52555730042025,3779.773363273628,-580.6716768976491,3734.978595164169,54.0,0.10144833133620683,-0.9843016515118974,0.10143699603540929,-0.9845796860628324,0.017583183067157993,0.3497769721524033
2854,20,580,-493.1142633148681,3773.7889738968342,-546.4989859266002,3721.4900233429794,54.0,0.10144833133620683,-0.9002864260298526,0.10143699603540929,-0.9019143790659522,0.017583183067157993,0.2626574487079768
2855,20,581,-493.1142633148681,3773.7889738968342,-549.267120039264,3702.54178010288,54.0,0.10144833133620683,-1.0688311816493277,0.10143699603540929,-1.0685428385217388,0.017583183067157993,0.3190135840881033
2856,20,582,-493.1142633148681,3773.7889738968342,-517.9434171149317,3694.1396214923566,54.0,0.10144833133620683,-0.9464538364513407,0.10143699603540929,-0.9436595665489205,0.017583183067157993,0.2935830900002562
2857,31,583,286.22286085268047,4096.016113555928,275.46093069714203,4237.600593298557,54.0,0.10144833133620683,-1.3304793383755096,0.10143699603540929,-1.3295003887208092,0.017583183067157993,0.4025619525808838
2858,4,583,296.61979068975745,4128.179301772369,275.46093069714203,4237.600593298557,54.0,0.10144833133620683,-1.022319199958101,0.10143699603540929,-1.0189892705694752,0.017583183067157993,0.3488224972537845
2859,23,583,473.2888408458269,4304.725925046426,275.46093069714203,4237.600593298557,54.0,0.10144833133620683,-2.3329133868153336,0.10143699603540929,-2.3259086954901655,0.017583183067157993,0.6703684130531303
2860,44,583,470.9318574712719,4102.798680980681,275.46093069714203,4237.600593298557,54.0,0.10144833133620683,-2.3216501348544902,0.10143699603540929,-2.3208186001271884,0.017583183067157993,0.6169039588338687
2861,44,584,470.9318574712719,4102.798680980681,260.54382607193054,4189.386828262381,54.0,0.10144833133620683,-2.350835530343796,0.10143699603540929,-2.349540308924815,0.017583183067157993,0.5200050991450461
2862,23,584,473.2888408458269,4304.725925046426,260.54382607193054,4189.386828262381,54.0,0.10144833133620683,-2.6542281283315305,0.10143699603540929,-2.6488731842435795,0.017583183067157993,0.7293809603056097
2863,31,584,286.22286085268047,4096.016113555928,260.54382607193054,4189.386828262381,54.0,0.10144833133620683,-1.1047614737912104,0.10143699603540929,-1.1086751350100836,0.017583183067157993,0.26177788487393205
2864,4,584,296.61979068975745,4128.179301772369,260.54382607193054,4189.386828262381,54.0,0.10144833133620683,-0.8325346297798175,0.10143699603540929,-0.8317232393608808,0.017583183067157993,0.22149667852547872
2865,4,585,296.61979068975745,4128.179301772369,365.73068580729074,4172.10123667665,54.0,0.10144833133620683,-0.7053068374954452,0.10143699603540929,-0.7048104837560827,0.017583183067157993,0.2009484727884881
2866,41,585,461.8106926932424,4070.996636995212,365.73068580729074,4172.10123667665,54.0,0.10144833133620683,-1.6790469249436994,0.10143699603540929,-1.6788357707411279,0.017583183067157993,0.28954062305656075
2867,31,585,286.22286085268047,4096.016113555928,365.73068580729074,4172.10123667665,54.0,0.10144833133620683,-0.9252673123331314,0.10143699603540929,-0.9252261352599105,0.017583183067157993,0.23861058653101241
2868,27,585,413.6607163277177,4126.933692479007,365.73068580729074,4172.10123667665,54.0,0.10144833133620683,-0.8789539588066755,0.10143699603540929,-0.879389224981631,0.017583183067157993,0.16120648008099542
2869,23,585,473.2888408458269,4304.725925046426,365.73068580729074,4172.10123667665,54.0,0.10144833133620683,-2.2847859648344393,0.10143699603540929,-2.2850832785269377,0.017583183067157993,0.4380696100095911
2870,44,585,470.9318574712719,4102.798680980681,365.73068580729074,4172.10123667665,54.0,0.10144833133620683,-1.3879092318184845,0.10143699603540929,-1.3869344930300413,0.017583183067157993,0.26401047332160704
2871,31,586,286.22286085268047,4096.016113555928,303.0397540729384,4168.450548701593,54.0,0.10144833133620683,-0.7303155160367061,0.10143699603540929,-0.7312384155971323,0.017583183067157993,0.17867069190380355
2872,4,586,296.61979068975745,4128.179301772369,303.0397540729384,4168.450548701593,54.0,0.10144833133620683,-0.3882645429482593,0.10143699603540929,-0.386840924930287,0.017583183067157993,0.1169867928391022
2873,44,586,470.9318574712719,4102.798680980681,303.0397540729384,4168.450548701593,54.0,0.10144833133620683,-1.934374889837954,0.10143699603540929,-1.9329496813976992,0.017583183067157993,0.3882861777939014
2874,31,587,286.22286085268047,4096.016113555928,306.09515397216705,4130.874580079874,54.0,0.10144833133620683,-0.3984056994007783,0.10143699603540929,-0.4006909707246335,0.017583183067157993,0.08140212386183251
2875,4,587,296.61979068975745,4128.179301772369,306.09515397216705,4130.874580079874,54.0,0.10144833133620683,-0.19542668939189156,0.10143699603540929,-0.1952158560099458,0.017583183067157993,0.05597122506399852
2876,44,587,470.9318574712719,4102.798680980681,306.09515397216705,4130.874580079874,54.0,0.10144833133620683,-1.860169327784497,0.10143699603540929,-1.8598692883246981,0.017583183067157993,0.3579171499614939
2877,31,588,286.22286085268047,4096.016113555928,302.82165996923425,4119.504667691163,54.0,0.10144833133620683,-0.3021771455548558,0.10143699603540929,-0.30407699618669787,0.017583183067157993,0.05657961360074109
2878,44,588,470.9318574712719,4102.798680980681,302.82165996923425,4119.504667691163,54.0,0.10144833133620683,-1.829551797507682,0.10143699603540929,-1.8301951578492701,0.017583183067157993,0.35830556996894386
2879,4,588,296.61979068975745,4128.179301772369,302.82165996923425,4119.504667691163,54.0,0.10144833133620683,-0.18524708617170413,0.10143699603540929,-0.18552807085456724,0.017583183067157993,0.05024597728430926
2880,4,589,296.61979068975745,4128.179301772369,291.1882646910309,4099.078724905353,54.0,0.10144833133620683,-0.34675165857186174,0.10143699603540929,-0.3494932463379807,0.017583183067157993,0.06832153893464522
2881,44,589,470.9318574712719,4102.798680980681,291.1882646910309,4099.078724905353,54.0,0.10144833133620683,-1.997876470166388,0.10143699603540929,-1.9967644531599917,0.017583183067157993,0.3823901156280307
2882,31,589,286.22286085268047,4096.016113555928,291.1882646910309,4099.078724905353,54.0,0.10144833133620683,-0.15254869759954087,0.10143699603540929,-0.15244298223325975,0.017583183067157993,0.020133895871973624
2883,44,590,470.9318574712719,4102.798680980681,272.934747988071,4111.997012157693,54.0,0.10144833133620683,-2.1023037986033835,0.10143699603540929,-2.1052867005098728,0.017583183067157993,0.4132541720372147
2884,31,590,286.22286085268047,4096.016113555928,272.934747988071,4111.997012157693,54.0,0.10144833133620683,-0.2431926972266979,0.10143699603540929,-0.2442732965676938,0.017583183067157993,0.043509697897969185
2885,4,590,296.61979068975745,4128.179301772369,272.934747988071,4111.997012157693,54.0,0.10144833133620683,-0.3328580432406179,0.10143699603540929,-0.33489119587731664,0.017583183067157993,0.07155879733053215
2886,4,591,296.61979068975745,4128.179301772369,255.4251274347216,4100.936453308112,54.0,0.10144833133620683,-0.4931664661228159,0.10143699603540929,-0.4941001295469334,0.017583183067157993,0.11616084547245119
2887,31,591,286.22286085268047,4096.016113555928,255.4251274347216,4100.936453308112,54.0,0.10144833133620683,-0.36399241274020167,0.10143699603540929,-0.3630061035233402,0.017583183067157993,0.06946847755530199
2888,4,592,296.61979068975745,4128.179301772369,220.87595282766387,4102.083892846976,54.0,0.10144833133620683,-0.8104018615479911,0.10143699603540929,-0.8099618688120436,0.017583183067157993,0.2054566913861211
2889,31,592,286.22286085268047,4096.016113555928,220.87595282766387,4102.083892846976,54.0,0.10144833133620683,-0.7307552479679617,0.10143699603540929,-0.7296776138077204,0.017583183067157993,0.16241369820820376
2890,64,593,251.14156651564912,4194.6094429104505,373.0536264372821,4237.867458294468,54.0,0.10144833133620683,-1.1279084951005476,0.10143699603540929,-1.1219466097312893,0.017583183067157993,0.4256871530886494
2891,19,593,313.8105789821288,4143.210879673134,373.0536264372821,4237.867458294468,54.0,0.10144833133620683,-0.8272577354764828,0.10143699603540929,-0.8195964349145722,0.017583183067157993,0.29745195045589723
2892,23,593,473.2888408458269,4304.725925046426,373.0536264372821,4237.867458294468,54.0,0.10144833133620683,-1.6770029251527994,0.10143699603540929,-1.676712264545203,0.017583183067157993,0.3213656849044546
2893,16,593,510.22088537403255,4246.5421852479,373.0536264372821,4237.867458294468,54.0,0.10144833133620683,-1.3989279687950025,0.10143699603540929,-1.3961288042251527,0.017583183067157993,0.3347838790489266
2894,22,593,301.6304881357929,4156.037775497009,373.0536264372821,4237.867458294468,54.0,0.10144833133620683,-0.8148283846384796,0.10143699603540929,-0.8079494010642909,0.017583183067157993,0.3024196594193189
2895,44,593,472.0029937650396,4104.126300266757,373.0536264372821,4237.867458294468,54.0,0.10144833133620683,-1.8163439905232288,0.10143699603540929,-1.8196207369458672,0.017583183067157993,0.3824497273162534
2896,31,593,286.22286085268047,4096.016113555928,373.0536264372821,4237.867458294468,54.0,0.10144833133620683,-1.3409104933381162,0.10143699603540929,-1.335395098296583,0.017583183067157993,0.41349207385201847
2897,22,594,301.6304881357929,4156.037775497009,362.3064081282481,4221.704404093187,54.0,0.10144833133620683,-0.6466725163305479,0.10143699603540929,-0.6406689898844998,0.017583183067157993,0.23788071704376473
2898,16,594,510.22088537403255,4246.5421852479,362.3064081282481,4221.704404093187,54.0,0.10144833133620683,-1.511583114503976,0.10143699603540929,-1.5077306215799375,0.017583183067157993,0.3681143806473296
2899,19,594,313.8105789821288,4143.210879673134,362.3064081282481,4221.704404093187,54.0,0.10144833133620683,-0.6611655117256912,0.10143699603540929,-0.6549648688134556,0.017583183067157993,0.23593914924567028
2900,64,594,251.14156651564912,4194.6094429104505,362.3064081282481,4221.704404093187,54.0,0.10144833133620683,-1.0381176846014917,0.10143699603540929,-1.0334751503861197,0.017583183067157993,0.3595599680619215
2901,16,595,510.22088537403255,4246.5421852479,372.2868734763583,4221.386114156595,54.0,0.10144833133620683,-1.4162811320596302,0.10143699603540929,-1.4140175700228037,0.017583183067157993,0.341494640648489
2902,19,595,319.13473954701425,4139.652372121544,372.2868734763583,4221.386114156595,54.0,0.10144833133620683,-0.762382979344397,0.10143699603540929,-0.7586506169430551,0.017583183067157993,0.24703279378356235
2903,41,595,461.8106926932424,4070.996636995212,372.2868734763583,4221.386114156595,54.0,0.10144833133620683,-1.988398881123662,0.10143699603540929,-1.988236616786982,0.017583183067157993,0.38566119065034243
2904,31,595,286.22286085268047,4096.016113555928,372.2868734763583,4221.386114156595,54.0,0.10144833133620683,-1.2626950360467553,0.10143699603540929,-1.2605199493785784,0.017583183067157993,0.3641743488871018
2905,21,595,129.6510563411616,4132.672991581291,372.2868734763583,4221.386114156595,54.0,0.10144833133620683,-2.694786443546018,0.10143699603540929,-2.690737517669115,0.017583183067157993,0.7957177012346579
2906,64,595,251.14156651564912,4194.6094429104505,372.2868734763583,4221.386114156595,54.0,0.10144833133620683,-1.1302567888853932,0.10143699603540929,-1.1247605767628006,0.017583183067157993,0.38369643213881266
2907,44,595,472.0029937650396,4104.126300266757,372.2868734763583,4221.386114156595,54.0,0.10144833133620683,-1.6822105802397616,0.10143699603540929,-1.6830134311117162,0.017583183067157993,0.3465328162479115
2908,23,595,473.2888408458269,4304.725925046426,372.2868734763583,4221.386114156595,54.0,0.10144833133620683,-1.8193103537078772,0.10143699603540929,-1.8191947772071353,0.017583183067157993,0.3424141883575107
2909,64,596,251.14156651564912,4194.6094429104505,348.8282222887337,4204.538514488947,54.0,0.10144833133620683,-0.913128042831946,0.10143699603540929,-0.9138410038275098,0.017583183067157993,0.3014295007057993
2910,44,596,470.9318574712719,4102.798680980681,348.8282222887337,4204.538514488947,54.0,0.10144833133620683,-1.7230367014261805,0.10143699603540929,-1.7220306831353913,0.017583183067157993,0.3571667346085048
2911,16,596,510.22088537403255,4246.5421852479,348.8282222887337,4204.538514488947,54.0,0.10144833133620683,-1.6720508559829539,0.10143699603540929,-1.6707645588516438,0.017583183067157993,0.40946176027714154
2912,19,596,313.8105789821288,4143.210879673134,348.8282222887337,4204.538514488947,54.0,0.10144833133620683,-0.46678154265613914,0.10143699603540929,-0.4631399888541035,0.017583183067157993,0.17757863800048476
2913,23,596,473.2888408458269,4304.725925046426,348.8282222887337,4204.538514488947,54.0,0.10144833133620683,-2.080316908451945,0.10143699603540929,-2.076927735170986,0.017583183067157993,0.4232113420929837
2914,22,596,301.6304881357929,4156.037775497009,348.8282222887337,4204.538514488947,54.0,0.10144833133620683,-0.4452016315388949,0.10143699603540929,-0.4411376956426375,0.017583183067157993,0.17538893776274248
2915,21,596,129.6510563411616,4132.672991581291,348.8282222887337,4204.538514488947,54.0,0.10144833133620683,-2.4137079463838615,0.10143699603540929,-2.4128653860175175,0.017583183067157993,0.7134305236195778
2916,31,596,286.22286085268047,4096.016113555928,348.8282222887337,4204.538514488947,54.0,0.10144833133620683,-0.9843002253881086,0.10143699603540929,-0.9828405728282014,0.017583183067157993,0.2941788633274358
2917,44,597,470.9318574712719,4102.798680980681,329.5351738167448,4169.038905630156,54.0,0.10144833133620683,-1.682065836406923,0.10143699603540929,-1.6823675863663716,0.017583183067157993,0.335001169441861
2918,19,597,313.8105789821288,4143.210879673134,329.5351738167448,4169.038905630156,54.0,0.10144833133620683,-0.2147282806125537,0.10143699603540929,-0.21419684942193556,0.017583183067157993,0.06910144376415146
2919,16,597,510.22088537403255,4246.5421852479,329.5351738167448,4169.038905630156,54.0,0.10144833133620683,-1.9416966273904377,0.10143699603540929,-1.9419979437436217,0.017583183067157993,0.473049343193169
2920,21,597,129.6510563411616,4132.672991581291,329.5351738167448,4169.038905630156,54.0,0.10144833133620683,-2.2313698776458546,0.10143699603540929,-2.2333725044047856,0.017583183067157993,0.6134646404053213
2921,41,597,461.8106926932424,4070.996636995212,329.5351738167448,4169.038905630156,54.0,0.10144833133620683,-1.9736345579837766,0.10143699603540929,-1.9728209062990927,0.017583183067157993,0.34900949926983543
2922,23,597,473.2888408458269,4304.725925046426,329.5351738167448,4169.038905630156,54.0,0.10144833133620683,-2.356517565624539,0.10143699603540929,-2.354261133906613,0.017583183067157993,0.5187494802517919
2923,22,597,301.6304881357929,4156.037775497009,329.5351738167448,4169.038905630156,54.0,0.10144833133620683,-0.20432896886736976,0.10143699603540929,-0.20334702191461923,0.017583183067157993,0.06809869224193486
2924,64,597,251.14156651564912,4194.6094429104505,329.5351738167448,4169.038905630156,54.0,0.10144833133620683,-0.7285608767443859,0.10143699603540929,-0.7278840722879235,0.017583183067157993,0.2265087237494928
2925,27,597,413.6607163277177,4126.933692479007,329.5351738167448,4169.038905630156,54.0,0.10144833133620683,-1.1125580808891058,0.10143699603540929,-1.1134909945713705,0.017583183067157993,0.22619909675057448
2926,31,597,286.22286085268047,4096.016113555928,329.5351738167448,4169.038905630156,54.0,0.10144833133620683,-0.732104743705834,0.10143699603540929,-0.7337589426155542,0.017583183067157993,0.1860057447354611
2927,64,598,251.14156651564912,4194.6094429104505,346.62414930987774,4170.158415182179,54.0,0.10144833133620683,-0.8316394964475895,0.10143699603540929,-0.8310483777996993,0.017583183067157993,0.27437408770729227
2928,22,598,301.6304881357929,4156.037775497009,346.62414930987774,4170.158415182179,54.0,0.10144833133620683,-0.30630869624487655,0.10143699603540929,-0.30534014066553405,0.017583183067157993,0.10425720085765286
2929,31,598,286.22286085268047,4096.016113555928,346.62414930987774,4170.158415182179,54.0,0.10144833133620683,-0.7680705552070162,0.10143699603540929,-0.7691693292575736,0.017583183067157993,0.20740020262410172
2930,19,598,324.4656830993255,4136.208404100951,346.62414930987774,4170.158415182179,54.0,0.10144833133620683,-0.25147912254001165,0.10143699603540929,-0.2503175553378407,0.017583183067157993,0.08725473560212982
2931,27,598,413.6607163277177,4126.933692479007,346.62414930987774,4170.158415182179,54.0,0.10144833133620683,-1.014804910928239,0.10143699603540929,-1.016031211213136,0.017583183067157993,0.1951906266242184
2932,44,598,470.9318574712719,4102.798680980681,346.62414930987774,4170.158415182179,54.0,0.10144833133620683,-1.5682353161727756,0.10143699603540929,-1.5683229590789305,0.017583183067157993,0.30264746729263325
2933,21,598,129.6510563411616,4132.672991581291,346.62414930987774,4170.158415182179,54.0,0.10144833133620683,-2.3271668870417956,0.10143699603540929,-2.328889418168769,0.017583183067157993,0.6481136581716234
2934,16,599,510.22088537403255,4246.5421852479,364.6091053140706,4170.399258321844,54.0,0.10144833133620683,-1.8038373164491317,0.10143699603540929,-1.8039319146843018,0.017583183067157993,0.3823980444098356
2935,31,599,286.22286085268047,4096.016113555928,364.6091053140706,4170.399258321844,54.0,0.10144833133620683,-0.9039587712118791,0.10143699603540929,-0.9038558905636342,0.017583183067157993,0.23359549968819585
2936,44,599,470.9318574712719,4102.798680980681,364.6091053140706,4170.399258321844,54.0,0.10144833133620683,-1.3930972400533,0.10143699603540929,-1.392292720286918,0.017583183067157993,0.26440934964882395
2937,64,599,251.14156651564912,4194.6094429104505,364.6091053140706,4170.399258321844,54.0,0.10144833133620683,-1.0022453218597036,0.10143699603540929,-1.0002448891476319,0.017583183067157993,0.32398206085684034
2938,27,599,413.6607163277177,4126.933692479007,364.6091053140706,4170.399258321844,54.0,0.10144833133620683,-0.8748751744999441,0.10143699603540929,-0.8754171819214894,0.017583183067157993,0.16057601359082227
2939,19,599,324.8153272931308,4135.979057138678,364.6091053140706,4170.399258321844,54.0,0.10144833133620683,-0.41561877507300327,0.10143699603540929,-0.4142666562307544,0.017583183067157993,0.11778018468719079
2940,41,600,461.8106926932424,4070.996636995212,334.60250706622514,4156.27046823521,54.0,0.10144833133620683,-1.9067947982835443,0.10143699603540929,-1.9049396133020218,0.017583183067157993,0.32265605341012393
2941,44,600,470.9318574712719,4102.798680980681,334.60250706622514,4156.27046823521,54.0,0.10144833133620683,-1.7102477084313397,0.10143699603540929,-1.7097468353071281,0.017583183067157993,0.3134706617511555
2942,21,600,129.6510563411616,4132.672991581291,334.60250706622514,4156.27046823521,54.0,0.10144833133620683,-2.1077846765140706,0.10143699603540929,-2.103947803730937,0.017583183067157993,0.5939087344393175
2943,64,600,251.14156651564912,4194.6094429104505,334.60250706622514,4156.27046823521,54.0,0.10144833133620683,-0.8077522101552131,0.10143699603540929,-0.8060691157288391,0.017583183067157993,0.23979611579999965
2944,23,600,473.2888408458269,4304.725925046426,334.60250706622514,4156.27046823521,54.0,0.10144833133620683,-2.464280819396039,0.10143699603540929,-2.4672049247043297,0.017583183067157993,0.5234468679575556
2945,19,600,322.3682131168698,4137.58480892938,334.60250706622514,4156.27046823521,54.0,0.10144833133620683,-0.14841640889965627,0.10143699603540929,-0.14767878557407046,0.017583183067157993,0.04903237821995232
2946,31,600,286.22286085268047,4096.016113555928,334.60250706622514,4156.27046823521,54.0,0.10144833133620683,-0.6563674181235337,0.10143699603540929,-0.6575880731986693,0.017583183067157993,0.16739281022399483
2947,22,601,301.6304881357929,4156.037775497009,355.5439209369716,4156.456968582675,54.0,0.10144833133620683,-0.37456227643519985,0.10143699603540929,-0.3736871778881624,0.017583183067157993,0.1206173720985705
2948,27,601,413.6607163277177,4126.933692479007,355.5439209369716,4156.456968582675,54.0,0.10144833133620683,-0.9028388474527582,0.10143699603540929,-0.9037922878540463,0.017583183067157993,0.16113446584947755
2949,64,601,251.14156651564912,4194.6094429104505,355.5439209369716,4156.456968582675,54.0,0.10144833133620683,-0.9316710719484865,0.10143699603540929,-0.9308194753591043,0.017583183067157993,0.28517156609410327
2950,31,601,286.22286085268047,4096.016113555928,355.5439209369716,4156.456968582675,54.0,0.10144833133620683,-0.7316211108067607,0.10143699603540929,-0.7309306052586848,0.017583183067157993,0.19262778153641036
2951,23,601,473.2888408458269,4304.725925046426,355.5439209369716,4156.456968582675,54.0,0.10144833133620683,-2.499745872669306,0.10143699603540929,-2.4998685779159513,0.017583183067157993,0.4822044497178946
2952,44,601,470.9318574712719,4102.798680980681,355.5439209369716,4156.456968582675,54.0,0.10144833133620683,-1.475270059691842,0.10143699603540929,-1.475523346406772,0.017583183067157993,0.2696029803206891
2953,21,601,129.6510563411616,4132.672991581291,355.5439209369716,4156.456968582675,54.0,0.10144833133620683,-2.2556697402441586,0.10143699603540929,-2.2521679860960035,0.017583183067157993,0.6395220397523143
2954,19,601,324.8153272931308,4135.979057138678,355.5439209369716,4156.456968582675,54.0,0.10144833133620683,-0.25577754762915644,0.10143699603540929,-0.25403351589063294,0.017583183067157993,0.079197437670617
2955,21,602,129.6510563411616,4132.672991581291,299.7110510601282,4116.425155454023,54.0,0.10144833133620683,-1.805927338017672,0.10143699603540929,-1.8102950427172226,0.017583183067157993,0.4624416810101769
2956,31,602,286.22286085268047,4096.016113555928,299.7110510601282,4116.425155454023,54.0,0.10144833133620683,-0.276764386815906,0.10143699603540929,-0.27869306974680735,0.017583183067157993,0.047947451315312646
2957,22,602,282.91308227706304,4129.966613278081,299.7110510601282,4116.425155454023,54.0,0.10144833133620683,-0.21421570334247098,0.10143699603540929,-0.21529814280030626,0.017583183067157993,0.04836447375462341
2958,44,602,470.9318574712719,4102.798680980681,299.7110510601282,4116.425155454023,54.0,0.10144833133620683,-1.8485273287926114,0.10143699603540929,-1.8492357154477084,0.017583183067157993,0.3640107755223859
2959,64,602,251.14156651564912,4194.6094429104505,299.7110510601282,4116.425155454023,54.0,0.10144833133620683,-1.0621818117562638,0.10143699603540929,-1.0637826245924682,0.017583183067157993,0.26979766816563033
2960,19,602,300.9079081658487,4118.195306486656,299.7110510601282,4116.425155454023,54.0,0.10144833133620683,-0.01609113505695845,0.10143699603540929,-0.016162313364410718,0.017583183067157993,0.0042660235577240855
2961,22,603,291.73392650949626,4142.178443865089,320.9729984334359,4121.618338208264,54.0,0.10144833133620683,-0.31663155894595996,0.10143699603540929,-0.31642744364131714,0.017583183067157993,0.09121923134595582
2962,19,603,317.1134398856572,4124.154802727244,320.9729984334359,4121.618338208264,54.0,0.10144833133620683,-0.031623061664381925,0.10143699603540929,-0.03168599710633219,0.017583183067157993,0.009471254923528205
2963,31,603,286.22286085268047,4096.016113555928,320.9729984334359,4121.618338208264,54.0,0.10144833133620683,-0.3862772806864141,0.10143699603540929,-0.3875760418813239,0.017583183067157993,0.08723372310927477
2964,21,603,129.6510563411616,4132.672991581291,320.9729984334359,4121.618338208264,54.0,0.10144833133620683,-1.968372144858387,0.10143699603540929,-1.9695841700051273,0.017583183067157993,0.519118032752381
2965,64,603,251.14156651564912,4194.6094429104505,320.9729984334359,4121.618338208264,54.0,0.10144833133620683,-1.0728135891125583,0.10143699603540929,-1.0710145983034314,0.017583183067157993,0.28692045085531004
2966,44,603,470.9318574712719,4102.798680980681,320.9729984334359,4121.618338208264,54.0,0.10144833133620683,-1.7096054768905535,0.10143699603540929,-1.7100014165330777,0.017583183067157993,0.3218302710091485
2967,21,604,129.6510563411616,4132.672991581291,268.5028234668558,4104.077574133915,54.0,0.10144833133620683,-1.589162250038965,0.10143699603540929,-1.5865130796461269,0.017583183067157993,0.40128854678507236
2968,64,604,251.14156651564912,4194.6094429104505,268.5028234668558,4104.077574133915,54.0,0.10144833133620683,-1.031311615693012,0.10143699603540929,-1.031331895812409,0.017583183067157993,0.26878648963480745
2969,31,604,286.22286085268047,4096.016113555928,268.5028234668558,4104.077574133915,54.0,0.10144833133620683,-0.2533289843153168,0.10143699603540929,-0.2532080287324711,0.017583183067157993,0.04418408442233561
2970,22,604,282.91308227706304,4129.966613278081,268.5028234668558,4104.077574133915,54.0,0.10144833133620683,-0.2790271313958835,0.10143699603540929,-0.27937393799610266,0.017583183067157993,0.06737173600895302
2971,19,604,298.45947748194794,4119.807970449649,268.5028234668558,4104.077574133915,54.0,0.10144833133620683,-0.3210766441734948,0.10143699603540929,-0.32332111972122074,0.017583183067157993,0.06553093292047231
2972,44,604,470.9318574712719,4102.798680980681,268.5028234668558,4104.077574133915,54.0,0.10144833133620683,-2.139124241660606,0.10143699603540929,-2.141936718117913,0.017583183067157993,0.4231755306763581
2973,21,605,129.6510563411616,4132.672991581291,308.95176142546023,4100.390848526726,54.0,0.10144833133620683,-1.9429525216755659,0.10143699603540929,-1.9430460858259695,0.017583183067157993,0.4808462577268794
2974,44,605,470.9318574712719,4102.798680980681,308.95176142546023,4100.390848526726,54.0,0.10144833133620683,-1.7788071038603066,0.10143699603540929,-1.7793638371868326,0.017583183067157993,0.3440160240814651
2975,31,605,286.22286085268047,4096.016113555928,308.95176142546023,4100.390848526726,54.0,0.10144833133620683,-0.2783029459631614,0.10143699603540929,-0.27754098351069223,0.017583183067157993,0.04960498990544267
2976,22,605,282.91308227706304,4129.966613278081,308.95176142546023,4100.390848526726,54.0,0.10144833133620683,-0.34752206974209066,0.10143699603540929,-0.3493555671301682,0.017583183067157993,0.08249379233425937
2977,31,606,286.22286085268047,4096.016113555928,321.7264183919306,4102.665007325553,54.0,0.10144833133620683,-0.35883948136885235,0.10143699603540929,-0.35822740772046663,0.017583183067157993,0.07521904260129778
2978,44,606,470.9318574712719,4102.798680980681,321.7264183919306,4102.665007325553,54.0,0.10144833133620683,-1.6911412469278686,0.10143699603540929,-1.6915238381820323,0.017583183067157993,0.3177804638706892
2979,19,606,309.4846467710166,4112.556925703692,321.7264183919306,4102.665007325553,54.0,0.10144833133620683,-0.10776624140037158,0.10143699603540929,-0.1079807151316577,0.017583183067157993,0.03227649350609922
2980,21,606,129.6510563411616,4132.672991581291,321.7264183919306,4102.665007325553,54.0,0.10144833133620683,-2.0174382418337,0.10143699603540929,-2.018627497520356,0.017583183067157993,0.506691487744803
2981,22,606,282.91308227706304,4129.966613278081,321.7264183919306,4102.665007325553,54.0,0.10144833133620683,-0.38995147331172736,0.10143699603540929,-0.3912424333672184,0.017583183067157993,0.10240149052073877
2982,21,607,129.6510563411616,4132.672991581291,219.27949383018264,4092.615330391432,54.0,0.10144833133620683,-1.1723690617994005,0.10143699603540929,-1.1675184126634899,0.017583183067157993,0.2877207266423375
2983,22,607,267.77623279276514,4140.811810679348,219.27949383018264,4092.615330391432,54.0,0.10144833133620683,-0.7204436860010321,0.10143699603540929,-0.7181185440463318,0.017583183067157993,0.1940913995970914
2984,64,607,251.14156651564912,4194.6094429104505,219.27949383018264,4092.615330391432,54.0,0.10144833133620683,-1.3196114284759743,0.10143699603540929,-1.3118941164558129,0.017583183067157993,0.33715777714423484
2985,19,607,298.45947748194794,4119.807970449649,219.27949383018264,4092.615330391432,54.0,0.10144833133620683,-0.8495049634334346,0.10143699603540929,-0.8514053601434046,0.017583183067157993,0.20299635934763252
2986,19,608,298.45947748194794,4119.807970449649,241.15223999434448,4082.933807469713,54.0,0.10144833133620683,-0.6669812031489137,0.10143699603540929,-0.6689271355181305,0.017583183067157993,0.150038961260771
2987,31,608,286.22286085268047,4096.016113555928,241.15223999434448,4082.933807469713,54.0,0.10144833133620683,-0.53433361685167,0.10143699603540929,-0.5335321046703845,0.017583183067157993,0.11062564759925676
2988,21,608,129.6510563411616,4132.672991581291,241.15223999434448,4082.933807469713,54.0,0.10144833133620683,-1.46348634580676,0.10143699603540929,-1.4595188175899267,0.017583183067157993,0.3603731521835969
2989,44,608,470.9318574712719,4102.798680980681,241.15223999434448,4082.933807469713,54.0,0.10144833133620683,-2.5862471276835337,0.10143699603540929,-2.5809290322173584,0.017583183067157993,0.5055423953604266
2990,22,608,277.77652302980147,4133.654750127797,241.15223999434448,4082.933807469713,54.0,0.10144833133620683,-0.6141478675216082,0.10143699603540929,-0.6130192748061158,0.017583183067157993,0.16278946355969548
2991,22,609,282.91308227706304,4129.966613278081,255.9426322707364,4092.0033524375262,54.0,0.10144833133620683,-0.4314320575773956,0.10143699603540929,-0.43068171119171716,0.017583183067157993,0.10760834241686808
2992,64,609,251.14156651564912,4194.6094429104505,255.9426322707364,4092.0033524375262,54.0,0.10144833133620683,-1.1235251495313001,0.10143699603540929,-1.1230344306954747,0.017583183067157993,0.2912681094719781
2993,19,609,298.45947748194794,4119.807970449649,255.9426322707364,4092.0033524375262,54.0,0.10144833133620683,-0.47956188797099913,0.10143699603540929,-0.4812785966543836,0.017583183067157993,0.10268795320502513
2994,21,609,129.6510563411616,4132.672991581291,255.9426322707364,4092.0033524375262,54.0,0.10144833133620683,-1.5655392074948231,0.10143699603540929,-1.5637362699695376,0.017583183067157993,0.3845065760900198
2995,44,609,470.9318574712719,4102.798680980681,255.9426322707364,4092.0033524375262,54.0,0.10144833133620683,-2.4689017201183736,0.10143699603540929,-2.4636932150485142,0.017583183067157993,0.465658286609105
2996,31,609,286.22286085268047,4096.016113555928,255.9426322707364,4092.0033524375262,54.0,0.10144833133620683,-0.3612731853950479,0.10143699603540929,-0.3602748136972369,0.017583183067157993,0.06737781187329034
2997,41,610,461.8106926932424,4070.996636995212,302.40939418690647,4076.239930161057,54.0,0.10144833133620683,-1.4394319486282736,0.10143699603540929,-1.4352268169464462,0.017583183067157993,0.34061879882172963
2998,22,610,282.91308227706304,4129.966613278081,302.40939418690647,4076.239930161057,54.0,0.10144833133620683,-0.6220404813152336,0.10143699603540929,-0.623636941901347,0.017583183067157993,0.11484852978966024
2999,19,610,309.4846467710166,4112.556925703692,302.40939418690647,4076.239930161057,54.0,0.10144833133620683,-0.2187122517319006,0.10143699603540929,-0.21682791986690875,0.017583183067157993,0.07695588157813942
3000,44,610,470.9318574712719,4102.798680980681,302.40939418690647,4076.239930161057,54.0,0.10144833133620683,-1.8702801419701067,0.10143699603540929,-1.8659691744096367,0.017583183067157993,0.3687332458347079
3001,31,610,286.22286085268047,4096.016113555928,302.40939418690647,4076.239930161057,54.0,0.10144833133620683,-0.3632171179125945,0.10143699603540929,-0.3626398995590068,0.017583183067157993,0.05346615805331499
3002,14,611,-191.8510249122208,3920.732064928668,-373.43476264910015,3766.461917060813,54.0,0.10144833133620683,-2.55996325515051,0.10143699603540929,-2.5543625268659973,0.017583183067157993,0.6884485576938154
3003,3,611,-366.6419945922364,3850.319998086217,-373.43476264910015,3766.461917060813,54.0,0.10144833133620683,-0.9579424591038967,0.10143699603540929,-0.9581110141581854,0.017583183067157993,0.267415613585101
3004,14,612,-191.8510249122208,3920.732064928668,-404.9594998600836,3757.059047829879,54.0,0.10144833133620683,-2.9060008211003057,0.10143699603540929,-2.903597571210822,0.017583183067157993,0.7942754321049532
3005,3,612,-366.6419945922364,3850.319998086217,-404.9594998600836,3757.059047829879,54.0,0.10144833133620683,-1.1581613258084167,0.10143699603540929,-1.1565407743500267,0.017583183067157993,0.3330255472067972
3006,14,613,-191.8510249122208,3920.732064928668,-388.4341386667703,3754.2694742453887,54.0,0.10144833133620683,-2.772993715977565,0.10143699603540929,-2.766855449193672,0.017583183067157993,0.7566260008726774
3007,3,613,-366.6419945922364,3850.319998086217,-388.4341386667703,3754.2694742453887,54.0,0.10144833133620683,-1.1003803144859223,0.10143699603540929,-1.0988845432178431,0.017583183067157993,0.32413018547175765
3008,3,614,-366.6419945922364,3850.319998086217,-361.1239523797188,3752.790302079386,54.0,0.10144833133620683,-1.10848003616285,0.10143699603540929,-1.107636224058095,0.017583183067157993,0.3139730803356431
3009,14,614,-191.8510249122208,3920.732064928668,-361.1239523797188,3752.790302079386,54.0,0.10144833133620683,-2.531221271434333,0.10143699603540929,-2.526280061459905,0.017583183067157993,0.710182044343267
3010,14,615,-191.8510249122208,3920.732064928668,-374.17678074725006,3737.152975783385,54.0,0.10144833133620683,-2.76367109464235,0.10143699603540929,-2.7596390835428153,0.017583183067157993,0.7880443064147574
3011,0,615,-370.9184736815143,3578.821080117009,-374.17678074725006,3737.152975783385,54.0,0.10144833133620683,-1.6890417979877865,0.10143699603540929,-1.6799812893389925,0.017583183067157993,0.5700674365165611
3012,3,615,-366.6419945922364,3850.319998086217,-374.17678074725006,3737.152975783385,54.0,0.10144833133620683,-1.2882763722951742,0.10143699603540929,-1.287658699919058,0.017583183067157993,0.3711365159993276
3013,0,616,-370.9184736815143,3578.821080117009,-350.91326110736713,3715.884060741088,54.0,0.10144833133620683,-1.4568131682480014,0.10143699603540929,-1.4471787801395513,0.017583183067157993,0.4940265782025076
3014,3,616,-366.6419945922364,3850.319998086217,-350.91326110736713,3715.884060741088,54.0,0.10144833133620683,-1.5404931971135347,0.10143699603540929,-1.5403465670510033,0.017583183067157993,0.45392365676902474
3015,14,616,-191.8510249122208,3920.732064928668,-350.91326110736713,3715.884060741088,54.0,0.10144833133620683,-2.7503447321293484,0.10143699603540929,-2.7568515455703473,0.017583183067157993,0.8288309926768074
3016,0,617,-370.9184736815143,3578.821080117009,-354.7620074744374,3695.953997662773,54.0,0.10144833133620683,-1.2229646092364277,0.10143699603540929,-1.2132016849479592,0.017583183067157993,0.41508240719919093
3017,0,618,-370.9184736815143,3578.821080117009,-351.1479509122784,3665.503242462116,54.0,0.10144833133620683,-0.8920236055762656,0.10143699603540929,-0.8832506310394977,0.017583183067157993,0.30741716937712715
3018,20,619,-491.6557639897821,3775.103401039669,-389.7627570705973,3743.2169933727887,54.0,0.10144833133620683,-1.070546027927922,0.10143699603540929,-1.058932569408076,0.017583183067157993,0.3641790661194747
3019,20,620,-491.6557639897821,3775.103401039669,-366.9323951215805,3742.866649151627,54.0,0.10144833133620683,-1.3246670746807536,0.10143699603540929,-1.311365451477228,0.017583183067157993,0.44414840729842564
3020,20,621,-491.6557639897821,3775.103401039669,-402.1052308230248,3707.5373006073055,54.0,0.10144833133620683,-1.1287452872331531,0.10143699603540929,-1.122969332618599,0.017583183067157993,0.38211546451893014
3021,20,622,-491.6557639897821,3775.103401039669,-380.9661528592131,3689.457435245816,54.0,0.10144833133620683,-1.429217325619987,0.10143699603540929,-1.4225510858401136,0.017583183067157993,0.4939995286304535
3022,20,623,-491.6557639897821,3775.103401039669,-413.19707339021727,3725.878044612585,54.0,0.10144833133620683,-0.9219957840230276,0.10143699603540929,-0.9148379730960934,0.017583183067157993,0.3036482566783371
3023,46,624,-260.0556528336838,3915.584287356416,-162.52306238605374,3916.201907568545,54.0,0.10144833133620683,-1.0183289683539012,0.10143699603540929,-1.022633581255841,0.017583183067157993,0.22964841082497822
3024,14,625,-191.2861040228232,3920.912450661129,-133.3415231743852,3915.05509414729,54.0,0.10144833133620683,-0.559769288589302,0.10143699603540929,-0.5637157099034276,0.017583183067157993,0.15589560077243989
3025,14,626,-191.2861040228232,3920.912450661129,-107.03856041422884,3912.688158453438,54.0,0.10144833133620683,-0.7861459528427062,0.10143699603540929,-0.7880763953500063,0.017583183067157993,0.23421826722215242
3026,46,627,-260.0556528336838,3915.584287356416,-185.24762128328757,3894.1527541873807,54.0,0.10144833133620683,-0.9259212553458942,0.10143699603540929,-0.9247413919720355,0.017583183067157993,0.18311468268714437
3027,15,627,-219.46475068668764,3910.916163982088,-185.24762128328757,3894.1527541873807,54.0,0.10144833133620683,-0.38764054987909524,0.10143699603540929,-0.3875917387575309,0.017583183067157993,0.09567727609980138
3028,14,627,-191.8510249122208,3920.732064928668,-185.24762128328757,3894.1527541873807,54.0,0.10144833133620683,-0.23709424397681583,0.10143699603540929,-0.23979167583053282,0.017583183067157993,0.0657690965154606
3029,46,628,-260.0556528336838,3915.584287356416,-163.77609401928575,3898.3612294938825,54.0,0.10144833133620683,-1.0398317462658089,0.10143699603540929,-1.0437177827401112,0.017583183067157993,0.2310383418659866
3030,14,628,-191.2861040228232,3920.912450661129,-163.77609401928575,3898.3612294938825,54.0,0.10144833133620683,-0.32440821271474063,0.10143699603540929,-0.3280026547854883,0.017583183067157993,0.08962005491419897
3031,14,629,-191.2861040228232,3920.912450661129,-138.31483592452412,3903.081532209318,54.0,0.10144833133620683,-0.5363712049686838,0.10143699603540929,-0.5403866649051678,0.017583183067157993,0.14842603822369513
3032,15,629,-219.46475068668764,3910.916163982088,-138.31483592452412,3903.081532209318,54.0,0.10144833133620683,-0.7536548540919754,0.10143699603540929,-0.7591200434841036,0.017583183067157993,0.20813696556241965
3033,14,630,-191.8510249122208,3920.732064928668,-176.60911080190527,3873.689646947577,54.0,0.10144833133620683,-0.49264609975750107,0.10143699603540929,-0.49403750816991465,0.017583183067157993,0.12289207218896922
3034,46,630,-260.0556528336838,3915.584287356416,-176.60911080190527,3873.689646947577,54.0,0.10144833133620683,-1.1937641323600743,0.10143699603540929,-1.1904664878083844,0.017583183067157993,0.22687679212322415
3035,15,630,-219.46475068668764,3910.916163982088,-176.60911080190527,3873.689646947577,54.0,0.10144833133620683,-0.6354379403514954,0.10143699603540929,-0.6332941223961303,0.017583183067157993,0.14332222367053
3036,14,631,-191.2861040228232,3920.912450661129,-149.1571348158001,3881.691152823052,54.0,0.10144833133620683,-0.6033312303236728,0.10143699603540929,-0.6069529863062383,0.017583183067157993,0.15278109770983211
3037,15,631,-219.46475068668764,3910.916163982088,-149.1571348158001,3881.691152823052,54.0,0.10144833133620683,-0.8344934884329624,0.10143699603540929,-0.8346841750433607,0.017583183067157993,0.1984515210643857
3038,15,632,-219.46475068668764,3910.916163982088,-131.5000538528961,3885.757679077044,54.0,0.10144833133620683,-0.9460021305425856,0.10143699603540929,-0.948454674363489,0.017583183067157993,0.24259625558185127
3039,14,632,-191.2861040228232,3920.912450661129,-131.5000538528961,3885.757679077044,54.0,0.10144833133620683,-0.700383030285052,0.10143699603540929,-0.7038104777944936,0.017583183067157993,0.18919077626062064
3040,14,633,-191.2861040228232,3920.912450661129,-124.00630206861427,3866.008859174929,54.0,0.10144833133620683,-0.8952031410391587,0.10143699603540929,-0.9008611804141119,0.017583183067157993,0.2468723662419286
3041,15,634,-219.46475068668764,3910.916163982088,-188.24213287120952,3844.223822198344,54.0,0.10144833133620683,-0.8166052230731391,0.10143699603540929,-0.8133576412531908,0.017583183067157993,0.1951655188076474
3042,14,634,-191.8510249122208,3920.732064928668,-188.24213287120952,3844.223822198344,54.0,0.10144833133620683,-0.7682269467719849,0.10143699603540929,-0.7675022018588913,0.017583183067157993,0.2041018475905851
3043,46,634,-260.0556528336838,3915.584287356416,-188.24213287120952,3844.223822198344,54.0,0.10144833133620683,-1.2459470500673222,0.10143699603540929,-1.241597362826443,0.017583183067157993,0.260221355749334
3044,15,635,-219.46475068668764,3910.916163982088,-163.18022440468428,3835.315907696576,54.0,0.10144833133620683,-1.0202672286012522,0.10143699603540929,-1.0147619452187593,0.017583183067157993,0.25472618134302344
3045,14,635,-191.8510249122208,3920.732064928668,-163.18022440468428,3835.315907696576,54.0,0.10144833133620683,-0.9245660019964758,0.10143699603540929,-0.9260676075176403,0.017583183067157993,0.24695245471635519
3046,14,636,-191.2861040228232,3920.912450661129,-143.89632797920137,3927.044930804073,54.0,0.10144833133620683,-0.48177962544672526,0.10143699603540929,-0.4856021643632431,0.017583183067157993,0.1331993307867905
3047,14,637,-191.8510249122208,3920.732064928668,-153.2235956101634,3841.402841089208,54.0,0.10144833133620683,-0.9175270353207469,0.10143699603540929,-0.9214008989705736,0.017583183067157993,0.2447296199586559
3048,14,638,-191.2861040228232,3920.912450661129,-134.8166939717991,3867.276296113637,54.0,0.10144833133620683,-0.8120818254978163,0.10143699603540929,-0.8176901035672636,0.017583183067157993,0.21804786985259714
3049,15,639,-219.46475068668764,3910.916163982088,-160.39702155560826,3872.236696721719,54.0,0.10144833133620683,-0.7881224995448213,0.10143699603540929,-0.7868741947309776,0.017583183067157993,0.18381907857815447
3050,14,639,-191.2861040228232,3920.912450661129,-160.39702155560826,3872.236696721719,54.0,0.10144833133620683,-0.5993584944043189,0.10143699603540929,-0.6028956973627149,0.017583183067157993,0.15179230711494685
3051,14,640,-191.8510249122208,3920.732064928668,-170.93912756686086,3857.865301629393,54.0,0.10144833133620683,-0.6701759776253449,0.10143699603540929,-0.6723688222668673,0.017583183067157993,0.17403598021940203
3052,14,641,-191.2861040228232,3920.912450661129,-153.8352027724087,3881.8353385911855,54.0,0.10144833133620683,-0.5617037521972867,0.10143699603540929,-0.5653861697864359,0.017583183067157993,0.14250230631601646
3053,15,641,-219.46475068668764,3910.916163982088,-153.8352027724087,3881.8353385911855,54.0,0.10144833133620683,-0.7873679236523103,0.10143699603540929,-0.7871958141470572,0.017583183067157993,0.18616883879977325
3054,46,642,-260.0556528336838,3915.584287356416,-185.1723244532143,3862.5721872323993,54.0,0.10144833133620683,-1.149789074430042,0.10143699603540929,-1.145980599803098,0.017583183067157993,0.22741800646792318
3055,14,642,-191.8510249122208,3920.732064928668,-185.1723244532143,3862.5721872323993,54.0,0.10144833133620683,-0.5855091437045198,0.10143699603540929,-0.5859009582075237,0.017583183067157993,0.14976514614985473
3056,15,642,-219.46475068668764,3910.916163982088,-185.1723244532143,3862.5721872323993,54.0,0.10144833133620683,-0.6633823880130472,0.10143699603540929,-0.6607762873340604,0.017583183067157993,0.15267962096232013
3057,15,643,-219.46475068668764,3910.916163982088,-201.39282667417103,3905.61281133974,54.0,0.10144833133620683,-0.19993242552627857,0.10143699603540929,-0.20029390451766585,0.017583183067157993,0.05267660348418661
3058,14,643,-191.8510249122208,3920.732064928668,-201.39282667417103,3905.61281133974,54.0,0.10144833133620683,-0.14049088416336405,0.10143699603540929,-0.142724295738928,0.017583183067157993,0.041628415790065015
3059,46,643,-260.0556528336838,3915.584287356416,-201.39282667417103,3905.61281133974,54.0,0.10144833133620683,-0.6930661126171473,0.10143699603540929,-0.6931450206423593,0.017583183067157993,0.1362802315199546
3060,15,644,-219.46475068668764,3910.916163982088,-194.47015295781316,3889.527551350435,54.0,0.10144833133620683,-0.3693655613910464,0.10143699603540929,-0.3687628409552731,0.017583183067157993,0.08409516743645254
3061,14,644,-191.8510249122208,3920.732064928668,-194.47015295781316,3889.527551350435,54.0,0.10144833133620683,-0.2854928119487648,0.10143699603540929,-0.2878329227927835,0.017583183067157993,0.07600600033306673
3062,46,644,-260.0556528336838,3915.584287356416,-194.47015295781316,3889.527551350435,54.0,0.10144833133620683,-0.9122241372994933,0.10143699603540929,-0.9107184875807641,0.017583183067157993,0.16716913430560876
3063,14,645,-191.2861040228232,3920.912450661129,-167.4205538799331,3917.759500104368,54.0,0.10144833133620683,-0.20962737074493196,0.10143699603540929,-0.21234943864316375,0.017583183067157993,0.05957550492716271
3064,46,645,-260.0556528336838,3915.584287356416,-167.4205538799331,3917.759500104368,54.0,0.10144833133620683,-0.9664762208139188,0.10143699603540929,-0.9705516039769712,0.017583183067157993,0.21635175282491464
3065,15,645,-219.46475068668764,3910.916163982088,-167.4205538799331,3917.759500104368,54.0,0.10144833133620683,-0.458677009668386,0.10143699603540929,-0.4631278943181949,0.017583183067157993,0.12812817647332275
3066,15,646,-219.46475068668764,3910.916163982088,-143.8062093783999,3927.407261262322,54.0,0.10144833133620683,-0.7340868518844572,0.10143699603540929,-0.7394667100054108,0.017583183067157993,0.20087858320598545
3067,14,646,-191.2861040228232,3920.912450661129,-143.8062093783999,3927.407261262322,54.0,0.10144833133620683,-0.4848535138132151,0.10143699603540929,-0.48874025146742445,0.017583183067157993,0.1346114041629663
3068,14,647,-191.2861040228232,3920.912450661129,-128.11374621265907,3902.904347709693,54.0,0.10144833133620683,-0.6322253690451369,0.10143699603540929,-0.6364402084313033,0.017583183067157993,0.17706204654818788
3069,15,647,-219.46475068668764,3910.916163982088,-128.11374621265907,3902.904347709693,54.0,0.10144833133620683,-0.8518308091943461,0.10143699603540929,-0.8575248025321794,0.017583183067157993,0.2373712323607874
3070,14,648,-191.2861040228232,3920.912450661129,-109.38043299124205,3904.605524472531,54.0,0.10144833133620683,-0.7786389888570056,0.10143699603540929,-0.7808914999610371,0.017583183067157993,0.23053382659345362
3071,15,648,-219.46475068668764,3910.916163982088,-109.38043299124205,3904.605524472531,54.0,0.10144833133620683,-1.0038831347747361,0.10143699603540929,-1.0076775424791322,0.017583183067157993,0.29232249779746367
3072,14,649,-191.2861040228232,3920.912450661129,-116.24285178055337,3863.5742101856567,54.0,0.10144833133620683,-0.9587523935165468,0.10143699603540929,-0.9626527083916278,0.017583183067157993,0.2723904394997034
3073,46,650,-260.0556528336838,3915.584287356416,-174.55729592021984,3890.937438124017,54.0,0.10144833133620683,-1.0581212946853766,0.10143699603540929,-1.0562609472036675,0.017583183067157993,0.21187275897037075
3074,14,650,-191.2861040228232,3920.912450661129,-174.55729592021984,3890.937438124017,54.0,0.10144833133620683,-0.3093055407359731,0.10143699603540929,-0.3121632553996115,0.017583183067157993,0.08333445821310984
3075,15,650,-219.46475068668764,3910.916163982088,-174.55729592021984,3890.937438124017,54.0,0.10144833133620683,-0.5047581761299996,0.10143699603540929,-0.5045178037232004,0.017583183067157993,0.122566307252919
3076,50,651,-32.87294301735424,3776.17863145535,-25.74162000676105,3821.09926387676,54.0,0.10144833133620683,-0.6059400184965235,0.10143699603540929,-0.6066419697010224,0.017583183067157993,0.13876146522209185
3077,14,651,-191.2861040228232,3920.912450661129,-25.74162000676105,3821.09926387676,54.0,0.10144833133620683,-1.9812956073886472,0.10143699603540929,-1.9870212423411446,0.017583183067157993,0.6124133703545496
3078,18,651,55.99463969610678,3684.4657106501672,-25.74162000676105,3821.09926387676,54.0,0.10144833133620683,-1.7607664639923248,0.10143699603540929,-1.7616564612420598,0.017583183067157993,0.5006805524363938
3079,18,652,55.99463969610678,3684.4657106501672,-14.341553360039486,3849.999377693335,54.0,0.10144833133620683,-2.005084259752728,0.10143699603540929,-2.001113239659751,0.017583183067157993,0.571102005108791
3080,14,652,-191.2861040228232,3920.912450661129,-14.341553360039486,3849.999377693335,54.0,0.10144833133620683,-1.9222835876138769,0.10143699603540929,-1.9162508827498292,0.017583183067157993,0.576038699974143
3081,18,653,55.99463969610678,3684.4657106501672,9.734006700963306,3833.316219177283,54.0,0.10144833133620683,-1.5860741470549016,0.10143699603540929,-1.575842609363232,0.017583183067157993,0.4877287144363039
3082,18,654,55.99463969610678,3684.4657106501672,15.208905088541387,3859.554982036448,54.0,0.10144833133620683,-1.8110552699745797,0.10143699603540929,-1.8010320233241672,0.017583183067157993,0.5822564585320223
3083,32,655,334.71484028241383,4482.861045979598,451.7226557817759,4605.272919197221,54.0,0.10144833133620683,-1.7618058870074962,0.10143699603540929,-1.7549214361026535,0.017583183067157993,0.6058245606360584
3084,32,656,334.71484028241383,4482.861045979598,469.53695878019,4631.78824899171,54.0,0.10144833133620683,-2.1414095501088557,0.10143699603540929,-2.1352032601871436,0.017583183067157993,0.7330747871293951
3085,20,657,-498.52555730042025,3779.773363273628,-534.606119933744,3763.415805899948,54.0,0.10144833133620683,-0.44658737159341977,0.10143699603540929,-0.4481510559876012,0.017583183067157993,0.14207860528353233
3086,20,658,-494.5494165559717,3775.40603065143,-538.2739372748354,3736.42271139639,54.0,0.10144833133620683,-0.707697013130505,0.10143699603540929,-0.7103441138669204,0.017583183067157993,0.2038085038865851
3087,20,659,-493.1142633148681,3773.7889738968342,-503.4668716314065,3749.0075009138736,54.0,0.10144833133620683,-0.28408634278357264,0.10143699603540929,-0.2846568304649827,0.017583183067157993,0.0837732544988719
3088,20,660,-493.1142633148681,3773.7889738968342,-487.9031031712161,3742.382310792889,54.0,0.10144833133620683,-0.30883449528270357,0.10143699603540929,-0.3089022713516695,0.017583183067157993,0.09817472327786812
3089,20,661,-493.1142633148681,3773.7889738968342,-518.1847377928273,3724.680691386569,54.0,0.10144833133620683,-0.650724722972575,0.10143699603540929,-0.6519236129474648,0.017583183067157993,0.1827701418773048
3090,14,662,-191.2861040228232,3920.912450661129,64.11247040924663,3872.825368185757,54.0,0.10144833133620683,-2.521359049057059,0.10143699603540929,-2.52221608847222,0.017583183067157993,0.8232210303588329
3091,25,662,264.330530090726,3842.899620060988,64.11247040924663,3872.825368185757,54.0,0.10144833133620683,-2.316438223267399,0.10143699603540929,-2.3120610981790017,0.017583183067157993,0.6051309790139563
3092,21,663,103.34699834515416,4117.964937310308,77.65905487220303,3909.3501493595386,54.0,0.10144833133620683,-2.265110318282742,0.10143699603540929,-2.2639554498612315,0.017583183067157993,0.6528940440579399
3093,18,663,55.99463969610678,3684.4657106501672,77.65905487220303,3909.3501493595386,54.0,0.10144833133620683,-2.1114854282051803,0.10143699603540929,-2.0999469573871985,0.017583183067157993,0.756693372889091
3094,14,663,-191.2861040228232,3920.912450661129,77.65905487220303,3909.3501493595386,54.0,0.10144833133620683,-2.5423787730281893,0.10143699603540929,-2.5380899729115547,0.017583183067157993,0.8561221956510546
3095,25,663,264.330530090726,3842.899620060988,77.65905487220303,3909.3501493595386,54.0,0.10144833133620683,-2.282618486461498,0.10143699603540929,-2.280328036228159,0.017583183067157993,0.589121313576834
3096,18,664,55.99463969610678,3684.4657106501672,32.823125034109225,3912.664070630043,54.0,0.10144833133620683,-2.1014378566762932,0.10143699603540929,-2.089221964597045,0.017583183067157993,0.754617109025511
3097,14,664,-191.2861040228232,3920.912450661129,32.823125034109225,3912.664070630043,54.0,0.10144833133620683,-2.054826714416078,0.10143699603540929,-2.05168979899827,0.017583183067157993,0.6919095301766198
3098,14,665,-191.2861040228232,3920.912450661129,45.6171520763773,3868.016782251201,54.0,0.10144833133620683,-2.434114458572759,0.10143699603540929,-2.4368114267670515,0.017583183067157993,0.7597742928826727
3099,25,665,264.330530090726,3842.899620060988,45.6171520763773,3868.016782251201,54.0,0.10144833133620683,-2.524004252021889,0.10143699603540929,-2.5210399316583705,0.017583183067157993,0.6705507190159247
3100,18,665,55.99463969610678,3684.4657106501672,45.6171520763773,3868.016782251201,54.0,0.10144833133620683,-1.6252631041268504,0.10143699603540929,-1.6121170695825513,0.017583183067157993,0.5995480070613978
3101,21,666,103.34699834515416,4117.964937310308,67.19752621553442,3879.29954399636,54.0,0.10144833133620683,-2.5643405902795666,0.10143699603540929,-2.564173716455768,0.017583183067157993,0.7807755943894096
3102,14,666,-191.2861040228232,3920.912450661129,67.19752621553442,3879.29954399636,54.0,0.10144833133620683,-2.5166834316307507,0.10143699603540929,-2.514823064859626,0.017583183067157993,0.8286087272898746
3103,18,666,55.99463969610678,3684.4657106501672,67.19752621553442,3879.29954399636,54.0,0.10144833133620683,-1.7630603806490883,0.10143699603540929,-1.7509165706105154,0.017583183067157993,0.6446386028184086
3104,44,667,470.9318574712719,4102.798680980681,329.4081606104876,3998.689087059467,54.0,0.10144833133620683,-1.48502846180833,0.10143699603540929,-1.4835386317323247,0.017583183067157993,0.36343321526551636
3105,31,667,286.22286085268047,4096.016113555928,329.4081606104876,3998.689087059467,54.0,0.10144833133620683,-1.2506562266936792,0.10143699603540929,-1.2500150693705403,0.017583183067157993,0.25900581042395165
3106,53,667,275.4374088407163,3843.51011953928,329.4081606104876,3998.689087059467,54.0,0.10144833133620683,-1.706724979095992,0.10143699603540929,-1.702026835704729,0.017583183067157993,0.3544785749729339
3107,25,667,275.18212912654,3848.067080065535,329.4081606104876,3998.689087059467,54.0,0.10144833133620683,-1.6776674272019503,0.10143699603540929,-1.6728114858330183,0.017583183067157993,0.34086200834759095
3108,38,667,292.2609771757026,3909.816818957042,329.4081606104876,3998.689087059467,54.0,0.10144833133620683,-1.2141292044561673,0.10143699603540929,-1.2132266006897217,0.017583183067157993,0.2188336952448283
3109,41,667,461.8106926932424,4070.996636995212,329.4081606104876,3998.689087059467,54.0,0.10144833133620683,-1.3597990257225945,0.10143699603540929,-1.3579418598964237,0.017583183067157993,0.32796084570059825
3110,39,667,491.6009153175041,3965.873607703836,329.4081606104876,3998.689087059467,54.0,0.10144833133620683,-2.2121698720771903,0.10143699603540929,-2.212882458363683,0.017583183067157993,0.4490765169079303
3111,38,668,292.2609771757026,3909.816818957042,343.5160136838465,3991.578570639738,54.0,0.10144833133620683,-1.1948154114773013,0.10143699603540929,-1.1952594831955763,0.017583183067157993,0.21368892178503926
3112,31,668,286.22286085268047,4096.016113555928,343.5160136838465,3991.578570639738,54.0,0.10144833133620683,-1.2511152033672246,0.10143699603540929,-1.2515034402876626,0.017583183067157993,0.2840553981619085
3113,44,668,470.9318574712719,4102.798680980681,343.5160136838465,3991.578570639738,54.0,0.10144833133620683,-1.6153028167261974,0.10143699603540929,-1.6149033971670648,0.017583183067157993,0.3488541579221839
3114,41,668,461.8106926932424,4070.996636995212,343.5160136838465,3991.578570639738,54.0,0.10144833133620683,-1.3687543624526943,0.10143699603540929,-1.369124957753383,0.017583183067157993,0.3129271779379204
3115,31,669,286.22286085268047,4096.016113555928,326.1144591510769,3985.159052073012,54.0,0.10144833133620683,-1.5320794782272351,0.10143699603540929,-1.5307067090802013,0.017583183067157993,0.2925042735324304
3116,25,669,275.18212912654,3848.067080065535,326.1144591510769,3985.159052073012,54.0,0.10144833133620683,-1.5003400048855793,0.10143699603540929,-1.495945169645809,0.017583183067157993,0.3074604264720351
3117,44,669,470.9318574712719,4102.798680980681,326.1144591510769,3985.159052073012,54.0,0.10144833133620683,-1.7640135294556343,0.10143699603540929,-1.762267604393512,0.017583183067157993,0.3881677607886399
3118,41,669,461.8106926932424,4070.996636995212,326.1144591510769,3985.159052073012,54.0,0.10144833133620683,-1.5824524170840302,0.10143699603540929,-1.5813540557689738,0.017583183067157993,0.35337986589457426
3119,38,669,292.2609771757026,3909.816818957042,326.1144591510769,3985.159052073012,54.0,0.10144833133620683,-1.0502010012227394,0.10143699603540929,-1.0493210121755412,0.017583183067157993,0.1840493075241501
3120,38,670,292.2609771757026,3909.816818957042,355.0956935944724,3991.135378270276,54.0,0.10144833133620683,-1.2517408221291029,0.10143699603540929,-1.2546090322794279,0.017583183067157993,0.2320579013802973
3121,31,670,286.22286085268047,4096.016113555928,355.0956935944724,3991.135378270276,54.0,0.10144833133620683,-1.2295559649939216,0.10143699603540929,-1.228246885114081,0.017583183067157993,0.3064587610544493
3122,44,670,470.9318574712719,4102.798680980681,355.0956935944724,3991.135378270276,54.0,0.10144833133620683,-1.5662184095725475,0.10143699603540929,-1.5674637527884652,0.017583183067157993,0.3314291977553773
3123,41,670,461.8106926932424,4070.996636995212,355.0956935944724,3991.135378270276,54.0,0.10144833133620683,-1.2605073923930357,0.10143699603540929,-1.2624495118707717,0.017583183067157993,0.29301845726974934
3124,39,670,491.6009153175041,3965.873607703836,355.0956935944724,3991.135378270276,54.0,0.10144833133620683,-1.8845623712001727,0.10143699603540929,-1.8862603065685526,0.017583183067157993,0.38444830402503805
3125,60,670,462.2337953932308,4065.780960132662,355.0956935944724,3991.135378270276,54.0,0.10144833133620683,-1.1999251330394203,0.10143699603540929,-1.201921773955068,0.017583183067157993,0.2893751439633522
3126,25,670,275.18212912654,3848.067080065535,355.0956935944724,3991.135378270276,54.0,0.10144833133620683,-1.6566842779304114,0.10143699603540929,-1.6582550000346996,0.017583183067157993,0.36561949855319126
3127,44,671,470.9318574712719,4102.798680980681,348.40911047628657,3967.513791775754,54.0,0.10144833133620683,-1.9735436283320198,0.10143699603540929,-1.9767487720683774,0.017583183067157993,0.39290551482913433
3128,41,671,461.8106926932424,4070.996636995212,348.40911047628657,3967.513791775754,54.0,0.10144833133620683,-1.5823485281445195,0.10143699603540929,-1.5842307113608973,0.017583183067157993,0.3502060464837421
3129,38,671,292.2609771757026,3909.816818957042,348.40911047628657,3967.513791775754,54.0,0.10144833133620683,-0.9438943350367253,0.10143699603540929,-0.9470924127803912,0.017583183067157993,0.18144892238166327
3130,25,671,275.18212912654,3848.067080065535,348.40911047628657,3967.513791775754,54.0,0.10144833133620683,-1.343499795610098,0.10143699603540929,-1.344566056468377,0.017583183067157993,0.31051806106892
3131,38,672,292.2609771757026,3909.816818957042,361.37558788138097,3962.4633601457217,54.0,0.10144833133620683,-1.0513683084377061,0.10143699603540929,-1.0539798488757632,0.017583183067157993,0.21219555281392688
3132,39,672,491.6009153175041,3965.873607703836,361.37558788138097,3962.4633601457217,54.0,0.10144833133620683,-1.902090730013204,0.10143699603540929,-1.9022661716733835,0.017583183067157993,0.37651905906197125
3133,53,672,275.4374088407163,3843.51011953928,361.37558788138097,3962.4633601457217,54.0,0.10144833133620683,-1.5348399681738925,0.10143699603540929,-1.530505825397816,0.017583183067157993,0.3530204120222492
3134,41,672,461.8106926932424,4070.996636995212,361.37558788138097,3962.4633601457217,54.0,0.10144833133620683,-1.5757491141996327,0.10143699603540929,-1.5755383884942713,0.017583183067157993,0.3349306885173785
3135,25,672,275.18212912654,3848.067080065535,361.37558788138097,3962.4633601457217,54.0,0.10144833133620683,-1.4892686960925867,0.10143699603540929,-1.4856523738672616,0.017583183067157993,0.3392956899733329
3136,44,672,477.8504537420071,4097.009083527188,361.37558788138097,3962.4633601457217,54.0,0.10144833133620683,-1.9940505689471273,0.10143699603540929,-1.9946791169416755,0.017583183067157993,0.38078490427364264
3137,31,672,286.22286085268047,4096.016113555928,361.37558788138097,3962.4633601457217,54.0,0.10144833133620683,-1.7364611501982221,0.10143699603540929,-1.7365964827619904,0.017583183067157993,0.3771407686965377
3138,5,672,328.01618259779593,3866.898866582476,361.37558788138097,3962.4633601457217,54.0,0.10144833133620683,-1.3595087787269053,0.10143699603540929,-1.357222370269707,0.017583183067157993,0.30089489264423513
3139,44,673,470.9318574712719,4102.798680980681,301.7826715226189,3985.67443842124,54.0,0.10144833133620683,-1.8255484609310455,0.10143699603540929,-1.824176066614872,0.017583183067157993,0.44540019731890784
3140,25,673,275.18212912654,3848.067080065535,301.7826715226189,3985.67443842124,54.0,0.10144833133620683,-1.0667868714819448,0.10143699603540929,-1.0607512444329434,0.017583183067157993,0.30532576641101944
3141,53,673,275.4374088407163,3843.51011953928,301.7826715226189,3985.67443842124,54.0,0.10144833133620683,-1.103135852220463,0.10143699603540929,-1.0968271993390315,0.017583183067157993,0.318543512537653
3142,38,673,292.2609771757026,3909.816818957042,301.7826715226189,3985.67443842124,54.0,0.10144833133620683,-0.6422975398831405,0.10143699603540929,-0.641230793862646,0.017583183067157993,0.18387961789575374
3143,41,673,461.8106926932424,4070.996636995212,301.7826715226189,3985.67443842124,54.0,0.10144833133620683,-1.7257582932363078,0.10143699603540929,-1.7243444939440484,0.017583183067157993,0.4078745162822932
3144,31,673,286.22286085268047,4096.016113555928,301.7826715226189,3985.67443842124,54.0,0.10144833133620683,-1.9372348485926103,0.10143699603540929,-1.9373315465650451,0.017583183067157993,0.28682901506478486
3145,19,674,309.4846467710166,4112.556925703692,324.6121656230089,4002.446351914743,54.0,0.10144833133620683,-0.9077020296642767,0.10143699603540929,-0.9059560287993669,0.017583183067157993,0.26663854997991326
3146,22,674,282.91308227706304,4129.966613278081,324.6121656230089,4002.446351914743,54.0,0.10144833133620683,-1.3870877803880028,0.10143699603540929,-1.3891988333649206,0.017583183067157993,0.3113471782163814
3147,63,674,316.49031405012005,3929.154743051912,324.6121656230089,4002.446351914743,54.0,0.10144833133620683,-1.038142207394033,0.10143699603540929,-1.038037274539251,0.017583183067157993,0.1814350813563305
3148,66,674,493.8518825171933,3956.000689079267,324.6121656230089,4002.446351914743,54.0,0.10144833133620683,-2.348563369404274,0.10143699603540929,-2.352518750134739,0.017583183067157993,0.4796911904956141
3149,31,674,286.22286085268047,4096.016113555928,324.6121656230089,4002.446351914743,54.0,0.10144833133620683,-1.2594992811564258,0.10143699603540929,-1.2583967938070115,0.017583183067157993,0.24795897353845606
3150,38,674,292.2609771757026,3909.816818957042,324.6121656230089,4002.446351914743,54.0,0.10144833133620683,-1.2142024794962953,0.10143699603540929,-1.2140004433673555,0.017583183067157993,0.22956870976375426
3151,39,674,491.6009153175041,3965.873607703836,324.6121656230089,4002.446351914743,54.0,0.10144833133620683,-2.2060508880039755,0.10143699603540929,-2.206419888880024,0.017583183067157993,0.4627811879702889
3152,41,674,461.8106926932424,4070.996636995212,324.6121656230089,4002.446351914743,54.0,0.10144833133620683,-1.321725545765561,0.10143699603540929,-1.3195411873528218,0.017583183067157993,0.33295849878427924
3153,25,674,275.18212912654,3848.067080065535,324.6121656230089,4002.446351914743,54.0,0.10144833133620683,-1.7104757348600477,0.10143699603540929,-1.705118136311194,0.017583183067157993,0.3481924469218292
3154,44,674,470.9318574712719,4102.798680980681,324.6121656230089,4002.446351914743,54.0,0.10144833133620683,-1.4726408980711114,0.10143699603540929,-1.4706549855015383,0.017583183067157993,0.3697949423436229
3155,38,675,292.2609771757026,3909.816818957042,346.0410833035202,3997.847804836481,54.0,0.10144833133620683,-1.2810884433964613,0.10143699603540929,-1.2810896617802359,0.017583183067157993,0.22930019289836073
3156,31,675,286.22286085268047,4096.016113555928,346.0410833035202,3997.847804836481,54.0,0.10144833133620683,-1.1329218599337894,0.10143699603540929,-1.132148793945187,0.017583183067157993,0.27637706811672413
3157,53,675,275.4374088407163,3843.51011953928,346.0410833035202,3997.847804836481,54.0,0.10144833133620683,-1.6925407835552198,0.10143699603540929,-1.6922774204678264,0.017583183067157993,0.3692582216803827
3158,25,675,275.18212912654,3848.067080065535,346.0410833035202,3997.847804836481,54.0,0.10144833133620683,-1.6600663412710128,0.10143699603540929,-1.659612102230701,0.017583183067157993,0.3566967218133012
3159,39,675,491.6009153175041,3965.873607703836,346.0410833035202,3997.847804836481,54.0,0.10144833133620683,-1.9984661833238362,0.10143699603540929,-1.9991471740169406,0.017583183067157993,0.40965278093404633
3160,65,675,465.43944178630807,4063.6597216274654,346.0410833035202,3997.847804836481,54.0,0.10144833133620683,-1.2415417317112465,0.10143699603540929,-1.2420626847263407,0.017583183067157993,0.29861826210435427
3161,63,675,316.49031405012005,3929.154743051912,346.0410833035202,3997.847804836481,54.0,0.10144833133620683,-0.9983324629727783,0.10143699603540929,-0.999996772032685,0.017583183067157993,0.17615586781166626
3162,66,675,493.8518825171933,3956.000689079267,346.0410833035202,3997.847804836481,54.0,0.10144833133620683,-2.1242467956709734,0.10143699603540929,-2.128419054258556,0.017583183067157993,0.4267890277264372
3163,44,675,470.9318574712719,4102.798680980681,346.0410833035202,3997.847804836481,54.0,0.10144833133620683,-1.5100606604844313,0.10143699603540929,-1.5092346259255855,0.017583183067157993,0.3330401693756164
3164,41,675,461.8106926932424,4070.996636995212,346.0410833035202,3997.847804836481,54.0,0.10144833133620683,-1.287080957480195,0.10143699603540929,-1.2866322038840279,0.017583183067157993,0.29727310078063596
3165,19,675,309.4846467710166,4112.556925703692,346.0410833035202,3997.847804836481,54.0,0.10144833133620683,-0.7544048296917689,0.10143699603540929,-0.7454080597898833,0.017583183067157993,0.286100633919153
3166,60,675,462.2337953932308,4065.780960132662,346.0410833035202,3997.847804836481,54.0,0.10144833133620683,-1.241432096385803,0.10143699603540929,-1.2415338735959438,0.017583183067157993,0.2949170769741615
3167,22,675,282.91308227706304,4129.966613278081,346.0410833035202,3997.847804836481,54.0,0.10144833133620683,-1.208620157240608,0.10143699603540929,-1.206825816843368,0.017583183067157993,0.3421037502322361
3168,38,676,292.2609771757026,3909.816818957042,332.9339408519666,3975.749452511216,54.0,0.10144833133620683,-0.9628477423367856,0.10143699603540929,-0.9636737050892614,0.017583183067157993,0.16893157119733557
3169,25,676,275.18212912654,3848.067080065535,332.9339408519666,3975.749452511216,54.0,0.10144833133620683,-1.3591648815796566,0.10143699603540929,-1.3584250564973592,0.017583183067157993,0.29524301914853884
3170,41,676,461.8106926932424,4070.996636995212,332.9339408519666,3975.749452511216,54.0,0.10144833133620683,-1.604970065697861,0.10143699603540929,-1.6064355495908829,0.017583183067157993,0.3590965982465184
3171,19,676,309.4846467710166,4112.556925703692,332.9339408519666,3975.749452511216,54.0,0.10144833133620683,-1.1714901279513366,0.10143699603540929,-1.169899715818496,0.017583183067157993,0.3277299084441052
3172,63,676,316.49031405012005,3929.154743051912,332.9339408519666,3975.749452511216,54.0,0.10144833133620683,-0.7023121754240128,0.10143699603540929,-0.704269694424786,0.017583183067157993,0.11744195422462325
3173,44,676,470.9318574712719,4102.798680980681,332.9339408519666,3975.749452511216,54.0,0.10144833133620683,-1.8796846787186523,0.10143699603540929,-1.8797840476300909,0.017583183067157993,0.395370410105891
3174,38,677,292.2609771757026,3909.816818957042,317.01123892056614,3988.895486735146,54.0,0.10144833133620683,-1.0159202308324273,0.10143699603540929,-1.0156316794696012,0.017583183067157993,0.19040140335487177
3175,53,677,275.4374088407163,3843.51011953928,317.01123892056614,3988.895486735146,54.0,0.10144833133620683,-1.5412409648760845,0.10143699603540929,-1.5356162337906958,0.017583183067157993,0.3224727548590728
3176,41,677,461.8106926932424,4070.996636995212,317.01123892056614,3988.895486735146,54.0,0.10144833133620683,-1.5916514611990449,0.10143699603540929,-1.5900491635352354,0.017583183067157993,0.3685045592063341
3177,44,677,470.9318574712719,4102.798680980681,317.01123892056614,3988.895486735146,54.0,0.10144833133620683,-1.690123743290264,0.10143699603540929,-1.6887560587193071,0.017583183067157993,0.4037417956600761
3178,25,677,275.18212912654,3848.067080065535,317.01123892056614,3988.895486735146,54.0,0.10144833133620683,-1.4952622178636716,0.10143699603540929,-1.489988849491319,0.017583183067157993,0.3105040231355447
3179,63,677,316.49031405012005,3929.154743051912,317.01123892056614,3988.895486735146,54.0,0.10144833133620683,-0.8734825374851726,0.10143699603540929,-0.8731870170980888,0.017583183067157993,0.14498775985890971
3180,19,677,309.4846467710166,4112.556925703692,317.01123892056614,3988.895486735146,54.0,0.10144833133620683,-1.067453500449884,0.10143699603540929,-1.0659023092958466,0.017583183067157993,0.30110143940913675
3181,31,677,286.22286085268047,4096.016113555928,317.01123892056614,3988.895486735146,54.0,0.10144833133620683,-1.5812940521901584,0.10143699603540929,-1.579350549744634,0.017583183067157993,0.27828066413567365
3182,31,678,286.22286085268047,4096.016113555928,328.8394826947961,3993.550836550456,54.0,0.10144833133620683,-1.358515411682215,0.10143699603540929,-1.3572693981621498,0.017583183067157993,0.27137212559270485
3183,19,678,309.4846467710166,4112.556925703692,328.8394826947961,3993.550836550456,54.0,0.10144833133620683,-0.9607714686867161,0.10143699603540929,-0.9594737251575433,0.017583183067157993,0.28562544035371706
3184,38,678,292.2609771757026,3909.816818957042,328.8394826947961,3993.550836550456,54.0,0.10144833133620683,-1.1562735602111578,0.10143699603540929,-1.1552866191512823,0.017583183067157993,0.20563914027794744
3185,41,678,461.8106926932424,4070.996636995212,328.8394826947961,3993.550836550456,54.0,0.10144833133620683,-1.4502412727406213,0.10143699603540929,-1.4486890188244983,0.017583183067157993,0.33629831123504683
3186,44,678,470.9318574712719,4102.798680980681,328.8394826947961,3993.550836550456,54.0,0.10144833133620683,-1.5894328572393677,0.10143699603540929,-1.5878879248346098,0.017583183067157993,0.37117381599301313
3187,63,678,316.49031405012005,3929.154743051912,328.8394826947961,3993.550836550456,54.0,0.10144833133620683,-0.9365326738338273,0.10143699603540929,-0.9354771930320289,0.017583183067157993,0.1538357069734166
3188,31,679,286.22286085268047,4096.016113555928,339.4763602589023,3985.015682510838,54.0,0.10144833133620683,-1.3979028127933006,0.10143699603540929,-1.3973544221431884,0.017583183067157993,0.29645483107682535
3189,19,679,309.4846467710166,4112.556925703692,339.4763602589023,3985.015682510838,54.0,0.10144833133620683,-1.0034096607853247,0.10143699603540929,-0.9978650581359381,0.017583183067157993,0.31506581096650743
3190,38,679,292.2609771757026,3909.816818957042,339.4763602589023,3985.015682510838,54.0,0.10144833133620683,-1.099481002267164,0.10143699603540929,-1.100158999992436,0.017583183067157993,0.195565047776576
3191,44,679,470.9318574712719,4102.798680980681,339.4763602589023,3985.015682510838,54.0,0.10144833133620683,-1.7242267844822938,0.10143699603540929,-1.724117873978186,0.017583183067157993,0.36770729170733274
3192,63,679,316.49031405012005,3929.154743051912,339.4763602589023,3985.015682510838,54.0,0.10144833133620683,-0.8248197793999164,0.10143699603540929,-0.8268930898349083,0.017583183067157993,0.14246708352761406
3193,41,679,461.8106926932424,4070.996636995212,339.4763602589023,3985.015682510838,54.0,0.10144833133620683,-1.463938190968829,0.10143699603540929,-1.4648734100453096,0.017583183067157993,0.3315850895502817
3194,31,680,286.22286085268047,4096.016113555928,344.03861217691355,3970.208576259624,54.0,0.10144833133620683,-1.6281846506799114,0.10143699603540929,-1.6274639750870046,0.017583183067157993,0.33415026898921424
3195,53,680,275.4374088407163,3843.51011953928,344.03861217691355,3970.208576259624,54.0,0.10144833133620683,-1.3811950348693438,0.10143699603540929,-1.3821406934643914,0.017583183067157993,0.3192272718514593
3196,66,680,493.8518825171933,3956.000689079267,344.03861217691355,3970.208576259624,54.0,0.10144833133620683,-2.2171287722957818,0.10143699603540929,-2.21783177720884,0.017583183067157993,0.43274863351199977
3197,63,680,316.49031405012005,3929.154743051912,344.03861217691355,3970.208576259624,54.0,0.10144833133620683,-0.6991347465305555,0.10143699603540929,-0.7014504368172969,0.017583183067157993,0.12324300812685812
3198,38,680,292.2609771757026,3909.816818957042,344.03861217691355,3970.208576259624,54.0,0.10144833133620683,-0.9384366808242115,0.10143699603540929,-0.9414848839462626,0.017583183067157993,0.17549040784896727
3199,39,680,491.6009153175041,3965.873607703836,344.03861217691355,3970.208576259624,54.0,0.10144833133620683,-2.176810660034657,0.10143699603540929,-2.1774694218390644,0.017583183067157993,0.4243650371153227
3200,22,680,282.91308227706304,4129.966613278081,344.03861217691355,3970.208576259624,54.0,0.10144833133620683,-1.6953382689441245,0.10143699603540929,-1.6973358236224396,0.017583183067157993,0.39578584382640114
3201,41,680,461.8106926932424,4070.996636995212,344.03861217691355,3970.208576259624,54.0,0.10144833133620683,-1.5528629769289326,0.10143699603540929,-1.5558546955622585,0.017583183067157993,0.3510486761906717
3202,25,680,275.18212912654,3848.067080065535,344.03861217691355,3970.208576259624,54.0,0.10144833133620683,-1.3427161851969533,0.10143699603540929,-1.3437052188376084,0.017583183067157993,0.3058058790693849
3203,19,680,309.4846467710166,4112.556925703692,344.03861217691355,3970.208576259624,54.0,0.10144833133620683,-1.1961840394121288,0.10143699603540929,-1.1903130048963824,0.017583183067157993,0.3526756708199079
3204,44,680,470.9318574712719,4102.798680980681,344.03861217691355,3970.208576259624,54.0,0.10144833133620683,-1.9142430911741106,0.10143699603540929,-1.9176003124296073,0.017583183067157993,0.3920140625294041
3205,62,680,438.3970135664206,3912.290557700556,344.03861217691355,3970.208576259624,54.0,0.10144833133620683,-1.5650630241229333,0.10143699603540929,-1.5668402266323893,0.017583183067157993,0.3586723549848158
3206,46,681,-260.0556528336838,3915.584287356416,-211.31902072657357,3961.00505155232,54.0,0.10144833133620683,-0.5985679137512103,0.10143699603540929,-0.5918738730394629,0.017583183067157993,0.18852388006853465
3207,14,681,-201.1734055836479,3940.142680026525,-211.31902072657357,3961.00505155232,54.0,0.10144833133620683,-0.1504011150126751,0.10143699603540929,-0.14499266966593147,0.017583183067157993,0.06781267505047717
3208,46,682,-260.0556528336838,3915.584287356416,-220.7280618722674,3921.70947526317,54.0,0.10144833133620683,-0.5362304157108422,0.10143699603540929,-0.5360067656873897,0.017583183067157993,0.09420888824666511
3209,15,682,-219.46475068668764,3910.916163982088,-220.7280618722674,3921.70947526317,54.0,0.10144833133620683,-0.15380805922545057,0.10143699603540929,-0.15408614509356175,0.017583183067157993,0.04052412272378716
3210,14,682,-197.54434710437363,3932.585230033114,-220.7280618722674,3921.70947526317,54.0,0.10144833133620683,-0.14992543307412062,0.10143699603540929,-0.14695312024423318,0.017583183067157993,0.06102256818465862
3211,46,683,-260.0556528336838,3915.584287356416,-237.32088222167792,3935.218089324849,54.0,0.10144833133620683,-0.3374766073214699,0.10143699603540929,-0.3360879720914304,0.017583183067157993,0.08074452099757437
3212,15,683,-219.46475068668764,3910.916163982088,-237.32088222167792,3935.218089324849,54.0,0.10144833133620683,-0.30557248932244563,0.10143699603540929,-0.3054991059017322,0.017583183067157993,0.08130701129547278
3213,14,683,-201.1734055836479,3940.142680026525,-237.32088222167792,3935.218089324849,54.0,0.10144833133620683,-0.183706638220418,0.10143699603540929,-0.17857123144605402,0.017583183067157993,0.08913341573260206
3214,3,684,-366.6419945922364,3850.319998086217,-274.9589686987792,3927.862775208853,54.0,0.10144833133620683,-1.0978259134254382,0.10143699603540929,-1.105276785521574,0.017583183067157993,0.3881050076981288
3215,46,684,-260.0556528336838,3915.584287356416,-274.9589686987792,3927.862775208853,54.0,0.10144833133620683,-0.30261996053101536,0.10143699603540929,-0.3004443391469259,0.017583183067157993,0.059440993767023886
3216,14,684,-201.1734055836479,3940.142680026525,-274.9589686987792,3927.862775208853,54.0,0.10144833133620683,-0.5511587460452791,0.10143699603540929,-0.540616434258473,0.017583183067157993,0.218072431674266
3217,46,685,-260.0556528336838,3915.584287356416,-267.48173061784684,3914.497260456359,54.0,0.10144833133620683,-0.18881767142061662,0.10143699603540929,-0.18793332211143765,0.017583183067157993,0.030917996352820706
3218,14,685,-201.1734055836479,3940.142680026525,-267.48173061784684,3914.497260456359,54.0,0.10144833133620683,-0.628735771055922,0.10143699603540929,-0.622080028640352,0.017583183067157993,0.17169292888332133
3219,3,685,-366.6419945922364,3850.319998086217,-267.48173061784684,3914.497260456359,54.0,0.10144833133620683,-1.125678227705212,0.10143699603540929,-1.1317455067282711,0.017583183067157993,0.3513365293051569
3220,15,685,-219.46475068668764,3910.916163982088,-267.48173061784684,3914.497260456359,54.0,0.10144833133620683,-0.6632138417679945,0.10143699603540929,-0.6624749063235345,0.017583183067157993,0.11612280818883872
3221,46,686,-260.0556528336838,3915.584287356416,-275.1961394385367,3889.546582295512,54.0,0.10144833133620683,-0.4104235093539184,0.10143699603540929,-0.4093280598008361,0.017583183067157993,0.07786145473337006
3222,15,686,-219.46475068668764,3910.916163982088,-275.1961394385367,3889.546582295512,54.0,0.10144833133620683,-0.6973475688798606,0.10143699603540929,-0.6982946786230829,0.017583183067157993,0.145663070089372
3223,14,686,-194.93937706688732,3927.123978955392,-275.1961394385367,3889.546582295512,54.0,0.10144833133620683,-0.9411482922515867,0.10143699603540929,-0.9421976260998898,0.017583183067157993,0.20998315090696085
3224,14,687,-201.1734055836479,3940.142680026525,-301.9075316337328,3909.6895609842554,54.0,0.10144833133620683,-0.958664082849114,0.10143699603540929,-0.9517311064815539,0.017583183067157993,0.2816842094865282
3225,15,687,-219.46475068668764,3910.916163982088,-301.9075316337328,3909.6895609842554,54.0,0.10144833133620683,-1.0442059593639166,0.10143699603540929,-1.0436479735770916,0.017583183067157993,0.21791709009658355
3226,46,687,-260.0556528336838,3915.584287356416,-301.9075316337328,3909.6895609842554,54.0,0.10144833133620683,-0.524887796231199,0.10143699603540929,-0.5245192216820572,0.017583183067157993,0.12653631892714207
3227,3,687,-366.6419945922364,3850.319998086217,-301.9075316337328,3909.6895609842554,54.0,0.10144833133620683,-0.7675390119156628,0.10143699603540929,-0.7740909351204716,0.017583183067157993,0.28877379140954207
3228,14,688,-201.1734055836479,3940.142680026525,-316.3799621335906,3897.040788971913,54.0,0.10144833133620683,-1.1754277158429218,0.10143699603540929,-1.169586338702368,0.017583183067157993,0.3320315440690558
3229,46,688,-260.0556528336838,3915.584287356416,-316.3799621335906,3897.040788971913,54.0,0.10144833133620683,-0.6730146501053365,0.10143699603540929,-0.6734109189211039,0.017583183067157993,0.17875642442505146
3230,14,689,-193.43723445393763,3923.98693426072,-325.43376241113504,3862.4680735279408,54.0,0.10144833133620683,-1.5385768700550537,0.10143699603540929,-1.5395597213734595,0.017583183067157993,0.3696171615066672
3231,46,689,-260.0556528336838,3915.584287356416,-325.43376241113504,3862.4680735279408,54.0,0.10144833133620683,-0.9716363154881942,0.10143699603540929,-0.970461899610243,0.017583183067157993,0.23439289413989847
3232,14,690,-191.8510249122208,3920.732064928668,-334.9041792227584,3838.7410632234864,54.0,0.10144833133620683,-1.707076111669951,0.10143699603540929,-1.7072136071331856,0.017583183067157993,0.43702523299289764
3233,14,691,-200.77874433748624,3939.328354189625,-339.9484861477804,3874.699950437256,54.0,0.10144833133620683,-1.5006835764970954,0.10143699603540929,-1.49686989076397,0.017583183067157993,0.407547815088095
3234,3,691,-366.6419945922364,3850.319998086217,-339.9484861477804,3874.699950437256,54.0,0.10144833133620683,-0.3495874780402386,0.10143699603540929,-0.35376151022732105,0.017583183067157993,0.12694350401999252
3235,46,691,-260.0556528336838,3915.584287356416,-339.9484861477804,3874.699950437256,54.0,0.10144833133620683,-0.9289705886968894,0.10143699603540929,-0.9314445629468089,0.017583183067157993,0.26277362738979004
3236,46,692,-260.0556528336838,3915.584287356416,-348.5218148107753,3852.772908442407,54.0,0.10144833133620683,-1.1152333248162476,0.10143699603540929,-1.1162742572988233,0.017583183067157993,0.3063407584679177
3237,14,692,-193.75087435027643,3924.6824549017742,-348.5218148107753,3852.772908442407,54.0,0.10144833133620683,-1.7312095138072428,0.10143699603540929,-1.7332072389395934,0.017583183067157993,0.4432851635744049
3238,14,693,-201.1734055836479,3940.142680026525,-212.01572236275788,3941.715268979583,54.0,0.10144833133620683,-0.04404117553270004,0.10143699603540929,-0.04185318084653646,0.017583183067157993,0.025440667389405
3239,46,693,-260.0556528336838,3915.584287356416,-212.01572236275788,3941.715268979583,54.0,0.10144833133620683,-0.485925806241424,0.10143699603540929,-0.4817085863563107,0.017583183067157993,0.13697911364773135
3240,46,694,-260.0556528336838,3915.584287356416,-246.002423575228,3925.582992152925,54.0,0.10144833133620683,-0.27984189356833555,0.10143699603540929,-0.2788954719992211,0.017583183067157993,0.04809712953548794
3241,14,694,-201.1734055836479,3940.142680026525,-246.002423575228,3925.582992152925,54.0,0.10144833133620683,-0.25528156830047344,0.10143699603540929,-0.24968694808816672,0.017583183067157993,0.11730037853769044
3242,15,694,-219.46475068668764,3910.916163982088,-246.002423575228,3925.582992152925,54.0,0.10144833133620683,-0.40337816169970414,0.10143699603540929,-0.4038663001401528,0.017583183067157993,0.07657822993085049
3243,14,695,-200.6005352011216,3940.433562990343,-222.33366666999925,4024.177170602505,54.0,0.10144833133620683,-0.8251855692488642,0.10143699603540929,-0.8138931495880666,0.017583183067157993,0.3055124598027173
3244,14,696,-200.6005352011216,3940.433562990343,-198.95663681156643,4033.374445441812,54.0,0.10144833133620683,-0.8960435213615193,0.10143699603540929,-0.8916183478506572,0.017583183067157993,0.32494204610195393
3245,14,697,-200.6005352011216,3940.433562990343,-186.97901038579923,4043.687913582171,54.0,0.10144833133620683,-1.086720630072759,0.10143699603540929,-1.0865945373531107,0.017583183067157993,0.37642539001762687
3246,14,698,-199.2078859167513,3935.960105831892,-204.4101306880948,3933.491052087412,54.0,0.10144833133620683,-0.02761093055374917,0.10143699603540929,-0.026615353118628456,0.017583183067157993,0.014213746446335555
3247,46,698,-260.0556528336838,3915.584287356416,-204.4101306880948,3933.491052087412,54.0,0.10144833133620683,-0.5589898648046001,0.10143699603540929,-0.5540371831041684,0.017583183067157993,0.1396853510916455
3248,14,699,-199.6029112202325,3936.774316100618,-221.0025600671725,3926.6580830205703,54.0,0.10144833133620683,-0.09738317965780804,0.10143699603540929,-0.09273352070644794,0.017583183067157993,0.055384572163670626
3249,15,699,-219.46475068668764,3910.916163982088,-221.0025600671725,3926.6580830205703,54.0,0.10144833133620683,-0.17117275797728876,0.10143699603540929,-0.17100703102579443,0.017583183067157993,0.04799896121598446
3250,46,699,-260.0556528336838,3915.584287356416,-221.0025600671725,3926.6580830205703,54.0,0.10144833133620683,-0.5169136072176561,0.10143699603540929,-0.5156723648718903,0.017583183067157993,0.09739013919259379
3251,15,700,-219.46475068668764,3910.916163982088,-254.16694977190264,3929.4688952512015,54.0,0.10144833133620683,-0.47972423638430706,0.10143699603540929,-0.4790969429947301,0.017583183067157993,0.10426929989742302
3252,46,700,-260.0556528336838,3915.584287356416,-254.16694977190264,3929.4688952512015,54.0,0.10144833133620683,-0.2469877271940244,0.10143699603540929,-0.24495576737895422,0.017583183067157993,0.05185593153968982
3253,14,700,-201.1734055836479,3940.142680026525,-254.16694977190264,3929.4688952512015,54.0,0.10144833133620683,-0.322694770323075,0.10143699603540929,-0.3163110212951682,0.017583183067157993,0.14053549948395314
3254,15,701,-219.46475068668764,3910.916163982088,-272.92072447444207,3916.205604383721,54.0,0.10144833133620683,-0.7418226119755592,0.10143699603540929,-0.7406997648249962,0.017583183067157993,0.12894459450649776
3255,46,701,-260.0556528336838,3915.584287356416,-272.92072447444207,3916.205604383721,54.0,0.10144833133620683,-0.24311006415874356,0.10143699603540929,-0.24197143017562284,0.017583183067157993,0.03980811764302551
3256,14,701,-201.1734055836479,3940.142680026525,-272.92072447444207,3916.205604383721,54.0,0.10144833133620683,-0.6613825684254677,0.10143699603540929,-0.6541614649782471,0.017583183067157993,0.185272050420603
3257,14,702,-193.60263791502268,3924.223463729852,-265.0502416392309,3890.639245876809,54.0,0.10144833133620683,-0.8152458417179179,0.10143699603540929,-0.8172216149019921,0.017583183067157993,0.18152901451838732
3258,15,702,-219.46475068668764,3910.916163982088,-265.0502416392309,3890.639245876809,54.0,0.10144833133620683,-0.6009171286090521,0.10143699603540929,-0.6015263949248212,0.017583183067157993,0.12196643172786786
3259,46,702,-260.0556528336838,3915.584287356416,-265.0502416392309,3890.639245876809,54.0,0.10144833133620683,-0.35668450535645135,0.10143699603540929,-0.3556910017812872,0.017583183067157993,0.06703636394355232
3260,46,703,-260.0556528336838,3915.584287356416,-305.0054529490755,3895.678747236552,54.0,0.10144833133620683,-0.5950847558634137,0.10143699603540929,-0.5948798801947118,0.017583183067157993,0.14158444973700474
3261,14,703,-201.1734055836479,3940.142680026525,-305.0054529490755,3895.678747236552,54.0,0.10144833133620683,-1.1245828298272305,0.10143699603540929,-1.1183451109310796,0.017583183067157993,0.29069130095350426
3262,15,703,-219.46475068668764,3910.916163982088,-305.0054529490755,3895.678747236552,54.0,0.10144833133620683,-1.106930418631993,0.10143699603540929,-1.1058209929478804,0.017583183067157993,0.2192185194310531
3263,14,704,-198.02227521408452,3933.517647895677,-321.8097667276481,3875.861948073805,54.0,0.10144833133620683,-1.43753611429784,0.10143699603540929,-1.4344158483566083,0.017583183067157993,0.34137623221160024
3264,15,704,-219.46475068668764,3910.916163982088,-321.8097667276481,3875.861948073805,54.0,0.10144833133620683,-1.184933838350242,0.10143699603540929,-1.1871095566580214,0.017583183067157993,0.27766316974582644
3265,46,704,-260.0556528336838,3915.584287356416,-321.8097667276481,3875.861948073805,54.0,0.10144833133620683,-0.8176140461819885,0.10143699603540929,-0.8183781375126302,0.017583183067157993,0.2031965594808284
3266,14,705,-198.34371406654796,3934.10220520418,-285.02350266437804,3893.5060598089713,54.0,0.10144833133620683,-1.0436895497530667,0.10143699603540929,-1.0385377522687265,0.017583183067157993,0.22786553823252273
3267,46,705,-260.0556528336838,3915.584287356416,-285.02350266437804,3893.5060598089713,54.0,0.10144833133620683,-0.4694130262254421,0.10143699603540929,-0.467859900594292,0.017583183067157993,0.08957907751550886
3268,15,705,-219.46475068668764,3910.916163982088,-285.02350266437804,3893.5060598089713,54.0,0.10144833133620683,-0.8450870760432029,0.10143699603540929,-0.8448891315795061,0.017583183067157993,0.1664561928597372
3269,14,706,-193.5199374011676,3924.105198446465,-325.60180416002567,3862.5617444854206,54.0,0.10144833133620683,-1.5400874451976012,0.10143699603540929,-1.5410671531076463,0.017583183067157993,0.3697949747409023
3270,46,706,-260.0556528336838,3915.584287356416,-325.60180416002567,3862.5617444854206,54.0,0.10144833133620683,-0.9708699014223472,0.10143699603540929,-0.9697402733295031,0.017583183067157993,0.234620124943997
3271,14,707,-200.6005352011216,3940.433562990343,-198.48172235255237,3962.303825509364,54.0,0.10144833133620683,-0.18435179304970578,0.10143699603540929,-0.18103489386079089,0.017583183067157993,0.0698161804801024
3272,14,708,-201.1734055836479,3940.142680026525,-245.12942589735192,3951.303957723816,54.0,0.10144833133620683,-0.2552502906372344,0.10143699603540929,-0.24910038305928278,0.017583183067157993,0.11760336503074613
3273,46,708,-260.0556528336838,3915.584287356416,-245.12942589735192,3951.303957723816,54.0,0.10144833133620683,-0.4292197579780287,0.10143699603540929,-0.42467921462255975,0.017583183067157993,0.12292417448794853
3274,15,708,-219.46475068668764,3910.916163982088,-245.12942589735192,3951.303957723816,54.0,0.10144833133620683,-0.40981387955813586,0.10143699603540929,-0.4090017883886664,0.017583183067157993,0.127715672435123
3275,14,709,-201.1734055836479,3940.142680026525,-242.5354076593333,3921.677539000169,54.0,0.10144833133620683,-0.2897579873466783,0.10143699603540929,-0.2843849871669057,0.017583183067157993,0.1086291437558035
3276,15,709,-219.46475068668764,3910.916163982088,-242.5354076593333,3921.677539000169,54.0,0.10144833133620683,-0.3550769256780771,0.10143699603540929,-0.3555527517964549,0.017583183067157993,0.06633095141438566
3277,46,709,-260.0556528336838,3915.584287356416,-242.5354076593333,3921.677539000169,54.0,0.10144833133620683,-0.2987526102975028,0.10143699603540929,-0.29806373089053495,0.017583183067157993,0.04985670372169818
3278,46,710,-260.0556528336838,3915.584287356416,-294.2191221519013,3908.731258999061,54.0,0.10144833133620683,-0.45176602303460256,0.10143699603540929,-0.45122256131248123,0.017583183067157993,0.10267221332488505
3279,15,710,-219.46475068668764,3910.916163982088,-294.2191221519013,3908.731258999061,54.0,0.10144833133620683,-0.9661813901909374,0.10143699603540929,-0.9654621493169881,0.017583183067157993,0.19300649969822503
3280,14,710,-201.1734055836479,3940.142680026525,-294.2191221519013,3908.731258999061,54.0,0.10144833133620683,-0.9146247602658932,0.10143699603540929,-0.9078112441338203,0.017583183067157993,0.2544628118691237
3281,14,711,-191.8510249122208,3920.732064928668,-338.47089415442724,3843.274304183631,54.0,0.10144833133620683,-1.709441869470363,0.10143699603540929,-1.709743401675713,0.017583183067157993,0.4375511050637889
3282,46,712,-260.0556528336838,3915.584287356416,-224.04897310096092,3960.4650681106295,54.0,0.10144833133620683,-0.5468789044590722,0.10143699603540929,-0.542172558804161,0.017583183067157993,0.169809077377824
3283,46,713,-260.0556528336838,3915.584287356416,-236.9623812718686,3941.249035298143,54.0,0.10144833133620683,-0.36335067212831307,0.10143699603540929,-0.3614048503860312,0.017583183067157993,0.09547094093403818
3284,5,714,328.01618259779593,3866.898866582476,325.04419856673445,3890.523033053691,54.0,0.10144833133620683,-0.35256353193627965,0.10143699603540929,-0.35420684233925215,0.017583183067157993,0.07336433769029728
3285,53,714,275.4374088407163,3843.51011953928,325.04419856673445,3890.523033053691,54.0,0.10144833133620683,-0.624144337408769,0.10143699603540929,-0.6204720335314533,0.017583183067157993,0.1519841938762191
3286,25,714,275.18212912654,3848.067080065535,325.04419856673445,3890.523033053691,54.0,0.10144833133620683,-0.5630375378172188,0.10143699603540929,-0.5591169944647646,0.017583183067157993,0.13509047437760766
3287,12,714,339.7794838460253,3807.442051326752,325.04419856673445,3890.523033053691,54.0,0.10144833133620683,-1.2292973180497893,0.10143699603540929,-1.23095037664515,0.017583183067157993,0.25674444406811514
3288,38,714,292.2609771757026,3909.816818957042,325.04419856673445,3890.523033053691,54.0,0.10144833133620683,-0.43678172768718077,0.10143699603540929,-0.43842321581544824,0.017583183067157993,0.08809812584612535
3289,25,715,275.96562758805453,3846.383062878264,326.8205357700357,3870.82711033228,54.0,0.10144833133620683,-0.4743220532440521,0.10143699603540929,-0.4708723337156449,0.017583183067157993,0.1318370815619919
3290,13,715,350.3727630331359,3756.461999998863,326.8205357700357,3870.82711033228,54.0,0.10144833133620683,-1.7556016756463018,0.10143699603540929,-1.752488406254447,0.017583183067157993,0.37972657823531863
3291,53,715,275.4374088407163,3843.51011953928,326.8205357700357,3870.82711033228,54.0,0.10144833133620683,-0.5263612214735629,0.10143699603540929,-0.5231329235438065,0.017583183067157993,0.14608363746941674
3292,12,715,339.7794838460253,3807.442051326752,326.8205357700357,3870.82711033228,54.0,0.10144833133620683,-0.9705937686581496,0.10143699603540929,-0.9708019113733832,0.017583183067157993,0.20181766190692751
3293,38,715,292.2609771757026,3909.816818957042,326.8205357700357,3870.82711033228,54.0,0.10144833133620683,-0.6883754656175509,0.10143699603540929,-0.68930344745324,0.017583183067157993,0.12012103082737717
3294,11,715,339.1199783648173,3779.719741822334,326.8205357700357,3870.82711033228,54.0,0.10144833133620683,-1.4200986713307286,0.10143699603540929,-1.4187343359355802,0.017583183067157993,0.2912165763084127
3295,10,715,331.5278665142546,3788.394860859632,326.8205357700357,3870.82711033228,54.0,0.10144833133620683,-1.2550855531265315,0.10143699603540929,-1.2543124121327922,0.017583183067157993,0.2578926027416324
3296,25,716,278.7601371768536,3840.6549618706185,322.07013414792897,3854.3413164341778,54.0,0.10144833133620683,-0.44904624700230766,0.10143699603540929,-0.44744399478914665,0.017583183067157993,0.1249537092005295
3297,10,716,331.5278665142546,3788.394860859632,322.07013414792897,3854.3413164341778,54.0,0.10144833133620683,-1.0022461691752225,0.10143699603540929,-1.0002998953448368,0.017583183067157993,0.20910413073513315
3298,13,716,350.3727630331359,3756.461999998863,322.07013414792897,3854.3413164341778,54.0,0.10144833133620683,-1.5135007403255756,0.10143699603540929,-1.5093882463482526,0.017583183067157993,0.33491594397158525
3299,38,716,292.2609771757026,3909.816818957042,322.07013414792897,3854.3413164341778,54.0,0.10144833133620683,-0.7892542044441027,0.10143699603540929,-0.789222755971619,0.017583183067157993,0.14927125858894846
3300,11,716,339.1199783648173,3779.719741822334,322.07013414792897,3854.3413164341778,54.0,0.10144833133620683,-1.1731370475050795,0.10143699603540929,-1.1708012292457637,0.017583183067157993,0.24483070146268743
3301,53,716,275.4374088407163,3843.51011953928,322.07013414792897,3854.3413164341778,54.0,0.10144833133620683,-0.4767351155697219,0.10143699603540929,-0.47496697262811616,0.017583183067157993,0.1355664058895015
3302,5,716,328.01618259779593,3866.898866582476,322.07013414792897,3854.3413164341778,54.0,0.10144833133620683,-0.23129994328422962,0.10143699603540929,-0.23143642966958633,0.017583183067157993,0.04670631171353974
3303,12,716,339.7794838460253,3807.442051326752,322.07013414792897,3854.3413164341778,54.0,0.10144833133620683,-0.7320905965171527,0.10143699603540929,-0.7314948123551257,0.017583183067157993,0.15837242964408485
3304,38,717,292.2609771757026,3909.816818957042,300.148444319119,3836.049470583129,54.0,0.10144833133620683,-0.553544005103239,0.10143699603540929,-0.5481957037865858,0.017583183067157993,0.15228419507962787
3305,10,717,331.5278665142546,3788.394860859632,300.148444319119,3836.049470583129,54.0,0.10144833133620683,-0.9344098943401801,0.10143699603540929,-0.9310775981471524,0.017583183067157993,0.20908810432136904
3306,5,717,328.01618259779593,3866.898866582476,300.148444319119,3836.049470583129,54.0,0.10144833133620683,-0.5672591832126331,0.10143699603540929,-0.5666417425220569,0.017583183067157993,0.12353373963256573
3307,13,717,350.3727630331359,3756.461999998863,300.148444319119,3836.049470583129,54.0,0.10144833133620683,-1.4702346617064452,0.10143699603540929,-1.4643739361153854,0.017583183067157993,0.34299375214786315
3308,25,717,278.7601371768536,3840.6549618706185,300.148444319119,3836.049470583129,54.0,0.10144833133620683,-0.15700559698083097,0.10143699603540929,-0.15570366088966633,0.017583183067157993,0.06328302650525051
3309,53,717,275.4374088407163,3843.51011953928,300.148444319119,3836.049470583129,54.0,0.10144833133620683,-0.2083520742119488,0.10143699603540929,-0.206621459379462,0.017583183067157993,0.08405950678275712
3310,12,717,339.7794838460253,3807.442051326752,300.148444319119,3836.049470583129,54.0,0.10144833133620683,-0.7671560559855354,0.10143699603540929,-0.7651679378943288,0.017583183067157993,0.163775466863937
3311,5,718,328.01618259779593,3866.898866582476,298.4736831184446,3865.427505089792,54.0,0.10144833133620683,-0.36851495285036967,0.10143699603540929,-0.3680531782315235,0.017583183067157993,0.08034442214680962
3312,12,718,339.7794838460253,3807.442051326752,298.4736831184446,3865.427505089792,54.0,0.10144833133620683,-0.9775953178737021,0.10143699603540929,-0.9756874094439678,0.017583183067157993,0.2110110475448022
3313,38,718,292.2609771757026,3909.816818957042,298.4736831184446,3865.427505089792,54.0,0.10144833133620683,-0.43108903776574303,0.10143699603540929,-0.4286298467389897,0.017583183067157993,0.09418104287455183
3314,53,718,275.4374088407163,3843.51011953928,298.4736831184446,3865.427505089792,54.0,0.10144833133620683,-0.13885873124891498,0.10143699603540929,-0.13429175305792518,0.017583183067157993,0.07253160071540453
3315,25,718,275.18212912654,3848.067080065535,298.4736831184446,3865.427505089792,54.0,0.10144833133620683,-0.09356037673305065,0.10143699603540929,-0.08924069969128123,0.017583183067157993,0.05477427110111889
3316,38,719,292.2609771757026,3909.816818957042,312.55779460009745,3872.429480945586,54.0,0.10144833133620683,-0.5536115070357419,0.10143699603540929,-0.5538519480408379,0.017583183067157993,0.09739762027580387
3317,25,719,275.18212912654,3848.067080065535,312.55779460009745,3872.429480945586,54.0,0.10144833133620683,-0.2795095202304371,0.10143699603540929,-0.27518117139362674,0.017583183067157993,0.09386625812809718
3318,53,719,275.4374088407163,3843.51011953928,312.55779460009745,3872.429480945586,54.0,0.10144833133620683,-0.34033286192557666,0.10143699603540929,-0.3362204959688344,0.017583183067157993,0.1114302338327762
3319,5,719,328.01618259779593,3866.898866582476,312.55779460009745,3872.429480945586,54.0,0.10144833133620683,-0.24008896483306824,0.10143699603540929,-0.2400072440796953,0.017583183067157993,0.05057267052042732
3320,5,720,328.01618259779593,3866.898866582476,309.97405298229904,3896.896670356153,54.0,0.10144833133620683,-0.5266555031342732,0.10143699603540929,-0.5275559643025167,0.017583183067157993,0.08720981756853585
3321,25,720,275.18212912654,3848.067080065535,309.97405298229904,3896.896670356153,54.0,0.10144833133620683,-0.47544309673233054,0.10143699603540929,-0.47100853902212386,0.017583183067157993,0.11829067145689595
3322,53,720,275.4374088407163,3843.51011953928,309.97405298229904,3896.896670356153,54.0,0.10144833133620683,-0.5160299397348407,0.10143699603540929,-0.5113898321690069,0.017583183067157993,0.13287635227348882
3323,38,720,292.2609771757026,3909.816818957042,309.97405298229904,3896.896670356153,54.0,0.10144833133620683,-0.23329674398805855,0.10143699603540929,-0.2341784396456098,0.017583183067157993,0.054752295733630496
3324,44,721,470.9318574712719,4102.798680980681,281.68860591242515,3899.277797409469,54.0,0.10144833133620683,-2.98198472600803,0.10143699603540929,-2.9882120914567154,0.017583183067157993,0.5959572459153447
3325,53,721,275.4374088407163,3843.51011953928,281.68860591242515,3899.277797409469,54.0,0.10144833133620683,-0.43605072889893337,0.10143699603540929,-0.43104603931972624,0.017583183067157993,0.1189638759340915
3326,38,721,292.2609771757026,3909.816818957042,281.68860591242515,3899.277797409469,54.0,0.10144833133620683,-0.1628969829538689,0.10143699603540929,-0.16236590214315066,0.017583183067157993,0.03915243756897641
3327,25,721,275.18212912654,3848.067080065535,281.68860591242515,3899.277797409469,54.0,0.10144833133620683,-0.3905576561500006,0.10143699603540929,-0.3859871518319521,0.017583183067157993,0.10275123283260985
3328,12,721,339.7794838460253,3807.442051326752,281.68860591242515,3899.277797409469,54.0,0.10144833133620683,-1.3969147220771145,0.10143699603540929,-1.393860584409168,0.017583183067157993,0.2919832890750165
3329,5,721,328.01618259779593,3866.898866582476,281.68860591242515,3899.277797409469,54.0,0.10144833133620683,-0.7624711922998283,0.10143699603540929,-0.7624228641613173,0.017583183067157993,0.1342972420305518
3330,12,722,339.7794838460253,3807.442051326752,258.026281620782,3903.2885999367545,54.0,0.10144833133620683,-1.3930657911573303,0.10143699603540929,-1.389324992818794,0.017583183067157993,0.3105835079371968
3331,53,722,275.4374088407163,3843.51011953928,258.026281620782,3903.2885999367545,54.0,0.10144833133620683,-0.5923942610857409,0.10143699603540929,-0.5947545173656312,0.017583183067157993,0.13928706301749316
3332,38,722,292.2609771757026,3909.816818957042,258.026281620782,3903.2885999367545,54.0,0.10144833133620683,-0.3907522960187271,0.10143699603540929,-0.39154969025399633,0.017583183067157993,0.07367163093146961
3333,25,722,275.18212912654,3848.067080065535,258.026281620782,3903.2885999367545,54.0,0.10144833133620683,-0.5210559507092244,0.10143699603540929,-0.5230420924594987,0.017583183067157993,0.1210862739414437
3334,53,723,275.4374088407163,3843.51011953928,225.26275792109743,3851.6329722134415,54.0,0.10144833133620683,-0.6490507011161863,0.10143699603540929,-0.6518526395401133,0.017583183067157993,0.1543952684826582
3335,25,723,264.330530090726,3842.899620060988,225.26275792109743,3851.6329722134415,54.0,0.10144833133620683,-0.5152143758838681,0.10143699603540929,-0.5167900273914257,0.017583183067157993,0.1166139570324247
3336,38,723,292.2609771757026,3909.816818957042,225.26275792109743,3851.6329722134415,54.0,0.10144833133620683,-0.7699645794535062,0.10143699603540929,-0.7731685963224804,0.017583183067157993,0.18956029627144197
3337,53,724,275.4374088407163,3843.51011953928,238.67127808163656,3887.54982630175,54.0,0.10144833133620683,-0.44632441016672075,0.10143699603540929,-0.4464001856041919,0.017583183067157993,0.13213247272414938
3338,25,724,264.330530090726,3842.899620060988,238.67127808163656,3887.54982630175,54.0,0.10144833133620683,-0.39579364133791206,0.10143699603540929,-0.3964710801104336,0.017583183067157993,0.1174053467780988
3339,12,724,339.7794838460253,3807.442051326752,238.67127808163656,3887.54982630175,54.0,0.10144833133620683,-1.236835604149349,0.10143699603540929,-1.2319744909334902,0.017583183067157993,0.32294985742327503
3340,38,724,292.2609771757026,3909.816818957042,238.67127808163656,3887.54982630175,54.0,0.10144833133620683,-0.5742760560964234,0.10143699603540929,-0.5761234560416422,0.017583183067157993,0.12071682605121554
3341,53,725,275.4374088407163,3843.51011953928,216.78058276365192,3875.401286069962,54.0,0.10144833133620683,-0.5682099673549288,0.10143699603540929,-0.569369580942709,0.017583183067157993,0.16722122765523714
3342,25,725,264.330530090726,3842.899620060988,216.78058276365192,3875.401286069962,54.0,0.10144833133620683,-0.5018514945522797,0.10143699603540929,-0.5032066691069104,0.017583183067157993,0.14491244005309528
3343,38,725,292.2609771757026,3909.816818957042,216.78058276365192,3875.401286069962,54.0,0.10144833133620683,-0.7970124047287037,0.10143699603540929,-0.7998284532956043,0.017583183067157993,0.17413330368207283
3344,18,726,126.52937545907687,3669.1679992851136,194.69215329829044,3859.7518318258,54.0,0.10144833133620683,-2.020826359243015,0.10143699603540929,-2.0182383328899403,0.017583183067157993,0.680761514733515
3345,53,726,275.4374088407163,3843.51011953928,194.69215329829044,3859.7518318258,54.0,0.10144833133620683,-0.9540189040312933,0.10143699603540929,-0.9545631492242231,0.017583183067157993,0.22992048179048932
3346,25,726,264.330530090726,3842.899620060988,194.69215329829044,3859.7518318258,54.0,0.10144833133620683,-0.8790711662994382,0.10143699603540929,-0.8782300155186105,0.017583183067157993,0.19763512216643553
3347,38,726,292.2609771757026,3909.816818957042,194.69215329829044,3859.7518318258,54.0,0.10144833133620683,-1.1319812094893493,0.10143699603540929,-1.131478254271194,0.017583183067157993,0.2482767096492715
3348,18,727,126.52937545907687,3669.1679992851136,184.8894463734039,3844.197419775655,54.0,0.10144833133620683,-1.7815394056754945,0.10143699603540929,-1.7776720389415344,0.017583183067157993,0.6240065288980465
3349,38,727,292.2609771757026,3909.816818957042,184.8894463734039,3844.197419775655,54.0,0.10144833133620683,-1.3123228189577871,0.10143699603540929,-1.3115213010242532,0.017583183067157993,0.2970314777323761
3350,53,727,275.4374088407163,3843.51011953928,184.8894463734039,3844.197419775655,54.0,0.10144833133620683,-1.2959329364964312,0.10143699603540929,-1.2962890624576178,0.017583183067157993,0.2739601818347962
3351,25,727,264.330530090726,3842.899620060988,184.8894463734039,3844.197419775655,54.0,0.10144833133620683,-1.140077341386847,0.10143699603540929,-1.1394690446903606,0.017583183067157993,0.23618358760943753
3352,25,728,264.330530090726,3842.899620060988,216.67804085346188,3854.6589930314367,54.0,0.10144833133620683,-0.5961450912511851,0.10143699603540929,-0.5969587618688429,0.017583183067157993,0.13783943482092337
3353,18,728,126.52937545907687,3669.1679992851136,216.67804085346188,3854.6589930314367,54.0,0.10144833133620683,-2.1188849568138552,0.10143699603540929,-2.1159505014609197,0.017583183067157993,0.7036920465291934
3354,25,729,264.330530090726,3842.899620060988,201.6426748967095,3841.084954194472,54.0,0.10144833133620683,-0.9143503001755897,0.10143699603540929,-0.9145951349803929,0.017583183067157993,0.18437902439165543
3355,38,729,292.2609771757026,3909.816818957042,201.6426748967095,3841.084954194472,54.0,0.10144833133620683,-1.1535744508214802,0.10143699603540929,-1.154726371166721,0.017583183067157993,0.26116925672986635
3356,18,729,126.52937545907687,3669.1679992851136,201.6426748967095,3841.084954194472,54.0,0.10144833133620683,-1.8414372507107977,0.10143699603540929,-1.8394074591009029,0.017583183067157993,0.6462885927534798
3357,53,729,275.4374088407163,3843.51011953928,201.6426748967095,3841.084954194472,54.0,0.10144833133620683,-1.0745028614227359,0.10143699603540929,-1.0757420540354936,0.017583183067157993,0.22301999110627138
3358,25,730,275.08785805456387,3847.958391331468,245.1738650954148,3910.692918075235,54.0,0.10144833133620683,-0.6731337514165111,0.10143699603540929,-0.6753464272516028,0.017583183067157993,0.14631678987526622
3359,18,730,126.52937545907687,3669.1679992851136,245.1738650954148,3910.692918075235,54.0,0.10144833133620683,-2.7661701094403925,0.10143699603540929,-2.7620916342518473,0.017583183067157993,0.8490975424045185
3360,21,731,103.34699834515416,4117.964937310308,219.492026721324,3902.160321959544,54.0,0.10144833133620683,-2.232838138665866,0.10143699603540929,-2.226006857805669,0.017583183067157993,0.6110830809371568
3361,38,731,292.2609771757026,3909.816818957042,219.492026721324,3902.160321959544,54.0,0.10144833133620683,-0.9007572764122477,0.10143699603540929,-0.9027400608347838,0.017583183067157993,0.15461948149599794
3362,25,731,264.330530090726,3842.899620060988,219.492026721324,3902.160321959544,54.0,0.10144833133620683,-0.6061430022972512,0.10143699603540929,-0.6080376113614268,0.017583183067157993,0.1690453075129105
3363,18,731,126.52937545907687,3669.1679992851136,219.492026721324,3902.160321959544,54.0,0.10144833133620683,-2.608675155614482,0.10143699603540929,-2.6063918636869303,0.017583183067157993,0.8048050761725372
3364,53,731,275.4374088407163,3843.51011953928,219.492026721324,3902.160321959544,54.0,0.10144833133620683,-0.6559539827710965,0.10143699603540929,-0.6569836244506939,0.017583183067157993,0.18321197032444184
3365,18,732,126.52937545907687,3669.1679992851136,233.00864843063775,3870.269977730515,54.0,0.10144833133620683,-2.2623372068053205,0.10143699603540929,-2.2588403898946403,0.017583183067157993,0.76224574780174
3366,53,732,275.4374088407163,3843.51011953928,233.00864843063775,3870.269977730515,54.0,0.10144833133620683,-0.40227155679208737,0.10143699603540929,-0.40377185809358707,0.017583183067157993,0.12685628877151117
3367,25,732,264.330530090726,3842.899620060988,233.00864843063775,3870.269977730515,54.0,0.10144833133620683,-0.3301175946723223,0.10143699603540929,-0.33184962969834386,0.017583183067157993,0.10393600448179012
3368,38,732,292.2609771757026,3909.816818957042,233.00864843063775,3870.269977730515,54.0,0.10144833133620683,-0.6680749972183,0.10143699603540929,-0.6705511101838112,0.017583183067157993,0.14980380822534495
3369,25,733,264.330530090726,3842.899620060988,211.7067472244628,3878.559134011484,54.0,0.10144833133620683,-0.5708576776169801,0.10143699603540929,-0.5726880886993579,0.017583183067157993,0.15843034020683228
3370,18,733,126.52937545907687,3669.1679992851136,211.7067472244628,3878.559134011484,54.0,0.10144833133620683,-2.3301955226676405,0.10143699603540929,-2.3252556191049454,0.017583183067157993,0.748912292645701
3371,53,733,275.4374088407163,3843.51011953928,211.7067472244628,3878.559134011484,54.0,0.10144833133620683,-0.6318794577812712,0.10143699603540929,-0.6337159665222929,0.017583183067157993,0.17963415799775453
3372,38,733,292.2609771757026,3909.816818957042,211.7067472244628,3878.559134011484,54.0,0.10144833133620683,-0.8481274367727452,0.10143699603540929,-0.8513059063329675,0.017583183067157993,0.18216031654087578
3373,53,734,275.4374088407163,3843.51011953928,258.4336883859368,3877.8657284365577,54.0,0.10144833133620683,-0.3199867335357257,0.10143699603540929,-0.3201207070965857,0.017583183067157993,0.09482851713982317
3374,38,734,292.2609771757026,3909.816818957042,258.4336883859368,3877.8657284365577,54.0,0.10144833133620683,-0.501948985648283,0.10143699603540929,-0.5033271456825472,0.017583183067157993,0.09948466585943039
3375,25,734,273.23479148912514,3847.1159350703206,258.4336883859368,3877.8657284365577,54.0,0.10144833133620683,-0.2489081981121945,0.10143699603540929,-0.2487897483529381,0.017583183067157993,0.07517665408044333
3376,18,734,126.52937545907687,3669.1679992851136,258.4336883859368,3877.8657284365577,54.0,0.10144833133620683,-2.430462196626617,0.10143699603540929,-2.427148056988859,0.017583183067157993,0.8215539174560208
3377,63,735,316.49031405012005,3929.154743051912,265.3096747297514,3890.540840509381,54.0,0.10144833133620683,-0.5879080135172038,0.10143699603540929,-0.5898740652313899,0.017583183067157993,0.13527513866534474
3378,25,735,275.18212912654,3848.067080065535,265.3096747297514,3890.540840509381,54.0,0.10144833133620683,-0.35889972758679756,0.10143699603540929,-0.35974507802210526,0.017583183067157993,0.09253973732418029
3379,38,735,292.2609771757026,3909.816818957042,265.3096747297514,3890.540840509381,54.0,0.10144833133620683,-0.34256736172006763,0.10143699603540929,-0.3430734073281004,0.017583183067157993,0.07188557946920929
3380,53,735,275.4374088407163,3843.51011953928,265.3096747297514,3890.540840509381,54.0,0.10144833133620683,-0.431560952194736,0.10143699603540929,-0.43271717539045734,0.017583183067157993,0.111881857607789
3381,18,735,126.52937545907687,3669.1679992851136,265.3096747297514,3890.540840509381,54.0,0.10144833133620683,-2.589578983457468,0.10143699603540929,-2.5876420550593977,0.017583183067157993,0.8509545391168944
3382,25,736,276.4908269595127,3845.3713588753258,325.17422066430987,3868.80579167809,54.0,0.10144833133620683,-0.453230924907167,0.10143699603540929,-0.450031715451484,0.017583183067157993,0.127645701306318
3383,44,736,482.2902751987267,4093.226876078621,325.17422066430987,3868.80579167809,54.0,0.10144833133620683,-3.2015160716612794,0.10143699603540929,-3.207753191130066,0.017583183067157993,0.6939962210733147
3384,53,736,275.4374088407163,3843.51011953928,325.17422066430987,3868.80579167809,54.0,0.10144833133620683,-0.49581875145088095,0.10143699603540929,-0.4926098727355252,0.017583183067157993,0.14020317898940468
3385,38,736,292.2609771757026,3909.816818957042,325.17422066430987,3868.80579167809,54.0,0.10144833133620683,-0.6850596226191286,0.10143699603540929,-0.6856467332225954,0.017583183067157993,0.12082682505052181
3386,63,736,316.49031405012005,3929.154743051912,325.17422066430987,3868.80579167809,54.0,0.10144833133620683,-0.6952292436435276,0.10143699603540929,-0.6990949603304095,0.017583183067157993,0.14542334742517454
3387,25,737,264.330530090726,3842.899620060988,244.26666170076163,3867.105363176406,54.0,0.10144833133620683,-0.26352381147847653,0.10143699603540929,-0.2644638173908649,0.017583183067157993,0.07999795407023078
3388,38,737,292.2609771757026,3909.816818957042,244.26666170076163,3867.105363176406,54.0,0.10144833133620683,-0.6264221235147324,0.10143699603540929,-0.6285531340884846,0.017583183067157993,0.13550158281162217
3389,53,737,275.4374088407163,3843.51011953928,244.26666170076163,3867.105363176406,54.0,0.10144833133620683,-0.3358280852336586,0.10143699603540929,-0.3365932347953029,0.017583183067157993,0.1026571667811236
3390,18,737,126.52937545907687,3669.1679992851136,244.26666170076163,3867.105363176406,54.0,0.10144833133620683,-2.2777356721946056,0.10143699603540929,-2.2744503561768448,0.017583183067157993,0.7807116146827117
3391,44,738,470.9318574712719,4102.798680980681,278.4112143194352,3898.247540754817,54.0,0.10144833133620683,-3.0059219650653235,0.10143699603540929,-3.0117675211054804,0.017583183067157993,0.5989812514101158
3392,38,738,292.2609771757026,3909.816818957042,278.4112143194352,3898.247540754817,54.0,0.10144833133620683,-0.19058290713046092,0.10143699603540929,-0.18998788765616745,0.017583183067157993,0.044243809763004655
3393,63,738,316.49031405012005,3929.154743051912,278.4112143194352,3898.247540754817,54.0,0.10144833133620683,-0.4279334500953224,0.10143699603540929,-0.4290531166497527,0.017583183067157993,0.10601054937860624
3394,25,738,275.18212912654,3848.067080065535,278.4112143194352,3898.247540754817,54.0,0.10144833133620683,-0.37573418792616775,0.10143699603540929,-0.37121182020198423,0.017583183067157993,0.09996834961473278
3395,53,738,275.4374088407163,3843.51011953928,278.4112143194352,3898.247540754817,54.0,0.10144833133620683,-0.42165813394284785,0.10143699603540929,-0.41669097843496616,0.017583183067157993,0.1163368215060174
3396,38,739,292.2609771757026,3909.816818957042,315.6588536998603,3884.383887990511,54.0,0.10144833133620683,-0.4434437332538955,0.10143699603540929,-0.444043837749341,0.017583183067157993,0.07954202868665451
3397,25,739,275.18212912654,3848.067080065535,315.6588536998603,3884.383887990511,54.0,0.10144833133620683,-0.3962143178698109,0.10143699603540929,-0.3918572083049723,0.017583183067157993,0.10926519911119763
3398,53,739,275.4374088407163,3843.51011953928,315.6588536998603,3884.383887990511,54.0,0.10144833133620683,-0.4550300435723047,0.10143699603540929,-0.4507998146339487,0.017583183067157993,0.1262995771711095
3399,63,739,316.49031405012005,3929.154743051912,315.6588536998603,3884.383887990511,54.0,0.10144833133620683,-0.4785058982850374,0.10143699603540929,-0.48219549591225624,0.017583183067157993,0.1082225299218423
3400,44,739,482.2902751987267,4093.226876078621,315.6588536998603,3884.383887990511,54.0,0.10144833133620683,-3.1209069837968264,0.10143699603540929,-3.1182922700692153,0.017583183067157993,0.6503412236765661
3401,38,740,292.2609771757026,3909.816818957042,296.21345872966407,3852.992610644512,54.0,0.10144833133620683,-0.4527161345911513,0.10143699603540929,-0.4484594099579097,0.017583183067157993,0.11251264249742833
3402,63,740,316.49031405012005,3929.154743051912,296.21345872966407,3852.992610644512,54.0,0.10144833133620683,-0.7540991538838389,0.10143699603540929,-0.7557367344771666,0.017583183067157993,0.1747285124866509
3403,25,740,277.1886017127139,3843.911551720602,296.21345872966407,3852.992610644512,54.0,0.10144833133620683,-0.12254875773768106,0.10143699603540929,-0.12049215468350793,0.017583183067157993,0.05463307943339134
3404,53,740,275.4374088407163,3843.51011953928,296.21345872966407,3852.992610644512,54.0,0.10144833133620683,-0.15818477226707814,0.10143699603540929,-0.1555988774125598,0.017583183067157993,0.07019320228056902
3405,18,740,126.52937545907687,3669.1679992851136,296.21345872966407,3852.992610644512,54.0,0.10144833133620683,-2.5321079520463763,0.10143699603540929,-2.5170774694264564,0.017583183067157993,0.8818226887269465
3406,18,741,126.52937545907687,3669.1679992851136,314.258204840562,3850.878766542768,54.0,0.10144833133620683,-2.7359383745786423,0.10143699603540929,-2.7182227029291193,0.017583183067157993,0.9486691778032098
3407,53,741,275.4374088407163,3843.51011953928,314.258204840562,3850.878766542768,54.0,0.10144833133620683,-0.3974834869730006,0.10143699603540929,-0.395658512041197,0.017583183067157993,0.12035781279169158
3408,38,741,292.2609771757026,3909.816818957042,314.258204840562,3850.878766542768,54.0,0.10144833133620683,-0.7715455940697981,0.10143699603540929,-0.7710766275997669,0.017583183067157993,0.14989478421199695
3409,25,741,278.7601371768536,3840.6549618706185,314.258204840562,3850.878766542768,54.0,0.10144833133620683,-0.3574981619784576,0.10143699603540929,-0.35593160098812926,0.017583183067157993,0.1058711293737467
3410,53,742,275.4374088407163,3843.51011953928,301.5535634179998,3839.126306448653,54.0,0.10144833133620683,-0.22643821759301058,0.10143699603540929,-0.22472613390903884,0.017583183067157993,0.08666093692871117
3411,63,742,316.49031405012005,3929.154743051912,301.5535634179998,3839.126306448653,54.0,0.10144833133620683,-1.0684018055722448,0.10143699603540929,-1.0716037314149396,0.017583183067157993,0.22836204743925237
3412,38,742,292.2609771757026,3909.816818957042,301.5535634179998,3839.126306448653,54.0,0.10144833133620683,-0.6246973221104718,0.10143699603540929,-0.6198429094990148,0.017583183067157993,0.1533644455003259
3413,18,742,126.52937545907687,3669.1679992851136,301.5535634179998,3839.126306448653,54.0,0.10144833133620683,-2.492473233002631,0.10143699603540929,-2.4752189536961016,0.017583183067157993,0.8934138612507609
3414,25,742,278.7601371768536,3840.6549618706185,301.5535634179998,3839.126306448653,54.0,0.10144833133620683,-0.17514707318041878,0.10143699603540929,-0.1738423481325026,0.017583183067157993,0.06648718838058224
3415,25,743,275.18212912654,3848.067080065535,309.4684575390872,3872.32704628831,54.0,0.10144833133620683,-0.2395646499994894,0.10143699603540929,-0.235117399163066,0.017583183067157993,0.08624629089388594
3416,44,743,482.2902751987267,4093.226876078621,309.4684575390872,3872.32704628831,54.0,0.10144833133620683,-3.2994563999549693,0.10143699603540929,-3.2978478116476375,0.017583183067157993,0.686357456866273
3417,63,743,316.49031405012005,3929.154743051912,309.4684575390872,3872.32704628831,54.0,0.10144833133620683,-0.6479662822339172,0.10143699603540929,-0.651836721074496,0.017583183067157993,0.13567805087878926
3418,38,743,292.2609771757026,3909.816818957042,309.4684575390872,3872.32704628831,54.0,0.10144833133620683,-0.5314611579988684,0.10143699603540929,-0.531520731236198,0.017583183067157993,0.09465233885133753
3419,53,743,275.4374088407163,3843.51011953928,309.4684575390872,3872.32704628831,54.0,0.10144833133620683,-0.29757819848367856,0.10143699603540929,-0.2932443210163015,0.017583183067157993,0.10377082434982943
3420,25,744,275.18212912654,3848.067080065535,271.0794516397593,3873.021199386558,54.0,0.10144833133620683,-0.16866462856989392,0.10143699603540929,-0.16804303290652006,0.017583183067157993,0.05721643019945682
3421,27,745,413.6607163277177,4126.933692479007,418.3279091794528,4088.79789404924,54.0,0.10144833133620683,-0.5452349815043722,0.10143699603540929,-0.5452915423678932,0.017583183067157993,0.07776293165859056
3422,45,745,517.3116391169647,4113.7490927459785,418.3279091794528,4088.79789404924,54.0,0.10144833133620683,-1.0303680665853323,0.10143699603540929,-1.027152771033849,0.017583183067157993,0.19145810364821186
3423,43,745,630.0947010611478,4141.259609929846,418.3279091794528,4088.79789404924,54.0,0.10144833133620683,-2.229787110756515,0.10143699603540929,-2.2268817400368874,0.017583183067157993,0.527078697618424
3424,41,745,461.8106926932424,4070.996636995212,418.3279091794528,4088.79789404924,54.0,0.10144833133620683,-0.4265428844046669,0.10143699603540929,-0.42548841517480707,0.017583183067157993,0.08088313037519998
3425,47,745,497.40279712570856,4039.075701869608,418.3279091794528,4088.79789404924,54.0,0.10144833133620683,-1.0373969067994135,0.10143699603540929,-1.0369480975184515,0.017583183067157993,0.17101826176390236
3426,60,745,462.2337953932308,4065.780960132662,418.3279091794528,4088.79789404924,54.0,0.10144833133620683,-0.4615042405189357,0.10143699603540929,-0.46048570272971884,0.017583183067157993,0.08599047609747854
3427,42,745,481.4936938530769,4095.225387665601,418.3279091794528,4088.79789404924,54.0,0.10144833133620683,-0.6900030465211865,0.10143699603540929,-0.6897215516278592,0.017583183067157993,0.10445588085951904
3428,61,745,463.203498736656,4062.892527800171,418.3279091794528,4088.79789404924,54.0,0.10144833133620683,-0.49018627078049015,0.10143699603540929,-0.4892097422851249,0.017583183067157993,0.08957457030718757
3429,39,745,491.6009153175041,3965.873607703836,418.3279091794528,4088.79789404924,54.0,0.10144833133620683,-1.3987099747519103,0.10143699603540929,-1.396242561503103,0.017583183067157993,0.2913376627169438
3430,44,745,470.9318574712719,4102.798680980681,418.3279091794528,4088.79789404924,54.0,0.10144833133620683,-0.5017297105418025,0.10143699603540929,-0.5009145220762635,0.017583183067157993,0.08903814908347793
3431,23,745,485.3312407692456,4298.036308618457,418.3279091794528,4088.79789404924,54.0,0.10144833133620683,-2.1709279776871835,0.10143699603540929,-2.163150873932445,0.017583183067157993,0.46589466872796526
3432,31,746,286.22286085268047,4096.016113555928,393.5062405176661,4094.4322381805127,54.0,0.10144833133620683,-1.2852749444492872,0.10143699603540929,-1.2824281458904385,0.017583183067157993,0.2560720919163136
3433,27,746,413.6607163277177,4126.933692479007,393.5062405176661,4094.4322381805127,54.0,0.10144833133620683,-0.6047959318877285,0.10143699603540929,-0.6043077604313494,0.017583183067157993,0.08317892680706937
3434,60,746,462.2337953932308,4065.780960132662,393.5062405176661,4094.4322381805127,54.0,0.10144833133620683,-0.8174070424951342,0.10143699603540929,-0.8156700038332401,0.017583183067157993,0.14096372697217668
3435,45,746,517.3116391169647,4113.7490927459785,393.5062405176661,4094.4322381805127,54.0,0.10144833133620683,-1.323553067532823,0.10143699603540929,-1.3195409653914332,0.017583183067157993,0.24811967826483933
3436,44,746,470.9318574712719,4102.798680980681,393.5062405176661,4094.4322381805127,54.0,0.10144833133620683,-0.7824668841215459,0.10143699603540929,-0.7806759687058524,0.017583183067157993,0.14325897007594524
3437,41,746,461.8106926932424,4070.996636995212,393.5062405176661,4094.4322381805127,54.0,0.10144833133620683,-0.7682509541451491,0.10143699603540929,-0.7663104231069223,0.017583183067157993,0.13717407125095163
3438,61,747,463.203498736656,4062.892527800171,400.3313909243413,4047.66133186713,54.0,0.10144833133620683,-0.5827796025884566,0.10143699603540929,-0.5823916861757379,0.017583183067157993,0.11459135198506343
3439,60,747,462.2337953932308,4065.780960132662,400.3313909243413,4047.66133186713,54.0,0.10144833133620683,-0.5744387691997352,0.10143699603540929,-0.5741419984908294,0.017583183067157993,0.11384569892919541
3440,44,747,470.9318574712719,4102.798680980681,400.3313909243413,4047.66133186713,54.0,0.10144833133620683,-0.802877444332442,0.10143699603540929,-0.8028896991726576,0.017583183067157993,0.15030031293317653
3441,47,747,497.40279712570856,4039.075701869608,400.3313909243413,4047.66133186713,54.0,0.10144833133620683,-0.90857239336845,0.10143699603540929,-0.9082218778820407,0.017583183067157993,0.19225579839132764
3442,42,747,481.4936938530769,4095.225387665601,400.3313909243413,4047.66133186713,54.0,0.10144833133620683,-0.9566652400538982,0.10143699603540929,-0.9573530706861909,0.017583183067157993,0.15765498155482988
3443,39,747,491.6009153175041,3965.873607703836,400.3313909243413,4047.66133186713,54.0,0.10144833133620683,-1.342352409284918,0.10143699603540929,-1.3408789366645595,0.017583183067157993,0.2836936996254979
3444,31,747,286.22286085268047,4096.016113555928,400.3313909243413,4047.66133186713,54.0,0.10144833133620683,-1.1643967224012712,0.10143699603540929,-1.157961170106702,0.017583183067157993,0.2884519715307406
3445,23,747,485.3312407692456,4298.036308618457,400.3313909243413,4047.66133186713,54.0,0.10144833133620683,-2.64947919623926,0.10143699603540929,-2.6428115576105395,0.017583183067157993,0.5558361614800664
3446,38,747,292.2609771757026,3909.816818957042,400.3313909243413,4047.66133186713,54.0,0.10144833133620683,-1.9383611831226186,0.10143699603540929,-1.9421023278424936,0.017583183067157993,0.4155956938487693
3447,27,747,413.6607163277177,4126.933692479007,400.3313909243413,4047.66133186713,54.0,0.10144833133620683,-0.9075544219658396,0.10143699603540929,-0.9079328283485973,0.017583183067157993,0.1597804245232219
3448,41,747,461.8106926932424,4070.996636995212,400.3313909243413,4047.66133186713,54.0,0.10144833133620683,-0.5768087156118897,0.10143699603540929,-0.5766103869333462,0.017583183067157993,0.11500923196003689
3449,44,748,470.9318574712719,4102.798680980681,375.7370348868046,4027.7319162946624,54.0,0.10144833133620683,-1.0445643623929644,0.10143699603540929,-1.0437013951174066,0.017583183067157993,0.22442321714328775
3450,61,748,463.203498736656,4062.892527800171,375.7370348868046,4027.7319162946624,54.0,0.10144833133620683,-0.8202611621321055,0.10143699603540929,-0.8183679626350433,0.017583183067157993,0.18693173630971371
3451,31,748,286.22286085268047,4096.016113555928,375.7370348868046,4027.7319162946624,54.0,0.10144833133620683,-0.8532499317108767,0.10143699603540929,-0.8422555597635089,0.017583183067157993,0.2614821508715646
3452,60,748,462.2337953932308,4065.780960132662,375.7370348868046,4027.7319162946624,54.0,0.10144833133620683,-0.8407489413179933,0.10143699603540929,-0.8387714858134707,0.017583183067157993,0.18669889805469891
3453,39,748,491.6009153175041,3965.873607703836,375.7370348868046,4027.7319162946624,54.0,0.10144833133620683,-1.385107586008946,0.10143699603540929,-1.3824460463553485,0.017583183067157993,0.3294890732631469
3454,42,748,481.4936938530769,4095.225387665601,375.7370348868046,4027.7319162946624,54.0,0.10144833133620683,-1.2237167402672369,0.10143699603540929,-1.2233249109974453,0.017583183067157993,0.2312419777145334
3455,41,748,461.8106926932424,4070.996636995212,375.7370348868046,4027.7319162946624,54.0,0.10144833133620683,-0.8466688664654412,0.10143699603540929,-0.8449231519063503,0.017583183067157993,0.18838776321893752
3456,44,749,473.7692249387097,4100.459742736739,426.0873277925459,4044.716857998372,54.0,0.10144833133620683,-0.7866848401577555,0.10143699603540929,-0.7869702184772037,0.017583183067157993,0.11222043448923945
3457,38,749,292.2609771757026,3909.816818957042,426.0873277925459,4044.716857998372,54.0,0.10144833133620683,-2.1569402854380586,0.10143699603540929,-2.1625260074519836,0.017583183067157993,0.45982897034187675
3458,60,749,462.2337953932308,4065.780960132662,426.0873277925459,4044.716857998372,54.0,0.10144833133620683,-0.37181768800020915,0.10143699603540929,-0.3715438956934477,0.017583183067157993,0.07019554012988632
3459,61,749,463.203498736656,4062.892527800171,426.0873277925459,4044.716857998372,54.0,0.10144833133620683,-0.36261015407814123,0.10143699603540929,-0.3623654979308332,0.017583183067157993,0.06988126126745778
3460,36,749,587.79522063936,3965.30735379632,426.0873277925459,4044.716857998372,54.0,0.10144833133620683,-2.290611674727757,0.10143699603540929,-2.2824924976481507,0.017583183067157993,0.49102616979211533
3461,48,749,542.8497150079456,3957.433060143872,426.0873277925459,4044.716857998372,54.0,0.10144833133620683,-1.599379930912144,0.10143699603540929,-1.595180696952063,0.017583183067157993,0.37181844131497777
3462,45,749,517.3116391169647,4113.7490927459785,426.0873277925459,4044.716857998372,54.0,0.10144833133620683,-1.3635870927382583,0.10143699603540929,-1.3629171952729535,0.017583183067157993,0.21143716641177662
3463,31,749,286.22286085268047,4096.016113555928,426.0873277925459,4044.716857998372,54.0,0.10144833133620683,-1.456131310196094,0.10143699603540929,-1.451948102415632,0.017583183067157993,0.3411179545441425
3464,51,749,515.5112789978382,4127.169092421015,426.0873277925459,4044.716857998372,54.0,0.10144833133620683,-1.3391001736210195,0.10143699603540929,-1.3377477384857202,0.017583183067157993,0.22125041143339133
3465,54,749,562.1256537151418,3993.041990758743,426.0873277925459,4044.716857998372,54.0,0.10144833133620683,-1.8275093167741734,0.10143699603540929,-1.8242316294592877,0.017583183067157993,0.3705652460196117
3466,41,749,461.8106926932424,4070.996636995212,426.0873277925459,4044.716857998372,54.0,0.10144833133620683,-0.3973261891548844,0.10143699603540929,-0.39700995213127266,0.017583183067157993,0.07299403769187225
3467,23,749,485.3312407692456,4298.036308618457,426.0873277925459,4044.716857998372,54.0,0.10144833133620683,-2.0554890422991186,0.10143699603540929,-2.046309418175495,0.017583183067157993,0.5094044572726296
3468,43,749,630.0947010611478,4141.259609929846,426.0873277925459,4044.716857998372,54.0,0.10144833133620683,-2.5680753423522162,0.10143699603540929,-2.570784557580003,0.017583183067157993,0.5900751846604356
3469,47,749,497.40279712570856,4039.075701869608,426.0873277925459,4044.716857998372,54.0,0.10144833133620683,-0.6787002203227984,0.10143699603540929,-0.6791643226904709,0.017583183067157993,0.13771270919926362
3470,39,749,491.6009153175041,3965.873607703836,426.0873277925459,4044.716857998372,54.0,0.10144833133620683,-1.0240529250732244,0.10143699603540929,-1.0226983334538131,0.017583183067157993,0.22726567333418413
3471,27,749,413.6607163277177,4126.933692479007,426.0873277925459,4044.716857998372,54.0,0.10144833133620683,-0.9153508461403833,0.10143699603540929,-0.9157422178678158,0.017583183067157993,0.16296452232514547
3472,19,750,311.50845425664727,4115.619753095878,362.17199524503343,4082.865688514489,54.0,0.10144833133620683,-0.5773525996694495,0.10143699603540929,-0.5780585130087866,0.017583183067157993,0.14421380071808898
3473,41,750,461.8106926932424,4070.996636995212,362.17199524503343,4082.865688514489,54.0,0.10144833133620683,-1.2666595777443765,0.10143699603540929,-1.2635922378035285,0.017583183067157993,0.2100899545275307
3474,61,750,463.203498736656,4062.892527800171,362.17199524503343,4082.865688514489,54.0,0.10144833133620683,-1.174340199382776,0.10143699603540929,-1.1719530575424248,0.017583183067157993,0.21118135289751977
3475,64,750,251.14156651564912,4194.6094429104505,362.17199524503343,4082.865688514489,54.0,0.10144833133620683,-1.573167515326219,0.10143699603540929,-1.5708276927329643,0.017583183067157993,0.4241479949631828
3476,60,750,462.2337953932308,4065.780960132662,362.17199524503343,4082.865688514489,54.0,0.10144833133620683,-1.1938568263237654,0.10143699603540929,-1.1913092859617085,0.017583183067157993,0.20958416346755096
3477,66,750,493.8518825171933,3956.000689079267,362.17199524503343,4082.865688514489,54.0,0.10144833133620683,-2.1342155763677333,0.10143699603540929,-2.132256740199524,0.017583183067157993,0.4384067877517781
3478,31,750,286.22286085268047,4096.016113555928,362.17199524503343,4082.865688514489,54.0,0.10144833133620683,-0.8116689355042602,0.10143699603540929,-0.8105514943363437,0.017583183067157993,0.17809612849593676
3479,44,750,470.9318574712719,4102.798680980681,362.17199524503343,4082.865688514489,54.0,0.10144833133620683,-1.3051769018658526,0.10143699603540929,-1.3016648847991037,0.017583183067157993,0.22548155624597432
3480,47,750,497.40279712570856,4039.075701869608,362.17199524503343,4082.865688514489,54.0,0.10144833133620683,-1.5911589185620232,0.10143699603540929,-1.5901743973969125,0.017583183067157993,0.28828407342608864
3481,65,750,465.43944178630807,4063.6597216274654,362.17199524503343,4082.865688514489,54.0,0.10144833133620683,-1.2086349495533413,0.10143699603540929,-1.2061780181151667,0.017583183067157993,0.21453718708161637
3482,65,751,465.43944178630807,4063.6597216274654,379.32967125049646,4082.7270292645976,54.0,0.10144833133620683,-1.0233863605456197,0.10143699603540929,-1.020911017763748,0.017583183067157993,0.1721812794768332
3483,19,751,316.4731036835704,4123.280697965635,379.32967125049646,4082.7270292645976,54.0,0.10144833133620683,-0.7253656255250716,0.10143699603540929,-0.7245697298038962,0.017583183067157993,0.18234017163853547
3484,19,752,320.3250861675983,4129.08078728429,396.279303214471,4080.2510948158647,54.0,0.10144833133620683,-1.028241903328167,0.10143699603540929,-1.0257576957275236,0.017583183067157993,0.2247425247826635
3485,61,752,463.203498736656,4062.892527800171,396.279303214471,4080.2510948158647,54.0,0.10144833133620683,-0.7255825327885781,0.10143699603540929,-0.7248500565701459,0.017583183067157993,0.12603558125705552
3486,47,752,497.40279712570856,4039.075701869608,396.279303214471,4080.2510948158647,54.0,0.10144833133620683,-1.1791406982393815,0.10143699603540929,-1.1788551488649137,0.017583183067157993,0.20307902167348504
3487,66,752,493.8518825171933,3956.000689079267,396.279303214471,4080.2510948158647,54.0,0.10144833133620683,-1.5892981261598187,0.10143699603540929,-1.5884298112781203,0.017583183067157993,0.34684775650678923
3488,45,752,517.3116391169647,4113.7490927459785,396.279303214471,4080.2510948158647,54.0,0.10144833133620683,-1.3609505024814161,0.10143699603540929,-1.3573007359481775,0.017583183067157993,0.24091317341495827
3489,44,752,470.9318574712719,4102.798680980681,396.279303214471,4080.2510948158647,54.0,0.10144833133620683,-0.8162055323499393,0.10143699603540929,-0.8148618707193346,0.017583183067157993,0.13942799975748885
3490,27,752,413.6607163277177,4126.933692479007,396.279303214471,4080.2510948158647,54.0,0.10144833133620683,-0.7375594042495425,0.10143699603540929,-0.73650969413492,0.017583183067157993,0.10609611723749732
3491,65,752,465.43944178630807,4063.6597216274654,396.279303214471,4080.2510948158647,54.0,0.10144833133620683,-0.753764122760257,0.10143699603540929,-0.7529820830478215,0.017583183067157993,0.12904372917344228
3492,60,752,462.2337953932308,4065.780960132662,396.279303214471,4080.2510948158647,54.0,0.10144833133620683,-0.7294550476207631,0.10143699603540929,-0.7286284241520897,0.017583183067157993,0.12385180791949099
3493,31,752,286.22286085268047,4096.016113555928,396.279303214471,4080.2510948158647,54.0,0.10144833133620683,-1.3458500279877454,0.10143699603540929,-1.342683094550572,0.017583183067157993,0.2657918375588191
3494,39,752,491.6009153175041,3965.873607703836,396.279303214471,4080.2510948158647,54.0,0.10144833133620683,-1.4114676951071932,0.10143699603540929,-1.4099842519609447,0.017583183067157993,0.32025257400823065
3495,41,752,461.8106926932424,4070.996636995212,396.279303214471,4080.2510948158647,54.0,0.10144833133620683,-0.7210125212208549,0.10143699603540929,-0.719858181929901,0.017583183067157993,0.12247483255157508
3496,22,752,296.8698192329844,4149.379871130487,396.279303214471,4080.2510948158647,54.0,0.10144833133620683,-1.3049944055154303,0.10143699603540929,-1.3021928687796143,0.017583183067157993,0.300812030418084
3497,47,753,497.40279712570856,4039.075701869608,412.8630024415256,4079.543733428927,54.0,0.10144833133620683,-1.0541959337339621,0.10143699603540929,-1.05397861342885,0.017583183067157993,0.17010647688305677
3498,19,753,324.8153272931308,4135.979057138678,412.8630024415256,4079.543733428927,54.0,0.10144833133620683,-1.2405669351889081,0.10143699603540929,-1.2380518045480984,0.017583183067157993,0.24636064506901645
3499,39,753,491.6009153175041,3965.873607703836,412.8630024415256,4079.543733428927,54.0,0.10144833133620683,-1.2946963731338237,0.10143699603540929,-1.2928517658571728,0.017583183067157993,0.2872952460796206
3500,16,753,510.22088537403255,4246.5421852479,412.8630024415256,4079.543733428927,54.0,0.10144833133620683,-1.7307031675697455,0.10143699603540929,-1.7298657665168609,0.017583183067157993,0.3939384888259844
3501,60,753,462.2337953932308,4065.780960132662,412.8630024415256,4079.543733428927,54.0,0.10144833133620683,-0.5291077788682731,0.10143699603540929,-0.528528742054885,0.017583183067157993,0.08948120213603583
3502,66,753,493.8518825171933,3956.000689079267,412.8630024415256,4079.543733428927,54.0,0.10144833133620683,-1.4511816643713216,0.10143699603540929,-1.4499223383993582,0.017583183067157993,0.31343901911362054
3503,45,753,517.3116391169647,4113.7490927459785,412.8630024415256,4079.543733428927,54.0,0.10144833133620683,-1.1903362983172363,0.10143699603540929,-1.1873462308402227,0.017583183067157993,0.20600831103332126
3504,43,753,630.0947010611478,4141.259609929846,412.8630024415256,4079.543733428927,54.0,0.10144833133620683,-2.4199751671823058,0.10143699603540929,-2.4180354929106054,0.017583183067157993,0.5423634123316015
3505,23,753,485.3312407692456,4298.036308618457,412.8630024415256,4079.543733428927,54.0,0.10144833133620683,-2.3508946990577733,0.10143699603540929,-2.343514310083416,0.017583183067157993,0.48863152596352244
3506,31,753,286.22286085268047,4096.016113555928,412.8630024415256,4079.543733428927,54.0,0.10144833133620683,-1.567380477858904,0.10143699603540929,-1.563731022825602,0.017583183067157993,0.30170984788437105
3507,61,753,463.203498736656,4062.892527800171,412.8630024415256,4079.543733428927,54.0,0.10144833133620683,-0.5539266116838699,0.10143699603540929,-0.553402096805591,0.017583183067157993,0.09229146251340695
3508,65,753,465.43944178630807,4063.6597216274654,412.8630024415256,4079.543733428927,54.0,0.10144833133620683,-0.5679889960904847,0.10143699603540929,-0.5674294952796476,0.017583183067157993,0.09488840845023896
3509,41,753,461.8106926932424,4070.996636995212,412.8630024415256,4079.543733428927,54.0,0.10144833133620683,-0.4878566426647559,0.10143699603540929,-0.4870527186156881,0.017583183067157993,0.08695823187228975
3510,44,753,470.9318574712719,4102.798680980681,412.8630024415256,4079.543733428927,54.0,0.10144833133620683,-0.6146718441350402,0.10143699603540929,-0.6138647435684753,0.017583183067157993,0.10463146873548004
3511,22,753,301.6304881357929,4156.037775497009,412.8630024415256,4079.543733428927,54.0,0.10144833133620683,-1.4942174143369136,0.10143699603540929,-1.4913096946977504,0.017583183067157993,0.3166275291892746
3512,27,753,413.6607163277177,4126.933692479007,412.8630024415256,4079.543733428927,54.0,0.10144833133620683,-0.6536902502074439,0.10143699603540929,-0.6536743075805354,0.017583183067157993,0.09613029166480841
3513,41,754,461.8106926932424,4070.996636995212,390.0869155343114,4063.230642872049,54.0,0.10144833133620683,-0.6634794599038718,0.10143699603540929,-0.6633369693750515,0.017583183067157993,0.13174380769796618
3514,31,754,286.22286085268047,4096.016113555928,390.0869155343114,4063.230642872049,54.0,0.10144833133620683,-1.1442092487099655,0.10143699603540929,-1.1425623628206738,0.017583183067157993,0.25743689838508177
3515,44,754,470.9318574712719,4102.798680980681,390.0869155343114,4063.230642872049,54.0,0.10144833133620683,-0.8789970470528715,0.10143699603540929,-0.8782008899189492,0.017583183067157993,0.162084720775869
3516,19,754,310.5905313289105,4114.308200094231,390.0869155343114,4063.230642872049,54.0,0.10144833133620683,-1.0328708428773585,0.10143699603540929,-1.0334891027841289,0.017583183067157993,0.23036381499401773
3517,65,754,465.43944178630807,4063.6597216274654,390.0869155343114,4063.230642872049,54.0,0.10144833133620683,-0.699630601024613,0.10143699603540929,-0.6994743105477725,0.017583183067157993,0.13713157098290485
3518,22,754,286.68380691953433,4135.199550032316,390.0869155343114,4063.230642872049,54.0,0.10144833133620683,-1.2934049033878765,0.10143699603540929,-1.2933778967500287,0.017583183067157993,0.31057407613890575
3519,27,754,413.6607163277177,4126.933692479007,390.0869155343114,4063.230642872049,54.0,0.10144833133620683,-0.997464929604703,0.10143699603540929,-0.9954948309588513,0.017583183067157993,0.1507068671766704
3520,66,754,493.8518825171933,3956.000689079267,390.0869155343114,4063.230642872049,54.0,0.10144833133620683,-1.7068421642234342,0.10143699603540929,-1.7057154586834264,0.017583183067157993,0.3481494604445853
3521,19,755,315.46311861654766,4121.748685168132,409.2580805256216,4061.619137215324,54.0,0.10144833133620683,-1.182471470606152,0.10143699603540929,-1.1803255605512868,0.017583183067157993,0.26707616992122296
3522,47,755,497.40279712570856,4039.075701869608,409.2580805256216,4061.619137215324,54.0,0.10144833133620683,-0.9224713469906969,0.10143699603540929,-0.9228920813243828,0.017583183067157993,0.16832485934629085
3523,27,755,413.6607163277177,4126.933692479007,409.2580805256216,4061.619137215324,54.0,0.10144833133620683,-0.7986304321390436,0.10143699603540929,-0.7988484314565969,0.017583183067157993,0.13093550175351132
3524,23,755,485.3312407692456,4298.036308618457,409.2580805256216,4061.619137215324,54.0,0.10144833133620683,-2.452906085511376,0.10143699603540929,-2.445363839831625,0.017583183067157993,0.5230136574838886
3525,65,755,465.43944178630807,4063.6597216274654,409.2580805256216,4061.619137215324,54.0,0.10144833133620683,-0.5054259357768947,0.10143699603540929,-0.5053714700800698,0.017583183067157993,0.09541505865590555
3526,16,755,510.22088537403255,4246.5421852479,409.2580805256216,4061.619137215324,54.0,0.10144833133620683,-1.804686839343929,0.10143699603540929,-1.80385827129503,0.017583183067157993,0.42161582979494916
3527,61,755,463.203498736656,4062.892527800171,409.2580805256216,4061.619137215324,54.0,0.10144833133620683,-0.4842992663634706,0.10143699603540929,-0.48425345904616396,0.017583183067157993,0.09230151533911068
3528,41,755,461.8106926932424,4070.996636995212,409.2580805256216,4061.619137215324,54.0,0.10144833133620683,-0.47220653741371865,0.10143699603540929,-0.47216607881684525,0.017583183067157993,0.09057318384338225
3529,45,755,517.3116391169647,4113.7490927459785,409.2580805256216,4061.619137215324,54.0,0.10144833133620683,-1.3172200504363372,0.10143699603540929,-1.316045887254577,0.017583183067157993,0.21954441659479595
3530,60,755,462.2337953932308,4065.780960132662,409.2580805256216,4061.619137215324,54.0,0.10144833133620683,-0.4746147321114185,0.10143699603540929,-0.4745727544753097,0.017583183067157993,0.09085515563676097
3531,39,755,491.6009153175041,3965.873607703836,409.2580805256216,4061.619137215324,54.0,0.10144833133620683,-1.21278780026131,0.10143699603540929,-1.211570270886171,0.017583183067157993,0.2752627405322972
3532,66,755,493.8518825171933,3956.000689079267,409.2580805256216,4061.619137215324,54.0,0.10144833133620683,-1.3856935577497616,0.10143699603540929,-1.385128397706577,0.017583183067157993,0.30124909512419973
3533,22,755,292.19589409194833,4142.944166687175,409.2580805256216,4061.619137215324,54.0,0.10144833133620683,-1.4768029486648793,0.10143699603540929,-1.4742891740546473,0.017583183067157993,0.349891149654494
3534,31,755,286.22286085268047,4096.016113555928,409.2580805256216,4061.619137215324,54.0,0.10144833133620683,-1.3676799130744486,0.10143699603540929,-1.3660318108795046,0.017583183067157993,0.29835383745503324
3535,44,755,470.9318574712719,4102.798680980681,409.2580805256216,4061.619137215324,54.0,0.10144833133620683,-0.661031716217367,0.10143699603540929,-0.6608231661813013,0.017583183067157993,0.1218490587801543
3536,19,756,322.43464083499214,4132.36602879609,426.6160858045599,4065.7017923821263,54.0,0.10144833133620683,-1.3681693171048916,0.10143699603540929,-1.365412475580889,0.017583183067157993,0.28766320369759424
3537,47,756,497.40279712570856,4039.075701869608,426.6160858045599,4065.7017923821263,54.0,0.10144833133620683,-0.8488801545605549,0.10143699603540929,-0.8488023712938404,0.017583183067157993,0.1366367264461661
3538,16,756,510.22088537403255,4246.5421852479,426.6160858045599,4065.7017923821263,54.0,0.10144833133620683,-1.6481922969324074,0.10143699603540929,-1.6468108866589057,0.017583183067157993,0.384297412760615
3539,36,756,587.79522063936,3965.30735379632,426.6160858045599,4065.7017923821263,54.0,0.10144833133620683,-2.6422199668199293,0.10143699603540929,-2.6349002550363756,0.017583183067157993,0.49773606798262915
3540,41,756,461.8106926932424,4070.996636995212,426.6160858045599,4065.7017923821263,54.0,0.10144833133620683,-0.34967392235830064,0.10143699603540929,-0.34933288064215184,0.017583183067157993,0.05752739866359374
3541,65,756,465.43944178630807,4063.6597216274654,426.6160858045599,4065.7017923821263,54.0,0.10144833133620683,-0.38694119215173406,0.10143699603540929,-0.3865880030698139,0.017583183067157993,0.06320399973189035
3542,39,756,491.6009153175041,3965.873607703836,426.6160858045599,4065.7017923821263,54.0,0.10144833133620683,-1.141930620261028,0.10143699603540929,-1.139779945225959,0.017583183067157993,0.24828466126726667
3543,61,756,463.203498736656,4062.892527800171,426.6160858045599,4065.7017923821263,54.0,0.10144833133620683,-0.36859457179942373,0.10143699603540929,-0.3682445241219521,0.017583183067157993,0.06046273290406547
3544,60,756,462.2337953932308,4065.780960132662,426.6160858045599,4065.7017923821263,54.0,0.10144833133620683,-0.35640272246758675,0.10143699603540929,-0.3560579771074509,0.017583183067157993,0.05858070556681514
3545,54,756,562.1256537151418,3993.041990758743,426.6160858045599,4065.7017923821263,54.0,0.10144833133620683,-2.175064536483412,0.10143699603540929,-2.173423817403838,0.017583183067157993,0.37691381680917135
3546,23,756,485.3312407692456,4298.036308618457,426.6160858045599,4065.7017923821263,54.0,0.10144833133620683,-1.9886228546040456,0.10143699603540929,-1.9793549801338417,0.017583183067157993,0.48142412966170683
3547,27,756,413.6607163277177,4126.933692479007,426.6160858045599,4065.7017923821263,54.0,0.10144833133620683,-0.8058524332445078,0.10143699603540929,-0.805738144107548,0.017583183067157993,0.12300492776863081
3548,66,756,493.8518825171933,3956.000689079267,426.6160858045599,4065.7017923821263,54.0,0.10144833133620683,-1.2979701657346623,0.10143699603540929,-1.2962100542849557,0.017583183067157993,0.2739984183376145
3549,44,756,470.9318574712719,4102.798680980681,426.6160858045599,4065.7017923821263,54.0,0.10144833133620683,-0.5882682594656857,0.10143699603540929,-0.5879541355622327,0.017583183067157993,0.08877067583305932
3550,43,756,630.0947010611478,4141.259609929846,426.6160858045599,4065.7017923821263,54.0,0.10144833133620683,-2.4759178445165064,0.10143699603540929,-2.4765291487609007,0.017583183067157993,0.5448003384633092
3551,45,756,517.3116391169647,4113.7490927459785,426.6160858045599,4065.7017923821263,54.0,0.10144833133620683,-1.244748168477203,0.10143699603540929,-1.2436372883230673,0.017583183067157993,0.18649942305358957
3552,41,757,461.8106926932424,4070.996636995212,376.0794496043232,4045.9459437511223,54.0,0.10144833133620683,-0.7970026424692577,0.10143699603540929,-0.7964622726336202,0.017583183067157993,0.1706443930702486
3553,66,757,493.8518825171933,3956.000689079267,376.0794496043232,4045.9459437511223,54.0,0.10144833133620683,-1.5259548774531488,0.10143699603540929,-1.5218970888346555,0.017583183067157993,0.3629928312202565
3554,19,757,309.4846467710166,4112.556925703692,376.0794496043232,4045.9459437511223,54.0,0.10144833133620683,-0.8671905870173476,0.10143699603540929,-0.8671725195348926,0.017583183067157993,0.2286594017912626
3555,61,757,463.203498736656,4062.892527800171,376.0794496043232,4045.9459437511223,54.0,0.10144833133620683,-0.7550962129183243,0.10143699603540929,-0.7545746699576743,0.017583183067157993,0.16903183461168006
3556,44,757,470.9318574712719,4102.798680980681,376.0794496043232,4045.9459437511223,54.0,0.10144833133620683,-1.0306908436334452,0.10143699603540929,-1.0297644190420228,0.017583183067157993,0.20676752578645513
3557,63,757,316.49031405012005,3929.154743051912,376.0794496043232,4045.9459437511223,54.0,0.10144833133620683,-1.5269271095139383,0.10143699603540929,-1.5276746165163486,0.017583183067157993,0.322763359707258
3558,65,757,465.43944178630807,4063.6597216274654,376.0794496043232,4045.9459437511223,54.0,0.10144833133620683,-0.7807656429308183,0.10143699603540929,-0.7802351809817721,0.017583183067157993,0.1725416089595756
3559,38,757,292.2609771757026,3909.816818957042,376.0794496043232,4045.9459437511223,54.0,0.10144833133620683,-1.7855036555931025,0.10143699603540929,-1.7841616446250186,0.017583183067157993,0.37356850818165677
3560,39,757,491.6009153175041,3965.873607703836,376.0794496043232,4045.9459437511223,54.0,0.10144833133620683,-1.4245886198786508,0.10143699603540929,-1.4213447237317722,0.017583183067157993,0.3358032339988569
3561,47,757,497.40279712570856,4039.075701869608,376.0794496043232,4045.9459437511223,54.0,0.10144833133620683,-1.0875152714597005,0.10143699603540929,-1.086508823347368,0.017583183067157993,0.24848897772622158
3562,22,757,282.91308227706304,4129.966613278081,376.0794496043232,4045.9459437511223,54.0,0.10144833133620683,-1.0937898715447958,0.10143699603540929,-1.0931954558641344,0.017583183067157993,0.29334566757546404
3563,60,757,462.2337953932308,4065.780960132662,376.0794496043232,4045.9459437511223,54.0,0.10144833133620683,-0.7692116318591191,0.10143699603540929,-0.7686838132588659,0.017583183067157993,0.16888599764299111
3564,31,757,286.22286085268047,4096.016113555928,376.0794496043232,4045.9459437511223,54.0,0.10144833133620683,-0.7724855344135665,0.10143699603540929,-0.762609280946975,0.017583183067157993,0.23306716209630218
3565,41,758,461.8106926932424,4070.996636995212,398.3143118189128,4046.608749255166,54.0,0.10144833133620683,-0.5960900599796164,0.10143699603540929,-0.5957945827545149,0.017583183067157993,0.12033832177830163
3566,19,758,309.4846467710166,4112.556925703692,398.3143118189128,4046.608749255166,54.0,0.10144833133620683,-1.1892481929231284,0.10143699603540929,-1.1900656443727191,0.017583183067157993,0.26978290727179666
3567,31,758,286.22286085268047,4096.016113555928,398.3143118189128,4046.608749255166,54.0,0.10144833133620683,-1.11056385259773,0.10143699603540929,-1.1035622713826818,0.017583183067157993,0.2840444840127154
3568,23,758,485.3312407692456,4298.036308618457,398.3143118189128,4046.608749255166,54.0,0.10144833133620683,-2.696857972129362,0.10143699603540929,-2.6903450005447915,0.017583183067157993,0.5614423703998124
3569,44,758,470.9318574712719,4102.798680980681,398.3143118189128,4046.608749255166,54.0,0.10144833133620683,-0.8168791577686372,0.10143699603540929,-0.8168509453297377,0.017583183067157993,0.15552475024165854
3570,22,758,282.91308227706304,4129.966613278081,398.3143118189128,4046.608749255166,54.0,0.10144833133620683,-1.4710472604999267,0.10143699603540929,-1.473019773333954,0.017583183067157993,0.3395595965862593
3571,39,759,491.6009153175041,3965.873607703836,417.2204341967305,4045.130344334564,54.0,0.10144833133620683,-1.1314813849790035,0.10143699603540929,-1.1301612515535422,0.017583183067157993,0.24562578247880634
3572,66,759,493.8518825171933,3956.000689079267,417.2204341967305,4045.130344334564,54.0,0.10144833133620683,-1.3009534584129196,0.10143699603540929,-1.300326266797732,0.017583183067157993,0.2709205545441765
3573,65,759,465.43944178630807,4063.6597216274654,417.2204341967305,4045.130344334564,54.0,0.10144833133620683,-0.4829925607315258,0.10143699603540929,-0.48238659117089294,0.017583183067157993,0.08889253314379672
3574,44,759,470.9318574712719,4102.798680980681,417.2204341967305,4045.130344334564,54.0,0.10144833133620683,-0.8044238573029107,0.10143699603540929,-0.8042083814254628,0.017583183067157993,0.12587581813393425
3575,19,759,310.131466935951,4113.6524578706285,417.2204341967305,4045.130344334564,54.0,0.10144833133620683,-1.3569137618157414,0.10143699603540929,-1.357236939835888,0.017583183067157993,0.3013147868351192
3576,62,759,438.3970135664206,3912.290557700556,417.2204341967305,4045.130344334564,54.0,0.10144833133620683,-1.571177615623288,0.10143699603540929,-1.5702489340674077,0.017583183067157993,0.3705379857205013
3577,22,759,286.8666636314602,4135.416963632954,417.2204341967305,4045.130344334564,54.0,0.10144833133620683,-1.612556729339498,0.10143699603540929,-1.612093263981809,0.017583183067157993,0.38104725433784714
3578,36,759,587.79522063936,3965.30735379632,417.2204341967305,4045.130344334564,54.0,0.10144833133620683,-2.366725138794233,0.10143699603540929,-2.3585833886675993,0.017583183067157993,0.5105631526619817
3579,31,759,286.22286085268047,4096.016113555928,417.2204341967305,4045.130344334564,54.0,0.10144833133620683,-1.3751773203252016,0.10143699603540929,-1.3698641182836746,0.017583183067157993,0.3244674124346474
3580,23,759,485.3312407692456,4298.036308618457,417.2204341967305,4045.130344334564,54.0,0.10144833133620683,-2.2201984747060663,0.10143699603540929,-2.2110223371095943,0.017583183067157993,0.5319616835769142
3581,45,759,517.3116391169647,4113.7490927459785,417.2204341967305,4045.130344334564,54.0,0.10144833133620683,-1.4519099663514488,0.10143699603540929,-1.4508534630224699,0.017583183067157993,0.2236732747259171
3582,38,759,292.2609771757026,3909.816818957042,417.2204341967305,4045.130344334564,54.0,0.10144833133620683,-2.0659627773200393,0.10143699603540929,-2.072885004066247,0.017583183067157993,0.44412198986487617
3583,27,759,413.6607163277177,4126.933692479007,417.2204341967305,4045.130344334564,54.0,0.10144833133620683,-0.9189692606920398,0.10143699603540929,-0.9192600284210858,0.017583183067157993,0.16314033512191184
3584,54,759,562.1256537151418,3993.041990758743,417.2204341967305,4045.130344334564,54.0,0.10144833133620683,-1.8880262510663008,0.10143699603540929,-1.8840987503621613,0.017583183067157993,0.3900382831179784
3585,60,759,462.2337953932308,4065.780960132662,417.2204341967305,4045.130344334564,54.0,0.10144833133620683,-0.4700795871258129,0.10143699603540929,-0.46943928670435175,0.017583183067157993,0.0855917222905847
3586,47,759,497.40279712570856,4039.075701869608,417.2204341967305,4045.130344334564,54.0,0.10144833133620683,-0.7542726369100894,0.10143699603540929,-0.7544783476726145,0.017583183067157993,0.156082171929376
3587,41,759,461.8106926932424,4070.996636995212,417.2204341967305,4045.130344334564,54.0,0.10144833133620683,-0.494429465147479,0.10143699603540929,-0.4937336304446843,0.017583183067157993,0.08781684083207068
3588,61,759,463.203498736656,4062.892527800171,417.2204341967305,4045.130344334564,54.0,0.10144833133620683,-0.46139849009861106,0.10143699603540929,-0.4607957429689,0.017583183067157993,0.08566738925422375
3589,44,760,470.9318574712719,4102.798680980681,383.6118848781027,4094.0408541803,54.0,0.10144833133620683,-0.9551233596208957,0.10143699603540929,-0.9523245321080502,0.017583183067157993,0.1690210084666895
3590,27,760,413.6607163277177,4126.933692479007,383.6118848781027,4094.0408541803,54.0,0.10144833133620683,-0.7353355779940299,0.10143699603540929,-0.7347819683868961,0.017583183067157993,0.10178101717656099
3591,31,760,286.22286085268047,4096.016113555928,383.6118848781027,4094.0408541803,54.0,0.10144833133620683,-1.116982975828995,0.10143699603540929,-1.1151664555667256,0.017583183067157993,0.23084764502916533
3592,55,761,631.0597053851714,4679.977771773372,676.8632672784381,4706.037975065071,54.0,0.10144833133620683,-0.7534614512843637,0.10143699603540929,-0.7514103359808492,0.017583183067157993,0.1959883496370886
3593,50,762,-32.87294301735424,3776.17863145535,-92.0214114912519,3766.382293386853,54.0,0.10144833133620683,-0.3778793174230125,0.10143699603540929,-0.3694551546827739,0.017583183067157993,0.14927717612558236
3594,14,763,-191.2861040228232,3920.912450661129,-93.85219317436987,3755.7075478339193,54.0,0.10144833133620683,-1.7623303319558918,0.10143699603540929,-1.7630288355045083,0.017583183067157993,0.5819848298227376
3595,50,763,-32.87294301735424,3776.17863145535,-93.85219317436987,3755.7075478339193,54.0,0.10144833133620683,-0.4020352925725793,0.10143699603540929,-0.39320304745617024,0.017583183067157993,0.16202964790599378
3596,50,764,-32.87294301735424,3776.17863145535,-111.90305233878944,3768.4491518679,54.0,0.10144833133620683,-0.4898943048748938,0.10143699603540929,-0.4779585308742457,0.017583183067157993,0.202864325070053
3597,14,764,-191.2861040228232,3920.912450661129,-111.90305233878944,3768.4491518679,54.0,0.10144833133620683,-1.6993759916658888,0.10143699603540929,-1.7026236365999088,0.017583183067157993,0.5218579362572273
3598,50,765,-32.87294301735424,3776.17863145535,-127.89461504541896,3775.704322550012,54.0,0.10144833133620683,-0.6597883153228384,0.10143699603540929,-0.6466347455663745,0.017583183067157993,0.263936669699797
3599,14,765,-191.8510249122208,3920.732064928668,-127.89461504541896,3775.704322550012,54.0,0.10144833133620683,-1.6590213414163129,0.10143699603540929,-1.6607566730720875,0.017583183067157993,0.47042210781043925
3600,14,766,-191.8510249122208,3920.732064928668,-130.25309186349332,3757.715778785631,54.0,0.10144833133620683,-1.8170306580112652,0.10143699603540929,-1.8153896385232975,0.017583183067157993,0.5269782581558117
3601,50,766,-32.87294301735424,3776.17863145535,-130.25309186349332,3757.715778785631,54.0,0.10144833133620683,-0.650825897025156,0.10143699603540929,-0.6374289218272996,0.017583183067157993,0.2718628124135839
3602,14,767,-191.8510249122208,3920.732064928668,-141.06702293120463,3788.1607482074223,54.0,0.10144833133620683,-1.4883671915368297,0.10143699603540929,-1.4896108175226945,0.017583183067157993,0.4147711998355765
3603,50,767,-32.87294301735424,3776.17863145535,-141.06702293120463,3788.1607482074223,54.0,0.10144833133620683,-0.7967306681761045,0.10143699603540929,-0.783364066612607,0.017583183067157993,0.30775391702619376
3604,14,768,-191.8510249122208,3920.732064928668,-155.24939862132854,3770.880467030972,54.0,0.10144833133620683,-1.6601457179567471,0.10143699603540929,-1.6579449239559825,0.017583183067157993,0.4584307327355076
3605,50,768,-32.87294301735424,3776.17863145535,-155.24939862132854,3770.880467030972,54.0,0.10144833133620683,-0.925387704865356,0.10143699603540929,-0.9089821170090584,0.017583183067157993,0.36189015597962687
3606,14,769,-191.8510249122208,3920.732064928668,-164.4795078687612,3789.103286028052,54.0,0.10144833133620683,-1.4153173349046817,0.10143699603540929,-1.4131107204115185,0.017583183067157993,0.39098851413649166
3607,18,770,55.99463969610678,3684.4657106501672,-102.38986574887532,3756.266858370933,54.0,0.10144833133620683,-2.011611186189504,0.10143699603540929,-1.9972119880964327,0.017583183067157993,0.586159613922855
3608,50,771,-32.87294301735424,3776.17863145535,-138.45523360743735,3784.989842871927,54.0,0.10144833133620683,-0.7683606965607593,0.10143699603540929,-0.7550555652250279,0.017583183067157993,0.298600899278971
3609,18,771,55.99463969610678,3684.4657106501672,-138.45523360743735,3784.989842871927,54.0,0.10144833133620683,-2.3344122663820763,0.10143699603540929,-2.3162252796522766,0.017583183067157993,0.7096264777458411
3610,14,771,-191.8510249122208,3920.732064928668,-138.45523360743735,3784.989842871927,54.0,0.10144833133620683,-1.5284302584398834,0.10143699603540929,-1.5297302110932294,0.017583183067157993,0.4277198007678197
3611,50,772,-32.87294301735424,3776.17863145535,-135.97189737011166,3769.9233764008513,54.0,0.10144833133620683,-0.7011045142268599,0.10143699603540929,-0.6859416303913348,0.017583183067157993,0.28421264017367887
3612,18,772,55.99463969610678,3684.4657106501672,-135.97189737011166,3769.9233764008513,54.0,0.10144833133620683,-2.314300188672526,0.10143699603540929,-2.296161824191876,0.017583183067157993,0.7117288817783911
3613,14,772,-191.8510249122208,3920.732064928668,-135.97189737011166,3769.9233764008513,54.0,0.10144833133620683,-1.6780609926629102,0.10143699603540929,-1.678248958103155,0.017583183067157993,0.4770705030431788
3614,50,773,-32.87294301735424,3776.17863145535,-97.69554891479424,3779.972848397416,54.0,0.10144833133620683,-0.4644150877801655,0.10143699603540929,-0.454010820242153,0.017583183067157993,0.173482582071126
3615,18,773,55.99463969610678,3684.4657106501672,-97.69554891479424,3779.972848397416,54.0,0.10144833133620683,-1.884894875650452,0.10143699603540929,-1.8683776099132796,0.017583183067157993,0.5508405731730931
3616,18,774,55.99463969610678,3684.4657106501672,-120.2634109186522,3744.879416152507,54.0,0.10144833133620683,-2.086197386775299,0.10143699603540929,-2.068773499461202,0.017583183067157993,0.6433025393863915
3617,50,775,-32.87294301735424,3776.17863145535,-156.924534585463,3784.9748286003496,54.0,0.10144833133620683,-0.968968139843065,0.10143699603540929,-0.9556105307117427,0.017583183067157993,0.35928180242849
3618,53,776,275.4374088407163,3843.51011953928,327.9247883281511,3963.7608357246586,54.0,0.10144833133620683,-1.2084196045766789,0.10143699603540929,-1.207091610595456,0.017583183067157993,0.2779612869548164
3619,41,776,461.8106926932424,4070.996636995212,327.9247883281511,3963.7608357246586,54.0,0.10144833133620683,-1.7568547146746796,0.10143699603540929,-1.7605526962372826,0.017583183067157993,0.3891927058810018
3620,44,776,470.9318574712719,4102.798680980681,327.9247883281511,3963.7608357246586,54.0,0.10144833133620683,-2.08156688898028,0.10143699603540929,-2.084086348657274,0.017583183067157993,0.42700368796684757
3621,25,776,275.18212912654,3848.067080065535,327.9247883281511,3963.7608357246586,54.0,0.10144833133620683,-1.1791941654284506,0.10143699603540929,-1.1776787852253483,0.017583183067157993,0.2640804309589408
3622,38,776,292.2609771757026,3909.816818957042,327.9247883281511,3963.7608357246586,54.0,0.10144833133620683,-0.778426312273914,0.10143699603540929,-0.7788514713417211,0.017583183067157993,0.13850036584469397
3623,25,777,275.18212912654,3848.067080065535,332.2728487453242,3955.63210174711,54.0,0.10144833133620683,-1.0872963785789898,0.10143699603540929,-1.0867499189901446,0.017583183067157993,0.25750694849969735
3624,44,777,470.9318574712719,4102.798680980681,332.2728487453242,3955.63210174711,54.0,0.10144833133620683,-2.1825506937309678,0.10143699603540929,-2.1877021377962014,0.017583183067157993,0.4381320478941914
3625,38,777,292.2609771757026,3909.816818957042,332.2728487453242,3955.63210174711,54.0,0.10144833133620683,-0.6841364042076897,0.10143699603540929,-0.685730543184396,0.017583183067157993,0.13136712833138645
3626,53,777,275.4374088407163,3843.51011953928,332.2728487453242,3955.63210174711,54.0,0.10144833133620683,-1.1264517940687206,0.10143699603540929,-1.1258345923252506,0.017583183067157993,0.2707903627441565
3627,10,778,331.5278665142546,3788.394860859632,364.57712380559593,3776.74559736748,54.0,0.10144833133620683,-0.5486790421113024,0.10143699603540929,-0.5475936151133132,0.017583183067157993,0.1258103789443503
3628,12,778,339.7794838460253,3807.442051326752,364.57712380559593,3776.74559736748,54.0,0.10144833133620683,-0.571179444526668,0.10143699603540929,-0.5708484978204879,0.017583183067157993,0.13640539495900555
3629,13,778,350.3727630331359,3756.461999998863,364.57712380559593,3776.74559736748,54.0,0.10144833133620683,-0.3089152166162355,0.10143699603540929,-0.3103257669361607,0.017583183067157993,0.10510175479633169
3630,11,778,339.1199783648173,3779.719741822334,364.57712380559593,3776.74559736748,54.0,0.10144833133620683,-0.432408568756228,0.10143699603540929,-0.43184634355688917,0.017583183067157993,0.10339810879077665
3631,13,779,350.3727630331359,3756.461999998863,387.9276208759748,3665.165766546727,54.0,0.10144833133620683,-0.8447363487937429,0.10143699603540929,-0.8378291052876189,0.017583183067157993,0.36075524579290474
3632,11,779,339.1199783648173,3779.719741822334,387.9276208759748,3665.165766546727,54.0,0.10144833133620683,-1.2123179783978155,0.10143699603540929,-1.2029246211756595,0.017583183067157993,0.45561396303330604
3633,10,779,331.5278665142546,3788.394860859632,387.9276208759748,3665.165766546727,54.0,0.10144833133620683,-1.4000331600519202,0.10143699603540929,-1.389624480888338,0.017583183067157993,0.4934653977953524
3634,53,780,275.4374088407163,3843.51011953928,342.9721527010015,3948.745347291568,54.0,0.10144833133620683,-1.146214885852654,0.10143699603540929,-1.1445826877518523,0.017583183067157993,0.2836143939840226
3635,38,780,292.2609771757026,3909.816818957042,342.9721527010015,3948.745347291568,54.0,0.10144833133620683,-0.6943697319821751,0.10143699603540929,-0.6964301586726569,0.017583183067157993,0.14923794864798
3636,44,780,474.3899718043101,4099.903162112868,342.9721527010015,3948.745347291568,54.0,0.10144833133620683,-2.331974487902034,0.10143699603540929,-2.3343725133341042,0.017583183067157993,0.4392287284403083
3637,41,780,461.8106926932424,4070.996636995212,342.9721527010015,3948.745347291568,54.0,0.10144833133620683,-1.9042988657979658,0.10143699603540929,-1.9053431450020613,0.017583183067157993,0.3968116624587735
3638,66,780,493.8518825171933,3956.000689079267,342.9721527010015,3948.745347291568,54.0,0.10144833133620683,-2.156699142611842,0.10143699603540929,-2.155807377004295,0.017583183067157993,0.4412005125012365
3639,19,780,309.4846467710166,4112.556925703692,342.9721527010015,3948.745347291568,54.0,0.10144833133620683,-1.5160481940940533,0.10143699603540929,-1.5142437812368759,0.017583183067157993,0.3995805104896581
3640,31,780,286.22286085268047,4096.016113555928,342.9721527010015,3948.745347291568,54.0,0.10144833133620683,-2.0258099861422725,0.10143699603540929,-2.0260485409365336,0.017583183067157993,0.3865594013551793
3641,63,780,316.49031405012005,3929.154743051912,342.9721527010015,3948.745347291568,54.0,0.10144833133620683,-0.4903187749135318,0.10143699603540929,-0.49081459072267075,0.017583183067157993,0.09209975464690681
3642,25,780,275.18212912654,3848.067080065535,342.9721527010015,3948.745347291568,54.0,0.10144833133620683,-1.1020152907727536,0.10143699603540929,-1.1008336543181725,0.017583183067157993,0.27020671268700347
3643,39,780,491.6009153175041,3965.873607703836,342.9721527010015,3948.745347291568,54.0,0.10144833133620683,-2.1884629925307366,0.10143699603540929,-2.1885170747492695,0.017583183067157993,0.43238883391808114
3644,41,781,461.8106926932424,4070.996636995212,330.5930561410029,3952.47921941426,54.0,0.10144833133620683,-1.8936749608226089,0.10143699603540929,-1.8975475535525521,0.017583183067157993,0.4062065801283318
3645,44,781,470.9318574712719,4102.798680980681,330.5930561410029,3952.47921941426,54.0,0.10144833133620683,-2.239337250248338,0.10143699603540929,-2.2447864824495065,0.017583183067157993,0.44713640922463543
3646,53,781,275.4374088407163,3843.51011953928,330.5930561410029,3952.47921941426,54.0,0.10144833133620683,-1.0775923680426969,0.10143699603540929,-1.0766882009816825,0.017583183067157993,0.26213709626996184
3647,66,781,493.8518825171933,3956.000689079267,330.5930561410029,3952.47921941426,54.0,0.10144833133620683,-2.391257159258176,0.10143699603540929,-2.3930109695531248,0.017583183067157993,0.46333183848560827
3648,38,781,292.2609771757026,3909.816818957042,330.5930561410029,3952.47921941426,54.0,0.10144833133620683,-0.6356718752847212,0.10143699603540929,-0.6370109519032284,0.017583183067157993,0.12396452953337425
3649,25,781,275.18212912654,3848.067080065535,330.5930561410029,3952.47921941426,54.0,0.10144833133620683,-1.0383997920669032,0.10143699603540929,-1.037572133148642,0.017583183067157993,0.2488814731271596
3650,19,781,309.4846467710166,4112.556925703692,330.5930561410029,3952.47921941426,54.0,0.10144833133620683,-1.5592115461840883,0.10143699603540929,-1.5587065576756767,0.017583183067157993,0.38967314309002443
3651,63,781,316.49031405012005,3929.154743051912,330.5930561410029,3952.47921941426,54.0,0.10144833133620683,-0.4226990441591984,0.10143699603540929,-0.4232743532174956,0.017583183067157993,0.07326050393083507
3652,14,782,-191.2861040228232,3920.912450661129,-100.4168935768999,3930.978631826396,54.0,0.10144833133620683,-0.9669164282834994,0.10143699603540929,-0.9667378339118158,0.017583183067157993,0.2679378294156458
3653,14,783,-191.2861040228232,3920.912450661129,-117.70848810354678,3932.343097354881,54.0,0.10144833133620683,-0.8003619371431376,0.10143699603540929,-0.8030827304628032,0.017583183067157993,0.22152487088961795
3654,14,784,-193.0207120196688,3924.626168779942,-151.82872063398,3944.3503644953935,54.0,0.10144833133620683,-0.4778209093371267,0.10143699603540929,-0.4796318964902442,0.017583183067157993,0.14983045615922316
3655,15,785,-219.46475068668764,3910.916163982088,-183.8079702103253,3930.364447740388,54.0,0.10144833133620683,-0.36507691237092654,0.10143699603540929,-0.36626111137893125,0.017583183067157993,0.1090454722179166
3656,14,785,-193.5738161643245,3925.7877006944464,-183.8079702103253,3930.364447740388,54.0,0.10144833133620683,-0.09820981271127205,0.10143699603540929,-0.09795704050956859,0.017583183067157993,0.03538158419939038
3657,46,785,-260.0556528336838,3915.584287356416,-183.8079702103253,3930.364447740388,54.0,0.10144833133620683,-0.8045082632848107,0.10143699603540929,-0.8016843281520102,0.017583183067157993,0.19531248544499175
3658,14,786,-192.96665931875455,3922.943688262109,-200.8556110931154,3919.167762298929,54.0,0.10144833133620683,-0.06855964130057815,0.10143699603540929,-0.06969449683579675,0.017583183067157993,0.020419447702344287
3659,15,786,-219.46475068668764,3910.916163982088,-200.8556110931154,3919.167762298929,54.0,0.10144833133620683,-0.20996971637633313,0.10143699603540929,-0.21034934284811627,0.017583183067157993,0.055321148953847224
3660,14,787,-191.2861040228232,3920.912450661129,-117.44853647594596,3923.077543792965,54.0,0.10144833133620683,-0.6992671670152328,0.10143699603540929,-0.7024693605099847,0.017583183067157993,0.20201942649823187
3661,46,788,-260.0556528336838,3915.584287356416,-193.0671079313358,3925.334640995718,54.0,0.10144833133620683,-0.7582020418959392,0.10143699603540929,-0.7589276305434527,0.017583183067157993,0.15727804636691714
3662,14,788,-193.251654110463,3925.203409913071,-193.0671079313358,3925.334640995718,54.0,0.10144833133620683,-0.002254070634675205,0.10143699603540929,-0.0022482691125931195,0.017583183067157993,0.0008120633544694712
3663,46,789,-260.0556528336838,3915.584287356416,-182.80882168342347,3938.420844118436,54.0,0.10144833133620683,-0.7508777720684946,0.10143699603540929,-0.7447659147611492,0.017583183067157993,0.20657377743655297
3664,46,790,-260.0556528336838,3915.584287356416,-169.22454351660818,3949.864122291554,54.0,0.10144833133620683,-0.8699539823355849,0.10143699603540929,-0.8637040298354288,0.017583183067157993,0.262366677054664
3665,15,790,-219.46475068668764,3910.916163982088,-169.22454351660818,3949.864122291554,54.0,0.10144833133620683,-0.5856578586167001,0.10143699603540929,-0.5855377096423494,0.017583183067157993,0.18707647074183295
3666,14,790,-198.47857582254855,3935.903233662677,-169.22454351660818,3949.864122291554,54.0,0.10144833133620683,-0.31087644817095894,0.10143699603540929,-0.31079846122074545,0.017583183067157993,0.10653747853526471
3667,9,791,9.936533141897351,4088.226647492491,199.6253137223575,4097.533562704541,54.0,0.10144833133620683,-2.0013994503998194,0.10143699603540929,-2.000311583997529,0.017583183067157993,0.5418012104983996
3668,9,792,9.936533141897351,4088.226647492491,180.5705992492557,4080.48024937745,54.0,0.10144833133620683,-1.651415728206688,0.10143699603540929,-1.6510637699794646,0.017583183067157993,0.484289740541376
3669,9,793,9.936533141897351,4088.226647492491,190.41227169080057,4085.240191257141,54.0,0.10144833133620683,-1.8303728511332333,0.10143699603540929,-1.8296415239179682,0.017583183067157993,0.5134871062972945
3670,31,793,286.22286085268047,4096.016113555928,190.41227169080057,4085.240191257141,54.0,0.10144833133620683,-1.214255819856337,0.10143699603540929,-1.2137723564006426,0.017583183067157993,0.2604342971737133
3671,9,794,9.936533141897351,4088.226647492491,133.27665841837006,4066.2926462204714,54.0,0.10144833133620683,-1.1577042566699904,0.10143699603540929,-1.1585872670244253,0.017583183067157993,0.37429727909989596
3672,9,795,9.936533141897351,4088.226647492491,161.45756366945437,4064.809444564428,54.0,0.10144833133620683,-1.3554308965592987,0.10143699603540929,-1.3583514272897101,0.017583183067157993,0.44936412236223006
3673,6,795,202.24335058105044,4025.5497211369657,161.45756366945437,4064.809444564428,54.0,0.10144833133620683,-0.7091970669279757,0.10143699603540929,-0.7066014436815262,0.017583183067157993,0.1561335752078205
3674,28,795,181.0656949265822,4007.0767963031503,161.45756366945437,4064.809444564428,54.0,0.10144833133620683,-0.769638605936863,0.10143699603540929,-0.768729864717045,0.017583183067157993,0.16461182432651525
3675,9,796,9.936533141897351,4088.226647492491,167.52959921164822,4057.890748444691,54.0,0.10144833133620683,-1.3833990288730882,0.10143699603540929,-1.383671330673548,0.017583183067157993,0.4691173274815263
3676,6,796,202.24335058105044,4025.5497211369657,167.52959921164822,4057.890748444691,54.0,0.10144833133620683,-0.6402450634336752,0.10143699603540929,-0.6375197894144071,0.017583183067157993,0.13094637634783587
3677,28,796,181.0656949265822,4007.0767963031503,167.52959921164822,4057.890748444691,54.0,0.10144833133620683,-0.7263601877771446,0.10143699603540929,-0.7247912514514534,0.017583183067157993,0.1420944937279867
3678,6,797,202.24335058105044,4025.5497211369657,154.67860682326315,4055.93008952698,54.0,0.10144833133620683,-0.7141437988184024,0.10143699603540929,-0.7120578879807329,0.017583183067157993,0.15373533103237463
3679,9,797,9.936533141897351,4088.226647492491,154.67860682326315,4055.93008952698,54.0,0.10144833133620683,-1.2777740555125234,0.10143699603540929,-1.2762791025492943,0.017583183067157993,0.43378450230686777
3680,31,797,286.22286085268047,4096.016113555928,154.67860682326315,4055.93008952698,54.0,0.10144833133620683,-1.739279809539676,0.10143699603540929,-1.7393978423896408,0.017583183067157993,0.3763992579210778
3681,28,797,181.0656949265822,4007.0767963031503,154.67860682326315,4055.93008952698,54.0,0.10144833133620683,-0.6959770843477356,0.10143699603540929,-0.6951149172345001,0.017583183067157993,0.14784993051611098
3682,28,798,181.0656949265822,4007.0767963031503,131.86898071170762,4053.9416228862974,54.0,0.10144833133620683,-0.7668410184281721,0.10143699603540929,-0.7639038653499377,0.017583183067157993,0.18392104033150167
3683,28,799,181.0656949265822,4007.0767963031503,176.52045162103826,4054.157155351148,54.0,0.10144833133620683,-0.8053689646597063,0.10143699603540929,-0.8011999033291866,0.017583183067157993,0.12961722642333817
3684,9,799,9.936533141897351,4088.226647492491,176.52045162103826,4054.157155351148,54.0,0.10144833133620683,-1.459374627304793,0.10143699603540929,-1.4590137308401565,0.017583183067157993,0.49536860424330736
3685,28,800,181.0656949265822,4007.0767963031503,144.58738366308845,4040.185673265095,54.0,0.10144833133620683,-0.6028570011831463,0.10143699603540929,-0.6007934663731815,0.017583183067157993,0.13128918735906348
3686,6,800,202.24335058105044,4025.5497211369657,144.58738366308845,4040.185673265095,54.0,0.10144833133620683,-0.7717460941298597,0.10143699603540929,-0.7696863830372253,0.017583183067157993,0.1615299671136389
3687,19,801,298.45947748194794,4119.807970449649,137.0304050103369,4090.0427831962857,54.0,0.10144833133620683,-1.9078817768635163,0.10143699603540929,-1.9090183817863366,0.017583183067157993,0.42425405831493956
3688,28,801,181.0656949265822,4007.0767963031503,137.0304050103369,4090.0427831962857,54.0,0.10144833133620683,-0.9509001408161077,0.10143699603540929,-0.9494319295242628,0.017583183067157993,0.25152142769823016
3689,9,801,9.936533141897351,4088.226647492491,137.0304050103369,4090.0427831962857,54.0,0.10144833133620683,-1.1044108864094302,0.10143699603540929,-1.1041148550322264,0.017583183067157993,0.36707562792652415
3690,31,801,286.22286085268047,4096.016113555928,137.0304050103369,4090.0427831962857,54.0,0.10144833133620683,-1.9328108239812911,0.10143699603540929,-1.9318949000874193,0.017583183067157993,0.40533812932883245
3691,22,801,267.77623279276514,4140.811810679348,137.0304050103369,4090.0427831962857,54.0,0.10144833133620683,-1.613624404654127,0.10143699603540929,-1.6073329257628233,0.017583183067157993,0.40214150929556913
3692,9,802,9.936533141897351,4088.226647492491,146.06286604885338,4070.4912970347327,54.0,0.10144833133620683,-1.2145332349280062,0.10143699603540929,-1.2165769591985216,0.017583183067157993,0.4000235615411231
3693,22,803,267.77623279276514,4140.811810679348,184.90358304539177,4077.551448109347,54.0,0.10144833133620683,-1.3170468744200037,0.10143699603540929,-1.3146378191987464,0.017583183067157993,0.303367320462432
3694,9,803,9.936533141897351,4088.226647492491,184.90358304539177,4077.551448109347,54.0,0.10144833133620683,-1.7323564584420919,0.10143699603540929,-1.73183675168791,0.017583183067157993,0.49775724375778063
3695,21,803,129.6510563411616,4132.672991581291,184.90358304539177,4077.551448109347,54.0,0.10144833133620683,-1.0134951886093597,0.10143699603540929,-1.0122046422370101,0.017583183067157993,0.22271709670811649
3696,21,804,103.34699834515416,4117.964937310308,138.3086584571955,4055.180570312392,54.0,0.10144833133620683,-0.36340224102242635,0.10143699603540929,-0.35848329987701966,0.017583183067157993,0.17539483787594365
3697,28,804,181.0656949265822,4007.0767963031503,138.3086584571955,4055.180570312392,54.0,0.10144833133620683,-0.742050837307502,0.10143699603540929,-0.740047468463295,0.017583183067157993,0.17233502499608458
3698,22,804,267.77623279276514,4140.811810679348,138.3086584571955,4055.180570312392,54.0,0.10144833133620683,-1.8324607812201068,0.10143699603540929,-1.8307793469043598,0.017583183067157993,0.4427480939876973
3699,19,805,298.45947748194794,4119.807970449649,156.30249231265788,4054.163957898228,54.0,0.10144833133620683,-1.8156673692654999,0.10143699603540929,-1.8173805138826087,0.017583183067157993,0.4128718978910571
3700,21,805,115.87171678850837,4124.949399138172,156.30249231265788,4054.163957898228,54.0,0.10144833133620683,-0.5135572264894264,0.10143699603540929,-0.5093045752711082,0.017583183067157993,0.2125628832621515
3701,31,805,286.22286085268047,4096.016113555928,156.30249231265788,4054.163957898228,54.0,0.10144833133620683,-1.7489338730128545,0.10143699603540929,-1.7492793147993357,0.017583183067157993,0.37435975072008937
3702,22,805,267.77623279276514,4140.811810679348,156.30249231265788,4054.163957898228,54.0,0.10144833133620683,-1.708843090600988,0.10143699603540929,-1.7061125627078355,0.017583183067157993,0.4065897748546718
3703,9,805,9.936533141897351,4088.226647492491,156.30249231265788,4054.163957898228,54.0,0.10144833133620683,-1.283253791643017,0.10143699603540929,-1.281355013568428,0.017583183067157993,0.4383777953422663
3704,28,805,181.0656949265822,4007.0767963031503,156.30249231265788,4054.163957898228,54.0,0.10144833133620683,-0.6814036771724457,0.10143699603540929,-0.680508863668476,0.017583183067157993,0.1415955367956682
3705,21,806,103.34699834515416,4117.964937310308,144.93487867158464,4040.1157796648927,54.0,0.10144833133620683,-0.5019557850880655,0.10143699603540929,-0.4961812319370016,0.017583183067157993,0.22143960442323757
3706,9,806,9.936533141897351,4088.226647492491,144.93487867158464,4040.1157796648927,54.0,0.10144833133620683,-1.2564500824960596,0.10143699603540929,-1.2499213655473003,0.017583183067157993,0.41999454936525127
3707,22,806,267.77623279276514,4140.811810679348,144.93487867158464,4040.1157796648927,54.0,0.10144833133620683,-1.8970568089947735,0.10143699603540929,-1.893725973822675,0.017583183067157993,0.45465118021483786
3708,19,806,298.45947748194794,4119.807970449649,144.93487867158464,4040.1157796648927,54.0,0.10144833133620683,-2.071640277447892,0.10143699603540929,-2.0739135678888645,0.017583183067157993,0.4583027154667928
3709,28,806,181.0656949265822,4007.0767963031503,144.93487867158464,4040.1157796648927,54.0,0.10144833133620683,-0.6004632368288767,0.10143699603540929,-0.5984470205802082,0.017583183067157993,0.13037838601269452
3710,50,807,-32.87294301735424,3776.17863145535,-14.089789104907949,3785.508897541508,54.0,0.10144833133620683,-0.31360507462075304,0.10143699603540929,-0.31259012160638755,0.017583183067157993,0.06026903670365277
3711,50,808,-32.87294301735424,3776.17863145535,-9.925235130187474,3764.08366154794,54.0,0.10144833133620683,-0.4608266565951471,0.10143699603540929,-0.45843038504053135,0.017583183067157993,0.07910402084543286
3712,50,809,-32.87294301735424,3776.17863145535,16.170423993237026,3756.447032381564,54.0,0.10144833133620683,-0.8272807994047567,0.10143699603540929,-0.8257172386868954,0.017583183067157993,0.15732983525878788
3713,50,810,-32.87294301735424,3776.17863145535,-11.141473043724488,3725.886702828202,54.0,0.10144833133620683,-0.8614143149375358,0.10143699603540929,-0.8577205992084354,0.017583183067157993,0.17582914834282296
3714,50,811,-32.87294301735424,3776.17863145535,30.8317163158991,3728.685939677773,54.0,0.10144833133620683,-1.1101817220161898,0.10143699603540929,-1.1073947466259129,0.017583183067157993,0.24862959876520607
3715,50,812,-32.87294301735424,3776.17863145535,15.043445181788934,3715.8110582869726,54.0,0.10144833133620683,-1.1643286679816571,0.10143699603540929,-1.1599978028536693,0.017583183067157993,0.24484718429844965
3716,50,813,-32.87294301735424,3776.17863145535,1.0232192929827142,3799.386055081737,54.0,0.10144833133620683,-0.6070584800881607,0.10143699603540929,-0.6056026547672446,0.017583183067157993,0.11382841331117848
3717,50,814,-32.87294301735424,3776.17863145535,3.004810249261907,3742.404604751321,54.0,0.10144833133620683,-0.833446740793945,0.10143699603540929,-0.829336766615421,0.017583183067157993,0.1507779341171345
3718,14,815,-191.2861040228232,3920.912450661129,-34.95691718764405,3775.115165439217,54.0,0.10144833133620683,-2.250182453130835,0.10143699603540929,-2.2480714045202097,0.017583183067157993,0.6577230413909518
3719,18,816,55.99463969610678,3684.4657106501672,-3.976707935406477,3790.887532136633,54.0,0.10144833133620683,-1.2359225810824184,0.10143699603540929,-1.2331178547210946,0.017583183067157993,0.377647075986288
3720,18,817,55.99463969610678,3684.4657106501672,-23.639994217954985,3791.306169721887,54.0,0.10144833133620683,-1.59781599945849,0.10143699603540929,-1.5931075605401142,0.017583183067157993,0.41349985429329783
3721,50,818,-32.87294301735424,3776.17863145535,-6.626156437287864,3726.2710578770343,54.0,0.10144833133620683,-0.909206704543554,0.10143699603540929,-0.9048500951773117,0.017583183067157993,0.17933820593198596
3722,18,818,55.99463969610678,3684.4657106501672,-6.626156437287864,3726.2710578770343,54.0,0.10144833133620683,-0.8994830199522174,0.10143699603540929,-0.8954014418531726,0.017583183067157993,0.25147750494239696
3723,18,819,55.99463969610678,3684.4657106501672,23.08560742794845,3730.459636285315,54.0,0.10144833133620683,-0.5211175466516963,0.10143699603540929,-0.5162214290864463,0.017583183067157993,0.17971477569328057
3724,14,820,-191.2861040228232,3920.912450661129,-1.177771162963938,3741.453930125509,54.0,0.10144833133620683,-3.02377373758997,0.10143699603540929,-3.0182585606809584,0.017583183067157993,0.8050749681101415
3725,50,820,-32.87294301735424,3776.17863145535,-1.177771162963938,3741.453930125509,54.0,0.10144833133620683,-0.8085303055886894,0.10143699603540929,-0.8041971766615755,0.017583183067157993,0.14433397641971663
3726,14,821,-191.2861040228232,3920.912450661129,-15.66548375733837,3741.6238639024086,54.0,0.10144833133620683,-2.6651996029146456,0.10143699603540929,-2.6642834994042595,0.017583183067157993,0.7809337819934731
3727,50,821,-32.87294301735424,3776.17863145535,-15.66548375733837,3741.6238639024086,54.0,0.10144833133620683,-0.6162101333268264,0.10143699603540929,-0.6139040095953567,0.017583183067157993,0.1224687338160467
3728,18,821,55.99463969610678,3684.4657106501672,-15.66548375733837,3741.6238639024086,54.0,0.10144833133620683,-1.1177279092591668,0.10143699603540929,-1.112750422384163,0.017583183067157993,0.30167975284355425
3729,14,822,-191.2861040228232,3920.912450661129,-11.032979497787542,3811.934593534735,54.0,0.10144833133620683,-2.2038843282047544,0.10143699603540929,-2.2118429752882975,0.017583183067157993,0.6742694729105286
3730,18,822,55.99463969610678,3684.4657106501672,-11.032979497787542,3811.934593534735,54.0,0.10144833133620683,-1.5098842097881016,0.10143699603540929,-1.5074604617289735,0.017583183067157993,0.4475227647561141
3731,14,823,-191.2861040228232,3920.912450661129,-46.00446954103198,3809.903916821808,54.0,0.10144833133620683,-1.9254634721657322,0.10143699603540929,-1.924939530329133,0.017583183067157993,0.5752740052903035
3732,18,823,55.99463969610678,3684.4657106501672,-46.00446954103198,3809.903916821808,54.0,0.10144833133620683,-2.0301603359928158,0.10143699603540929,-2.023892430082193,0.017583183067157993,0.5000000479329098
3733,50,823,-32.87294301735424,3776.17863145535,-46.00446954103198,3809.903916821808,54.0,0.10144833133620683,-0.4774641026721635,0.10143699603540929,-0.4766540913721896,0.017583183067157993,0.10669378238822161
3734,14,824,-191.2861040228232,3920.912450661129,-35.47065700717375,3757.803246760093,54.0,0.10144833133620683,-2.245357148985937,0.10143699603540929,-2.2458034501001976,0.017583183067157993,0.6953203451890103
3735,18,824,55.99463969610678,3684.4657106501672,-35.47065700717375,3757.803246760093,54.0,0.10144833133620683,-1.4904324292191378,0.10143699603540929,-1.4844893542422783,0.017583183067157993,0.3852424909983992
3736,14,825,-193.67675881229368,3924.452958702778,-365.5449472651887,3844.923133756668,54.0,0.10144833133620683,-1.925793208500907,0.10143699603540929,-1.9285861398101614,0.017583183067157993,0.49759065970935246
3737,14,826,-201.1734055836479,3940.142680026525,-404.3169497068079,3847.280124510167,54.0,0.10144833133620683,-2.162034238229336,0.10143699603540929,-2.166383794390766,0.017583183067157993,0.6440809265042656
3738,3,826,-366.6419945922364,3850.319998086217,-404.3169497068079,3847.280124510167,54.0,0.10144833133620683,-0.5336125229560763,0.10143699603540929,-0.5337592098921207,0.017583183067157993,0.12330417306999276
3739,3,827,-366.6419945922364,3850.319998086217,-426.80940638540346,3840.4396818768737,54.0,0.10144833133620683,-0.7601581211903158,0.10143699603540929,-0.7588288332197454,0.017583183067157993,0.19222284599156883
3740,3,828,-366.6419945922364,3850.319998086217,-430.10570094557687,3824.844250380473,54.0,0.10144833133620683,-0.8398113661673844,0.10143699603540929,-0.8379436196143311,0.017583183067157993,0.21569214509142862
3741,14,828,-197.0662976625606,3931.6528533449696,-430.10570094557687,3824.844250380473,54.0,0.10144833133620683,-2.6575112786166724,0.10143699603540929,-2.6585257776509046,0.017583183067157993,0.7070329039363891
3742,14,829,-192.3219051675361,3921.775213802448,-404.2850942785308,3824.185449432093,54.0,0.10144833133620683,-2.4831236192337456,0.10143699603540929,-2.4849042704268474,0.017583183067157993,0.6235033078099296
3743,14,830,-191.8510249122208,3920.732064928668,-387.5803323118312,3805.307151192845,54.0,0.10144833133620683,-2.3949101487462783,0.10143699603540929,-2.3929763935076096,0.017583183067157993,0.6323883296152026
3744,3,830,-366.6419945922364,3850.319998086217,-387.5803323118312,3805.307151192845,54.0,0.10144833133620683,-0.6414780809097337,0.10143699603540929,-0.6414752370825619,0.017583183067157993,0.1573815514109883
3745,14,831,-191.8510249122208,3920.732064928668,-347.06149835086603,3826.251861541413,54.0,0.10144833133620683,-1.9009121776945674,0.10143699603540929,-1.8995075590823234,0.017583183067157993,0.49212801105778564
3746,14,832,-191.8510249122208,3920.732064928668,-331.78244143248816,3824.7065382645146,54.0,0.10144833133620683,-1.7778487711603235,0.10143699603540929,-1.7759211338139713,0.017583183067157993,0.4566428331796575
3747,46,832,-260.0556528336838,3915.584287356416,-331.78244143248816,3824.7065382645146,54.0,0.10144833133620683,-1.3796442456559102,0.10143699603540929,-1.3758805603969544,0.017583183067157993,0.33270363052745877
3748,14,833,-191.8510249122208,3920.732064928668,-422.5455709687562,3814.5572286094944,54.0,0.10144833133620683,-2.730411379720533,0.10143699603540929,-2.734109371712862,0.017583183067157993,0.6957046450337825
3749,3,833,-366.6419945922364,3850.319998086217,-422.5455709687562,3814.5572286094944,54.0,0.10144833133620683,-0.8556689281367155,0.10143699603540929,-0.8569813906042254,0.017583183067157993,0.20964643037644792
3750,3,834,-366.6419945922364,3850.319998086217,-405.0491789294172,3804.950457916575,54.0,0.10144833133620683,-0.772903579418024,0.10143699603540929,-0.7735061382932757,0.017583183067157993,0.18687687312611795
3751,14,834,-191.8510249122208,3920.732064928668,-405.0491789294172,3804.950457916575,54.0,0.10144833133620683,-2.5941652761498126,0.10143699603540929,-2.5937834759253757,0.017583183067157993,0.673602746341798
3752,14,835,-191.8510249122208,3920.732064928668,-375.2625317522474,3806.274998549873,54.0,0.10144833133620683,-2.2640445937148383,0.10143699603540929,-2.2621119086247545,0.017583183067157993,0.6028388252761719
3753,3,835,-366.6419945922364,3850.319998086217,-375.2625317522474,3806.274998549873,54.0,0.10144833133620683,-0.5374572267705217,0.10143699603540929,-0.5371963004303114,0.017583183067157993,0.1454579615877104
3754,3,836,-366.6419945922364,3850.319998086217,-324.4374894603114,3809.0351637860767,54.0,0.10144833133620683,-0.7297667291926031,0.10143699603540929,-0.729778621368894,0.017583183067157993,0.19473726847425135
3755,46,836,-260.0556528336838,3915.584287356416,-324.4374894603114,3809.0351637860767,54.0,0.10144833133620683,-1.4763120630986926,0.10143699603540929,-1.4745808658960418,0.017583183067157993,0.360870128735068
3756,14,836,-191.8510249122208,3920.732064928668,-324.4374894603114,3809.0351637860767,54.0,0.10144833133620683,-1.7888707131397816,0.10143699603540929,-1.7848051798935471,0.017583183067157993,0.4699854525763919
3757,14,837,-191.8510249122208,3920.732064928668,-323.37869107917845,3794.1605352946544,54.0,0.10144833133620683,-1.875504742710901,0.10143699603540929,-1.8737497418780498,0.017583183067157993,0.5058334844148723
3758,3,837,-366.6419945922364,3850.319998086217,-323.37869107917845,3794.1605352946544,54.0,0.10144833133620683,-0.870092716626843,0.10143699603540929,-0.870861617949632,0.017583183067157993,0.23372484101309052
3759,3,838,-366.6419945922364,3850.319998086217,-300.24385858311143,3785.907132981712,54.0,0.10144833133620683,-1.0787098225342966,0.10143699603540929,-1.0808917125425237,0.017583183067157993,0.3059397668355365
3760,14,838,-191.8510249122208,3920.732064928668,-300.24385858311143,3785.907132981712,54.0,0.10144833133620683,-1.777527426812445,0.10143699603540929,-1.7805644190131864,0.017583183067157993,0.4903854090903917
3761,3,839,-366.6419945922364,3850.319998086217,-322.7466350537741,3780.7052923180495,54.0,0.10144833133620683,-1.0034731448649226,0.10143699603540929,-1.003354531535697,0.017583183067157993,0.27115179137730816
3762,14,839,-191.8510249122208,3920.732064928668,-322.7466350537741,3780.7052923180495,54.0,0.10144833133620683,-1.9602274481515662,0.10143699603540929,-1.9610861317532748,0.017583183067157993,0.5452410048849302
3763,14,840,-191.8510249122208,3920.732064928668,-410.71675667600334,3818.6661092592935,54.0,0.10144833133620683,-2.5839966360733104,0.10143699603540929,-2.586316941989156,0.017583183067157993,0.6546421380260303
3764,20,840,-491.6557639897821,3775.103401039669,-410.71675667600334,3818.6661092592935,54.0,0.10144833133620683,-1.0069861666497288,0.10143699603540929,-1.00534840405619,0.017583183067157993,0.3032840945177932
3765,14,841,-191.8510249122208,3920.732064928668,-318.88329414751405,3818.9288382704895,54.0,0.10144833133620683,-1.678557142958089,0.10143699603540929,-1.6743943134963033,0.017583183067157993,0.43601205552376626
3766,14,842,-191.8510249122208,3920.732064928668,-326.3434765158958,3801.390735089175,54.0,0.10144833133620683,-1.8537046405231177,0.10143699603540929,-1.8503239836448637,0.017583183067157993,0.49128261695872183
3767,14,843,-191.8510249122208,3920.732064928668,-330.9905831547808,3820.9309390757303,54.0,0.10144833133620683,-1.8001744939650626,0.10143699603540929,-1.7978646631925135,0.017583183067157993,0.4634531586316084
3768,20,844,-491.6557639897821,3775.103401039669,-397.3841504799605,3803.674758178313,54.0,0.10144833133620683,-1.110897978015655,0.10143699603540929,-1.102581136736877,0.017583183067157993,0.3345798766601114
3769,14,845,-193.28039144600527,3923.6391809327615,-419.2811331727221,3819.932467451428,54.0,0.10144833133620683,-2.656057252499773,0.10143699603540929,-2.659145413536579,0.017583183067157993,0.6742229061177961
3770,20,845,-491.6557639897821,3775.103401039669,-419.2811331727221,3819.932467451428,54.0,0.10144833133620683,-0.9157144540532836,0.10143699603540929,-0.9143325252732643,0.017583183067157993,0.2798253310317203
3771,14,846,-196.44021393068368,3930.261440676593,-430.0306146106633,3823.248815696748,54.0,0.10144833133620683,-2.6821468440182437,0.10143699603540929,-2.684100098361524,0.017583183067157993,0.7063793815973135
3772,20,846,-491.6557639897821,3775.103401039669,-430.0306146106633,3823.248815696748,54.0,0.10144833133620683,-0.8214785787292241,0.10143699603540929,-0.818443030372237,0.017583183067157993,0.2617373727446474
3773,14,847,-201.1734055836479,3940.142680026525,-356.75431567410976,3871.390050348002,54.0,0.10144833133620683,-1.6073612473033212,0.10143699603540929,-1.605574550715901,0.017583183067157993,0.46862554429975256
3774,46,847,-260.0556528336838,3915.584287356416,-356.75431567410976,3871.390050348002,54.0,0.10144833133620683,-1.060175893928742,0.10143699603540929,-1.064556224522314,0.017583183067157993,0.3197849594166801
3775,14,848,-197.22278007689724,3932.000718165229,-361.4765283296221,3855.8723056535537,54.0,0.10144833133620683,-1.8069128910550423,0.10143699603540929,-1.807583154383478,0.017583183067157993,0.476041528399726
3776,46,848,-260.0556528336838,3915.584287356416,-361.4765283296221,3855.8723056535537,54.0,0.10144833133620683,-1.1633890156476312,0.10143699603540929,-1.167637583495433,0.017583183067157993,0.33906404763067344
3777,14,849,-191.8510249122208,3920.732064928668,-359.4180979857128,3824.821999979614,54.0,0.10144833133620683,-2.0255589903675966,0.10143699603540929,-2.0244883365028237,0.017583183067157993,0.5226311987168362
3778,20,850,-491.6557639897821,3775.103401039669,-389.52855139742405,3828.604088282125,54.0,0.10144833133620683,-1.2979476595291164,0.10143699603540929,-1.2969853555362014,0.017583183067157993,0.37726053679487903
3779,20,851,-491.6557639897821,3775.103401039669,-405.1070033799106,3843.96989474742,54.0,0.10144833133620683,-1.161024055938617,0.10143699603540929,-1.1564106636547962,0.017583183067157993,0.3681459626885277
3780,14,851,-200.22780820370463,3938.166099629641,-405.1070033799106,3843.96989474742,54.0,0.10144833133620683,-2.2356408569945794,0.10143699603540929,-2.238373771346071,0.017583183067157993,0.6349499570460393
3781,20,852,-491.6557639897821,3775.103401039669,-385.96925192827536,3848.54266155951,54.0,0.10144833133620683,-1.4197395909075416,0.10143699603540929,-1.4168076616655016,0.017583183067157993,0.4144085905280599
3782,20,853,-491.6557639897821,3775.103401039669,-349.86677463547466,3797.3692427216415,54.0,0.10144833133620683,-1.5979554582371918,0.10143699603540929,-1.5888215619011472,0.017583183067157993,0.4880876046042054
3783,44,854,470.9318574712719,4102.798680980681,312.0063800751807,3962.5976151222,54.0,0.10144833133620683,-2.215860855471267,0.10143699603540929,-2.214544411776749,0.017583183067157993,0.45144172812118244
3784,25,854,275.18212912654,3848.067080065535,312.0063800751807,3962.5976151222,54.0,0.10144833133620683,-1.146838466937027,0.10143699603540929,-1.1412984994080424,0.017583183067157993,0.24001039955707004
3785,53,854,275.4374088407163,3843.51011953928,312.0063800751807,3962.5976151222,54.0,0.10144833133620683,-1.1821180517289678,0.10143699603540929,-1.176519422193217,0.017583183067157993,0.25372637120302866
3786,38,854,292.2609771757026,3909.816818957042,312.0063800751807,3962.5976151222,54.0,0.10144833133620683,-0.6625808473982451,0.10143699603540929,-0.6621530172667238,0.017583183067157993,0.12183714634045431
3787,44,855,470.9318574712719,4102.798680980681,294.3184227939459,3953.278734719593,54.0,0.10144833133620683,-2.4112777869770237,0.10143699603540929,-2.4083716531276353,0.017583183067157993,0.49895621133739043
3788,25,855,275.18212912654,3848.067080065535,294.3184227939459,3953.278734719593,54.0,0.10144833133620683,-0.8023274830039397,0.10143699603540929,-0.798041064175529,0.017583183067157993,0.21998889250605405
3789,53,855,275.4374088407163,3843.51011953928,294.3184227939459,3953.278734719593,54.0,0.10144833133620683,-0.8390830783417889,0.10143699603540929,-0.834513786220271,0.017583183067157993,0.23379937934692174
3790,38,855,292.2609771757026,3909.816818957042,294.3184227939459,3953.278734719593,54.0,0.10144833133620683,-0.34314487016673756,0.10143699603540929,-0.34363681162137494,0.017583183067157993,0.10142375652322212
3791,25,856,275.18212912654,3848.067080065535,282.8565774544674,3927.6210696294247,54.0,0.10144833133620683,-0.6035700582622614,0.10143699603540929,-0.5985572796163103,0.017583183067157993,0.1560577220453576
3792,38,856,292.2609771757026,3909.816818957042,282.8565774544674,3927.6210696294247,54.0,0.10144833133620683,-0.18688705662525004,0.10143699603540929,-0.186516764968079,0.017583183067157993,0.04806726130878802
3793,53,856,275.4374088407163,3843.51011953928,282.8565774544674,3927.6210696294247,54.0,0.10144833133620683,-0.6439123922634121,0.10143699603540929,-0.6385619632694711,0.017583183067157993,0.17068037652327867
3794,44,856,470.9318574712719,4102.798680980681,282.8565774544674,3927.6210696294247,54.0,0.10144833133620683,-2.7389214984834234,0.10143699603540929,-2.740533231536126,0.017583183067157993,0.5584975500337067
3795,38,857,292.2609771757026,3909.816818957042,257.8071990994817,3924.222274123985,54.0,0.10144833133620683,-0.41551664118576087,0.10143699603540929,-0.41637516678385567,0.017583183067157993,0.0782249697868066
3796,25,857,275.18212912654,3848.067080065535,257.8071990994817,3924.222274123985,54.0,0.10144833133620683,-0.7914276559443184,0.10143699603540929,-0.7948158725634924,0.017583183067157993,0.16153212272583092
3797,53,857,275.4374088407163,3843.51011953928,257.8071990994817,3924.222274123985,54.0,0.10144833133620683,-0.8580898018759743,0.10143699603540929,-0.8618012310961881,0.017583183067157993,0.1784229447462221
3798,25,858,275.18212912654,3848.067080065535,269.84970995130976,3931.065440669821,54.0,0.10144833133620683,-0.8484166569672312,0.10143699603540929,-0.8515985371899707,0.017583183067157993,0.17253422034642835
3799,53,858,275.4374088407163,3843.51011953928,269.84970995130976,3931.065440669821,54.0,0.10144833133620683,-0.8946163855443375,0.10143699603540929,-0.897688236423989,0.017583183067157993,0.18749196621097453
3800,38,858,292.2609771757026,3909.816818957042,269.84970995130976,3931.065440669821,54.0,0.10144833133620683,-0.2949238954026369,0.10143699603540929,-0.2945120357362278,0.017583183067157993,0.06820504540821958
3801,44,858,470.9318574712719,4102.798680980681,269.84970995130976,3931.065440669821,54.0,0.10144833133620683,-2.7082034845836978,0.10143699603540929,-2.706156275638406,0.017583183067157993,0.5775159322173746
3802,12,858,339.7794838460253,3807.442051326752,269.84970995130976,3931.065440669821,54.0,0.10144833133620683,-1.743870002064908,0.10143699603540929,-1.7415880514248516,0.017583183067157993,0.3609790398192665
3803,31,858,286.22286085268047,4096.016113555928,269.84970995130976,3931.065440669821,54.0,0.10144833133620683,-2.3947858827289057,0.10143699603540929,-2.3953239065888847,0.017583183067157993,0.4249648736662618
3804,53,859,275.4374088407163,3843.51011953928,265.89587639025353,3963.952669789918,54.0,0.10144833133620683,-1.2381381961221853,0.10143699603540929,-1.2420875290933222,0.017583183067157993,0.26721276003646993
3805,38,859,292.2609771757026,3909.816818957042,265.89587639025353,3963.952669789918,54.0,0.10144833133620683,-0.49809788746466943,0.10143699603540929,-0.4992961272036665,0.017583183067157993,0.14135713171290876
3806,44,859,470.9318574712719,4102.798680980681,265.89587639025353,3963.952669789918,54.0,0.10144833133620683,-2.1407928647781813,0.10143699603540929,-2.1391513424674775,0.017583183067157993,0.5576098150216312
3807,25,859,275.18212912654,3848.067080065535,265.89587639025353,3963.952669789918,54.0,0.10144833133620683,-1.1905683747094775,0.10143699603540929,-1.1945298238953468,0.017583183067157993,0.2525933211768924
3808,38,860,292.2609771757026,3909.816818957042,257.8456175484073,3924.298953712429,54.0,0.10144833133620683,-0.41533345413490413,0.10143699603540929,-0.41618975642565614,0.017583183067157993,0.07821062410705427
3809,44,860,470.9318574712719,4102.798680980681,257.8456175484073,3924.298953712429,54.0,0.10144833133620683,-2.838181548718666,0.10143699603540929,-2.835873005260651,0.017583183067157993,0.6098475910510324
3810,63,860,316.49031405012005,3929.154743051912,257.8456175484073,3924.298953712429,54.0,0.10144833133620683,-0.6497743276883909,0.10143699603540929,-0.6518767642608634,0.017583183067157993,0.13650886626445477
3811,25,860,275.18212912654,3848.067080065535,257.8456175484073,3924.298953712429,54.0,0.10144833133620683,-0.7923221028659921,0.10143699603540929,-0.7957148016482533,0.017583183067157993,0.16166382567843413
3812,53,860,275.4374088407163,3843.51011953928,257.8456175484073,3924.298953712429,54.0,0.10144833133620683,-0.8589547806779667,0.10143699603540929,-0.8626701223553426,0.017583183067157993,0.17854984877212046
3813,25,861,275.18212912654,3848.067080065535,255.9945365072104,3935.7183858934864,54.0,0.10144833133620683,-0.9347623749048045,0.10143699603540929,-0.9383553432866303,0.017583183067157993,0.18806388867518656
3814,44,861,470.9318574712719,4102.798680980681,255.9945365072104,3935.7183858934864,54.0,0.10144833133620683,-2.5891253811450756,0.10143699603540929,-2.585243620214901,0.017583183067157993,0.6032013297412366
3815,38,861,292.2609771757026,3909.816818957042,255.9945365072104,3935.7183858934864,54.0,0.10144833133620683,-0.47620101408429827,0.10143699603540929,-0.4762887258293069,0.017583183067157993,0.09726497917294907
3816,63,861,316.49031405012005,3929.154743051912,255.9945365072104,3935.7183858934864,54.0,0.10144833133620683,-0.6658463274678389,0.10143699603540929,-0.6675066692399136,0.017583183067157993,0.14350170957038758
3817,44,862,470.9318574712719,4102.798680980681,316.862912508576,3944.2065035608966,54.0,0.10144833133620683,-2.417621446530967,0.10143699603540929,-2.422518367403476,0.017583183067157993,0.478821309526182
3818,25,862,275.18212912654,3848.067080065535,316.862912508576,3944.2065035608966,54.0,0.10144833133620683,-0.8713826031248162,0.10143699603540929,-0.8690960282417828,0.017583183067157993,0.21224725259168892
3819,53,862,275.4374088407163,3843.51011953928,316.862912508576,3944.2065035608966,54.0,0.10144833133620683,-0.903299638319861,0.10143699603540929,-0.9010784422788658,0.017583183067157993,0.22645820172218284
3820,66,862,493.8518825171933,3956.000689079267,316.862912508576,3944.2065035608966,54.0,0.10144833133620683,-2.388885781911197,0.10143699603540929,-2.387142087702884,0.017583183067157993,0.5188790454113601
3821,19,862,309.4846467710166,4112.556925703692,316.862912508576,3944.2065035608966,54.0,0.10144833133620683,-1.7131453073555611,0.10143699603540929,-1.7111954685997521,0.017583183067157993,0.40955929153117726
3822,38,862,292.2609771757026,3909.816818957042,316.862912508576,3944.2065035608966,54.0,0.10144833133620683,-0.45663392779803963,0.10143699603540929,-0.45713190993130987,0.017583183067157993,0.08894251908346695
3823,41,862,461.8106926932424,4070.996636995212,316.862912508576,3944.2065035608966,54.0,0.10144833133620683,-2.078775139066543,0.10143699603540929,-2.0835680343148857,0.017583183067157993,0.43916840504448745
3824,63,862,316.49031405012005,3929.154743051912,316.862912508576,3944.2065035608966,54.0,0.10144833133620683,-0.297409386814854,0.10143699603540929,-0.2975929312293303,0.017583183067157993,0.04718593655323568
3825,39,862,491.6009153175041,3965.873607703836,316.862912508576,3944.2065035608966,54.0,0.10144833133620683,-2.4999258241830176,0.10143699603540929,-2.4996968398850097,0.017583183067157993,0.5001088389420806
3826,44,863,470.9318574712719,4102.798680980681,268.7957598518551,3938.397485964539,54.0,0.10144833133620683,-2.559132280467321,0.10143699603540929,-2.555755392286953,0.017583183067157993,0.5716701683150794
3827,63,863,316.49031405012005,3929.154743051912,268.7957598518551,3938.397485964539,54.0,0.10144833133620683,-0.5175524173594029,0.10143699603540929,-0.519054908867993,0.017583183067157993,0.11628749602747154
3828,25,863,275.18212912654,3848.067080065535,268.7957598518551,3938.397485964539,54.0,0.10144833133620683,-0.9398028840893713,0.10143699603540929,-0.9431272394258744,0.017583183067157993,0.18962074546192334
3829,22,863,282.91308227706304,4129.966613278081,268.7957598518551,3938.397485964539,54.0,0.10144833133620683,-2.5600762497759857,0.10143699603540929,-2.558811266274007,0.017583183067157993,0.4756159187457846
3830,38,863,292.2609771757026,3909.816818957042,268.7957598518551,3938.397485964539,54.0,0.10144833133620683,-0.3508086478141781,0.10143699603540929,-0.35080877251333237,0.017583183067157993,0.08308951400603555
3831,53,863,275.4374088407163,3843.51011953928,268.7957598518551,3938.397485964539,54.0,0.10144833133620683,-0.9869901434639753,0.10143699603540929,-0.9902470628912446,0.017583183067157993,0.20451837888891855
3832,53,864,275.4374088407163,3843.51011953928,265.5810654443671,3915.0122178437146,54.0,0.10144833133620683,-0.7185865638778707,0.10143699603540929,-0.7214422917174216,0.017583183067157993,0.15728211298718955
3833,38,864,292.2609771757026,3909.816818957042,265.5810654443671,3915.0122178437146,54.0,0.10144833133620683,-0.2936316577683834,0.10143699603540929,-0.2938684636311035,0.017583183067157993,0.05931723995741299
3834,44,864,470.9318574712719,4102.798680980681,265.5810654443671,3915.0122178437146,54.0,0.10144833133620683,-2.9598437100375268,0.10143699603540929,-2.9618310630417315,0.017583183067157993,0.6043074591455555
3835,25,864,275.18212912654,3848.067080065535,265.5810654443671,3915.0122178437146,54.0,0.10144833133620683,-0.6546443035208437,0.10143699603540929,-0.6572774443008309,0.017583183067157993,0.14024539334059602
3836,63,864,316.49031405012005,3929.154743051912,265.5810654443671,3915.0122178437146,54.0,0.10144833133620683,-0.56177681579849,0.10143699603540929,-0.5621101731725819,0.017583183067157993,0.10908067912397465
3837,38,865,292.2609771757026,3909.816818957042,315.679871493891,3931.668345406915,54.0,0.10144833133620683,-0.30513235078433265,0.10143699603540929,-0.3064153424857916,0.017583183067157993,0.07210383462891179
3838,53,865,275.4374088407163,3843.51011953928,315.679871493891,3931.668345406915,54.0,0.10144833133620683,-0.7481871145217179,0.10143699603540929,-0.7464965440711945,0.017583183067157993,0.20479503333236582
3839,63,865,316.49031405012005,3929.154743051912,315.679871493891,3931.668345406915,54.0,0.10144833133620683,-0.23155788436696761,0.10143699603540929,-0.23170078892273388,0.017583183067157993,0.036738166730907997
3840,25,865,275.18212912654,3848.067080065535,315.679871493891,3931.668345406915,54.0,0.10144833133620683,-0.7084881088681526,0.10143699603540929,-0.7069378042027641,0.017583183067157993,0.1911718099482436
3841,44,865,470.9318574712719,4102.798680980681,315.679871493891,3931.668345406915,54.0,0.10144833133620683,-2.6159800127883,0.10143699603540929,-2.621363422406079,0.017583183067157993,0.5071378154850036
3842,38,866,292.2609771757026,3909.816818957042,282.8109787262265,3934.715241609255,54.0,0.10144833133620683,-0.22951026777092276,0.10143699603540929,-0.22958448494046646,0.017583183067157993,0.06258022347453916
3843,44,866,470.9318574712719,4102.798680980681,282.8109787262265,3934.715241609255,54.0,0.10144833133620683,-2.6732544883199205,0.10143699603540929,-2.672938980563087,0.017583183067157993,0.5484807708653213
3844,25,866,275.18212912654,3848.067080065535,282.8109787262265,3934.715241609255,54.0,0.10144833133620683,-0.6569419234597762,0.10143699603540929,-0.6522780007542404,0.017583183067157993,0.17275533704541435
3845,63,866,316.49031405012005,3929.154743051912,282.8109787262265,3934.715241609255,54.0,0.10144833133620683,-0.38964598107606885,0.10143699603540929,-0.39070622255171195,0.017583183067157993,0.08485429420402443
3846,53,866,275.4374088407163,3843.51011953928,282.8109787262265,3934.715241609255,54.0,0.10144833133620683,-0.6964189473491506,0.10143699603540929,-0.6914380815770343,0.017583183067157993,0.18717989393925835
3847,8,867,404.480912881415,4338.111065579622,438.81434760294826,4291.256191853341,54.0,0.10144833133620683,-0.594276021874692,0.10143699603540929,-0.5929744676923537,0.017583183067157993,0.1760033000755819
3848,23,867,473.2888408458269,4304.725925046426,438.81434760294826,4291.256191853341,54.0,0.10144833133620683,-0.6404621135723082,0.10143699603540929,-0.6387712607289531,0.017583183067157993,0.0871132986420628
3849,30,867,625.9985091941669,4344.425799606012,438.81434760294826,4291.256191853341,54.0,0.10144833133620683,-2.271457567744941,0.10143699603540929,-2.2676355066598832,0.017583183067157993,0.407663333504212
3850,44,867,472.0029937650396,4104.126300266757,438.81434760294826,4291.256191853341,54.0,0.10144833133620683,-1.7379130050819007,0.10143699603540929,-1.733081199717434,0.017583183067157993,0.3944614429657297
3851,8,868,404.480912881415,4338.111065579622,377.16969184701134,4276.396603589449,54.0,0.10144833133620683,-0.7553716934773431,0.10143699603540929,-0.7539550366657632,0.017583183067157993,0.23543652844802665
3852,44,868,472.0029937650396,4104.126300266757,377.16969184701134,4276.396603589449,54.0,0.10144833133620683,-1.960221459012532,0.10143699603540929,-1.9628985639173777,0.017583183067157993,0.47318545109115173
3853,23,868,473.2888408458269,4304.725925046426,377.16969184701134,4276.396603589449,54.0,0.10144833133620683,-1.3872058576675719,0.10143699603540929,-1.3832656695041456,0.017583183067157993,0.2768005781360461
3854,30,869,625.9985091941669,4344.425799606012,427.0445354813797,4273.499297857495,54.0,0.10144833133620683,-2.3846025311875447,0.10143699603540929,-2.3779787787458235,0.017583183067157993,0.4502622964063669
3855,8,869,404.480912881415,4338.111065579622,427.0445354813797,4273.499297857495,54.0,0.10144833133620683,-0.7414589012879121,0.10143699603540929,-0.7392771968744467,0.017583183067157993,0.214052514626131
3856,7,869,477.9085898257795,4404.037580305916,427.0445354813797,4273.499297857495,54.0,0.10144833133620683,-1.6795199396385105,0.10143699603540929,-1.6786235479109501,0.017583183067157993,0.336122796341384
3857,23,869,473.2888408458269,4304.725925046426,427.0445354813797,4273.499297857495,54.0,0.10144833133620683,-0.8946518773952343,0.10143699603540929,-0.8924274344867976,0.017583183067157993,0.13149930223571477
3858,44,869,472.0029937650396,4104.126300266757,427.0445354813797,4273.499297857495,54.0,0.10144833133620683,-1.4876414138020029,0.10143699603540929,-1.485892329757396,0.017583183067157993,0.367251460832004
3859,35,869,583.2192292927565,4207.570440686977,427.0445354813797,4273.499297857495,54.0,0.10144833133620683,-2.076399987092478,0.10143699603540929,-2.075202698260596,0.017583183067157993,0.3932362264445917
3860,44,870,472.0029937650396,4104.126300266757,448.2237718674139,4272.568389041,54.0,0.10144833133620683,-1.482672292272075,0.10143699603540929,-1.478205387089394,0.017583183067157993,0.34270018749408215
3861,30,870,625.9985091941669,4344.425799606012,448.2237718674139,4272.568389041,54.0,0.10144833133620683,-2.0858858843677317,0.10143699603540929,-2.0802919240929265,0.017583183067157993,0.40416811724545176
3862,8,870,404.480912881415,4338.111065579622,448.2237718674139,4272.568389041,54.0,0.10144833133620683,-0.8650791686268952,0.10143699603540929,-0.8624046314730391,0.017583183067157993,0.22318888595173886
3863,35,870,583.2192292927565,4207.570440686977,448.2237718674139,4272.568389041,54.0,0.10144833133620683,-1.65637271651847,0.10143699603540929,-1.6536907477333984,0.017583183067157993,0.34871992337740254
3864,23,870,473.2888408458269,4304.725925046426,448.2237718674139,4272.568389041,54.0,0.10144833133620683,-0.7664558568540201,0.10143699603540929,-0.7662465023286121,0.017583183067157993,0.09341436704423065
3865,23,871,475.28004377230593,4303.609752327396,446.8191658251622,4253.768504772488,54.0,0.10144833133620683,-0.9746861175859365,0.10143699603540929,-0.9741954018543999,0.017583183067157993,0.13031706503997717
3866,8,871,404.480912881415,4338.111065579622,446.8191658251622,4253.768504772488,54.0,0.10144833133620683,-1.1466741361116817,0.10143699603540929,-1.1440175333255023,0.017583183067157993,0.2608104950273861
3867,41,871,461.8106926932424,4070.996636995212,446.8191658251622,4253.768504772488,54.0,0.10144833133620683,-1.5685271098015767,0.10143699603540929,-1.5661394890531328,0.017583183067157993,0.3522553370369668
3868,29,871,679.1344462972443,4226.875249913833,446.8191658251622,4253.768504772488,54.0,0.10144833133620683,-2.5979516663057343,0.10143699603540929,-2.5932931139286985,0.017583183067157993,0.6013467376787293
3869,35,871,583.2192292927565,4207.570440686977,446.8191658251622,4253.768504772488,54.0,0.10144833133620683,-1.705927604374238,0.10143699603540929,-1.7047398681145256,0.017583183067157993,0.3316612363330039
3870,43,871,630.0947010611478,4141.259609929846,446.8191658251622,4253.768504772488,54.0,0.10144833133620683,-2.3319523947846994,0.10143699603540929,-2.3345540936219984,0.017583183067157993,0.527302244727406
3871,30,871,625.9985091941669,4344.425799606012,446.8191658251622,4253.768504772488,54.0,0.10144833133620683,-2.0137214724544776,0.10143699603540929,-2.0052042634671845,0.017583183067157993,0.4250687695725977
3872,44,871,472.0029937650396,4104.126300266757,446.8191658251622,4253.768504772488,54.0,0.10144833133620683,-1.1950942347261424,0.10143699603540929,-1.1913969208960082,0.017583183067157993,0.30198485331330216
3873,41,872,461.8106926932424,4070.996636995212,411.9733803257818,4249.080345490381,54.0,0.10144833133620683,-1.8433858152455986,0.10143699603540929,-1.8410459070339387,0.017583183067157993,0.39476557166541526
3874,35,872,583.2192292927565,4207.570440686977,411.9733803257818,4249.080345490381,54.0,0.10144833133620683,-1.9110031413437851,0.10143699603540929,-1.9075204953579261,0.017583183067157993,0.41706272882421896
3875,44,872,472.0029937650396,4104.126300266757,411.9733803257818,4249.080345490381,54.0,0.10144833133620683,-1.3063441223578567,0.10143699603540929,-1.3039427090408697,0.017583183067157993,0.3421366402844824
3876,31,872,286.22286085268047,4096.016113555928,411.9733803257818,4249.080345490381,54.0,0.10144833133620683,-1.7814161006153661,0.10143699603540929,-1.7868603419862892,0.017583183067157993,0.49128546869647216
3877,23,872,473.2888408458269,4304.725925046426,411.9733803257818,4249.080345490381,54.0,0.10144833133620683,-1.3240133368334208,0.10143699603540929,-1.3222180458811315,0.017583183067157993,0.20310394787640562
3878,30,872,625.9985091941669,4344.425799606012,411.9733803257818,4249.080345490381,54.0,0.10144833133620683,-2.597952187668773,0.10143699603540929,-2.5908891560985654,0.017583183067157993,0.5111313742685885
3879,23,873,473.2888408458269,4304.725925046426,436.6238156529476,4249.314832035256,54.0,0.10144833133620683,-1.1489056127057828,0.10143699603540929,-1.1483311187705776,0.017583183067157993,0.15374308417689225
3880,35,873,583.2192292927565,4207.570440686977,436.6238156529476,4249.314832035256,54.0,0.10144833133620683,-1.7396831446789505,0.10143699603540929,-1.7373430009783724,0.017583183067157993,0.3521249581054823
3881,30,873,625.9985091941669,4344.425799606012,436.6238156529476,4249.314832035256,54.0,0.10144833133620683,-2.1847306510248075,0.10143699603540929,-2.176182221212036,0.017583183067157993,0.45135874047766794
3882,44,873,472.0029937650396,4104.126300266757,436.6238156529476,4249.314832035256,54.0,0.10144833133620683,-1.087693207843813,0.10143699603540929,-1.085843704614498,0.017583183067157993,0.30553891400432664
3883,43,874,630.0947010611478,4141.259609929846,443.0288497265207,4234.908068774709,54.0,0.10144833133620683,-2.215360299770843,0.10143699603540929,-2.2179014726751394,0.017583183067157993,0.5218083181035509
3884,30,874,625.9985091941669,4344.425799606012,443.0288497265207,4234.908068774709,54.0,0.10144833133620683,-2.0367190878807553,0.10143699603540929,-2.0251846662910284,0.017583183067157993,0.46032078740609983
3885,35,874,583.2192292927565,4207.570440686977,443.0288497265207,4234.908068774709,54.0,0.10144833133620683,-1.5379100048761591,0.10143699603540929,-1.537225477636209,0.017583183067157993,0.33693350991629817
3886,41,874,461.8106926932424,4070.996636995212,443.0288497265207,4234.908068774709,54.0,0.10144833133620683,-1.3556507829742286,0.10143699603540929,-1.3559934184685687,0.017583183067157993,0.31529481143340826
3887,23,874,480.563909942288,4300.709812869,443.0288497265207,4234.908068774709,54.0,0.10144833133620683,-1.009102459159152,0.10143699603540929,-1.0073398101364441,0.017583183067157993,0.16926335283538488
3888,44,874,472.0029937650396,4104.126300266757,443.0288497265207,4234.908068774709,54.0,0.10144833133620683,-0.9476771734302623,0.10143699603540929,-0.9462188320477936,0.017583183067157993,0.26737226654256663
3889,35,875,583.2192292927565,4207.570440686977,435.8106676438648,4222.73374007691,54.0,0.10144833133620683,-1.5279061922531205,0.10143699603540929,-1.5296074985525727,0.017583183067157993,0.3547991017545853
3890,30,875,625.9985091941669,4344.425799606012,435.8106676438648,4222.73374007691,54.0,0.10144833133620683,-2.185310562974892,0.10143699603540929,-2.174066176412228,0.017583183067157993,0.49459355013883716
3891,23,875,480.3038806903667,4300.821424093816,435.8106676438648,4222.73374007691,54.0,0.10144833133620683,-1.1447532219001106,0.10143699603540929,-1.1424325085361455,0.017583183067157993,0.20331185741296948
3892,43,875,630.0947010611478,4141.259609929846,435.8106676438648,4222.73374007691,54.0,0.10144833133620683,-2.200480554442299,0.10143699603540929,-2.203583386856787,0.017583183067157993,0.5273747559765841
3893,44,875,472.0029937650396,4104.126300266757,435.8106676438648,4222.73374007691,54.0,0.10144833133620683,-0.8535119287370007,0.10143699603540929,-0.853907820949771,0.017583183067157993,0.2453280487250633
3894,31,875,286.22286085268047,4096.016113555928,435.8106676438648,4222.73374007691,54.0,0.10144833133620683,-1.9182891682117504,0.10143699603540929,-1.9184725243322627,0.017583183067157993,0.45715297104646835
3895,41,875,461.8106926932424,4070.996636995212,435.8106676438648,4222.73374007691,54.0,0.10144833133620683,-1.4525756274277997,0.10143699603540929,-1.4518837992659979,0.017583183067157993,0.3003408161898243
3896,29,875,679.1344462972443,4226.875249913833,435.8106676438648,4222.73374007691,54.0,0.10144833133620683,-2.584051739145199,0.10143699603540929,-2.5820183605692053,0.017583183067157993,0.6358767567206507
3897,42,875,481.95797351825536,4104.321037374665,435.8106676438648,4222.73374007691,54.0,0.10144833133620683,-0.8781844082012077,0.10143699603540929,-0.8771930990827126,0.017583183067157993,0.26126287957239447
3898,23,876,473.2888408458269,4304.725925046426,416.0821692336259,4218.164004700096,54.0,0.10144833133620683,-1.5075608830191498,0.10143699603540929,-1.5055523755007052,0.017583183067157993,0.24786356388340705
3899,44,876,472.0029937650396,4104.126300266757,416.0821692336259,4218.164004700096,54.0,0.10144833133620683,-1.1257068735990459,0.10143699603540929,-1.1250515015419809,0.017583183067157993,0.26239474122651585
3900,44,877,472.0029937650396,4104.126300266757,391.0018042011845,4213.433874649227,54.0,0.10144833133620683,-1.5034541986988432,0.10143699603540929,-1.5038472182456368,0.017583183067157993,0.29310859275634404
3901,23,877,473.2888408458269,4304.725925046426,391.0018042011845,4213.433874649227,54.0,0.10144833133620683,-1.733228947873677,0.10143699603540929,-1.7316532373250588,0.017583183067157993,0.31282329816065935
3902,42,877,481.95797351825536,4104.321037374665,391.0018042011845,4213.433874649227,54.0,0.10144833133620683,-1.5424218732218868,0.10143699603540929,-1.5418529468134912,0.017583183067157993,0.30845216778004714
3903,31,877,286.22286085268047,4096.016113555928,391.0018042011845,4213.433874649227,54.0,0.10144833133620683,-1.4059266858384891,0.10143699603540929,-1.4103073429870898,0.017583183067157993,0.3729954979111209
3904,23,878,473.2888408458269,4304.725925046426,400.6543211977099,4197.618852742186,54.0,0.10144833133620683,-1.7883966664508837,0.10143699603540929,-1.787387017065646,0.017583183067157993,0.31484940324347566
3905,27,878,413.6607163277177,4126.933692479007,400.6543211977099,4197.618852742186,54.0,0.10144833133620683,-0.986966073740644,0.10143699603540929,-0.9871620963180772,0.017583183067157993,0.16337236601364816
3906,44,878,472.0029937650396,4104.126300266757,400.6543211977099,4197.618852742186,54.0,0.10144833133620683,-1.3073004290475965,0.10143699603540929,-1.305608153766478,0.017583183067157993,0.2406757745730162
3907,31,878,286.22286085268047,4096.016113555928,400.6543211977099,4197.618852742186,54.0,0.10144833133620683,-1.462405138705159,0.10143699603540929,-1.4613263702166084,0.017583183067157993,0.3510460794462357
3908,41,878,461.8106926932424,4070.996636995212,400.6543211977099,4197.618852742186,54.0,0.10144833133620683,-1.650173137332622,0.10143699603540929,-1.6494272313348726,0.017583183067157993,0.28125770543444384
3909,45,879,517.3116391169647,4113.7490927459785,420.8438581890216,4195.57911254482,54.0,0.10144833133620683,-1.1752590590169425,0.10143699603540929,-1.1753988740010786,0.017583183067157993,0.25796351976136483
3910,35,879,583.2192292927565,4207.570440686977,420.8438581890216,4195.57911254482,54.0,0.10144833133620683,-1.537017859033607,0.10143699603540929,-1.5402751180624592,0.017583183067157993,0.38099236687311344
3911,43,879,630.0947010611478,4141.259609929846,420.8438581890216,4195.57911254482,54.0,0.10144833133620683,-2.0753405948994446,0.10143699603540929,-2.076375564616536,0.017583183067157993,0.5381449907153092
3912,31,879,286.22286085268047,4096.016113555928,420.8438581890216,4195.57911254482,54.0,0.10144833133620683,-1.7875508961537498,0.10143699603540929,-1.7868370573348857,0.017583183067157993,0.37963876319370565
3913,44,879,472.0029937650396,4104.126300266757,420.8438581890216,4195.57911254482,54.0,0.10144833133620683,-0.9957915741933968,0.10143699603540929,-0.9938058075204491,0.017583183067157993,0.20777052452967032
3914,30,879,625.9985091941669,4344.425799606012,420.8438581890216,4195.57911254482,54.0,0.10144833133620683,-2.5915928953730947,0.10143699603540929,-2.5853710594902237,0.017583183067157993,0.5645202469384252
3915,23,879,480.9104487441829,4300.487032278314,420.8438581890216,4195.57911254482,54.0,0.10144833133620683,-1.4098747071345468,0.10143699603540929,-1.4080725759099464,0.017583183067157993,0.27971217482226546
3916,41,879,461.8106926932424,4070.996636995212,420.8438581890216,4195.57911254482,54.0,0.10144833133620683,-1.4520836215826665,0.10143699603540929,-1.450058276677573,0.017583183067157993,0.2551406575120661
3917,37,880,628.569594659982,4182.409690156388,445.89422324985344,4248.614738828751,54.0,0.10144833133620683,-2.178004094824671,0.10143699603540929,-2.1798832876555285,0.017583183067157993,0.45739178577006845
3918,29,880,679.1344462972443,4226.875249913833,445.89422324985344,4248.614738828751,54.0,0.10144833133620683,-2.5082868707862733,0.10143699603540929,-2.502411818379104,0.017583183067157993,0.6026283787987766
3919,19,880,324.8153272931308,4135.979057138678,445.89422324985344,4248.614738828751,54.0,0.10144833133620683,-1.6039058566618827,0.10143699603540929,-1.6029622535620744,0.017583183067157993,0.411750486947471
3920,30,880,625.9985091941669,4344.425799606012,445.89422324985344,4248.614738828751,54.0,0.10144833133620683,-2.0082404655902617,0.10143699603540929,-1.9986772508453812,0.017583183067157993,0.43265014665388346
3921,35,880,583.2192292927565,4207.570440686977,445.89422324985344,4248.614738828751,54.0,0.10144833133620683,-1.6686388327901354,0.10143699603540929,-1.6666839460580465,0.017583183067157993,0.3298410633650747
3922,16,880,510.22088537403255,4246.5421852479,445.89422324985344,4248.614738828751,54.0,0.10144833133620683,-0.6750447441171494,0.10143699603540929,-0.6731683444934915,0.017583183067157993,0.1355526345672055
3923,44,880,472.0029937650396,4104.126300266757,445.89422324985344,4248.614738828751,54.0,0.10144833133620683,-1.1173109998589061,0.10143699603540929,-1.1139961072695836,0.017583183067157993,0.29116485185500746
3924,30,881,625.9985091941669,4344.425799606012,435.11914917042,4235.955205541315,54.0,0.10144833133620683,-2.1011486228535223,0.10143699603540929,-2.0895225192704387,0.017583183067157993,0.47166267154722685
3925,35,881,583.2192292927565,4207.570440686977,435.11914917042,4235.955205541315,54.0,0.10144833133620683,-1.6108963382549686,0.10143699603540929,-1.609802366356581,0.017583183067157993,0.35632935192630455
3926,31,881,286.22286085268047,4096.016113555928,435.11914917042,4235.955205541315,54.0,0.10144833133620683,-1.9562583496991637,0.10143699603540929,-1.9568636058496371,0.017583183067157993,0.4850357630152076
3927,43,881,630.0947010611478,4141.259609929846,435.11914917042,4235.955205541315,54.0,0.10144833133620683,-2.2874491492245235,0.10143699603540929,-2.2897433575415946,0.017583183067157993,0.5395000073361297
3928,29,881,679.1344462972443,4226.875249913833,435.11914917042,4235.955205541315,54.0,0.10144833133620683,-2.6011594447862074,0.10143699603540929,-2.5947052952841125,0.017583183067157993,0.6260862855168453
3929,19,881,324.8153272931308,4135.979057138678,435.11914917042,4235.955205541315,54.0,0.10144833133620683,-1.4573012733625992,0.10143699603540929,-1.4571018631942083,0.017583183067157993,0.37055944405014535
3930,22,881,301.6304881357929,4156.037775497009,435.11914917042,4235.955205541315,54.0,0.10144833133620683,-1.354377139394049,0.10143699603540929,-1.3562417108038334,0.017583183067157993,0.4042088144393523
3931,44,881,472.0029937650396,4104.126300266757,435.11914917042,4235.955205541315,54.0,0.10144833133620683,-0.9707962801599113,0.10143699603540929,-0.970270471677534,0.017583183067157993,0.2760983411680459
3932,23,881,474.06790899666265,4304.2794520946645,435.11914917042,4235.955205541315,54.0,0.10144833133620683,-1.2220716259821676,0.10143699603540929,-1.2205705223450114,0.017583183067157993,0.18163789255129872
3933,41,881,461.8106926932424,4070.996636995212,435.11914917042,4235.955205541315,54.0,0.10144833133620683,-1.563693943831238,0.10143699603540929,-1.5624608625571335,0.017583183067157993,0.33096485289416544
3934,16,881,510.22088537403255,4246.5421852479,435.11914917042,4235.955205541315,54.0,0.10144833133620683,-0.7843498409535676,0.10143699603540929,-0.7818500245293905,0.017583183067157993,0.16271923200901262
3935,19,882,324.8153272931308,4135.979057138678,425.9413030559138,4217.635551223826,54.0,0.10144833133620683,-1.3183468479294493,0.10143699603540929,-1.3177610445474093,0.017583183067157993,0.3198179907312827
3936,44,882,472.0029937650396,4104.126300266757,425.9413030559138,4217.635551223826,54.0,0.10144833133620683,-0.968625699904783,0.10143699603540929,-0.9679491262413907,0.017583183067157993,0.2467326658869316
3937,35,882,583.2192292927565,4207.570440686977,425.9413030559138,4217.635551223826,54.0,0.10144833133620683,-1.5984341230512409,0.10143699603540929,-1.6002672655477372,0.017583183067157993,0.37814193572988736
3938,23,882,475.1069190047686,4303.721264987423,425.9413030559138,4217.635551223826,54.0,0.10144833133620683,-1.3873964893191892,0.10143699603540929,-1.3853416863758603,0.017583183067157993,0.23079366894697556
3939,16,882,510.22088537403255,4246.5421852479,425.9413030559138,4217.635551223826,54.0,0.10144833133620683,-0.8725243808487394,0.10143699603540929,-0.8709471892989378,0.017583183067157993,0.19583113948975875
3940,22,882,301.6304881357929,4156.037775497009,425.9413030559138,4217.635551223826,54.0,0.10144833133620683,-1.2508849038830647,0.10143699603540929,-1.2524328798056197,0.017583183067157993,0.3532012337631055
3941,44,883,472.0029937650396,4104.126300266757,438.4164680502774,4215.068249794143,54.0,0.10144833133620683,-0.7911537655534662,0.10143699603540929,-0.7914098149195766,0.017583183067157993,0.22521310886835183
3942,16,883,510.22088537403255,4246.5421852479,438.4164680502774,4215.068249794143,54.0,0.10144833133620683,-0.786056961292327,0.10143699603540929,-0.7850584802958993,0.017583183067157993,0.1673652327443148
3943,41,883,461.8106926932424,4070.996636995212,438.4164680502774,4215.068249794143,54.0,0.10144833133620683,-1.3821749086139286,0.10143699603540929,-1.3814169214867695,0.017583183067157993,0.27965197678553766
3944,22,883,301.6304881357929,4156.037775497009,438.4164680502774,4215.068249794143,54.0,0.10144833133620683,-1.3701202348783021,0.10143699603540929,-1.370713835474174,0.017583183067157993,0.3719520486863225
3945,35,883,583.2192292927565,4207.570440686977,438.4164680502774,4215.068249794143,54.0,0.10144833133620683,-1.5021112433074575,0.10143699603540929,-1.503769751537197,0.017583183067157993,0.3469698912583494
3946,19,883,324.8153272931308,4135.979057138678,438.4164680502774,4215.068249794143,54.0,0.10144833133620683,-1.4418097079074068,0.10143699603540929,-1.4410139420553794,0.017583183067157993,0.3350347873361025
3947,43,883,630.0947010611478,4141.259609929846,438.4164680502774,4215.068249794143,54.0,0.10144833133620683,-2.1417164187704536,0.10143699603540929,-2.1440388590888917,0.017583183067157993,0.5149613360247591
3948,23,883,485.3312407692456,4298.036308618457,438.4164680502774,4215.068249794143,54.0,0.10144833133620683,-1.046879651799262,0.10143699603540929,-1.0439071070283086,0.017583183067157993,0.21352099639432004
3949,37,883,628.569594659982,4182.409690156388,438.4164680502774,4215.068249794143,54.0,0.10144833133620683,-1.9076407967654883,0.10143699603540929,-1.9130876099499399,0.017583183067157993,0.4631403927013566
3950,64,884,251.14156651564912,4194.6094429104505,394.7738706108567,4205.194212624403,54.0,0.10144833133620683,-1.3174876887329992,0.10143699603540929,-1.316419391303448,0.017583183067157993,0.42116455229909155
3951,31,884,286.22286085268047,4096.016113555928,394.7738706108567,4205.194212624403,54.0,0.10144833133620683,-1.4219369089818858,0.10143699603540929,-1.4233991665008279,0.017583183067157993,0.35895066666828446
3952,44,884,472.0029937650396,4104.126300266757,394.7738706108567,4205.194212624403,54.0,0.10144833133620683,-1.4149675275547715,0.10143699603540929,-1.4141455465077328,0.017583183067157993,0.26769645303697887
3953,19,884,324.8153272931308,4135.979057138678,394.7738706108567,4205.194212624403,54.0,0.10144833133620683,-0.926656693598601,0.10143699603540929,-0.9267013962170481,0.017583183067157993,0.24203518332630722
3954,23,884,473.2888408458269,4304.725925046426,394.7738706108567,4205.194212624403,54.0,0.10144833133620683,-1.7814001447586194,0.10143699603540929,-1.7805294154743947,0.017583183067157993,0.31684523648034096
3955,22,884,301.6304881357929,4156.037775497009,394.7738706108567,4205.194212624403,54.0,0.10144833133620683,-0.892666934668177,0.10143699603540929,-0.8928981439433461,0.017583183067157993,0.26708998224868996
3956,22,885,301.6304881357929,4156.037775497009,428.2859587728415,4202.05740045784,54.0,0.10144833133620683,-1.34943628816551,0.10143699603540929,-1.3499036685832262,0.017583183067157993,0.3279640677769813
3957,44,885,472.0029937650396,4104.126300266757,428.2859587728415,4202.05740045784,54.0,0.10144833133620683,-0.8906891482436182,0.10143699603540929,-0.8894431376966063,0.017583183067157993,0.21009474647381574
3958,45,885,517.3116391169647,4113.7490927459785,428.2859587728415,4202.05740045784,54.0,0.10144833133620683,-1.0572058887377842,0.10143699603540929,-1.0578420866586034,0.017583183067157993,0.25834431593914875
3959,16,885,510.22088537403255,4246.5421852479,428.2859587728415,4202.05740045784,54.0,0.10144833133620683,-0.9029986100209224,0.10143699603540929,-0.9026740549354854,0.017583183067157993,0.2018906699568794
3960,23,885,483.6841440753397,4299.038242766617,428.2859587728415,4202.05740045784,54.0,0.10144833133620683,-1.2201467043711154,0.10143699603540929,-1.2176374946651862,0.017583183067157993,0.2553847160677942
3961,19,885,324.8153272931308,4135.979057138678,428.2859587728415,4202.05740045784,54.0,0.10144833133620683,-1.3593465901641992,0.10143699603540929,-1.3581935720367486,0.017583183067157993,0.2927243164902731
3962,31,886,286.22286085268047,4096.016113555928,414.5220180223404,4194.72156940495,54.0,0.10144833133620683,-1.678031436373062,0.10143699603540929,-1.67713970360592,0.017583183067157993,0.36725398469857085
3963,43,886,630.0947010611478,4141.259609929846,414.5220180223404,4194.72156940495,54.0,0.10144833133620683,-2.162325674827013,0.10143699603540929,-2.1633843132036756,0.017583183067157993,0.5516796541407274
3964,19,886,324.8153272931308,4135.979057138678,414.5220180223404,4194.72156940495,54.0,0.10144833133620683,-1.1549643993099596,0.10143699603540929,-1.1533878696682196,0.017583183067157993,0.2561420832040287
3965,23,886,476.4923827513901,4302.940239845585,414.5220180223404,4194.72156940495,54.0,0.10144833133620683,-1.6237541668393316,0.10143699603540929,-1.6229422484439926,0.017583183067157993,0.2934767478911365
3966,16,886,510.22088537403255,4246.5421852479,414.5220180223404,4194.72156940495,54.0,0.10144833133620683,-1.101465581582014,0.10143699603540929,-1.101563227428,0.017583183067157993,0.23920249852723866
3967,44,886,472.0029937650396,4104.126300266757,414.5220180223404,4194.72156940495,54.0,0.10144833133620683,-1.1229214962033,0.10143699603540929,-1.1206224029985599,0.017583183067157993,0.21570415545342086
3968,27,886,413.6607163277177,4126.933692479007,414.5220180223404,4194.72156940495,54.0,0.10144833133620683,-0.928875796117328,0.10143699603540929,-0.9289793298315374,0.017583183067157993,0.15396695657203918
3969,22,886,301.6304881357929,4156.037775497009,414.5220180223404,4194.72156940495,54.0,0.10144833133620683,-1.1661330516850048,0.10143699603540929,-1.16604187684813,0.017583183067157993,0.28986761391249793
3970,41,886,461.8106926932424,4070.996636995212,414.5220180223404,4194.72156940495,54.0,0.10144833133620683,-1.545318739231126,0.10143699603540929,-1.5435413923654848,0.017583183067157993,0.261084158220254
3971,35,886,583.2192292927565,4207.570440686977,414.5220180223404,4194.72156940495,54.0,0.10144833133620683,-1.626548312924081,0.10143699603540929,-1.6298504782066674,0.017583183067157993,0.39571217893063104
3972,30,887,625.9985091941669,4344.425799606012,416.2556929545757,4313.9028901392985,54.0,0.10144833133620683,-2.3605390806677153,0.10143699603540929,-2.3590158130536736,0.017583183067157993,0.4730477122129882
3973,16,887,513.1636048475955,4263.301540421994,416.2556929545757,4313.9028901392985,54.0,0.10144833133620683,-1.255637629268504,0.10143699603540929,-1.2533933268911892,0.017583183067157993,0.262912815853455
3974,44,887,472.0029937650396,4104.126300266757,416.2556929545757,4313.9028901392985,54.0,0.10144833133620683,-1.9564223170900226,0.10143699603540929,-1.9526783746377905,0.017583183067157993,0.49142038654256237
3975,32,887,334.71484028241383,4482.861045979598,416.2556929545757,4313.9028901392985,54.0,0.10144833133620683,-1.9461593815431713,0.10143699603540929,-1.940778609458742,0.017583183067157993,0.6668632370955808
3976,19,887,313.8105789821288,4143.210879673134,416.2556929545757,4313.9028901392985,54.0,0.10144833133620683,-1.7602979992788361,0.10143699603540929,-1.7544683087226605,0.017583183067157993,0.5762040986599059
3977,23,887,473.2888408458269,4304.725925046426,416.2556929545757,4313.9028901392985,54.0,0.10144833133620683,-0.7869083952142331,0.10143699603540929,-0.7843912555009912,0.017583183067157993,0.1548531488625788
3978,22,887,301.6304881357929,4156.037775497009,416.2556929545757,4313.9028901392985,54.0,0.10144833133620683,-1.7355338620834755,0.10143699603540929,-1.7306369241526476,0.017583183067157993,0.5918646150183895
3979,19,888,324.8153272931308,4135.979057138678,428.5710453250903,4289.332939439008,54.0,0.10144833133620683,-1.837388689377254,0.10143699603540929,-1.8392402628201605,0.017583183067157993,0.4922517041422256
3980,23,888,473.2888408458269,4304.725925046426,428.5710453250903,4289.332939439008,54.0,0.10144833133620683,-0.7680927818326262,0.10143699603540929,-0.765531643503246,0.017583183067157993,0.11218799086462158
3981,22,888,301.6304881357929,4156.037775497009,428.5710453250903,4289.332939439008,54.0,0.10144833133620683,-1.7045181331780754,0.10143699603540929,-1.698569528259912,0.017583183067157993,0.5198586788388023
3982,16,888,513.1636048475955,4263.301540421994,428.5710453250903,4289.332939439008,54.0,0.10144833133620683,-1.0393087617555856,0.10143699603540929,-1.0353395958348603,0.017583183067157993,0.1995748640228106
3983,16,889,513.1636048475955,4263.301540421994,445.6080558911104,4284.859160068763,54.0,0.10144833133620683,-0.826215791882281,0.10143699603540929,-0.8236097237464192,0.017583183067157993,0.15693829502980433
3984,16,890,513.1636048475955,4263.301540421994,461.25934481415896,4285.045081675647,54.0,0.10144833133620683,-0.5999934380458118,0.10143699603540929,-0.5983994053287445,0.017583183067157993,0.12264071853835085
3985,67,890,614.1933123417826,4407.07660776138,461.25934481415896,4285.045081675647,54.0,0.10144833133620683,-1.9945581015022922,0.10143699603540929,-1.9931867227649973,0.017583183067157993,0.3955448796949602
3986,23,891,473.2888408458269,4304.725925046426,413.44368953224784,4276.820130489507,54.0,0.10144833133620683,-0.9886324506238562,0.10143699603540929,-0.9852445673663484,0.017583183067157993,0.16635848161503589
3987,22,891,301.6304881357929,4156.037775497009,413.44368953224784,4276.820130489507,54.0,0.10144833133620683,-1.4641913448878316,0.10143699603540929,-1.4596128154372456,0.017583183067157993,0.4670181748923608
3988,16,891,512.3856951040117,4258.972788468116,413.44368953224784,4276.820130489507,54.0,0.10144833133620683,-1.1466004071253793,0.10143699603540929,-1.1425585858973486,0.017583183067157993,0.23532158148415566
3989,35,891,583.2192292927565,4207.570440686977,413.44368953224784,4276.820130489507,54.0,0.10144833133620683,-2.2845902896585595,0.10143699603540929,-2.283404495510819,0.017583183067157993,0.4328355065024702
3990,44,891,472.0029937650396,4104.126300266757,413.44368953224784,4276.820130489507,54.0,0.10144833133620683,-1.552815402929685,0.10143699603540929,-1.5506933427365273,0.017583183067157993,0.4039484385720129
3991,19,891,323.32829666696733,4136.898408998256,413.44368953224784,4276.820130489507,54.0,0.10144833133620683,-1.5836064534965193,0.10143699603540929,-1.5853063516612949,0.017583183067157993,0.44315631316640763
3992,44,892,472.0029937650396,4104.126300266757,391.8808158955226,4258.73653007643,54.0,0.10144833133620683,-1.6515342589647597,0.10143699603540929,-1.6511087805617422,0.017583183067157993,0.39931048490274085
3993,23,892,473.2888408458269,4304.725925046426,391.8808158955226,4258.73653007643,54.0,0.10144833133620683,-1.349819402996689,0.10143699603540929,-1.3473248411352166,0.017583183067157993,0.2453208005231642
3994,19,892,316.0774241994025,4141.606387672634,391.8808158955226,4258.73653007643,54.0,0.10144833133620683,-1.1642878451570722,0.10143699603540929,-1.160945579481024,0.017583183067157993,0.3777165780154949
3995,16,892,510.22088537403255,4246.5421852479,391.8808158955226,4258.73653007643,54.0,0.10144833133620683,-1.5484719699704474,0.10143699603540929,-1.5482018509959272,0.017583183067157993,0.28404974801868293
3996,64,892,251.14156651564912,4194.6094429104505,391.8808158955226,4258.73653007643,54.0,0.10144833133620683,-1.3592968354668158,0.10143699603540929,-1.3526579616986774,0.017583183067157993,0.516814896036305
3997,22,892,301.6304881357929,4156.037775497009,391.8808158955226,4258.73653007643,54.0,0.10144833133620683,-1.1114675281253532,0.10143699603540929,-1.1066543528113915,0.017583183067157993,0.3888676220676185
3998,23,893,473.2888408458269,4304.725925046426,411.930196078557,4249.125208015304,54.0,0.10144833133620683,-1.3239484857326151,0.10143699603540929,-1.322152146033191,0.017583183067157993,0.20313799145228187
3999,19,893,324.8153272931308,4135.979057138678,411.930196078557,4249.125208015304,54.0,0.10144833133620683,-1.2872907249812358,0.10143699603540929,-1.291072182919517,0.017583183067157993,0.3714914614281986
4000,44,893,472.0029937650396,4104.126300266757,411.930196078557,4249.125208015304,54.0,0.10144833133620683,-1.3071769716612398,0.10143699603540929,-1.304771777875456,0.017583183067157993,0.342309195749163
4001,30,893,625.9985091941669,4344.425799606012,411.930196078557,4249.125208015304,54.0,0.10144833133620683,-2.5992416478479035,0.10143699603540929,-2.592190199901961,0.017583183067157993,0.5112122699386424
4002,31,893,286.22286085268047,4096.016113555928,411.930196078557,4249.125208015304,54.0,0.10144833133620683,-1.7814154859231681,0.10143699603540929,-1.7868541061673202,0.017583183067157993,0.49131323166022206
4003,22,893,301.6304881357929,4156.037775497009,411.930196078557,4249.125208015304,54.0,0.10144833133620683,-1.1953302609417553,0.10143699603540929,-1.1902876459022134,0.017583183067157993,0.3864025397133282
4004,35,893,583.2192292927565,4207.570440686977,411.930196078557,4249.125208015304,54.0,0.10144833133620683,-1.911774721244603,0.10143699603540929,-1.908285542183311,0.017583183067157993,0.41719266208105793
4005,41,893,461.8106926932424,4070.996636995212,411.930196078557,4249.125208015304,54.0,0.10144833133620683,-1.8441409558462492,0.10143699603540929,-1.8417992596873622,0.017583183067157993,0.39493411794530264
4006,16,893,510.22088537403255,4246.5421852479,411.930196078557,4249.125208015304,54.0,0.10144833133620683,-0.9954613364492613,0.10143699603540929,-0.9914179716205956,0.017583183067157993,0.22212985727828446
4007,31,894,286.22286085268047,4096.016113555928,423.6141353116863,4253.411593782615,54.0,0.10144833133620683,-1.9119497975255906,0.10143699603540929,-1.916356879774959,0.017583183067157993,0.5207114178196175
4008,22,894,301.6304881357929,4156.037775497009,423.6141353116863,4253.411593782615,54.0,0.10144833133620683,-1.3311687346468521,0.10143699603540929,-1.3263121262590893,0.017583183067157993,0.4189621988834315
4009,23,894,473.2888408458269,4304.725925046426,423.6141353116863,4253.411593782615,54.0,0.10144833133620683,-1.2083606542331737,0.10143699603540929,-1.2072697061068498,0.017583183067157993,0.16818485360618468
4010,44,894,472.0029937650396,4104.126300266757,423.6141353116863,4253.411593782615,54.0,0.10144833133620683,-1.1965542502529911,0.10143699603540929,-1.1953095193119738,0.017583183067157993,0.3271083265261038
4011,16,894,510.22088537403255,4246.5421852479,423.6141353116863,4253.411593782615,54.0,0.10144833133620683,-1.1167502519491503,0.10143699603540929,-1.1158960942333305,0.017583183067157993,0.18907562158392005
4012,41,894,461.8106926932424,4070.996636995212,423.6141353116863,4253.411593782615,54.0,0.10144833133620683,-1.7975219172528967,0.10143699603540929,-1.7951644906916293,0.017583183067157993,0.38352801048509794
4013,30,894,625.9985091941669,4344.425799606012,423.6141353116863,4253.411593782615,54.0,0.10144833133620683,-2.433199093965105,0.10143699603540929,-2.4264180342298127,0.017583183067157993,0.47568950950203154
4014,19,894,324.8153272931308,4135.979057138678,423.6141353116863,4253.411593782615,54.0,0.10144833133620683,-1.420565778554837,0.10143699603540929,-1.422485344874919,0.017583183067157993,0.4012172296695942
4015,35,894,583.2192292927565,4207.570440686977,423.6141353116863,4253.411593782615,54.0,0.10144833133620683,-1.9459247301521037,0.10143699603540929,-1.9433711008689547,0.017583183067157993,0.3850032525066536
