rsn,eqid,ssn,eqX,eqY,staX,staY,zoneUTM,dc_0_mean,Lc_ca_mean,dc_0_med,Lc_ca_med,dc_0_unc,Lc_ca_unc
1,38,0,292.2609771757026,3909.816818957042,128.51496790687293,3913.739001202812,54.0,0.08206859886326451,-1.4232080437422694,0.08209464319855528,-1.4181747177336697,0.017397015572304504,0.3420231217621447
2,25,0,264.330530090726,3842.899620060988,128.51496790687293,3913.739001202812,54.0,0.08206859886326451,-1.3069075708174345,0.08209464319855528,-1.3071564165208214,0.017397015572304504,0.36097426645853653
3,53,1,275.4374088407163,3843.51011953928,154.50504546553583,3901.5896026139903,54.0,0.08206859886326451,-1.0736960696945872,0.08209464319855528,-1.0730684744705137,0.017397015572304504,0.30301927872125195
4,38,1,292.2609771757026,3909.816818957042,154.50504546553583,3901.5896026139903,54.0,0.08206859886326451,-1.2264380292326866,0.08209464319855528,-1.2222301122759733,0.017397015572304504,0.2778760882640026
5,25,1,264.330530090726,3842.899620060988,154.50504546553583,3901.5896026139903,54.0,0.08206859886326451,-1.076257164033042,0.08209464319855528,-1.07702251431286,0.017397015572304504,0.28834136582605285
6,38,2,292.2609771757026,3909.816818957042,182.17667623346983,3902.5741380529994,54.0,0.08206859886326451,-1.0288714126524312,0.08209464319855528,-1.0268502063216678,0.017397015572304504,0.2162206199910037
7,28,2,181.0656949265822,4007.0767963031503,182.17667623346983,3902.5741380529994,54.0,0.08206859886326451,-1.0510739117441088,0.08209464319855528,-1.0517941819044827,0.017397015572304504,0.22655859847429502
8,25,2,264.330530090726,3842.899620060988,182.17667623346983,3902.5741380529994,54.0,0.08206859886326451,-0.7970732400103092,0.08209464319855528,-0.7969620892239039,0.017397015572304504,0.2207871116678537
9,53,2,275.4374088407163,3843.51011953928,182.17667623346983,3902.5741380529994,54.0,0.08206859886326451,-0.7909951168186922,0.08209464319855528,-0.789464520877939,0.017397015572304504,0.23416135433942117
10,38,3,292.2609771757026,3909.816818957042,187.83731878982752,3889.567114997888,54.0,0.08206859886326451,-0.8700283962453988,0.08209464319855528,-0.8696128269011176,0.017397015572304504,0.20920114838248313
11,25,3,264.330530090726,3842.899620060988,187.83731878982752,3889.567114997888,54.0,0.08206859886326451,-0.7638430607530435,0.08209464319855528,-0.7640500267295459,0.017397015572304504,0.198519873411049
12,25,4,264.330530090726,3842.899620060988,143.10717359488643,3838.030342010029,54.0,0.08206859886326451,-1.319675541731806,0.08209464319855528,-1.3208752464107218,0.017397015572304504,0.31170480578679305
13,21,5,103.34699834515416,4117.964937310308,139.77999744006962,3872.595402570746,54.0,0.08206859886326451,-1.8751892532374042,0.08209464319855528,-1.8727422355546093,0.017397015572304504,0.6026950826122056
14,18,5,97.03457460542091,3675.453369364249,139.77999744006962,3872.595402570746,54.0,0.08206859886326451,-1.2803492472818685,0.08209464319855528,-1.2683778904120153,0.017397015572304504,0.5494123536489613
15,18,6,81.55980152094574,3678.88477611573,123.08297592290974,3868.4555154718055,54.0,0.08206859886326451,-1.2015288163237767,0.08209464319855528,-1.184967384486819,0.017397015572304504,0.5331317541124841
16,25,6,264.330530090726,3842.899620060988,123.08297592290974,3868.4555154718055,54.0,0.08206859886326451,-1.4596151828570525,0.08209464319855528,-1.4575190589478293,0.017397015572304504,0.3510240268093133
17,21,6,103.34699834515416,4117.964937310308,123.08297592290974,3868.4555154718055,54.0,0.08206859886326451,-1.999898676599958,0.08209464319855528,-1.9944312906869328,0.017397015572304504,0.6241057263288124
18,38,7,292.2609771757026,3909.816818957042,137.03362976716522,3837.5668472098328,54.0,0.08206859886326451,-1.3779771587018923,0.08209464319855528,-1.378261305546279,0.017397015572304504,0.37008194799090344
19,25,7,264.330530090726,3842.899620060988,137.03362976716522,3837.5668472098328,54.0,0.08206859886326451,-1.3618108718432416,0.08209464319855528,-1.3629847519233165,0.017397015572304504,0.3286773601461244
20,18,7,101.67141511603498,3674.484805454924,137.03362976716522,3837.5668472098328,54.0,0.08206859886326451,-1.0010517404718615,0.08209464319855528,-0.9893508288776148,0.017397015572304504,0.4545387446465835
21,38,8,292.2609771757026,3909.816818957042,172.65571807246388,3903.30306557218,54.0,0.08206859886326451,-1.0978749009954567,0.08209464319855528,-1.095563998306607,0.017397015572304504,0.23650125024390892
22,25,8,264.330530090726,3842.899620060988,172.65571807246388,3903.30306557218,54.0,0.08206859886326451,-0.8847812816521332,0.08209464319855528,-0.8846633542654307,0.017397015572304504,0.24316844476860816
23,18,8,122.91219023912598,3669.973659608032,172.65571807246388,3903.30306557218,54.0,0.08206859886326451,-1.6347434269062213,0.08209464319855528,-1.6236530467145567,0.017397015572304504,0.6343245385881842
24,18,9,119.10864313893713,3670.787988011353,161.89050717369193,3870.304886320098,54.0,0.08206859886326451,-1.3535942396436011,0.08209464319855528,-1.3420472529413914,0.017397015572304504,0.5518965786223957
25,18,10,126.52937545907687,3669.1679992851136,169.18230311230798,3841.7481574939534,54.0,0.08206859886326451,-1.1014365433410036,0.08209464319855528,-1.0895247634927587,0.017397015572304504,0.4777238421957643
26,53,10,275.4374088407163,3843.51011953928,169.18230311230798,3841.7481574939534,54.0,0.08206859886326451,-1.249553505009712,0.08209464319855528,-1.2486162421476672,0.017397015572304504,0.27321389462235673
27,25,10,264.330530090726,3842.899620060988,169.18230311230798,3841.7481574939534,54.0,0.08206859886326451,-1.1113197293591177,0.08209464319855528,-1.1112291416191549,0.017397015572304504,0.24112590035962894
28,38,10,292.2609771757026,3909.816818957042,169.18230311230798,3841.7481574939534,54.0,0.08206859886326451,-1.1763052167524453,0.08209464319855528,-1.1777470551562905,0.017397015572304504,0.29046753738382125
29,38,11,292.2609771757026,3909.816818957042,191.90109938987828,3878.2746935665655,54.0,0.08206859886326451,-0.7804648444165496,0.08209464319855528,-0.7800587422499149,0.017397015572304504,0.20351512789173123
30,53,11,275.4374088407163,3843.51011953928,191.90109938987828,3878.2746935665655,54.0,0.08206859886326451,-0.8073263837323683,0.08209464319855528,-0.8067442150428368,0.017397015572304504,0.20164883368687955
31,25,11,264.330530090726,3842.899620060988,191.90109938987828,3878.2746935665655,54.0,0.08206859886326451,-0.7731286676395854,0.08209464319855528,-0.7736383387652076,0.017397015572304504,0.18302129012801732
32,18,11,126.52937545907687,3669.1679992851136,191.90109938987828,3878.2746935665655,54.0,0.08206859886326451,-1.4857439686648273,0.08209464319855528,-1.4742104419281958,0.017397015572304504,0.5773307844134492
33,25,12,264.330530090726,3842.899620060988,141.44423435963492,3914.1041134189504,54.0,0.08206859886326451,-1.1698700877441808,0.08209464319855528,-1.1685255386975626,0.017397015572304504,0.32589422640324933
34,38,13,292.2609771757026,3909.816818957042,143.62984271407734,3856.494018898308,54.0,0.08206859886326451,-1.2282333180447083,0.08209464319855528,-1.226920643798637,0.017397015572304504,0.3304387252457418
35,53,13,275.4374088407163,3843.51011953928,143.62984271407734,3856.494018898308,54.0,0.08206859886326451,-1.4325617423031511,0.08209464319855528,-1.4285486239914844,0.017397015572304504,0.3276685705351447
36,25,13,264.330530090726,3842.899620060988,143.62984271407734,3856.494018898308,54.0,0.08206859886326451,-1.3047559506344004,0.08209464319855528,-1.3009968990488916,0.017397015572304504,0.29820598681302135
37,18,13,104.17458112864377,3673.9383146686832,143.62984271407734,3856.494018898308,54.0,0.08206859886326451,-1.141892658291127,0.08209464319855528,-1.1308606705270308,0.017397015572304504,0.5101163481816982
38,28,14,181.0656949265822,4007.0767963031503,140.03220610245066,3900.631536167624,54.0,0.08206859886326451,-0.9212820140291654,0.08209464319855528,-0.9198205454117852,0.017397015572304504,0.2611706989925052
39,38,14,292.2609771757026,3909.816818957042,140.03220610245066,3900.631536167624,54.0,0.08206859886326451,-1.335813097081512,0.08209464319855528,-1.330966786682219,0.017397015572304504,0.3133788574404769
40,18,14,91.38061998577184,3676.689171757528,140.03220610245066,3900.631536167624,54.0,0.08206859886326451,-1.4784877119288813,0.08209464319855528,-1.465553952894718,0.017397015572304504,0.625903320025038
41,21,15,103.34699834515416,4117.964937310308,166.13464768580218,3894.629348195649,54.0,0.08206859886326451,-1.6962408215608324,0.08209464319855528,-1.6803714906054288,0.017397015572304504,0.5301128758386408
42,38,15,292.2609771757026,3909.816818957042,166.13464768580218,3894.629348195649,54.0,0.08206859886326451,-1.1473306314201777,0.08209464319855528,-1.1464016977315954,0.017397015572304504,0.26262311977231234
43,25,15,264.330530090726,3842.899620060988,166.13464768580218,3894.629348195649,54.0,0.08206859886326451,-0.9756806112106935,0.08209464319855528,-0.9765844836118099,0.017397015572304504,0.255211820697424
44,53,15,275.4374088407163,3843.51011953928,166.13464768580218,3894.629348195649,54.0,0.08206859886326451,-0.9802730870687862,0.08209464319855528,-0.9798636951539732,0.017397015572304504,0.2707538258741134
45,18,15,118.27240388292726,3670.9317607653247,166.13464768580218,3894.629348195649,54.0,0.08206859886326451,-1.5583226750646195,0.08209464319855528,-1.5474415265907944,0.017397015572304504,0.6153705330945792
46,28,15,181.0656949265822,4007.0767963031503,166.13464768580218,3894.629348195649,54.0,0.08206859886326451,-1.0687612091642893,0.08209464319855528,-1.065423215105732,0.017397015572304504,0.25738452437742626
47,38,16,292.2609771757026,3909.816818957042,184.34237201585265,3895.6542281596544,54.0,0.08206859886326451,-1.0047878447458698,0.08209464319855528,-1.0038314743805399,0.017397015572304504,0.21766324264761452
48,18,16,126.52937545907687,3669.1679992851136,184.34237201585265,3895.6542281596544,54.0,0.08206859886326451,-1.5534645167084749,0.08209464319855528,-1.5417650893299863,0.017397015572304504,0.6141314059644772
49,21,16,103.34699834515416,4117.964937310308,184.34237201585265,3895.6542281596544,54.0,0.08206859886326451,-1.5987201776167814,0.08209464319855528,-1.585770206407425,0.017397015572304504,0.5191988137483637
50,28,16,181.0656949265822,4007.0767963031503,184.34237201585265,3895.6542281596544,54.0,0.08206859886326451,-1.1022389181246042,0.08209464319855528,-1.1029898089405281,0.017397015572304504,0.24250944199839936
51,53,16,275.4374088407163,3843.51011953928,184.34237201585265,3895.6542281596544,54.0,0.08206859886326451,-0.7838621013228477,0.08209464319855528,-0.7826043142287763,0.017397015572304504,0.22584599264905708
52,25,16,264.330530090726,3842.899620060988,184.34237201585265,3895.6542281596544,54.0,0.08206859886326451,-0.7838693248379457,0.08209464319855528,-0.7839775092948467,0.017397015572304504,0.21113004249142184
53,38,17,292.2609771757026,3909.816818957042,201.93033620389085,3898.3572697427626,54.0,0.08206859886326451,-0.8770535172655843,0.08209464319855528,-0.8757743446297435,0.017397015572304504,0.175862559406274
54,31,17,286.22286085268047,4096.016113555928,201.93033620389085,3898.3572697427626,54.0,0.08206859886326451,-1.7708464163012068,0.08209464319855528,-1.7635937068673329,0.017397015572304504,0.4574217973489833
55,25,17,264.330530090726,3842.899620060988,201.93033620389085,3898.3572697427626,54.0,0.08206859886326451,-0.6193222380359555,0.08209464319855528,-0.6187124298588875,0.017397015572304504,0.17394842907887492
56,53,17,275.4374088407163,3843.51011953928,201.93033620389085,3898.3572697427626,54.0,0.08206859886326451,-0.628188730794877,0.08209464319855528,-0.6262253482741937,0.017397015572304504,0.18700944206160766
57,22,17,282.91308227706304,4129.966613278081,201.93033620389085,3898.3572697427626,54.0,0.08206859886326451,-1.8502108769305514,0.08209464319855528,-1.841162023626334,0.017397015572304504,0.5180800296346099
58,28,17,181.0656949265822,4007.0767963031503,201.93033620389085,3898.3572697427626,54.0,0.08206859886326451,-1.1162857464667937,0.08209464319855528,-1.1168323550954393,0.017397015572304504,0.23942831614046553
59,21,17,103.34699834515416,4117.964937310308,201.93033620389085,3898.3572697427626,54.0,0.08206859886326451,-1.6021075118464212,0.08209464319855528,-1.5913721023336473,0.017397015572304504,0.5094664398975655
60,18,17,126.52937545907687,3669.1679992851136,201.93033620389085,3898.3572697427626,54.0,0.08206859886326451,-1.6836003984609158,0.08209464319855528,-1.6728324205972247,0.017397015572304504,0.6309651619811429
61,38,18,292.2609771757026,3909.816818957042,156.44613989927444,3875.4647167104135,54.0,0.08206859886326451,-1.0655513867062618,0.08209464319855528,-1.065859324598784,0.017397015572304504,0.2911595350567777
62,25,18,264.330530090726,3842.899620060988,156.44613989927444,3875.4647167104135,54.0,0.08206859886326451,-1.1170992091622176,0.08209464319855528,-1.116244182784891,0.017397015572304504,0.2639510120652616
63,18,18,112.80152619571466,3672.147380358592,156.44613989927444,3875.4647167104135,54.0,0.08206859886326451,-1.3554056045844385,0.08209464319855528,-1.3456033418378939,0.017397015572304504,0.5649166230332875
64,53,18,275.4374088407163,3843.51011953928,156.44613989927444,3875.4647167104135,54.0,0.08206859886326451,-1.171448756187111,0.08209464319855528,-1.1703019036830948,0.017397015572304504,0.2886450939635295
65,21,18,103.34699834515416,4117.964937310308,156.44613989927444,3875.4647167104135,54.0,0.08206859886326451,-1.8535081163859735,0.08209464319855528,-1.8444184608237602,0.017397015572304504,0.5832781744133884
66,38,19,292.2609771757026,3909.816818957042,172.2658209063685,3873.515622530464,54.0,0.08206859886326451,-0.9362570446712005,0.08209464319855528,-0.9359380410153066,0.017397015572304504,0.25192325627094464
67,53,19,275.4374088407163,3843.51011953928,172.2658209063685,3873.515622530464,54.0,0.08206859886326451,-1.0183240538104155,0.08209464319855528,-1.0173907330071068,0.017397015572304504,0.24808135937774803
68,18,19,126.52937545907687,3669.1679992851136,172.2658209063685,3873.515622530464,54.0,0.08206859886326451,-1.3870197583389572,0.08209464319855528,-1.3757731954320422,0.017397015572304504,0.5572218932124546
69,25,19,264.330530090726,3842.899620060988,172.2658209063685,3873.515622530464,54.0,0.08206859886326451,-0.9648185320475803,0.08209464319855528,-0.9643687565918173,0.017397015572304504,0.22429297904469636
70,18,20,126.52937545907687,3669.1679992851136,179.01893925451702,3867.320308590613,54.0,0.08206859886326451,-1.3298449621300539,0.08209464319855528,-1.3178647267831012,0.017397015572304504,0.5448826020837914
71,38,20,292.2609771757026,3909.816818957042,179.01893925451702,3867.320308590613,54.0,0.08206859886326451,-0.9102321218110427,0.08209464319855528,-0.909399306442459,0.017397015572304504,0.2385044218930957
72,25,20,264.330530090726,3842.899620060988,179.01893925451702,3867.320308590613,54.0,0.08206859886326451,-0.9161038962281112,0.08209464319855528,-0.9155530623305171,0.017397015572304504,0.20639518737443957
73,53,20,275.4374088407163,3843.51011953928,179.01893925451702,3867.320308590613,54.0,0.08206859886326451,-0.9817365379491243,0.08209464319855528,-0.9809361021755276,0.017397015572304504,0.23298002839594167
74,25,21,264.330530090726,3842.899620060988,128.10338903664118,3851.740618485764,54.0,0.08206859886326451,-1.4431587038323326,0.08209464319855528,-1.4439564221163257,0.017397015572304504,0.3487166899396175
75,38,21,292.2609771757026,3909.816818957042,128.10338903664118,3851.740618485764,54.0,0.08206859886326451,-1.3515053789648543,0.08209464319855528,-1.350241277082211,0.017397015572304504,0.37293320509328076
76,18,21,90.08282576534675,3676.9660011790647,128.10338903664118,3851.740618485764,54.0,0.08206859886326451,-1.0848936007906864,0.08209464319855528,-1.0691086253641848,0.017397015572304504,0.4878138211397777
77,53,22,275.4374088407163,3843.51011953928,174.16005358193937,3855.0147189033455,54.0,0.08206859886326451,-1.1688960999888693,0.08209464319855528,-1.1660047648243201,0.017397015572304504,0.25108844332054203
78,25,22,264.330530090726,3842.899620060988,174.16005358193937,3855.0147189033455,54.0,0.08206859886326451,-1.0366872462737082,0.08209464319855528,-1.0341623432729168,0.017397015572304504,0.22071536686876553
79,38,22,292.2609771757026,3909.816818957042,174.16005358193937,3855.0147189033455,54.0,0.08206859886326451,-1.0464565819127565,0.08209464319855528,-1.0459917981217566,0.017397015572304504,0.26102745558456675
80,18,22,126.52937545907687,3669.1679992851136,174.16005358193937,3855.0147189033455,54.0,0.08206859886326451,-1.2212321351999476,0.08209464319855528,-1.209589617488788,0.017397015572304504,0.5144656222333895
81,30,23,625.9985091941669,4344.425799606012,478.15084649167727,4464.183681943689,54.0,0.08206859886326451,-1.3197437724745182,0.08209464319855528,-1.3157018601986992,0.017397015572304504,0.3512307103297611
82,32,23,334.71484028241383,4482.861045979598,478.15084649167727,4464.183681943689,54.0,0.08206859886326451,-0.9469508319640435,0.08209464319855528,-0.9418446285050747,0.017397015572304504,0.3637104692737648
83,23,23,492.6610906216525,4339.6404706179,478.15084649167727,4464.183681943689,54.0,0.08206859886326451,-1.4388822932961487,0.08209464319855528,-1.4420711729604352,0.017397015572304504,0.25169837549536345
84,30,24,625.9985091941669,4344.425799606012,463.0904010410905,4457.560365448071,54.0,0.08206859886326451,-1.4628231913458505,0.08209464319855528,-1.4621188228666677,0.017397015572304504,0.37879895984444073
85,23,24,492.6610906216525,4339.6404706179,463.0904010410905,4457.560365448071,54.0,0.08206859886326451,-1.2660368829851025,0.08209464319855528,-1.2681806420222195,0.017397015572304504,0.24971223946442345
86,56,24,677.3923123197425,4458.591690875839,463.0904010410905,4457.560365448071,54.0,0.08206859886326451,-1.906372289726409,0.08209464319855528,-1.901368460298204,0.017397015572304504,0.486278186241869
87,32,24,334.71484028241383,4482.861045979598,463.0904010410905,4457.560365448071,54.0,0.08206859886326451,-0.8452330691618449,0.08209464319855528,-0.8387663892592099,0.017397015572304504,0.32962800807483766
88,23,25,492.6610906216525,4339.6404706179,437.3541612908576,4458.895894433887,54.0,0.08206859886326451,-1.1757308903884696,0.08209464319855528,-1.1798201739476677,0.017397015572304504,0.2743903575410484
89,7,25,477.9085898257795,4404.037580305916,437.3541612908576,4458.895894433887,54.0,0.08206859886326451,-0.6711062040226182,0.08209464319855528,-0.6713934157017949,0.017397015572304504,0.16496528951036524
90,30,25,625.9985091941669,4344.425799606012,437.3541612908576,4458.895894433887,54.0,0.08206859886326451,-1.7822585774888848,0.08209464319855528,-1.779934008103787,0.017397015572304504,0.4444609793892865
91,32,25,334.71484028241383,4482.861045979598,437.3541612908576,4458.895894433887,54.0,0.08206859886326451,-0.6840742749227198,0.08209464319855528,-0.6795812485616393,0.017397015572304504,0.2687158866397775
92,32,26,334.71484028241383,4482.861045979598,413.6573433925362,4471.4083781216295,54.0,0.08206859886326451,-0.5250353211228265,0.08209464319855528,-0.5236593196057369,0.017397015572304504,0.20599792417953802
93,23,26,492.6610906216525,4339.6404706179,413.6573433925362,4471.4083781216295,54.0,0.08206859886326451,-1.2733065899421043,0.08209464319855528,-1.2743203591198655,0.017397015572304504,0.33717015230020164
94,8,27,404.480912881415,4338.111065579622,420.6163417766562,4415.183917581038,54.0,0.08206859886326451,-0.6182170743383433,0.08209464319855528,-0.614596025501446,0.017397015572304504,0.2123296831635203
95,30,27,625.9985091941669,4344.425799606012,420.6163417766562,4415.183917581038,54.0,0.08206859886326451,-1.767966065716539,0.08209464319855528,-1.7698700033807324,0.017397015572304504,0.4157833343930974
96,32,27,334.71484028241383,4482.861045979598,420.6163417766562,4415.183917581038,54.0,0.08206859886326451,-0.7147544776639057,0.08209464319855528,-0.7140978052792069,0.017397015572304504,0.28353408524839546
97,23,27,492.6610906216525,4339.6404706179,420.6163417766562,4415.183917581038,54.0,0.08206859886326451,-0.9337291346568838,0.08209464319855528,-0.9318035026888472,0.017397015572304504,0.22129274044135594
98,7,27,477.9085898257795,4404.037580305916,420.6163417766562,4415.183917581038,54.0,0.08206859886326451,-0.6292791899775219,0.08209464319855528,-0.6312873806841952,0.017397015572304504,0.13941592934109032
99,23,28,492.6610906216525,4339.6404706179,401.3841185749654,4415.951924993758,54.0,0.08206859886326451,-1.075274909675474,0.08209464319855528,-1.071499533633877,0.017397015572304504,0.266561018065673
100,32,28,334.71484028241383,4482.861045979598,401.3841185749654,4415.951924993758,54.0,0.08206859886326451,-0.6511962080174722,0.08209464319855528,-0.6508755304943902,0.017397015572304504,0.2524230127906884
101,8,28,404.480912881415,4338.111065579622,401.3841185749654,4415.951924993758,54.0,0.08206859886326451,-0.6127679334061745,0.08209464319855528,-0.6092103954890399,0.017397015572304504,0.21021766918370985
102,30,28,625.9985091941669,4344.425799606012,401.3841185749654,4415.951924993758,54.0,0.08206859886326451,-1.8387271960285485,0.08209464319855528,-1.838438859016037,0.017397015572304504,0.4592760527677839
103,24,29,476.8845411410292,4318.364085281663,422.8827476086131,4397.34517396153,54.0,0.08206859886326451,-0.9363883613159592,0.08209464319855528,-0.9332021254390874,0.017397015572304504,0.21857201217149863
104,32,29,334.71484028241383,4482.861045979598,422.8827476086131,4397.34517396153,54.0,0.08206859886326451,-0.8868577477004838,0.08209464319855528,-0.8862248956313646,0.017397015572304504,0.32601623531646096
105,23,29,492.6610906216525,4339.6404706179,422.8827476086131,4397.34517396153,54.0,0.08206859886326451,-0.8310225762756711,0.08209464319855528,-0.8276372109463729,0.017397015572304504,0.19123482155547913
106,8,29,404.480912881415,4338.111065579622,422.8827476086131,4397.34517396153,54.0,0.08206859886326451,-0.47584086555595984,0.08209464319855528,-0.472377022083648,0.017397015572304504,0.16928090989926792
107,30,29,625.9985091941669,4344.425799606012,422.8827476086131,4397.34517396153,54.0,0.08206859886326451,-1.605323167501729,0.08209464319855528,-1.6015418493380258,0.017397015572304504,0.38933788324083285
108,30,30,625.9985091941669,4344.425799606012,464.0768372445594,4407.064429668476,54.0,0.08206859886326451,-1.451230679653723,0.08209464319855528,-1.454083781237423,0.017397015572304504,0.32036536510451086
109,26,30,492.46916862384336,4319.554466150916,464.0768372445594,4407.064429668476,54.0,0.08206859886326451,-0.8799299147420365,0.08209464319855528,-0.8827151051105208,0.017397015572304504,0.16709484616860326
110,8,30,404.480912881415,4338.111065579622,464.0768372445594,4407.064429668476,54.0,0.08206859886326451,-0.7199350479735906,0.08209464319855528,-0.7182191212861453,0.017397015572304504,0.2248965650648579
111,23,30,492.6610906216525,4339.6404706179,464.0768372445594,4407.064429668476,54.0,0.08206859886326451,-0.6733687239211437,0.08209464319855528,-0.6763037719149295,0.017397015572304504,0.13361360081682383
112,24,30,476.8845411410292,4318.364085281663,464.0768372445594,4407.064429668476,54.0,0.08206859886326451,-0.7988740213080058,0.08209464319855528,-0.7984094584673803,0.017397015572304504,0.17598941400520857
113,32,30,334.71484028241383,4482.861045979598,464.0768372445594,4407.064429668476,54.0,0.08206859886326451,-1.0820951385976363,0.08209464319855528,-1.0810599535772052,0.017397015572304504,0.3773491190977334
114,7,30,477.9085898257795,4404.037580305916,464.0768372445594,4407.064429668476,54.0,0.08206859886326451,-0.19275885854686384,0.08209464319855528,-0.19397209027633283,0.017397015572304504,0.03466212732152129
115,32,31,334.71484028241383,4482.861045979598,475.8317961471988,4394.399108234459,54.0,0.08206859886326451,-1.2259360178657075,0.08209464319855528,-1.2252020579186085,0.017397015572304504,0.41141070264505575
116,23,31,492.6610906216525,4339.6404706179,475.8317961471988,4394.399108234459,54.0,0.08206859886326451,-0.5734046503584477,0.08209464319855528,-0.5753448567556421,0.017397015572304504,0.09879135107949746
117,24,31,476.8845411410292,4318.364085281663,475.8317961471988,4394.399108234459,54.0,0.08206859886326451,-0.8033120083356289,0.08209464319855528,-0.8052817122525425,0.017397015572304504,0.13108086826297277
118,8,31,404.480912881415,4338.111065579622,475.8317961471988,4394.399108234459,54.0,0.08206859886326451,-0.6225051625404484,0.08209464319855528,-0.622264859222457,0.017397015572304504,0.21613230965077568
119,30,31,625.9985091941669,4344.425799606012,475.8317961471988,4394.399108234459,54.0,0.08206859886326451,-1.211095062715344,0.08209464319855528,-1.2113702374818722,0.017397015572304504,0.2796842136651243
120,7,31,477.9085898257795,4404.037580305916,475.8317961471988,4394.399108234459,54.0,0.08206859886326451,-0.14245337033936561,0.08209464319855528,-0.1425714858065985,0.017397015572304504,0.02293889763852614
121,33,31,633.1852302568241,4317.679688677003,475.8317961471988,4394.399108234459,54.0,0.08206859886326451,-1.3328115752141374,0.08209464319855528,-1.328929985296046,0.017397015572304504,0.3204595952387768
122,34,31,645.8872104090177,4370.307858894735,475.8317961471988,4394.399108234459,54.0,0.08206859886326451,-1.2340155329675209,0.08209464319855528,-1.2357972723263415,0.017397015572304504,0.3075638485868422
123,23,32,492.6610906216525,4339.6404706179,441.7352774844472,4384.348452276274,54.0,0.08206859886326451,-0.6165632370241186,0.08209464319855528,-0.6149945932892837,0.017397015572304504,0.1336514864862024
124,30,32,625.9985091941669,4344.425799606012,441.7352774844472,4384.348452276274,54.0,0.08206859886326451,-1.4355947900739732,0.08209464319855528,-1.4328612993746113,0.017397015572304504,0.3368913095115688
125,32,32,334.71484028241383,4482.861045979598,441.7352774844472,4384.348452276274,54.0,0.08206859886326451,-1.0809051038677213,0.08209464319855528,-1.0790402827303487,0.017397015572304504,0.3786535311871396
126,7,32,477.9085898257795,4404.037580305916,441.7352774844472,4384.348452276274,54.0,0.08206859886326451,-0.34548302098676553,0.08209464319855528,-0.3458581584354603,0.017397015572304504,0.0874372999205958
127,8,32,404.480912881415,4338.111065579622,441.7352774844472,4384.348452276274,54.0,0.08206859886326451,-0.4519565574070037,0.08209464319855528,-0.4494213441749575,0.017397015572304504,0.15847469909545212
128,32,33,334.71484028241383,4482.861045979598,461.8257494002237,4382.902154782314,54.0,0.08206859886326451,-1.1545347861341897,0.08209464319855528,-1.152894346770285,0.017397015572304504,0.4048520201330135
129,30,33,625.9985091941669,4344.425799606012,461.8257494002237,4382.902154782314,54.0,0.08206859886326451,-1.2814173258879527,0.08209464319855528,-1.2785352312427196,0.017397015572304504,0.29480398803210084
130,24,33,476.8845411410292,4318.364085281663,461.8257494002237,4382.902154782314,54.0,0.08206859886326451,-0.6171143609210953,0.08209464319855528,-0.6153270067191854,0.017397015572304504,0.13121900578268533
131,23,33,492.6610906216525,4339.6404706179,461.8257494002237,4382.902154782314,54.0,0.08206859886326451,-0.48266648086074326,0.08209464319855528,-0.48332743959877444,0.017397015572304504,0.09678524199807226
132,8,33,404.480912881415,4338.111065579622,461.8257494002237,4382.902154782314,54.0,0.08206859886326451,-0.5118505477409141,0.08209464319855528,-0.5111810362877557,0.017397015572304504,0.18311860370428282
133,7,33,477.9085898257795,4404.037580305916,461.8257494002237,4382.902154782314,54.0,0.08206859886326451,-0.21768591435229667,0.08209464319855528,-0.21817313604385302,0.017397015572304504,0.05390863662976793
134,32,34,334.71484028241383,4482.861045979598,462.3096820238882,4349.882377856321,54.0,0.08206859886326451,-1.4080593934423866,0.08209464319855528,-1.4044859710352833,0.017397015572304504,0.47748323241108437
135,44,34,472.0029937650396,4104.126300266757,462.3096820238882,4349.882377856321,54.0,0.08206859886326451,-2.1474887157049345,0.08209464319855528,-2.1429893588562106,0.017397015572304504,0.4503452705674952
136,26,34,492.46916862384336,4319.554466150916,462.3096820238882,4349.882377856321,54.0,0.08206859886326451,-0.5040857505824399,0.08209464319855528,-0.5035846308137313,0.017397015572304504,0.07900046437841815
137,24,34,476.8845411410292,4318.364085281663,462.3096820238882,4349.882377856321,54.0,0.08206859886326451,-0.4160234091776151,0.08209464319855528,-0.41516026901750075,0.017397015572304504,0.07008507268220579
138,8,34,404.480912881415,4338.111065579622,462.3096820238882,4349.882377856321,54.0,0.08206859886326451,-0.4965515173018755,0.08209464319855528,-0.4940654086762158,0.017397015572304504,0.14153171026330327
139,23,34,489.8052239433386,4334.538828818666,462.3096820238882,4349.882377856321,54.0,0.08206859886326451,-0.37207162117586645,0.08209464319855528,-0.37163302716615165,0.017397015572304504,0.057089447273717654
140,7,34,477.9085898257795,4404.037580305916,462.3096820238882,4349.882377856321,54.0,0.08206859886326451,-0.451419312910446,0.08209464319855528,-0.45075274545655575,0.017397015572304504,0.11181935427283275
141,30,34,625.9985091941669,4344.425799606012,462.3096820238882,4349.882377856321,54.0,0.08206859886326451,-1.416100141775739,0.08209464319855528,-1.4122799619674749,0.017397015572304504,0.2922578830729717
142,33,34,633.1852302568241,4317.679688677003,462.3096820238882,4349.882377856321,54.0,0.08206859886326451,-1.4721691786371767,0.08209464319855528,-1.4686230052040727,0.017397015572304504,0.33332856942775035
143,8,35,404.480912881415,4338.111065579622,430.0693145736199,4338.606545961896,54.0,0.08206859886326451,-0.2045252857612841,0.08209464319855528,-0.203864386696681,0.017397015572304504,0.07645190677559817
144,44,35,472.0029937650396,4104.126300266757,430.0693145736199,4338.606545961896,54.0,0.08206859886326451,-1.6370229551837912,0.08209464319855528,-1.6379486376979981,0.017397015572304504,0.45712519400926915
145,32,35,334.71484028241383,4482.861045979598,430.0693145736199,4338.606545961896,54.0,0.08206859886326451,-1.3528811545205757,0.08209464319855528,-1.3489737307451686,0.017397015572304504,0.48075463624666975
146,26,35,492.46916862384336,4319.554466150916,430.0693145736199,4338.606545961896,54.0,0.08206859886326451,-0.6697606128329208,0.08209464319855528,-0.6675927478611283,0.017397015572304504,0.13388603506347294
147,23,35,477.3861806054903,4312.148199732568,430.0693145736199,4338.606545961896,54.0,0.08206859886326451,-0.6660083514556318,0.08209464319855528,-0.6647898879927777,0.017397015572304504,0.11731280104634612
148,30,35,625.9985091941669,4344.425799606012,430.0693145736199,4338.606545961896,54.0,0.08206859886326451,-1.7127469276355036,0.08209464319855528,-1.707136996760014,0.017397015572304504,0.3625620635398535
149,24,35,476.8845411410292,4318.364085281663,430.0693145736199,4338.606545961896,54.0,0.08206859886326451,-0.5906427698841554,0.08209464319855528,-0.5890337509264096,0.017397015572304504,0.11085537579764566
150,7,35,477.9085898257795,4404.037580305916,430.0693145736199,4338.606545961896,54.0,0.08206859886326451,-0.6188105529778767,0.08209464319855528,-0.6179098650293992,0.017397015572304504,0.1786708459479727
151,23,36,475.2952963933525,4308.492411153248,452.48668196591865,4321.181261560588,54.0,0.08206859886326451,-0.4361692868748373,0.08209464319855528,-0.4367145677082597,0.017397015572304504,0.05462175414712693
152,24,36,476.8845411410292,4318.364085281663,452.48668196591865,4321.181261560588,54.0,0.08206859886326451,-0.41753534257037245,0.08209464319855528,-0.418048058787003,0.017397015572304504,0.05297208353263128
153,44,36,472.0029937650396,4104.126300266757,452.48668196591865,4321.181261560588,54.0,0.08206859886326451,-1.8067462383616328,0.08209464319855528,-1.8030096665143258,0.017397015572304504,0.393892474083283
154,30,36,625.9985091941669,4344.425799606012,452.48668196591865,4321.181261560588,54.0,0.08206859886326451,-1.6566573836145173,0.08209464319855528,-1.6537659042083903,0.017397015572304504,0.3173502997608053
155,32,36,334.71484028241383,4482.861045979598,452.48668196591865,4321.181261560588,54.0,0.08206859886326451,-1.602617859377422,0.08209464319855528,-1.5971569677323811,0.017397015572304504,0.5363886174091905
156,8,36,404.480912881415,4338.111065579622,452.48668196591865,4321.181261560588,54.0,0.08206859886326451,-0.39811945387995595,0.08209464319855528,-0.3968081010009267,0.017397015572304504,0.12837633782543245
157,7,36,477.9085898257795,4404.037580305916,452.48668196591865,4321.181261560588,54.0,0.08206859886326451,-0.8131955380046472,0.08209464319855528,-0.8117165952397865,0.017397015572304504,0.17260779470579934
158,26,36,492.46916862384336,4319.554466150916,452.48668196591865,4321.181261560588,54.0,0.08206859886326451,-0.5788903812270099,0.08209464319855528,-0.5795169219325726,0.017397015572304504,0.07966343306342699
159,32,37,334.71484028241383,4482.861045979598,449.044917057454,4427.372863314673,54.0,0.08206859886326451,-0.810811100518311,0.08209464319855528,-0.8087476190975651,0.017397015572304504,0.32486320726724677
160,8,37,404.480912881415,4338.111065579622,449.044917057454,4427.372863314673,54.0,0.08206859886326451,-0.8273048438175077,0.08209464319855528,-0.8225464146864243,0.017397015572304504,0.2556352847788581
161,23,37,492.6610906216525,4339.6404706179,449.044917057454,4427.372863314673,54.0,0.08206859886326451,-0.9205933538183153,0.08209464319855528,-0.9256535903009377,0.017397015572304504,0.1899461584354983
162,7,37,477.9085898257795,4404.037580305916,449.044917057454,4427.372863314673,54.0,0.08206859886326451,-0.4408786114194956,0.08209464319855528,-0.44378812245108135,0.017397015572304504,0.08534889435672328
163,34,38,645.8872104090177,4370.307858894735,471.4559701946234,4402.715936092695,54.0,0.08206859886326451,-1.3934810309413763,0.08209464319855528,-1.3957196551254125,0.017397015572304504,0.3276287028285433
164,7,38,477.9085898257795,4404.037580305916,471.4559701946234,4402.715936092695,54.0,0.08206859886326451,-0.122628839706386,0.08209464319855528,-0.12311028250703424,0.017397015572304504,0.02042397505047205
165,24,38,476.8845411410292,4318.364085281663,471.4559701946234,4402.715936092695,54.0,0.08206859886326451,-0.7564916413718838,0.08209464319855528,-0.756209967587169,0.017397015572304504,0.15928663994146083
166,30,38,625.9985091941669,4344.425799606012,471.4559701946234,4402.715936092695,54.0,0.08206859886326451,-1.3262479826914473,0.08209464319855528,-1.3281464235625136,0.017397015572304504,0.2990422673300379
167,32,38,334.71484028241383,4482.861045979598,471.4559701946234,4402.715936092695,54.0,0.08206859886326451,-1.1807492343304546,0.08209464319855528,-1.1805750979177083,0.017397015572304504,0.39639399880654375
168,23,38,492.6610906216525,4339.6404706179,471.4559701946234,4402.715936092695,54.0,0.08206859886326451,-0.6396454474773163,0.08209464319855528,-0.6420218301582917,0.017397015572304504,0.11764554607876737
169,8,38,404.480912881415,4338.111065579622,471.4559701946234,4402.715936092695,54.0,0.08206859886326451,-0.6753701863365201,0.08209464319855528,-0.6744634871495329,0.017397015572304504,0.2237464886025186
170,34,39,645.8872104090177,4370.307858894735,475.5450238588451,4333.03888591012,54.0,0.08206859886326451,-1.4278914905475255,0.08209464319855528,-1.4255746903122544,0.017397015572304504,0.31343187376697745
171,30,39,625.9985091941669,4344.425799606012,475.5450238588451,4333.03888591012,54.0,0.08206859886326451,-1.2691376074527023,0.08209464319855528,-1.2657419927340121,0.017397015572304504,0.26685091323457205
172,23,39,485.8179580911125,4327.331720835381,475.5450238588451,4333.03888591012,54.0,0.08206859886326451,-0.1438242722544689,0.08209464319855528,-0.1438664172794946,0.017397015572304504,0.01948327267147409
173,32,39,334.71484028241383,4482.861045979598,475.5450238588451,4333.03888591012,54.0,0.08206859886326451,-1.6585775847554525,0.08209464319855528,-1.6544100943725641,0.017397015572304504,0.5224141179466526
174,35,39,583.2192292927565,4207.570440686977,475.5450238588451,4333.03888591012,54.0,0.08206859886326451,-1.2469504784822256,0.08209464319855528,-1.2448377420052499,0.017397015572304504,0.3202281040759633
175,33,39,633.1852302568241,4317.679688677003,475.5450238588451,4333.03888591012,54.0,0.08206859886326451,-1.2713618360092842,0.08209464319855528,-1.2712166232566193,0.017397015572304504,0.30661565380213573
176,26,39,492.46916862384336,4319.554466150916,475.5450238588451,4333.03888591012,54.0,0.08206859886326451,-0.26681492983882493,0.08209464319855528,-0.26693854100144876,0.017397015572304504,0.03888795755069093
177,44,39,472.0029937650396,4104.126300266757,475.5450238588451,4333.03888591012,54.0,0.08206859886326451,-1.7936417548516952,0.08209464319855528,-1.7897391415814894,0.017397015572304504,0.4055541688654434
178,24,39,476.8845411410292,4318.364085281663,475.5450238588451,4333.03888591012,54.0,0.08206859886326451,-0.19065202446492202,0.08209464319855528,-0.19074442461603902,0.017397015572304504,0.028033371684465257
179,7,39,477.9085898257795,4404.037580305916,475.5450238588451,4333.03888591012,54.0,0.08206859886326451,-0.749852834599802,0.08209464319855528,-0.7518372794325169,0.017397015572304504,0.12487530437652453
180,23,40,492.6610906216525,4339.6404706179,463.9665587999344,4407.275828022564,54.0,0.08206859886326451,-0.6759790440953736,0.08209464319855528,-0.6789375494783068,0.017397015572304504,0.1341455405388046
181,30,40,625.9985091941669,4344.425799606012,463.9665587999344,4407.275828022564,54.0,0.08206859886326451,-1.4562322885846637,0.08209464319855528,-1.4591137050792249,0.017397015572304504,0.3210370133202952
182,32,40,334.71484028241383,4482.861045979598,463.9665587999344,4407.275828022564,54.0,0.08206859886326451,-1.0795669056000157,0.08209464319855528,-1.07852650299762,0.017397015572304504,0.37688088693720145
183,16,40,513.1636048475955,4263.301540421994,463.9665587999344,4407.275828022564,54.0,0.08206859886326451,-1.359988083706743,0.08209464319855528,-1.3613348410278423,0.017397015572304504,0.2765854729239698
184,67,40,614.1933123417826,4407.07660776138,463.9665587999344,4407.275828022564,54.0,0.08206859886326451,-1.388895181802982,0.08209464319855528,-1.3871171228575179,0.017397015572304504,0.2959233196759051
185,32,41,334.71484028241383,4482.861045979598,463.2958110311122,4390.486480472092,54.0,0.08206859886326451,-1.1100825507157608,0.08209464319855528,-1.1083515904556638,0.017397015572304504,0.3947128983305332
186,30,41,625.9985091941669,4344.425799606012,463.2958110311122,4390.486480472092,54.0,0.08206859886326451,-1.2659769002464105,0.08209464319855528,-1.2647224696214512,0.017397015572304504,0.2969400217846422
187,68,41,607.5300941255965,4399.875364871049,463.2958110311122,4390.486480472092,54.0,0.08206859886326451,-0.9420429080139663,0.08209464319855528,-0.9455857731684869,0.017397015572304504,0.2532141129684929
188,26,41,492.46916862384336,4319.554466150916,463.2958110311122,4390.486480472092,54.0,0.08206859886326451,-0.7316509674449337,0.08209464319855528,-0.7322535196560642,0.017397015572304504,0.13885682908696792
189,16,41,513.1636048475955,4263.301540421994,463.2958110311122,4390.486480472092,54.0,0.08206859886326451,-1.2089204385893897,0.08209464319855528,-1.207778222103587,0.017397015572304504,0.24869932240328463
190,67,41,614.1933123417826,4407.07660776138,463.2958110311122,4390.486480472092,54.0,0.08206859886326451,-1.1396160393730859,0.08209464319855528,-1.1411128852076298,0.017397015572304504,0.2746315911454363
191,23,41,492.6610906216525,4339.6404706179,463.2958110311122,4390.486480472092,54.0,0.08206859886326451,-0.5199771681943579,0.08209464319855528,-0.5214784269034585,0.017397015572304504,0.10576074212759981
192,24,41,476.8845411410292,4318.364085281663,463.2958110311122,4390.486480472092,54.0,0.08206859886326451,-0.6602041775403513,0.08209464319855528,-0.658678662188417,0.017397015572304504,0.1439793721495078
193,67,42,614.1933123417826,4407.07660776138,424.7541420823547,4341.807884221032,54.0,0.08206859886326451,-1.459639659403025,0.08209464319855528,-1.4564355996467835,0.017397015572304504,0.3713276588933828
194,24,42,476.8845411410292,4318.364085281663,424.7541420823547,4341.807884221032,54.0,0.08206859886326451,-0.6361789958236163,0.08209464319855528,-0.6341405361487695,0.017397015572304504,0.1249120347564059
195,22,42,297.892598448241,4158.68162304286,424.7541420823547,4341.807884221032,54.0,0.08206859886326451,-1.6391116091229831,0.08209464319855528,-1.6296768257247514,0.017397015572304504,0.5962511278154086
196,23,42,477.4731403423149,4312.258922572526,424.7541420823547,4341.807884221032,54.0,0.08206859886326451,-0.7135528687006784,0.08209464319855528,-0.711912441925677,0.017397015572304504,0.13165552837869415
197,26,42,492.46916862384336,4319.554466150916,424.7541420823547,4341.807884221032,54.0,0.08206859886326451,-0.7171775666028881,0.08209464319855528,-0.714601739509979,0.017397015572304504,0.14754369906521517
198,30,42,625.9985091941669,4344.425799606012,424.7541420823547,4341.807884221032,54.0,0.08206859886326451,-1.7537986039697184,0.08209464319855528,-1.7478408504982619,0.017397015572304504,0.3747123625653196
199,19,42,313.8105789821288,4143.210879673134,424.7541420823547,4341.807884221032,54.0,0.08206859886326451,-1.6361779522731177,0.08209464319855528,-1.6272501588253043,0.017397015572304504,0.5724569865239386
200,32,42,334.71484028241383,4482.861045979598,424.7541420823547,4341.807884221032,54.0,0.08206859886326451,-1.3026418419650159,0.08209464319855528,-1.2996187884151333,0.017397015572304504,0.47077908391423495
201,44,42,472.0029937650396,4104.126300266757,424.7541420823547,4341.807884221032,54.0,0.08206859886326451,-1.647921550106143,0.08209464319855528,-1.648139595913378,0.017397015572304504,0.46949506254021806
202,16,42,513.1636048475955,4263.301540421994,424.7541420823547,4341.807884221032,54.0,0.08206859886326451,-1.1407534786900513,0.08209464319855528,-1.137518496302679,0.017397015572304504,0.2429134673613918
203,68,43,607.5300941255965,4399.875364871049,475.200490753821,4336.125087441123,54.0,0.08206859886326451,-0.9857386348259409,0.08209464319855528,-0.9827764622023311,0.017397015572304504,0.24513787482142352
204,24,43,476.8845411410292,4318.364085281663,475.200490753821,4336.125087441123,54.0,0.08206859886326451,-0.22567847296524773,0.08209464319855528,-0.2257800379791809,0.017397015572304504,0.032711881289524375
205,23,43,487.0322857743624,4329.549091982163,475.200490753821,4336.125087441123,54.0,0.08206859886326451,-0.16559330623918028,0.08209464319855528,-0.16564183027428328,0.017397015572304504,0.022432232664598893
206,29,43,679.1344462972443,4226.875249913833,475.200490753821,4336.125087441123,54.0,0.08206859886326451,-2.040545273552683,0.08209464319855528,-2.0353590570758135,0.017397015572304504,0.49583090091292087
207,26,43,492.46916862384336,4319.554466150916,475.200490753821,4336.125087441123,54.0,0.08206859886326451,-0.29479988649617284,0.08209464319855528,-0.29492679205368644,0.017397015572304504,0.04238264388628878
208,30,43,625.9985091941669,4344.425799606012,475.200490753821,4336.125087441123,54.0,0.08206859886326451,-1.2716749903745745,0.08209464319855528,-1.2682852709961703,0.017397015572304504,0.26706483705538797
209,32,43,334.71484028241383,4482.861045979598,475.200490753821,4336.125087441123,54.0,0.08206859886326451,-1.6229189867041651,0.08209464319855528,-1.618720698015203,0.017397015572304504,0.5152338332791602
210,67,43,614.1933123417826,4407.07660776138,475.200490753821,4336.125087441123,54.0,0.08206859886326451,-1.10158311544302,0.08209464319855528,-1.096671419921349,0.017397015572304504,0.25976323402736934
211,34,43,645.8872104090177,4370.307858894735,475.200490753821,4336.125087441123,54.0,0.08206859886326451,-1.4104952805056246,0.08209464319855528,-1.4076500094798288,0.017397015572304504,0.3115575901329282
212,56,43,677.3923123197425,4458.591690875839,475.200490753821,4336.125087441123,54.0,0.08206859886326451,-2.056350849493404,0.08209464319855528,-2.047675051968499,0.017397015572304504,0.43940637985500824
213,44,43,472.0029937650396,4104.126300266757,475.200490753821,4336.125087441123,54.0,0.08206859886326451,-1.9798058267859313,0.08209464319855528,-1.9761600110228759,0.017397015572304504,0.4177015607220821
214,33,43,633.1852302568241,4317.679688677003,475.200490753821,4336.125087441123,54.0,0.08206859886326451,-1.27550076553542,0.08209464319855528,-1.2743609805102467,0.017397015572304504,0.30727749356138184
215,35,43,583.2192292927565,4207.570440686977,475.200490753821,4336.125087441123,54.0,0.08206859886326451,-1.2744424459985317,0.08209464319855528,-1.2724113228209588,0.017397015572304504,0.3237852520036549
216,19,43,324.8153272931308,4135.979057138678,475.200490753821,4336.125087441123,54.0,0.08206859886326451,-2.316189505464146,0.08209464319855528,-2.3135652487264347,0.017397015572304504,0.5496916618199045
217,26,44,492.46916862384336,4319.554466150916,441.0471192053797,4324.965345583502,54.0,0.08206859886326451,-0.6783998240646631,0.08209464319855528,-0.6792015890597831,0.017397015572304504,0.10671022322424925
218,44,44,472.0029937650396,4104.126300266757,441.0471192053797,4324.965345583502,54.0,0.08206859886326451,-1.5225034554866912,0.08209464319855528,-1.5219692651580234,0.017397015572304504,0.4192797875122114
219,24,44,476.8845411410292,4318.364085281663,441.0471192053797,4324.965345583502,54.0,0.08206859886326451,-0.5152263523925444,0.08209464319855528,-0.5159130292936441,0.017397015572304504,0.08009578622979197
220,22,44,301.6304881357929,4156.037775497009,441.0471192053797,4324.965345583502,54.0,0.08206859886326451,-1.5510135034652626,0.08209464319855528,-1.5440850633957603,0.017397015572304504,0.5466547740520671
221,30,44,625.9985091941669,4344.425799606012,441.0471192053797,4324.965345583502,54.0,0.08206859886326451,-1.6333020262861333,0.08209464319855528,-1.6284489432936582,0.017397015572304504,0.33896087350754095
222,32,44,334.71484028241383,4482.861045979598,441.0471192053797,4324.965345583502,54.0,0.08206859886326451,-1.4956313725272716,0.08209464319855528,-1.4902557248293247,0.017397015572304504,0.5195317986647346
223,19,44,321.49446726788966,4138.158474420299,441.0471192053797,4324.965345583502,54.0,0.08206859886326451,-1.6516317920314552,0.08209464319855528,-1.6494184638011806,0.017397015572304504,0.5250588465361073
224,23,44,474.24859212100233,4306.4982743148985,441.0471192053797,4324.965345583502,54.0,0.08206859886326451,-0.5310997926183685,0.08209464319855528,-0.5318227148880961,0.017397015572304504,0.08283409348563192
225,16,44,513.1636048475955,4263.301540421994,441.0471192053797,4324.965345583502,54.0,0.08206859886326451,-0.9426825045858175,0.08209464319855528,-0.9410919160649053,0.017397015572304504,0.18913005837846442
226,67,44,614.1933123417826,4407.07660776138,441.0471192053797,4324.965345583502,54.0,0.08206859886326451,-1.4727028369842108,0.08209464319855528,-1.4669140914335466,0.017397015572304504,0.3359920729251996
227,22,45,301.6304881357929,4156.037775497009,456.2761219480929,4314.689427575413,54.0,0.08206859886326451,-1.7845786828742072,0.08209464319855528,-1.7793260465221779,0.017397015572304504,0.5210587908554489
228,24,45,476.8845411410292,4318.364085281663,456.2761219480929,4314.689427575413,54.0,0.08206859886326451,-0.35919010903942394,0.08209464319855528,-0.3596293688310944,0.017397015572304504,0.04570351513903163
229,26,45,492.46916862384336,4319.554466150916,456.2761219480929,4314.689427575413,54.0,0.08206859886326451,-0.5200375975834403,0.08209464319855528,-0.5205891862248444,0.017397015572304504,0.07239483607894875
230,32,45,334.71484028241383,4482.861045979598,456.2761219480929,4314.689427575413,54.0,0.08206859886326451,-1.7183040446995483,0.08209464319855528,-1.7130162608229125,0.017397015572304504,0.5527890627075043
231,30,45,625.9985091941669,4344.425799606012,456.2761219480929,4314.689427575413,54.0,0.08206859886326451,-1.6080023074276093,0.08209464319855528,-1.6050061352582534,0.017397015572304504,0.3158702530737922
232,23,45,473.463778736012,4305.169219038526,456.2761219480929,4314.689427575413,54.0,0.08206859886326451,-0.32990995958799607,0.08209464319855528,-0.3303238347671385,0.017397015572304504,0.04120893233476468
233,19,45,324.8153272931308,4135.979057138678,456.2761219480929,4314.689427575413,54.0,0.08206859886326451,-1.8766073817829843,0.08209464319855528,-1.8742063715077903,0.017397015572304504,0.49438653891577766
234,16,45,513.1636048475955,4263.301540421994,456.2761219480929,4314.689427575413,54.0,0.08206859886326451,-0.749754752043274,0.08209464319855528,-0.7479978569319722,0.017397015572304504,0.14754666353450652
235,44,45,472.0029937650396,4104.126300266757,456.2761219480929,4314.689427575413,54.0,0.08206859886326451,-1.6952611467257592,0.08209464319855528,-1.6913921821010962,0.017397015572304504,0.37975770038208206
236,67,45,614.1933123417826,4407.07660776138,456.2761219480929,4314.689427575413,54.0,0.08206859886326451,-1.5002137424996334,0.08209464319855528,-1.496013533546362,0.017397015572304504,0.31389694470872065
237,35,45,583.2192292927565,4207.570440686977,456.2761219480929,4314.689427575413,54.0,0.08206859886326451,-1.3868891204107483,0.08209464319855528,-1.3824548334310491,0.017397015572304504,0.3378714123646443
238,67,46,614.1933123417826,4407.07660776138,486.3913924564008,4478.416425086557,54.0,0.08206859886326451,-1.2020003472696168,0.08209464319855528,-1.1985969116813266,0.017397015572304504,0.2953492200489022
239,30,46,625.9985091941669,4344.425799606012,486.3913924564008,4478.416425086557,54.0,0.08206859886326451,-1.3317784126673766,0.08209464319855528,-1.3315033691648088,0.017397015572304504,0.3623971266190969
240,23,46,492.6610906216525,4339.6404706179,486.3913924564008,4478.416425086557,54.0,0.08206859886326451,-1.5860409058404157,0.08209464319855528,-1.588553653187991,0.017397015572304504,0.28360730451868
241,32,46,334.71484028241383,4482.861045979598,486.3913924564008,4478.416425086557,54.0,0.08206859886326451,-1.4407765604017035,0.08209464319855528,-1.4356716564153458,0.017397015572304504,0.39423061143396493
242,30,47,625.9985091941669,4344.425799606012,434.92773393180914,4463.423300941039,54.0,0.08206859886326451,-1.7647017540663823,0.08209464319855528,-1.7623760255552647,0.017397015572304504,0.4530688660303759
243,67,47,614.1933123417826,4407.07660776138,434.92773393180914,4463.423300941039,54.0,0.08206859886326451,-1.4315027445003274,0.08209464319855528,-1.4283347046192152,0.017397015572304504,0.3826027766054683
244,23,47,492.6610906216525,4339.6404706179,434.92773393180914,4463.423300941039,54.0,0.08206859886326451,-1.2051359561756292,0.08209464319855528,-1.2087802468166935,0.017397015572304504,0.2867327211298067
245,32,47,334.71484028241383,4482.861045979598,434.92773393180914,4463.423300941039,54.0,0.08206859886326451,-0.6667431760000636,0.08209464319855528,-0.6621471531929454,0.017397015572304504,0.2608737922841585
246,23,48,492.6610906216525,4339.6404706179,454.0574214945663,4458.475818282948,54.0,0.08206859886326451,-1.2284105533382668,0.08209464319855528,-1.231689232891008,0.017397015572304504,0.25734946310315304
247,32,48,334.71484028241383,4482.861045979598,454.0574214945663,4458.475818282948,54.0,0.08206859886326451,-0.7870168883603438,0.08209464319855528,-0.7808846675516693,0.017397015572304504,0.3080274466019597
248,67,48,614.1933123417826,4407.07660776138,454.0574214945663,4458.475818282948,54.0,0.08206859886326451,-1.3080315673183873,0.08209464319855528,-1.3060993428483223,0.017397015572304504,0.3354476508536159
249,30,48,625.9985091941669,4344.425799606012,454.0574214945663,4458.475818282948,54.0,0.08206859886326451,-1.5644910950846562,0.08209464319855528,-1.5639497815481425,0.017397015572304504,0.4024501986545274
250,23,49,492.6610906216525,4339.6404706179,464.4083453145252,4461.161482502334,54.0,0.08206859886326451,-1.3100620950783122,0.08209464319855528,-1.3114956260325257,0.017397015572304504,0.25789631416004244
251,30,49,625.9985091941669,4344.425799606012,464.4083453145252,4461.161482502334,54.0,0.08206859886326451,-1.4383338097062468,0.08209464319855528,-1.4363664719952838,0.017397015572304504,0.37812065481883017
252,32,49,334.71484028241383,4482.861045979598,464.4083453145252,4461.161482502334,54.0,0.08206859886326451,-0.850235301564793,0.08209464319855528,-0.8443501718354182,0.017397015572304504,0.33167823685865494
253,67,49,614.1933123417826,4407.07660776138,464.4083453145252,4461.161482502334,54.0,0.08206859886326451,-1.235526987493428,0.08209464319855528,-1.231601851756146,0.017397015572304504,0.3142814201021228
254,24,50,476.8845411410292,4318.364085281663,433.5165486821991,4418.668216363436,54.0,0.08206859886326451,-1.041400388586525,0.08209464319855528,-1.0375795890708488,0.017397015572304504,0.23771620998140963
255,32,50,334.71484028241383,4482.861045979598,433.5165486821991,4418.668216363436,54.0,0.08206859886326451,-0.758169165635644,0.08209464319855528,-0.7556061524201148,0.017397015572304504,0.3023823389438492
256,23,50,492.6610906216525,4339.6404706179,433.5165486821991,4418.668216363436,54.0,0.08206859886326451,-0.8574522651001295,0.08209464319855528,-0.8576007628120973,0.017397015572304504,0.19965278977191805
257,16,50,513.1636048475955,4263.301540421994,433.5165486821991,4418.668216363436,54.0,0.08206859886326451,-1.5421161936476855,0.08209464319855528,-1.5377016638246443,0.017397015572304504,0.3487447924381699
258,67,50,614.1933123417826,4407.07660776138,433.5165486821991,4418.668216363436,54.0,0.08206859886326451,-1.7108253171811485,0.08209464319855528,-1.7101362082913973,0.017397015572304504,0.3683371512885741
259,30,50,625.9985091941669,4344.425799606012,433.5165486821991,4418.668216363436,54.0,0.08206859886326451,-1.7901590724161267,0.08209464319855528,-1.7941621378730346,0.017397015572304504,0.3970110498781137
260,67,51,614.1933123417826,4407.07660776138,449.3852529635216,4425.916545048914,54.0,0.08206859886326451,-1.5504089711418483,0.08209464319855528,-1.548963459629304,0.017397015572304504,0.3328872599265995
261,30,51,625.9985091941669,4344.425799606012,449.3852529635216,4425.916545048914,54.0,0.08206859886326451,-1.775850834766277,0.08209464319855528,-1.7794725005461,0.017397015572304504,0.3772186709045061
262,26,51,492.46916862384336,4319.554466150916,449.3852529635216,4425.916545048914,54.0,0.08206859886326451,-1.1100566340545588,0.08209464319855528,-1.113613164234517,0.017397015572304504,0.22053725125765491
263,24,51,476.8845411410292,4318.364085281663,449.3852529635216,4425.916545048914,54.0,0.08206859886326451,-1.0278140089994598,0.08209464319855528,-1.0288166842028403,0.017397015572304504,0.22576645216889532
264,32,51,334.71484028241383,4482.861045979598,449.3852529635216,4425.916545048914,54.0,0.08206859886326451,-0.8149549203559896,0.08209464319855528,-0.8128978056632519,0.017397015572304504,0.3272206260123093
265,68,52,607.5300941255965,4399.875364871049,483.6599253446036,4434.678431866685,54.0,0.08206859886326451,-0.9797507685213238,0.08209464319855528,-0.9779500427531811,0.017397015572304504,0.2450196688897766
266,16,52,513.1636048475955,4263.301540421994,483.6599253446036,4434.678431866685,54.0,0.08206859886326451,-1.6026570752335347,0.08209464319855528,-1.6029634939121413,0.017397015572304504,0.32292578150730433
267,56,52,677.3923123197425,4458.591690875839,483.6599253446036,4434.678431866685,54.0,0.08206859886326451,-1.748241755472397,0.08209464319855528,-1.7474344098713661,0.017397015572304504,0.4197784630048304
268,34,52,645.8872104090177,4370.307858894735,483.6599253446036,4434.678431866685,54.0,0.08206859886326451,-1.356762913103248,0.08209464319855528,-1.3581059900659007,0.017397015572304504,0.3384905569768447
269,69,52,685.3230867940251,4391.141433827922,483.6599253446036,4434.678431866685,54.0,0.08206859886326451,-1.8861816532474651,0.08209464319855528,-1.884734212000426,0.017397015572304504,0.43776852651899273
270,23,52,492.6610906216525,4339.6404706179,483.6599253446036,4434.678431866685,54.0,0.08206859886326451,-1.117466720258792,0.08209464319855528,-1.1201277087613908,0.017397015572304504,0.1841461071952401
271,32,52,334.71484028241383,4482.861045979598,483.6599253446036,4434.678431866685,54.0,0.08206859886326451,-1.1533862908810582,0.08209464319855528,-1.149331904283239,0.017397015572304504,0.39592335389081557
272,30,52,625.9985091941669,4344.425799606012,483.6599253446036,4434.678431866685,54.0,0.08206859886326451,-1.2670050459300848,0.08209464319855528,-1.2669316786478726,0.017397015572304504,0.3153863446836626
273,49,52,663.3163926639071,4436.617662823868,483.6599253446036,4434.678431866685,54.0,0.08206859886326451,-1.5920701162469035,0.08209464319855528,-1.5914048642935308,0.017397015572304504,0.37962590881136826
274,67,52,614.1933123417826,4407.07660776138,483.6599253446036,4434.678431866685,54.0,0.08206859886326451,-1.0420615740841217,0.08209464319855528,-1.0394572821809618,0.017397015572304504,0.2525795043438228
275,57,52,688.226455777822,4457.521568699916,483.6599253446036,4434.678431866685,54.0,0.08206859886326451,-1.8365045597214529,0.08209464319855528,-1.8358723064991302,0.017397015572304504,0.4501715969962205
276,23,53,492.6610906216525,4339.6404706179,449.19507381456793,4393.341358041034,54.0,0.08206859886326451,-0.5849166271153993,0.08209464319855528,-0.5853960202137174,0.017397015572304504,0.12873542896046983
277,68,53,607.5300941255965,4399.875364871049,449.19507381456793,4393.341358041034,54.0,0.08206859886326451,-1.0288964361191062,0.08209464319855528,-1.0326656627425692,0.017397015572304504,0.279953006252536
278,30,53,625.9985091941669,4344.425799606012,449.19507381456793,4393.341358041034,54.0,0.08206859886326451,-1.357409486614304,0.08209464319855528,-1.3561436480234823,0.017397015572304504,0.324317686562283
279,16,53,513.1636048475955,4263.301540421994,449.19507381456793,4393.341358041034,54.0,0.08206859886326451,-1.246086027776985,0.08209464319855528,-1.243266461173644,0.017397015572304504,0.2717402808090108
280,24,53,476.8845411410292,4318.364085281663,449.19507381456793,4393.341358041034,54.0,0.08206859886326451,-0.7232996095147544,0.08209464319855528,-0.7214443859285666,0.017397015572304504,0.15954713877234591
281,32,53,334.71484028241383,4482.861045979598,449.19507381456793,4393.341358041034,54.0,0.08206859886326451,-1.04969041061766,0.08209464319855528,-1.0477826491303155,0.017397015572304504,0.3729880413086222
282,67,53,614.1933123417826,4407.07660776138,449.19507381456793,4393.341358041034,54.0,0.08206859886326451,-1.1928728880110842,0.08209464319855528,-1.1930365956472546,0.017397015572304504,0.29984809727274436
283,16,54,513.1636048475955,4263.301540421994,443.9862101028399,4377.461544255477,54.0,0.08206859886326451,-1.178194421472485,0.08209464319855528,-1.1745170897614272,0.017397015572304504,0.2613957223854318
284,32,54,334.71484028241383,4482.861045979598,443.9862101028399,4377.461544255477,54.0,0.08206859886326451,-1.1493480157561418,0.08209464319855528,-1.1468299563667754,0.017397015572304504,0.3971515301714396
285,24,54,476.8845411410292,4318.364085281663,443.9862101028399,4377.461544255477,54.0,0.08206859886326451,-0.6766435818921215,0.08209464319855528,-0.6746546588523094,0.017397015572304504,0.14353793186600197
286,68,54,607.5300941255965,4399.875364871049,443.9862101028399,4377.461544255477,54.0,0.08206859886326451,-1.0854401309576025,0.08209464319855528,-1.0888776027302007,0.017397015572304504,0.29509935253665803
287,67,54,614.1933123417826,4407.07660776138,443.9862101028399,4377.461544255477,54.0,0.08206859886326451,-1.246428879188286,0.08209464319855528,-1.246270219144089,0.017397015572304504,0.31257211720833966
288,23,54,492.6610906216525,4339.6404706179,443.9862101028399,4377.461544255477,54.0,0.08206859886326451,-0.5645495426067929,0.08209464319855528,-0.5631744336727368,0.017397015572304504,0.121159105116969
289,26,54,492.46916862384336,4319.554466150916,443.9862101028399,4377.461544255477,54.0,0.08206859886326451,-0.7467538669809566,0.08209464319855528,-0.7449865745463777,0.017397015572304504,0.1494399611246604
290,30,54,625.9985091941669,4344.425799606012,443.9862101028399,4377.461544255477,54.0,0.08206859886326451,-1.4299655395247908,0.08209464319855528,-1.4262899433615939,0.017397015572304504,0.33220641344421487
291,24,55,476.8845411410292,4318.364085281663,466.6332349019849,4378.7179507745,54.0,0.08206859886326451,-0.5866467525585662,0.08209464319855528,-0.5849031807202082,0.017397015572304504,0.12056037470141391
292,16,55,513.1636048475955,4263.301540421994,466.6332349019849,4378.7179507745,54.0,0.08206859886326451,-1.130017913847117,0.08209464319855528,-1.1283067882771824,0.017397015572304504,0.22629953350118429
293,68,55,607.5300941255965,4399.875364871049,466.6332349019849,4378.7179507745,54.0,0.08206859886326451,-0.929955914802526,0.08209464319855528,-0.9334576225026463,0.017397015572304504,0.2490995351975298
294,32,55,334.71484028241383,4482.861045979598,466.6332349019849,4378.7179507745,54.0,0.08206859886326451,-1.1945432131117493,0.08209464319855528,-1.1930422729608163,0.017397015572304504,0.41709922725179954
295,34,55,645.8872104090177,4370.307858894735,466.6332349019849,4378.7179507745,54.0,0.08206859886326451,-1.4003177393078974,0.08209464319855528,-1.4003290566920552,0.017397015572304504,0.3289614390369618
296,33,55,633.1852302568241,4317.679688677003,466.6332349019849,4378.7179507745,54.0,0.08206859886326451,-1.361352747163562,0.08209464319855528,-1.3562451618953668,0.017397015572304504,0.32925478033896916
297,67,55,614.1933123417826,4407.07660776138,466.6332349019849,4378.7179507745,54.0,0.08206859886326451,-1.0850800966299858,0.08209464319855528,-1.0850580029808718,0.017397015572304504,0.2659339905222615
298,23,55,492.6610906216525,4339.6404706179,466.6332349019849,4378.7179507745,54.0,0.08206859886326451,-0.445254979130491,0.08209464319855528,-0.44600655139549533,0.017397015572304504,0.08453408878343976
299,56,55,677.3923123197425,4458.591690875839,466.6332349019849,4378.7179507745,54.0,0.08206859886326451,-1.8586024173736664,0.08209464319855528,-1.8590654288584854,0.017397015572304504,0.4459235537209871
300,30,55,625.9985091941669,4344.425799606012,466.6332349019849,4378.7179507745,54.0,0.08206859886326451,-1.2561423655356372,0.08209464319855528,-1.2536482227348864,0.017397015572304504,0.28405503879334065
301,26,56,492.46916862384336,4319.554466150916,447.1765556096275,4356.329542239,54.0,0.08206859886326451,-0.6378292809505556,0.08209464319855528,-0.6367468315478501,0.017397015572304504,0.11334883292266261
302,24,56,476.8845411410292,4318.364085281663,447.1765556096275,4356.329542239,54.0,0.08206859886326451,-0.5504476616658044,0.08209464319855528,-0.5493072425925634,0.017397015572304504,0.10032301012226583
303,16,56,513.1636048475955,4263.301540421994,447.1765556096275,4356.329542239,54.0,0.08206859886326451,-1.0866591170076838,0.08209464319855528,-1.0839803058133783,0.017397015572304504,0.22101480521456907
304,44,56,472.0029937650396,4104.126300266757,447.1765556096275,4356.329542239,54.0,0.08206859886326451,-2.130224745365567,0.08209464319855528,-2.1249132723307853,0.017397015572304504,0.4764402388288075
305,32,56,334.71484028241383,4482.861045979598,447.1765556096275,4356.329542239,54.0,0.08206859886326451,-1.2986557653145376,0.08209464319855528,-1.2959248112855497,0.017397015572304504,0.4549529588297729
306,67,56,614.1933123417826,4407.07660776138,447.1765556096275,4356.329542239,54.0,0.08206859886326451,-1.2586644413074093,0.08209464319855528,-1.258329082528611,0.017397015572304504,0.31438358129936295
307,30,56,625.9985091941669,4344.425799606012,447.1765556096275,4356.329542239,54.0,0.08206859886326451,-1.402674347843492,0.08209464319855528,-1.3968797598784055,0.017397015572304504,0.3265175436500309
308,23,56,489.0254816670088,4332.986241933166,447.1765556096275,4356.329542239,54.0,0.08206859886326451,-0.5092454479891027,0.08209464319855528,-0.5081930088879557,0.017397015572304504,0.09264180472541411
309,26,57,492.46916862384336,4319.554466150916,454.3164335836594,4338.138967133773,54.0,0.08206859886326451,-0.4896497312124196,0.08209464319855528,-0.4889766948296706,0.017397015572304504,0.08082196890173969
310,19,57,324.8153272931308,4135.979057138678,454.3164335836594,4338.138967133773,54.0,0.08206859886326451,-1.869235707004683,0.08209464319855528,-1.8659133720633645,0.017397015572304504,0.5542097485740554
311,24,57,476.8845411410292,4318.364085281663,454.3164335836594,4338.138967133773,54.0,0.08206859886326451,-0.39108332208304336,0.08209464319855528,-0.39056421263835955,0.017397015572304504,0.06179374163833157
312,16,57,513.1636048475955,4263.301540421994,454.3164335836594,4338.138967133773,54.0,0.08206859886326451,-0.9336177241693253,0.08209464319855528,-0.9316181753565769,0.017397015572304504,0.18173083602790288
313,23,57,482.95294926390704,4322.121679026849,454.3164335836594,4338.138967133773,54.0,0.08206859886326451,-0.3729249118258534,0.08209464319855528,-0.37217029196851154,0.017397015572304504,0.0631817862808143
314,32,57,334.71484028241383,4482.861045979598,454.3164335836594,4338.138967133773,54.0,0.08206859886326451,-1.4731199077701298,0.08209464319855528,-1.4694006979751033,0.017397015572304504,0.5018895611183952
315,44,57,472.0029937650396,4104.126300266757,454.3164335836594,4338.138967133773,54.0,0.08206859886326451,-2.018348562431795,0.08209464319855528,-2.0142444065540857,0.017397015572304504,0.42776443057858493
316,22,57,301.6304881357929,4156.037775497009,454.3164335836594,4338.138967133773,54.0,0.08206859886326451,-1.7202694187791103,0.08209464319855528,-1.7124972843656483,0.017397015572304504,0.585358497847345
317,30,57,625.9985091941669,4344.425799606012,454.3164335836594,4338.138967133773,54.0,0.08206859886326451,-1.5064801001667614,0.08209464319855528,-1.5023858094380411,0.017397015572304504,0.30812653842793014
318,67,57,614.1933123417826,4407.07660776138,454.3164335836594,4338.138967133773,54.0,0.08206859886326451,-1.3045318439140523,0.08209464319855528,-1.301096324913853,0.017397015572304504,0.3021471953593827
319,68,57,607.5300941255965,4399.875364871049,454.3164335836594,4338.138967133773,54.0,0.08206859886326451,-1.1599242360199855,0.08209464319855528,-1.1576649599227127,0.017397015572304504,0.2846257449863437
320,32,58,334.71484028241383,4482.861045979598,493.6928066659663,4597.231199427339,54.0,0.08206859886326451,-1.4060884180550393,0.08209464319855528,-1.3972708057791972,0.017397015572304504,0.5589860165788216
321,32,59,334.71484028241383,4482.861045979598,484.3679695761251,4575.18604113906,54.0,0.08206859886326451,-1.281602857277454,0.08209464319855528,-1.273280676317293,0.017397015572304504,0.49875499209691676
322,23,60,492.6610906216525,4339.6404706179,532.2627220778933,4557.589222026572,54.0,0.08206859886326451,-1.722103339153207,0.08209464319855528,-1.7194107635248201,0.017397015572304504,0.48360242835084355
323,30,60,625.9985091941669,4344.425799606012,532.2627220778933,4557.589222026572,54.0,0.08206859886326451,-1.7459000723100295,0.08209464319855528,-1.7361402673549875,0.017397015572304504,0.517198136196922
324,32,60,334.71484028241383,4482.861045979598,532.2627220778933,4557.589222026572,54.0,0.08206859886326451,-1.5864936842996182,0.08209464319855528,-1.589044308141095,0.017397015572304504,0.6035812158293824
325,56,60,677.3923123197425,4458.591690875839,532.2627220778933,4557.589222026572,54.0,0.08206859886326451,-1.2678736755660651,0.08209464319855528,-1.2541340694281988,0.017397015572304504,0.4848608788867979
326,59,60,687.7533482500393,4462.8415205037,532.2627220778933,4557.589222026572,54.0,0.08206859886326451,-1.2889027928666792,0.08209464319855528,-1.2711670846110048,0.017397015572304504,0.5188972227819804
327,57,60,688.226455777822,4457.521568699916,532.2627220778933,4557.589222026572,54.0,0.08206859886326451,-1.338436902960343,0.08209464319855528,-1.3219795278989193,0.017397015572304504,0.5200450327834418
328,23,61,492.6610906216525,4339.6404706179,523.7563279528324,4473.568851454813,54.0,0.08206859886326451,-1.1300375972917298,0.08209464319855528,-1.1335419374075828,0.017397015572304504,0.26051569606461217
329,49,61,663.3163926639071,4436.617662823868,523.7563279528324,4473.568851454813,54.0,0.08206859886326451,-1.281698658086372,0.08209464319855528,-1.277480742090896,0.017397015572304504,0.3251800575133389
330,56,61,677.3923123197425,4458.591690875839,523.7563279528324,4473.568851454813,54.0,0.08206859886326451,-1.380994796601067,0.08209464319855528,-1.3770920728684861,0.017397015572304504,0.35237449266792836
331,30,61,625.9985091941669,4344.425799606012,523.7563279528324,4473.568851454813,54.0,0.08206859886326451,-1.0209051301106007,0.08209464319855528,-1.0196043144463631,0.017397015572304504,0.3028837877136489
332,57,61,688.226455777822,4457.521568699916,523.7563279528324,4473.568851454813,54.0,0.08206859886326451,-1.485635296652505,0.08209464319855528,-1.4811488387221736,0.017397015572304504,0.38301786051507347
333,59,61,687.7533482500393,4462.8415205037,523.7563279528324,4473.568851454813,54.0,0.08206859886326451,-1.4783708199284766,0.08209464319855528,-1.4739179600500179,0.017397015572304504,0.3809853343010429
334,34,61,645.8872104090177,4370.307858894735,523.7563279528324,4473.568851454813,54.0,0.08206859886326451,-1.289932284275804,0.08209464319855528,-1.2850189303947144,0.017397015572304504,0.3236682444842355
335,23,62,492.6610906216525,4339.6404706179,468.6871050542589,4480.412063966041,54.0,0.08206859886326451,-1.5353726642533656,0.08209464319855528,-1.5379486040287056,0.017397015572304504,0.29762760537404304
336,30,62,625.9985091941669,4344.425799606012,468.6871050542589,4480.412063966041,54.0,0.08206859886326451,-1.5096252523083737,0.08209464319855528,-1.5061872657050963,0.017397015572304504,0.393567883372749
337,32,62,334.71484028241383,4482.861045979598,468.6871050542589,4480.412063966041,54.0,0.08206859886326451,-1.1940710707021405,0.08209464319855528,-1.189071361414873,0.017397015572304504,0.3488246710806932
338,32,63,334.71484028241383,4482.861045979598,409.3824134202946,4498.936102519641,54.0,0.08206859886326451,-0.5280458668262336,0.08209464319855528,-0.527774304818133,0.017397015572304504,0.19849021349785734
339,23,63,492.6610906216525,4339.6404706179,409.3824134202946,4498.936102519641,54.0,0.08206859886326451,-1.5300186957667616,0.08209464319855528,-1.5293059321791704,0.017397015572304504,0.40075341525713776
340,23,64,492.6610906216525,4339.6404706179,432.2908893266161,4514.445305024319,54.0,0.08206859886326451,-1.7576042841140675,0.08209464319855528,-1.756442808822664,0.017397015572304504,0.4159378433478155
341,32,64,334.71484028241383,4482.861045979598,432.2908893266161,4514.445305024319,54.0,0.08206859886326451,-0.7120676647490872,0.08209464319855528,-0.7134741109826043,0.017397015572304504,0.2788590239113824
342,30,65,625.9985091941669,4344.425799606012,492.89260402339454,4537.916828260732,54.0,0.08206859886326451,-1.56647540389641,0.08209464319855528,-1.5612671621984018,0.017397015572304504,0.4938247339017071
343,23,65,492.6610906216525,4339.6404706179,492.89260402339454,4537.916828260732,54.0,0.08206859886326451,-2.227670272764217,0.08209464319855528,-2.2290490710042214,0.017397015572304504,0.44722172290205664
344,56,65,677.3923123197425,4458.591690875839,492.89260402339454,4537.916828260732,54.0,0.08206859886326451,-1.5206116964877794,0.08209464319855528,-1.5129055094339658,0.017397015572304504,0.53386636359903
345,32,65,334.71484028241383,4482.861045979598,492.89260402339454,4537.916828260732,54.0,0.08206859886326451,-1.2746626715005953,0.08209464319855528,-1.2791261249524075,0.017397015572304504,0.4717069638884656
346,32,66,334.71484028241383,4482.861045979598,442.1326126035325,4553.206528131934,54.0,0.08206859886326451,-0.9089873412393545,0.08209464319855528,-0.9070467455166288,0.017397015572304504,0.35733501414507846
347,23,66,492.6610906216525,4339.6404706179,442.1326126035325,4553.206528131934,54.0,0.08206859886326451,-2.258481823295201,0.08209464319855528,-2.2605698721950644,0.017397015572304504,0.5210249062598022
348,30,67,625.9985091941669,4344.425799606012,493.1570022965957,4505.480440009388,54.0,0.08206859886326451,-1.378011470082876,0.08209464319855528,-1.3769365359140462,0.017397015572304504,0.41017152636690896
349,32,67,334.71484028241383,4482.861045979598,493.1570022965957,4505.480440009388,54.0,0.08206859886326451,-1.4081745137610413,0.08209464319855528,-1.4025428550596462,0.017397015572304504,0.4311405128704201
350,23,67,492.6610906216525,4339.6404706179,493.1570022965957,4505.480440009388,54.0,0.08206859886326451,-1.9345061807005723,0.08209464319855528,-1.936199239911547,0.017397015572304504,0.35464626593680737
351,57,67,688.226455777822,4457.521568699916,493.1570022965957,4505.480440009388,54.0,0.08206859886326451,-1.559908881261567,0.08209464319855528,-1.5515527079972857,0.017397015572304504,0.4995997194439845
352,56,67,677.3923123197425,4458.591690875839,493.1570022965957,4505.480440009388,54.0,0.08206859886326451,-1.4693104539909234,0.08209464319855528,-1.4609010501308533,0.017397015572304504,0.46688402776753674
353,32,68,334.71484028241383,4482.861045979598,492.7167606133789,4597.298731191927,54.0,0.08206859886326451,-1.3997185341126914,0.08209464319855528,-1.3909584448380397,0.017397015572304504,0.5567850376648649
354,67,69,614.1933123417826,4407.07660776138,499.1284447513814,4564.733863047741,54.0,0.08206859886326451,-1.5731580097439744,0.08209464319855528,-1.5617359327320022,0.017397015572304504,0.47439355289682034
355,32,69,334.71484028241383,4482.861045979598,499.1284447513814,4564.733863047741,54.0,0.08206859886326451,-1.3358625571085923,0.08209464319855528,-1.332744538435824,0.017397015572304504,0.5269554598066258
356,56,69,677.3923123197425,4458.591690875839,499.1284447513814,4564.733863047741,54.0,0.08206859886326451,-1.5294875430964294,0.08209464319855528,-1.5209113357339248,0.017397015572304504,0.5718752415965087
357,49,70,663.3163926639071,4436.617662823868,508.7065167837801,4522.821433130314,54.0,0.08206859886326451,-1.4722262998953497,0.08209464319855528,-1.4567370351575277,0.017397015572304504,0.43834979066062035
358,23,70,492.6610906216525,4339.6404706179,508.7065167837801,4522.821433130314,54.0,0.08206859886326451,-1.7537752068016776,0.08209464319855528,-1.7534530043565537,0.017397015572304504,0.38760178369357295
359,68,70,607.5300941255965,4399.875364871049,508.7065167837801,4522.821433130314,54.0,0.08206859886326451,-1.1567773239156,0.08209464319855528,-1.149702930999814,0.017397015572304504,0.3430165923826873
360,32,70,334.71484028241383,4482.861045979598,508.7065167837801,4522.821433130314,54.0,0.08206859886326451,-1.4855459890917977,0.08209464319855528,-1.4863729752100105,0.017397015572304504,0.49611499290338656
361,30,70,625.9985091941669,4344.425799606012,508.7065167837801,4522.821433130314,54.0,0.08206859886326451,-1.4065206355707667,0.08209464319855528,-1.4008745549610604,0.017397015572304504,0.4338836918371674
362,67,70,614.1933123417826,4407.07660776138,508.7065167837801,4522.821433130314,54.0,0.08206859886326451,-1.2331319701197478,0.08209464319855528,-1.2254477727627393,0.017397015572304504,0.3470797280296562
363,57,70,688.226455777822,4457.521568699916,508.7065167837801,4522.821433130314,54.0,0.08206859886326451,-1.4374428814301599,0.08209464319855528,-1.4282715562810835,0.017397015572304504,0.49728268590629604
364,56,70,677.3923123197425,4458.591690875839,508.7065167837801,4522.821433130314,54.0,0.08206859886326451,-1.357403162489,0.08209464319855528,-1.3485359470155234,0.017397015572304504,0.4649440388177643
365,68,71,607.5300941255965,4399.875364871049,531.4531433032308,4535.094421349946,54.0,0.08206859886326451,-1.214189731377952,0.08209464319855528,-1.203519102409712,0.017397015572304504,0.34759768222588133
366,67,71,614.1933123417826,4407.07660776138,531.4531433032308,4535.094421349946,54.0,0.08206859886326451,-1.2450572112587628,0.08209464319855528,-1.234932862587486,0.017397015572304504,0.35202349105507613
367,49,71,663.3163926639071,4436.617662823868,531.4531433032308,4535.094421349946,54.0,0.08206859886326451,-1.3513265706130464,0.08209464319855528,-1.3414752136091885,0.017397015572304504,0.42784527872908845
368,32,71,334.71484028241383,4482.861045979598,531.4531433032308,4535.094421349946,54.0,0.08206859886326451,-1.6529292395966166,0.08209464319855528,-1.6560431765725303,0.017397015572304504,0.5758778676619052
369,23,71,492.6610906216525,4339.6404706179,531.4531433032308,4535.094421349946,54.0,0.08206859886326451,-1.548218338775144,0.08209464319855528,-1.5462766289420915,0.017397015572304504,0.4160363667357094
370,30,71,625.9985091941669,4344.425799606012,531.4531433032308,4535.094421349946,54.0,0.08206859886326451,-1.5502914278288715,0.08209464319855528,-1.540850582063832,0.017397015572304504,0.4488218564026193
371,56,71,677.3923123197425,4458.591690875839,531.4531433032308,4535.094421349946,54.0,0.08206859886326451,-1.2266854228325927,0.08209464319855528,-1.2218697800363258,0.017397015572304504,0.4393997537179762
372,59,71,687.7533482500393,4462.8415205037,531.4531433032308,4535.094421349946,54.0,0.08206859886326451,-1.2541017153151277,0.08209464319855528,-1.2465917584503523,0.017397015572304504,0.4734647095728713
373,23,72,492.6610906216525,4339.6404706179,417.5417981826776,4510.920120596271,54.0,0.08206859886326451,-1.6631899080529005,0.08209464319855528,-1.6618947414057252,0.017397015572304504,0.42139980736734733
374,32,72,334.71484028241383,4482.861045979598,417.5417981826776,4510.920120596271,54.0,0.08206859886326451,-0.5862886421113034,0.08209464319855528,-0.586842989626261,0.017397015572304504,0.23508129150334622
375,67,73,614.1933123417826,4407.07660776138,441.93857113184015,4512.542727438793,54.0,0.08206859886326451,-1.906850174128272,0.08209464319855528,-1.9038056986698604,0.017397015572304504,0.4518259574447477
376,23,73,492.6610906216525,4339.6404706179,441.93857113184015,4512.542727438793,54.0,0.08206859886326451,-1.7861593493119943,0.08209464319855528,-1.787649890637313,0.017397015572304504,0.401010822974473
377,32,73,334.71484028241383,4482.861045979598,441.93857113184015,4512.542727438793,54.0,0.08206859886326451,-0.7967834740606391,0.08209464319855528,-0.7992743130075602,0.017397015572304504,0.30288800117727827
378,30,73,625.9985091941669,4344.425799606012,441.93857113184015,4512.542727438793,54.0,0.08206859886326451,-2.0320251977397414,0.08209464319855528,-2.031541357612563,0.017397015572304504,0.5092823999125724
379,67,74,614.1933123417826,4407.07660776138,445.0125303850925,4496.766849919227,54.0,0.08206859886326451,-1.7950009342203048,0.08209464319855528,-1.7916423803632568,0.017397015572304504,0.40755357196223513
380,23,74,492.6610906216525,4339.6404706179,445.0125303850925,4496.766849919227,54.0,0.08206859886326451,-1.6071000327384488,0.08209464319855528,-1.6075685761596161,0.017397015572304504,0.35609164912082375
381,30,74,625.9985091941669,4344.425799606012,445.0125303850925,4496.766849919227,54.0,0.08206859886326451,-1.8653386368927833,0.08209464319855528,-1.8608212489923261,0.017397015572304504,0.4658006885858361
382,32,74,334.71484028241383,4482.861045979598,445.0125303850925,4496.766849919227,54.0,0.08206859886326451,-0.8808624135328049,0.08209464319855528,-0.8758924235277468,0.017397015572304504,0.29076463218642323
383,23,75,492.6610906216525,4339.6404706179,471.62633083117146,4495.418984338536,54.0,0.08206859886326451,-1.8292501862168473,0.08209464319855528,-1.8327065111833805,0.017397015572304504,0.3296951379672009
384,30,75,625.9985091941669,4344.425799606012,471.62633083117146,4495.418984338536,54.0,0.08206859886326451,-1.6454359949646484,0.08209464319855528,-1.6454100208813416,0.017397015572304504,0.42080085165014847
385,32,75,334.71484028241383,4482.861045979598,471.62633083117146,4495.418984338536,54.0,0.08206859886326451,-1.2410078321607378,0.08209464319855528,-1.2360915181898495,0.017397015572304504,0.3576654048129389
386,49,76,663.3163926639071,4436.617662823868,499.5768344061536,4492.134792576995,54.0,0.08206859886326451,-1.4892944129930883,0.08209464319855528,-1.484297112944869,0.017397015572304504,0.3976442438865319
387,56,76,677.3923123197425,4458.591690875839,499.5768344061536,4492.134792576995,54.0,0.08206859886326451,-1.4682394244445303,0.08209464319855528,-1.4599551011113594,0.017397015572304504,0.42864485221762394
388,23,76,492.6610906216525,4339.6404706179,499.5768344061536,4492.134792576995,54.0,0.08206859886326451,-1.7744314402263486,0.08209464319855528,-1.7765511392633602,0.017397015572304504,0.3191059948851916
389,30,76,625.9985091941669,4344.425799606012,499.5768344061536,4492.134792576995,54.0,0.08206859886326451,-1.2394322163988376,0.08209464319855528,-1.2396996329294947,0.017397015572304504,0.3704413465130799
390,32,76,334.71484028241383,4482.861045979598,499.5768344061536,4492.134792576995,54.0,0.08206859886326451,-1.6234435400298055,0.08209464319855528,-1.6179557881447888,0.017397015572304504,0.428750856247223
391,67,76,614.1933123417826,4407.07660776138,499.5768344061536,4492.134792576995,54.0,0.08206859886326451,-1.097225898477653,0.08209464319855528,-1.0919642133547076,0.017397015572304504,0.29676718308858285
392,68,76,607.5300941255965,4399.875364871049,499.5768344061536,4492.134792576995,54.0,0.08206859886326451,-1.0238330791448609,0.08209464319855528,-1.0188041654521067,0.017397015572304504,0.28937857039074866
393,57,76,688.226455777822,4457.521568699916,499.5768344061536,4492.134792576995,54.0,0.08206859886326451,-1.5606001504007456,0.08209464319855528,-1.551449706300347,0.017397015572304504,0.4597610093944761
394,68,77,607.5300941255965,4399.875364871049,513.0918490821646,4492.656885412151,54.0,0.08206859886326451,-0.9500503187380392,0.08209464319855528,-0.9448352013606579,0.017397015572304504,0.2693441738970343
395,57,77,688.226455777822,4457.521568699916,513.0918490821646,4492.656885412151,54.0,0.08206859886326451,-1.427197880309019,0.08209464319855528,-1.4176236777086935,0.017397015572304504,0.42956505711893184
396,34,77,645.8872104090177,4370.307858894735,513.0918490821646,4492.656885412151,54.0,0.08206859886326451,-1.461577478533563,0.08209464319855528,-1.4561021048785212,0.017397015572304504,0.376893209450616
397,49,77,663.3163926639071,4436.617662823868,513.0918490821646,4492.656885412151,54.0,0.08206859886326451,-1.3953652761632431,0.08209464319855528,-1.3892622492160835,0.017397015572304504,0.37032144275065204
398,32,77,334.71484028241383,4482.861045979598,513.0918490821646,4492.656885412151,54.0,0.08206859886326451,-1.7214835588834185,0.08209464319855528,-1.7157826006999637,0.017397015572304504,0.46151129099394067
399,30,77,625.9985091941669,4344.425799606012,513.0918490821646,4492.656885412151,54.0,0.08206859886326451,-1.1777756625155837,0.08209464319855528,-1.1753595353260762,0.017397015572304504,0.35578827228349097
400,56,77,677.3923123197425,4458.591690875839,513.0918490821646,4492.656885412151,54.0,0.08206859886326451,-1.3348000480371376,0.08209464319855528,-1.325824650824758,0.017397015572304504,0.39814549938668403
401,23,77,492.6610906216525,4339.6404706179,513.0918490821646,4492.656885412151,54.0,0.08206859886326451,-1.3376596394431743,0.08209464319855528,-1.3398789964409932,0.017397015572304504,0.3020499302170394
402,67,77,614.1933123417826,4407.07660776138,513.0918490821646,4492.656885412151,54.0,0.08206859886326451,-1.025099450723984,0.08209464319855528,-1.0199940809726034,0.017397015572304504,0.2747616561872733
403,69,77,685.3230867940251,4391.141433827922,513.0918490821646,4492.656885412151,54.0,0.08206859886326451,-1.7768797594517123,0.08209464319855528,-1.7782215778419355,0.017397015572304504,0.48615131644334053
404,68,78,607.5300941255965,4399.875364871049,537.6705968009035,4492.163362940774,54.0,0.08206859886326451,-0.9074312580368018,0.08209464319855528,-0.9038844890236811,0.017397015572304504,0.23736249567597786
405,57,78,688.226455777822,4457.521568699916,537.6705968009035,4492.163362940774,54.0,0.08206859886326451,-1.2572353123491324,0.08209464319855528,-1.2505730965200799,0.017397015572304504,0.37976296590507014
406,56,78,677.3923123197425,4458.591690875839,537.6705968009035,4492.163362940774,54.0,0.08206859886326451,-1.1638052808805313,0.08209464319855528,-1.1572192076954568,0.017397015572304504,0.3478576826859378
407,32,78,334.71484028241383,4482.861045979598,537.6705968009035,4492.163362940774,54.0,0.08206859886326451,-1.8572187811808747,0.08209464319855528,-1.8503513785336025,0.017397015572304504,0.5173036985672345
408,69,78,685.3230867940251,4391.141433827922,537.6705968009035,4492.163362940774,54.0,0.08206859886326451,-1.6491354068563933,0.08209464319855528,-1.6510532026315838,0.017397015572304504,0.4470474760250957
409,59,78,687.7533482500393,4462.8415205037,537.6705968009035,4492.163362940774,54.0,0.08206859886326451,-1.1992531575325687,0.08209464319855528,-1.194684148999239,0.017397015572304504,0.3819557547291927
410,67,78,614.1933123417826,4407.07660776138,537.6705968009035,4492.163362940774,54.0,0.08206859886326451,-0.9696443952129445,0.08209464319855528,-0.9656670054956529,0.017397015572304504,0.23994935836475365
411,34,78,645.8872104090177,4370.307858894735,537.6705968009035,4492.163362940774,54.0,0.08206859886326451,-1.4587393713685535,0.08209464319855528,-1.4538702743993874,0.017397015572304504,0.34645782696433725
412,23,78,492.6610906216525,4339.6404706179,537.6705968009035,4492.163362940774,54.0,0.08206859886326451,-1.0986288222803122,0.08209464319855528,-1.0973169848589124,0.017397015572304504,0.30216933612955443
413,49,78,663.3163926639071,4436.617662823868,537.6705968009035,4492.163362940774,54.0,0.08206859886326451,-1.2653351124659946,0.08209464319855528,-1.2583612226632719,0.017397015572304504,0.32456244447856347
414,30,78,625.9985091941669,4344.425799606012,537.6705968009035,4492.163362940774,54.0,0.08206859886326451,-1.1914712361657607,0.08209464319855528,-1.1891975503450487,0.017397015572304504,0.3326308147051269
415,23,79,492.6610906216525,4339.6404706179,438.40901748778265,4488.9257188186375,54.0,0.08206859886326451,-1.4870679419188848,0.08209464319855528,-1.486423453515155,0.017397015572304504,0.3430183734971585
416,30,79,625.9985091941669,4344.425799606012,438.40901748778265,4488.9257188186375,54.0,0.08206859886326451,-1.774316140755435,0.08209464319855528,-1.7685089499616748,0.017397015572304504,0.4687813274681251
417,32,79,334.71484028241383,4482.861045979598,438.40901748778265,4488.9257188186375,54.0,0.08206859886326451,-0.8052234682597528,0.08209464319855528,-0.8012449647025465,0.017397015572304504,0.27152477554401566
418,67,79,614.1933123417826,4407.07660776138,438.40901748778265,4488.9257188186375,54.0,0.08206859886326451,-1.7050277632429252,0.08209464319855528,-1.7004039868848966,0.017397015572304504,0.4077756871299227
419,23,80,492.6610906216525,4339.6404706179,462.4116040953599,4481.584286994828,54.0,0.08206859886326451,-1.5232092581312078,0.08209464319855528,-1.5237303041606203,0.017397015572304504,0.30822058138381847
420,67,80,614.1933123417826,4407.07660776138,462.4116040953599,4481.584286994828,54.0,0.08206859886326451,-1.4589550049274727,0.08209464319855528,-1.4562807939106535,0.017397015572304504,0.3459095228404218
421,30,80,625.9985091941669,4344.425799606012,462.4116040953599,4481.584286994828,54.0,0.08206859886326451,-1.555051052925293,0.08209464319855528,-1.5507659864678922,0.017397015572304504,0.40668758683768325
422,32,80,334.71484028241383,4482.861045979598,462.4116040953599,4481.584286994828,54.0,0.08206859886326451,-1.1043051440704967,0.08209464319855528,-1.099085850670319,0.017397015572304504,0.33296253291779637
423,67,81,614.1933123417826,4407.07660776138,507.8253002981468,4479.085241861512,54.0,0.08206859886326451,-1.0029793963295925,0.08209464319855528,-0.9983712247983152,0.017397015572304504,0.25883234410602407
424,32,81,334.71484028241383,4482.861045979598,507.8253002981468,4479.085241861512,54.0,0.08206859886326451,-1.682200017624378,0.08209464319855528,-1.676587245701667,0.017397015572304504,0.44819182001126345
425,68,81,607.5300941255965,4399.875364871049,507.8253002981468,4479.085241861512,54.0,0.08206859886326451,-0.9232098652783347,0.08209464319855528,-0.91923626116271,0.017397015572304504,0.2514339992195056
426,69,81,685.3230867940251,4391.141433827922,507.8253002981468,4479.085241861512,54.0,0.08206859886326451,-1.8153796864299163,0.08209464319855528,-1.8155013251730303,0.017397015572304504,0.4655377937313935
427,23,81,492.6610906216525,4339.6404706179,507.8253002981468,4479.085241861512,54.0,0.08206859886326451,-1.3110856268700606,0.08209464319855528,-1.312980421305657,0.017397015572304504,0.26959850473907676
428,49,81,663.3163926639071,4436.617662823868,507.8253002981468,4479.085241861512,54.0,0.08206859886326451,-1.4025135897554075,0.08209464319855528,-1.3979832115830229,0.017397015572304504,0.3651524814267858
429,34,81,645.8872104090177,4370.307858894735,507.8253002981468,4479.085241861512,54.0,0.08206859886326451,-1.3943558718871423,0.08209464319855528,-1.3905627569258603,0.017397015572304504,0.35664639340275495
430,56,81,677.3923123197425,4458.591690875839,507.8253002981468,4479.085241861512,54.0,0.08206859886326451,-1.489502604804904,0.08209464319855528,-1.4855731756744879,0.017397015572304504,0.3951454863900217
431,59,81,687.7533482500393,4462.8415205037,507.8253002981468,4479.085241861512,54.0,0.08206859886326451,-1.580358546628606,0.08209464319855528,-1.575703679392623,0.017397015572304504,0.4254037460467458
432,30,81,625.9985091941669,4344.425799606012,507.8253002981468,4479.085241861512,54.0,0.08206859886326451,-1.1350317329149187,0.08209464319855528,-1.1361730486278445,0.017397015572304504,0.33274774812172536
433,57,81,688.226455777822,4457.521568699916,507.8253002981468,4479.085241861512,54.0,0.08206859886326451,-1.5941553385673637,0.08209464319855528,-1.5896470693477265,0.017397015572304504,0.42588351188454415
434,67,82,614.1933123417826,4407.07660776138,528.6107835631166,4477.670618395726,54.0,0.08206859886326451,-0.8880528701143382,0.08209464319855528,-0.8835294949670416,0.017397015572304504,0.22401931801177316
435,32,82,334.71484028241383,4482.861045979598,528.6107835631166,4477.670618395726,54.0,0.08206859886326451,-1.8184096110037589,0.08209464319855528,-1.812251215047447,0.017397015572304504,0.4975288185663293
436,59,82,687.7533482500393,4462.8415205037,528.6107835631166,4477.670618395726,54.0,0.08206859886326451,-1.4407031734751632,0.08209464319855528,-1.436164459056604,0.017397015572304504,0.3768040768050601
437,68,82,607.5300941255965,4399.875364871049,528.6107835631166,4477.670618395726,54.0,0.08206859886326451,-0.8154288684981075,0.08209464319855528,-0.8108481247174897,0.017397015572304504,0.21911331927035388
438,34,82,645.8872104090177,4370.307858894735,528.6107835631166,4477.670618395726,54.0,0.08206859886326451,-1.3217077658831622,0.08209464319855528,-1.3168787929019832,0.017397015572304504,0.3258180529432734
439,30,82,625.9985091941669,4344.425799606012,528.6107835631166,4477.670618395726,54.0,0.08206859886326451,-1.0540034059244514,0.08209464319855528,-1.0516036157029858,0.017397015572304504,0.30698831990976444
440,57,82,688.226455777822,4457.521568699916,528.6107835631166,4477.670618395726,54.0,0.08206859886326451,-1.455204494690288,0.08209464319855528,-1.4513719077877796,0.017397015572304504,0.3777493043445579
441,56,82,677.3923123197425,4458.591690875839,528.6107835631166,4477.670618395726,54.0,0.08206859886326451,-1.3507434682454633,0.08209464319855528,-1.3474905588257018,0.017397015572304504,0.3470577226997599
442,23,82,492.6610906216525,4339.6404706179,528.6107835631166,4477.670618395726,54.0,0.08206859886326451,-1.1009428326122677,0.08209464319855528,-1.1026812834793118,0.017397015572304504,0.2695343327230748
443,49,82,663.3163926639071,4436.617662823868,528.6107835631166,4477.670618395726,54.0,0.08206859886326451,-1.2716291859935422,0.08209464319855528,-1.2674429046608486,0.017397015572304504,0.3198050571460179
444,67,83,614.1933123417826,4407.07660776138,501.2323511637488,4460.633465574921,54.0,0.08206859886326451,-0.9547256562166755,0.08209464319855528,-0.9529992234115777,0.017397015572304504,0.24219051133520608
445,68,83,607.5300941255965,4399.875364871049,501.2323511637488,4460.633465574921,54.0,0.08206859886326451,-0.8827711104930966,0.08209464319855528,-0.881775423465287,0.017397015572304504,0.23465598183967815
446,34,83,645.8872104090177,4370.307858894735,501.2323511637488,4460.633465574921,54.0,0.08206859886326451,-1.3031130327947122,0.08209464319855528,-1.3035512412684072,0.017397015572304504,0.3366387459397865
447,32,83,334.71484028241383,4482.861045979598,501.2323511637488,4460.633465574921,54.0,0.08206859886326451,-1.1785972390056958,0.08209464319855528,-1.172242706212374,0.017397015572304504,0.41614519233418246
448,57,83,688.226455777822,4457.521568699916,501.2323511637488,4460.633465574921,54.0,0.08206859886326451,-1.6739130633928017,0.08209464319855528,-1.6699286684554102,0.017397015572304504,0.42918473477423397
449,56,83,677.3923123197425,4458.591690875839,501.2323511637488,4460.633465574921,54.0,0.08206859886326451,-1.5695011337570435,0.08209464319855528,-1.5660991245947202,0.017397015572304504,0.3986168573371187
450,23,83,492.6610906216525,4339.6404706179,501.2323511637488,4460.633465574921,54.0,0.08206859886326451,-1.3565729076813744,0.08209464319855528,-1.3599142171041012,0.017397015572304504,0.23869604970639974
451,30,83,625.9985091941669,4344.425799606012,501.2323511637488,4460.633465574921,54.0,0.08206859886326451,-1.0912157920689667,0.08209464319855528,-1.091030017197079,0.017397015572304504,0.308768041240787
452,16,83,513.1636048475955,4263.301540421994,501.2323511637488,4460.633465574921,54.0,0.08206859886326451,-1.3014111742147005,0.08209464319855528,-1.3004093272628041,0.017397015572304504,0.3604122753758625
453,49,83,663.3163926639071,4436.617662823868,501.2323511637488,4460.633465574921,54.0,0.08206859886326451,-1.4559568078467626,0.08209464319855528,-1.4524765526949917,0.017397015572304504,0.3573939221709152
454,59,83,687.7533482500393,4462.8415205037,501.2323511637488,4460.633465574921,54.0,0.08206859886326451,-1.6702553512075513,0.08209464319855528,-1.666294240821617,0.017397015572304504,0.42808110873936245
455,10,84,331.5278665142546,3788.394860859632,438.2680378591523,3890.741886506603,54.0,0.08206859886326451,-1.393234406408107,0.08209464319855528,-1.3911464703984633,0.017397015572304504,0.4460877818636275
456,44,84,482.2902751987267,4093.226876078621,438.2680378591523,3890.741886506603,54.0,0.08206859886326451,-2.18885470950151,0.08209464319855528,-2.1819237532909423,0.017397015572304504,0.4648994710880169
457,13,84,350.3727630331359,3756.461999998863,438.2680378591523,3890.741886506603,54.0,0.08206859886326451,-1.3294519928629915,0.08209464319855528,-1.3211613325212057,0.017397015572304504,0.49062897044066334
458,39,84,491.6009153175041,3965.873607703836,438.2680378591523,3890.741886506603,54.0,0.08206859886326451,-0.951497958192209,0.08209464319855528,-0.9482529002068746,0.017397015572304504,0.2588999479865489
459,5,85,328.01618259779593,3866.898866582476,399.3173244151503,3863.428141230935,54.0,0.08206859886326451,-0.7367553128887978,0.08209464319855528,-0.7381523045642728,0.017397015572304504,0.20051003953448382
460,12,85,339.7794838460253,3807.442051326752,399.3173244151503,3863.428141230935,54.0,0.08206859886326451,-0.8303209292504767,0.08209464319855528,-0.8292412212152922,0.017397015572304504,0.23830553869240273
461,25,85,278.7601371768536,3840.6549618706185,399.3173244151503,3863.428141230935,54.0,0.08206859886326451,-1.1362078161394757,0.08209464319855528,-1.1369038292104632,0.017397015572304504,0.3253203030808732
462,38,85,292.2609771757026,3909.816818957042,399.3173244151503,3863.428141230935,54.0,0.08206859886326451,-1.044544615624358,0.08209464319855528,-1.0442029417206244,0.017397015572304504,0.29076410717021733
463,13,85,350.3727630331359,3756.461999998863,399.3173244151503,3863.428141230935,54.0,0.08206859886326451,-1.0438566001429288,0.08209464319855528,-1.0420107958883054,0.017397015572304504,0.3568983460345278
464,66,86,493.8518825171933,3956.000689079267,483.9940430056478,3954.482440948912,54.0,0.08206859886326451,-0.15202007669339446,0.08209464319855528,-0.15225436754825597,0.017397015572304504,0.038703287194957685
465,19,86,309.4846467710166,4112.556925703692,483.9940430056478,3954.482440948912,54.0,0.08206859886326451,-1.778932820536579,0.08209464319855528,-1.7745920012079837,0.017397015572304504,0.4948192154414874
466,36,86,587.79522063936,3965.30735379632,483.9940430056478,3954.482440948912,54.0,0.08206859886326451,-0.8862995282836426,0.08209464319855528,-0.8788157655879002,0.017397015572304504,0.2814079549442512
467,44,86,482.2902751987267,4093.226876078621,483.9940430056478,3954.482440948912,54.0,0.08206859886326451,-1.2698768957975246,0.08209464319855528,-1.2614601137282142,0.017397015572304504,0.27000593510003595
468,48,86,542.8497150079456,3957.433060143872,483.9940430056478,3954.482440948912,54.0,0.08206859886326451,-0.5767306113289369,0.08209464319855528,-0.571396690257707,0.017397015572304504,0.16065312624525438
469,41,86,461.8106926932424,4070.996636995212,483.9940430056478,3954.482440948912,54.0,0.08206859886326451,-0.9212449346895604,0.08209464319855528,-0.9183585361083919,0.017397015572304504,0.2194240168864387
470,39,86,491.6009153175041,3965.873607703836,483.9940430056478,3954.482440948912,54.0,0.08206859886326451,-0.14246641469116592,0.08209464319855528,-0.14268598159846574,0.017397015572304504,0.03627098922301572
471,62,86,438.3970135664206,3912.290557700556,483.9940430056478,3954.482440948912,54.0,0.08206859886326451,-0.7228707799855191,0.08209464319855528,-0.7195896913505189,0.017397015572304504,0.1843694591138046
472,44,87,482.2902751987267,4093.226876078621,405.70298123725416,3888.881550381844,54.0,0.08206859886326451,-2.0252216702759758,0.08209464319855528,-2.0220642730334375,0.017397015572304504,0.500051589936082
473,38,87,292.2609771757026,3909.816818957042,405.70298123725416,3888.881550381844,54.0,0.08206859886326451,-0.9561317626721952,0.08209464319855528,-0.9570765955314949,0.017397015572304504,0.2893967784435724
474,66,87,493.8518825171933,3956.000689079267,405.70298123725416,3888.881550381844,54.0,0.08206859886326451,-1.1291844363006502,0.08209464319855528,-1.1241940305059805,0.017397015572304504,0.31788955870782437
475,62,87,438.3970135664206,3912.290557700556,405.70298123725416,3888.881550381844,54.0,0.08206859886326451,-0.4126139814080929,0.08209464319855528,-0.4103890855286615,0.017397015572304504,0.13348451978233283
476,25,87,278.7601371768536,3840.6549618706185,405.70298123725416,3888.881550381844,54.0,0.08206859886326451,-1.201769032938439,0.08209464319855528,-1.201388703482596,0.017397015572304504,0.35520172007367545
477,63,87,316.49031405012005,3929.154743051912,405.70298123725416,3888.881550381844,54.0,0.08206859886326451,-0.8786207180368241,0.08209464319855528,-0.8828342278160872,0.017397015572304504,0.27066015118157394
478,66,88,493.8518825171933,3956.000689079267,439.8810999468909,3892.2504618222415,54.0,0.08206859886326451,-0.8856639696172617,0.08209464319855528,-0.882771030238117,0.017397015572304504,0.24874762268350667
479,62,88,438.3970135664206,3912.290557700556,439.8810999468909,3892.2504618222415,54.0,0.08206859886326451,-0.2803036946916314,0.08209464319855528,-0.2781025707146949,0.017397015572304504,0.08499472700378971
480,44,88,482.2902751987267,4093.226876078621,439.8810999468909,3892.2504618222415,54.0,0.08206859886326451,-2.1821073650449,0.08209464319855528,-2.174597795172591,0.017397015572304504,0.46038353470266186
481,44,89,482.2902751987267,4093.226876078621,417.93323151559457,3883.194833483968,54.0,0.08206859886326451,-2.189128133492918,0.08209464319855528,-2.186277357711332,0.017397015572304504,0.49737101443729576
482,14,90,-191.8510249122208,3920.732064928668,-211.8566308583572,3780.2278417033567,54.0,0.08206859886326451,-1.3413728884033538,0.08209464319855528,-1.3410745847540348,0.017397015572304504,0.3594498418837135
483,14,91,-191.8510249122208,3920.732064928668,-232.50749778238068,3782.3671187936193,54.0,0.08206859886326451,-1.3815975029773924,0.08209464319855528,-1.379419993416417,0.017397015572304504,0.3591118193458164
484,3,91,-366.6419945922364,3850.319998086217,-232.50749778238068,3782.3671187936193,54.0,0.08206859886326451,-1.3928727191234165,0.08209464319855528,-1.3839652721892586,0.017397015572304504,0.41610705993619096
485,14,92,-191.8510249122208,3920.732064928668,-249.434903675779,3769.226507874873,54.0,0.08206859886326451,-1.5357751307242207,0.08209464319855528,-1.5336630758243974,0.017397015572304504,0.4096404183988701
486,14,93,-191.8510249122208,3920.732064928668,-242.0482437829181,3751.134167359726,54.0,0.08206859886326451,-1.7086093881747502,0.08209464319855528,-1.7055312811244743,0.017397015572304504,0.4553952919658258
487,14,94,-191.8510249122208,3920.732064928668,-266.50826610237664,3773.10118133424,54.0,0.08206859886326451,-1.437815333266324,0.08209464319855528,-1.4317100813473695,0.017397015572304504,0.41934339330385495
488,3,94,-366.6419945922364,3850.319998086217,-266.50826610237664,3773.10118133424,54.0,0.08206859886326451,-1.12544342639117,0.08209464319855528,-1.1196067226278366,0.017397015572304504,0.3512694483925424
489,14,95,-191.8510249122208,3920.732064928668,-261.851117436295,3751.731866216136,54.0,0.08206859886326451,-1.7237629729895678,0.08209464319855528,-1.721556743401259,0.017397015572304504,0.4739990218619405
490,14,96,-191.8510249122208,3920.732064928668,-273.54552490604937,3732.368951402428,54.0,0.08206859886326451,-1.9071291891775217,0.08209464319855528,-1.9032304227317844,0.017397015572304504,0.5431391833996498
491,14,97,-191.8510249122208,3920.732064928668,-286.40547055304944,3707.690202627389,54.0,0.08206859886326451,-2.1358668535129928,0.08209464319855528,-2.1323449587473644,0.017397015572304504,0.6350565299310681
492,0,98,-365.9515667162114,3575.364210182562,-295.27916453833205,3677.430347998145,54.0,0.08206859886326451,-1.0534922160621778,0.08209464319855528,-1.0450505488534096,0.017397015572304504,0.39035743087614755
493,14,99,-191.8510249122208,3920.732064928668,-180.1634550721395,3777.199243510129,54.0,0.08206859886326451,-1.2534172777297055,0.08209464319855528,-1.2544099283898291,0.017397015572304504,0.3821430185690108
494,14,100,-191.8510249122208,3920.732064928668,-234.43386839926305,3779.796387654249,54.0,0.08206859886326451,-1.4159566262162422,0.08209464319855528,-1.4139835449942983,0.017397015572304504,0.36762779297725245
495,14,101,-191.8510249122208,3920.732064928668,-260.50809694938306,3760.451821500796,54.0,0.08206859886326451,-1.616277556830336,0.08209464319855528,-1.6131902060614383,0.017397015572304504,0.44748105011400385
496,14,102,-191.8510249122208,3920.732064928668,-264.3272909714222,3718.592099740594,54.0,0.08206859886326451,-2.0476724223260034,0.08209464319855528,-2.0444515824986573,0.017397015572304504,0.574016241447917
497,14,103,-191.8510249122208,3920.732064928668,-267.51083232093475,3737.598467303164,54.0,0.08206859886326451,-1.866137478941023,0.08209464319855528,-1.8633283799901792,0.017397015572304504,0.5210498437922763
498,14,104,-191.8510249122208,3920.732064928668,-243.5468369526614,3739.808061808414,54.0,0.08206859886326451,-1.8123856244127712,0.08209464319855528,-1.8090599900482691,0.017397015572304504,0.4904777168018024
499,46,105,-260.0556528336838,3915.584287356416,-232.63202339448617,3812.066692082,54.0,0.08206859886326451,-0.9380451106608642,0.08209464319855528,-0.9336520736057815,0.017397015572304504,0.25566455930817583
500,9,106,9.936533141897351,4088.226647492491,64.52109444086341,4019.163586406923,54.0,0.08206859886326451,-0.6965913984790566,0.08209464319855528,-0.6956791797378636,0.017397015572304504,0.2314469455009186
501,9,107,9.936533141897351,4088.226647492491,50.64002016635105,3999.750500246569,54.0,0.08206859886326451,-0.8558646115993258,0.08209464319855528,-0.8537406416823557,0.017397015572304504,0.2619272743299887
502,9,108,9.936533141897351,4088.226647492491,64.39756801276334,3984.373306734942,54.0,0.08206859886326451,-1.020889566771738,0.08209464319855528,-1.0189003053531671,0.017397015572304504,0.31682489274147024
503,9,109,9.936533141897351,4088.226647492491,65.97166449095862,3969.425317258588,54.0,0.08206859886326451,-1.1877302517076547,0.08209464319855528,-1.184480056129312,0.017397015572304504,0.36105743975927146
504,9,110,9.936533141897351,4088.226647492491,109.02350281496352,3982.61103169607,54.0,0.08206859886326451,-1.23117356789757,0.08209464319855528,-1.2302358134733924,0.017397015572304504,0.38650913748718513
505,25,110,264.330530090726,3842.899620060988,109.02350281496352,3982.61103169607,54.0,0.08206859886326451,-1.736090622355517,0.08209464319855528,-1.7326477018091897,0.017397015572304504,0.47046240488597124
506,28,110,181.0656949265822,4007.0767963031503,109.02350281496352,3982.61103169607,54.0,0.08206859886326451,-0.706696194131949,0.08209464319855528,-0.7047591404025206,0.017397015572304504,0.18001604442430383
507,21,111,103.34699834515416,4117.964937310308,82.325137979417,4004.513518976007,54.0,0.08206859886326451,-0.8019103920149107,0.08209464319855528,-0.795347556392892,0.017397015572304504,0.2736948417525218
508,9,111,9.936533141897351,4088.226647492491,82.325137979417,4004.513518976007,54.0,0.08206859886326451,-0.8866084819861371,0.08209464319855528,-0.8854896473899811,0.017397015572304504,0.29304296105979205
509,14,112,-191.2861040228232,3920.912450661129,53.90910149208794,3989.530166634408,54.0,0.08206859886326451,-2.3383814588825684,0.08209464319855528,-2.3331665324992428,0.017397015572304504,0.7217003830102373
510,9,112,9.936533141897351,4088.226647492491,53.90910149208794,3989.530166634408,54.0,0.08206859886326451,-0.9636333567573526,0.08209464319855528,-0.9613784300604555,0.017397015572304504,0.29339773874687347
511,9,113,9.936533141897351,4088.226647492491,111.96084943887492,3986.0180498356895,54.0,0.08206859886326451,-1.2217319432850848,0.08209464319855528,-1.2212884719198063,0.017397015572304504,0.38420395283623804
512,21,113,103.34699834515416,4117.964937310308,111.96084943887492,3986.0180498356895,54.0,0.08206859886326451,-0.8634402396787033,0.08209464319855528,-0.8585621118595935,0.017397015572304504,0.3029969733602392
513,14,114,-191.2861040228232,3920.912450661129,34.82625588277541,3947.134417683412,54.0,0.08206859886326451,-1.9096740785882214,0.08209464319855528,-1.9118926644212866,0.017397015572304504,0.6241342803831802
514,21,114,103.34699834515416,4117.964937310308,34.82625588277541,3947.134417683412,54.0,0.08206859886326451,-1.4601607098214942,0.08209464319855528,-1.4561653622688804,0.017397015572304504,0.4832178994860738
515,9,114,9.936533141897351,4088.226647492491,34.82625588277541,3947.134417683412,54.0,0.08206859886326451,-1.3620431924135776,0.08209464319855528,-1.3569424621016455,0.017397015572304504,0.4089790784655252
516,9,115,9.936533141897351,4088.226647492491,49.8779388519763,3955.3007840830455,54.0,0.08206859886326451,-1.2731051145823749,0.08209464319855528,-1.2710162346425262,0.017397015572304504,0.3901642142798544
517,14,115,-191.2861040228232,3920.912450661129,49.8779388519763,3955.3007840830455,54.0,0.08206859886326451,-2.076727359812884,0.08209464319855528,-2.0796867845496037,0.017397015572304504,0.6699413755059366
518,21,115,103.34699834515416,4117.964937310308,49.8779388519763,3955.3007840830455,54.0,0.08206859886326451,-1.3507212574491054,0.08209464319855528,-1.342077416797513,0.017397015572304504,0.4434462957559908
519,21,116,103.34699834515416,4117.964937310308,-0.5652269469219027,3941.476215702092,54.0,0.08206859886326451,-1.7075298831922296,0.08209464319855528,-1.7007998878494157,0.017397015572304504,0.5486548675913869
520,9,116,9.936533141897351,4088.226647492491,-0.5652269469219027,3941.476215702092,54.0,0.08206859886326451,-1.4461903456001066,0.08209464319855528,-1.4379659431297676,0.017397015572304504,0.42086508248305815
521,14,116,-191.2861040228232,3920.912450661129,-0.5652269469219027,3941.476215702092,54.0,0.08206859886326451,-1.5742286235714007,0.08209464319855528,-1.5758810167047943,0.017397015572304504,0.5103208203148775
522,18,117,55.99463969610678,3684.4657106501672,21.2636292335316,3936.559139808564,54.0,0.08206859886326451,-1.981840342960431,0.08209464319855528,-1.9715297685148285,0.017397015572304504,0.706231211348154
523,21,117,103.34699834515416,4117.964937310308,21.2636292335316,3936.559139808564,54.0,0.08206859886326451,-1.5970521814233225,0.08209464319855528,-1.5931431381031689,0.017397015572304504,0.5297878729299188
524,9,117,9.936533141897351,4088.226647492491,21.2636292335316,3936.559139808564,54.0,0.08206859886326451,-1.4897841865306227,0.08209464319855528,-1.4819047109684682,0.017397015572304504,0.4374368540355308
525,14,117,-191.2861040228232,3920.912450661129,21.2636292335316,3936.559139808564,54.0,0.08206859886326451,-1.7310174124167008,0.08209464319855528,-1.7327929696818711,0.017397015572304504,0.5724119274868061
526,3,118,-366.6419945922364,3850.319998086217,-472.7063867237094,3794.624663755236,54.0,0.08206859886326451,-1.0807726149661918,0.08209464319855528,-1.0819801380196294,0.017397015572304504,0.32290839903116964
527,3,119,-366.6419945922364,3850.319998086217,-454.57744224532297,3790.9468804560206,54.0,0.08206859886326451,-0.9985167283027797,0.08209464319855528,-1.0018526842710835,0.017397015572304504,0.28293635928867417
528,14,120,-191.8510249122208,3920.732064928668,-436.2546998600079,3789.799142470708,54.0,0.08206859886326451,-2.3067909421952515,0.08209464319855528,-2.2994688867000366,0.017397015572304504,0.6741950621875143
529,14,121,-191.8510249122208,3920.732064928668,-428.38160283911657,3794.933062201984,54.0,0.08206859886326451,-2.227220066041155,0.08209464319855528,-2.218636439703065,0.017397015572304504,0.647098860820854
530,20,121,-491.6557639897821,3775.103401039669,-428.38160283911657,3794.933062201984,54.0,0.08206859886326451,-0.565256920996309,0.08209464319855528,-0.5681176179162051,0.017397015572304504,0.18156555060923263
531,20,122,-491.6557639897821,3775.103401039669,-472.0782964220537,3762.796794072937,54.0,0.08206859886326451,-0.15741219447456495,0.08209464319855528,-0.1573709398142687,0.017397015572304504,0.0569051405758271
532,20,123,-491.6557639897821,3775.103401039669,-453.95203478698,3759.8842648612144,54.0,0.08206859886326451,-0.2596530645950782,0.08209464319855528,-0.2579552325702379,0.017397015572304504,0.1002461386871322
533,20,124,-491.6557639897821,3775.103401039669,-435.0261385222271,3755.544747653654,54.0,0.08206859886326451,-0.38758481787635424,0.08209464319855528,-0.3851191850942344,0.017397015572304504,0.15475656262808493
534,20,125,-491.6557639897821,3775.103401039669,-417.1161916408624,3760.9208472899154,54.0,0.08206859886326451,-0.5110574161747198,0.08209464319855528,-0.5082426282470721,0.017397015572304504,0.2038201383163094
535,20,126,-491.6557639897821,3775.103401039669,-447.1102371639245,3749.537456281792,54.0,0.08206859886326451,-0.3287633137923013,0.08209464319855528,-0.32644166131595836,0.017397015572304504,0.12812455353419175
536,20,127,-491.6557639897821,3775.103401039669,-469.39782637970393,3795.140930301476,54.0,0.08206859886326451,-0.2514535916225699,0.08209464319855528,-0.2502926025796913,0.017397015572304504,0.08345093023365473
537,20,128,-491.6557639897821,3775.103401039669,-450.1291765078887,3729.97633086938,54.0,0.08206859886326451,-0.42787628331784655,0.08209464319855528,-0.42801605580644947,0.017397015572304504,0.1588632180367671
538,44,129,472.0029937650396,4104.126300266757,492.9214799806672,4183.062189969636,54.0,0.08206859886326451,-0.5198767887020613,0.08209464319855528,-0.5159746585071727,0.017397015572304504,0.13516521090194586
539,60,129,462.2337953932308,4065.780960132662,492.9214799806672,4183.062189969636,54.0,0.08206859886326451,-0.9258178707211778,0.08209464319855528,-0.9204113951585853,0.017397015572304504,0.1881816996638569
540,35,129,583.2192292927565,4207.570440686977,492.9214799806672,4183.062189969636,54.0,0.08206859886326451,-0.8027398486115291,0.08209464319855528,-0.8015477815417634,0.017397015572304504,0.202707639187223
541,24,129,476.8845411410292,4318.364085281663,492.9214799806672,4183.062189969636,54.0,0.08206859886326451,-0.9141044198426196,0.08209464319855528,-0.910625815851096,0.017397015572304504,0.24011876893673173
542,41,129,461.8106926932424,4070.996636995212,492.9214799806672,4183.062189969636,54.0,0.08206859886326451,-0.8703395908675301,0.08209464319855528,-0.8646365916058432,0.017397015572304504,0.17914667707454943
543,27,129,413.6607163277177,4126.933692479007,492.9214799806672,4183.062189969636,54.0,0.08206859886326451,-0.6224606861890254,0.08209464319855528,-0.6236608919698086,0.017397015572304504,0.1728049745254568
544,23,129,485.3312407692456,4298.036308618457,492.9214799806672,4183.062189969636,54.0,0.08206859886326451,-0.6960664521272035,0.08209464319855528,-0.6924889169325589,0.017397015572304504,0.20236243538990586
545,43,129,630.0947010611478,4141.259609929846,492.9214799806672,4183.062189969636,54.0,0.08206859886326451,-1.2234285635505369,0.08209464319855528,-1.2256339500317086,0.017397015572304504,0.32856696987390355
546,29,129,679.1344462972443,4226.875249913833,492.9214799806672,4183.062189969636,54.0,0.08206859886326451,-1.5508206769637314,0.08209464319855528,-1.550829256795535,0.017397015572304504,0.4343443117029655
547,37,129,628.569594659982,4182.409690156388,492.9214799806672,4183.062189969636,54.0,0.08206859886326451,-1.14624456305963,0.08209464319855528,-1.1433912199520089,0.017397015572304504,0.3000190984481268
548,31,129,286.22286085268047,4096.016113555928,492.9214799806672,4183.062189969636,54.0,0.08206859886326451,-1.87293328472842,0.08209464319855528,-1.8673486313619367,0.017397015572304504,0.4352069940545883
549,61,129,463.203498736656,4062.892527800171,492.9214799806672,4183.062189969636,54.0,0.08206859886326451,-0.9572396268491127,0.08209464319855528,-0.9521465055984919,0.017397015572304504,0.19358234882860959
550,45,129,517.3116391169647,4113.7490927459785,492.9214799806672,4183.062189969636,54.0,0.08206859886326451,-0.5314052882688871,0.08209464319855528,-0.5289931541445252,0.017397015572304504,0.1519489677207653
551,30,129,625.9985091941669,4344.425799606012,492.9214799806672,4183.062189969636,54.0,0.08206859886326451,-1.777885198361702,0.08209464319855528,-1.777389214945458,0.017397015572304504,0.4323424797484072
552,60,130,462.2337953932308,4065.780960132662,464.921538708197,4188.681460967267,54.0,0.08206859886326451,-0.7523887241748249,0.08209464319855528,-0.7502936867888576,0.017397015572304504,0.18350846158535142
553,37,130,628.569594659982,4182.409690156388,464.921538708197,4188.681460967267,54.0,0.08206859886326451,-1.3066255974306331,0.08209464319855528,-1.303105912675424,0.017397015572304504,0.3527146134046506
554,44,130,472.0029937650396,4104.126300266757,464.921538708197,4188.681460967267,54.0,0.08206859886326451,-0.36196911355462585,0.08209464319855528,-0.3613882286254955,0.017397015572304504,0.13290339934869635
555,40,130,580.3679443218005,4175.917211801147,464.921538708197,4188.681460967267,54.0,0.08206859886326451,-0.8605724426853968,0.08209464319855528,-0.8582179562450151,0.017397015572304504,0.24476734892297478
556,41,130,461.8106926932424,4070.996636995212,464.921538708197,4188.681460967267,54.0,0.08206859886326451,-0.701210550009836,0.08209464319855528,-0.6991430041672025,0.017397015572304504,0.17575385380361983
557,43,130,630.0947010611478,4141.259609929846,464.921538708197,4188.681460967267,54.0,0.08206859886326451,-1.3782542577337518,0.08209464319855528,-1.3791523357732764,0.017397015572304504,0.38188693229375487
558,29,130,679.1344462972443,4226.875249913833,464.921538708197,4188.681460967267,54.0,0.08206859886326451,-1.7357494708643963,0.08209464319855528,-1.73514519749833,0.017397015572304504,0.48363677182569176
559,35,130,583.2192292927565,4207.570440686977,464.921538708197,4188.681460967267,54.0,0.08206859886326451,-0.9563964826334328,0.08209464319855528,-0.9547026528286124,0.017397015572304504,0.2516904542754568
560,24,130,476.8845411410292,4318.364085281663,464.921538708197,4188.681460967267,54.0,0.08206859886326451,-1.2701959770884748,0.08209464319855528,-1.2667684516923412,0.017397015572304504,0.24935678911324324
561,23,130,485.3312407692456,4298.036308618457,464.921538708197,4188.681460967267,54.0,0.08206859886326451,-0.6509001822264957,0.08209464319855528,-0.6484313551093475,0.017397015572304504,0.1999748754234146
562,30,130,625.9985091941669,4344.425799606012,464.921538708197,4188.681460967267,54.0,0.08206859886326451,-1.8993367252813644,0.08209464319855528,-1.8959073865966545,0.017397015572304504,0.439826698622355
563,61,130,463.203498736656,4062.892527800171,464.921538708197,4188.681460967267,54.0,0.08206859886326451,-0.780206888518372,0.08209464319855528,-0.7780981654455803,0.017397015572304504,0.1876718289451237
564,45,130,517.3116391169647,4113.7490927459785,464.921538708197,4188.681460967267,54.0,0.08206859886326451,-0.6159823613542851,0.08209464319855528,-0.6114978189416772,0.017397015572304504,0.17254102179099617
565,40,131,580.3679443218005,4175.917211801147,476.5976490413603,4170.33335841454,54.0,0.08206859886326451,-0.8541062668956448,0.08209464319855528,-0.8501117068799061,0.017397015572304504,0.22192226152918706
566,27,131,413.6607163277177,4126.933692479007,476.5976490413603,4170.33335841454,54.0,0.08206859886326451,-0.4913886866497034,0.08209464319855528,-0.49336374842180664,0.017397015572304504,0.13512748641372807
567,61,131,463.203498736656,4062.892527800171,476.5976490413603,4170.33335841454,54.0,0.08206859886326451,-0.7434122654391846,0.08209464319855528,-0.7409974460710068,0.017397015572304504,0.1568593940921744
568,30,131,625.9985091941669,4344.425799606012,476.5976490413603,4170.33335841454,54.0,0.08206859886326451,-1.8887691174655203,0.08209464319855528,-1.8870810324346847,0.017397015572304504,0.46508110432963745
569,60,131,462.2337953932308,4065.780960132662,476.5976490413603,4170.33335841454,54.0,0.08206859886326451,-0.7129539560667483,0.08209464319855528,-0.7106266803108178,0.017397015572304504,0.1526888170907969
570,23,131,485.3312407692456,4298.036308618457,476.5976490413603,4170.33335841454,54.0,0.08206859886326451,-0.7757775220833752,0.08209464319855528,-0.7717647206669562,0.017397015572304504,0.22555909169943708
571,44,131,472.0029937650396,4104.126300266757,476.5976490413603,4170.33335841454,54.0,0.08206859886326451,-0.3477273328942788,0.08209464319855528,-0.3460844895914347,0.017397015572304504,0.10205567377585065
572,35,131,583.2192292927565,4207.570440686977,476.5976490413603,4170.33335841454,54.0,0.08206859886326451,-0.908013628644611,0.08209464319855528,-0.9060014197510426,0.017397015572304504,0.23761083863875676
573,37,131,628.569594659982,4182.409690156388,476.5976490413603,4170.33335841454,54.0,0.08206859886326451,-1.2621526935620393,0.08209464319855528,-1.2557047695788324,0.017397015572304504,0.32971797720732304
574,43,131,630.0947010611478,4141.259609929846,476.5976490413603,4170.33335841454,54.0,0.08206859886326451,-1.311250171559132,0.08209464319855528,-1.3098418880052929,0.017397015572304504,0.3524838498645135
575,45,131,517.3116391169647,4113.7490927459785,476.5976490413603,4170.33335841454,54.0,0.08206859886326451,-0.5176835153967547,0.08209464319855528,-0.5140185529312853,0.017397015572304504,0.1320557304308526
576,29,131,679.1344462972443,4226.875249913833,476.5976490413603,4170.33335841454,54.0,0.08206859886326451,-1.6386883205281824,0.08209464319855528,-1.6366863131605596,0.017397015572304504,0.47041569854222404
577,41,131,461.8106926932424,4070.996636995212,476.5976490413603,4170.33335841454,54.0,0.08206859886326451,-0.6593913558433365,0.08209464319855528,-0.6571481310878731,0.017397015572304504,0.1448991603536495
578,41,132,461.8106926932424,4070.996636995212,498.6677789749425,4165.707185554278,54.0,0.08206859886326451,-0.8050909620552008,0.08209464319855528,-0.8010915581255347,0.017397015572304504,0.15784771740222162
579,43,132,630.0947010611478,4141.259609929846,498.6677789749425,4165.707185554278,54.0,0.08206859886326451,-1.1756476736864576,0.08209464319855528,-1.1757126107982376,0.017397015572304504,0.313170998791187
580,60,132,462.2337953932308,4065.780960132662,498.6677789749425,4165.707185554278,54.0,0.08206859886326451,-0.8597911509937971,0.08209464319855528,-0.8561198691691807,0.017397015572304504,0.1667208723124702
581,35,132,583.2192292927565,4207.570440686977,498.6677789749425,4165.707185554278,54.0,0.08206859886326451,-0.7860470494058087,0.08209464319855528,-0.7835726799789752,0.017397015572304504,0.20707786239900416
582,44,132,472.0029937650396,4104.126300266757,498.6677789749425,4165.707185554278,54.0,0.08206859886326451,-0.4369917127860724,0.08209464319855528,-0.43404897794178,0.017397015572304504,0.11032059491998886
583,27,132,413.6607163277177,4126.933692479007,498.6677789749425,4165.707185554278,54.0,0.08206859886326451,-0.6112347323348973,0.08209464319855528,-0.6121830408839184,0.017397015572304504,0.16259831479206432
584,45,132,517.3116391169647,4113.7490927459785,498.6677789749425,4165.707185554278,54.0,0.08206859886326451,-0.4237935360049397,0.08209464319855528,-0.42214071658426516,0.017397015572304504,0.12081628533847565
585,30,132,625.9985091941669,4344.425799606012,498.6677789749425,4165.707185554278,54.0,0.08206859886326451,-1.9197920383680525,0.08209464319855528,-1.919169658032061,0.017397015572304504,0.46269505463785116
586,23,132,485.3312407692456,4298.036308618457,498.6677789749425,4165.707185554278,54.0,0.08206859886326451,-0.8063249867687681,0.08209464319855528,-0.8019927350736896,0.017397015572304504,0.2343657250741485
587,29,132,679.1344462972443,4226.875249913833,498.6677789749425,4165.707185554278,54.0,0.08206859886326451,-1.512637687825598,0.08209464319855528,-1.5070360423718663,0.017397015572304504,0.44023711766775064
588,37,132,628.569594659982,4182.409690156388,498.6677789749425,4165.707185554278,54.0,0.08206859886326451,-1.189644075967299,0.08209464319855528,-1.1867021918910567,0.017397015572304504,0.29533416857692657
589,61,132,463.203498736656,4062.892527800171,498.6677789749425,4165.707185554278,54.0,0.08206859886326451,-0.8893844981714856,0.08209464319855528,-0.8858389834778355,0.017397015572304504,0.17195686231013554
590,40,133,580.3679443218005,4175.917211801147,478.6811791095061,4150.712583205254,54.0,0.08206859886326451,-0.881871440502009,0.08209464319855528,-0.8792250631167692,0.017397015572304504,0.22596120356620444
591,29,133,679.1344462972443,4226.875249913833,478.6811791095061,4150.712583205254,54.0,0.08206859886326451,-1.699387148850437,0.08209464319855528,-1.692024567498705,0.017397015572304504,0.4825261916758486
592,27,133,413.6607163277177,4126.933692479007,478.6811791095061,4150.712583205254,54.0,0.08206859886326451,-0.48416948669794574,0.08209464319855528,-0.4866645364706906,0.017397015572304504,0.11858493366397051
593,35,133,583.2192292927565,4207.570440686977,478.6811791095061,4150.712583205254,54.0,0.08206859886326451,-0.9339668017654743,0.08209464319855528,-0.9294166663734099,0.017397015572304504,0.2508836377178076
594,54,133,562.1256537151418,3993.041990758743,478.6811791095061,4150.712583205254,54.0,0.08206859886326451,-1.7746641600363167,0.08209464319855528,-1.7712306363478305,0.017397015572304504,0.431616828432496
595,44,133,472.0029937650396,4104.126300266757,478.6811791095061,4150.712583205254,54.0,0.08206859886326451,-0.29249513357015083,0.08209464319855528,-0.2897131211846021,0.017397015572304504,0.06965531969469159
596,37,133,628.569594659982,4182.409690156388,478.6811791095061,4150.712583205254,54.0,0.08206859886326451,-1.311765941589083,0.08209464319855528,-1.3089515460604633,0.017397015572304504,0.3352243932619966
597,45,133,517.3116391169647,4113.7490927459785,478.6811791095061,4150.712583205254,54.0,0.08206859886326451,-0.4602815164635461,0.08209464319855528,-0.4569176563500073,0.017397015572304504,0.09850964200107554
598,43,133,630.0947010611478,4141.259609929846,478.6811791095061,4150.712583205254,54.0,0.08206859886326451,-1.1815033984799033,0.08209464319855528,-1.1822551137471078,0.017397015572304504,0.36246018002379066
599,23,133,485.3312407692456,4298.036308618457,478.6811791095061,4150.712583205254,54.0,0.08206859886326451,-0.8948708328733266,0.08209464319855528,-0.8895600587204655,0.017397015572304504,0.2598684594492514
600,41,133,461.8106926932424,4070.996636995212,478.6811791095061,4150.712583205254,54.0,0.08206859886326451,-0.6205404289875794,0.08209464319855528,-0.6171181034392319,0.017397015572304504,0.11409918812467731
601,61,133,463.203498736656,4062.892527800171,478.6811791095061,4150.712583205254,54.0,0.08206859886326451,-0.7077662011387738,0.08209464319855528,-0.7039306514752219,0.017397015572304504,0.12585537574724096
602,60,133,462.2337953932308,4065.780960132662,478.6811791095061,4150.712583205254,54.0,0.08206859886326451,-0.6760365215021265,0.08209464319855528,-0.6724121662851436,0.017397015572304504,0.12182445275734521
603,47,133,497.40279712570856,4039.075701869608,478.6811791095061,4150.712583205254,54.0,0.08206859886326451,-1.1386397070712015,0.08209464319855528,-1.1336949629382622,0.017397015572304504,0.2040845930882868
604,52,133,577.7231586056545,4060.836546501464,478.6811791095061,4150.712583205254,54.0,0.08206859886326451,-1.161948582549785,0.08209464319855528,-1.1604478697004232,0.017397015572304504,0.3115478357737311
605,30,133,625.9985091941669,4344.425799606012,478.6811791095061,4150.712583205254,54.0,0.08206859886326451,-2.0293192197198975,0.08209464319855528,-2.027552684456317,0.017397015572304504,0.4986237037751094
606,23,134,485.3312407692456,4298.036308618457,496.7431763964692,4139.924546025713,54.0,0.08206859886326451,-0.9780002353278547,0.08209464319855528,-0.9716947200927641,0.017397015572304504,0.2773572765355625
607,29,134,679.1344462972443,4226.875249913833,496.7431763964692,4139.924546025713,54.0,0.08206859886326451,-1.6667943932311318,0.08209464319855528,-1.6632863205516562,0.017397015572304504,0.4660926325672831
608,27,134,413.6607163277177,4126.933692479007,496.7431763964692,4139.924546025713,54.0,0.08206859886326451,-0.6029546496323546,0.08209464319855528,-0.6035630096392681,0.017397015572304504,0.14086513481315927
609,60,135,462.2337953932308,4065.780960132662,461.6768199290148,4143.362401904764,54.0,0.08206859886326451,-0.5760140275951657,0.08209464319855528,-0.5743923456426079,0.017397015572304504,0.10712532801314961
610,40,135,580.3679443218005,4175.917211801147,461.6768199290148,4143.362401904764,54.0,0.08206859886326451,-0.9927937941603604,0.08209464319855528,-0.9898191919437713,0.017397015572304504,0.2519776114104831
611,27,135,413.6607163277177,4126.933692479007,461.6768199290148,4143.362401904764,54.0,0.08206859886326451,-0.3871493387306678,0.08209464319855528,-0.38972772622729424,0.017397015572304504,0.0905382644854105
612,43,135,630.0947010611478,4141.259609929846,461.6768199290148,4143.362401904764,54.0,0.08206859886326451,-1.2891259029215056,0.08209464319855528,-1.2894355178976404,0.017397015572304504,0.3849645453580888
613,45,135,517.3116391169647,4113.7490927459785,461.6768199290148,4143.362401904764,54.0,0.08206859886326451,-0.4995646864511885,0.08209464319855528,-0.49730284406709435,0.017397015572304504,0.10750308896379063
614,44,135,472.0029937650396,4104.126300266757,461.6768199290148,4143.362401904764,54.0,0.08206859886326451,-0.18904973568390288,0.08209464319855528,-0.1889450928524337,0.017397015572304504,0.05779618639593445
615,41,135,461.8106926932424,4070.996636995212,461.6768199290148,4143.362401904764,54.0,0.08206859886326451,-0.5238004491145966,0.08209464319855528,-0.5222090426798468,0.017397015572304504,0.09923641902883046
616,52,135,577.7231586056545,4060.836546501464,461.6768199290148,4143.362401904764,54.0,0.08206859886326451,-1.2191598295162462,0.08209464319855528,-1.2210894322974573,0.017397015572304504,0.3129844947121987
617,37,135,628.569594659982,4182.409690156388,461.6768199290148,4143.362401904764,54.0,0.08206859886326451,-1.4261137181011365,0.08209464319855528,-1.423039758948483,0.017397015572304504,0.3605645661378345
618,29,135,679.1344462972443,4226.875249913833,461.6768199290148,4143.362401904764,54.0,0.08206859886326451,-1.8045762602919142,0.08209464319855528,-1.7970299341209792,0.017397015572304504,0.5104072101295603
619,61,135,463.203498736656,4062.892527800171,461.6768199290148,4143.362401904764,54.0,0.08206859886326451,-0.604113142380287,0.08209464319855528,-0.6024772272312205,0.017397015572304504,0.11133865600314397
620,35,135,583.2192292927565,4207.570440686977,461.6768199290148,4143.362401904764,54.0,0.08206859886326451,-1.0250423394195198,0.08209464319855528,-1.0206267283830937,0.017397015572304504,0.2787431135716765
621,31,135,286.22286085268047,4096.016113555928,461.6768199290148,4143.362401904764,54.0,0.08206859886326451,-1.601729813916725,0.08209464319855528,-1.6004382380576636,0.017397015572304504,0.3492273667091714
622,39,135,491.6009153175041,3965.873607703836,461.6768199290148,4143.362401904764,54.0,0.08206859886326451,-1.4083551446084768,0.08209464319855528,-1.3995679116111566,0.017397015572304504,0.3052455657390194
623,30,135,625.9985091941669,4344.425799606012,461.6768199290148,4143.362401904764,54.0,0.08206859886326451,-2.0456020775021373,0.08209464319855528,-2.0439037074338744,0.017397015572304504,0.5179607718891859
624,47,135,497.40279712570856,4039.075701869608,461.6768199290148,4143.362401904764,54.0,0.08206859886326451,-1.0429742213838138,0.08209464319855528,-1.0389969431469188,0.017397015572304504,0.189752175745437
625,23,135,485.3312407692456,4298.036308618457,461.6768199290148,4143.362401904764,54.0,0.08206859886326451,-0.8354102135917644,0.08209464319855528,-0.8325414058960532,0.017397015572304504,0.27392473940401973
626,29,136,679.1344462972443,4226.875249913833,467.6333421217994,4125.7528114568895,54.0,0.08206859886326451,-1.891199777570192,0.08209464319855528,-1.8856332258545332,0.017397015572304504,0.5162207247955156
627,43,136,630.0947010611478,4141.259609929846,467.6333421217994,4125.7528114568895,54.0,0.08206859886326451,-1.2660592662853385,0.08209464319855528,-1.266277060842413,0.017397015572304504,0.37782240089208363
628,27,136,413.6607163277177,4126.933692479007,467.6333421217994,4125.7528114568895,54.0,0.08206859886326451,-0.3950744716461509,0.08209464319855528,-0.39760495312386224,0.017397015572304504,0.0945341561834956
629,60,136,462.2337953932308,4065.780960132662,467.6333421217994,4125.7528114568895,54.0,0.08206859886326451,-0.49410299763235876,0.08209464319855528,-0.49219083183792967,0.017397015572304504,0.08138816515967755
630,39,136,491.6009153175041,3965.873607703836,467.6333421217994,4125.7528114568895,54.0,0.08206859886326451,-1.362179738126536,0.08209464319855528,-1.3523672859041744,0.017397015572304504,0.2852792947787836
631,45,136,517.3116391169647,4113.7490927459785,467.6333421217994,4125.7528114568895,54.0,0.08206859886326451,-0.3905590526464461,0.08209464319855528,-0.39172425422139134,0.017397015572304504,0.09499267473975334
632,35,136,583.2192292927565,4207.570440686977,467.6333421217994,4125.7528114568895,54.0,0.08206859886326451,-1.130678323235358,0.08209464319855528,-1.1248158342165981,0.017397015572304504,0.2853987847614829
633,23,136,485.3312407692456,4298.036308618457,467.6333421217994,4125.7528114568895,54.0,0.08206859886326451,-0.9131754128518026,0.08209464319855528,-0.909262489663022,0.017397015572304504,0.2967731694179903
634,37,136,628.569594659982,4182.409690156388,467.6333421217994,4125.7528114568895,54.0,0.08206859886326451,-1.3736182918433586,0.08209464319855528,-1.3736300460904058,0.017397015572304504,0.36764151055811817
635,40,136,580.3679443218005,4175.917211801147,467.6333421217994,4125.7528114568895,54.0,0.08206859886326451,-0.9888319010866576,0.08209464319855528,-0.986450916052055,0.017397015572304504,0.255162728956628
636,44,136,472.0029937650396,4104.126300266757,467.6333421217994,4125.7528114568895,54.0,0.08206859886326451,-0.09947054226886856,0.08209464319855528,-0.09908820987422777,0.017397015572304504,0.03026797683767359
637,61,136,463.203498736656,4062.892527800171,467.6333421217994,4125.7528114568895,54.0,0.08206859886326451,-0.521454523374459,0.08209464319855528,-0.5195314436287222,0.017397015572304504,0.08547255725827865
638,41,136,461.8106926932424,4070.996636995212,467.6333421217994,4125.7528114568895,54.0,0.08206859886326451,-0.4415955013552165,0.08209464319855528,-0.4397154824277602,0.017397015572304504,0.07349760589748269
639,39,137,491.6009153175041,3965.873607703836,500.1419238902247,4120.853453272017,54.0,0.08206859886326451,-1.3976468747998045,0.08209464319855528,-1.3897863746162844,0.017397015572304504,0.29563619486124626
640,41,137,461.8106926932424,4070.996636995212,500.1419238902247,4120.853453272017,54.0,0.08206859886326451,-0.5831676989753067,0.08209464319855528,-0.5831326227102487,0.017397015572304504,0.10172641184767363
641,51,137,515.5112789978382,4127.169092421015,500.1419238902247,4120.853453272017,54.0,0.08206859886326451,-0.18325014723209648,0.08209464319855528,-0.18288274908652902,0.017397015572304504,0.04131981777012772
642,37,137,628.569594659982,4182.409690156388,500.1419238902247,4120.853453272017,54.0,0.08206859886326451,-1.1877847295232227,0.08209464319855528,-1.1915369817146857,0.017397015572304504,0.33479477644845085
643,23,137,485.3312407692456,4298.036308618457,500.1419238902247,4120.853453272017,54.0,0.08206859886326451,-1.124613106939233,0.08209464319855528,-1.1170155864643077,0.017397015572304504,0.30840327139483714
644,29,137,679.1344462972443,4226.875249913833,500.1419238902247,4120.853453272017,54.0,0.08206859886326451,-1.6206569443650358,0.08209464319855528,-1.6227790346323137,0.017397015572304504,0.4921671331111871
645,45,137,517.3116391169647,4113.7490927459785,500.1419238902247,4120.853453272017,54.0,0.08206859886326451,-0.2755139586516082,0.08209464319855528,-0.27494579176731937,0.017397015572304504,0.04914352615715629
646,47,137,497.40279712570856,4039.075701869608,500.1419238902247,4120.853453272017,54.0,0.08206859886326451,-0.9232248393884652,0.08209464319855528,-0.9201497599801576,0.017397015572304504,0.15386813364174362
647,27,137,413.6607163277177,4126.933692479007,500.1419238902247,4120.853453272017,54.0,0.08206859886326451,-0.5567433112183369,0.08209464319855528,-0.5588489929925522,0.017397015572304504,0.14565188008282814
648,31,137,286.22286085268047,4096.016113555928,500.1419238902247,4120.853453272017,54.0,0.08206859886326451,-1.7126381259623413,0.08209464319855528,-1.709067183890203,0.017397015572304504,0.3929554081280672
649,61,137,463.203498736656,4062.892527800171,500.1419238902247,4120.853453272017,54.0,0.08206859886326451,-0.654982386365931,0.08209464319855528,-0.6550425530307181,0.017397015572304504,0.11389583115522563
650,60,137,462.2337953932308,4065.780960132662,500.1419238902247,4120.853453272017,54.0,0.08206859886326451,-0.6315208277448312,0.08209464319855528,-0.6315373969748622,0.017397015572304504,0.10977235588748249
651,35,137,583.2192292927565,4207.570440686977,500.1419238902247,4120.853453272017,54.0,0.08206859886326451,-0.9680832210061668,0.08209464319855528,-0.9666687706672055,0.017397015572304504,0.266231769006075
652,43,137,630.0947010611478,4141.259609929846,500.1419238902247,4120.853453272017,54.0,0.08206859886326451,-1.1439903788130106,0.08209464319855528,-1.146030687368372,0.017397015572304504,0.31885349909068933
653,44,137,480.2527329069072,4097.225007571009,500.1419238902247,4120.853453272017,54.0,0.08206859886326451,-0.20766506151635425,0.08209464319855528,-0.20906107698678425,0.017397015572304504,0.05504720267862632
654,40,137,580.3679443218005,4175.917211801147,500.1419238902247,4120.853453272017,54.0,0.08206859886326451,-0.7683496769001086,0.08209464319855528,-0.7713695765007184,0.017397015572304504,0.22443522036331187
655,45,138,517.3116391169647,4113.7490927459785,491.42406278110894,4104.982822863553,54.0,0.08206859886326451,-0.2935895409498354,0.08209464319855528,-0.2937783050495949,0.017397015572304504,0.06081194606724599
656,23,138,485.3312407692456,4298.036308618457,491.42406278110894,4104.982822863553,54.0,0.08206859886326451,-1.2085765045388055,0.08209464319855528,-1.2020355357973256,0.017397015572304504,0.33596588269945304
657,27,138,413.6607163277177,4126.933692479007,491.42406278110894,4104.982822863553,54.0,0.08206859886326451,-0.5013685507857893,0.08209464319855528,-0.5010701871761499,0.017397015572304504,0.13121661670368678
658,47,138,497.40279712570856,4039.075701869608,491.42406278110894,4104.982822863553,54.0,0.08206859886326451,-0.8198093571360578,0.08209464319855528,-0.8161149680900145,0.017397015572304504,0.12658557618879673
659,35,138,583.2192292927565,4207.570440686977,491.42406278110894,4104.982822863553,54.0,0.08206859886326451,-1.0974939986146683,0.08209464319855528,-1.0976052320765664,0.017397015572304504,0.29745535332961054
660,39,138,491.6009153175041,3965.873607703836,491.42406278110894,4104.982822863553,54.0,0.08206859886326451,-1.2923991927669733,0.08209464319855528,-1.2838401506570707,0.017397015572304504,0.2670281704452189
661,60,138,462.2337953932308,4065.780960132662,491.42406278110894,4104.982822863553,54.0,0.08206859886326451,-0.5358414793067078,0.08209464319855528,-0.5347672616876149,0.017397015572304504,0.0784710952265312
662,40,138,580.3679443218005,4175.917211801147,491.42406278110894,4104.982822863553,54.0,0.08206859886326451,-0.9031782903228684,0.08209464319855528,-0.9077447841802865,0.017397015572304504,0.2515188015070856
663,37,138,628.569594659982,4182.409690156388,491.42406278110894,4104.982822863553,54.0,0.08206859886326451,-1.3701780546783378,0.08209464319855528,-1.373422395388449,0.017397015572304504,0.36184827880645287
664,44,138,482.9165862241457,4094.8895965639263,491.42406278110894,4104.982822863553,54.0,0.08206859886326451,-0.12291162631211044,0.08209464319855528,-0.12302889375613739,0.017397015572304504,0.023303823428743646
665,43,138,630.0947010611478,4141.259609929846,491.42406278110894,4104.982822863553,54.0,0.08206859886326451,-1.1848383814585612,0.08209464319855528,-1.1857665819878749,0.017397015572304504,0.3454624694969127
666,41,138,461.8106926932424,4070.996636995212,491.42406278110894,4104.982822863553,54.0,0.08206859886326451,-0.49274275438589565,0.08209464319855528,-0.49156647201268483,0.017397015572304504,0.07072961456149143
667,61,138,463.203498736656,4062.892527800171,491.42406278110894,4104.982822863553,54.0,0.08206859886326451,-0.5555175465384811,0.08209464319855528,-0.5545159225591685,0.017397015572304504,0.0823058586240466
668,29,138,679.1344462972443,4226.875249913833,491.42406278110894,4104.982822863553,54.0,0.08206859886326451,-1.78329904058276,0.08209464319855528,-1.785437337985816,0.017397015572304504,0.5233303630832076
669,45,139,517.3116391169647,4113.7490927459785,448.0139883248622,4082.429338471364,54.0,0.08206859886326451,-0.7893914587289572,0.08209464319855528,-0.7877976493237443,0.017397015572304504,0.12391243532208118
670,23,139,485.3312407692456,4298.036308618457,448.0139883248622,4082.429338471364,54.0,0.08206859886326451,-1.1894439835044626,0.08209464319855528,-1.1862578413659781,0.017397015572304504,0.36330999645791767
671,47,139,497.40279712570856,4039.075701869608,448.0139883248622,4082.429338471364,54.0,0.08206859886326451,-0.7265478235966449,0.08209464319855528,-0.7234239848527436,0.017397015572304504,0.10977131046124583
672,61,139,463.203498736656,4062.892527800171,448.0139883248622,4082.429338471364,54.0,0.08206859886326451,-0.2554931538414889,0.08209464319855528,-0.25512740269144424,0.017397015572304504,0.03674997817910089
673,27,139,413.6607163277177,4126.933692479007,448.0139883248622,4082.429338471364,54.0,0.08206859886326451,-0.4761751466358908,0.08209464319855528,-0.4770426266330029,0.017397015572304504,0.09212783025419022
674,60,139,462.2337953932308,4065.780960132662,448.0139883248622,4082.429338471364,54.0,0.08206859886326451,-0.22996095011133966,0.08209464319855528,-0.2295716513976613,0.017397015572304504,0.03259472948796105
675,39,139,491.6009153175041,3965.873607703836,448.0139883248622,4082.429338471364,54.0,0.08206859886326451,-0.9358841008755672,0.08209464319855528,-0.9319592256701018,0.017397015572304504,0.22154045644296433
676,41,139,461.8106926932424,4070.996636995212,448.0139883248622,4082.429338471364,54.0,0.08206859886326451,-0.18902899059092831,0.08209464319855528,-0.188531746065438,0.017397015572304504,0.02528421321407954
677,44,139,470.9318574712719,4102.798680980681,448.0139883248622,4082.429338471364,54.0,0.08206859886326451,-0.30656455978170444,0.08209464319855528,-0.3052229544311133,0.017397015572304504,0.03969957950965105
678,23,140,485.3312407692456,4298.036308618457,444.6278396674389,4097.460747584184,54.0,0.08206859886326451,-1.0774058070441377,0.08209464319855528,-1.0734151703768373,0.017397015572304504,0.3527051114450423
679,60,140,462.2337953932308,4065.780960132662,444.6278396674389,4097.460747584184,54.0,0.08206859886326451,-0.35459532185114595,0.08209464319855528,-0.3539620281393077,0.017397015572304504,0.05094427459571675
680,47,140,497.40279712570856,4039.075701869608,444.6278396674389,4097.460747584184,54.0,0.08206859886326451,-0.8771951111141147,0.08209464319855528,-0.8732212681367446,0.017397015572304504,0.12829829939010898
681,42,140,481.5841139822353,4095.890795124346,444.6278396674389,4097.460747584184,54.0,0.08206859886326451,-0.40400342529144384,0.08209464319855528,-0.4024824768929804,0.017397015572304504,0.05088292235313007
682,27,140,413.6607163277177,4126.933692479007,444.6278396674389,4097.460747584184,54.0,0.08206859886326451,-0.3523842707897819,0.08209464319855528,-0.3521861847728448,0.017397015572304504,0.07363981992612954
683,39,140,491.6009153175041,3965.873607703836,444.6278396674389,4097.460747584184,54.0,0.08206859886326451,-1.0580487806877625,0.08209464319855528,-1.0538915744565183,0.017397015572304504,0.24212538074060566
684,45,140,517.3116391169647,4113.7490927459785,444.6278396674389,4097.460747584184,54.0,0.08206859886326451,-0.540493887899482,0.08209464319855528,-0.5410393372010515,0.017397015572304504,0.1236878032415503
685,41,140,461.8106926932424,4070.996636995212,444.6278396674389,4097.460747584184,54.0,0.08206859886326451,-0.3112544437527696,0.08209464319855528,-0.31050144696435633,0.017397015572304504,0.04304556246467367
686,44,140,470.9318574712719,4102.798680980681,444.6278396674389,4097.460747584184,54.0,0.08206859886326451,-0.18437343215962132,0.08209464319855528,-0.18383058751178957,0.017397015572304504,0.03632732926634867
687,61,140,463.203498736656,4062.892527800171,444.6278396674389,4097.460747584184,54.0,0.08206859886326451,-0.381961041237473,0.08209464319855528,-0.38134781075153856,0.017397015572304504,0.05537055824160689
688,23,141,485.3312407692456,4298.036308618457,450.2869634852289,4161.9176246461175,54.0,0.08206859886326451,-0.8224828317955772,0.08209464319855528,-0.8191252715913382,0.017397015572304504,0.2569155238182969
689,41,141,461.8106926932424,4070.996636995212,450.2869634852289,4161.9176246461175,54.0,0.08206859886326451,-0.5989195047460015,0.08209464319855528,-0.5973966779805909,0.017397015572304504,0.12915560091626502
690,27,141,413.6607163277177,4126.933692479007,450.2869634852289,4161.9176246461175,54.0,0.08206859886326451,-0.4645121287147622,0.08209464319855528,-0.4649387380955331,0.017397015572304504,0.09812334768441151
691,40,141,580.3679443218005,4175.917211801147,450.2869634852289,4161.9176246461175,54.0,0.08206859886326451,-0.9584321301808384,0.08209464319855528,-0.9551431753665066,0.017397015572304504,0.26591094594830683
692,37,141,628.569594659982,4182.409690156388,450.2869634852289,4161.9176246461175,54.0,0.08206859886326451,-1.4008743603971607,0.08209464319855528,-1.3956189284739224,0.017397015572304504,0.3752006621865659
693,61,141,463.203498736656,4062.892527800171,450.2869634852289,4161.9176246461175,54.0,0.08206859886326451,-0.6794805101732719,0.08209464319855528,-0.6779144641836313,0.017397015572304504,0.14132952897787485
694,45,141,517.3116391169647,4113.7490927459785,450.2869634852289,4161.9176246461175,54.0,0.08206859886326451,-0.5679020662456215,0.08209464319855528,-0.5646420101684387,0.017397015572304504,0.1381014691923164
695,60,141,462.2337953932308,4065.780960132662,450.2869634852289,4161.9176246461175,54.0,0.08206859886326451,-0.6507801206104897,0.08209464319855528,-0.6492293532185731,0.017397015572304504,0.1369962998485872
696,31,141,286.22286085268047,4096.016113555928,450.2869634852289,4161.9176246461175,54.0,0.08206859886326451,-1.6522459584391447,0.08209464319855528,-1.6470897915104716,0.017397015572304504,0.3521556757022943
697,35,141,583.2192292927565,4207.570440686977,450.2869634852289,4161.9176246461175,54.0,0.08206859886326451,-1.0004023074517803,0.08209464319855528,-0.9983078285932316,0.017397015572304504,0.2815975143047165
698,47,141,497.40279712570856,4039.075701869608,450.2869634852289,4161.9176246461175,54.0,0.08206859886326451,-1.120512907288636,0.08209464319855528,-1.116165037267735,0.017397015572304504,0.2197251470018645
699,43,141,630.0947010611478,4141.259609929846,450.2869634852289,4161.9176246461175,54.0,0.08206859886326451,-1.408929686814268,0.08209464319855528,-1.405478234470262,0.017397015572304504,0.4020307854319679
700,44,141,472.0029937650396,4104.126300266757,450.2869634852289,4161.9176246461175,54.0,0.08206859886326451,-0.27092850845472616,0.08209464319855528,-0.27090465341002423,0.017397015572304504,0.0906325519447489
701,29,141,679.1344462972443,4226.875249913833,450.2869634852289,4161.9176246461175,54.0,0.08206859886326451,-1.7322848795129713,0.08209464319855528,-1.729721190881095,0.017397015572304504,0.51492680375525
702,30,141,625.9985091941669,4344.425799606012,450.2869634852289,4161.9176246461175,54.0,0.08206859886326451,-1.9946513165711233,0.08209464319855528,-1.9916319103959785,0.017397015572304504,0.49594880614136955
703,41,142,461.8106926932424,4070.996636995212,402.5205221667404,4129.574604513392,54.0,0.08206859886326451,-0.8022054006323849,0.08209464319855528,-0.8035502625726287,0.017397015572304504,0.1330864026702593
704,4,142,296.61979068975745,4128.179301772369,402.5205221667404,4129.574604513392,54.0,0.08206859886326451,-0.9388763633833941,0.08209464319855528,-0.9390473458501734,0.017397015572304504,0.224175345128232
705,27,142,413.6607163277177,4126.933692479007,402.5205221667404,4129.574604513392,54.0,0.08206859886326451,-0.1590437229122335,0.08209464319855528,-0.1596429715724692,0.017397015572304504,0.026008324836010507
706,42,142,481.95797351825536,4104.321037374665,402.5205221667404,4129.574604513392,54.0,0.08206859886326451,-0.5845705191163756,0.08209464319855528,-0.584307960195249,0.017397015572304504,0.136061173100276
707,45,142,517.3116391169647,4113.7490927459785,402.5205221667404,4129.574604513392,54.0,0.08206859886326451,-0.8628050240798537,0.08209464319855528,-0.8644034517600317,0.017397015572304504,0.19968821424875507
708,44,142,470.9318574712719,4102.798680980681,402.5205221667404,4129.574604513392,54.0,0.08206859886326451,-0.5374398907311236,0.08209464319855528,-0.5368982173270659,0.017397015572304504,0.11973337384055001
709,61,142,463.203498736656,4062.892527800171,402.5205221667404,4129.574604513392,54.0,0.08206859886326451,-0.8645081051105267,0.08209464319855528,-0.8667109043802074,0.017397015572304504,0.14452768447243236
710,31,142,286.22286085268047,4096.016113555928,402.5205221667404,4129.574604513392,54.0,0.08206859886326451,-1.0995464121765137,0.08209464319855528,-1.0951924920694713,0.017397015572304504,0.241411341563801
711,60,142,462.2337953932308,4065.780960132662,402.5205221667404,4129.574604513392,54.0,0.08206859886326451,-0.839080153666986,0.08209464319855528,-0.841058781019971,0.017397015572304504,0.140155619761702
712,61,143,463.203498736656,4062.892527800171,382.72760047919166,4103.451630849024,54.0,0.08206859886326451,-0.8767408828800102,0.08209464319855528,-0.8765455777118641,0.017397015572304504,0.15280646987088617
713,31,143,286.22286085268047,4096.016113555928,382.72760047919166,4103.451630849024,54.0,0.08206859886326451,-0.8127326760898095,0.08209464319855528,-0.8093524295133414,0.017397015572304504,0.1902626402805428
714,41,143,461.8106926932424,4070.996636995212,382.72760047919166,4103.451630849024,54.0,0.08206859886326451,-0.8378515905529487,0.08209464319855528,-0.8379539729962112,0.017397015572304504,0.14407610803164808
715,27,143,413.6607163277177,4126.933692479007,382.72760047919166,4103.451630849024,54.0,0.08206859886326451,-0.5056176009682772,0.08209464319855528,-0.5055101754621806,0.017397015572304504,0.07891303232762127
716,60,143,462.2337953932308,4065.780960132662,382.72760047919166,4103.451630849024,54.0,0.08206859886326451,-0.8575137338545377,0.08209464319855528,-0.8574645623327359,0.017397015572304504,0.14926650289504123
717,44,143,470.9318574712719,4102.798680980681,382.72760047919166,4103.451630849024,54.0,0.08206859886326451,-0.7699552806247902,0.08209464319855528,-0.7689569918695409,0.017397015572304504,0.15191222362934453
718,42,143,481.67908357133285,4098.663948443455,382.72760047919166,4103.451630849024,54.0,0.08206859886326451,-1.0161891738688618,0.08209464319855528,-1.014083187499691,0.017397015572304504,0.167193278024317
719,47,144,497.40279712570856,4039.075701869608,355.89235360691384,4097.862836751869,54.0,0.08206859886326451,-1.4745114953538045,0.08209464319855528,-1.4699029979272067,0.017397015572304504,0.276734173115428
720,61,144,463.203498736656,4062.892527800171,355.89235360691384,4097.862836751869,54.0,0.08206859886326451,-1.125022935691696,0.08209464319855528,-1.1228944145411506,0.017397015572304504,0.20614930755951855
721,42,144,481.4936938530769,4095.225387665601,355.89235360691384,4097.862836751869,54.0,0.08206859886326451,-1.3159087382000283,0.08209464319855528,-1.3132546392624982,0.017397015572304504,0.21847600400581796
722,60,144,462.2337953932308,4065.780960132662,355.89235360691384,4097.862836751869,54.0,0.08206859886326451,-1.110208198081315,0.08209464319855528,-1.1083302959329513,0.017397015572304504,0.2030016743043925
723,4,144,296.61979068975745,4128.179301772369,355.89235360691384,4097.862836751869,54.0,0.08206859886326451,-0.4008253890414172,0.08209464319855528,-0.3991678195156005,0.017397015572304504,0.13609727168626318
724,41,144,461.8106926932424,4070.996636995212,355.89235360691384,4097.862836751869,54.0,0.08206859886326451,-1.0977085794765127,0.08209464319855528,-1.0964395817545811,0.017397015572304504,0.19894611683410796
725,31,144,286.22286085268047,4096.016113555928,355.89235360691384,4097.862836751869,54.0,0.08206859886326451,-0.5371159602533548,0.08209464319855528,-0.5356247328593243,0.017397015572304504,0.13290597067855095
726,44,144,470.9318574712719,4102.798680980681,355.89235360691384,4097.862836751869,54.0,0.08206859886326451,-1.0553903416354355,0.08209464319855528,-1.0531292040487283,0.017397015572304504,0.2106697356152424
727,27,144,413.6607163277177,4126.933692479007,355.89235360691384,4097.862836751869,54.0,0.08206859886326451,-0.791545110577586,0.08209464319855528,-0.7897279091661324,0.017397015572304504,0.13610467118083144
728,4,145,296.61979068975745,4128.179301772369,368.5042753278341,4146.164635417134,54.0,0.08206859886326451,-0.5285295148145174,0.08209464319855528,-0.5301340385390656,0.017397015572304504,0.15701125127935736
729,27,145,413.6607163277177,4126.933692479007,368.5042753278341,4146.164635417134,54.0,0.08206859886326451,-0.6118297764136237,0.08209464319855528,-0.6108888205679837,0.017397015572304504,0.10352795703451452
730,31,145,286.22286085268047,4096.016113555928,368.5042753278341,4146.164635417134,54.0,0.08206859886326451,-0.7053777912370884,0.08209464319855528,-0.7043552315281836,0.017397015572304504,0.18201557785022277
731,44,145,470.9318574712719,4102.798680980681,368.5042753278341,4146.164635417134,54.0,0.08206859886326451,-1.0027836568938076,0.08209464319855528,-1.0006651598093235,0.017397015572304504,0.20068378875992965
732,30,146,625.9985091941669,4344.425799606012,483.4527706543433,4132.207737141582,54.0,0.08206859886326451,-2.21390406927424,0.08209464319855528,-2.20901310480633,0.017397015572304504,0.5276249241409552
733,40,146,580.3679443218005,4175.917211801147,483.4527706543433,4132.207737141582,54.0,0.08206859886326451,-0.880794737020797,0.08209464319855528,-0.8791902587242522,0.017397015572304504,0.22970963378460396
734,23,146,485.3312407692456,4298.036308618457,483.4527706543433,4132.207737141582,54.0,0.08206859886326451,-1.0346142170156145,0.08209464319855528,-1.0276073453199974,0.017397015572304504,0.28874061203621315
735,61,146,463.203498736656,4062.892527800171,483.4527706543433,4132.207737141582,54.0,0.08206859886326451,-0.6269020009018949,0.08209464319855528,-0.6259124552532169,0.017397015572304504,0.10887356980255804
736,37,146,628.569594659982,4182.409690156388,483.4527706543433,4132.207737141582,54.0,0.08206859886326451,-1.2704905459268163,0.08209464319855528,-1.2709682108166738,0.017397015572304504,0.34100047630488906
737,29,146,679.1344462972443,4226.875249913833,483.4527706543433,4132.207737141582,54.0,0.08206859886326451,-1.7827172914667322,0.08209464319855528,-1.7781148343600215,0.017397015572304504,0.4907626141143982
738,41,146,461.8106926932424,4070.996636995212,483.4527706543433,4132.207737141582,54.0,0.08206859886326451,-0.5450653131719884,0.08209464319855528,-0.5436996739179458,0.017397015572304504,0.095706452148898
739,39,146,491.6009153175041,3965.873607703836,483.4527706543433,4132.207737141582,54.0,0.08206859886326451,-1.466891455040226,0.08209464319855528,-1.4587989129202559,0.017397015572304504,0.31435868806027534
740,45,146,517.3116391169647,4113.7490927459785,483.4527706543433,4132.207737141582,54.0,0.08206859886326451,-0.37666111119731804,0.08209464319855528,-0.374854779288161,0.017397015572304504,0.0738155067866034
741,35,146,583.2192292927565,4207.570440686977,483.4527706543433,4132.207737141582,54.0,0.08206859886326451,-1.022170003912758,0.08209464319855528,-1.0173375125841162,0.017397015572304504,0.26246322633473235
742,60,146,462.2337953932308,4065.780960132662,483.4527706543433,4132.207737141582,54.0,0.08206859886326451,-0.5985410093728505,0.08209464319855528,-0.597361337172961,0.017397015572304504,0.10419212129290352
743,44,146,472.0029937650396,4104.126300266757,483.4527706543433,4132.207737141582,54.0,0.08206859886326451,-0.18155595049078047,0.08209464319855528,-0.18151622448742544,0.017397015572304504,0.04915714496816009
744,27,146,413.6607163277177,4126.933692479007,483.4527706543433,4132.207737141582,54.0,0.08206859886326451,-0.49583641944606827,0.08209464319855528,-0.49768639989989605,0.017397015572304504,0.1188265690757361
745,43,146,630.0947010611478,4141.259609929846,483.4527706543433,4132.207737141582,54.0,0.08206859886326451,-1.1626955198559992,0.08209464319855528,-1.16358821328799,0.017397015572304504,0.35276946562126055
746,52,146,577.7231586056545,4060.836546501464,483.4527706543433,4132.207737141582,54.0,0.08206859886326451,-1.0898189162242296,0.08209464319855528,-1.0910680022404373,0.017397015572304504,0.27576138274269557
747,27,147,413.6607163277177,4126.933692479007,386.806017351092,4179.57604157623,54.0,0.08206859886326451,-0.6472450403385532,0.08209464319855528,-0.6491855623238701,0.017397015572304504,0.12394725959071015
748,44,147,472.0029937650396,4104.126300266757,386.806017351092,4179.57604157623,54.0,0.08206859886326451,-0.9156583497945641,0.08209464319855528,-0.9187534796213287,0.017397015572304504,0.21062388753751948
749,19,147,324.8153272931308,4135.979057138678,386.806017351092,4179.57604157623,54.0,0.08206859886326451,-0.5113690342175643,0.08209464319855528,-0.5128287233194702,0.017397015572304504,0.15464788917664235
750,64,147,251.14156651564912,4194.6094429104505,386.806017351092,4179.57604157623,54.0,0.08206859886326451,-0.9639500770024096,0.08209464319855528,-0.9621225974881082,0.017397015572304504,0.3277778435778659
751,23,147,473.2888408458269,4304.725925046426,386.806017351092,4179.57604157623,54.0,0.08206859886326451,-1.5960176419279353,0.08209464319855528,-1.5947180150112599,0.017397015572304504,0.32880371445667156
752,22,147,301.6304881357929,4156.037775497009,386.806017351092,4179.57604157623,54.0,0.08206859886326451,-0.6003520101946058,0.08209464319855528,-0.6007756843457348,0.017397015572304504,0.18690474271553847
753,31,147,286.22286085268047,4096.016113555928,386.806017351092,4179.57604157623,54.0,0.08206859886326451,-0.8821979512559174,0.08209464319855528,-0.882965061314717,0.017397015572304504,0.2521270722430455
754,60,148,462.2337953932308,4065.780960132662,401.4932788272162,4176.635388358298,54.0,0.08206859886326451,-1.15160795000272,0.08209464319855528,-1.1514072326632891,0.017397015572304504,0.21828040713542396
755,22,148,301.6304881357929,4156.037775497009,401.4932788272162,4176.635388358298,54.0,0.08206859886326451,-0.7549570698159287,0.08209464319855528,-0.7548477171960706,0.017397015572304504,0.21456988983884023
756,16,148,510.22088537403255,4246.5421852479,401.4932788272162,4176.635388358298,54.0,0.08206859886326451,-1.0750987877547769,0.08209464319855528,-1.0760592479269655,0.017397015572304504,0.2450631990618514
757,65,148,465.43944178630807,4063.6597216274654,401.4932788272162,4176.635388358298,54.0,0.08206859886326451,-1.1892393730304798,0.08209464319855528,-1.188812535288788,0.017397015572304504,0.22261362684738595
758,31,148,286.22286085268047,4096.016113555928,401.4932788272162,4176.635388358298,54.0,0.08206859886326451,-1.0953044115989583,0.08209464319855528,-1.095052383186049,0.017397015572304504,0.27505652609545184
759,44,148,472.0029937650396,4104.126300266757,401.4932788272162,4176.635388358298,54.0,0.08206859886326451,-0.783149095907845,0.08209464319855528,-0.7850797128593803,0.017397015572304504,0.18115522845475146
760,41,148,461.8106926932424,4070.996636995212,401.4932788272162,4176.635388358298,54.0,0.08206859886326451,-1.111864996111886,0.08209464319855528,-1.1114213161853888,0.017397015572304504,0.21068600494183853
761,23,148,474.5872176506747,4303.944856754831,401.4932788272162,4176.635388358298,54.0,0.08206859886326451,-1.5688999812496505,0.08209464319855528,-1.5667787689474957,0.017397015572304504,0.30336339365000675
762,27,148,413.6607163277177,4126.933692479007,401.4932788272162,4176.635388358298,54.0,0.08206859886326451,-0.5926159576809931,0.08209464319855528,-0.5940545883530601,0.017397015572304504,0.10401540513706861
763,35,148,583.2192292927565,4207.570440686977,401.4932788272162,4176.635388358298,54.0,0.08206859886326451,-1.4136639987732358,0.08209464319855528,-1.4126121527924898,0.017397015572304504,0.37534192884872725
764,61,148,463.203498736656,4062.892527800171,401.4932788272162,4176.635388358298,54.0,0.08206859886326451,-1.1787878178967381,0.08209464319855528,-1.1786375747963382,0.017397015572304504,0.22274684683818669
765,64,149,251.14156651564912,4194.6094429104505,389.9604697213796,4163.03171392889,54.0,0.08206859886326451,-1.0407701591380107,0.08209464319855528,-1.0388016291067723,0.017397015572304504,0.33023491064931043
766,23,149,473.2888408458269,4304.725925046426,389.9604697213796,4163.03171392889,54.0,0.08206859886326451,-1.7631740658983919,0.08209464319855528,-1.7618355348861077,0.017397015572304504,0.3455224856884491
767,44,149,470.9318574712719,4102.798680980681,389.9604697213796,4163.03171392889,54.0,0.08206859886326451,-0.8054849716358209,0.08209464319855528,-0.8068739918200785,0.017397015572304504,0.1793395346626942
768,41,149,461.8106926932424,4070.996636995212,389.9604697213796,4163.03171392889,54.0,0.08206859886326451,-1.1070246438603912,0.08209464319855528,-1.1073579434729222,0.017397015572304504,0.20075888673809672
769,65,149,465.43944178630807,4063.6597216274654,389.9604697213796,4163.03171392889,54.0,0.08206859886326451,-1.1848162639116564,0.08209464319855528,-1.1854773272151855,0.017397015572304504,0.21288913136013277
770,27,149,413.6607163277177,4126.933692479007,389.9604697213796,4163.03171392889,54.0,0.08206859886326451,-0.49227375222196484,0.08209464319855528,-0.4932235127557194,0.017397015572304504,0.08866296793798911
771,31,149,286.22286085268047,4096.016113555928,389.9604697213796,4163.03171392889,54.0,0.08206859886326451,-0.9624298658827642,0.08209464319855528,-0.9617499242775529,0.017397015572304504,0.23991343544745278
772,16,149,510.22088537403255,4246.5421852479,389.9604697213796,4163.03171392889,54.0,0.08206859886326451,-1.228220523636219,0.08209464319855528,-1.229358832860853,0.017397015572304504,0.28040034970065003
773,19,149,324.8153272931308,4135.979057138678,389.9604697213796,4163.03171392889,54.0,0.08206859886326451,-0.5257419242107992,0.08209464319855528,-0.5261746076562068,0.017397015572304504,0.14242484263421376
774,22,150,301.6304881357929,4156.037775497009,394.9748241590559,4145.544797531951,54.0,0.08206859886326451,-0.818256323300894,0.08209464319855528,-0.8158063240291038,0.017397015572304504,0.1969444299483639
775,45,150,517.3116391169647,4113.7490927459785,394.9748241590559,4145.544797531951,54.0,0.08206859886326451,-1.0114020509893646,0.08209464319855528,-1.015526946030406,0.017397015572304504,0.22619231680708352
776,60,150,462.2337953932308,4065.780960132662,394.9748241590559,4145.544797531951,54.0,0.08206859886326451,-1.0194237284764538,0.08209464319855528,-1.0205322173700009,0.017397015572304504,0.17396846293216361
777,64,150,251.14156651564912,4194.6094429104505,394.9748241590559,4145.544797531951,54.0,0.08206859886326451,-1.162379770241496,0.08209464319855528,-1.159743552513881,0.017397015572304504,0.33735393215772785
778,31,150,286.22286085268047,4096.016113555928,394.9748241590559,4145.544797531951,54.0,0.08206859886326451,-1.0473223615552694,0.08209464319855528,-1.0443641788907052,0.017397015572304504,0.2378324920697975
779,16,150,510.22088537403255,4246.5421852479,394.9748241590559,4145.544797531951,54.0,0.08206859886326451,-1.244738830807712,0.08209464319855528,-1.2441518467876833,0.017397015572304504,0.2926063342004636
780,41,150,461.8106926932424,4070.996636995212,394.9748241590559,4145.544797531951,54.0,0.08206859886326451,-0.9781892066268556,0.08209464319855528,-0.9786531161256524,0.017397015572304504,0.1666355656443407
781,23,150,483.3372311402949,4299.149932898283,394.9748241590559,4145.544797531951,54.0,0.08206859886326451,-1.6400168581654686,0.08209464319855528,-1.6371376186000755,0.017397015572304504,0.3589642895795803
782,44,150,470.9318574712719,4102.798680980681,394.9748241590559,4145.544797531951,54.0,0.08206859886326451,-0.6808973752878844,0.08209464319855528,-0.6806946340296525,0.017397015572304504,0.14805764933819776
783,65,150,465.43944178630807,4063.6597216274654,394.9748241590559,4145.544797531951,54.0,0.08206859886326451,-1.0538217802676337,0.08209464319855528,-1.0546903385285276,0.017397015572304504,0.17870841512988436
784,19,150,324.8153272931308,4135.979057138678,394.9748241590559,4145.544797531951,54.0,0.08206859886326451,-0.6650515216291131,0.08209464319855528,-0.6640855760040723,0.017397015572304504,0.1446228460893773
785,27,150,413.6607163277177,4126.933692479007,394.9748241590559,4145.544797531951,54.0,0.08206859886326451,-0.3271138976562405,0.08209464319855528,-0.3275176506540024,0.017397015572304504,0.05389162379785385
786,61,150,463.203498736656,4062.892527800171,394.9748241590559,4145.544797531951,54.0,0.08206859886326451,-1.0464980554107244,0.08209464319855528,-1.0478257327261455,0.017397015572304504,0.17842966831751814
787,44,151,470.9318574712719,4102.798680980681,400.0129569713684,4123.689989750867,54.0,0.08206859886326451,-0.567141086037496,0.08209464319855528,-0.5670922484504908,0.017397015572304504,0.12027810709270348
788,31,151,286.22286085268047,4096.016113555928,400.0129569713684,4123.689989750867,54.0,0.08206859886326451,-1.0553520877719846,0.08209464319855528,-1.0509660328205677,0.017397015572304504,0.2330149030447319
789,27,151,413.6607163277177,4126.933692479007,400.0129569713684,4123.689989750867,54.0,0.08206859886326451,-0.19124826701643405,0.08209464319855528,-0.19210205726304858,0.017397015572304504,0.029802320526428873
790,23,151,485.3312407692456,4298.036308618457,400.0129569713684,4123.689989750867,54.0,0.08206859886326451,-1.583914539584485,0.08209464319855528,-1.5808633976181143,0.017397015572304504,0.3798445741304515
791,16,151,510.22088537403255,4246.5421852479,400.0129569713684,4123.689989750867,54.0,0.08206859886326451,-1.3923872821304994,0.08209464319855528,-1.3896273631042213,0.017397015572304504,0.31326988611855966
792,22,151,301.6304881357929,4156.037775497009,400.0129569713684,4123.689989750867,54.0,0.08206859886326451,-0.893958589894207,0.08209464319855528,-0.8920846016230068,0.017397015572304504,0.21145718203325642
793,41,151,461.8106926932424,4070.996636995212,400.0129569713684,4123.689989750867,54.0,0.08206859886326451,-0.806687359932459,0.08209464319855528,-0.8088342864708248,0.017397015572304504,0.12898680667687917
794,19,151,324.8153272931308,4135.979057138678,400.0129569713684,4123.689989750867,54.0,0.08206859886326451,-0.7350567216710008,0.08209464319855528,-0.7338333777386175,0.017397015572304504,0.15585597565856682
795,60,152,462.2337953932308,4065.780960132662,368.6002895440568,4115.012049920167,54.0,0.08206859886326451,-1.0664512467333354,0.08209464319855528,-1.0653388993290058,0.017397015572304504,0.18688832582570927
796,21,152,129.6510563411616,4132.672991581291,368.6002895440568,4115.012049920167,54.0,0.08206859886326451,-1.7549528130102034,0.08209464319855528,-1.752671714638734,0.017397015572304504,0.5467599959968525
797,44,152,470.9318574712719,4102.798680980681,368.6002895440568,4115.012049920167,54.0,0.08206859886326451,-0.9492453647526443,0.08209464319855528,-0.9474856651269188,0.017397015572304504,0.1837896501806773
798,19,152,324.8153272931308,4135.979057138678,368.6002895440568,4115.012049920167,54.0,0.08206859886326451,-0.35015714964088557,0.08209464319855528,-0.34871357887674176,0.017397015572304504,0.09631679703560347
799,31,152,286.22286085268047,4096.016113555928,368.6002895440568,4115.012049920167,54.0,0.08206859886326451,-0.6420776967136874,0.08209464319855528,-0.6394170071492213,0.017397015572304504,0.16359735520215052
800,22,152,301.6304881357929,4156.037775497009,368.6002895440568,4115.012049920167,54.0,0.08206859886326451,-0.5212027376001346,0.08209464319855528,-0.5201387837726048,0.017397015572304504,0.1579275826395346
801,27,152,413.6607163277177,4126.933692479007,368.6002895440568,4115.012049920167,54.0,0.08206859886326451,-0.5900339234193364,0.08209464319855528,-0.5890384586568638,0.017397015572304504,0.09701045837454737
802,41,152,461.8106926932424,4070.996636995212,368.6002895440568,4115.012049920167,54.0,0.08206859886326451,-1.0458513011358608,0.08209464319855528,-1.0447165055694432,0.017397015572304504,0.1811156906832841
803,65,152,465.43944178630807,4063.6597216274654,368.6002895440568,4115.012049920167,54.0,0.08206859886326451,-1.101532318064039,0.08209464319855528,-1.1003838125712895,0.017397015572304504,0.19220554108359322
804,44,153,470.9318574712719,4102.798680980681,355.472496002833,4097.248517477484,54.0,0.08206859886326451,-1.0411980515400412,0.08209464319855528,-1.0385164232270934,0.017397015572304504,0.2112140700682025
805,41,153,461.8106926932424,4070.996636995212,355.472496002833,4097.248517477484,54.0,0.08206859886326451,-1.0999127617211928,0.08209464319855528,-1.0985956349073247,0.017397015572304504,0.19961903234542527
806,19,153,316.10609806511434,4122.733676591362,355.472496002833,4097.248517477484,54.0,0.08206859886326451,-0.26210529965161344,0.08209464319855528,-0.2597534247872149,0.017397015572304504,0.09300850955553713
807,31,153,286.22286085268047,4096.016113555928,355.472496002833,4097.248517477484,54.0,0.08206859886326451,-0.5329756533702089,0.08209464319855528,-0.5315164880607607,0.017397015572304504,0.13194067975781484
808,64,153,251.14156651564912,4194.6094429104505,355.472496002833,4097.248517477484,54.0,0.08206859886326451,-1.0055750616799732,0.08209464319855528,-1.0018504165462594,0.017397015572304504,0.3290333849536262
809,22,153,291.5513345881172,4141.9609335740015,355.472496002833,4097.248517477484,54.0,0.08206859886326451,-0.47367634995736935,0.08209464319855528,-0.4732931371988781,0.017397015572304504,0.16292715335480545
810,27,153,413.6607163277177,4126.933692479007,355.472496002833,4097.248517477484,54.0,0.08206859886326451,-0.797033661559095,0.08209464319855528,-0.7951567739595905,0.017397015572304504,0.13754922390219765
811,23,154,485.3312407692456,4298.036308618457,430.3589859894354,4126.467692831069,54.0,0.08206859886326451,-1.249928032663635,0.08209464319855528,-1.2463517080632838,0.017397015572304504,0.3393958018068618
812,27,154,413.6607163277177,4126.933692479007,430.3589859894354,4126.467692831069,54.0,0.08206859886326451,-0.1853358942098477,0.08209464319855528,-0.18628852505394883,0.017397015572304504,0.03439317367668185
813,35,154,583.2192292927565,4207.570440686977,430.3589859894354,4126.467692831069,54.0,0.08206859886326451,-1.244425867579018,0.08209464319855528,-1.2417589886702904,0.017397015572304504,0.33904708612889256
814,39,154,491.6009153175041,3965.873607703836,430.3589859894354,4126.467692831069,54.0,0.08206859886326451,-1.2198432801570132,0.08209464319855528,-1.2152351999164932,0.017397015572304504,0.2959552679999121
815,44,154,470.9318574712719,4102.798680980681,430.3589859894354,4126.467692831069,54.0,0.08206859886326451,-0.23645308685779304,0.08209464319855528,-0.23512674923079319,0.017397015572304504,0.07098824060267844
816,43,154,630.0947010611478,4141.259609929846,430.3589859894354,4126.467692831069,54.0,0.08206859886326451,-1.4859595595471837,0.08209464319855528,-1.4878232804686966,0.017397015572304504,0.43932403058766273
817,45,154,517.3116391169647,4113.7490927459785,430.3589859894354,4126.467692831069,54.0,0.08206859886326451,-0.5724274897405861,0.08209464319855528,-0.5732449780994986,0.017397015572304504,0.14881405159542482
818,60,154,462.2337953932308,4065.780960132662,430.3589859894354,4126.467692831069,54.0,0.08206859886326451,-0.5354092690207644,0.08209464319855528,-0.5333130512364723,0.017397015572304504,0.10294449179905797
819,16,154,510.22088537403255,4246.5421852479,430.3589859894354,4126.467692831069,54.0,0.08206859886326451,-0.9617498697426534,0.08209464319855528,-0.9612309223693867,0.017397015572304504,0.2622402586601402
820,61,154,463.203498736656,4062.892527800171,430.3589859894354,4126.467692831069,54.0,0.08206859886326451,-0.5620602091915232,0.08209464319855528,-0.5600109015894825,0.017397015572304504,0.10742126434296749
821,66,154,493.8518825171933,3956.000689079267,430.3589859894354,4126.467692831069,54.0,0.08206859886326451,-1.315309140805023,0.08209464319855528,-1.3110608601375524,0.017397015572304504,0.3183199785920626
822,65,154,465.43944178630807,4063.6597216274654,430.3589859894354,4126.467692831069,54.0,0.08206859886326451,-0.5751909348291274,0.08209464319855528,-0.5728615363662632,0.017397015572304504,0.10708608746575607
823,41,154,461.8106926932424,4070.996636995212,430.3589859894354,4126.467692831069,54.0,0.08206859886326451,-0.49816761746271354,0.08209464319855528,-0.4958239161657716,0.017397015572304504,0.09513361120435868
824,47,154,497.40279712570856,4039.075701869608,430.3589859894354,4126.467692831069,54.0,0.08206859886326451,-1.0884543966017057,0.08209464319855528,-1.082020566667126,0.017397015572304504,0.18058099994491233
825,19,154,324.8153272931308,4135.979057138678,430.3589859894354,4126.467692831069,54.0,0.08206859886326451,-1.0545477883589078,0.08209464319855528,-1.0547330981858982,0.017397015572304504,0.21213698408290438
826,22,154,301.6304881357929,4156.037775497009,430.3589859894354,4126.467692831069,54.0,0.08206859886326451,-1.2100098416475362,0.08209464319855528,-1.2091904646729794,0.017397015572304504,0.26484562719336957
827,66,155,493.8518825171933,3956.000689079267,449.2000034266989,4134.187260300013,54.0,0.08206859886326451,-1.3503296741427169,0.08209464319855528,-1.3435784725591224,0.017397015572304504,0.3088368693387805
828,41,155,461.8106926932424,4070.996636995212,449.2000034266989,4134.187260300013,54.0,0.08206859886326451,-0.49777047376287054,0.08209464319855528,-0.4962219088831754,0.017397015572304504,0.08870143648049131
829,37,155,628.569594659982,4182.409690156388,449.2000034266989,4134.187260300013,54.0,0.08206859886326451,-1.4987376637510248,0.08209464319855528,-1.4962696523081433,0.017397015572304504,0.381795121224078
830,61,155,463.203498736656,4062.892527800171,449.2000034266989,4134.187260300013,54.0,0.08206859886326451,-0.5796751591666294,0.08209464319855528,-0.5780851682727721,0.017397015572304504,0.1010183310720124
831,47,155,497.40279712570856,4039.075701869608,449.2000034266989,4134.187260300013,54.0,0.08206859886326451,-1.028019196582199,0.08209464319855528,-1.0230196824923363,0.017397015572304504,0.17540423259139198
832,39,155,491.6009153175041,3965.873607703836,449.2000034266989,4134.187260300013,54.0,0.08206859886326451,-1.2648600232732832,0.08209464319855528,-1.2579582547824413,0.017397015572304504,0.2866414850575245
833,44,155,472.0029937650396,4104.126300266757,449.2000034266989,4134.187260300013,54.0,0.08206859886326451,-0.17649573328479362,0.08209464319855528,-0.17626120875081558,0.017397015572304504,0.05346140329471413
834,45,155,517.3116391169647,4113.7490927459785,449.2000034266989,4134.187260300013,54.0,0.08206859886326451,-0.49184513553640014,0.08209464319855528,-0.4927143276163297,0.017397015572304504,0.12249077553722736
835,22,155,301.6304881357929,4156.037775497009,449.2000034266989,4134.187260300013,54.0,0.08206859886326451,-1.3573152881672799,0.08209464319855528,-1.3574902845623453,0.017397015572304504,0.29994279680972263
836,35,155,583.2192292927565,4207.570440686977,449.2000034266989,4134.187260300013,54.0,0.08206859886326451,-1.1085577650155123,0.08209464319855528,-1.1041150568995073,0.017397015572304504,0.3015674099386244
837,27,155,413.6607163277177,4126.933692479007,449.2000034266989,4134.187260300013,54.0,0.08206859886326451,-0.3129399359391275,0.08209464319855528,-0.31520867418776216,0.017397015572304504,0.06867854478741238
838,40,155,580.3679443218005,4175.917211801147,449.2000034266989,4134.187260300013,54.0,0.08206859886326451,-1.0892434782213087,0.08209464319855528,-1.086151130685184,0.017397015572304504,0.27177793515236726
839,43,155,630.0947010611478,4141.259609929846,449.2000034266989,4134.187260300013,54.0,0.08206859886326451,-1.351842719495269,0.08209464319855528,-1.3523902195906456,0.017397015572304504,0.40398889053879483
840,60,155,462.2337953932308,4065.780960132662,449.2000034266989,4134.187260300013,54.0,0.08206859886326451,-0.5508036281440633,0.08209464319855528,-0.5492364828101898,0.017397015572304504,0.09668193396967903
841,19,155,324.8153272931308,4135.979057138678,449.2000034266989,4134.187260300013,54.0,0.08206859886326451,-1.1818845328153662,0.08209464319855528,-1.1833781451508851,0.017397015572304504,0.24587406086858066
842,65,155,465.43944178630807,4063.6597216274654,449.2000034266989,4134.187260300013,54.0,0.08206859886326451,-0.5726803296686623,0.08209464319855528,-0.5710555644834446,0.017397015572304504,0.1000017966149049
843,16,155,510.22088537403255,4246.5421852479,449.2000034266989,4134.187260300013,54.0,0.08206859886326451,-0.8066854266250901,0.08209464319855528,-0.8057663831373663,0.017397015572304504,0.22258577466589735
844,23,155,485.3312407692456,4298.036308618457,449.2000034266989,4134.187260300013,54.0,0.08206859886326451,-0.8942145720674567,0.08209464319855528,-0.891509510977288,0.017397015572304504,0.2968999603837009
845,47,156,497.40279712570856,4039.075701869608,419.46889643673006,4113.184483667058,54.0,0.08206859886326451,-1.0593945990865148,0.08209464319855528,-1.0563336884257242,0.017397015572304504,0.1743735234664069
846,43,156,630.0947010611478,4141.259609929846,419.46889643673006,4113.184483667058,54.0,0.08206859886326451,-1.5420234448911572,0.08209464319855528,-1.5443717455219463,0.017397015572304504,0.4559330300830271
847,66,156,493.8518825171933,3956.000689079267,419.46889643673006,4113.184483667058,54.0,0.08206859886326451,-1.3536833351252209,0.08209464319855528,-1.3518356816324513,0.017397015572304504,0.31021682663021927
848,27,156,413.6607163277177,4126.933692479007,419.46889643673006,4113.184483667058,54.0,0.08206859886326451,-0.2085869089268076,0.08209464319855528,-0.209670378217057,0.017397015572304504,0.03082097809984844
849,22,156,301.6304881357929,4156.037775497009,419.46889643673006,4113.184483667058,54.0,0.08206859886326451,-1.1672860832993255,0.08209464319855528,-1.1670275664464336,0.017397015572304504,0.2515762664570685
850,61,156,463.203498736656,4062.892527800171,419.46889643673006,4113.184483667058,54.0,0.08206859886326451,-0.5659895000335671,0.08209464319855528,-0.5664236681572442,0.017397015572304504,0.1010657579062781
851,35,156,583.2192292927565,4207.570440686977,419.46889643673006,4113.184483667058,54.0,0.08206859886326451,-1.3797329502547349,0.08209464319855528,-1.3752101385443591,0.017397015572304504,0.363433851411882
852,36,156,587.79522063936,3965.30735379632,419.46889643673006,4113.184483667058,54.0,0.08206859886326451,-2.4711637762239618,0.08209464319855528,-2.4619277083656974,0.017397015572304504,0.5064242956959493
853,31,156,286.22286085268047,4096.016113555928,419.46889643673006,4113.184483667058,54.0,0.08206859886326451,-1.2528229536584607,0.08209464319855528,-1.2493840590947731,0.017397015572304504,0.26276743646531103
854,39,156,491.6009153175041,3965.873607703836,419.46889643673006,4113.184483667058,54.0,0.08206859886326451,-1.2398148684227002,0.08209464319855528,-1.2376679982218215,0.017397015572304504,0.28691549549135337
855,45,156,517.3116391169647,4113.7490927459785,419.46889643673006,4113.184483667058,54.0,0.08206859886326451,-0.6481657116003183,0.08209464319855528,-0.6477840679314893,0.017397015572304504,0.16380748297417627
856,41,156,461.8106926932424,4070.996636995212,419.46889643673006,4113.184483667058,54.0,0.08206859886326451,-0.5107533053599875,0.08209464319855528,-0.5106012665760776,0.017397015572304504,0.08957289888926795
857,16,156,510.22088537403255,4246.5421852479,419.46889643673006,4113.184483667058,54.0,0.08206859886326451,-1.1401037587961447,0.08209464319855528,-1.1398661808901724,0.017397015572304504,0.29389171520582447
858,60,156,462.2337953932308,4065.780960132662,419.46889643673006,4113.184483667058,54.0,0.08206859886326451,-0.542467128084559,0.08209464319855528,-0.5427545093929766,0.017397015572304504,0.0967087261967855
859,44,156,470.9318574712719,4102.798680980681,419.46889643673006,4113.184483667058,54.0,0.08206859886326451,-0.30495705654111693,0.08209464319855528,-0.3035568541690702,0.017397015572304504,0.0813492102176576
860,23,156,485.3312407692456,4298.036308618457,419.46889643673006,4113.184483667058,54.0,0.08206859886326451,-1.4658825605462824,0.08209464319855528,-1.4636044273147368,0.017397015572304504,0.3689122072454627
861,19,156,324.8153272931308,4135.979057138678,419.46889643673006,4113.184483667058,54.0,0.08206859886326451,-0.9990460944816363,0.08209464319855528,-0.9989762019019857,0.017397015572304504,0.19419422452537707
862,39,157,491.6009153175041,3965.873607703836,441.3058323016815,4117.330786645255,54.0,0.08206859886326451,-1.1912991462984843,0.08209464319855528,-1.1852323730423329,0.017397015572304504,0.27235598492168217
863,41,157,461.8106926932424,4070.996636995212,441.3058323016815,4117.330786645255,54.0,0.08206859886326451,-0.4452498879476629,0.08209464319855528,-0.44286034239980393,0.017397015572304504,0.07282656616169968
864,19,157,324.8153272931308,4135.979057138678,441.3058323016815,4117.330786645255,54.0,0.08206859886326451,-1.1424126244219899,0.08209464319855528,-1.1420022287466867,0.017397015572304504,0.22925386942060355
865,47,157,497.40279712570856,4039.075701869608,441.3058323016815,4117.330786645255,54.0,0.08206859886326451,-1.0054466475040744,0.08209464319855528,-0.9995505668262445,0.017397015572304504,0.15778491451048013
866,23,157,485.3312407692456,4298.036308618457,441.3058323016815,4117.330786645255,54.0,0.08206859886326451,-1.083770723341078,0.08209464319855528,-1.0815555097849565,0.017397015572304504,0.33623363041777
867,61,157,463.203498736656,4062.892527800171,441.3058323016815,4117.330786645255,54.0,0.08206859886326451,-0.5173947616428876,0.08209464319855528,-0.5151508426341465,0.017397015572304504,0.08529372629138386
868,31,157,286.22286085268047,4096.016113555928,441.3058323016815,4117.330786645255,54.0,0.08206859886326451,-1.41685811118225,0.08209464319855528,-1.4129645418989676,0.017397015572304504,0.300373267592122
869,60,157,462.2337953932308,4065.780960132662,441.3058323016815,4117.330786645255,54.0,0.08206859886326451,-0.48874658436621715,0.08209464319855528,-0.4864974250595214,0.017397015572304504,0.08084194173035893
870,66,157,493.8518825171933,3956.000689079267,441.3058323016815,4117.330786645255,54.0,0.08206859886326451,-1.2851752020944367,0.08209464319855528,-1.2794484723121082,0.017397015572304504,0.294811494116525
871,43,157,630.0947010611478,4141.259609929846,441.3058323016815,4117.330786645255,54.0,0.08206859886326451,-1.3572261117982054,0.08209464319855528,-1.3601503612153147,0.017397015572304504,0.4214247764288924
872,27,157,413.6607163277177,4126.933692479007,441.3058323016815,4117.330786645255,54.0,0.08206859886326451,-0.2464046216044782,0.08209464319855528,-0.2461288030563505,0.017397015572304504,0.05232367020362596
873,44,157,470.9318574712719,4102.798680980681,441.3058323016815,4117.330786645255,54.0,0.08206859886326451,-0.1571726727710978,0.08209464319855528,-0.15621350559147695,0.017397015572304504,0.0477606362901718
874,45,157,517.3116391169647,4113.7490927459785,441.3058323016815,4117.330786645255,54.0,0.08206859886326451,-0.4943581851014657,0.08209464319855528,-0.49450228112680095,0.017397015572304504,0.12808049390528303
875,35,157,583.2192292927565,4207.570440686977,441.3058323016815,4117.330786645255,54.0,0.08206859886326451,-1.2330919919187207,0.08209464319855528,-1.2271602023389248,0.017397015572304504,0.3247123980768539
876,65,157,465.43944178630807,4063.6597216274654,441.3058323016815,4117.330786645255,54.0,0.08206859886326451,-0.5258783194761133,0.08209464319855528,-0.5234162368954082,0.017397015572304504,0.0846455853781967
877,60,158,462.2337953932308,4065.780960132662,461.8757609389279,4119.020701517225,54.0,0.08206859886326451,-0.4625663281612372,0.08209464319855528,-0.46075680788538714,0.017397015572304504,0.07186868980747395
878,52,158,577.7231586056545,4060.836546501464,461.8757609389279,4119.020701517225,54.0,0.08206859886326451,-1.1225055205610008,0.08209464319855528,-1.1285528586238063,0.017397015572304504,0.30367381023458695
879,37,158,628.569594659982,4182.409690156388,461.8757609389279,4119.020701517225,54.0,0.08206859886326451,-1.3842835107396874,0.08209464319855528,-1.3853804843717286,0.017397015572304504,0.38117611736487156
880,27,158,413.6607163277177,4126.933692479007,461.8757609389279,4119.020701517225,54.0,0.08206859886326451,-0.3286601401733394,0.08209464319855528,-0.32760139082369405,0.017397015572304504,0.08078715853788382
881,61,158,463.203498736656,4062.892527800171,461.8757609389279,4119.020701517225,54.0,0.08206859886326451,-0.4907290555457936,0.08209464319855528,-0.48890551802178484,0.017397015572304504,0.07608625763095064
882,41,158,461.8106926932424,4070.996636995212,461.8757609389279,4119.020701517225,54.0,0.08206859886326451,-0.4090536011032021,0.08209464319855528,-0.4072809499648039,0.017397015572304504,0.06383795595908417
883,45,158,517.3116391169647,4113.7490927459785,461.8757609389279,4119.020701517225,54.0,0.08206859886326451,-0.4035230980953799,0.08209464319855528,-0.4044184875405429,0.017397015572304504,0.09972076800112956
884,31,158,286.22286085268047,4096.016113555928,461.8757609389279,4119.020701517225,54.0,0.08206859886326451,-1.5138008288836804,0.08209464319855528,-1.509163964502714,0.017397015572304504,0.3306762327685598
885,19,158,324.8153272931308,4135.979057138678,461.8757609389279,4119.020701517225,54.0,0.08206859886326451,-1.222405139517895,0.08209464319855528,-1.2209051845432597,0.017397015572304504,0.2599421154205829
886,16,158,510.22088537403255,4246.5421852479,461.8757609389279,4119.020701517225,54.0,0.08206859886326451,-0.9246179347052337,0.08209464319855528,-0.9227806625790962,0.017397015572304504,0.2362698015788566
887,40,158,580.3679443218005,4175.917211801147,461.8757609389279,4119.020701517225,54.0,0.08206859886326451,-1.015471332424015,0.08209464319855528,-1.0130547745967495,0.017397015572304504,0.26688590777679544
888,43,158,630.0947010611478,4141.259609929846,461.8757609389279,4119.020701517225,54.0,0.08206859886326451,-1.278299216288091,0.08209464319855528,-1.2818785682394742,0.017397015572304504,0.38869124286780676
889,47,158,497.40279712570856,4039.075701869608,461.8757609389279,4119.020701517225,54.0,0.08206859886326451,-0.9332740894569284,0.08209464319855528,-0.9283697179743904,0.017397015572304504,0.15028651665130466
890,22,158,301.6304881357929,4156.037775497009,461.8757609389279,4119.020701517225,54.0,0.08206859886326451,-1.3828773774140686,0.08209464319855528,-1.3814540327131262,0.017397015572304504,0.3157240021322511
891,66,158,493.8518825171933,3956.000689079267,461.8757609389279,4119.020701517225,54.0,0.08206859886326451,-1.3369264580259932,0.08209464319855528,-1.3289516384779019,0.017397015572304504,0.2851407057833255
892,36,158,587.79522063936,3965.30735379632,461.8757609389279,4119.020701517225,54.0,0.08206859886326451,-2.1180270129322603,0.08209464319855528,-2.1118419632861825,0.017397015572304504,0.49394266452301244
893,39,158,491.6009153175041,3965.873607703836,461.8757609389279,4119.020701517225,54.0,0.08206859886326451,-1.2462117064134,0.08209464319855528,-1.238179378711563,0.017397015572304504,0.26244867929138055
894,65,158,465.43944178630807,4063.6597216274654,461.8757609389279,4119.020701517225,54.0,0.08206859886326451,-0.4812887068732395,0.08209464319855528,-0.4794762725294427,0.017397015572304504,0.07466197058072944
895,29,158,679.1344462972443,4226.875249913833,461.8757609389279,4119.020701517225,54.0,0.08206859886326451,-1.9272555739097577,0.08209464319855528,-1.9220214286809774,0.017397015572304504,0.5286597463876237
896,35,158,583.2192292927565,4207.570440686977,461.8757609389279,4119.020701517225,54.0,0.08206859886326451,-1.1684346882300545,0.08209464319855528,-1.1624323908987881,0.017397015572304504,0.29791191783203386
897,23,158,485.3312407692456,4298.036308618457,461.8757609389279,4119.020701517225,54.0,0.08206859886326451,-0.9509393807797545,0.08209464319855528,-0.947953435394445,0.017397015572304504,0.3077436113845917
898,44,158,472.0029937650396,4104.126300266757,461.8757609389279,4119.020701517225,54.0,0.08206859886326451,-0.08098232017361578,0.08209464319855528,-0.08064886185471282,0.017397015572304504,0.024632545315362492
899,16,159,510.22088537403255,4246.5421852479,463.0991676542265,4094.409156956978,54.0,0.08206859886326451,-1.132248478149803,0.08209464319855528,-1.1278480403159992,0.017397015572304504,0.2691630777418016
900,19,159,324.8153272931308,4135.979057138678,463.0991676542265,4094.409156956978,54.0,0.08206859886326451,-1.3862516704669334,0.08209464319855528,-1.3841439551860282,0.017397015572304504,0.26679942031174236
901,22,159,301.6304881357929,4156.037775497009,463.0991676542265,4094.409156956978,54.0,0.08206859886326451,-1.5558759204483321,0.08209464319855528,-1.5540100939543733,0.017397015572304504,0.32514865613603794
902,45,160,517.3116391169647,4113.7490927459785,497.349430140396,4097.801429893575,54.0,0.08206859886326451,-0.33711905824213306,0.08209464319855528,-0.3363802781824535,0.017397015572304504,0.05795862885366128
903,54,160,562.1256537151418,3993.041990758743,497.349430140396,4097.801429893575,54.0,0.08206859886326451,-1.4009031875699778,0.08209464319855528,-1.3988596547911922,0.017397015572304504,0.33623481904221453
904,47,160,497.40279712570856,4039.075701869608,497.349430140396,4097.801429893575,54.0,0.08206859886326451,-0.7617982567978865,0.08209464319855528,-0.7578970183621184,0.017397015572304504,0.11362973360046015
905,31,160,286.22286085268047,4096.016113555928,497.349430140396,4097.801429893575,54.0,0.08206859886326451,-2.050647691577612,0.08209464319855528,-2.045909060353225,0.017397015572304504,0.3782879015711198
906,52,160,577.7231586056545,4060.836546501464,497.349430140396,4097.801429893575,54.0,0.08206859886326451,-0.920707697819089,0.08209464319855528,-0.9253219731959809,0.017397015572304504,0.23720507145754804
907,37,160,628.569594659982,4182.409690156388,497.349430140396,4097.801429893575,54.0,0.08206859886326451,-1.406318993122377,0.08209464319855528,-1.4068509642316593,0.017397015572304504,0.3687441094304263
908,51,160,515.5112789978382,4127.169092421015,497.349430140396,4097.801429893575,54.0,0.08206859886326451,-0.3502216608729315,0.08209464319855528,-0.3496533883128849,0.017397015572304504,0.06616518987524377
909,43,160,630.0947010611478,4141.259609929846,497.349430140396,4097.801429893575,54.0,0.08206859886326451,-1.1812819338087872,0.08209464319855528,-1.181347317202266,0.017397015572304504,0.3449780559942444
910,36,160,587.79522063936,3965.30735379632,497.349430140396,4097.801429893575,54.0,0.08206859886326451,-1.7326969358106432,0.08209464319855528,-1.7296195701155566,0.017397015572304504,0.4495866921006981
911,44,160,483.44979327053113,4094.555736594287,497.349430140396,4097.801429893575,54.0,0.08206859886326451,-0.18028160481714003,0.08209464319855528,-0.17974038773081874,0.017397015572304504,0.024884452652950816
912,23,160,485.3312407692456,4298.036308618457,497.349430140396,4097.801429893575,54.0,0.08206859886326451,-1.2674539944617234,0.08209464319855528,-1.2611049537947787,0.017397015572304504,0.34916783163850695
913,41,160,461.8106926932424,4070.996636995212,497.349430140396,4097.801429893575,54.0,0.08206859886326451,-0.5329173882951969,0.08209464319855528,-0.5312632818069387,0.017397015572304504,0.07139807636256099
914,16,160,516.0758652237084,4245.553096251029,497.349430140396,4097.801429893575,54.0,0.08206859886326451,-1.1850103071479252,0.08209464319855528,-1.185371990002803,0.017397015572304504,0.2978361496498841
915,60,160,462.2337953932308,4065.780960132662,497.349430140396,4097.801429893575,54.0,0.08206859886326451,-0.563184024081864,0.08209464319855528,-0.5617493369056032,0.017397015572304504,0.0782326317167683
916,35,160,583.2192292927565,4207.570440686977,497.349430140396,4097.801429893575,54.0,0.08206859886326451,-1.181167612984869,0.08209464319855528,-1.1820970269748232,0.017397015572304504,0.30111756484650565
917,29,160,679.1344462972443,4226.875249913833,497.349430140396,4097.801429893575,54.0,0.08206859886326451,-1.8378959292271393,0.08209464319855528,-1.8372558072338385,0.017397015572304504,0.5356468982076977
918,61,160,463.203498736656,4062.892527800171,497.349430140396,4097.801429893575,54.0,0.08206859886326451,-0.5754776563669851,0.08209464319855528,-0.5741610870400431,0.017397015572304504,0.08137960660532421
919,39,160,491.6009153175041,3965.873607703836,497.349430140396,4097.801429893575,54.0,0.08206859886326451,-1.2365687099955547,0.08209464319855528,-1.2277983003295307,0.017397015572304504,0.2545661057896114
920,66,160,493.8518825171933,3956.000689079267,497.349430140396,4097.801429893575,54.0,0.08206859886326451,-1.3226372716918882,0.08209464319855528,-1.3139767337724737,0.017397015572304504,0.27635003650773415
921,27,160,413.6607163277177,4126.933692479007,497.349430140396,4097.801429893575,54.0,0.08206859886326451,-0.5942699508867956,0.08209464319855528,-0.5937217880137681,0.017397015572304504,0.14449130722722436
922,22,160,301.6304881357929,4156.037775497009,497.349430140396,4097.801429893575,54.0,0.08206859886326451,-1.654213338791273,0.08209464319855528,-1.6524842182121993,0.017397015572304504,0.377320379580941
923,19,160,324.8153272931308,4135.979057138678,497.349430140396,4097.801429893575,54.0,0.08206859886326451,-1.525895941234365,0.08209464319855528,-1.5249809567489718,0.017397015572304504,0.32114162551300524
924,65,160,465.43944178630807,4063.6597216274654,497.349430140396,4097.801429893575,54.0,0.08206859886326451,-0.5545863777426037,0.08209464319855528,-0.5532035206352386,0.017397015572304504,0.07843620381097943
925,40,160,580.3679443218005,4175.917211801147,497.349430140396,4097.801429893575,54.0,0.08206859886326451,-0.9789103188434397,0.08209464319855528,-0.982804243233541,0.017397015572304504,0.25250402482380585
926,27,161,413.6607163277177,4126.933692479007,427.0875297765728,4166.871477716365,54.0,0.08206859886326451,-0.4759354188584294,0.08209464319855528,-0.4765644649778773,0.017397015572304504,0.08451635346340038
927,22,161,301.6304881357929,4156.037775497009,427.0875297765728,4166.871477716365,54.0,0.08206859886326451,-1.035499540473515,0.08209464319855528,-1.0345654029061233,0.017397015572304504,0.2639102576127503
928,19,161,324.8153272931308,4135.979057138678,427.0875297765728,4166.871477716365,54.0,0.08206859886326451,-0.9895185418787145,0.08209464319855528,-0.9900294191183303,0.017397015572304504,0.22161798347189668
929,45,162,517.3116391169647,4113.7490927459785,445.0921586695306,4179.847078147817,54.0,0.08206859886326451,-0.6068075561714105,0.08209464319855528,-0.6032450952949776,0.017397015572304504,0.16788044973154542
930,16,162,510.22088537403255,4246.5421852479,445.0921586695306,4179.847078147817,54.0,0.08206859886326451,-0.6651714814047867,0.08209464319855528,-0.6640323822090943,0.017397015572304504,0.17200762834061087
931,37,162,628.569594659982,4182.409690156388,445.0921586695306,4179.847078147817,54.0,0.08206859886326451,-1.3953459545117595,0.08209464319855528,-1.39130089826303,0.017397015572304504,0.3903116611418069
932,43,162,630.0947010611478,4141.259609929846,445.0921586695306,4179.847078147817,54.0,0.08206859886326451,-1.4483988325538968,0.08209464319855528,-1.4463030606135867,0.017397015572304504,0.4119283590708296
933,30,162,625.9985091941669,4344.425799606012,445.0921586695306,4179.847078147817,54.0,0.08206859886326451,-2.0091920571260427,0.08209464319855528,-2.0049611751683356,0.017397015572304504,0.4754274599985734
934,35,162,583.2192292927565,4207.570440686977,445.0921586695306,4179.847078147817,54.0,0.08206859886326451,-1.0549988426523658,0.08209464319855528,-1.052543480664903,0.017397015572304504,0.2912608144661035
935,41,162,461.8106926932424,4070.996636995212,445.0921586695306,4179.847078147817,54.0,0.08206859886326451,-0.8157628444049708,0.08209464319855528,-0.8121832832528723,0.017397015572304504,0.17128344514451224
936,23,162,485.3312407692456,4298.036308618457,445.0921586695306,4179.847078147817,54.0,0.08206859886326451,-0.8326306143394124,0.08209464319855528,-0.8298685609061339,0.017397015572304504,0.23279373182740837
937,60,162,462.2337953932308,4065.780960132662,445.0921586695306,4179.847078147817,54.0,0.08206859886326451,-0.8690163572141711,0.08209464319855528,-0.865446343964082,0.017397015572304504,0.1793299188472579
938,44,162,472.0029937650396,4104.126300266757,445.0921586695306,4179.847078147817,54.0,0.08206859886326451,-0.39029185529936333,0.08209464319855528,-0.3894692589548802,0.017397015572304504,0.12564718119563306
939,16,163,510.22088537403255,4246.5421852479,464.4918658899569,4168.568037566508,54.0,0.08206859886326451,-0.6467074192900262,0.08209464319855528,-0.6452438766367973,0.017397015572304504,0.16492878043950848
940,29,163,679.1344462972443,4226.875249913833,464.4918658899569,4168.568037566508,54.0,0.08206859886326451,-1.6834208684646168,0.08209464319855528,-1.681955750136971,0.017397015572304504,0.4898375459969515
941,35,163,583.2192292927565,4207.570440686977,464.4918658899569,4168.568037566508,54.0,0.08206859886326451,-0.9521502137140895,0.08209464319855528,-0.9502938613728746,0.017397015572304504,0.2570199964545221
942,27,163,413.6607163277177,4126.933692479007,464.4918658899569,4168.568037566508,54.0,0.08206859886326451,-0.4812144991868188,0.08209464319855528,-0.48239860708885485,0.017397015572304504,0.11985459381005298
943,23,163,485.3312407692456,4298.036308618457,464.4918658899569,4168.568037566508,54.0,0.08206859886326451,-0.7406448753257681,0.08209464319855528,-0.7376871178307434,0.017397015572304504,0.2348251030052217
944,44,163,472.0029937650396,4104.126300266757,464.4918658899569,4168.568037566508,54.0,0.08206859886326451,-0.2770333466729641,0.08209464319855528,-0.27699724231491335,0.017397015572304504,0.09612452181281145
945,37,163,628.569594659982,4182.409690156388,464.4918658899569,4168.568037566508,54.0,0.08206859886326451,-1.3145317265301997,0.08209464319855528,-1.3079353858992495,0.017397015572304504,0.34947489220827044
946,43,163,630.0947010611478,4141.259609929846,464.4918658899569,4168.568037566508,54.0,0.08206859886326451,-1.3612577750422232,0.08209464319855528,-1.3595417958841718,0.017397015572304504,0.37228978438663946
947,61,163,463.203498736656,4062.892527800171,464.4918658899569,4168.568037566508,54.0,0.08206859886326451,-0.6951680699512601,0.08209464319855528,-0.6936021522616861,0.017397015572304504,0.15076925309011965
948,19,163,324.8153272931308,4135.979057138678,464.4918658899569,4168.568037566508,54.0,0.08206859886326451,-1.2765040129418521,0.08209464319855528,-1.2742154783949033,0.017397015572304504,0.2893134327976401
949,65,163,465.43944178630807,4063.6597216274654,464.4918658899569,4168.568037566508,54.0,0.08206859886326451,-0.6865752941532668,0.08209464319855528,-0.6850157362640673,0.017397015572304504,0.14940176753288517
950,45,163,517.3116391169647,4113.7490927459785,464.4918658899569,4168.568037566508,54.0,0.08206859886326451,-0.5347510708484381,0.08209464319855528,-0.5311059716028177,0.017397015572304504,0.13529328675496374
951,40,163,580.3679443218005,4175.917211801147,464.4918658899569,4168.568037566508,54.0,0.08206859886326451,-0.9009250414155285,0.08209464319855528,-0.8970702417942956,0.017397015572304504,0.24170300186978924
952,60,163,462.2337953932308,4065.780960132662,464.4918658899569,4168.568037566508,54.0,0.08206859886326451,-0.6673218705274331,0.08209464319855528,-0.6657696624350369,0.017397015572304504,0.1466011299421108
953,30,163,625.9985091941669,4344.425799606012,464.4918658899569,4168.568037566508,54.0,0.08206859886326451,-1.9330344974090692,0.08209464319855528,-1.930823979481832,0.017397015572304504,0.4747845127083498
954,41,163,461.8106926932424,4070.996636995212,464.4918658899569,4168.568037566508,54.0,0.08206859886326451,-0.6158659564353796,0.08209464319855528,-0.614341398132516,0.017397015572304504,0.1388105886144877
955,44,164,472.0029937650396,4104.126300266757,459.1578980508352,4149.265568710596,54.0,0.08206859886326451,-0.21982065723682354,0.08209464319855528,-0.21981078836139523,0.017397015572304504,0.06725200384252239
956,45,164,517.3116391169647,4113.7490927459785,459.1578980508352,4149.265568710596,54.0,0.08206859886326451,-0.5336741471128005,0.08209464319855528,-0.530900557885811,0.017397015572304504,0.114228871663005
957,60,164,462.2337953932308,4065.780960132662,459.1578980508352,4149.265568710596,54.0,0.08206859886326451,-0.6046819803001184,0.08209464319855528,-0.603152847047097,0.017397015572304504,0.11594927079274966
958,40,164,580.3679443218005,4175.917211801147,459.1578980508352,4149.265568710596,54.0,0.08206859886326451,-0.9558384617320697,0.08209464319855528,-0.9529642098112256,0.017397015572304504,0.25628979395357987
959,22,164,301.6304881357929,4156.037775497009,459.1578980508352,4149.265568710596,54.0,0.08206859886326451,-1.268521822316271,0.08209464319855528,-1.2669563571448403,0.017397015572304504,0.3218340566798985
960,43,164,630.0947010611478,4141.259609929846,459.1578980508352,4149.265568710596,54.0,0.08206859886326451,-1.302567457508544,0.08209464319855528,-1.3029166511806816,0.017397015572304504,0.38908548442250457
961,66,164,493.8518825171933,3956.000689079267,459.1578980508352,4149.265568710596,54.0,0.08206859886326451,-1.5135424512953568,0.08209464319855528,-1.505200796622631,0.017397015572304504,0.3346465223473549
962,65,164,465.43944178630807,4063.6597216274654,459.1578980508352,4149.265568710596,54.0,0.08206859886326451,-0.6249447967968418,0.08209464319855528,-0.6234061500788027,0.017397015572304504,0.11897336316822367
963,16,164,510.22088537403255,4246.5421852479,459.1578980508352,4149.265568710596,54.0,0.08206859886326451,-0.7204255614603076,0.08209464319855528,-0.7192477864007494,0.017397015572304504,0.19475075627599564
964,35,164,583.2192292927565,4207.570440686977,459.1578980508352,4149.265568710596,54.0,0.08206859886326451,-0.9964799592800502,0.08209464319855528,-0.9925932630838185,0.017397015572304504,0.2778942045470167
965,37,164,628.569594659982,4182.409690156388,459.1578980508352,4149.265568710596,54.0,0.08206859886326451,-1.3919364900708764,0.08209464319855528,-1.388749126642698,0.017397015572304504,0.366068610795573
966,41,164,461.8106926932424,4070.996636995212,459.1578980508352,4149.265568710596,54.0,0.08206859886326451,-0.552575282774536,0.08209464319855528,-0.5510755849934683,0.017397015572304504,0.10807007142905103
967,27,164,413.6607163277177,4126.933692479007,459.1578980508352,4149.265568710596,54.0,0.08206859886326451,-0.3943122347563874,0.08209464319855528,-0.39698580882687534,0.017397015572304504,0.09120299017578644
968,39,164,491.6009153175041,3965.873607703836,459.1578980508352,4149.265568710596,54.0,0.08206859886326451,-1.4211274341491271,0.08209464319855528,-1.4127700891400916,0.017397015572304504,0.3117090967341515
969,31,164,286.22286085268047,4096.016113555928,459.1578980508352,4149.265568710596,54.0,0.08206859886326451,-1.6003428539738846,0.08209464319855528,-1.5988314856675447,0.017397015572304504,0.34955929110896267
970,23,164,485.3312407692456,4298.036308618457,459.1578980508352,4149.265568710596,54.0,0.08206859886326451,-0.8035113277051547,0.08209464319855528,-0.8004883086688821,0.017397015572304504,0.2677360161234059
971,30,164,625.9985091941669,4344.425799606012,459.1578980508352,4149.265568710596,54.0,0.08206859886326451,-1.9844352421945337,0.08209464319855528,-1.9825336784368475,0.017397015572304504,0.5092184563805603
972,29,164,679.1344462972443,4226.875249913833,459.1578980508352,4149.265568710596,54.0,0.08206859886326451,-1.7431426720606231,0.08209464319855528,-1.7357471994341902,0.017397015572304504,0.5124953652776358
973,47,164,497.40279712570856,4039.075701869608,459.1578980508352,4149.265568710596,54.0,0.08206859886326451,-1.072881867553942,0.08209464319855528,-1.0689312697154139,0.017397015572304504,0.19886473307902164
974,19,164,324.8153272931308,4135.979057138678,459.1578980508352,4149.265568710596,54.0,0.08206859886326451,-1.2377262674680582,0.08209464319855528,-1.2394258190253458,0.017397015572304504,0.26222752291313395
975,61,164,463.203498736656,4062.892527800171,459.1578980508352,4149.265568710596,54.0,0.08206859886326451,-0.6329562875697301,0.08209464319855528,-0.631412526352075,0.017397015572304504,0.1201969561672942
976,40,165,580.3679443218005,4175.917211801147,475.4797026759927,4147.082451233341,54.0,0.08206859886326451,-0.9241557988699887,0.08209464319855528,-0.9209975955450125,0.017397015572304504,0.23099089974166578
977,41,165,461.8106926932424,4070.996636995212,475.4797026759927,4147.082451233341,54.0,0.08206859886326451,-0.5580066670221421,0.08209464319855528,-0.5561541748095263,0.017397015572304504,0.10664162252227302
978,45,165,517.3116391169647,4113.7490927459785,475.4797026759927,4147.082451233341,54.0,0.08206859886326451,-0.4732112362247592,0.08209464319855528,-0.46963593865959913,0.017397015572304504,0.09622603111682422
979,27,165,413.6607163277177,4126.933692479007,475.4797026759927,4147.082451233341,54.0,0.08206859886326451,-0.45586126099215046,0.08209464319855528,-0.4585880484115679,0.017397015572304504,0.1115170286080675
980,43,165,630.0947010611478,4141.259609929846,475.4797026759927,4147.082451233341,54.0,0.08206859886326451,-1.2221577313429208,0.08209464319855528,-1.22230461249833,0.017397015572304504,0.364747452109039
981,60,165,462.2337953932308,4065.780960132662,475.4797026759927,4147.082451233341,54.0,0.08206859886326451,-0.6099878822672743,0.08209464319855528,-0.6080794745430691,0.017397015572304504,0.11433440995328775
982,29,165,679.1344462972443,4226.875249913833,475.4797026759927,4147.082451233341,54.0,0.08206859886326451,-1.7486852836424764,0.08209464319855528,-1.7407900718036253,0.017397015572304504,0.48864224392493877
983,66,165,493.8518825171933,3956.000689079267,475.4797026759927,4147.082451233341,54.0,0.08206859886326451,-1.6721297476966863,0.08209464319855528,-1.6627347424659287,0.017397015572304504,0.3605871960612532
984,30,165,625.9985091941669,4344.425799606012,475.4797026759927,4147.082451233341,54.0,0.08206859886326451,-2.062980670424343,0.08209464319855528,-2.0607853863250263,0.017397015572304504,0.5061642357216384
985,31,165,286.22286085268047,4096.016113555928,475.4797026759927,4147.082451233341,54.0,0.08206859886326451,-1.6722122264428236,0.08209464319855528,-1.671089242406834,0.017397015572304504,0.37052064660497713
986,44,165,472.0029937650396,4104.126300266757,475.4797026759927,4147.082451233341,54.0,0.08206859886326451,-0.21822320171304346,0.08209464319855528,-0.21753457834826784,0.017397015572304504,0.062090365419837
987,61,165,463.203498736656,4062.892527800171,475.4797026759927,4147.082451233341,54.0,0.08206859886326451,-0.6377114944429889,0.08209464319855528,-0.635755703368382,0.017397015572304504,0.11830928838836377
988,37,165,628.569594659982,4182.409690156388,475.4797026759927,4147.082451233341,54.0,0.08206859886326451,-1.3532306072733258,0.08209464319855528,-1.3500158763275232,0.017397015572304504,0.3397176056914462
989,35,165,583.2192292927565,4207.570440686977,475.4797026759927,4147.082451233341,54.0,0.08206859886326451,-0.9712331015882799,0.08209464319855528,-0.9661007611652894,0.017397015572304504,0.2580124074818943
990,19,165,324.8153272931308,4135.979057138678,475.4797026759927,4147.082451233341,54.0,0.08206859886326451,-1.3157082985502588,0.08209464319855528,-1.3176062488767015,0.017397015572304504,0.2860716144759504
991,22,165,301.6304881357929,4156.037775497009,475.4797026759927,4147.082451233341,54.0,0.08206859886326451,-1.3153010376039482,0.08209464319855528,-1.3168309095839696,0.017397015572304504,0.3416112349139655
992,52,165,577.7231586056545,4060.836546501464,475.4797026759927,4147.082451233341,54.0,0.08206859886326451,-1.2006571098970815,0.08209464319855528,-1.1990593796691866,0.017397015572304504,0.3040439716397598
993,47,165,497.40279712570856,4039.075701869608,475.4797026759927,4147.082451233341,54.0,0.08206859886326451,-1.1188246209759147,0.08209464319855528,-1.1141739332985012,0.017397015572304504,0.19946547274476756
994,39,165,491.6009153175041,3965.873607703836,475.4797026759927,4147.082451233341,54.0,0.08206859886326451,-1.5850068593922126,0.08209464319855528,-1.5755043095902952,0.017397015572304504,0.33855168992705714
995,23,165,485.3312407692456,4298.036308618457,475.4797026759927,4147.082451233341,54.0,0.08206859886326451,-0.9226155511888579,0.08209464319855528,-0.9169797504265317,0.017397015572304504,0.2659931226297752
996,65,165,465.43944178630807,4063.6597216274654,475.4797026759927,4147.082451233341,54.0,0.08206859886326451,-0.6284790714050128,0.08209464319855528,-0.6264622125710945,0.017397015572304504,0.11655029303073877
997,16,165,510.22088537403255,4246.5421852479,475.4797026759927,4147.082451233341,54.0,0.08206859886326451,-0.7976160819614477,0.08209464319855528,-0.7950777177688115,0.017397015572304504,0.19186178255572617
998,19,166,324.8153272931308,4135.979057138678,498.85963272442586,4149.354031148768,54.0,0.08206859886326451,-1.4955599974076437,0.08209464319855528,-1.4952788580430645,0.017397015572304504,0.32286015606167096
999,22,166,301.6304881357929,4156.037775497009,498.85963272442586,4149.354031148768,54.0,0.08206859886326451,-1.4967879633353722,0.08209464319855528,-1.4916858163356854,0.017397015572304504,0.38796395721674365
1000,29,166,679.1344462972443,4226.875249913833,498.85963272442586,4149.354031148768,54.0,0.08206859886326451,-1.6320147067090327,0.08209464319855528,-1.6266855697230826,0.017397015572304504,0.45210852031153675
1001,27,166,413.6607163277177,4126.933692479007,498.85963272442586,4149.354031148768,54.0,0.08206859886326451,-0.6325947755313052,0.08209464319855528,-0.6330118971381643,0.017397015572304504,0.14730040640841732
1002,16,166,515.9011274209425,4245.55274990534,498.85963272442586,4149.354031148768,54.0,0.08206859886326451,-0.8382573697206978,0.08209464319855528,-0.8379213148776922,0.017397015572304504,0.19455466026397242
1003,30,166,625.9985091941669,4344.425799606012,498.85963272442586,4149.354031148768,54.0,0.08206859886326451,-2.0666385948343824,0.08209464319855528,-2.0630738351775677,0.017397015572304504,0.49468954351777267
1004,23,166,485.3312407692456,4298.036308618457,498.85963272442586,4149.354031148768,54.0,0.08206859886326451,-0.9069955949386653,0.08209464319855528,-0.901560538996915,0.017397015572304504,0.26295297993900996
1005,44,167,470.9318574712719,4102.798680980681,350.7173577542719,4134.155684330466,54.0,0.08206859886326451,-1.1943454759111762,0.08209464319855528,-1.1933358155377407,0.017397015572304504,0.2298507771482781
1006,27,167,413.6607163277177,4126.933692479007,350.7173577542719,4134.155684330466,54.0,0.08206859886326451,-0.7771129992555448,0.08209464319855528,-0.7766478525103725,0.017397015572304504,0.1353068247674039
1007,31,167,286.22286085268047,4096.016113555928,350.7173577542719,4134.155684330466,54.0,0.08206859886326451,-0.4574824935536371,0.08209464319855528,-0.4559292761093639,0.017397015572304504,0.13540583497978048
1008,41,167,461.8106926932424,4070.996636995212,350.7173577542719,4134.155684330466,54.0,0.08206859886326451,-1.3638261106489404,0.08209464319855528,-1.3635352459703485,0.017397015572304504,0.23435348468444575
1009,65,167,465.43944178630807,4063.6597216274654,350.7173577542719,4134.155684330466,54.0,0.08206859886326451,-1.4069425455805287,0.08209464319855528,-1.4063764639303993,0.017397015572304504,0.24611637743416878
1010,64,167,251.14156651564912,4194.6094429104505,350.7173577542719,4134.155684330466,54.0,0.08206859886326451,-0.7556657509043452,0.08209464319855528,-0.7525746841070984,0.017397015572304504,0.25429303530781866
1011,25,168,264.330530090726,3842.899620060988,131.46744279750484,4022.1752609204777,54.0,0.08206859886326451,-1.7019167344203892,0.08209464319855528,-1.6983753253690268,0.017397015572304504,0.47195202151990384
1012,6,168,202.24335058105044,4025.5497211369657,131.46744279750484,4022.1752609204777,54.0,0.08206859886326451,-0.7692743205890649,0.08209464319855528,-0.7678073422288039,0.017397015572304504,0.16582890585183005
1013,28,168,181.0656949265822,4007.0767963031503,131.46744279750484,4022.1752609204777,54.0,0.08206859886326451,-0.530982783894322,0.08209464319855528,-0.5298693401903681,0.017397015572304504,0.12161543584840961
1014,9,168,9.936533141897351,4088.226647492491,131.46744279750484,4022.1752609204777,54.0,0.08206859886326451,-1.0275005324694275,0.08209464319855528,-1.026988832210938,0.017397015572304504,0.3467388608835983
1015,25,169,264.330530090726,3842.899620060988,142.92374259500085,4021.607757539198,54.0,0.08206859886326451,-1.6411596272917344,0.08209464319855528,-1.6385742369018679,0.017397015572304504,0.44622917878868573
1016,28,169,181.0656949265822,4007.0767963031503,142.92374259500085,4021.607757539198,54.0,0.08206859886326451,-0.41905926758262235,0.08209464319855528,-0.41849671260601456,0.017397015572304504,0.09325528762421047
1017,9,169,9.936533141897351,4088.226647492491,142.92374259500085,4021.607757539198,54.0,0.08206859886326451,-1.1151318051960486,0.08209464319855528,-1.114674677863616,0.017397015572304504,0.36890250710589506
1018,6,169,202.24335058105044,4025.5497211369657,142.92374259500085,4021.607757539198,54.0,0.08206859886326451,-0.6652898455924533,0.08209464319855528,-0.6645350306194704,0.017397015572304504,0.13669727109063384
1019,6,170,202.24335058105044,4025.5497211369657,167.98837729426415,4027.149371312973,54.0,0.08206859886326451,-0.3533625321964975,0.08209464319855528,-0.35254225133838535,0.017397015572304504,0.08044394207593203
1020,28,170,181.0656949265822,4007.0767963031503,167.98837729426415,4027.149371312973,54.0,0.08206859886326451,-0.27845011680887305,0.08209464319855528,-0.27853635320051173,0.017397015572304504,0.05459038208226609
1021,9,170,9.936533141897351,4088.226647492491,167.98837729426415,4027.149371312973,54.0,0.08206859886326451,-1.2702124957743677,0.08209464319855528,-1.2718813486666114,0.017397015572304504,0.40916069544749456
1022,25,170,264.330530090726,3842.899620060988,167.98837729426415,4027.149371312973,54.0,0.08206859886326451,-1.858148061921667,0.08209464319855528,-1.8554619022357839,0.017397015572304504,0.4287627497831856
1023,38,171,292.2609771757026,3909.816818957042,187.05359221279923,4017.21674433976,54.0,0.08206859886326451,-1.2198059709645186,0.08209464319855528,-1.2158152758873724,0.017397015572304504,0.3168068209384246
1024,28,171,181.0656949265822,4007.0767963031503,187.05359221279923,4017.21674433976,54.0,0.08206859886326451,-0.1777418430913469,0.08209464319855528,-0.17775935417667293,0.017397015572304504,0.02865248810657487
1025,6,171,202.24335058105044,4025.5497211369657,187.05359221279923,4017.21674433976,54.0,0.08206859886326451,-0.24475990211127838,0.08209464319855528,-0.24479464168986587,0.017397015572304504,0.0422456511032792
1026,25,171,267.9482254989196,3844.583776105834,187.05359221279923,4017.21674433976,54.0,0.08206859886326451,-1.670761372111397,0.08209464319855528,-1.667313084545071,0.017397015572304504,0.38871113148159725
1027,9,171,9.936533141897351,4088.226647492491,187.05359221279923,4017.21674433976,54.0,0.08206859886326451,-1.5345633936123904,0.08209464319855528,-1.536035988105487,0.017397015572304504,0.45741848786317735
1028,25,172,264.330530090726,3842.899620060988,162.7302657389057,4007.499501585424,54.0,0.08206859886326451,-1.5509811652983185,0.08209464319855528,-1.5493298186558824,0.017397015572304504,0.39420749821464357
1029,9,172,9.936533141897351,4088.226647492491,162.7302657389057,4007.499501585424,54.0,0.08206859886326451,-1.359140144678645,0.08209464319855528,-1.3577524904771674,0.017397015572304504,0.42799506409593974
1030,28,172,181.0656949265822,4007.0767963031503,162.7302657389057,4007.499501585424,54.0,0.08206859886326451,-0.2049917285007859,0.08209464319855528,-0.20490033533784618,0.017397015572304504,0.04183301761360506
1031,25,173,264.330530090726,3842.899620060988,162.64141812057804,3985.038793359939,54.0,0.08206859886326451,-1.3167707274350575,0.08209464319855528,-1.3148171047258546,0.017397015572304504,0.357559074199788
1032,6,173,202.24335058105044,4025.5497211369657,162.64141812057804,3985.038793359939,54.0,0.08206859886326451,-0.6023232165093837,0.08209464319855528,-0.6024871029145712,0.017397015572304504,0.12436749282418348
1033,28,173,181.0656949265822,4007.0767963031503,162.64141812057804,3985.038793359939,54.0,0.08206859886326451,-0.21704989581111983,0.08209464319855528,-0.21714362138260754,0.017397015572304504,0.05985134723285286
1034,28,174,181.0656949265822,4007.0767963031503,160.65340157556597,3968.598112467385,54.0,0.08206859886326451,-0.3185699429997548,0.08209464319855528,-0.3190379670853972,0.017397015572304504,0.09147392152302068
1035,25,174,264.330530090726,3842.899620060988,160.65340157556597,3968.598112467385,54.0,0.08206859886326451,-1.2373099771239506,0.08209464319855528,-1.2352573781233311,0.017397015572304504,0.3391551418373495
1036,38,174,292.2609771757026,3909.816818957042,160.65340157556597,3968.598112467385,54.0,0.08206859886326451,-1.2181936600802223,0.08209464319855528,-1.2195269912229827,0.017397015572304504,0.29900889738665465
1037,53,174,275.4374088407163,3843.51011953928,160.65340157556597,3968.598112467385,54.0,0.08206859886326451,-1.224095602877905,0.08209464319855528,-1.2201425387918001,0.017397015572304504,0.3450941523347979
1038,25,175,264.330530090726,3842.899620060988,136.56628878569435,3964.708171074401,54.0,0.08206859886326451,-1.3991219934367187,0.08209464319855528,-1.3951147178715422,0.017397015572304504,0.3839836091765068
1039,9,175,9.936533141897351,4088.226647492491,136.56628878569435,3964.708171074401,54.0,0.08206859886326451,-1.5364910533614806,0.08209464319855528,-1.5369996447310963,0.017397015572304504,0.4689365518910423
1040,28,175,181.0656949265822,4007.0767963031503,136.56628878569435,3964.708171074401,54.0,0.08206859886326451,-0.44026883979200293,0.08209464319855528,-0.4400533914990344,0.017397015572304504,0.13453420349594236
1041,9,176,9.936533141897351,4088.226647492491,91.3677403813582,3953.0176969902304,54.0,0.08206859886326451,-1.4268764914165464,0.08209464319855528,-1.4278341174907994,0.017397015572304504,0.4294070939020587
1042,28,176,181.0656949265822,4007.0767963031503,91.3677403813582,3953.0176969902304,54.0,0.08206859886326451,-0.9676827029666331,0.08209464319855528,-0.9651658484559397,0.017397015572304504,0.25183640836937543
1043,25,176,264.330530090726,3842.899620060988,91.3677403813582,3953.0176969902304,54.0,0.08206859886326451,-1.7450314605999608,0.08209464319855528,-1.7431182346515193,0.017397015572304504,0.4832817204934141
1044,25,177,264.330530090726,3842.899620060988,152.51651964535588,3953.440781658878,54.0,0.08206859886326451,-1.2247727485177995,0.08209464319855528,-1.2210002125708728,0.017397015572304504,0.33349820972052235
1045,28,177,181.0656949265822,4007.0767963031503,152.51651964535588,3953.440781658878,54.0,0.08206859886326451,-0.43182195378357363,0.08209464319855528,-0.4329265079231733,0.017397015572304504,0.13019213997980306
1046,53,177,275.4374088407163,3843.51011953928,152.51651964535588,3953.440781658878,54.0,0.08206859886326451,-1.2190839269758895,0.08209464319855528,-1.2135866127468826,0.017397015572304504,0.34186377221262465
1047,38,178,292.2609771757026,3909.816818957042,176.41135512934196,3951.860447410247,54.0,0.08206859886326451,-1.0692748595864494,0.08209464319855528,-1.0687317663020064,0.017397015572304504,0.25027542050334056
1048,28,178,181.0656949265822,4007.0767963031503,176.41135512934196,3951.860447410247,54.0,0.08206859886326451,-0.6290135668910068,0.08209464319855528,-0.6304531988744987,0.017397015572304504,0.1215461088738726
1049,53,178,275.4374088407163,3843.51011953928,176.41135512934196,3951.860447410247,54.0,0.08206859886326451,-1.0664223187171482,0.08209464319855528,-1.0615955090233866,0.017397015572304504,0.29365391256705053
1050,25,178,264.330530090726,3842.899620060988,176.41135512934196,3951.860447410247,54.0,0.08206859886326451,-1.085525984107759,0.08209464319855528,-1.0825735570044972,0.017397015572304504,0.2871273728314288
1051,25,179,264.330530090726,3842.899620060988,128.91722771380137,3941.241308419875,54.0,0.08206859886326451,-1.3333266307417135,0.08209464319855528,-1.3309090745851762,0.017397015572304504,0.371692976726062
1052,28,179,181.0656949265822,4007.0767963031503,128.91722771380137,3941.241308419875,54.0,0.08206859886326451,-0.6372204845101608,0.08209464319855528,-0.6381758874927899,0.017397015572304504,0.18919121635662675
1053,38,179,292.2609771757026,3909.816818957042,128.91722771380137,3941.241308419875,54.0,0.08206859886326451,-1.595052137699482,0.08209464319855528,-1.5911424082337864,0.017397015572304504,0.3472472394534211
1054,28,180,181.0656949265822,4007.0767963031503,148.1263215529927,3940.12948749086,54.0,0.08206859886326451,-0.5614919976945629,0.08209464319855528,-0.5622673087823263,0.017397015572304504,0.16283479100017656
1055,25,180,264.330530090726,3842.899620060988,148.1263215529927,3940.12948749086,54.0,0.08206859886326451,-1.1745506320732226,0.08209464319855528,-1.1708526585954064,0.017397015572304504,0.3265594390327154
1056,28,181,181.0656949265822,4007.0767963031503,182.4648258664013,3932.874764215047,54.0,0.08206859886326451,-0.8087181653862859,0.08209464319855528,-0.8097888972335492,0.017397015572304504,0.1621820974944828
1057,38,181,292.2609771757026,3909.816818957042,182.4648258664013,3932.874764215047,54.0,0.08206859886326451,-1.0867254314670387,0.08209464319855528,-1.0846801279712395,0.017397015572304504,0.22161146081628186
1058,31,181,286.22286085268047,4096.016113555928,182.4648258664013,3932.874764215047,54.0,0.08206859886326451,-1.6972070528523282,0.08209464319855528,-1.6943236688950116,0.017397015572304504,0.41669677940721067
1059,25,181,264.330530090726,3842.899620060988,182.4648258664013,3932.874764215047,54.0,0.08206859886326451,-0.9086519655879399,0.08209464319855528,-0.9066760961055993,0.017397015572304504,0.24993926058728
1060,53,181,275.4374088407163,3843.51011953928,182.4648258664013,3932.874764215047,54.0,0.08206859886326451,-0.8995127212805609,0.08209464319855528,-0.8957908690012596,0.017397015572304504,0.2585609908632237
1061,25,182,264.330530090726,3842.899620060988,173.58386476794828,3928.838452489801,54.0,0.08206859886326451,-0.9352582249360395,0.08209464319855528,-0.9339035842258014,0.017397015572304504,0.2601588319931334
1062,53,182,275.4374088407163,3843.51011953928,173.58386476794828,3928.838452489801,54.0,0.08206859886326451,-0.9324962640417683,0.08209464319855528,-0.9294856438677989,0.017397015572304504,0.2701969504069207
1063,38,182,292.2609771757026,3909.816818957042,173.58386476794828,3928.838452489801,54.0,0.08206859886326451,-1.1539176869169623,0.08209464319855528,-1.151261419654016,0.017397015572304504,0.2382681759629044
1064,28,182,181.0656949265822,4007.0767963031503,173.58386476794828,3928.838452489801,54.0,0.08206859886326451,-0.8480390273240174,0.08209464319855528,-0.8480171476241432,0.017397015572304504,0.1741104229669948
1065,38,183,292.2609771757026,3909.816818957042,136.87238558022665,3929.4849208670153,54.0,0.08206859886326451,-1.4424524748667644,0.08209464319855528,-1.4385002835106289,0.017397015572304504,0.3225657450456311
1066,28,183,181.0656949265822,4007.0767963031503,136.87238558022665,3929.4849208670153,54.0,0.08206859886326451,-0.690563312839527,0.08209464319855528,-0.692580826741039,0.017397015572304504,0.19830770636596307
1067,25,183,264.330530090726,3842.899620060988,136.87238558022665,3929.4849208670153,54.0,0.08206859886326451,-1.2146110244933015,0.08209464319855528,-1.2116803779378007,0.017397015572304504,0.34497110884870386
1068,28,184,181.0656949265822,4007.0767963031503,156.24135505481868,3922.6741068498113,54.0,0.08206859886326451,-0.7524427009803039,0.08209464319855528,-0.7510798453723425,0.017397015572304504,0.19630124487707468
1069,38,184,292.2609771757026,3909.816818957042,156.24135505481868,3922.6741068498113,54.0,0.08206859886326451,-1.2173622041577192,0.08209464319855528,-1.2133248869564408,0.017397015572304504,0.27464672355593134
1070,25,184,264.330530090726,3842.899620060988,156.24135505481868,3922.6741068498113,54.0,0.08206859886326451,-1.0277484916072563,0.08209464319855528,-1.0250868682369088,0.017397015572304504,0.2928250964013916
1071,53,184,275.4374088407163,3843.51011953928,156.24135505481868,3922.6741068498113,54.0,0.08206859886326451,-1.0170121689693614,0.08209464319855528,-1.012915975563496,0.017397015572304504,0.30356281662828144
1072,25,185,264.330530090726,3842.899620060988,171.44635452375624,3912.403444300099,54.0,0.08206859886326451,-0.8945893783929255,0.08209464319855528,-0.8938513951328025,0.017397015572304504,0.2504985879291028
1073,53,185,275.4374088407163,3843.51011953928,171.44635452375624,3912.403444300099,54.0,0.08206859886326451,-0.888522714009373,0.08209464319855528,-0.886347747205194,0.017397015572304504,0.26233032694068564
1074,38,185,292.2609771757026,3909.816818957042,171.44635452375624,3912.403444300099,54.0,0.08206859886326451,-1.1050386444809188,0.08209464319855528,-1.1026042903706512,0.017397015572304504,0.2389559951622455
1075,9,186,9.936533141897351,4088.226647492491,118.65252903866116,3961.4694151676936,54.0,0.08206859886326451,-1.483882837742731,0.08209464319855528,-1.4817399234431483,0.017397015572304504,0.4465699656140715
1076,28,187,181.0656949265822,4007.0767963031503,114.09596867009677,3946.963824253541,54.0,0.08206859886326451,-0.7297208913096478,0.08209464319855528,-0.7288921629471401,0.017397015572304504,0.20902553507550947
1077,25,187,264.330530090726,3842.899620060988,114.09596867009677,3946.963824253541,54.0,0.08206859886326451,-1.49349962735501,0.08209464319855528,-1.4911822923737106,0.017397015572304504,0.41491563256530817
1078,21,188,103.34699834515416,4117.964937310308,102.69447175575694,3952.059237909345,54.0,0.08206859886326451,-1.2374380018654487,0.08209464319855528,-1.232329697697778,0.017397015572304504,0.39201662224392797
1079,28,188,181.0656949265822,4007.0767963031503,102.69447175575694,3952.059237909345,54.0,0.08206859886326451,-0.8436956132217264,0.08209464319855528,-0.8409522822922239,0.017397015572304504,0.22565307294241815
1080,38,188,292.2609771757026,3909.816818957042,102.69447175575694,3952.059237909345,54.0,0.08206859886326451,-1.8863460289639837,0.08209464319855528,-1.8824293723755503,0.017397015572304504,0.41921487178827344
1081,25,188,264.330530090726,3842.899620060988,102.69447175575694,3952.059237909345,54.0,0.08206859886326451,-1.6260466193599739,0.08209464319855528,-1.6235207761594757,0.017397015572304504,0.44938462040955407
1082,9,188,9.936533141897351,4088.226647492491,102.69447175575694,3952.059237909345,54.0,0.08206859886326451,-1.4844090967578156,0.08209464319855528,-1.4846055923002068,0.017397015572304504,0.44608174744158186
1083,28,189,181.0656949265822,4007.0767963031503,158.3478750756896,4017.808096291382,54.0,0.08206859886326451,-0.2693730388260519,0.08209464319855528,-0.2692341807674103,0.017397015572304504,0.05644889546322046
1084,6,189,202.24335058105044,4025.5497211369657,158.3478750756896,4017.808096291382,54.0,0.08206859886326451,-0.5424327742356909,0.08209464319855528,-0.5423527215576555,0.017397015572304504,0.10168895899251236
1085,25,189,264.330530090726,3842.899620060988,158.3478750756896,4017.808096291382,54.0,0.08206859886326451,-1.6795414702753333,0.08209464319855528,-1.6778557746520617,0.017397015572304504,0.4188338485883388
1086,9,189,9.936533141897351,4088.226647492491,158.3478750756896,4017.808096291382,54.0,0.08206859886326451,-1.2510920993633527,0.08209464319855528,-1.250654974903282,0.017397015572304504,0.4020670258669066
1087,21,189,103.34699834515416,4117.964937310308,158.3478750756896,4017.808096291382,54.0,0.08206859886326451,-0.6431126692354041,0.08209464319855528,-0.6328436330876365,0.017397015572304504,0.2380306262547182
1088,21,190,103.34699834515416,4117.964937310308,135.0015657158357,3998.808026349948,54.0,0.08206859886326451,-0.7667916253615273,0.08209464319855528,-0.7585273264580636,0.017397015572304504,0.26869140376601497
1089,25,191,264.330530090726,3842.899620060988,118.44136868770892,3937.0570745757655,54.0,0.08206859886326451,-1.4119308688489176,0.08209464319855528,-1.409354071873639,0.017397015572304504,0.39745547172831425
1090,28,191,181.0656949265822,4007.0767963031503,118.44136868770892,3937.0570745757655,54.0,0.08206859886326451,-0.7351043117076252,0.08209464319855528,-0.7357429879453937,0.017397015572304504,0.2163097557906989
1091,9,192,9.936533141897351,4088.226647492491,85.39288283212471,3928.9727849799824,54.0,0.08206859886326451,-1.6916741569303622,0.08209464319855528,-1.6848762197442213,0.017397015572304504,0.49288265336862247
1092,25,192,264.330530090726,3842.899620060988,85.39288283212471,3928.9727849799824,54.0,0.08206859886326451,-1.7849842713058686,0.08209464319855528,-1.7852114314330647,0.017397015572304504,0.49214289175108844
1093,21,193,103.34699834515416,4117.964937310308,135.20902570174414,3972.88068595065,54.0,0.08206859886326451,-1.0012835107361524,0.08209464319855528,-0.9914271898632142,0.017397015572304504,0.3337049138669206
1094,25,193,264.330530090726,3842.899620060988,135.20902570174414,3972.88068595065,54.0,0.08206859886326451,-1.43984130072837,0.08209464319855528,-1.4364659598681504,0.017397015572304504,0.39799221378266614
1095,9,193,9.936533141897351,4088.226647492491,135.20902570174414,3972.88068595065,54.0,0.08206859886326451,-1.4559160451352227,0.08209464319855528,-1.4553251822586977,0.017397015572304504,0.45054983621920175
1096,28,193,181.0656949265822,4007.0767963031503,135.20902570174414,3972.88068595065,54.0,0.08206859886326451,-0.4309060685354099,0.08209464319855528,-0.42943715957141376,0.017397015572304504,0.12510338576084548
1097,38,194,292.2609771757026,3909.816818957042,108.83889360773516,3912.225849147117,54.0,0.08206859886326451,-1.6027512877680197,0.08209464319855528,-1.5977051418722132,0.017397015572304504,0.39512619535092647
1098,21,194,103.34699834515416,4117.964937310308,108.83889360773516,3912.225849147117,54.0,0.08206859886326451,-1.6357803181495996,0.08209464319855528,-1.630659610719258,0.017397015572304504,0.4982532710974206
1099,53,194,275.4374088407163,3843.51011953928,108.83889360773516,3912.225849147117,54.0,0.08206859886326451,-1.525605197752131,0.08209464319855528,-1.526404219484404,0.017397015572304504,0.4321032025623861
1100,18,194,58.40093954114791,3683.9112417882634,108.83889360773516,3912.225849147117,54.0,0.08206859886326451,-1.6250437122987427,0.08209464319855528,-1.6143124547106906,0.017397015572304504,0.6460896609921342
1101,22,195,267.77623279276514,4140.811810679348,174.48322464441975,4031.9823677236704,54.0,0.08206859886326451,-1.4318165769802889,0.08209464319855528,-1.4310198203770221,0.017397015572304504,0.3476327083953381
1102,25,195,264.330530090726,3842.899620060988,174.48322464441975,4031.9823677236704,54.0,0.08206859886326451,-1.928046576725585,0.08209464319855528,-1.9242013593921883,0.017397015572304504,0.4324193018716553
1103,28,195,181.0656949265822,4007.0767963031503,174.48322464441975,4031.9823677236704,54.0,0.08206859886326451,-0.3395114541948711,0.08209464319855528,-0.3393872394497621,0.017397015572304504,0.05976170990224935
1104,21,195,119.89038758561809,4127.214021125917,174.48322464441975,4031.9823677236704,54.0,0.08206859886326451,-0.7595597169698559,0.08209464319855528,-0.7580750017812022,0.017397015572304504,0.2571335166592438
1105,53,196,275.4374088407163,3843.51011953928,159.43739905401296,3933.477616981658,54.0,0.08206859886326451,-1.0557900904091817,0.08209464319855528,-1.0515753511240722,0.017397015572304504,0.30456253222162366
1106,28,196,181.0656949265822,4007.0767963031503,159.43739905401296,3933.477616981658,54.0,0.08206859886326451,-0.6527808332828328,0.08209464319855528,-0.6524862792197742,0.017397015572304504,0.17019675217893857
1107,18,196,103.61880567589932,3674.0720311802,159.43739905401296,3933.477616981658,54.0,0.08206859886326451,-1.7504053717769121,0.08209464319855528,-1.73681420290957,0.017397015572304504,0.706291157460974
1108,25,196,264.330530090726,3842.899620060988,159.43739905401296,3933.477616981658,54.0,0.08206859886326451,-1.0555667970704936,0.08209464319855528,-1.052856041635178,0.017397015572304504,0.2948308528692956
1109,38,196,292.2609771757026,3909.816818957042,159.43739905401296,3933.477616981658,54.0,0.08206859886326451,-1.2969893109681991,0.08209464319855528,-1.2930728616910934,0.017397015572304504,0.2727491534869554
1110,28,197,181.0656949265822,4007.0767963031503,84.41627726602805,3949.6460271760247,54.0,0.08206859886326451,-1.0559374153675682,0.08209464319855528,-1.054197265171626,0.017397015572304504,0.2737962165232352
1111,25,197,264.330530090726,3842.899620060988,84.41627726602805,3949.6460271760247,54.0,0.08206859886326451,-1.8204539534999846,0.08209464319855528,-1.8183940484190502,0.017397015572304504,0.5026972727704979
1112,22,198,267.77623279276514,4140.811810679348,131.47690223101853,4022.1859800698,54.0,0.08206859886326451,-1.707762263115412,0.08209464319855528,-1.7091145791854578,0.017397015572304504,0.4326625655513881
1113,19,198,298.45947748194794,4119.807970449649,131.47690223101853,4022.1859800698,54.0,0.08206859886326451,-1.8282166785177878,0.08209464319855528,-1.8237389547484295,0.017397015572304504,0.44659179557233114
1114,21,198,103.34699834515416,4117.964937310308,131.47690223101853,4022.1859800698,54.0,0.08206859886326451,-0.5238025683537677,0.08209464319855528,-0.5163913063236802,0.017397015572304504,0.2078411669151389
1115,28,198,181.0656949265822,4007.0767963031503,131.47690223101853,4022.1859800698,54.0,0.08206859886326451,-0.5309226335236894,0.08209464319855528,-0.5298095704653687,0.017397015572304504,0.12159946535868459
1116,25,198,264.330530090726,3842.899620060988,131.47690223101853,4022.1859800698,54.0,0.08206859886326451,-1.7018749467060685,0.08209464319855528,-1.6983356434133867,0.017397015572304504,0.4719459548602343
1117,28,199,181.0656949265822,4007.0767963031503,187.053991585138,4017.227842472392,54.0,0.08206859886326451,-0.17787183913696217,0.08209464319855528,-0.17788936302946856,0.017397015572304504,0.028673443837010152
1118,25,199,267.9482254989196,3844.583776105834,187.053991585138,4017.227842472392,54.0,0.08206859886326451,-1.6708859707745167,0.08209464319855528,-1.6674378107719008,0.017397015572304504,0.38873469451102227
1119,21,199,122.72284619765782,4128.866114643895,187.053991585138,4017.227842472392,54.0,0.08206859886326451,-1.0929254344560866,0.08209464319855528,-1.0926935702957328,0.017397015572304504,0.3087689402735406
1120,38,200,292.2609771757026,3909.816818957042,159.89027933223167,4005.408777123752,54.0,0.08206859886326451,-1.3426277833150033,0.08209464319855528,-1.34098454725159,0.017397015572304504,0.3408404838342281
1121,19,200,298.45947748194794,4119.807970449649,159.89027933223167,4005.408777123752,54.0,0.08206859886326451,-1.6926505109411556,0.08209464319855528,-1.6893189112648934,0.017397015572304504,0.3965240583981806
1122,21,200,103.34699834515416,4117.964937310308,159.89027933223167,4005.408777123752,54.0,0.08206859886326451,-0.7366167752338004,0.08209464319855528,-0.7253126351308126,0.017397015572304504,0.2618208440644694
1123,22,200,267.77623279276514,4140.811810679348,159.89027933223167,4005.408777123752,54.0,0.08206859886326451,-1.7046063825757516,0.08209464319855528,-1.7033008479634564,0.017397015572304504,0.41455590952309695
1124,53,200,275.4374088407163,3843.51011953928,159.89027933223167,4005.408777123752,54.0,0.08206859886326451,-1.565749531070361,0.08209464319855528,-1.5630014767136569,0.017397015572304504,0.3987724537311935
1125,28,200,181.0656949265822,4007.0767963031503,159.89027933223167,4005.408777123752,54.0,0.08206859886326451,-0.2310981247962877,0.08209464319855528,-0.23098400257122004,0.017397015572304504,0.04803393377590437
1126,25,200,264.330530090726,3842.899620060988,159.89027933223167,4005.408777123752,54.0,0.08206859886326451,-1.49203044680161,0.08209464319855528,-1.4902661337756824,0.017397015572304504,0.39271410084876235
1127,21,201,103.34699834515416,4117.964937310308,170.7980045065533,4000.56721463194,54.0,0.08206859886326451,-0.8454055820452481,0.08209464319855528,-0.8354350268864996,0.017397015572304504,0.285184930462881
1128,28,201,181.0656949265822,4007.0767963031503,170.7980045065533,4000.56721463194,54.0,0.08206859886326451,-0.15683719401616486,0.08209464319855528,-0.15680592948965005,0.017397015572304504,0.02896155233074397
1129,25,201,264.330530090726,3842.899620060988,170.7980045065533,4000.56721463194,54.0,0.08206859886326451,-1.5115440637332558,0.08209464319855528,-1.5099587381909687,0.017397015572304504,0.3731312469955899
1130,28,202,181.0656949265822,4007.0767963031503,127.73251775700308,3986.4369142934142,54.0,0.08206859886326451,-0.4938940031647929,0.08209464319855528,-0.49135305949884456,0.017397015572304504,0.12906570157389685
1131,38,202,292.2609771757026,3909.816818957042,127.73251775700308,3986.4369142934142,54.0,0.08206859886326451,-1.5190046841543763,0.08209464319855528,-1.5180485918108517,0.017397015572304504,0.3874523089875353
1132,25,202,264.330530090726,3842.899620060988,127.73251775700308,3986.4369142934142,54.0,0.08206859886326451,-1.563660259302315,0.08209464319855528,-1.5591100040044694,0.017397015572304504,0.4317311566151458
1133,21,202,103.34699834515416,4117.964937310308,127.73251775700308,3986.4369142934142,54.0,0.08206859886326451,-0.853234914638287,0.08209464319855528,-0.84600292303972,0.017397015572304504,0.30276047693999336
1134,38,203,292.2609771757026,3909.816818957042,152.43970563423912,3979.6112015162767,54.0,0.08206859886326451,-1.2622674988808789,0.08209464319855528,-1.2634231772366513,0.017397015572304504,0.3243801374281522
1135,28,203,181.0656949265822,4007.0767963031503,152.43970563423912,3979.6112015162767,54.0,0.08206859886326451,-0.2615960938268186,0.08209464319855528,-0.26170923112887656,0.017397015572304504,0.08113015305553378
1136,25,203,264.330530090726,3842.899620060988,152.43970563423912,3979.6112015162767,54.0,0.08206859886326451,-1.316048223143962,0.08209464319855528,-1.3142967592198844,0.017397015572304504,0.36800551243609836
1137,21,203,103.34699834515416,4117.964937310308,152.43970563423912,3979.6112015162767,54.0,0.08206859886326451,-0.9370264099087676,0.08209464319855528,-0.925860079799835,0.017397015572304504,0.32037996522745477
1138,53,203,275.4374088407163,3843.51011953928,152.43970563423912,3979.6112015162767,54.0,0.08206859886326451,-1.300219784260003,0.08209464319855528,-1.2966034918108922,0.017397015572304504,0.37332998096126524
1139,25,204,264.330530090726,3842.899620060988,174.71523540000473,3992.374315235834,54.0,0.08206859886326451,-1.4600621932354827,0.08209464319855528,-1.4585216496123983,0.017397015572304504,0.35518925544129953
1140,21,204,103.34699834515416,4117.964937310308,174.71523540000473,3992.374315235834,54.0,0.08206859886326451,-0.8834161772072519,0.08209464319855528,-0.8733660816311504,0.017397015572304504,0.30270997816200573
1141,28,204,181.0656949265822,4007.0767963031503,174.71523540000473,3992.374315235834,54.0,0.08206859886326451,-0.20702727209075145,0.08209464319855528,-0.207192057522315,0.017397015572304504,0.03682398701247522
1142,53,205,275.4374088407163,3843.51011953928,161.36958893878008,3968.148276780728,54.0,0.08206859886326451,-1.2190037746610902,0.08209464319855528,-1.2150250058968404,0.017397015572304504,0.3431752595052703
1143,38,205,292.2609771757026,3909.816818957042,161.36958893878008,3968.148276780728,54.0,0.08206859886326451,-1.2129242760720076,0.08209464319855528,-1.21423217909344,0.017397015572304504,0.2970980560617943
1144,21,205,103.34699834515416,4117.964937310308,161.36958893878008,3968.148276780728,54.0,0.08206859886326451,-0.9576708113898744,0.08209464319855528,-0.9473487585926007,0.017397015572304504,0.3440367897248519
1145,28,205,181.0656949265822,4007.0767963031503,161.36958893878008,3968.148276780728,54.0,0.08206859886326451,-0.323324401078497,0.08209464319855528,-0.3238160603529878,0.017397015572304504,0.09184742081382433
1146,25,205,264.330530090726,3842.899620060988,161.36958893878008,3968.148276780728,54.0,0.08206859886326451,-1.233138360193946,0.08209464319855528,-1.2310506919861801,0.017397015572304504,0.3372527109266768
1147,25,206,264.330530090726,3842.899620060988,134.4228366966098,3954.478339318272,54.0,0.08206859886326451,-1.359165837734111,0.08209464319855528,-1.3558380588367884,0.017397015572304504,0.37347207101782626
1148,21,206,103.34699834515416,4117.964937310308,134.4228366966098,3954.478339318272,54.0,0.08206859886326451,-1.1487652944529294,0.08209464319855528,-1.140152905583005,0.017397015572304504,0.38438961271167615
1149,28,206,181.0656949265822,4007.0767963031503,134.4228366966098,3954.478339318272,54.0,0.08206859886326451,-0.5079497702744042,0.08209464319855528,-0.5082991075018348,0.017397015572304504,0.15638991981398162
1150,25,207,264.330530090726,3842.899620060988,147.43696333343436,3954.1411790196416,54.0,0.08206859886326451,-1.266112435569031,0.08209464319855528,-1.2620421796439958,0.017397015572304504,0.3451872399293877
1151,38,207,292.2609771757026,3909.816818957042,147.43696333343436,3954.1411790196416,54.0,0.08206859886326451,-1.3343535382266323,0.08209464319855528,-1.3321310917467724,0.017397015572304504,0.31429269823337463
1152,21,207,103.34699834515416,4117.964937310308,147.43696333343436,3954.1411790196416,54.0,0.08206859886326451,-1.1866852757240895,0.08209464319855528,-1.1758557998029844,0.017397015572304504,0.3847085656211966
1153,28,207,181.0656949265822,4007.0767963031503,147.43696333343436,3954.1411790196416,54.0,0.08206859886326451,-0.44051673016010534,0.08209464319855528,-0.44144233316096415,0.017397015572304504,0.1352565827718992
1154,28,208,181.0656949265822,4007.0767963031503,118.65300674518,3961.480515731901,54.0,0.08206859886326451,-0.6294595762399862,0.08209464319855528,-0.6276318536487435,0.017397015572304504,0.1771526338675088
1155,21,208,103.34699834515416,4117.964937310308,118.65300674518,3961.480515731901,54.0,0.08206859886326451,-1.1368032772473964,0.08209464319855528,-1.1320109757753118,0.017397015572304504,0.3690853561061484
1156,25,208,264.330530090726,3842.899620060988,118.65300674518,3961.480515731901,54.0,0.08206859886326451,-1.5265554744928769,0.08209464319855528,-1.5233853338732262,0.017397015572304504,0.41834004254182383
1157,28,209,181.0656949265822,4007.0767963031503,166.63803351620655,3950.276785677188,54.0,0.08206859886326451,-0.5097723148726414,0.08209464319855528,-0.5110970662039845,0.017397015572304504,0.1289431808732902
1158,25,209,264.330530090726,3842.899620060988,166.63803351620655,3950.276785677188,54.0,0.08206859886326451,-1.1289188882417314,0.08209464319855528,-1.1255594917963796,0.017397015572304504,0.3026780339825689
1159,25,210,264.330530090726,3842.899620060988,102.08049116011732,3939.728583899344,54.0,0.08206859886326451,-1.5873453815224166,0.08209464319855528,-1.585318878254276,0.017397015572304504,0.44465827252260837
1160,18,210,55.99463969610678,3684.4657106501672,102.08049116011732,3939.728583899344,54.0,0.08206859886326451,-1.8929946784926224,0.08209464319855528,-1.878833980041653,0.017397015572304504,0.7188494955839095
1161,38,210,292.2609771757026,3909.816818957042,102.08049116011732,3939.728583899344,54.0,0.08206859886326451,-1.8473118087422222,0.08209464319855528,-1.8434505675643402,0.017397015572304504,0.41461530814793573
1162,21,210,103.34699834515416,4117.964937310308,102.08049116011732,3939.728583899344,54.0,0.08206859886326451,-1.3648751910858061,0.08209464319855528,-1.3597050733140439,0.017397015572304504,0.4243727560284992
1163,18,211,71.73718472817627,3680.9796853375465,125.50396993450582,3926.5617673616193,54.0,0.08206859886326451,-1.7513581042012245,0.08209464319855528,-1.7409029976725476,0.017397015572304504,0.6955278540199034
1164,25,211,264.330530090726,3842.899620060988,125.50396993450582,3926.5617673616193,54.0,0.08206859886326451,-1.3129736462638923,0.08209464319855528,-1.3108109102209378,0.017397015572304504,0.37359162462688283
1165,53,211,275.4374088407163,3843.51011953928,125.50396993450582,3926.5617673616193,54.0,0.08206859886326451,-1.2897117025885405,0.08209464319855528,-1.2855890088573996,0.017397015572304504,0.384903123074561
1166,38,211,292.2609771757026,3909.816818957042,125.50396993450582,3926.5617673616193,54.0,0.08206859886326451,-1.4810589988829927,0.08209464319855528,-1.476791676472849,0.017397015572304504,0.34906356655924986
1167,28,211,181.0656949265822,4007.0767963031503,125.50396993450582,3926.5617673616193,54.0,0.08206859886326451,-0.7719366346113868,0.08209464319855528,-0.7737625301854852,0.017397015572304504,0.22094471418536238
1168,21,211,103.34699834515416,4117.964937310308,125.50396993450582,3926.5617673616193,54.0,0.08206859886326451,-1.505906240176755,0.08209464319855528,-1.5008725044194742,0.017397015572304504,0.4609637472712808
1169,18,212,82.48383007457451,3678.6227505761713,137.28112544023642,3930.5912278669,54.0,0.08206859886326451,-1.702002356198462,0.08209464319855528,-1.6861839365313989,0.017397015572304504,0.7017395050730363
1170,25,212,264.330530090726,3842.899620060988,137.28112544023642,3930.5912278669,54.0,0.08206859886326451,-1.2153559285102222,0.08209464319855528,-1.2124601164036017,0.017397015572304504,0.3444079401030654
1171,21,212,103.34699834515416,4117.964937310308,137.28112544023642,3930.5912278669,54.0,0.08206859886326451,-1.3748220264620803,0.08209464319855528,-1.3675119489829684,0.017397015572304504,0.4442254291393693
1172,38,212,292.2609771757026,3909.816818957042,137.28112544023642,3930.5912278669,54.0,0.08206859886326451,-1.4542985281253829,0.08209464319855528,-1.4502828975937965,0.017397015572304504,0.32223396827932066
1173,28,212,181.0656949265822,4007.0767963031503,137.28112544023642,3930.5912278669,54.0,0.08206859886326451,-0.679487501036572,0.08209464319855528,-0.6814490510419389,0.017397015572304504,0.19559299375608405
1174,28,213,181.0656949265822,4007.0767963031503,179.67090940770512,3929.463131396641,54.0,0.08206859886326451,-0.8411843528008195,0.08209464319855528,-0.8421676810989974,0.017397015572304504,0.16956003909259887
1175,53,213,275.4374088407163,3843.51011953928,179.67090940770512,3929.463131396641,54.0,0.08206859886326451,-0.8956535074058255,0.08209464319855528,-0.8924029627218906,0.017397015572304504,0.2594808517797578
1176,18,213,124.39807912713488,3669.6941824836736,179.67090940770512,3929.463131396641,54.0,0.08206859886326451,-1.8411882319862576,0.08209464319855528,-1.8293540969892357,0.017397015572304504,0.6906270563686934
1177,22,213,282.91308227706304,4129.966613278081,179.67090940770512,3929.463131396641,54.0,0.08206859886326451,-1.8315322960647529,0.08209464319855528,-1.830982033720781,0.017397015572304504,0.49204796808969686
1178,25,213,264.330530090726,3842.899620060988,179.67090940770512,3929.463131396641,54.0,0.08206859886326451,-0.9015282284917671,0.08209464319855528,-0.8999700011510587,0.017397015572304504,0.25006727722597255
1179,38,213,292.2609771757026,3909.816818957042,179.67090940770512,3929.463131396641,54.0,0.08206859886326451,-1.1043104167991,0.08209464319855528,-1.10194645530739,0.017397015572304504,0.2256324849105373
1180,21,213,103.34699834515416,4117.964937310308,179.67090940770512,3929.463131396641,54.0,0.08206859886326451,-1.2867478448834941,0.08209464319855528,-1.2759922357959468,0.017397015572304504,0.4374442132454669
1181,25,214,264.330530090726,3842.899620060988,88.2681727690951,3915.200775925912,54.0,0.08206859886326451,-1.7274870442770243,0.08209464319855528,-1.7280463466096385,0.017397015572304504,0.47755246217410496
1182,18,214,55.99463969610678,3684.4657106501672,88.2681727690951,3915.200775925912,54.0,0.08206859886326451,-1.6158040797328306,0.08209464319855528,-1.6023303226821748,0.017397015572304504,0.6412398603595392
1183,21,214,103.34699834515416,4117.964937310308,88.2681727690951,3915.200775925912,54.0,0.08206859886326451,-1.6611229062869346,0.08209464319855528,-1.6517259569191083,0.017397015572304504,0.5110925363767126
1184,44,215,470.9318574712719,4102.798680980681,341.5724936781372,4071.071754032602,54.0,0.08206859886326451,-1.218120930231863,0.08209464319855528,-1.2138608371775748,0.017397015572304504,0.23835586540397405
1185,27,215,413.6607163277177,4126.933692479007,341.5724936781372,4071.071754032602,54.0,0.08206859886326451,-0.9964522633278337,0.08209464319855528,-0.9913664501961578,0.017397015572304504,0.1921867049048833
1186,41,215,461.8106926932424,4070.996636995212,341.5724936781372,4071.071754032602,54.0,0.08206859886326451,-0.9113300984619467,0.08209464319855528,-0.9097659478119074,0.017397015572304504,0.22033790168138281
1187,39,215,491.6009153175041,3965.873607703836,341.5724936781372,4071.071754032602,54.0,0.08206859886326451,-1.2735728234117503,0.08209464319855528,-1.2667654761001996,0.017397015572304504,0.3792214226827148
1188,4,215,296.61979068975745,4128.179301772369,341.5724936781372,4071.071754032602,54.0,0.08206859886326451,-0.4699201328795544,0.08209464319855528,-0.46808480275185516,0.017397015572304504,0.14337293285402045
1189,61,215,463.203498736656,4062.892527800171,341.5724936781372,4071.071754032602,54.0,0.08206859886326451,-0.9284094287129883,0.08209464319855528,-0.9268324127172072,0.017397015572304504,0.22322882984862585
1190,31,215,286.22286085268047,4096.016113555928,341.5724936781372,4071.071754032602,54.0,0.08206859886326451,-0.3900147432337783,0.08209464319855528,-0.3858343368738698,0.017397015572304504,0.10963479091344946
1191,42,215,481.4936938530769,4095.225387665601,341.5724936781372,4071.071754032602,54.0,0.08206859886326451,-1.400506743095867,0.08209464319855528,-1.396223922592494,0.017397015572304504,0.24914113333562302
1192,47,215,497.40279712570856,4039.075701869608,341.5724936781372,4071.071754032602,54.0,0.08206859886326451,-1.24065647830647,0.08209464319855528,-1.2360842425474419,0.017397015572304504,0.29572807553032104
1193,60,215,462.2337953932308,4065.780960132662,341.5724936781372,4071.071754032602,54.0,0.08206859886326451,-0.9176764055327495,0.08209464319855528,-0.9161063517581746,0.017397015572304504,0.22149663372448636
1194,44,216,470.9318574712719,4102.798680980681,284.64002970112773,4055.1089548280224,54.0,0.08206859886326451,-1.7407295303258634,0.08209464319855528,-1.7294881288852886,0.017397015572304504,0.36184359642830194
1195,25,216,275.18212912654,3848.067080065535,284.64002970112773,4055.1089548280224,54.0,0.08206859886326451,-1.5385975036993078,0.08209464319855528,-1.5221703785702654,0.017397015572304504,0.40851021228995993
1196,41,216,461.8106926932424,4070.996636995212,284.64002970112773,4055.1089548280224,54.0,0.08206859886326451,-1.422836510009096,0.08209464319855528,-1.4139260637698017,0.017397015572304504,0.3416505105474565
1197,31,216,286.22286085268047,4096.016113555928,284.64002970112773,4055.1089548280224,54.0,0.08206859886326451,-0.6275720162658855,0.08209464319855528,-0.6273191860450715,0.017397015572304504,0.08136721050046353
1198,4,216,296.61979068975745,4128.179301772369,284.64002970112773,4055.1089548280224,54.0,0.08206859886326451,-0.9236020788413957,0.08209464319855528,-0.9214736000993089,0.017397015572304504,0.14333190609709698
1199,38,216,292.2609771757026,3909.816818957042,284.64002970112773,4055.1089548280224,54.0,0.08206859886326451,-1.1801639660042336,0.08209464319855528,-1.169679189009256,0.017397015572304504,0.3103047781371096
1200,31,217,286.22286085268047,4096.016113555928,298.71808334848726,4042.900299437067,54.0,0.08206859886326451,-0.8309169209857323,0.08209464319855528,-0.8297713767363937,0.017397015572304504,0.11138509718413962
1201,44,217,470.9318574712719,4102.798680980681,298.71808334848726,4042.900299437067,54.0,0.08206859886326451,-1.4719096810019727,0.08209464319855528,-1.4639693493270654,0.017397015572304504,0.33680341986151896
1202,25,217,275.18212912654,3848.067080065535,298.71808334848726,4042.900299437067,54.0,0.08206859886326451,-1.3616388248577977,0.08209464319855528,-1.3459682517885758,0.017397015572304504,0.3833720346024782
1203,38,217,292.2609771757026,3909.816818957042,298.71808334848726,4042.900299437067,54.0,0.08206859886326451,-0.9946169324877361,0.08209464319855528,-0.9849851458471817,0.017397015572304504,0.28282209699710864
1204,4,217,296.61979068975745,4128.179301772369,298.71808334848726,4042.900299437067,54.0,0.08206859886326451,-1.0945376597042888,0.08209464319855528,-1.0915770354557552,0.017397015572304504,0.16861836778717834
1205,42,217,481.4936938530769,4095.225387665601,298.71808334848726,4042.900299437067,54.0,0.08206859886326451,-1.5598401952567587,0.08209464319855528,-1.5518722165109249,0.017397015572304504,0.34778581031359296
1206,41,217,461.8106926932424,4070.996636995212,298.71808334848726,4042.900299437067,54.0,0.08206859886326451,-1.2183072830132449,0.08209464319855528,-1.2152412437725553,0.017397015572304504,0.3176741257739595
1207,44,218,470.9318574712719,4102.798680980681,295.49475046157585,4024.814807490681,54.0,0.08206859886326451,-1.5465147914298145,0.08209464319855528,-1.5456358566760577,0.017397015572304504,0.363932252763764
1208,41,218,461.8106926932424,4070.996636995212,295.49475046157585,4024.814807490681,54.0,0.08206859886326451,-1.185906609592417,0.08209464319855528,-1.183071008521765,0.017397015572304504,0.33904146056651235
1209,38,218,292.2609771757026,3909.816818957042,295.49475046157585,4024.814807490681,54.0,0.08206859886326451,-0.7570370317645035,0.08209464319855528,-0.7493935950862045,0.017397015572304504,0.2413274503896723
1210,31,218,286.22286085268047,4096.016113555928,295.49475046157585,4024.814807490681,54.0,0.08206859886326451,-1.0521132136199987,0.08209464319855528,-1.048980349836523,0.017397015572304504,0.15092732595194627
1211,25,218,275.18212912654,3848.067080065535,295.49475046157585,4024.814807490681,54.0,0.08206859886326451,-1.1223429135857195,0.08209464319855528,-1.1086771798311001,0.017397015572304504,0.3414301932519674
1212,25,219,275.18212912654,3848.067080065535,298.4942841222434,4011.6459546344126,54.0,0.08206859886326451,-0.9871291741110648,0.08209464319855528,-0.9739466427892447,0.017397015572304504,0.31077562898752686
1213,31,219,286.22286085268047,4096.016113555928,298.4942841222434,4011.6459546344126,54.0,0.08206859886326451,-1.1921361903737526,0.08209464319855528,-1.1884644666946917,0.017397015572304504,0.18301116811222073
1214,44,219,470.9318574712719,4102.798680980681,298.4942841222434,4011.6459546344126,54.0,0.08206859886326451,-1.4944912241941564,0.08209464319855528,-1.4919836397392074,0.017397015572304504,0.37804641453450527
1215,38,219,292.2609771757026,3909.816818957042,298.4942841222434,4011.6459546344126,54.0,0.08206859886326451,-0.6203108559743914,0.08209464319855528,-0.6131769170962509,0.017397015572304504,0.21023112184864468
1216,25,220,275.18212912654,3848.067080065535,313.25635416495834,3998.830416275237,54.0,0.08206859886326451,-1.1309541714897422,0.08209464319855528,-1.1231887309597999,0.017397015572304504,0.29331627168451124
1217,41,220,461.8106926932424,4070.996636995212,313.25635416495834,3998.830416275237,54.0,0.08206859886326451,-1.1573253425665964,0.08209464319855528,-1.1554402078411363,0.017397015572304504,0.32141281222227286
1218,31,220,286.22286085268047,4096.016113555928,313.25635416495834,3998.830416275237,54.0,0.08206859886326451,-1.2111646363185422,0.08209464319855528,-1.2106488159881001,0.017397015572304504,0.21452193374181738
1219,44,220,470.9318574712719,4102.798680980681,313.25635416495834,3998.830416275237,54.0,0.08206859886326451,-1.3285648648332817,0.08209464319855528,-1.327282452598524,0.017397015572304504,0.35408303639127214
1220,53,220,275.4374088407163,3843.51011953928,313.25635416495834,3998.830416275237,54.0,0.08206859886326451,-1.1583580739170931,0.08209464319855528,-1.1503306128752055,0.017397015572304504,0.30423033025628465
1221,38,220,292.2609771757026,3909.816818957042,313.25635416495834,3998.830416275237,54.0,0.08206859886326451,-0.7637021253787137,0.08209464319855528,-0.7626540704282588,0.017397015572304504,0.1912105169806701
1222,60,221,462.2337953932308,4065.780960132662,340.1371375561863,4063.06336212007,54.0,0.08206859886326451,-0.9213792755093394,0.08209464319855528,-0.9193235849297066,0.017397015572304504,0.22416113385635725
1223,22,221,282.91308227706304,4129.966613278081,340.1371375561863,4063.06336212007,54.0,0.08206859886326451,-0.48677785482064945,0.08209464319855528,-0.4797449050518517,0.017397015572304504,0.16219854136135092
1224,61,221,463.203498736656,4062.892527800171,340.1371375561863,4063.06336212007,54.0,0.08206859886326451,-0.930678452750337,0.08209464319855528,-0.9286182522512361,0.017397015572304504,0.2255491304102964
1225,19,221,309.4846467710166,4112.556925703692,340.1371375561863,4063.06336212007,54.0,0.08206859886326451,-0.30478941907171675,0.08209464319855528,-0.29946357469825924,0.017397015572304504,0.10946871750343998
1226,65,221,465.43944178630807,4063.6597216274654,340.1371375561863,4063.06336212007,54.0,0.08206859886326451,-0.9509836381303977,0.08209464319855528,-0.9489155046911426,0.017397015572304504,0.22847678001341643
1227,41,221,461.8106926932424,4070.996636995212,340.1371375561863,4063.06336212007,54.0,0.08206859886326451,-0.9176488834538007,0.08209464319855528,-0.9155944279197533,0.017397015572304504,0.2236352514192702
1228,31,221,286.22286085268047,4096.016113555928,340.1371375561863,4063.06336212007,54.0,0.08206859886326451,-0.37683656158673723,0.08209464319855528,-0.36976471983629833,0.017397015572304504,0.11459261635617879
1229,44,221,470.9318574712719,4102.798680980681,340.1371375561863,4063.06336212007,54.0,0.08206859886326451,-1.2171902845041773,0.08209464319855528,-1.2146012316606436,0.017397015572304504,0.24148725652662276
1230,53,222,275.4374088407163,3843.51011953928,278.252957276231,4041.337412517816,54.0,0.08206859886326451,-1.3575065122556587,0.08209464319855528,-1.3415485640991602,0.017397015572304504,0.3883587706204353
1231,44,222,470.9318574712719,4102.798680980681,278.252957276231,4041.337412517816,54.0,0.08206859886326451,-1.7502589459940328,0.08209464319855528,-1.738742756270355,0.017397015572304504,0.3826926851180442
1232,41,222,461.8106926932424,4070.996636995212,278.252957276231,4041.337412517816,54.0,0.08206859886326451,-1.476354867431315,0.08209464319855528,-1.468870817008569,0.017397015572304504,0.36264196039375735
1233,25,222,275.18212912654,3848.067080065535,278.252957276231,4041.337412517816,54.0,0.08206859886326451,-1.3315227963969214,0.08209464319855528,-1.3161351596049982,0.017397015572304504,0.37708917889971144
1234,38,222,292.2609771757026,3909.816818957042,278.252957276231,4041.337412517816,54.0,0.08206859886326451,-0.9784078208036688,0.08209464319855528,-0.9689066360611387,0.017397015572304504,0.2804867539436776
1235,31,222,286.22286085268047,4096.016113555928,278.252957276231,4041.337412517816,54.0,0.08206859886326451,-0.8381117977725914,0.08209464319855528,-0.836808880989901,0.017397015572304504,0.1132025155025607
1236,21,222,129.6510563411616,4132.672991581291,278.252957276231,4041.337412517816,54.0,0.08206859886326451,-1.6931383764099386,0.08209464319855528,-1.691943438483827,0.017397015572304504,0.41768575819844955
1237,22,222,282.91308227706304,4129.966613278081,278.252957276231,4041.337412517816,54.0,0.08206859886326451,-1.1071625202048407,0.08209464319855528,-1.104321548000804,0.017397015572304504,0.17292169467214547
1238,19,222,309.4846467710166,4112.556925703692,278.252957276231,4041.337412517816,54.0,0.08206859886326451,-0.9373732925616294,0.08209464319855528,-0.9357170138219103,0.017397015572304504,0.15187834993557428
1239,22,223,282.91308227706304,4129.966613278081,312.8233748838626,4054.8922790732095,54.0,0.08206859886326451,-0.6257478488668415,0.08209464319855528,-0.6223996564464278,0.017397015572304504,0.151054976980116
1240,19,223,309.4846467710166,4112.556925703692,312.8233748838626,4054.8922790732095,54.0,0.08206859886326451,-0.301317809227878,0.08209464319855528,-0.2994036766732589,0.017397015572304504,0.10672202735273366
1241,44,223,470.9318574712719,4102.798680980681,312.8233748838626,4054.8922790732095,54.0,0.08206859886326451,-1.3571054443530297,0.08209464319855528,-1.348402593579445,0.017397015572304504,0.299840633527888
1242,31,223,286.22286085268047,4096.016113555928,312.8233748838626,4054.8922790732095,54.0,0.08206859886326451,-0.48722260648650495,0.08209464319855528,-0.48582537174403334,0.017397015572304504,0.09547563075362858
1243,25,224,275.18212912654,3848.067080065535,295.92345652296734,4012.471765436985,54.0,0.08206859886326451,-0.9937221459249348,0.08209464319855528,-0.9805346516132728,0.017397015572304504,0.31210278554163984
1244,19,224,309.4846467710166,4112.556925703692,295.92345652296734,4012.471765436985,54.0,0.08206859886326451,-0.7638658572045313,0.08209464319855528,-0.7592958251906563,0.017397015572304504,0.2051336208959666
1245,22,224,282.91308227706304,4129.966613278081,295.92345652296734,4012.471765436985,54.0,0.08206859886326451,-1.459973438634539,0.08209464319855528,-1.4547968637827742,0.017397015572304504,0.24165707977385267
1246,44,225,470.9318574712719,4102.798680980681,313.2916641340094,4017.6982104419535,54.0,0.08206859886326451,-1.3408422341984252,0.08209464319855528,-1.3383925933696708,0.017397015572304504,0.34110669627768253
1247,38,225,292.2609771757026,3909.816818957042,313.2916641340094,4017.6982104419535,54.0,0.08206859886326451,-0.9258730097593787,0.08209464319855528,-0.9236995539217848,0.017397015572304504,0.23528298247351948
1248,31,225,286.22286085268047,4096.016113555928,313.2916641340094,4017.6982104419535,54.0,0.08206859886326451,-0.9635453139386513,0.08209464319855528,-0.9633059311618339,0.017397015572304504,0.17130982956405283
1249,41,225,461.8106926932424,4070.996636995212,313.2916641340094,4017.6982104419535,54.0,0.08206859886326451,-0.9855361948955582,0.08209464319855528,-0.9830917211757269,0.017397015572304504,0.3056546558486761
1250,25,225,275.18212912654,3848.067080065535,313.2916641340094,4017.6982104419535,54.0,0.08206859886326451,-1.242881538308747,0.08209464319855528,-1.2329181508614315,0.017397015572304504,0.33540861429652497
1251,22,225,282.91308227706304,4129.966613278081,313.2916641340094,4017.6982104419535,54.0,0.08206859886326451,-1.1147931452417252,0.08209464319855528,-1.1124365553412878,0.017397015572304504,0.230424337446474
1252,19,225,309.4846467710166,4112.556925703692,313.2916641340094,4017.6982104419535,54.0,0.08206859886326451,-0.6028286622533071,0.08209464319855528,-0.600999342838441,0.017397015572304504,0.1877279548280955
1253,53,226,275.4374088407163,3843.51011953928,312.224459853089,4001.93805851142,54.0,0.08206859886326451,-1.181511261903373,0.08209464319855528,-1.1726945147273375,0.017397015572304504,0.3117811064544543
1254,63,226,316.49031405012005,3929.154743051912,312.224459853089,4001.93805851142,54.0,0.08206859886326451,-0.6806778532379406,0.08209464319855528,-0.6828594798309054,0.017397015572304504,0.16050027853177615
1255,25,226,275.18212912654,3848.067080065535,312.224459853089,4001.93805851142,54.0,0.08206859886326451,-1.14768987971528,0.08209464319855528,-1.1391064338637154,0.017397015572304504,0.3004212095673507
1256,38,226,292.2609771757026,3909.816818957042,312.224459853089,4001.93805851142,54.0,0.08206859886326451,-0.7880701584790828,0.08209464319855528,-0.786516932579803,0.017397015572304504,0.19836052820000488
1257,44,226,470.9318574712719,4102.798680980681,312.224459853089,4001.93805851142,54.0,0.08206859886326451,-1.3239492321973847,0.08209464319855528,-1.322883862313731,0.017397015572304504,0.35388941846167066
1258,66,226,493.8518825171933,3956.000689079267,312.224459853089,4001.93805851142,54.0,0.08206859886326451,-2.0308333606051856,0.08209464319855528,-2.0269969243572623,0.017397015572304504,0.4442875269130737
1259,41,226,461.8106926932424,4070.996636995212,312.224459853089,4001.93805851142,54.0,0.08206859886326451,-1.1261256248777542,0.08209464319855528,-1.1245598135926322,0.017397015572304504,0.32059340317394536
1260,39,226,491.6009153175041,3965.873607703836,312.224459853089,4001.93805851142,54.0,0.08206859886326451,-1.9210623374349196,0.08209464319855528,-1.9165194121185067,0.017397015572304504,0.4318403555195479
1261,31,226,286.22286085268047,4096.016113555928,312.224459853089,4001.93805851142,54.0,0.08206859886326451,-1.1820392705978857,0.08209464319855528,-1.1815569621564168,0.017397015572304504,0.20690143684237905
1262,41,227,461.8106926932424,4070.996636995212,327.306343705716,4081.3155709764615,54.0,0.08206859886326451,-1.248977696456007,0.08209464319855528,-1.2462259785189418,0.017397015572304504,0.2562443622576179
1263,66,227,493.8518825171933,3956.000689079267,327.306343705716,4081.3155709764615,54.0,0.08206859886326451,-1.4665288889982335,0.08209464319855528,-1.4554580458639423,0.017397015572304504,0.4405802118917306
1264,64,227,251.14156651564912,4194.6094429104505,327.306343705716,4081.3155709764615,54.0,0.08206859886326451,-1.0606725682141687,0.08209464319855528,-1.0613107321747992,0.017397015572304504,0.30431095328027774
1265,27,227,413.6607163277177,4126.933692479007,327.306343705716,4081.3155709764615,54.0,0.08206859886326451,-1.0831399131479826,0.08209464319855528,-1.0804268539827997,0.017397015572304504,0.2073290724079729
1266,31,227,286.22286085268047,4096.016113555928,327.306343705716,4081.3155709764615,54.0,0.08206859886326451,-0.2993428418701251,0.08209464319855528,-0.2985215551713777,0.017397015572304504,0.07563448244889154
1267,44,227,470.9318574712719,4102.798680980681,327.306343705716,4081.3155709764615,54.0,0.08206859886326451,-1.3313006519274166,0.08209464319855528,-1.3290685835129532,0.017397015572304504,0.26878087101603626
1268,31,228,286.22286085268047,4096.016113555928,349.69763252524416,4039.951949456995,54.0,0.08206859886326451,-0.5400124829397006,0.08209464319855528,-0.5312198996363451,0.017397015572304504,0.16582144948050598
1269,65,228,465.43944178630807,4063.6597216274654,349.69763252524416,4039.951949456995,54.0,0.08206859886326451,-0.7565006401198398,0.08209464319855528,-0.7554597126957794,0.017397015572304504,0.21575204697007047
1270,44,228,470.9318574712719,4102.798680980681,349.69763252524416,4039.951949456995,54.0,0.08206859886326451,-1.100112165638854,0.08209464319855528,-1.100032690209952,0.017397015572304504,0.24505145833606723
1271,61,228,463.203498736656,4062.892527800171,349.69763252524416,4039.951949456995,54.0,0.08206859886326451,-0.7315773710646367,0.08209464319855528,-0.7305336764534761,0.017397015572304504,0.21255515824342713
1272,60,228,462.2337953932308,4065.780960132662,349.69763252524416,4039.951949456995,54.0,0.08206859886326451,-0.7589730222530341,0.08209464319855528,-0.7580424210603325,0.017397015572304504,0.2132780063671506
1273,41,228,461.8106926932424,4070.996636995212,349.69763252524416,4039.951949456995,54.0,0.08206859886326451,-0.8041270352642834,0.08209464319855528,-0.8033348244288909,0.017397015572304504,0.21598150346324385
1274,55,229,631.0597053851714,4679.977771773372,610.9322177974102,4716.550120256336,54.0,0.08206859886326451,-0.41332644737872676,0.08209464319855528,-0.4148242601403149,0.017397015572304504,0.1327323518311145
1275,56,230,677.3923123197425,4458.591690875839,611.7833747678618,4689.5072732073895,54.0,0.08206859886326451,-1.9501149471910235,0.08209464319855528,-1.9399968708439974,0.017397015572304504,0.7543960532679068
1276,55,230,631.0597053851714,4679.977771773372,611.7833747678618,4689.5072732073895,54.0,0.08206859886326451,-0.23213441472203916,0.08209464319855528,-0.2319199296691925,0.017397015572304504,0.07512623231771086
1277,55,231,631.0597053851714,4679.977771773372,658.3837731695672,4666.320521897435,54.0,0.08206859886326451,-0.3325622235855594,0.08209464319855528,-0.3299188886094019,0.017397015572304504,0.10117078201370233
1278,17,232,777.957263569134,4705.278199933562,709.7868194729853,4851.286536622527,54.0,0.08206859886326451,-1.4058413808459225,0.08209464319855528,-1.395748498791232,0.017397015572304504,0.5033311258212523
1279,17,233,777.957263569134,4705.278199933562,820.1121867911606,4887.409658363325,54.0,0.08206859886326451,-1.3490334818512497,0.08209464319855528,-1.3471286365754227,0.017397015572304504,0.5606902111369038
1280,17,234,777.957263569134,4705.278199933562,835.7138504834124,4882.651568351076,54.0,0.08206859886326451,-1.3087505681559553,0.08209464319855528,-1.2969777387606156,0.017397015572304504,0.5595313704673671
1281,17,235,777.957263569134,4705.278199933562,820.8837607778523,4830.121101450797,54.0,0.08206859886326451,-0.9220362361368146,0.08209464319855528,-0.9166934656617115,0.017397015572304504,0.38910672251347245
1282,17,236,777.957263569134,4705.278199933562,845.9654275779601,4795.464012288639,54.0,0.08206859886326451,-0.8094745185528899,0.08209464319855528,-0.806909955893528,0.017397015572304504,0.34356779751373345
1283,17,237,777.957263569134,4705.278199933562,867.3492606095851,4792.378098334041,54.0,0.08206859886326451,-0.9093964600965263,0.08209464319855528,-0.9038390510715005,0.017397015572304504,0.3843500718375462
1284,17,238,777.957263569134,4705.278199933562,836.1977774156197,4777.614491614041,54.0,0.08206859886326451,-0.6700361682530132,0.08209464319855528,-0.6676838787882804,0.017397015572304504,0.28478812060569353
1285,17,239,777.957263569134,4705.278199933562,733.5001364322503,4748.586620355318,54.0,0.08206859886326451,-0.6330316112142744,0.08209464319855528,-0.6324734252479366,0.017397015572304504,0.1919753435683793
1286,17,240,777.957263569134,4705.278199933562,735.121237879597,4781.5539469831065,54.0,0.08206859886326451,-0.8661615535853087,0.08209464319855528,-0.8630961673638982,0.017397015572304504,0.2670957143631305
1287,17,241,777.957263569134,4705.278199933562,707.3848569786213,4791.034976103771,54.0,0.08206859886326451,-1.0963051020039787,0.08209464319855528,-1.093205664637608,0.017397015572304504,0.3391946149029563
1288,17,242,777.957263569134,4705.278199933562,712.9980031901063,4777.612970571223,54.0,0.08206859886326451,-0.9733279793184665,0.08209464319855528,-0.9705271261138481,0.017397015572304504,0.2957947167906467
1289,17,243,777.957263569134,4705.278199933562,699.7932708640618,4755.760924905943,54.0,0.08206859886326451,-0.9073885003510042,0.08209464319855528,-0.9037319636037402,0.017397015572304504,0.28980299229606693
1290,17,244,777.957263569134,4705.278199933562,686.8965221818985,4798.831092361476,54.0,0.08206859886326451,-1.2671862893755736,0.08209464319855528,-1.263228644197702,0.017397015572304504,0.4039043121444694
1291,17,245,777.957263569134,4705.278199933562,687.2411309135879,4707.631508201332,54.0,0.08206859886326451,-0.8422068775763879,0.08209464319855528,-0.8371735916324505,0.017397015572304504,0.27926242280327473
1292,17,246,777.957263569134,4705.278199933562,690.6183360672042,4684.164100497674,54.0,0.08206859886326451,-0.7234197373467022,0.08209464319855528,-0.7161738414257691,0.017397015572304504,0.262503664958622
1293,17,247,777.957263569134,4705.278199933562,606.2075985001995,4731.370763159866,54.0,0.08206859886326451,-1.5977249042135948,0.08209464319855528,-1.5908827168704975,0.017397015572304504,0.5395714633832235
1294,55,248,631.0597053851714,4679.977771773372,623.3428439903965,4697.432085439533,54.0,0.08206859886326451,-0.23075910609385444,0.08209464319855528,-0.22944113887237128,0.017397015572304504,0.0656346919483586
1295,17,249,777.957263569134,4705.278199933562,629.0391362438163,4679.029549685565,54.0,0.08206859886326451,-1.3595586334090273,0.08209464319855528,-1.350147783163437,0.017397015572304504,0.44986354956184516
1296,55,249,631.0597053851714,4679.977771773372,629.0391362438163,4679.029549685565,54.0,0.08206859886326451,-0.11568247231152948,0.08209464319855528,-0.11479941304519165,0.017397015572304504,0.031082793057441375
1297,17,250,777.957263569134,4705.278199933562,645.9807538115654,4669.918769358841,54.0,0.08206859886326451,-1.1615988160461392,0.08209464319855528,-1.1526787487028156,0.017397015572304504,0.40951305985732445
1298,55,250,631.0597053851714,4679.977771773372,645.9807538115654,4669.918769358841,54.0,0.08206859886326451,-0.21785194534828156,0.08209464319855528,-0.2163021821615263,0.017397015572304504,0.06378364711645933
1299,17,251,777.957263569134,4705.278199933562,677.9072626809317,4653.89718048063,54.0,0.08206859886326451,-0.9281682966914547,0.08209464319855528,-0.9226919664477904,0.017397015572304504,0.3452145859200059
1300,17,252,777.957263569134,4705.278199933562,685.7243502711287,4645.208724743927,54.0,0.08206859886326451,-0.9029535060676694,0.08209464319855528,-0.896424615664837,0.017397015572304504,0.33709336119796446
1301,17,253,777.957263569134,4705.278199933562,691.3660822278478,4666.660196363947,54.0,0.08206859886326451,-0.7634115125909103,0.08209464319855528,-0.7560493594876363,0.017397015572304504,0.2840099144426521
1302,17,254,777.957263569134,4705.278199933562,592.8377865365509,4734.876730565503,54.0,0.08206859886326451,-1.705269096837366,0.08209464319855528,-1.6979416156830411,0.017397015572304504,0.5838260556917872
1303,55,254,631.0597053851714,4679.977771773372,592.8377865365509,4734.876730565503,54.0,0.08206859886326451,-0.6191255962959982,0.08209464319855528,-0.6221733131188119,0.017397015572304504,0.21166459473319887
1304,17,255,777.957263569134,4705.278199933562,567.0059918406176,4747.16037686089,54.0,0.08206859886326451,-1.9044349631166915,0.08209464319855528,-1.8958683504354985,0.017397015572304504,0.6768589202700493
1305,32,256,334.71484028241383,4482.861045979598,500.20796147231687,4618.267020372979,54.0,0.08206859886326451,-1.4911474895973662,0.08209464319855528,-1.47911874138291,0.017397015572304504,0.6125167545884129
1306,23,256,492.6610906216525,4339.6404706179,500.20796147231687,4618.267020372979,54.0,0.08206859886326451,-2.8015261091255725,0.08209464319855528,-2.798164671826779,0.017397015572304504,0.6893033267727835
1307,56,256,677.3923123197425,4458.591690875839,500.20796147231687,4618.267020372979,54.0,0.08206859886326451,-1.6629163074299866,0.08209464319855528,-1.6420406654906772,0.017397015572304504,0.6988650499444472
1308,32,257,334.71484028241383,4482.861045979598,452.8407182199586,4614.347532250419,54.0,0.08206859886326451,-1.3854630961070564,0.08209464319855528,-1.3801074345647388,0.017397015572304504,0.5152822695485925
1309,32,258,334.71484028241383,4482.861045979598,437.13896889547215,4593.005802237853,54.0,0.08206859886326451,-1.1288970233877837,0.08209464319855528,-1.1258503702409786,0.017397015572304504,0.43038697261389947
1310,32,259,334.71484028241383,4482.861045979598,425.7675979026484,4587.306801321076,54.0,0.08206859886326451,-1.0654587042617751,0.08209464319855528,-1.0619767125141775,0.017397015572304504,0.39989609854849245
1311,32,260,334.71484028241383,4482.861045979598,447.73043194608914,4642.773796720821,54.0,0.08206859886326451,-1.6942347569850043,0.08209464319855528,-1.6874946985142096,0.017397015572304504,0.6005125846021007
1312,32,261,334.71484028241383,4482.861045979598,416.52807431204894,4611.258260235148,54.0,0.08206859886326451,-1.2942475141190295,0.08209464319855528,-1.2890973756015387,0.017397015572304504,0.4650474357367197
1313,15,262,-219.46475068668764,3910.916163982088,-239.5128446278165,3906.899903078088,54.0,0.08206859886326451,-0.23113885700146586,0.08209464319855528,-0.23179080831989063,0.017397015572304504,0.04966300330892399
1314,46,262,-260.0556528336838,3915.584287356416,-239.5128446278165,3906.899903078088,54.0,0.08206859886326451,-0.2736776299653688,0.08209464319855528,-0.27366133299263573,0.017397015572304504,0.04973744662998501
1315,14,262,-195.2527334913325,3927.819587782603,-239.5128446278165,3906.899903078088,54.0,0.08206859886326451,-0.37649092616260676,0.08209464319855528,-0.37656515909685584,0.017397015572304504,0.10027767693846401
1316,15,263,-219.46475068668764,3910.916163982088,-206.51370862307223,3888.753544352072,54.0,0.08206859886326451,-0.22181512614952315,0.08209464319855528,-0.22123545742861123,0.017397015572304504,0.06105874726882718
1317,46,263,-260.0556528336838,3915.584287356416,-206.51370862307223,3888.753544352072,54.0,0.08206859886326451,-0.5934880998636216,0.08209464319855528,-0.5941989709279241,0.017397015572304504,0.1250959716597227
1318,14,263,-191.8510249122208,3920.732064928668,-206.51370862307223,3888.753544352072,54.0,0.08206859886326451,-0.23094745612302958,0.08209464319855528,-0.2302519049444379,0.017397015572304504,0.07263607484029154
1319,15,264,-219.46475068668764,3910.916163982088,-247.0083933535225,3882.934832278036,54.0,0.08206859886326451,-0.36768623143716445,0.08209464319855528,-0.369564920052933,0.017397015572304504,0.08609864485480315
1320,46,264,-260.0556528336838,3915.584287356416,-247.0083933535225,3882.934832278036,54.0,0.08206859886326451,-0.376350114354143,0.08209464319855528,-0.37554380212288285,0.017397015572304504,0.07714851675029832
1321,14,264,-191.8510249122208,3920.732064928668,-247.0083933535225,3882.934832278036,54.0,0.08206859886326451,-0.5021683520671977,0.08209464319855528,-0.5028752152202349,0.017397015572304504,0.13623585288369533
1322,15,265,-219.46475068668764,3910.916163982088,-299.6987199382138,3877.517142896227,54.0,0.08206859886326451,-0.7962381530860447,0.08209464319855528,-0.7972361468975635,0.017397015572304504,0.18729749463763315
1323,14,265,-194.70002127832709,3926.657899285984,-299.6987199382138,3877.517142896227,54.0,0.08206859886326451,-0.9914909345325315,0.08209464319855528,-0.9918746859643368,0.017397015572304504,0.24417583017315445
1324,46,265,-260.0556528336838,3915.584287356416,-299.6987199382138,3877.517142896227,54.0,0.08206859886326451,-0.5916137985536518,0.08209464319855528,-0.5917652315938274,0.017397015572304504,0.12398184612070264
1325,46,266,-260.0556528336838,3915.584287356416,-207.05441320593363,3875.578724167899,54.0,0.08206859886326451,-0.6437045082731423,0.08209464319855528,-0.6447863323041381,0.017397015572304504,0.14021302556007142
1326,14,266,-191.8510249122208,3920.732064928668,-207.05441320593363,3875.578724167899,54.0,0.08206859886326451,-0.34012785783408145,0.08209464319855528,-0.33969465809584326,0.017397015572304504,0.09984363063756443
1327,15,267,-219.46475068668764,3910.916163982088,-288.28040614727314,3869.763411078973,54.0,0.08206859886326451,-0.7063700167482675,0.08209464319855528,-0.7061795067238029,0.017397015572304504,0.17584106077468228
1328,46,267,-260.0556528336838,3915.584287356416,-288.28040614727314,3869.763411078973,54.0,0.08206859886326451,-0.5536541185508614,0.08209464319855528,-0.5526373462370158,0.017397015572304504,0.12206529889156027
1329,14,267,-191.8510249122208,3920.732064928668,-288.28040614727314,3869.763411078973,54.0,0.08206859886326451,-0.8616159948134782,0.08209464319855528,-0.8605361718556265,0.017397015572304504,0.2311297531733256
1330,46,268,-260.0556528336838,3915.584287356416,-224.7874470069469,3868.704572457101,54.0,0.08206859886326451,-0.5778715981876655,0.08209464319855528,-0.5786467944896964,0.017397015572304504,0.12603308948928452
1331,14,268,-191.8510249122208,3920.732064928668,-224.7874470069469,3868.704572457101,54.0,0.08206859886326451,-0.4636106426751073,0.08209464319855528,-0.4621304005378209,0.017397015572304504,0.1308913697511775
1332,46,269,-260.0556528336838,3915.584287356416,-260.1284068828446,3860.327587174116,54.0,0.08206859886326451,-0.5094509383770622,0.08209464319855528,-0.5072185869864428,0.017397015572304504,0.12554253996487807
1333,15,269,-219.46475068668764,3910.916163982088,-260.1284068828446,3860.327587174116,54.0,0.08206859886326451,-0.5526704817052899,0.08209464319855528,-0.5543843039042233,0.017397015572304504,0.14608089676044606
1334,14,269,-191.8510249122208,3920.732064928668,-260.1284068828446,3860.327587174116,54.0,0.08206859886326451,-0.6845971858913625,0.08209464319855528,-0.6843046930933541,0.017397015572304504,0.19617395086894635
1335,46,270,-260.0556528336838,3915.584287356416,-301.76269843675186,3851.489323913676,54.0,0.08206859886326451,-0.7448933742062553,0.08209464319855528,-0.7427701178520866,0.017397015572304504,0.18046954103388435
1336,15,270,-219.46475068668764,3910.916163982088,-301.76269843675186,3851.489323913676,54.0,0.08206859886326451,-0.8697718214312351,0.08209464319855528,-0.8684076956598705,0.017397015572304504,0.23428027918451486
1337,14,270,-191.8510249122208,3920.732064928668,-301.76269843675186,3851.489323913676,54.0,0.08206859886326451,-1.0153233199061331,0.08209464319855528,-1.0134572704219473,0.017397015572304504,0.29072775550315766
1338,14,271,-191.8510249122208,3920.732064928668,-230.0244001131252,3856.086690947165,54.0,0.08206859886326451,-0.5678091000807522,0.08209464319855528,-0.5651463938331447,0.017397015572304504,0.16262649951694041
1339,46,272,-260.0556528336838,3915.584287356416,-212.9190342948821,3852.70955400908,54.0,0.08206859886326451,-0.7730238279543594,0.08209464319855528,-0.7722306545800602,0.017397015572304504,0.17428339102218354
1340,14,272,-191.8510249122208,3920.732064928668,-212.9190342948821,3852.70955400908,54.0,0.08206859886326451,-0.5788024348424534,0.08209464319855528,-0.5767608370094499,0.017397015572304504,0.1574626270321196
1341,3,272,-366.6419945922364,3850.319998086217,-212.9190342948821,3852.70955400908,54.0,0.08206859886326451,-1.1212368824748449,0.08209464319855528,-1.1112725748069332,0.017397015572304504,0.3842977775868581
1342,15,273,-219.46475068668764,3910.916163982088,-259.69914487938223,3840.648840093646,54.0,0.08206859886326451,-0.6399717628425194,0.08209464319855528,-0.6399976846538107,0.017397015572304504,0.18426891814153568
1343,14,273,-191.8510249122208,3920.732064928668,-259.69914487938223,3840.648840093646,54.0,0.08206859886326451,-0.7573257358579306,0.08209464319855528,-0.7545571076239586,0.017397015572304504,0.23112575220955675
1344,46,273,-260.0556528336838,3915.584287356416,-259.69914487938223,3840.648840093646,54.0,0.08206859886326451,-0.652992759132821,0.08209464319855528,-0.6507731092511708,0.017397015572304504,0.17569622846169788
1345,3,274,-366.6419945922364,3850.319998086217,-217.82064581615532,3836.435116427341,54.0,0.08206859886326451,-1.2318438356475705,0.08209464319855528,-1.2268344694659725,0.017397015572304504,0.39376787928937906
1346,46,274,-260.0556528336838,3915.584287356416,-217.82064581615532,3836.435116427341,54.0,0.08206859886326451,-0.8334986443203012,0.08209464319855528,-0.8327488463052805,0.017397015572304504,0.20374547425212086
1347,14,274,-191.8510249122208,3920.732064928668,-217.82064581615532,3836.435116427341,54.0,0.08206859886326451,-0.7630774037979545,0.08209464319855528,-0.7618230284469596,0.017397015572304504,0.20261435538518272
1348,46,275,-260.0556528336838,3915.584287356416,-228.4608267250068,3835.49661024065,54.0,0.08206859886326451,-0.7494411127538123,0.08209464319855528,-0.7463527505058205,0.017397015572304504,0.19579473410166148
1349,14,275,-191.8510249122208,3920.732064928668,-228.4608267250068,3835.49661024065,54.0,0.08206859886326451,-0.7687291013070124,0.08209464319855528,-0.7660318866026117,0.017397015572304504,0.21290079067739814
1350,14,276,-191.8510249122208,3920.732064928668,-220.7072172819317,3822.533501197976,54.0,0.08206859886326451,-0.9203202012868975,0.08209464319855528,-0.9198048153758169,0.017397015572304504,0.24120294917111493
1351,3,276,-366.6419945922364,3850.319998086217,-220.7072172819317,3822.533501197976,54.0,0.08206859886326451,-1.2424149277042902,0.08209464319855528,-1.2370408052057134,0.017397015572304504,0.39276114914572396
1352,46,276,-260.0556528336838,3915.584287356416,-220.7072172819317,3822.533501197976,54.0,0.08206859886326451,-0.9019159087572639,0.08209464319855528,-0.8992739347429765,0.017397015572304504,0.2356357877767044
1353,15,276,-219.46475068668764,3910.916163982088,-220.7072172819317,3822.533501197976,54.0,0.08206859886326451,-0.8394883704261449,0.08209464319855528,-0.8385558182161367,0.017397015572304504,0.2135426063552944
1354,14,277,-191.8510249122208,3920.732064928668,-220.52307878009043,3896.322588863719,54.0,0.08206859886326451,-0.24683077033377915,0.08209464319855528,-0.2458352939811132,0.017397015572304504,0.07555964767805667
1355,15,277,-219.46475068668764,3910.916163982088,-220.52307878009043,3896.322588863719,54.0,0.08206859886326451,-0.14769319672267467,0.08209464319855528,-0.1471533092213166,0.017397015572304504,0.04201656753925209
1356,46,277,-260.0556528336838,3915.584287356416,-220.52307878009043,3896.322588863719,54.0,0.08206859886326451,-0.4664552238235741,0.08209464319855528,-0.4672683137238167,0.017397015572304504,0.09142844682449697
1357,46,278,-260.0556528336838,3915.584287356416,-234.22537457612623,3832.547431286246,54.0,0.08206859886326451,-0.7480703707415477,0.08209464319855528,-0.7441283831016265,0.017397015572304504,0.19922987306145468
1358,14,278,-191.8510249122208,3920.732064928668,-234.22537457612623,3832.547431286246,54.0,0.08206859886326451,-0.7854863824355868,0.08209464319855528,-0.7818492135884851,0.017397015572304504,0.22501077963467847
1359,15,278,-219.46475068668764,3910.916163982088,-234.22537457612623,3832.547431286246,54.0,0.08206859886326451,-0.6145810290200618,0.08209464319855528,-0.6117020041357213,0.017397015572304504,0.18437432561553996
1360,14,279,-191.8510249122208,3920.732064928668,-239.64545070337945,3852.531569643749,54.0,0.08206859886326451,-0.5950965047296326,0.08209464319855528,-0.5918108905599921,0.017397015572304504,0.17879675301074877
1361,15,279,-219.46475068668764,3910.916163982088,-239.64545070337945,3852.531569643749,54.0,0.08206859886326451,-0.485769637297848,0.08209464319855528,-0.48474178905690146,0.017397015572304504,0.1363934147202837
1362,15,280,-219.46475068668764,3910.916163982088,-222.45927337673947,3847.821790182078,54.0,0.08206859886326451,-0.5672137040789594,0.08209464319855528,-0.5648382135210915,0.017397015572304504,0.1461580508091644
1363,46,280,-260.0556528336838,3915.584287356416,-222.45927337673947,3847.821790182078,54.0,0.08206859886326451,-0.7083936295245118,0.08209464319855528,-0.706850252029539,0.017397015572304504,0.1710491504116213
1364,14,280,-191.8510249122208,3920.732064928668,-222.45927337673947,3847.821790182078,54.0,0.08206859886326451,-0.6441386964412054,0.08209464319855528,-0.6414291760029737,0.017397015572304504,0.17642659132614025
1365,14,281,-191.8510249122208,3920.732064928668,-204.13750177921133,3830.7645324182754,54.0,0.08206859886326451,-0.836065122929747,0.08209464319855528,-0.8369709126042079,0.017397015572304504,0.21276723166622735
1366,46,281,-260.0556528336838,3915.584287356416,-204.13750177921133,3830.7645324182754,54.0,0.08206859886326451,-1.005458247539481,0.08209464319855528,-1.00578069407675,0.017397015572304504,0.2358218814984499
1367,46,282,-260.0556528336838,3915.584287356416,-196.31793179281823,3850.097955642777,54.0,0.08206859886326451,-0.9099929620659247,0.08209464319855528,-0.9088525589736365,0.017397015572304504,0.2048898935993025
1368,15,282,-219.46475068668764,3910.916163982088,-196.31793179281823,3850.097955642777,54.0,0.08206859886326451,-0.5759930225773785,0.08209464319855528,-0.5733223144296958,0.017397015572304504,0.15030822214660258
1369,14,282,-191.8510249122208,3920.732064928668,-196.31793179281823,3850.097955642777,54.0,0.08206859886326451,-0.6151328432761614,0.08209464319855528,-0.6147164801377214,0.017397015572304504,0.16008869357917174
1370,15,283,-219.46475068668764,3910.916163982088,-239.63954182075463,3893.468471754271,54.0,0.08206859886326451,-0.26739442429110916,0.08209464319855528,-0.2684296520296384,0.017397015572304504,0.06161931384815493
1371,46,283,-260.0556528336838,3915.584287356416,-239.63954182075463,3893.468471754271,54.0,0.08206859886326451,-0.3444865179639787,0.08209464319855528,-0.34465661626472105,0.017397015572304504,0.06571725018634748
1372,14,283,-191.8510249122208,3920.732064928668,-239.63954182075463,3893.468471754271,54.0,0.08206859886326451,-0.3986294477746454,0.08209464319855528,-0.39855510313601156,0.017397015572304504,0.1103391627157468
1373,15,284,-219.46475068668764,3910.916163982088,-270.3096398577547,3825.91280365092,54.0,0.08206859886326451,-0.7761144704078379,0.08209464319855528,-0.7766864402390594,0.017397015572304504,0.2311400989702525
1374,14,284,-191.8510249122208,3920.732064928668,-270.3096398577547,3825.91280365092,54.0,0.08206859886326451,-0.8894325217919853,0.08209464319855528,-0.8868093327232126,0.017397015572304504,0.27799471918362073
1375,46,284,-260.0556528336838,3915.584287356416,-270.3096398577547,3825.91280365092,54.0,0.08206859886326451,-0.7662539490469388,0.08209464319855528,-0.7643040932121601,0.017397015572304504,0.21506234517984593
1376,14,285,-191.8510249122208,3920.732064928668,-313.64040487867874,3841.407442527648,54.0,0.08206859886326451,-1.1466759866941791,0.08209464319855528,-1.1445312419723987,0.017397015572304504,0.3321999899054743
1377,14,286,-191.8510249122208,3920.732064928668,-237.86889380994464,3869.5690282123273,54.0,0.08206859886326451,-0.5073067368309543,0.08209464319855528,-0.5065291660003867,0.017397015572304504,0.14377344018506466
1378,46,286,-260.0556528336838,3915.584287356416,-237.86889380994464,3869.5690282123273,54.0,0.08206859886326451,-0.5071052147798354,0.08209464319855528,-0.5069439239334074,0.017397015572304504,0.11057088977417098
1379,15,287,-219.46475068668764,3910.916163982088,-290.1032136269349,3879.02770495162,54.0,0.08206859886326451,-0.7034272975912413,0.08209464319855528,-0.7040811776819792,0.017397015572304504,0.16622437673798213
1380,46,287,-260.0556528336838,3915.584287356416,-290.1032136269349,3879.02770495162,54.0,0.08206859886326451,-0.5154236599416573,0.08209464319855528,-0.5151406473850897,0.017397015572304504,0.10606386491461824
1381,46,288,-260.0556528336838,3915.584287356416,-217.05716463296827,3881.450900568053,54.0,0.08206859886326451,-0.5509693272547287,0.08209464319855528,-0.5522025159843562,0.017397015572304504,0.11596306363945182
1382,46,289,-260.0556528336838,3915.584287356416,-287.08457697353265,3860.139446947377,54.0,0.08206859886326451,-0.603365885541473,0.08209464319855528,-0.6012208674955795,0.017397015572304504,0.14247118835747646
1383,46,290,-260.0556528336838,3915.584287356416,-284.4670125726876,3807.7889507976943,54.0,0.08206859886326451,-0.9464131997432648,0.08209464319855528,-0.941397017265918,0.017397015572304504,0.27582718295128017
1384,46,291,-260.0556528336838,3915.584287356416,-264.284648689563,3867.396538917314,54.0,0.08206859886326451,-0.4602100638090063,0.08209464319855528,-0.4580830145722317,0.017397015572304504,0.10813758042267899
1385,46,292,-260.0556528336838,3915.584287356416,-305.30829728411254,3860.661942635376,54.0,0.08206859886326451,-0.7131033342988553,0.08209464319855528,-0.711886185781365,0.017397015572304504,0.16541220750534938
1386,46,293,-260.0556528336838,3915.584287356416,-254.8098989424844,3843.565233451433,54.0,0.08206859886326451,-0.6332381660320436,0.08209464319855528,-0.6309560911203073,0.017397015572304504,0.16862144069352691
1387,14,294,-191.2861040228232,3920.912450661129,-93.57726189495948,3961.546197789921,54.0,0.08206859886326451,-0.8764186353908757,0.08209464319855528,-0.8812619276731372,0.017397015572304504,0.2930704446771013
1388,9,294,9.936533141897351,4088.226647492491,-93.57726189495948,3961.546197789921,54.0,0.08206859886326451,-1.6206019477495794,0.08209464319855528,-1.619389187181341,0.017397015572304504,0.5089368726031087
1389,9,295,9.936533141897351,4088.226647492491,-56.035500045016406,3941.502507723401,54.0,0.08206859886326451,-1.658072572504437,0.08209464319855528,-1.6509779465393284,0.017397015572304504,0.4742262003433268
1390,14,295,-191.2861040228232,3920.912450661129,-56.035500045016406,3941.502507723401,54.0,0.08206859886326451,-1.0654623087080823,0.08209464319855528,-1.0664850841074527,0.017397015572304504,0.3543149955986082
1391,14,296,-191.2861040228232,3920.912450661129,-83.42484145845008,3942.88148701633,54.0,0.08206859886326451,-0.8687369490032159,0.08209464319855528,-0.8681915946698251,0.017397015572304504,0.28228004716300725
1392,14,297,-191.2861040228232,3920.912450661129,-58.13533851273078,3928.158727312826,54.0,0.08206859886326451,-0.934073332022547,0.08209464319855528,-0.9336949980426634,0.017397015572304504,0.3324451874373738
1393,9,297,9.936533141897351,4088.226647492491,-58.13533851273078,3928.158727312826,54.0,0.08206859886326451,-1.7700416155854257,0.08209464319855528,-1.762529484710669,0.017397015572304504,0.5082443739419066
1394,14,298,-191.2861040228232,3920.912450661129,-76.10278929015365,3928.390718488814,54.0,0.08206859886326451,-0.8219841660330596,0.08209464319855528,-0.8197561418010595,0.017397015572304504,0.283683284386007
1395,14,299,-191.2861040228232,3920.912450661129,-88.19284338416543,3910.3239477963098,54.0,0.08206859886326451,-0.6535200934536681,0.08209464319855528,-0.6515300348935095,0.017397015572304504,0.24638982666495424
1396,14,300,-191.2861040228232,3920.912450661129,-66.20733732343768,3907.189374107909,54.0,0.08206859886326451,-0.7787427726478654,0.08209464319855528,-0.7749648380164178,0.017397015572304504,0.305108226907651
1397,14,301,-191.2861040228232,3920.912450661129,-31.22363826822373,3895.155107689023,54.0,0.08206859886326451,-1.0699955714273293,0.08209464319855528,-1.063064235875441,0.017397015572304504,0.4071208305900383
1398,14,302,-191.2861040228232,3920.912450661129,-109.8933281317338,3891.788283909125,54.0,0.08206859886326451,-0.5669237867653579,0.08209464319855528,-0.566959464198692,0.017397015572304504,0.20335857303769725
1399,14,303,-191.2861040228232,3920.912450661129,-88.84745792148391,3891.638924250811,54.0,0.08206859886326451,-0.6801896848776072,0.08209464319855528,-0.6798998266544575,0.017397015572304504,0.25299125064093736
1400,14,304,-191.2861040228232,3920.912450661129,-69.56334702608117,3889.639795815675,54.0,0.08206859886326451,-0.804026893205939,0.08209464319855528,-0.8021291034816144,0.017397015572304504,0.30356664186291815
1401,14,305,-191.2861040228232,3920.912450661129,-47.84804575173801,3889.788154786775,54.0,0.08206859886326451,-0.9694873927203723,0.08209464319855528,-0.9650719482295221,0.017397015572304504,0.36319210671618857
1402,14,306,-191.2861040228232,3920.912450661129,-23.36300577374711,3882.6832047228254,54.0,0.08206859886326451,-1.1970443810893279,0.08209464319855528,-1.190365035394785,0.017397015572304504,0.4357486202890752
1403,50,307,-32.87294301735424,3776.17863145535,-65.13866586007784,3871.8509974488175,54.0,0.08206859886326451,-0.9564044193384941,0.08209464319855528,-0.9566288666320482,0.017397015572304504,0.2711551612201779
1404,14,307,-191.2861040228232,3920.912450661129,-65.13866586007784,3871.8509974488175,54.0,0.08206859886326451,-0.8793678141421508,0.08209464319855528,-0.8784517197430901,0.017397015572304504,0.33031173236772543
1405,14,308,-191.2861040228232,3920.912450661129,-50.13229410178342,3867.0999269122817,54.0,0.08206859886326451,-1.0002163762768852,0.08209464319855528,-0.9996098719585769,0.017397015572304504,0.3733053769061219
1406,14,309,-191.2861040228232,3920.912450661129,-35.39723016141716,3854.209722232396,54.0,0.08206859886326451,-1.2060202035585281,0.08209464319855528,-1.204325350510437,0.017397015572304504,0.42812378598559336
1407,14,310,-191.2861040228232,3920.912450661129,-61.32288072890474,3816.801141060652,54.0,0.08206859886326451,-1.2472058398607202,0.08209464319855528,-1.2411721460967688,0.017397015572304504,0.4340856744914335
1408,50,310,-32.87294301735424,3776.17863145535,-61.32288072890474,3816.801141060652,54.0,0.08206859886326451,-0.566870668324675,0.08209464319855528,-0.5660905567158013,0.017397015572304504,0.13165121944430686
1409,14,311,-191.2861040228232,3920.912450661129,-70.85258713100723,3825.679041233032,54.0,0.08206859886326451,-1.0909056550460705,0.08209464319855528,-1.0856849914864788,0.017397015572304504,0.3950229459895638
1410,50,311,-32.87294301735424,3776.17863145535,-70.85258713100723,3825.679041233032,54.0,0.08206859886326451,-0.704145644046295,0.08209464319855528,-0.7025732233586972,0.017397015572304504,0.1689087656927495
1411,50,312,-32.87294301735424,3776.17863145535,-77.81854309749487,3807.703348510464,54.0,0.08206859886326451,-0.4934595101659656,0.08209464319855528,-0.4897442767161567,0.017397015572304504,0.13862618801649584
1412,14,312,-191.2861040228232,3920.912450661129,-77.81854309749487,3807.703348510464,54.0,0.08206859886326451,-1.1798306997094554,0.08209464319855528,-1.174807981601088,0.017397015572304504,0.41637802765154186
1413,18,313,55.99463969610678,3684.4657106501672,-71.53169503986241,3812.202036985935,54.0,0.08206859886326451,-1.8862610950291185,0.08209464319855528,-1.8871277732119676,0.017397015572304504,0.4820565233329751
1414,14,313,-191.2861040228232,3920.912450661129,-71.53169503986241,3812.202036985935,54.0,0.08206859886326451,-1.1947201167226287,0.08209464319855528,-1.1889618411221308,0.017397015572304504,0.42069032997282135
1415,14,314,-191.2861040228232,3920.912450661129,-100.08529526117316,3900.3226209859754,54.0,0.08206859886326451,-0.6045646001634235,0.08209464319855528,-0.6035317938651723,0.017397015572304504,0.21984486624817623
1416,14,315,-191.2861040228232,3920.912450661129,-89.8146653730421,3916.635476753353,54.0,0.08206859886326451,-0.6424483036896366,0.08209464319855528,-0.6406001164912059,0.017397015572304504,0.24113283338773925
1417,18,316,55.99463969610678,3684.4657106501672,-21.70518692471069,3895.884300151082,54.0,0.08206859886326451,-2.1575398361206344,0.08209464319855528,-2.155611597962685,0.017397015572304504,0.6187007101243037
1418,14,316,-191.2861040228232,3920.912450661129,-21.70518692471069,3895.884300151082,54.0,0.08206859886326451,-1.1463354558019794,0.08209464319855528,-1.1385954473415747,0.017397015572304504,0.4334852715598673
1419,15,317,-219.46475068668764,3910.916163982088,-110.01626871790168,3882.272424637356,54.0,0.08206859886326451,-0.8002494953567337,0.08209464319855528,-0.7998282002569582,0.017397015572304504,0.2626542256209492
1420,14,317,-191.2861040228232,3920.912450661129,-110.01626871790168,3882.272424637356,54.0,0.08206859886326451,-0.6014292617738987,0.08209464319855528,-0.6007412102770401,0.017397015572304504,0.21424615285130533
1421,18,318,55.99463969610678,3684.4657106501672,-96.97654250745872,3869.5775486716034,54.0,0.08206859886326451,-2.3757473275307204,0.08209464319855528,-2.3774718042762752,0.017397015572304504,0.646805430203397
1422,14,318,-191.2861040228232,3920.912450661129,-96.97654250745872,3869.5775486716034,54.0,0.08206859886326451,-0.7214568403001081,0.08209464319855528,-0.7204292956168332,0.017397015572304504,0.2615818171654824
1423,14,319,-191.2861040228232,3920.912450661129,-77.79031957572187,3894.979280828351,54.0,0.08206859886326451,-0.7390761328125866,0.08209464319855528,-0.7370197969696467,0.017397015572304504,0.27867754491904173
1424,18,320,55.99463969610678,3684.4657106501672,-55.97942679583037,3901.289986408653,54.0,0.08206859886326451,-2.186420400549622,0.08209464319855528,-2.183588604001901,0.017397015572304504,0.6641924761075509
1425,14,321,-191.2861040228232,3920.912450661129,-40.74382534446032,3878.871264722534,54.0,0.08206859886326451,-1.0498809845820882,0.08209464319855528,-1.046009924258013,0.017397015572304504,0.3894676870969619
1426,18,321,55.99463969610678,3684.4657106501672,-40.74382534446032,3878.871264722534,54.0,0.08206859886326451,-1.961003366291453,0.08209464319855528,-1.9605524820247464,0.017397015572304504,0.5891332943708573
1427,14,322,-191.2861040228232,3920.912450661129,-66.69372584046727,3870.2071380379048,54.0,0.08206859886326451,-0.8777602457279464,0.08209464319855528,-0.8769596320761501,0.017397015572304504,0.3292801521428536
1428,18,322,55.99463969610678,3684.4657106501672,-66.69372584046727,3870.2071380379048,54.0,0.08206859886326451,-2.0569809022363295,0.08209464319855528,-2.059243308863397,0.017397015572304504,0.5961305054177535
1429,50,322,-32.87294301735424,3776.17863145535,-66.69372584046727,3870.2071380379048,54.0,0.08206859886326451,-0.9469916777419838,0.08209464319855528,-0.9474715963090439,0.017397015572304504,0.26796159823708576
1430,9,323,9.936533141897351,4088.226647492491,-54.35065196736064,3922.548138121946,54.0,0.08206859886326451,-1.815205088613252,0.08209464319855528,-1.8048790821248588,0.017397015572304504,0.5159130701476258
1431,14,323,-191.2861040228232,3920.912450661129,-54.35065196736064,3922.548138121946,54.0,0.08206859886326451,-0.8511788100416483,0.08209464319855528,-0.8464884900151396,0.017397015572304504,0.3359087714628
1432,21,323,103.34699834515416,4117.964937310308,-54.35065196736064,3922.548138121946,54.0,0.08206859886326451,-2.250096459545466,0.08209464319855528,-2.2381208817954716,0.017397015572304504,0.6770596879838362
1433,14,324,-191.2861040228232,3920.912450661129,-90.20027446475764,3884.516943179324,54.0,0.08206859886326451,-0.6920617735058279,0.08209464319855528,-0.6919330115223576,0.017397015572304504,0.2562360326585745
1434,23,325,485.3312407692456,4298.036308618457,442.6118074904948,4070.2277085185783,54.0,0.08206859886326451,-1.2574629423864918,0.08209464319855528,-1.2544624648571916,0.017397015572304504,0.38679707302351085
1435,39,325,491.6009153175041,3965.873607703836,442.6118074904948,4070.2277085185783,54.0,0.08206859886326451,-0.8374057538715336,0.08209464319855528,-0.8339383670680697,0.017397015572304504,0.21109441348767163
1436,45,325,517.3116391169647,4113.7490927459785,442.6118074904948,4070.2277085185783,54.0,0.08206859886326451,-0.9198738352922642,0.08209464319855528,-0.917284083450303,0.017397015572304504,0.1389661474122303
1437,41,325,461.8106926932424,4070.996636995212,442.6118074904948,4070.2277085185783,54.0,0.08206859886326451,-0.16859174293060952,0.08209464319855528,-0.16840490833647004,0.017397015572304504,0.028980105088245084
1438,47,325,497.40279712570856,4039.075701869608,442.6118074904948,4070.2277085185783,54.0,0.08206859886326451,-0.6371488360265681,0.08209464319855528,-0.6345453673443507,0.017397015572304504,0.10410009051865121
1439,60,325,462.2337953932308,4065.780960132662,442.6118074904948,4070.2277085185783,54.0,0.08206859886326451,-0.18537622513999147,0.08209464319855528,-0.1851735755084506,0.017397015572304504,0.031764829290316404
1440,61,325,463.203498736656,4062.892527800171,442.6118074904948,4070.2277085185783,54.0,0.08206859886326451,-0.20154978353022662,0.08209464319855528,-0.2013358652463069,0.017397015572304504,0.034305014372062875
1441,27,325,413.6607163277177,4126.933692479007,442.6118074904948,4070.2277085185783,54.0,0.08206859886326451,-0.5784775764456914,0.08209464319855528,-0.5803877783342388,0.017397015572304504,0.1033332802222318
1442,44,325,470.9318574712719,4102.798680980681,442.6118074904948,4070.2277085185783,54.0,0.08206859886326451,-0.4117607857425666,0.08209464319855528,-0.41012905203082894,0.017397015572304504,0.057154969565731836
1443,45,326,517.3116391169647,4113.7490927459785,473.81212145827845,4062.309946420862,54.0,0.08206859886326451,-0.8318314816733092,0.08209464319855528,-0.8295454197358497,0.017397015572304504,0.1340141843163239
1444,35,326,583.2192292927565,4207.570440686977,473.81212145827845,4062.309946420862,54.0,0.08206859886326451,-1.7326539167407373,0.08209464319855528,-1.732075768935998,0.017397015572304504,0.38154674753272355
1445,52,326,577.7231586056545,4060.836546501464,473.81212145827845,4062.309946420862,54.0,0.08206859886326451,-1.1936677555937152,0.08209464319855528,-1.1951180668618708,0.017397015572304504,0.274417947777904
1446,36,326,587.79522063936,3965.30735379632,473.81212145827845,4062.309946420862,54.0,0.08206859886326451,-1.8048926799672977,0.08209464319855528,-1.7965133498488552,0.017397015572304504,0.39256488067199063
1447,41,326,461.8106926932424,4070.996636995212,473.81212145827845,4062.309946420862,54.0,0.08206859886326451,-0.1516063351562574,0.08209464319855528,-0.15153142677896553,0.017397015572304504,0.022703218566660986
1448,61,326,463.203498736656,4062.892527800171,473.81212145827845,4062.309946420862,54.0,0.08206859886326451,-0.13387196979761365,0.08209464319855528,-0.13380582393364254,0.017397015572304504,0.02004747748260054
1449,31,326,286.22286085268047,4096.016113555928,473.81212145827845,4062.309946420862,54.0,0.08206859886326451,-1.6368655735323756,0.08209464319855528,-1.6332605255517865,0.017397015572304504,0.34827457982494137
1450,27,326,413.6607163277177,4126.933692479007,473.81212145827845,4062.309946420862,54.0,0.08206859886326451,-0.801535811198572,0.08209464319855528,-0.800813517047947,0.017397015572304504,0.13514562128348487
1451,23,326,485.3312407692456,4298.036308618457,473.81212145827845,4062.309946420862,54.0,0.08206859886326451,-1.6616894835329385,0.08209464319855528,-1.6542124625420902,0.017397015572304504,0.4014998083204112
1452,60,326,462.2337953932308,4065.780960132662,473.81212145827845,4062.309946420862,54.0,0.08206859886326451,-0.1426253256161147,0.08209464319855528,-0.1425548547371002,0.017397015572304504,0.02135830232467826
1453,44,326,482.2902751987267,4093.226876078621,473.81212145827845,4062.309946420862,54.0,0.08206859886326451,-0.39864857904523676,0.08209464319855528,-0.3972281454839905,0.017397015572304504,0.05718692006175579
1454,47,326,497.40279712570856,4039.075701869608,473.81212145827845,4062.309946420862,54.0,0.08206859886326451,-0.42906968525747635,0.08209464319855528,-0.42622743641088934,0.017397015572304504,0.06802998933943391
1455,39,326,491.6009153175041,3965.873607703836,473.81212145827845,4062.309946420862,54.0,0.08206859886326451,-0.7646597231040634,0.08209464319855528,-0.7581213348869453,0.017397015572304504,0.18796769527615473
1456,48,326,542.8497150079456,3957.433060143872,473.81212145827845,4062.309946420862,54.0,0.08206859886326451,-1.5004703077436155,0.08209464319855528,-1.493648838530592,0.017397015572304504,0.29990381009975103
1457,43,326,630.0947010611478,4141.259609929846,473.81212145827845,4062.309946420862,54.0,0.08206859886326451,-1.7166088856089303,0.08209464319855528,-1.7129575893684994,0.017397015572304504,0.4397772879533304
1458,27,327,413.6607163277177,4126.933692479007,468.27210347413103,4049.616241434093,54.0,0.08206859886326451,-0.8365187244364664,0.08209464319855528,-0.8375525881715792,0.017397015572304504,0.14709430763218384
1459,39,327,491.6009153175041,3965.873607703836,468.27210347413103,4049.616241434093,54.0,0.08206859886326451,-0.5342650339432653,0.08209464319855528,-0.529350674063617,0.017397015572304504,0.16677958987801286
1460,43,327,630.0947010611478,4141.259609929846,468.27210347413103,4049.616241434093,54.0,0.08206859886326451,-1.8562390096269146,0.08209464319855528,-1.8509956137287236,0.017397015572304504,0.4689034553480761
1461,61,327,463.203498736656,4062.892527800171,468.27210347413103,4049.616241434093,54.0,0.08206859886326451,-0.1605504066549304,0.08209464319855528,-0.16045261668921132,0.017397015572304504,0.024366813690502025
1462,52,327,577.7231586056545,4060.836546501464,468.27210347413103,4049.616241434093,54.0,0.08206859886326451,-1.2432273319126754,0.08209464319855528,-1.2445166889767103,0.017397015572304504,0.2847466751557362
1463,47,327,497.40279712570856,4039.075701869608,468.27210347413103,4049.616241434093,54.0,0.08206859886326451,-0.33831620891237163,0.08209464319855528,-0.3356852685754458,0.017397015572304504,0.06077698004400898
1464,48,327,542.8497150079456,3957.433060143872,468.27210347413103,4049.616241434093,54.0,0.08206859886326451,-1.223948196111153,0.08209464319855528,-1.2173459243060043,0.017397015572304504,0.2805781548269623
1465,31,327,286.22286085268047,4096.016113555928,468.27210347413103,4049.616241434093,54.0,0.08206859886326451,-1.4906495126217305,0.08209464319855528,-1.488494157452804,0.017397015572304504,0.3466154474122922
1466,36,327,587.79522063936,3965.30735379632,468.27210347413103,4049.616241434093,54.0,0.08206859886326451,-1.7272149438183042,0.08209464319855528,-1.7192052573071055,0.017397015572304504,0.36500219896542174
1467,23,327,485.3312407692456,4298.036308618457,468.27210347413103,4049.616241434093,54.0,0.08206859886326451,-1.668151046071683,0.08209464319855528,-1.6609204107368079,0.017397015572304504,0.40173299828927833
1468,41,327,461.8106926932424,4070.996636995212,468.27210347413103,4049.616241434093,54.0,0.08206859886326451,-0.2199318359868164,0.08209464319855528,-0.21980750702436144,0.017397015572304504,0.03321005763677616
1469,60,327,462.2337953932308,4065.780960132662,468.27210347413103,4049.616241434093,54.0,0.08206859886326451,-0.18425990594140818,0.08209464319855528,-0.1841514835920826,0.017397015572304504,0.02789832960110675
1470,44,327,482.2902751987267,4093.226876078621,468.27210347413103,4049.616241434093,54.0,0.08206859886326451,-0.5152280405525514,0.08209464319855528,-0.5140144952765175,0.017397015572304504,0.07474533966541437
1471,45,327,517.3116391169647,4113.7490927459785,468.27210347413103,4049.616241434093,54.0,0.08206859886326451,-0.9686882026591609,0.08209464319855528,-0.9661052058904112,0.017397015572304504,0.1572554041160035
1472,39,328,491.6009153175041,3965.873607703836,447.21509965388833,4045.293583999011,54.0,0.08206859886326451,-0.6889336208111067,0.08209464319855528,-0.6862803733492953,0.017397015572304504,0.17651605284252153
1473,60,328,462.2337953932308,4065.780960132662,447.21509965388833,4045.293583999011,54.0,0.08206859886326451,-0.22995721699261434,0.08209464319855528,-0.22980551032403845,0.017397015572304504,0.03985845964863681
1474,27,328,413.6607163277177,4126.933692479007,447.21509965388833,4045.293583999011,54.0,0.08206859886326451,-0.7619350907693712,0.08209464319855528,-0.7640183128496083,0.017397015572304504,0.14095193370429113
1475,36,328,587.79522063936,3965.30735379632,447.21509965388833,4045.293583999011,54.0,0.08206859886326451,-1.6922490750021957,0.08209464319855528,-1.6844726575492948,0.017397015572304504,0.3849210964631694
1476,44,328,482.2902751987267,4093.226876078621,447.21509965388833,4045.293583999011,54.0,0.08206859886326451,-0.5991191268861835,0.08209464319855528,-0.5978839811175802,0.017397015572304504,0.08866751104788595
1477,23,328,485.3312407692456,4298.036308618457,447.21509965388833,4045.293583999011,54.0,0.08206859886326451,-1.5477893127050655,0.08209464319855528,-1.5430502412255107,0.017397015572304504,0.41244514519798287
1478,31,328,286.22286085268047,4096.016113555928,447.21509965388833,4045.293583999011,54.0,0.08206859886326451,-1.2626143586678025,0.08209464319855528,-1.2628656406890157,0.017397015572304504,0.3189241103106505
1479,45,328,517.3116391169647,4113.7490927459785,447.21509965388833,4045.293583999011,54.0,0.08206859886326451,-1.0576771790290056,0.08209464319855528,-1.0556208209168123,0.017397015572304504,0.16873336547874562
1480,41,328,461.8106926932424,4070.996636995212,447.21509965388833,4045.293583999011,54.0,0.08206859886326451,-0.2605018568511612,0.08209464319855528,-0.26037779325584076,0.017397015572304504,0.04424527484538834
1481,47,328,497.40279712570856,4039.075701869608,447.21509965388833,4045.293583999011,54.0,0.08206859886326451,-0.45588385069717835,0.08209464319855528,-0.45271361911539176,0.017397015572304504,0.09276205643426486
1482,61,328,463.203498736656,4062.892527800171,447.21509965388833,4045.293583999011,54.0,0.08206859886326451,-0.21642543015734633,0.08209464319855528,-0.21623473401932616,0.017397015572304504,0.03811353319191797
1483,43,328,630.0947010611478,4141.259609929846,447.21509965388833,4045.293583999011,54.0,0.08206859886326451,-1.9986818952200285,0.08209464319855528,-1.9941044023025558,0.017397015572304504,0.4909389727114582
1484,36,329,587.79522063936,3965.30735379632,431.58584790895287,4026.933212132683,54.0,0.08206859886326451,-1.6058436148619089,0.08209464319855528,-1.6015182463993984,0.017397015572304504,0.40364277898391876
1485,44,329,482.2902751987267,4093.226876078621,431.58584790895287,4026.933212132683,54.0,0.08206859886326451,-0.7070995859517933,0.08209464319855528,-0.7058462630171887,0.017397015572304504,0.12710800713727446
1486,39,329,491.6009153175041,3965.873607703836,431.58584790895287,4026.933212132683,54.0,0.08206859886326451,-0.6978947335962916,0.08209464319855528,-0.6972756197078113,0.017397015572304504,0.1748615986488949
1487,54,329,562.1256537151418,3993.041990758743,431.58584790895287,4026.933212132683,54.0,0.08206859886326451,-1.3967501073911903,0.08209464319855528,-1.3907480549853024,0.017397015572304504,0.31252341489394597
1488,23,329,485.3312407692456,4298.036308618457,431.58584790895287,4026.933212132683,54.0,0.08206859886326451,-1.5108886563765531,0.08209464319855528,-1.5071263633737826,0.017397015572304504,0.4593562033518146
1489,38,329,292.2609771757026,3909.816818957042,431.58584790895287,4026.933212132683,54.0,0.08206859886326451,-1.701001446065521,0.08209464319855528,-1.6919838508998037,0.017397015572304504,0.39167023779056775
1490,48,329,542.8497150079456,3957.433060143872,431.58584790895287,4026.933212132683,54.0,0.08206859886326451,-1.0754043683652994,0.08209464319855528,-1.0704712984887301,0.017397015572304504,0.29673189188787963
1491,27,329,413.6607163277177,4126.933692479007,431.58584790895287,4026.933212132683,54.0,0.08206859886326451,-0.8633601736514773,0.08209464319855528,-0.8654254526079129,0.017397015572304504,0.17421005562717584
1492,60,329,462.2337953932308,4065.780960132662,431.58584790895287,4026.933212132683,54.0,0.08206859886326451,-0.3317498861864902,0.08209464319855528,-0.331623294460984,0.017397015572304504,0.07761681470146282
1493,43,329,630.0947010611478,4141.259609929846,431.58584790895287,4026.933212132683,54.0,0.08206859886326451,-2.109483243439371,0.08209464319855528,-2.10306505751716,0.017397015572304504,0.5441783266010495
1494,45,329,517.3116391169647,4113.7490927459785,431.58584790895287,4026.933212132683,54.0,0.08206859886326451,-1.1663822819344465,0.08209464319855528,-1.1641151095808104,0.017397015572304504,0.20913432716683336
1495,61,329,463.203498736656,4062.892527800171,431.58584790895287,4026.933212132683,54.0,0.08206859886326451,-0.3187069000378191,0.08209464319855528,-0.3184802120718889,0.017397015572304504,0.07606387754017274
1496,41,329,461.8106926932424,4070.996636995212,431.58584790895287,4026.933212132683,54.0,0.08206859886326451,-0.36092165293142275,0.08209464319855528,-0.36072093583058296,0.017397015572304504,0.0824621958532603
1497,47,329,497.40279712570856,4039.075701869608,431.58584790895287,4026.933212132683,54.0,0.08206859886326451,-0.528371661915161,0.08209464319855528,-0.5251989701181454,0.017397015572304504,0.11858648055257225
1498,31,329,286.22286085268047,4096.016113555928,431.58584790895287,4026.933212132683,54.0,0.08206859886326451,-1.0346929163045353,0.08209464319855528,-1.0277745248275612,0.017397015572304504,0.30968043384521465
1499,54,330,562.1256537151418,3993.041990758743,408.9986108563161,3996.755525049388,54.0,0.08206859886326451,-1.5294612968959878,0.08209464319855528,-1.5265934359344966,0.017397015572304504,0.36253427995015464
1500,62,330,438.3970135664206,3912.290557700556,408.9986108563161,3996.755525049388,54.0,0.08206859886326451,-0.9566992819049412,0.08209464319855528,-0.9543257929683397,0.017397015572304504,0.24724199986989728
1501,31,330,286.22286085268047,4096.016113555928,408.9986108563161,3996.755525049388,54.0,0.08206859886326451,-1.025321929511963,0.08209464319855528,-1.0126109548816478,0.017397015572304504,0.3324506564666595
1502,39,330,491.6009153175041,3965.873607703836,408.9986108563161,3996.755525049388,54.0,0.08206859886326451,-0.839124296891778,0.08209464319855528,-0.8374586281005624,0.017397015572304504,0.2047216520058624
1503,65,330,465.43944178630807,4063.6597216274654,408.9986108563161,3996.755525049388,54.0,0.08206859886326451,-0.5435197763204822,0.08209464319855528,-0.5394685293493702,0.017397015572304504,0.1572304425911963
1504,27,330,413.6607163277177,4126.933692479007,408.9986108563161,3996.755525049388,54.0,0.08206859886326451,-1.0418608858446858,0.08209464319855528,-1.0395911991250004,0.017397015572304504,0.24859379278901933
1505,36,330,587.79522063936,3965.30735379632,408.9986108563161,3996.755525049388,54.0,0.08206859886326451,-1.5884880715071,0.08209464319855528,-1.5829432689151943,0.017397015572304504,0.4465849496816858
1506,61,330,463.203498736656,4062.892527800171,408.9986108563161,3996.755525049388,54.0,0.08206859886326451,-0.522952011518714,0.08209464319855528,-0.5188590191111264,0.017397015572304504,0.1541917308016
1507,38,330,292.2609771757026,3909.816818957042,408.9986108563161,3996.755525049388,54.0,0.08206859886326451,-1.5660639203940108,0.08209464319855528,-1.5619289603251725,0.017397015572304504,0.3256085727817726
1508,66,330,493.8518825171933,3956.000689079267,408.9986108563161,3996.755525049388,54.0,0.08206859886326451,-0.9042148583395131,0.08209464319855528,-0.9025197069363422,0.017397015572304504,0.22410575031567592
1509,60,330,462.2337953932308,4065.780960132662,408.9986108563161,3996.755525049388,54.0,0.08206859886326451,-0.5326151540251213,0.08209464319855528,-0.5284243562510385,0.017397015572304504,0.1553805355744242
1510,41,330,461.8106926932424,4070.996636995212,408.9986108563161,3996.755525049388,54.0,0.08206859886326451,-0.5573121038874607,0.08209464319855528,-0.552690797313418,0.017397015572304504,0.1600679747151086
1511,63,330,316.49031405012005,3929.154743051912,408.9986108563161,3996.755525049388,54.0,0.08206859886326451,-1.4034659070901143,0.08209464319855528,-1.3999704372299697,0.017397015572304504,0.2707691323565192
1512,44,330,482.2902751987267,4093.226876078621,408.9986108563161,3996.755525049388,54.0,0.08206859886326451,-0.9094018456576033,0.08209464319855528,-0.9040463949904076,0.017397015572304504,0.20522259682320998
1513,47,330,497.40279712570856,4039.075701869608,408.9986108563161,3996.755525049388,54.0,0.08206859886326451,-0.8251021734287689,0.08209464319855528,-0.8204336601242684,0.017397015572304504,0.19747851488626322
1514,27,331,413.6607163277177,4126.933692479007,422.862128182699,4025.3424938357566,54.0,0.08206859886326451,-0.9028936243431571,0.08209464319855528,-0.9054905473433252,0.017397015572304504,0.18880844679382994
1515,39,331,491.6009153175041,3965.873607703836,422.862128182699,4025.3424938357566,54.0,0.08206859886326451,-0.733136698153855,0.08209464319855528,-0.7326332539520254,0.017397015572304504,0.1872518558803244
1516,61,331,463.203498736656,4062.892527800171,422.862128182699,4025.3424938357566,54.0,0.08206859886326451,-0.35603979230770766,0.08209464319855528,-0.3559213307546188,0.017397015572304504,0.08814059943570665
1517,22,331,282.91308227706304,4129.966613278081,422.862128182699,4025.3424938357566,54.0,0.08206859886326451,-1.3256785846198837,0.08209464319855528,-1.3258647700879298,0.017397015572304504,0.3534595056848937
1518,60,331,462.2337953932308,4065.780960132662,422.862128182699,4025.3424938357566,54.0,0.08206859886326451,-0.36663694856499207,0.08209464319855528,-0.3664623551082481,0.017397015572304504,0.08978019405948683
1519,62,331,438.3970135664206,3912.290557700556,422.862128182699,4025.3424938357566,54.0,0.08206859886326451,-1.0363098434955824,0.08209464319855528,-1.0356655290070056,0.017397015572304504,0.2845218607500672
1520,66,331,493.8518825171933,3956.000689079267,422.862128182699,4025.3424938357566,54.0,0.08206859886326451,-0.8498676724523379,0.08209464319855528,-0.8497779806160228,0.017397015572304504,0.20946017991507837
1521,48,331,542.8497150079456,3957.433060143872,422.862128182699,4025.3424938357566,54.0,0.08206859886326451,-1.1119066912651694,0.08209464319855528,-1.1066066665164056,0.017397015572304504,0.31132453087303763
1522,36,331,587.79522063936,3965.30735379632,422.862128182699,4025.3424938357566,54.0,0.08206859886326451,-1.6216777630125072,0.08209464319855528,-1.6181718779611134,0.017397015572304504,0.4187332253646565
1523,65,331,465.43944178630807,4063.6597216274654,422.862128182699,4025.3424938357566,54.0,0.08206859886326451,-0.37474799673234416,0.08209464319855528,-0.37461866714530845,0.017397015572304504,0.09080564794230658
1524,38,331,292.2609771757026,3909.816818957042,422.862128182699,4025.3424938357566,54.0,0.08206859886326451,-1.6252812021446028,0.08209464319855528,-1.6168309785565216,0.017397015572304504,0.3775217544679743
1525,47,331,497.40279712570856,4039.075701869608,422.862128182699,4025.3424938357566,54.0,0.08206859886326451,-0.5723018347311191,0.08209464319855528,-0.5691444919905022,0.017397015572304504,0.1335702828065431
1526,41,331,461.8106926932424,4070.996636995212,422.862128182699,4025.3424938357566,54.0,0.08206859886326451,-0.3940400986282199,0.08209464319855528,-0.39378395629519947,0.017397015572304504,0.09417038326176431
1527,19,331,309.4846467710166,4112.556925703692,422.862128182699,4025.3424938357566,54.0,0.08206859886326451,-1.1075992970534965,0.08209464319855528,-1.1076126250711495,0.017397015572304504,0.29369482306558276
1528,63,331,316.49031405012005,3929.154743051912,422.862128182699,4025.3424938357566,54.0,0.08206859886326451,-1.4697993758451127,0.08209464319855528,-1.4615558348679651,0.017397015572304504,0.32439006656860303
1529,44,331,481.57977240354745,4093.89399297542,422.862128182699,4025.3424938357566,54.0,0.08206859886326451,-0.7388396200694348,0.08209464319855528,-0.7373564096276707,0.017397015572304504,0.13785895719414218
1530,31,331,286.22286085268047,4096.016113555928,422.862128182699,4025.3424938357566,54.0,0.08206859886326451,-0.9309278043708503,0.08209464319855528,-0.9224032264954833,0.017397015572304504,0.2958752238576371
1531,54,331,562.1256537151418,3993.041990758743,422.862128182699,4025.3424938357566,54.0,0.08206859886326451,-1.4563838610932616,0.08209464319855528,-1.451045595431156,0.017397015572304504,0.3305535469560875
1532,43,332,630.0947010611478,4141.259609929846,439.19746758037405,4076.996335961541,54.0,0.08206859886326451,-1.8645094921871774,0.08209464319855528,-1.8623987486800813,0.017397015572304504,0.4392711816487322
1533,47,332,497.40279712570856,4039.075701869608,439.19746758037405,4076.996335961541,54.0,0.08206859886326451,-0.6952509682840031,0.08209464319855528,-0.6926680872791231,0.017397015572304504,0.1142167941851735
1534,39,332,491.6009153175041,3965.873607703836,439.19746758037405,4076.996335961541,54.0,0.08206859886326451,-0.8875908045910896,0.08209464319855528,-0.8840917097397204,0.017397015572304504,0.22215452203573144
1535,27,332,413.6607163277177,4126.933692479007,439.19746758037405,4076.996335961541,54.0,0.08206859886326451,-0.5279488056096051,0.08209464319855528,-0.529898284963194,0.017397015572304504,0.09236756374663818
1536,41,332,461.8106926932424,4070.996636995212,439.19746758037405,4076.996335961541,54.0,0.08206859886326451,-0.19998696977470282,0.08209464319855528,-0.20004829815595632,0.017397015572304504,0.0346248914007285
1537,19,332,324.8153272931308,4135.979057138678,439.19746758037405,4076.996335961541,54.0,0.08206859886326451,-1.200949687129704,0.08209464319855528,-1.1984124280345934,0.017397015572304504,0.24615334685365864
1538,16,332,510.22088537403255,4246.5421852479,439.19746758037405,4076.996335961541,54.0,0.08206859886326451,-1.1773412226126672,0.08209464319855528,-1.1760368142115745,0.017397015572304504,0.30218688225570867
1539,60,332,462.2337953932308,4065.780960132662,439.19746758037405,4076.996335961541,54.0,0.08206859886326451,-0.22376420658098906,0.08209464319855528,-0.22367233442141587,0.017397015572304504,0.039128049862090265
1540,45,332,517.3116391169647,4113.7490927459785,439.19746758037405,4076.996335961541,54.0,0.08206859886326451,-0.8685980116960228,0.08209464319855528,-0.8671018650164057,0.017397015572304504,0.1380818291927936
1541,23,332,485.3312407692456,4298.036308618457,439.19746758037405,4076.996335961541,54.0,0.08206859886326451,-1.2347196829484992,0.08209464319855528,-1.2313528086399355,0.017397015572304504,0.384959464809479
1542,22,332,301.6304881357929,4156.037775497009,439.19746758037405,4076.996335961541,54.0,0.08206859886326451,-1.3776994216742553,0.08209464319855528,-1.3756875887042044,0.017397015572304504,0.3069090354067088
1543,31,332,286.22286085268047,4096.016113555928,439.19746758037405,4076.996335961541,54.0,0.08206859886326451,-1.420724794672502,0.08209464319855528,-1.4179604887172559,0.017397015572304504,0.29455610567202506
1544,61,332,463.203498736656,4062.892527800171,439.19746758037405,4076.996335961541,54.0,0.08206859886326451,-0.2434234138337515,0.08209464319855528,-0.24328882049175846,0.017397015572304504,0.04238725083587571
1545,44,332,470.9318574712719,4102.798680980681,439.19746758037405,4076.996335961541,54.0,0.08206859886326451,-0.3731238481261654,0.08209464319855528,-0.3721002534381057,0.017397015572304504,0.05456296307742198
1546,66,332,493.8518825171933,3956.000689079267,439.19746758037405,4076.996335961541,54.0,0.08206859886326451,-0.9943561056737855,0.08209464319855528,-0.9911188210080961,0.017397015572304504,0.24525004137766598
1547,65,332,465.43944178630807,4063.6597216274654,439.19746758037405,4076.996335961541,54.0,0.08206859886326451,-0.25440911809156114,0.08209464319855528,-0.25429391487520286,0.017397015572304504,0.04362234518022268
1548,22,333,301.6304881357929,4156.037775497009,462.0840432753972,4072.271140968799,54.0,0.08206859886326451,-1.6073522164865492,0.08209464319855528,-1.6060805519512926,0.017397015572304504,0.3363051814072463
1549,43,333,630.0947010611478,4141.259609929846,462.0840432753972,4072.271140968799,54.0,0.08206859886326451,-1.707516905649044,0.08209464319855528,-1.7056094190885105,0.017397015572304504,0.43404242604475896
1550,23,333,485.3312407692456,4298.036308618457,462.0840432753972,4072.271140968799,54.0,0.08206859886326451,-1.3398318458876932,0.08209464319855528,-1.3340489023494946,0.017397015572304504,0.36808122933731374
1551,47,333,497.40279712570856,4039.075701869608,462.0840432753972,4072.271140968799,54.0,0.08206859886326451,-0.5631515541822165,0.08209464319855528,-0.5603805369922054,0.017397015572304504,0.08801865900463926
1552,66,333,493.8518825171933,3956.000689079267,462.0840432753972,4072.271140968799,54.0,0.08206859886326451,-0.8455833812755581,0.08209464319855528,-0.8406997496100549,0.017397015572304504,0.22296734621997666
1553,45,333,517.3116391169647,4113.7490927459785,462.0840432753972,4072.271140968799,54.0,0.08206859886326451,-0.8080588910295357,0.08209464319855528,-0.8057884051545019,0.017397015572304504,0.11866549807568089
1554,27,333,413.6607163277177,4126.933692479007,462.0840432753972,4072.271140968799,54.0,0.08206859886326451,-0.6512340874747802,0.08209464319855528,-0.6508994697546496,0.017397015572304504,0.11372004841860942
1555,16,333,510.22088537403255,4246.5421852479,462.0840432753972,4072.271140968799,54.0,0.08206859886326451,-1.4149517916309247,0.08209464319855528,-1.4092318574300138,0.017397015572304504,0.3003576821679625
1556,19,333,324.8153272931308,4135.979057138678,462.0840432753972,4072.271140968799,54.0,0.08206859886326451,-1.4028731136034758,0.08209464319855528,-1.4003084274898534,0.017397015572304504,0.2759165592722647
1557,39,333,491.6009153175041,3965.873607703836,462.0840432753972,4072.271140968799,54.0,0.08206859886326451,-0.7597583667741676,0.08209464319855528,-0.7547183300357354,0.017397015572304504,0.2004499196224911
1558,52,333,577.7231586056545,4060.836546501464,462.0840432753972,4072.271140968799,54.0,0.08206859886326451,-1.3109621997427885,0.08209464319855528,-1.3123595423369507,0.017397015572304504,0.29221673953857996
1559,60,333,462.2337953932308,4065.780960132662,462.0840432753972,4072.271140968799,54.0,0.08206859886326451,-0.10359667617593223,0.08209464319855528,-0.1035454892720527,0.017397015572304504,0.015513718338865305
1560,65,333,465.43944178630807,4063.6597216274654,462.0840432753972,4072.271140968799,54.0,0.08206859886326451,-0.10863178970419779,0.08209464319855528,-0.10857811496111619,0.017397015572304504,0.016267732231637952
1561,41,333,461.8106926932424,4070.996636995212,462.0840432753972,4072.271140968799,54.0,0.08206859886326451,-0.0534087103657285,0.08209464319855528,-0.05338232123217003,0.017397015572304504,0.00799801422247215
1562,61,333,463.203498736656,4062.892527800171,462.0840432753972,4072.271140968799,54.0,0.08206859886326451,-0.12543395927104342,0.08209464319855528,-0.1253719826106578,0.017397015572304504,0.018783875951338257
1563,44,333,480.9578626210374,4094.339103296416,462.0840432753972,4072.271140968799,54.0,0.08206859886326451,-0.3342616528021426,0.08209464319855528,-0.3329915556050117,0.017397015572304504,0.04176951115020953
1564,35,333,583.2192292927565,4207.570440686977,462.0840432753972,4072.271140968799,54.0,0.08206859886326451,-1.5739798522264077,0.08209464319855528,-1.5728971030604177,0.017397015572304504,0.36523642409289886
1565,23,334,485.3312407692456,4298.036308618457,459.6569034973903,4060.82300260624,54.0,0.08206859886326451,-1.4487023481968244,0.08209464319855528,-1.4429551990175131,0.017397015572304504,0.3851482224603739
1566,41,334,461.8106926932424,4070.996636995212,459.6569034973903,4060.82300260624,54.0,0.08206859886326451,-0.11265707402128966,0.08209464319855528,-0.11260141039353501,0.017397015572304504,0.016870523068509637
1567,27,334,413.6607163277177,4126.933692479007,459.6569034973903,4060.82300260624,54.0,0.08206859886326451,-0.7012130602816589,0.08209464319855528,-0.702404095111473,0.017397015572304504,0.12682429808676293
1568,45,334,517.3116391169647,4113.7490927459785,459.6569034973903,4060.82300260624,54.0,0.08206859886326451,-0.8937846579855309,0.08209464319855528,-0.8920176376075717,0.017397015572304504,0.13715678342651413
1569,39,334,491.6009153175041,3965.873607703836,459.6569034973903,4060.82300260624,54.0,0.08206859886326451,-0.6955024116925537,0.08209464319855528,-0.6912773733362568,0.017397015572304504,0.18664654585438956
1570,19,334,324.8153272931308,4135.979057138678,459.6569034973903,4060.82300260624,54.0,0.08206859886326451,-1.4110338036009284,0.08209464319855528,-1.408089963417196,0.017397015572304504,0.28512590317688224
1571,44,334,482.2902751987267,4093.226876078621,459.6569034973903,4060.82300260624,54.0,0.08206859886326451,-0.4344220705322698,0.08209464319855528,-0.43332875320365405,0.017397015572304504,0.05912646805910328
1572,65,334,465.43944178630807,4063.6597216274654,459.6569034973903,4060.82300260624,54.0,0.08206859886326451,-0.08797786003025064,0.08209464319855528,-0.08793439035119213,0.017397015572304504,0.01317478311994832
1573,60,334,462.2337953932308,4065.780960132662,459.6569034973903,4060.82300260624,54.0,0.08206859886326451,-0.09860313450149547,0.08209464319855528,-0.09855441489625082,0.017397015572304504,0.014765929877785359
1574,16,334,510.22088537403255,4246.5421852479,459.6569034973903,4060.82300260624,54.0,0.08206859886326451,-1.5311899159396072,0.08209464319855528,-1.5255895564739728,0.017397015572304504,0.3180538051052908
1575,61,334,463.203498736656,4062.892527800171,459.6569034973903,4060.82300260624,54.0,0.08206859886326451,-0.0951099660569893,0.08209464319855528,-0.09506297241906335,0.017397015572304504,0.014242823989076637
1576,66,334,493.8518825171933,3956.000689079267,459.6569034973903,4060.82300260624,54.0,0.08206859886326451,-0.7905828604052368,0.08209464319855528,-0.7866063783063528,0.017397015572304504,0.20933656680632323
1577,47,334,497.40279712570856,4039.075701869608,459.6569034973903,4060.82300260624,54.0,0.08206859886326451,-0.4833226290444664,0.08209464319855528,-0.48086331639210006,0.017397015572304504,0.07691100523146843
1578,19,335,316.4731036835704,4123.280697965635,437.47285354914527,4045.91348934747,54.0,0.08206859886326451,-1.1101331601576565,0.08209464319855528,-1.1061340299444327,0.017397015572304504,0.2821034882532726
1579,22,335,293.9352802547916,4145.232714506679,437.47285354914527,4045.91348934747,54.0,0.08206859886326451,-1.3478846412644487,0.08209464319855528,-1.3457957823901212,0.017397015572304504,0.3531505014941757
1580,23,335,485.3312407692456,4298.036308618457,437.47285354914527,4045.91348934747,54.0,0.08206859886326451,-1.4142088190575597,0.08209464319855528,-1.4107717270885956,0.017397015572304504,0.42474613193275546
1581,39,335,491.6009153175041,3965.873607703836,437.47285354914527,4045.91348934747,54.0,0.08206859886326451,-0.7321383234236114,0.08209464319855528,-0.7300458980964277,0.017397015572304504,0.18685244257969175
1582,27,335,413.6607163277177,4126.933692479007,437.47285354914527,4045.91348934747,54.0,0.08206859886326451,-0.7650362854970979,0.08209464319855528,-0.7669351631893723,0.017397015572304504,0.1387292507875693
1583,65,335,465.43944178630807,4063.6597216274654,437.47285354914527,4045.91348934747,54.0,0.08206859886326451,-0.2631274022959781,0.08209464319855528,-0.26290933097900154,0.017397015572304504,0.05021120812586651
1584,41,335,461.8106926932424,4070.996636995212,437.47285354914527,4045.91348934747,54.0,0.08206859886326451,-0.27328036870124556,0.08209464319855528,-0.27298576761289683,0.017397015572304504,0.05233556458226574
1585,61,335,463.203498736656,4062.892527800171,437.47285354914527,4045.91348934747,54.0,0.08206859886326451,-0.24589141208899362,0.08209464319855528,-0.24567425843027882,0.017397015572304504,0.04786161888481737
1586,31,335,286.22286085268047,4096.016113555928,437.47285354914527,4045.91348934747,54.0,0.08206859886326451,-1.2007083277850723,0.08209464319855528,-1.2013469481485917,0.017397015572304504,0.3043039748191965
1587,43,335,630.0947010611478,4141.259609929846,437.47285354914527,4045.91348934747,54.0,0.08206859886326451,-2.029533051377999,0.08209464319855528,-2.025897680318279,0.017397015572304504,0.4969758753243552
1588,47,335,497.40279712570856,4039.075701869608,437.47285354914527,4045.91348934747,54.0,0.08206859886326451,-0.49729766035706763,0.08209464319855528,-0.494150141908777,0.017397015572304504,0.10804858404549032
1589,45,335,517.3116391169647,4113.7490927459785,437.47285354914527,4045.91348934747,54.0,0.08206859886326451,-1.077434540136094,0.08209464319855528,-1.0752136832230321,0.017397015572304504,0.17277529938337774
1590,44,335,479.7147702266481,4095.4513296994464,437.47285354914527,4045.91348934747,54.0,0.08206859886326451,-0.6115848337847007,0.08209464319855528,-0.6098910205879882,0.017397015572304504,0.0939370382850222
1591,66,335,493.8518825171933,3956.000689079267,437.47285354914527,4045.91348934747,54.0,0.08206859886326451,-0.8502518414062691,0.08209464319855528,-0.8484727505228467,0.017397015572304504,0.20995882375109676
1592,60,335,462.2337953932308,4065.780960132662,437.47285354914527,4045.91348934747,54.0,0.08206859886326451,-0.25222812884620077,0.08209464319855528,-0.2519799416461717,0.017397015572304504,0.04886992512070388
1593,36,336,587.79522063936,3965.30735379632,446.14924890749785,4055.162025087259,54.0,0.08206859886326451,-1.8360966096871703,0.08209464319855528,-1.8278418800349652,0.017397015572304504,0.3947433574045588
1594,19,336,323.2602997559864,4133.680635959454,446.14924890749785,4055.162025087259,54.0,0.08206859886326451,-1.2913246948767807,0.08209464319855528,-1.2881538257790077,0.017397015572304504,0.2784732127988854
1595,45,336,517.3116391169647,4113.7490927459785,446.14924890749785,4055.162025087259,54.0,0.08206859886326451,-1.0088421041262778,0.08209464319855528,-1.0065954307172467,0.017397015572304504,0.15278130588459712
1596,39,336,491.6009153175041,3965.873607703836,446.14924890749785,4055.162025087259,54.0,0.08206859886326451,-0.7350761260951502,0.08209464319855528,-0.7320100237516223,0.017397015572304504,0.19000011532299113
1597,44,336,480.15858294610064,4095.0065417419455,446.14924890749785,4055.162025087259,54.0,0.08206859886326451,-0.5405546851402279,0.08209464319855528,-0.5390374694893391,0.017397015572304504,0.07484201697737966
1598,61,336,463.203498736656,4062.892527800171,446.14924890749785,4055.162025087259,54.0,0.08206859886326451,-0.18551078687687395,0.08209464319855528,-0.18535589307733785,0.017397015572304504,0.030060564885505573
1599,41,336,461.8106926932424,4070.996636995212,446.14924890749785,4055.162025087259,54.0,0.08206859886326451,-0.2032375935012322,0.08209464319855528,-0.203061219600297,0.017397015572304504,0.03317388961013635
1600,23,336,485.3312407692456,4298.036308618457,446.14924890749785,4055.162025087259,54.0,0.08206859886326451,-1.4392233254809872,0.08209464319855528,-1.434724981775971,0.017397015572304504,0.39961437630488467
1601,27,336,413.6607163277177,4126.933692479007,446.14924890749785,4055.162025087259,54.0,0.08206859886326451,-0.6960232119708696,0.08209464319855528,-0.6979921698269006,0.017397015572304504,0.1258269076416084
1602,43,336,630.0947010611478,4141.259609929846,446.14924890749785,4055.162025087259,54.0,0.08206859886326451,-1.94094464430416,0.08209464319855528,-1.937960411854802,0.017397015572304504,0.4739748212792337
1603,60,336,462.2337953932308,4065.780960132662,446.14924890749785,4055.162025087259,54.0,0.08206859886326451,-0.18758723656238832,0.08209464319855528,-0.18742643917495708,0.017397015572304504,0.030547396593232183
1604,31,336,286.22286085268047,4096.016113555928,446.14924890749785,4055.162025087259,54.0,0.08206859886326451,-1.2870670529527894,0.08209464319855528,-1.2851476221935119,0.017397015572304504,0.3132098205368143
1605,47,336,497.40279712570856,4039.075701869608,446.14924890749785,4055.162025087259,54.0,0.08206859886326451,-0.5188923972573544,0.08209464319855528,-0.5160377947911226,0.017397015572304504,0.0932778270222144
1606,16,336,510.22088537403255,4246.5421852479,446.14924890749785,4055.162025087259,54.0,0.08206859886326451,-1.5068238334482693,0.08209464319855528,-1.5018630838337135,0.017397015572304504,0.32636633863864944
1607,66,336,493.8518825171933,3956.000689079267,446.14924890749785,4055.162025087259,54.0,0.08206859886326451,-0.8478297985319979,0.08209464319855528,-0.844985578009897,0.017397015572304504,0.21334249612272957
1608,48,336,542.8497150079456,3957.433060143872,446.14924890749785,4055.162025087259,54.0,0.08206859886326451,-1.190082692384094,0.08209464319855528,-1.1830169812054854,0.017397015572304504,0.3077751575725965
1609,22,336,301.17269173322853,4155.382547068784,446.14924890749785,4055.162025087259,54.0,0.08206859886326451,-1.4759650807862885,0.08209464319855528,-1.4732920396687756,0.017397015572304504,0.33943298990755233
1610,41,337,461.8106926932424,4070.996636995212,438.2395063544679,3993.749322917003,54.0,0.08206859886326451,-0.5935901990673866,0.08209464319855528,-0.5936138851268856,0.017397015572304504,0.1440959609125549
1611,61,337,463.203498736656,4062.892527800171,438.2395063544679,3993.749322917003,54.0,0.08206859886326451,-0.5400402383090379,0.08209464319855528,-0.5398456638618832,0.017397015572304504,0.135613398137172
1612,65,337,465.43944178630807,4063.6597216274654,438.2395063544679,3993.749322917003,54.0,0.08206859886326451,-0.5592743421558535,0.08209464319855528,-0.5589451043408952,0.017397015572304504,0.13781551076242748
1613,39,337,491.6009153175041,3965.873607703836,438.2395063544679,3993.749322917003,54.0,0.08206859886326451,-0.588891151121997,0.08209464319855528,-0.5882769552114107,0.017397015572304504,0.13323811919241035
1614,36,337,587.79522063936,3965.30735379632,438.2395063544679,3993.749322917003,54.0,0.08206859886326451,-1.3423497094814631,0.08209464319855528,-1.3383203817499874,0.017397015572304504,0.37424563230481145
1615,19,337,309.4846467710166,4112.556925703692,438.2395063544679,3993.749322917003,54.0,0.08206859886326451,-1.16354628183778,0.08209464319855528,-1.1595456707977956,0.017397015572304504,0.3577960315076486
1616,44,337,482.2902751987267,4093.226876078621,438.2395063544679,3993.749322917003,54.0,0.08206859886326451,-0.9530155048175296,0.08209464319855528,-0.9515711687800354,0.017397015572304504,0.19192590966030082
1617,62,337,438.3970135664206,3912.290557700556,438.2395063544679,3993.749322917003,54.0,0.08206859886326451,-0.8577664664305508,0.08209464319855528,-0.8596730067457924,0.017397015572304504,0.21797340922187716
1618,63,337,316.49031405012005,3929.154743051912,438.2395063544679,3993.749322917003,54.0,0.08206859886326451,-1.5734043819902774,0.08209464319855528,-1.5690860322676872,0.017397015572304504,0.33705226085663637
1619,66,337,493.8518825171933,3956.000689079267,438.2395063544679,3993.749322917003,54.0,0.08206859886326451,-0.6651441316501924,0.08209464319855528,-0.6645248130637723,0.017397015572304504,0.15354093163301286
1620,27,337,413.6607163277177,4126.933692479007,438.2395063544679,3993.749322917003,54.0,0.08206859886326451,-1.0810934859637047,0.08209464319855528,-1.0839781172394427,0.017397015572304504,0.24259670378882348
1621,31,337,286.22286085268047,4096.016113555928,438.2395063544679,3993.749322917003,54.0,0.08206859886326451,-1.0580401710616651,0.08209464319855528,-1.0406231490854958,0.017397015572304504,0.3718045864254317
1622,22,337,282.91308227706304,4129.966613278081,438.2395063544679,3993.749322917003,54.0,0.08206859886326451,-1.3181727335508433,0.08209464319855528,-1.311170837603697,0.017397015572304504,0.41466496475981496
1623,47,337,497.40279712570856,4039.075701869608,438.2395063544679,3993.749322917003,54.0,0.08206859886326451,-0.7308878462865163,0.08209464319855528,-0.7274050768153362,0.017397015572304504,0.15349674874464658
1624,60,337,462.2337953932308,4065.780960132662,438.2395063544679,3993.749322917003,54.0,0.08206859886326451,-0.5566920897854231,0.08209464319855528,-0.5566027255597514,0.017397015572304504,0.13834344497719836
1625,48,337,542.8497150079456,3957.433060143872,438.2395063544679,3993.749322917003,54.0,0.08206859886326451,-0.9890188699013637,0.08209464319855528,-0.9819112527189167,0.017397015572304504,0.26490843195602876
1626,38,337,292.2609771757026,3909.816818957042,438.2395063544679,3993.749322917003,54.0,0.08206859886326451,-1.7183519251002282,0.08209464319855528,-1.7131270520986042,0.017397015572304504,0.39512966934475263
1627,27,338,413.6607163277177,4126.933692479007,465.8911725966613,4024.289872350432,54.0,0.08206859886326451,-0.9549259365497751,0.08209464319855528,-0.955337126687888,0.017397015572304504,0.18675091711858352
1628,39,338,491.6009153175041,3965.873607703836,465.8911725966613,4024.289872350432,54.0,0.08206859886326451,-0.45525834446974944,0.08209464319855528,-0.45308429292904384,0.017397015572304504,0.1278470123642197
1629,22,338,292.6522645112431,4143.487981217626,465.8911725966613,4024.289872350432,54.0,0.08206859886326451,-1.5429497697732035,0.08209464319855528,-1.5401799101452576,0.017397015572304504,0.4141241831427923
1630,48,338,542.8497150079456,3957.433060143872,465.8911725966613,4024.289872350432,54.0,0.08206859886326451,-0.9279195056841937,0.08209464319855528,-0.9223288017996393,0.017397015572304504,0.24774428109048474
1631,61,338,463.203498736656,4062.892527800171,465.8911725966613,4024.289872350432,54.0,0.08206859886326451,-0.3202882831638416,0.08209464319855528,-0.3191339217318576,0.017397015572304504,0.06551066247591597
1632,44,338,482.2902751987267,4093.226876078621,465.8911725966613,4024.289872350432,54.0,0.08206859886326451,-0.725417882824702,0.08209464319855528,-0.7225508270711248,0.017397015572304504,0.12380631365434876
1633,19,338,314.6351701083189,4120.434780517973,465.8911725966613,4024.289872350432,54.0,0.08206859886326451,-1.3002839664915464,0.08209464319855528,-1.2959379873292305,0.017397015572304504,0.344821878910492
1634,65,338,465.43944178630807,4063.6597216274654,465.8911725966613,4024.289872350432,54.0,0.08206859886326451,-0.3229179857589711,0.08209464319855528,-0.32177739843767916,0.017397015572304504,0.06563893417180305
1635,31,338,286.22286085268047,4096.016113555928,465.8911725966613,4024.289872350432,54.0,0.08206859886326451,-1.3750781029760213,0.08209464319855528,-1.3709623425564474,0.017397015572304504,0.36784075087485774
1636,41,338,461.8106926932424,4070.996636995212,465.8911725966613,4024.289872350432,54.0,0.08206859886326451,-0.3931886604515935,0.08209464319855528,-0.39201640848700026,0.017397015572304504,0.07610821371332703
1637,45,338,517.3116391169647,4113.7490927459785,465.8911725966613,4024.289872350432,54.0,0.08206859886326451,-1.1632344207893346,0.08209464319855528,-1.1589697460458999,0.017397015572304504,0.2081868045840214
1638,66,338,493.8518825171933,3956.000689079267,465.8911725966613,4024.289872350432,54.0,0.08206859886326451,-0.5524488627081612,0.08209464319855528,-0.5505549529165472,0.017397015572304504,0.15083479046778406
1639,23,338,485.3312407692456,4298.036308618457,465.8911725966613,4024.289872350432,54.0,0.08206859886326451,-1.839219686980953,0.08209464319855528,-1.8313677536780029,0.017397015572304504,0.4457300865931568
1640,54,338,562.1256537151418,3993.041990758743,465.8911725966613,4024.289872350432,54.0,0.08206859886326451,-1.1413069246391923,0.08209464319855528,-1.1348931814818453,0.017397015572304504,0.24959337246232824
1641,36,338,587.79522063936,3965.30735379632,465.8911725966613,4024.289872350432,54.0,0.08206859886326451,-1.4393109067821794,0.08209464319855528,-1.4334313888647252,0.017397015572304504,0.3412887245469014
1642,60,338,462.2337953932308,4065.780960132662,465.8911725966613,4024.289872350432,54.0,0.08206859886326451,-0.3474710433349739,0.08209464319855528,-0.3463072423707657,0.017397015572304504,0.06951099972944985
1643,43,338,630.0947010611478,4141.259609929846,465.8911725966613,4024.289872350432,54.0,0.08206859886326451,-1.9800965193611906,0.08209464319855528,-1.9725266073011887,0.017397015572304504,0.5244752385858928
1644,47,338,497.40279712570856,4039.075701869608,465.8911725966613,4024.289872350432,54.0,0.08206859886326451,-0.3717113603642876,0.08209464319855528,-0.3689213434390918,0.017397015572304504,0.06764387053038032
1645,47,339,497.40279712570856,4039.075701869608,418.14174019683327,4008.0356973029234,54.0,0.08206859886326451,-0.6979182852630226,0.08209464319855528,-0.6942735532253976,0.017397015572304504,0.1655586588548935
1646,60,339,462.2337953932308,4065.780960132662,418.14174019683327,4008.0356973029234,54.0,0.08206859886326451,-0.44936352315161965,0.08209464319855528,-0.44746353301344766,0.017397015572304504,0.12369031918172993
1647,39,339,491.6009153175041,3965.873607703836,418.14174019683327,4008.0356973029234,54.0,0.08206859886326451,-0.737693914376768,0.08209464319855528,-0.7358514731554536,0.017397015572304504,0.18435901435561827
1648,44,339,482.2902751987267,4093.226876078621,418.14174019683327,4008.0356973029234,54.0,0.08206859886326451,-0.8265117379456726,0.08209464319855528,-0.8234977712279393,0.017397015572304504,0.17348722045880344
1649,31,339,286.22286085268047,4096.016113555928,418.14174019683327,4008.0356973029234,54.0,0.08206859886326451,-0.8953333056484867,0.08209464319855528,-0.8793536613631462,0.017397015572304504,0.31733742483309346
1650,41,339,461.8106926932424,4070.996636995212,418.14174019683327,4008.0356973029234,54.0,0.08206859886326451,-0.4765418187851377,0.08209464319855528,-0.47439383027097215,0.017397015572304504,0.12846069149471503
1651,61,339,463.203498736656,4062.892527800171,418.14174019683327,4008.0356973029234,54.0,0.08206859886326451,-0.43789061452198264,0.08209464319855528,-0.43597710175627613,0.017397015572304504,0.12236027388333615
1652,65,339,465.43944178630807,4063.6597216274654,418.14174019683327,4008.0356973029234,54.0,0.08206859886326451,-0.457269759285055,0.08209464319855528,-0.4553431065315115,0.017397015572304504,0.12526323131605555
1653,66,339,493.8518825171933,3956.000689079267,418.14174019683327,4008.0356973029234,54.0,0.08206859886326451,-0.8186981819995593,0.08209464319855528,-0.8167523587229635,0.017397015572304504,0.20593309043816033
1654,44,340,482.2902751987267,4093.226876078621,475.8206463571328,3964.9488424231126,54.0,0.08206859886326451,-1.183361235890922,0.08209464319855528,-1.1747987150754882,0.017397015572304504,0.24791591427053833
1655,60,340,462.2337953932308,4065.780960132662,475.8206463571328,3964.9488424231126,54.0,0.08206859886326451,-0.9739991362274038,0.08209464319855528,-0.9712410612551029,0.017397015572304504,0.19609599612265025
1656,66,340,493.8518825171933,3956.000689079267,475.8206463571328,3964.9488424231126,54.0,0.08206859886326451,-0.21138428176598556,0.08209464319855528,-0.21171006376239335,0.017397015572304504,0.05381701380265313
1657,41,340,461.8106926932424,4070.996636995212,475.8206463571328,3964.9488424231126,54.0,0.08206859886326451,-1.0217044745076598,0.08209464319855528,-1.018933966854174,0.017397015572304504,0.20312797784045075
1658,62,340,438.3970135664206,3912.290557700556,475.8206463571328,3964.9488424231126,54.0,0.08206859886326451,-0.768889109704884,0.08209464319855528,-0.7658319201778407,0.017397015572304504,0.18531817507504972
1659,39,340,491.6009153175041,3965.873607703836,475.8206463571328,3964.9488424231126,54.0,0.08206859886326451,-0.15712858204128408,0.08209464319855528,-0.15737074604100287,0.017397015572304504,0.0400038782347525
1660,48,340,542.8497150079456,3957.433060143872,475.8206463571328,3964.9488424231126,54.0,0.08206859886326451,-0.6441616498518649,0.08209464319855528,-0.6389851787908132,0.017397015572304504,0.17770172675546794
1661,47,340,497.40279712570856,4039.075701869608,475.8206463571328,3964.9488424231126,54.0,0.08206859886326451,-0.5221541961428211,0.08209464319855528,-0.5169719461746457,0.017397015572304504,0.1524650081172411
1662,61,340,463.203498736656,4062.892527800171,475.8206463571328,3964.9488424231126,54.0,0.08206859886326451,-0.9448205553245905,0.08209464319855528,-0.9420892353855994,0.017397015572304504,0.19176339434262157
1663,54,340,562.1256537151418,3993.041990758743,475.8206463571328,3964.9488424231126,54.0,0.08206859886326451,-1.0342160408105507,0.08209464319855528,-1.0333456370214384,0.017397015572304504,0.22831768629243987
1664,36,340,587.79522063936,3965.30735379632,475.8206463571328,3964.9488424231126,54.0,0.08206859886326451,-0.9498671560493789,0.08209464319855528,-0.9425356334509165,0.017397015572304504,0.2972498847512185
1665,65,340,465.43944178630807,4063.6597216274654,475.8206463571328,3964.9488424231126,54.0,0.08206859886326451,-0.9433407583861714,0.08209464319855528,-0.9406814147445561,0.017397015572304504,0.19154166421408858
1666,9,341,9.936533141897351,4088.226647492491,161.96578384564387,4157.2024176535,54.0,0.08206859886326451,-1.095907868042975,0.08209464319855528,-1.0876390721870208,0.017397015572304504,0.4482248814569586
1667,31,341,286.22286085268047,4096.016113555928,161.96578384564387,4157.2024176535,54.0,0.08206859886326451,-1.104400402523512,0.08209464319855528,-1.1036274479690034,0.017397015572304504,0.3470515632961339
1668,9,342,9.936533141897351,4088.226647492491,137.73214120296976,4146.211392684601,54.0,0.08206859886326451,-0.8880569789931787,0.08209464319855528,-0.8815135810296038,0.017397015572304504,0.37068109352305006
1669,31,343,286.22286085268047,4096.016113555928,158.49410884129216,4136.006365328739,54.0,0.08206859886326451,-1.1222633995084403,0.08209464319855528,-1.1247071137274336,0.017397015572304504,0.3235568107657642
1670,9,343,9.936533141897351,4088.226647492491,158.49410884129216,4136.006365328739,54.0,0.08206859886326451,-0.8467730192519473,0.08209464319855528,-0.8315687004938336,0.017397015572304504,0.35909641354464195
1671,28,343,181.0656949265822,4007.0767963031503,158.49410884129216,4136.006365328739,54.0,0.08206859886326451,-1.3442405823704267,0.08209464319855528,-1.3446623276179084,0.017397015572304504,0.3075109277780409
1672,6,344,202.24335058105044,4025.5497211369657,136.56558805196306,4128.332749792738,54.0,0.08206859886326451,-1.3147850291510546,0.08209464319855528,-1.3125680380352442,0.017397015572304504,0.2923916489787823
1673,9,344,9.936533141897351,4088.226647492491,136.56558805196306,4128.332749792738,54.0,0.08206859886326451,-0.6701436904049731,0.08209464319855528,-0.6541778544158425,0.017397015572304504,0.2993991487500144
1674,28,344,181.0656949265822,4007.0767963031503,136.56558805196306,4128.332749792738,54.0,0.08206859886326451,-1.1878891964659812,0.08209464319855528,-1.1890449402356664,0.017397015572304504,0.3046223597925927
1675,31,344,286.22286085268047,4096.016113555928,136.56558805196306,4128.332749792738,54.0,0.08206859886326451,-1.36446475690952,0.08209464319855528,-1.3663562098188833,0.017397015572304504,0.36409153809958533
1676,28,345,181.0656949265822,4007.0767963031503,117.19421705345408,4121.351193952682,54.0,0.08206859886326451,-0.9773106966315432,0.08209464319855528,-0.9734848183613991,0.017397015572304504,0.2941988882497786
1677,9,345,9.936533141897351,4088.226647492491,117.19421705345408,4121.351193952682,54.0,0.08206859886326451,-0.559385691041336,0.08209464319855528,-0.5463903560794152,0.017397015572304504,0.25587315211372497
1678,28,346,181.0656949265822,4007.0767963031503,109.91679785969896,4052.896427825765,54.0,0.08206859886326451,-0.720320272572335,0.08209464319855528,-0.7212257864159206,0.017397015572304504,0.19257427178601516
1679,6,347,202.24335058105044,4025.5497211369657,105.52394893714752,4032.581984936505,54.0,0.08206859886326451,-0.8284514591216456,0.08209464319855528,-0.8294027648363494,0.017397015572304504,0.22421371498302048
1680,28,347,181.0656949265822,4007.0767963031503,105.52394893714752,4032.581984936505,54.0,0.08206859886326451,-0.7486718647002735,0.08209464319855528,-0.7481297028427579,0.017397015572304504,0.1878257749920194
1681,9,347,9.936533141897351,4088.226647492491,105.52394893714752,4032.581984936505,54.0,0.08206859886326451,-0.7994673850166353,0.08209464319855528,-0.7982918862976762,0.017397015572304504,0.2818549438027498
1682,9,348,9.936533141897351,4088.226647492491,106.44842983383482,4012.84945915906,54.0,0.08206859886326451,-0.9412022478920508,0.08209464319855528,-0.9403409517870711,0.017397015572304504,0.3217614943494765
1683,21,349,128.25114367082156,4135.1822154504935,171.63451694131356,4159.78310361989,54.0,0.08206859886326451,-0.3836957658215123,0.08209464319855528,-0.38167682804274716,0.017397015572304504,0.13745126137646232
1684,22,349,267.77623279276514,4140.811810679348,171.63451694131356,4159.78310361989,54.0,0.08206859886326451,-0.8067440603985471,0.08209464319855528,-0.8082381079002363,0.017397015572304504,0.26776608167690796
1685,31,349,286.22286085268047,4096.016113555928,171.63451694131356,4159.78310361989,54.0,0.08206859886326451,-1.0509741081158641,0.08209464319855528,-1.0506149679899324,0.017397015572304504,0.3265703880057712
1686,9,349,9.936533141897351,4088.226647492491,171.63451694131356,4159.78310361989,54.0,0.08206859886326451,-1.1683372810558759,0.08209464319855528,-1.1589867793820916,0.017397015572304504,0.47515643503245125
1687,9,350,9.936533141897351,4088.226647492491,149.38437383192732,4142.655189530788,54.0,0.08206859886326451,-0.9106754771923201,0.08209464319855528,-0.902601296505585,0.017397015572304504,0.37586804281069036
1688,22,351,267.77623279276514,4140.811810679348,167.22649373259551,4139.857029282407,54.0,0.08206859886326451,-0.7939752294689945,0.08209464319855528,-0.7953368767569587,0.017397015572304504,0.26346413270682845
1689,9,351,9.936533141897351,4088.226647492491,167.22649373259551,4139.857029282407,54.0,0.08206859886326451,-0.9292077726112152,0.08209464319855528,-0.9152707395567319,0.017397015572304504,0.3878440962172498
1690,64,351,251.14156651564912,4194.6094429104505,167.22649373259551,4139.857029282407,54.0,0.08206859886326451,-0.8290963052043825,0.08209464319855528,-0.8299626796266156,0.017397015572304504,0.28867116288123146
1691,28,351,181.0656949265822,4007.0767963031503,167.22649373259551,4139.857029282407,54.0,0.08206859886326451,-1.4800670785494392,0.08209464319855528,-1.4791651767644542,0.017397015572304504,0.31742120150077946
1692,31,351,286.22286085268047,4096.016113555928,167.22649373259551,4139.857029282407,54.0,0.08206859886326451,-1.0462402592231854,0.08209464319855528,-1.0480725496628285,0.017397015572304504,0.30623328347595613
1693,64,352,251.14156651564912,4194.6094429104505,119.82403039050632,4124.56931096989,54.0,0.08206859886326451,-1.1914109018156536,0.08209464319855528,-1.191063451666971,0.017397015572304504,0.419122887448841
1694,9,353,9.936533141897351,4088.226647492491,142.29614129157707,4127.163348327213,54.0,0.08206859886326451,-0.710933445427024,0.08209464319855528,-0.6949888662468172,0.017397015572304504,0.3108687403681477
1695,64,353,251.14156651564912,4194.6094429104505,142.29614129157707,4127.163348327213,54.0,0.08206859886326451,-1.0357395026519822,0.08209464319855528,-1.0372701770539976,0.017397015572304504,0.3609455054709062
1696,31,353,286.22286085268047,4096.016113555928,142.29614129157707,4127.163348327213,54.0,0.08206859886326451,-1.3197734467946993,0.08209464319855528,-1.3216464227129707,0.017397015572304504,0.34990625763816186
1697,28,353,181.0656949265822,4007.0767963031503,142.29614129157707,4127.163348327213,54.0,0.08206859886326451,-1.2334967764829972,0.08209464319855528,-1.2346190150578855,0.017397015572304504,0.2960922360587152
1698,9,354,9.936533141897351,4088.226647492491,128.30218247028407,4108.962098016365,54.0,0.08206859886326451,-0.6809564743469219,0.08209464319855528,-0.6695739225981392,0.017397015572304504,0.27323070227563123
1699,22,354,267.77623279276514,4140.811810679348,128.30218247028407,4108.962098016365,54.0,0.08206859886326451,-1.2236616749817522,0.08209464319855528,-1.2240976649842117,0.017397015572304504,0.3650226521962254
1700,19,354,298.45947748194794,4119.807970449649,128.30218247028407,4108.962098016365,54.0,0.08206859886326451,-1.4408273840799994,0.08209464319855528,-1.439656601658294,0.017397015572304504,0.4000803061648547
1701,22,355,267.77623279276514,4140.811810679348,109.11821937100868,4049.9401200264047,54.0,0.08206859886326451,-1.7532729863403622,0.08209464319855528,-1.7563803271190037,0.017397015572304504,0.4465869141454156
1702,9,355,9.936533141897351,4088.226647492491,109.11821937100868,4049.9401200264047,54.0,0.08206859886326451,-0.7881508358772557,0.08209464319855528,-0.788082094504303,0.017397015572304504,0.2640813494492979
1703,21,355,103.34699834515416,4117.964937310308,109.11821937100868,4049.9401200264047,54.0,0.08206859886326451,-0.2926688775285182,0.08209464319855528,-0.2854695240481848,0.017397015572304504,0.13534981245801023
1704,9,356,9.936533141897351,4088.226647492491,124.08609991612518,4074.076898022276,54.0,0.08206859886326451,-0.7787306648038789,0.08209464319855528,-0.7791612481501629,0.017397015572304504,0.2783671979946382
1705,22,356,267.77623279276514,4140.811810679348,124.08609991612518,4074.076898022276,54.0,0.08206859886326451,-1.4773603541614433,0.08209464319855528,-1.481328766453921,0.017397015572304504,0.39179027339254757
1706,19,356,298.45947748194794,4119.807970449649,124.08609991612518,4074.076898022276,54.0,0.08206859886326451,-1.7384986266874833,0.08209464319855528,-1.7398953649830988,0.017397015572304504,0.41057043123076736
1707,21,357,103.34699834515416,4117.964937310308,115.16096838828992,4022.0483223003416,54.0,0.08206859886326451,-0.5087059285177152,0.08209464319855528,-0.5024775911556517,0.017397015572304504,0.20373685887733006
1708,9,357,9.936533141897351,4088.226647492491,115.16096838828992,4022.0483223003416,54.0,0.08206859886326451,-0.913268731266383,0.08209464319855528,-0.9125639613718906,0.017397015572304504,0.31855571349005896
1709,49,358,663.3163926639071,4436.617662823868,561.0138184560105,4473.501935426613,54.0,0.08206859886326451,-1.1452608400290802,0.08209464319855528,-1.1427851328896494,0.017397015572304504,0.25565571229135187
1710,56,358,677.3923123197425,4458.591690875839,561.0138184560105,4473.501935426613,54.0,0.08206859886326451,-1.2016194567167562,0.08209464319855528,-1.200212543480373,0.017397015572304504,0.2776800488918894
1711,34,358,645.8872104090177,4370.307858894735,561.0138184560105,4473.501935426613,54.0,0.08206859886326451,-1.3603430955014921,0.08209464319855528,-1.357661115751952,0.017397015572304504,0.28794655355794857
1712,23,358,492.6610906216525,4339.6404706179,561.0138184560105,4473.501935426613,54.0,0.08206859886326451,-0.8631738266767583,0.08209464319855528,-0.863433528710174,0.017397015572304504,0.2730868390812099
1713,59,358,687.7533482500393,4462.8415205037,561.0138184560105,4473.501935426613,54.0,0.08206859886326451,-1.2971203673174525,0.08209464319855528,-1.295158477683957,0.017397015572304504,0.3059594032619642
1714,7,358,477.9085898257795,4404.037580305916,561.0138184560105,4473.501935426613,54.0,0.08206859886326451,-0.9327647155316763,0.08209464319855528,-0.9294382704013576,0.017397015572304504,0.2221495086971972
1715,33,358,633.1852302568241,4317.679688677003,561.0138184560105,4473.501935426613,54.0,0.08206859886326451,-1.4079510250673302,0.08209464319855528,-1.407982261859445,0.017397015572304504,0.34386799267724893
1716,57,358,688.226455777822,4457.521568699916,561.0138184560105,4473.501935426613,54.0,0.08206859886326451,-1.3055744981602875,0.08209464319855528,-1.3035811111389226,0.017397015572304504,0.3082157294151321
1717,30,358,625.9985091941669,4344.425799606012,561.0138184560105,4473.501935426613,54.0,0.08206859886326451,-1.1849808198581913,0.08209464319855528,-1.1848787440473738,0.017397015572304504,0.2828307874932773
1718,30,359,625.9985091941669,4344.425799606012,565.0502773452903,4448.226533767391,54.0,0.08206859886326451,-0.9590718989115297,0.08209464319855528,-0.9591436576727059,0.017397015572304504,0.22589882675277764
1719,23,359,502.6784399226089,4334.088760610959,565.0502773452903,4448.226533767391,54.0,0.08206859886326451,-0.6639818232742161,0.08209464319855528,-0.6619308069954886,0.017397015572304504,0.23033842016002895
1720,33,359,633.1852302568241,4317.679688677003,565.0502773452903,4448.226533767391,54.0,0.08206859886326451,-1.181184618487363,0.08209464319855528,-1.181495520525486,0.017397015572304504,0.2833086590720164
1721,34,359,645.8872104090177,4370.307858894735,565.0502773452903,4448.226533767391,54.0,0.08206859886326451,-1.1252633339037261,0.08209464319855528,-1.1231709908627192,0.017397015572304504,0.2329798100752754
1722,23,360,504.75274351062166,4332.980003603095,582.8694820082358,4398.870274634955,54.0,0.08206859886326451,-0.4183823527459203,0.08209464319855528,-0.4136461378457881,0.017397015572304504,0.16297831871632856
1723,24,360,476.8845411410292,4318.364085281663,582.8694820082358,4398.870274634955,54.0,0.08206859886326451,-0.7674715411361748,0.08209464319855528,-0.7629054883384943,0.017397015572304504,0.21575407083998444
1724,7,360,477.9085898257795,4404.037580305916,582.8694820082358,4398.870274634955,54.0,0.08206859886326451,-0.8264482330412044,0.08209464319855528,-0.8251655567929893,0.017397015572304504,0.2012251478160022
1725,7,361,477.9085898257795,4404.037580305916,581.1993239604408,4389.028978416067,54.0,0.08206859886326451,-0.7862370151234457,0.08209464319855528,-0.7873572464126529,0.017397015572304504,0.19371929169698435
1726,35,361,583.2192292927565,4207.570440686977,581.1993239604408,4389.028978416067,54.0,0.08206859886326451,-1.7455907046973618,0.08209464319855528,-1.747736311420189,0.017397015572304504,0.37846173568426356
1727,23,361,504.75274351062166,4332.980003603095,581.1993239604408,4389.028978416067,54.0,0.08206859886326451,-0.42326885346112914,0.08209464319855528,-0.41928508613357296,0.017397015572304504,0.15414205191709263
1728,49,361,663.3163926639071,4436.617662823868,581.1993239604408,4389.028978416067,54.0,0.08206859886326451,-1.1075171796548418,0.08209464319855528,-1.1037248109982352,0.017397015572304504,0.2009163798314998
1729,56,361,677.3923123197425,4458.591690875839,581.1993239604408,4389.028978416067,54.0,0.08206859886326451,-1.3365304440460464,0.08209464319855528,-1.3311852100120745,0.017397015572304504,0.245958110206695
1730,34,361,645.8872104090177,4370.307858894735,581.1993239604408,4389.028978416067,54.0,0.08206859886326451,-0.6471884488251614,0.08209464319855528,-0.6477936741662516,0.017397015572304504,0.13433249550094004
1731,24,361,476.8845411410292,4318.364085281663,581.1993239604408,4389.028978416067,54.0,0.08206859886326451,-0.7517017637225298,0.08209464319855528,-0.7473629003634608,0.017397015572304504,0.20629694984103855
1732,57,361,688.226455777822,4457.521568699916,581.1993239604408,4389.028978416067,54.0,0.08206859886326451,-1.4372490746038626,0.08209464319855528,-1.4302289566927902,0.017397015572304504,0.2786746181293386
1733,29,361,679.1344462972443,4226.875249913833,581.1993239604408,4389.028978416067,54.0,0.08206859886326451,-1.688295377871043,0.08209464319855528,-1.6855537413919646,0.017397015572304504,0.43484873401880586
1734,33,361,633.1852302568241,4317.679688677003,581.1993239604408,4389.028978416067,54.0,0.08206859886326451,-0.7954935080728067,0.08209464319855528,-0.7965848633738257,0.017397015572304504,0.1690315696258299
1735,30,361,625.9985091941669,4344.425799606012,581.1993239604408,4389.028978416067,54.0,0.08206859886326451,-0.5110357584818052,0.08209464319855528,-0.5117411980377705,0.017397015572304504,0.11716493689017228
1736,26,362,492.46916862384336,4319.554466150916,583.831138251116,4371.053286709621,54.0,0.08206859886326451,-0.6843384523610151,0.08209464319855528,-0.6834148833651066,0.017397015572304504,0.18289585941283182
1737,7,362,477.9085898257795,4404.037580305916,583.831138251116,4371.053286709621,54.0,0.08206859886326451,-0.8009811206991353,0.08209464319855528,-0.802508725074863,0.017397015572304504,0.2008479324792798
1738,24,362,476.8845411410292,4318.364085281663,583.831138251116,4371.053286709621,54.0,0.08206859886326451,-0.8477981189029633,0.08209464319855528,-0.8461714179993711,0.017397015572304504,0.2054723590545211
1739,29,362,679.1344462972443,4226.875249913833,583.831138251116,4371.053286709621,54.0,0.08206859886326451,-1.621526033037049,0.08209464319855528,-1.6178888019064515,0.017397015572304504,0.4057761273130726
1740,23,362,504.75274351062166,4332.980003603095,583.831138251116,4371.053286709621,54.0,0.08206859886326451,-0.5209122074747492,0.08209464319855528,-0.5190526153440488,0.017397015572304504,0.15113986682308525
1741,30,363,625.9985091941669,4344.425799606012,561.2628392077421,4326.059519500939,54.0,0.08206859886326451,-0.6827434844138134,0.08209464319855528,-0.679854117450076,0.017397015572304504,0.1299559327809073
1742,7,363,477.9085898257795,4404.037580305916,561.2628392077421,4326.059519500939,54.0,0.08206859886326451,-0.788310624382731,0.08209464319855528,-0.7866984251429247,0.017397015572304504,0.2006981505405168
1743,26,363,492.46916862384336,4319.554466150916,561.2628392077421,4326.059519500939,54.0,0.08206859886326451,-0.4363214308147064,0.08209464319855528,-0.43433536535091527,0.017397015572304504,0.11844412225086837
1744,29,363,679.1344462972443,4226.875249913833,561.2628392077421,4326.059519500939,54.0,0.08206859886326451,-1.3358254618637535,0.08209464319855528,-1.3310232316444275,0.017397015572304504,0.37230393319539873
1745,37,363,628.569594659982,4182.409690156388,561.2628392077421,4326.059519500939,54.0,0.08206859886326451,-1.449988618777154,0.08209464319855528,-1.4476999112541469,0.017397015572304504,0.360023170401898
1746,23,364,504.75274351062166,4332.980003603095,534.8960064449519,4318.929029125519,54.0,0.08206859886326451,-0.15549719827543368,0.08209464319855528,-0.15504586444966076,0.017397015572304504,0.05359281479174119
1747,29,364,679.1344462972443,4226.875249913833,534.8960064449519,4318.929029125519,54.0,0.08206859886326451,-1.4708800506562982,0.08209464319855528,-1.4664587500501383,0.017397015572304504,0.39245898809232316
1748,26,364,492.46916862384336,4319.554466150916,534.8960064449519,4318.929029125519,54.0,0.08206859886326451,-0.2911986910209915,0.08209464319855528,-0.29064822627788756,0.017397015572304504,0.07348277278584978
1749,33,364,633.1852302568241,4317.679688677003,534.8960064449519,4318.929029125519,54.0,0.08206859886326451,-0.7853217130912179,0.08209464319855528,-0.7851152920810064,0.017397015572304504,0.20686838865393833
1750,43,364,630.0947010611478,4141.259609929846,534.8960064449519,4318.929029125519,54.0,0.08206859886326451,-1.830395953979585,0.08209464319855528,-1.833136841815026,0.017397015572304504,0.43529758490009895
1751,44,364,472.0029937650396,4104.126300266757,534.8960064449519,4318.929029125519,54.0,0.08206859886326451,-1.5966488704765573,0.08209464319855528,-1.5909702456430599,0.017397015572304504,0.4011246583177273
1752,7,364,477.9085898257795,4404.037580305916,534.8960064449519,4318.929029125519,54.0,0.08206859886326451,-0.7381119461430026,0.08209464319855528,-0.7384613528120979,0.017397015572304504,0.17682543254284744
1753,24,364,476.8845411410292,4318.364085281663,534.8960064449519,4318.929029125519,54.0,0.08206859886326451,-0.46166861437827733,0.08209464319855528,-0.4612497336671251,0.017397015572304504,0.10104137073230982
1754,56,364,677.3923123197425,4458.591690875839,534.8960064449519,4318.929029125519,54.0,0.08206859886326451,-1.9425315412345994,0.08209464319855528,-1.936072403219465,0.017397015572304504,0.4068358258549163
1755,35,364,583.2192292927565,4207.570440686977,534.8960064449519,4318.929029125519,54.0,0.08206859886326451,-0.9227155165708955,0.08209464319855528,-0.9241346100599929,0.017397015572304504,0.24164195327559362
1756,30,364,625.9985091941669,4344.425799606012,534.8960064449519,4318.929029125519,54.0,0.08206859886326451,-0.8184492542728283,0.08209464319855528,-0.8146742960214178,0.017397015572304504,0.1743207968144406
1757,37,364,628.569594659982,4182.409690156388,534.8960064449519,4318.929029125519,54.0,0.08206859886326451,-1.4471288922409546,0.08209464319855528,-1.4445908467449915,0.017397015572304504,0.35409316900815146
1758,34,364,645.8872104090177,4370.307858894735,534.8960064449519,4318.929029125519,54.0,0.08206859886326451,-0.9999242488389002,0.08209464319855528,-0.9933493134333522,0.017397015572304504,0.2312799243837826
1759,23,365,496.2769738617064,4317.6652317633225,510.9466011058103,4309.526697793331,54.0,0.08206859886326451,-0.12750274272656503,0.08209464319855528,-0.12729343115789543,0.017397015572304504,0.029232022630359754
1760,7,365,477.9085898257795,4404.037580305916,510.9466011058103,4309.526697793331,54.0,0.08206859886326451,-0.8730039217119482,0.08209464319855528,-0.8745248109120888,0.017397015572304504,0.17340640009005487
1761,37,365,628.569594659982,4182.409690156388,510.9466011058103,4309.526697793331,54.0,0.08206859886326451,-1.3591218555404136,0.08209464319855528,-1.3608146050713719,0.017397015572304504,0.359996139123163
1762,35,365,583.2192292927565,4207.570440686977,510.9466011058103,4309.526697793331,54.0,0.08206859886326451,-0.833654042292898,0.08209464319855528,-0.832944578642669,0.017397015572304504,0.24799859850808353
1763,33,365,633.1852302568241,4317.679688677003,510.9466011058103,4309.526697793331,54.0,0.08206859886326451,-0.9172873543119422,0.08209464319855528,-0.9166846749512787,0.017397015572304504,0.2465450968984674
1764,43,365,630.0947010611478,4141.259609929846,510.9466011058103,4309.526697793331,54.0,0.08206859886326451,-1.668107286044937,0.08209464319855528,-1.6687191693988432,0.017397015572304504,0.44155256413930355
1765,24,365,476.8845411410292,4318.364085281663,510.9466011058103,4309.526697793331,54.0,0.08206859886326451,-0.3417293315486228,0.08209464319855528,-0.34170327984951404,0.017397015572304504,0.06340221049121811
1766,29,365,679.1344462972443,4226.875249913833,510.9466011058103,4309.526697793331,54.0,0.08206859886326451,-1.6035803583409416,0.08209464319855528,-1.5991784209510755,0.017397015572304504,0.42346465238778497
1767,30,365,625.9985091941669,4344.425799606012,510.9466011058103,4309.526697793331,54.0,0.08206859886326451,-0.9575339956199748,0.08209464319855528,-0.9538173089872396,0.017397015572304504,0.2162997412534522
1768,34,365,645.8872104090177,4370.307858894735,510.9466011058103,4309.526697793331,54.0,0.08206859886326451,-1.1397340885024074,0.08209464319855528,-1.132859877115747,0.017397015572304504,0.27482949830706105
1769,44,365,472.0029937650396,4104.126300266757,510.9466011058103,4309.526697793331,54.0,0.08206859886326451,-1.417710442128706,0.08209464319855528,-1.408869534228427,0.017397015572304504,0.36795348993998844
1770,26,365,492.46916862384336,4319.554466150916,510.9466011058103,4309.526697793331,54.0,0.08206859886326451,-0.1839674309320498,0.08209464319855528,-0.18378511221820912,0.017397015572304504,0.038833749933025866
1771,44,366,472.0029937650396,4104.126300266757,511.8782596396733,4352.397235288708,54.0,0.08206859886326451,-1.511439034069186,0.08209464319855528,-1.5023480142305117,0.017397015572304504,0.4259819366051489
1772,49,366,663.3163926639071,4436.617662823868,511.8782596396733,4352.397235288708,54.0,0.08206859886326451,-1.408625730952824,0.08209464319855528,-1.4004260729810074,0.017397015572304504,0.32396956984131176
1773,8,366,404.480912881415,4338.111065579622,511.8782596396733,4352.397235288708,54.0,0.08206859886326451,-0.9883755362055089,0.08209464319855528,-0.9857452841386831,0.017397015572304504,0.22480171265650994
1774,32,366,334.71484028241383,4482.861045979598,511.8782596396733,4352.397235288708,54.0,0.08206859886326451,-1.5942150040922065,0.08209464319855528,-1.594036637459513,0.017397015572304504,0.504921383741705
1775,33,366,633.1852302568241,4317.679688677003,511.8782596396733,4352.397235288708,54.0,0.08206859886326451,-1.0090235535542553,0.08209464319855528,-1.005502812408534,0.017397015572304504,0.2476174866167057
1776,26,366,492.46916862384336,4319.554466150916,511.8782596396733,4352.397235288708,54.0,0.08206859886326451,-0.28695414426217886,0.08209464319855528,-0.2867006445380552,0.017397015572304504,0.06393278984171763
1777,23,366,501.98711709011,4334.532451306081,511.8782596396733,4352.397235288708,54.0,0.08206859886326451,-0.09590383032944262,0.08209464319855528,-0.0956122230796458,0.017397015572304504,0.03288151242188495
1778,35,366,583.2192292927565,4207.570440686977,511.8782596396733,4352.397235288708,54.0,0.08206859886326451,-1.0537786838717416,0.08209464319855528,-1.0557826658851444,0.017397015572304504,0.3028754492575764
1779,7,366,477.9085898257795,4404.037580305916,511.8782596396733,4352.397235288708,54.0,0.08206859886326451,-0.5419461439032878,0.08209464319855528,-0.5424351360647126,0.017397015572304504,0.1099732068280558
1780,29,366,679.1344462972443,4226.875249913833,511.8782596396733,4352.397235288708,54.0,0.08206859886326451,-1.6577054103985331,0.08209464319855528,-1.6539309431442342,0.017397015572304504,0.4629828437672829
1781,30,366,625.9985091941669,4344.425799606012,511.8782596396733,4352.397235288708,54.0,0.08206859886326451,-0.8784852029528587,0.08209464319855528,-0.8720237682912678,0.017397015572304504,0.20484870360903992
1782,24,366,476.8845411410292,4318.364085281663,511.8782596396733,4352.397235288708,54.0,0.08206859886326451,-0.46634884907288354,0.08209464319855528,-0.4662632906206417,0.017397015572304504,0.08226194492781781
1783,57,366,688.226455777822,4457.521568699916,511.8782596396733,4352.397235288708,54.0,0.08206859886326451,-1.7382450924752821,0.08209464319855528,-1.7262472689514756,0.017397015572304504,0.40180947112662363
1784,34,366,645.8872104090177,4370.307858894735,511.8782596396733,4352.397235288708,54.0,0.08206859886326451,-1.0002890601223386,0.08209464319855528,-0.9947218857220071,0.017397015572304504,0.24474389887911227
1785,56,366,677.3923123197425,4458.591690875839,511.8782596396733,4352.397235288708,54.0,0.08206859886326451,-1.632844707858437,0.08209464319855528,-1.623019194402798,0.017397015572304504,0.3684990275564287
1786,7,367,477.9085898257795,4404.037580305916,548.5850023962915,4353.449672308096,54.0,0.08206859886326451,-0.5678638038166577,0.08209464319855528,-0.5668672405560435,0.017397015572304504,0.14966391961631864
1787,34,367,645.8872104090177,4370.307858894735,548.5850023962915,4353.449672308096,54.0,0.08206859886326451,-0.8581630862138278,0.08209464319855528,-0.8554234976250001,0.017397015572304504,0.186794540309
1788,33,367,633.1852302568241,4317.679688677003,548.5850023962915,4353.449672308096,54.0,0.08206859886326451,-0.8334043798571623,0.08209464319855528,-0.8296473572099827,0.017397015572304504,0.18438168947938727
1789,49,367,663.3163926639071,4436.617662823868,548.5850023962915,4353.449672308096,54.0,0.08206859886326451,-1.4015101462744028,0.08209464319855528,-1.3986036694707693,0.017397015572304504,0.28824957964124365
1790,26,367,492.46916862384336,4319.554466150916,548.5850023962915,4353.449672308096,54.0,0.08206859886326451,-0.37300093283475944,0.08209464319855528,-0.3725793624179454,0.017397015572304504,0.11050201067645844
1791,35,367,583.2192292927565,4207.570440686977,548.5850023962915,4353.449672308096,54.0,0.08206859886326451,-1.2790320293693598,0.08209464319855528,-1.2758380673862417,0.017397015572304504,0.3055612983672861
1792,56,367,677.3923123197425,4458.591690875839,548.5850023962915,4353.449672308096,54.0,0.08206859886326451,-1.6538044122548743,0.08209464319855528,-1.6484113525235091,0.017397015572304504,0.3346391670770088
1793,44,367,472.0029937650396,4104.126300266757,548.5850023962915,4353.449672308096,54.0,0.08206859886326451,-1.7974382618322793,0.08209464319855528,-1.7927399358384548,0.017397015572304504,0.4663291897010332
1794,30,367,625.9985091941669,4344.425799606012,548.5850023962915,4353.449672308096,54.0,0.08206859886326451,-0.7313097703198947,0.08209464319855528,-0.7293382043020337,0.017397015572304504,0.14760678857487414
1795,24,367,476.8845411410292,4318.364085281663,548.5850023962915,4353.449672308096,54.0,0.08206859886326451,-0.551982241277045,0.08209464319855528,-0.5514760777809531,0.017397015572304504,0.13424209819207422
1796,29,367,679.1344462972443,4226.875249913833,548.5850023962915,4353.449672308096,54.0,0.08206859886326451,-1.5263062636958082,0.08209464319855528,-1.517871834260907,0.017397015572304504,0.42774837657158776
1797,23,367,504.75274351062166,4332.980003603095,548.5850023962915,4353.449672308096,54.0,0.08206859886326451,-0.2272814417581887,0.08209464319855528,-0.22664064134213124,0.017397015572304504,0.0799467632664095
1798,34,368,645.8872104090177,4370.307858894735,512.6417426087999,4370.543524351453,54.0,0.08206859886326451,-0.9870758952537333,0.08209464319855528,-0.9815722293678028,0.017397015572304504,0.24129754735234527
1799,26,368,492.46916862384336,4319.554466150916,512.6417426087999,4370.543524351453,54.0,0.08206859886326451,-0.4307721915769255,0.08209464319855528,-0.43027452200216715,0.017397015572304504,0.09268500414406164
1800,32,368,334.71484028241383,4482.861045979598,512.6417426087999,4370.543524351453,54.0,0.08206859886326451,-1.5813667031474334,0.08209464319855528,-1.5815118243816375,0.017397015572304504,0.487119504863416
1801,24,368,476.8845411410292,4318.364085281663,512.6417426087999,4370.543524351453,54.0,0.08206859886326451,-0.6170759668823262,0.08209464319855528,-0.6169597900893573,0.017397015572304504,0.10779862051404973
1802,29,368,679.1344462972443,4226.875249913833,512.6417426087999,4370.543524351453,54.0,0.08206859886326451,-1.689373987847852,0.08209464319855528,-1.680989812849558,0.017397015572304504,0.4864363729293069
1803,7,368,477.9085898257795,4404.037580305916,512.6417426087999,4370.543524351453,54.0,0.08206859886326451,-0.4337579631450515,0.08209464319855528,-0.4350772799097533,0.017397015572304504,0.08772958493267663
1804,57,368,688.226455777822,4457.521568699916,512.6417426087999,4370.543524351453,54.0,0.08206859886326451,-1.7456288488334608,0.08209464319855528,-1.736998409900466,0.017397015572304504,0.3919175621083863
1805,33,368,633.1852302568241,4317.679688677003,512.6417426087999,4370.543524351453,54.0,0.08206859886326451,-0.9848560490691134,0.08209464319855528,-0.9782750674682521,0.017397015572304504,0.24626452888280886
1806,35,368,583.2192292927565,4207.570440686977,512.6417426087999,4370.543524351453,54.0,0.08206859886326451,-1.2254417854562756,0.08209464319855528,-1.2267723499588588,0.017397015572304504,0.33660409829251714
1807,56,368,677.3923123197425,4458.591690875839,512.6417426087999,4370.543524351453,54.0,0.08206859886326451,-1.6084283831096382,0.08209464319855528,-1.6035944048430106,0.017397015572304504,0.3659634809730693
1808,23,368,494.8187856170165,4338.418020078769,512.6417426087999,4370.543524351453,54.0,0.08206859886326451,-0.2792507555716837,0.08209464319855528,-0.2787989658533082,0.017397015572304504,0.061881546832743724
1809,30,368,625.9985091941669,4344.425799606012,512.6417426087999,4370.543524351453,54.0,0.08206859886326451,-0.8859011123809146,0.08209464319855528,-0.8822426645517241,0.017397015572304504,0.20337816622514482
1810,44,368,472.0029937650396,4104.126300266757,512.6417426087999,4370.543524351453,54.0,0.08206859886326451,-1.6122003531809235,0.08209464319855528,-1.6027672916244786,0.017397015572304504,0.45611874864439683
1811,8,368,404.480912881415,4338.111065579622,512.6417426087999,4370.543524351453,54.0,0.08206859886326451,-0.8713132730408477,0.08209464319855528,-0.869730300951832,0.017397015572304504,0.23848414269075258
1812,32,369,334.71484028241383,4482.861045979598,480.9664091966875,4352.089588299367,54.0,0.08206859886326451,-1.481501695256065,0.08209464319855528,-1.4785893232867047,0.017397015572304504,0.48042394721971293
1813,44,369,472.0029937650396,4104.126300266757,480.9664091966875,4352.089588299367,54.0,0.08206859886326451,-1.6335401593934225,0.08209464319855528,-1.6298960469399224,0.017397015572304504,0.4171564453295173
1814,30,369,625.9985091941669,4344.425799606012,480.9664091966875,4352.089588299367,54.0,0.08206859886326451,-1.1762815686196748,0.08209464319855528,-1.1737708699027463,0.017397015572304504,0.2617025397981801
1815,7,369,477.9085898257795,4404.037580305916,480.9664091966875,4352.089588299367,54.0,0.08206859886326451,-0.5241205656704573,0.08209464319855528,-0.5259331578250905,0.017397015572304504,0.09343589419325946
1816,8,369,404.480912881415,4338.111065579622,480.9664091966875,4352.089588299367,54.0,0.08206859886326451,-0.673454558257787,0.08209464319855528,-0.6708588492321483,0.017397015572304504,0.17571337873939397
1817,33,369,633.1852302568241,4317.679688677003,480.9664091966875,4352.089588299367,54.0,0.08206859886326451,-1.2462551919635096,0.08209464319855528,-1.2431570317598297,0.017397015572304504,0.29943089320487354
1818,29,369,679.1344462972443,4226.875249913833,480.9664091966875,4352.089588299367,54.0,0.08206859886326451,-1.923157287636442,0.08209464319855528,-1.9184728426867703,0.017397015572304504,0.49509348259118635
1819,23,369,492.6610906216525,4339.6404706179,480.9664091966875,4352.089588299367,54.0,0.08206859886326451,-0.20104588913107532,0.08209464319855528,-0.20125934994859243,0.017397015572304504,0.028546771703833754
1820,26,369,492.46916862384336,4319.554466150916,480.9664091966875,4352.089588299367,54.0,0.08206859886326451,-0.41694796954464436,0.08209464319855528,-0.41722114850090813,0.017397015572304504,0.05927588999649177
1821,35,369,583.2192292927565,4207.570440686977,480.9664091966875,4352.089588299367,54.0,0.08206859886326451,-1.3512465734981935,0.08209464319855528,-1.350442802341904,0.017397015572304504,0.3351191918218675
1822,24,369,476.8845411410292,4318.364085281663,480.9664091966875,4352.089588299367,54.0,0.08206859886326451,-0.409672829284016,0.08209464319855528,-0.40994242279943627,0.017397015572304504,0.05851695535693207
1823,34,369,645.8872104090177,4370.307858894735,480.9664091966875,4352.089588299367,54.0,0.08206859886326451,-1.2487603895337513,0.08209464319855528,-1.2440675195666773,0.017397015572304504,0.2977503178454336
1824,30,370,625.9985091941669,4344.425799606012,558.287928261929,4383.549496546334,54.0,0.08206859886326451,-0.639995813620287,0.08209464319855528,-0.6390643748437741,0.017397015572304504,0.1432457412333338
1825,29,370,679.1344462972443,4226.875249913833,558.287928261929,4383.549496546334,54.0,0.08206859886326451,-1.7497140176801422,0.08209464319855528,-1.7434809346961493,0.017397015572304504,0.4530665178550648
1826,23,370,504.75274351062166,4332.980003603095,558.287928261929,4383.549496546334,54.0,0.08206859886326451,-0.2708368340168338,0.08209464319855528,-0.266344842772704,0.017397015572304504,0.11641686897966089
1827,7,370,477.9085898257795,4404.037580305916,558.287928261929,4383.549496546334,54.0,0.08206859886326451,-0.6418832350184994,0.08209464319855528,-0.6439885651868664,0.017397015572304504,0.15456691849879445
1828,59,370,687.7533482500393,4462.8415205037,558.287928261929,4383.549496546334,54.0,0.08206859886326451,-1.5233187927145624,0.08209464319855528,-1.515875043062374,0.017397015572304504,0.3117192253057503
1829,24,370,476.8845411410292,4318.364085281663,558.287928261929,4383.549496546334,54.0,0.08206859886326451,-0.6459394639064444,0.08209464319855528,-0.6420151308691926,0.017397015572304504,0.17036803559782862
1830,56,370,677.3923123197425,4458.591690875839,558.287928261929,4383.549496546334,54.0,0.08206859886326451,-1.406267769106484,0.08209464319855528,-1.4000105694941378,0.017397015572304504,0.2787924786428526
1831,35,370,583.2192292927565,4207.570440686977,558.287928261929,4383.549496546334,54.0,0.08206859886326451,-1.4714873075875878,0.08209464319855528,-1.4668990131919555,0.017397015572304504,0.36112802053829185
1832,34,370,645.8872104090177,4370.307858894735,558.287928261929,4383.549496546334,54.0,0.08206859886326451,-0.7026150685474033,0.08209464319855528,-0.701980287309256,0.017397015572304504,0.16319748684124138
1833,33,370,633.1852302568241,4317.679688677003,558.287928261929,4383.549496546334,54.0,0.08206859886326451,-0.9096363036250081,0.08209464319855528,-0.9092594122055921,0.017397015572304504,0.186324012357149
1834,49,371,663.3163926639071,4436.617662823868,537.5523516970317,4387.183166028368,54.0,0.08206859886326451,-1.271979703645986,0.08209464319855528,-1.2660303402051825,0.017397015572304504,0.2649851618486747
1835,29,371,679.1344462972443,4226.875249913833,537.5523516970317,4387.183166028368,54.0,0.08206859886326451,-1.7891429462471569,0.08209464319855528,-1.7816120266804032,0.017397015572304504,0.486644011730984
1836,56,371,677.3923123197425,4458.591690875839,537.5523516970317,4387.183166028368,54.0,0.08206859886326451,-1.4323001337979713,0.08209464319855528,-1.4279957913279295,0.017397015572304504,0.3158662881180343
1837,23,371,504.75274351062166,4332.980003603095,537.5523516970317,4387.183166028368,54.0,0.08206859886326451,-0.31112794013892775,0.08209464319855528,-0.3095183847446901,0.017397015572304504,0.10559590417132582
1838,33,371,633.1852302568241,4317.679688677003,537.5523516970317,4387.183166028368,54.0,0.08206859886326451,-1.01035501169606,0.08209464319855528,-1.0092917670664465,0.017397015572304504,0.22368032362172735
1839,7,371,477.9085898257795,4404.037580305916,537.5523516970317,4387.183166028368,54.0,0.08206859886326451,-0.5382127872029862,0.08209464319855528,-0.540637017554898,0.017397015572304504,0.1177361042794749
1840,35,371,583.2192292927565,4207.570440686977,537.5523516970317,4387.183166028368,54.0,0.08206859886326451,-1.4014708090175276,0.08209464319855528,-1.3971573799240633,0.017397015572304504,0.362280552357879
1841,24,371,476.8845411410292,4318.364085281663,537.5523516970317,4387.183166028368,54.0,0.08206859886326451,-0.7278142623629719,0.08209464319855528,-0.7271250680016648,0.017397015572304504,0.15666432879872574
1842,30,371,625.9985091941669,4344.425799606012,537.5523516970317,4387.183166028368,54.0,0.08206859886326451,-0.7644266626565477,0.08209464319855528,-0.7634347203732411,0.017397015572304504,0.17867360497062054
1843,34,371,645.8872104090177,4370.307858894735,537.5523516970317,4387.183166028368,54.0,0.08206859886326451,-0.8011811063836771,0.08209464319855528,-0.8003358909795593,0.017397015572304504,0.19957011155849227
1844,33,372,633.1852302568241,4317.679688677003,556.3622236943382,4406.099826935316,54.0,0.08206859886326451,-0.9520393842068466,0.08209464319855528,-0.9524685512532148,0.017397015572304504,0.2144362523568243
1845,23,372,504.75274351062166,4332.980003603095,556.3622236943382,4406.099826935316,54.0,0.08206859886326451,-0.42335450539720687,0.08209464319855528,-0.42126406584025006,0.017397015572304504,0.15071802567016615
1846,49,372,663.3163926639071,4436.617662823868,556.3622236943382,4406.099826935316,54.0,0.08206859886326451,-1.1538649047598655,0.08209464319855528,-1.1494516668926655,0.017397015572304504,0.2246279381754524
1847,29,372,679.1344462972443,4226.875249913833,556.3622236943382,4406.099826935316,54.0,0.08206859886326451,-1.8499093245178115,0.08209464319855528,-1.845268601409104,0.017397015572304504,0.4800904023565221
1848,57,372,688.226455777822,4457.521568699916,556.3622236943382,4406.099826935316,54.0,0.08206859886326451,-1.3925287593042786,0.08209464319855528,-1.3876932284922752,0.017397015572304504,0.30712466223934237
1849,34,372,645.8872104090177,4370.307858894735,556.3622236943382,4406.099826935316,54.0,0.08206859886326451,-0.7966669093832566,0.08209464319855528,-0.7981981454327012,0.017397015572304504,0.18614276910441863
1850,7,372,477.9085898257795,4404.037580305916,556.3622236943382,4406.099826935316,54.0,0.08206859886326451,-0.7027649702079406,0.08209464319855528,-0.7016577281502562,0.017397015572304504,0.1579944702101393
1851,59,372,687.7533482500393,4462.8415205037,556.3622236943382,4406.099826935316,54.0,0.08206859886326451,-1.3699079206820526,0.08209464319855528,-1.36732290727414,0.017397015572304504,0.3102536552472061
1852,24,372,476.8845411410292,4318.364085281663,556.3622236943382,4406.099826935316,54.0,0.08206859886326451,-0.8555215087056889,0.08209464319855528,-0.8548971673496161,0.017397015572304504,0.2039014050438617
1853,56,372,677.3923123197425,4458.591690875839,556.3622236943382,4406.099826935316,54.0,0.08206859886326451,-1.2598165985180947,0.08209464319855528,-1.2579284393493273,0.017397015572304504,0.27833065202174323
1854,30,372,625.9985091941669,4344.425799606012,556.3622236943382,4406.099826935316,54.0,0.08206859886326451,-0.6489330873356097,0.08209464319855528,-0.6492965827409294,0.017397015572304504,0.1648060594246813
1855,30,373,625.9985091941669,4344.425799606012,507.007626677084,4418.914577252973,54.0,0.08206859886326451,-0.9720706845727449,0.08209464319855528,-0.9704038965177242,0.017397015572304504,0.25432776783842115
1856,33,373,633.1852302568241,4317.679688677003,507.007626677084,4418.914577252973,54.0,0.08206859886326451,-1.2907764747212083,0.08209464319855528,-1.289984751117625,0.017397015572304504,0.3034727587188165
1857,23,373,492.6610906216525,4339.6404706179,507.007626677084,4418.914577252973,54.0,0.08206859886326451,-0.7001996131973399,0.08209464319855528,-0.7038917659674575,0.017397015572304504,0.14597358178157466
1858,7,373,477.9085898257795,4404.037580305916,507.007626677084,4418.914577252973,54.0,0.08206859886326451,-0.4739587793415694,0.08209464319855528,-0.47401206617462494,0.017397015572304504,0.0744920625465044
1859,24,373,476.8845411410292,4318.364085281663,507.007626677084,4418.914577252973,54.0,0.08206859886326451,-1.0449921743891348,0.08209464319855528,-1.047876776867248,0.017397015572304504,0.18776441713596312
1860,34,373,645.8872104090177,4370.307858894735,507.007626677084,4418.914577252973,54.0,0.08206859886326451,-1.0699779229787687,0.08209464319855528,-1.0693984679963024,0.017397015572304504,0.2778181963496089
1861,57,373,688.226455777822,4457.521568699916,507.007626677084,4418.914577252973,54.0,0.08206859886326451,-1.6292430805542237,0.08209464319855528,-1.6282101996325054,0.017397015572304504,0.3985378697819723
1862,56,373,677.3923123197425,4458.591690875839,507.007626677084,4418.914577252973,54.0,0.08206859886326451,-1.5281281409996585,0.08209464319855528,-1.5280750736383908,0.017397015572304504,0.37237203524617213
1863,26,373,492.46916862384336,4319.554466150916,507.007626677084,4418.914577252973,54.0,0.08206859886326451,-0.9051421581315479,0.08209464319855528,-0.9089519199936735,0.017397015572304504,0.17986338096216803
1864,32,373,334.71484028241383,4482.861045979598,507.007626677084,4418.914577252973,54.0,0.08206859886326451,-1.4896590331437505,0.08209464319855528,-1.487861747352245,0.017397015572304504,0.45860916198205337
1865,49,373,663.3163926639071,4436.617662823868,507.007626677084,4418.914577252973,54.0,0.08206859886326451,-1.377537359083118,0.08209464319855528,-1.3752044072121872,0.017397015572304504,0.3312603733980588
1866,33,374,633.1852302568241,4317.679688677003,504.4577215216528,4438.979738557756,54.0,0.08206859886326451,-1.3138035891568245,0.08209464319855528,-1.3105895749274852,0.017397015572304504,0.3219513621531037
1867,49,374,663.3163926639071,4436.617662823868,504.4577215216528,4438.979738557756,54.0,0.08206859886326451,-1.3734896598948239,0.08209464319855528,-1.3716354830839594,0.017397015572304504,0.33467737464780856
1868,23,374,492.6610906216525,4339.6404706179,504.4577215216528,4438.979738557756,54.0,0.08206859886326451,-0.9391618115718592,0.08209464319855528,-0.9411275286280322,0.017397015572304504,0.18403593718709335
1869,34,374,645.8872104090177,4370.307858894735,504.4577215216528,4438.979738557756,54.0,0.08206859886326451,-1.1571353414875025,0.08209464319855528,-1.1564409206359862,0.017397015572304504,0.30026117445728584
1870,32,374,334.71484028241383,4482.861045979598,504.4577215216528,4438.979738557756,54.0,0.08206859886326451,-1.3057666199076734,0.08209464319855528,-1.3011701759801286,0.017397015572304504,0.43197622592267204
1871,59,374,687.7533482500393,4462.8415205037,504.4577215216528,4438.979738557756,54.0,0.08206859886326451,-1.6286954858040266,0.08209464319855528,-1.6259592559373037,0.017397015572304504,0.40762671869440403
1872,57,374,688.226455777822,4457.521568699916,504.4577215216528,4438.979738557756,54.0,0.08206859886326451,-1.621339421294611,0.08209464319855528,-1.619108364511944,0.017397015572304504,0.40399414733356503
1873,56,374,677.3923123197425,4458.591690875839,504.4577215216528,4438.979738557756,54.0,0.08206859886326451,-1.53178751438501,0.08209464319855528,-1.5294384830814405,0.017397015572304504,0.3736019909399094
1874,30,374,625.9985091941669,4344.425799606012,504.4577215216528,4438.979738557756,54.0,0.08206859886326451,-0.9789228976297989,0.08209464319855528,-0.9755640681209858,0.017397015572304504,0.2730743206567753
1875,24,374,476.8845411410292,4318.364085281663,504.4577215216528,4438.979738557756,54.0,0.08206859886326451,-1.3545222773142305,0.08209464319855528,-1.3561689297503627,0.017397015572304504,0.22896813816507544
1876,33,375,633.1852302568241,4317.679688677003,538.408480740028,4431.916543109024,54.0,0.08206859886326451,-1.0829237316947653,0.08209464319855528,-1.0834469837382346,0.017397015572304504,0.27072115138399894
1877,34,375,645.8872104090177,4370.307858894735,538.408480740028,4431.916543109024,54.0,0.08206859886326451,-0.9738733383284555,0.08209464319855528,-0.9745982716241157,0.017397015572304504,0.24227364658402
1878,7,375,477.9085898257795,4404.037580305916,538.408480740028,4431.916543109024,54.0,0.08206859886326451,-0.6871209760347436,0.08209464319855528,-0.6875769729766046,0.017397015572304504,0.14011726276565967
1879,24,375,476.8845411410292,4318.364085281663,538.408480740028,4431.916543109024,54.0,0.08206859886326451,-0.9886420609080827,0.08209464319855528,-0.9904871307111708,0.017397015572304504,0.22630020311192603
1880,30,375,625.9985091941669,4344.425799606012,538.408480740028,4431.916543109024,54.0,0.08206859886326451,-0.7815412411024235,0.08209464319855528,-0.782640460370595,0.017397015572304504,0.21945119981112393
1881,23,375,492.6610906216525,4339.6404706179,538.408480740028,4431.916543109024,54.0,0.08206859886326451,-0.6491469407302054,0.08209464319855528,-0.6500529848721797,0.017397015572304504,0.18036857582498195
1882,33,376,633.1852302568241,4317.679688677003,524.7277800422952,4456.789074584238,54.0,0.08206859886326451,-1.2025918325160925,0.08209464319855528,-1.2036488952454187,0.017397015572304504,0.32458908240242157
1883,49,376,663.3163926639071,4436.617662823868,524.7277800422952,4456.789074584238,54.0,0.08206859886326451,-1.2519087718680557,0.08209464319855528,-1.2479263692571463,0.017397015572304504,0.30706938420378466
1884,56,376,677.3923123197425,4458.591690875839,524.7277800422952,4456.789074584238,54.0,0.08206859886326451,-1.3661845700699915,0.08209464319855528,-1.362279115408438,0.017397015572304504,0.34867562756937925
1885,57,376,688.226455777822,4457.521568699916,524.7277800422952,4456.789074584238,54.0,0.08206859886326451,-1.4702194178695167,0.08209464319855528,-1.4657333409368565,0.017397015572304504,0.37914580274068116
1886,7,376,477.9085898257795,4404.037580305916,524.7277800422952,4456.789074584238,54.0,0.08206859886326451,-0.8036532826610854,0.08209464319855528,-0.8031376912422986,0.017397015572304504,0.14946551742421182
1887,59,376,687.7533482500393,4462.8415205037,524.7277800422952,4456.789074584238,54.0,0.08206859886326451,-1.467827955350196,0.08209464319855528,-1.463360674210529,0.017397015572304504,0.37836999125107024
1888,34,376,645.8872104090177,4370.307858894735,524.7277800422952,4456.789074584238,54.0,0.08206859886326451,-1.148336685311601,0.08209464319855528,-1.146419342610913,0.017397015572304504,0.2950018162305044
1889,32,376,334.71484028241383,4482.861045979598,524.7277800422952,4456.789074584238,54.0,0.08206859886326451,-1.3842414385407058,0.08209464319855528,-1.378248970450456,0.017397015572304504,0.4665801972502912
1890,30,376,625.9985091941669,4344.425799606012,524.7277800422952,4456.789074584238,54.0,0.08206859886326451,-0.9074047820665765,0.08209464319855528,-0.9087426428374087,0.017397015572304504,0.2719603109067288
1891,33,377,633.1852302568241,4317.679688677003,485.3956997431978,4374.153861375261,54.0,0.08206859886326451,-1.198452466741362,0.08209464319855528,-1.1920168396131408,0.017397015572304504,0.2933045669339603
1892,7,377,477.9085898257795,4404.037580305916,485.3956997431978,4374.153861375261,54.0,0.08206859886326451,-0.32594871910348805,0.08209464319855528,-0.32652386385112814,0.017397015572304504,0.056932947388426
1893,8,377,404.480912881415,4338.111065579622,485.3956997431978,4374.153861375261,54.0,0.08206859886326451,-0.6763915958799422,0.08209464319855528,-0.6750073169132261,0.017397015572304504,0.20441529031727831
1894,26,377,492.46916862384336,4319.554466150916,485.3956997431978,4374.153861375261,54.0,0.08206859886326451,-0.6045509055059113,0.08209464319855528,-0.6060780902329891,0.017397015572304504,0.0947756242688732
1895,34,377,645.8872104090177,4370.307858894735,485.3956997431978,4374.153861375261,54.0,0.08206859886326451,-1.1995446537577463,0.08209464319855528,-1.1946269328716304,0.017397015572304504,0.2883270512727955
1896,32,377,334.71484028241383,4482.861045979598,485.3956997431978,4374.153861375261,54.0,0.08206859886326451,-1.322158874971254,0.08209464319855528,-1.3210662930838548,0.017397015572304504,0.44487602136127685
1897,30,377,625.9985091941669,4344.425799606012,485.3956997431978,4374.153861375261,54.0,0.08206859886326451,-1.1038265921981116,0.08209464319855528,-1.1008393927605213,0.017397015572304504,0.24956368239488821
1898,24,377,476.8845411410292,4318.364085281663,485.3956997431978,4374.153861375261,54.0,0.08206859886326451,-0.6195583353644019,0.08209464319855528,-0.6210996787870326,0.017397015572304504,0.0972066034720214
1899,29,377,679.1344462972443,4226.875249913833,485.3956997431978,4374.153861375261,54.0,0.08206859886326451,-1.9299751705227965,0.08209464319855528,-1.9269677350098222,0.017397015572304504,0.5232389794737056
1900,23,377,492.6610906216525,4339.6404706179,485.3956997431978,4374.153861375261,54.0,0.08206859886326451,-0.3638611893528256,0.08209464319855528,-0.36529753807014065,0.017397015572304504,0.06057851683562983
1901,59,378,687.7533482500393,4462.8415205037,529.1168317879833,4454.262917514842,54.0,0.08206859886326451,-1.4480016936744702,0.08209464319855528,-1.4439136765033254,0.017397015572304504,0.36990440242569333
1902,68,378,607.5300941255965,4399.875364871049,529.1168317879833,4454.262917514842,54.0,0.08206859886326451,-0.6806298447983992,0.08209464319855528,-0.6782664994687233,0.017397015572304504,0.1818549523108635
1903,32,378,334.71484028241383,4482.861045979598,529.1168317879833,4454.262917514842,54.0,0.08206859886326451,-1.4069050778032697,0.08209464319855528,-1.4001692052551202,0.017397015572304504,0.4757349018952428
1904,33,378,633.1852302568241,4317.679688677003,529.1168317879833,4454.262917514842,54.0,0.08206859886326451,-1.1835170823051002,0.08209464319855528,-1.1850380078152616,0.017397015572304504,0.3162121858802887
1905,23,378,492.6610906216525,4339.6404706179,529.1168317879833,4454.262917514842,54.0,0.08206859886326451,-0.8959791359664292,0.08209464319855528,-0.8983135771553824,0.017397015572304504,0.22163273024569513
1906,69,378,685.3230867940251,4391.141433827922,529.1168317879833,4454.262917514842,54.0,0.08206859886326451,-1.6359431877499753,0.08209464319855528,-1.6360831183214009,0.017397015572304504,0.3845242079699832
1907,49,378,663.3163926639071,4436.617662823868,529.1168317879833,4454.262917514842,54.0,0.08206859886326451,-1.2279088384529682,0.08209464319855528,-1.2244570249278282,0.017397015572304504,0.29628921550053045
1908,30,378,625.9985091941669,4344.425799606012,529.1168317879833,4454.262917514842,54.0,0.08206859886326451,-0.8887721602883847,0.08209464319855528,-0.890256481236985,0.017397015572304504,0.26294990514022715
1909,56,378,677.3923123197425,4458.591690875839,529.1168317879833,4454.262917514842,54.0,0.08206859886326451,-1.3457404902133348,0.08209464319855528,-1.3422159895310746,0.017397015572304504,0.34005242561565463
1910,57,378,688.226455777822,4457.521568699916,529.1168317879833,4454.262917514842,54.0,0.08206859886326451,-1.449532953802874,0.08209464319855528,-1.445428079981965,0.017397015572304504,0.37046562411078443
1911,34,378,645.8872104090177,4370.307858894735,529.1168317879833,4454.262917514842,54.0,0.08206859886326451,-1.1273847326494988,0.08209464319855528,-1.125772935588153,0.017397015572304504,0.2851826682733774
1912,67,378,614.1933123417826,4407.07660776138,529.1168317879833,4454.262917514842,54.0,0.08206859886326451,-0.7533042624383051,0.08209464319855528,-0.750397251246156,0.017397015572304504,0.18827749834094046
1913,16,378,513.1636048475955,4263.301540421994,529.1168317879833,4454.262917514842,54.0,0.08206859886326451,-1.049168196377922,0.08209464319855528,-1.0468318461276214,0.017397015572304504,0.338554590943412
1914,59,379,687.7533482500393,4462.8415205037,532.7418826940634,4408.404237914756,54.0,0.08206859886326451,-1.4623977584709782,0.08209464319855528,-1.4610195660794008,0.017397015572304504,0.35104557903245925
1915,49,379,663.3163926639071,4436.617662823868,532.7418826940634,4408.404237914756,54.0,0.08206859886326451,-1.1893087374684124,0.08209464319855528,-1.1851900149188328,0.017397015572304504,0.2698290691856915
1916,26,379,492.46916862384336,4319.554466150916,532.7418826940634,4408.404237914756,54.0,0.08206859886326451,-0.6380088719124863,0.08209464319855528,-0.6383493780385353,0.017397015572304504,0.167099998081143
1917,34,379,645.8872104090177,4370.307858894735,532.7418826940634,4408.404237914756,54.0,0.08206859886326451,-0.8651647936247788,0.08209464319855528,-0.8644654962663152,0.017397015572304504,0.22241084917823323
1918,68,379,607.5300941255965,4399.875364871049,532.7418826940634,4408.404237914756,54.0,0.08206859886326451,-0.5397177797522905,0.08209464319855528,-0.5376854220147318,0.017397015572304504,0.14023444801222218
1919,33,379,633.1852302568241,4317.679688677003,532.7418826940634,4408.404237914756,54.0,0.08206859886326451,-1.0509183613703148,0.08209464319855528,-1.049353582733559,0.017397015572304504,0.2457255115165332
1920,24,379,476.8845411410292,4318.364085281663,532.7418826940634,4408.404237914756,54.0,0.08206859886326451,-0.8496569333730336,0.08209464319855528,-0.8512307348665011,0.017397015572304504,0.18251377381002848
1921,56,379,677.3923123197425,4458.591690875839,532.7418826940634,4408.404237914756,54.0,0.08206859886326451,-1.3557882367348855,0.08209464319855528,-1.3547380624266814,0.017397015572304504,0.31958479584958555
1922,57,379,688.226455777822,4457.521568699916,532.7418826940634,4408.404237914756,54.0,0.08206859886326451,-1.4681290079115834,0.08209464319855528,-1.4643267348810145,0.017397015572304504,0.35013509414865635
1923,67,379,614.1933123417826,4407.07660776138,532.7418826940634,4408.404237914756,54.0,0.08206859886326451,-0.6206572100374544,0.08209464319855528,-0.6178076251588579,0.017397015572304504,0.15063191671148068
1924,23,379,494.38725640942334,4338.751242244796,532.7418826940634,4408.404237914756,54.0,0.08206859886326451,-0.5144294222648502,0.08209464319855528,-0.515188092300603,0.017397015572304504,0.1369355177798381
1925,58,379,703.3499165584745,4445.916544165671,532.7418826940634,4408.404237914756,54.0,0.08206859886326451,-1.647176714849207,0.08209464319855528,-1.6447675376932784,0.017397015572304504,0.3930328043644424
1926,32,379,334.71484028241383,4482.861045979598,532.7418826940634,4408.404237914756,54.0,0.08206859886326451,-1.6987795535994592,0.08209464319855528,-1.696648591904243,0.017397015572304504,0.5134571209148296
1927,30,379,625.9985091941669,4344.425799606012,532.7418826940634,4408.404237914756,54.0,0.08206859886326451,-0.7396908591467117,0.08209464319855528,-0.7376398751324724,0.017397015572304504,0.19900781084854574
1928,29,379,679.1344462972443,4226.875249913833,532.7418826940634,4408.404237914756,54.0,0.08206859886326451,-1.8972930932271377,0.08209464319855528,-1.889424318154136,0.017397015572304504,0.5182927331506123
1929,33,380,633.1852302568241,4317.679688677003,555.815156934327,4405.984828369565,54.0,0.08206859886326451,-0.9535107030028365,0.08209464319855528,-0.9538800120871221,0.017397015572304504,0.21479602716981122
1930,23,380,504.75274351062166,4332.980003603095,555.815156934327,4405.984828369565,54.0,0.08206859886326451,-0.42408039646877554,0.08209464319855528,-0.42205781737001896,0.017397015572304504,0.1502005965856174
1931,34,380,645.8872104090177,4370.307858894735,555.815156934327,4405.984828369565,54.0,0.08206859886326451,-0.7974474217946218,0.08209464319855528,-0.7989322726692533,0.017397015572304504,0.18678261632574517
1932,67,380,614.1933123417826,4407.07660776138,555.815156934327,4405.984828369565,54.0,0.08206859886326451,-0.5349560297547848,0.08209464319855528,-0.5331085912060661,0.017397015572304504,0.1118168562970892
1933,56,380,677.3923123197425,4458.591690875839,555.815156934327,4405.984828369565,54.0,0.08206859886326451,-1.262460707707063,0.08209464319855528,-1.2606043469428532,0.017397015572304504,0.27935852149883916
1934,68,380,607.5300941255965,4399.875364871049,555.815156934327,4405.984828369565,54.0,0.08206859886326451,-0.4573818419785684,0.08209464319855528,-0.4563733518522065,0.017397015572304504,0.10195944720469273
1935,49,380,663.3163926639071,4436.617662823868,555.815156934327,4405.984828369565,54.0,0.08206859886326451,-1.1561191313176653,0.08209464319855528,-1.1517255364701275,0.017397015572304504,0.22564282911748446
1936,30,380,625.9985091941669,4344.425799606012,555.815156934327,4405.984828369565,54.0,0.08206859886326451,-0.6501242248473326,0.08209464319855528,-0.6504289299011291,0.017397015572304504,0.1653524573562866
1937,16,380,519.0070440168354,4262.203633597157,555.815156934327,4405.984828369565,54.0,0.08206859886326451,-0.7236373361573474,0.08209464319855528,-0.7197297928605546,0.017397015572304504,0.2545920823840661
1938,24,380,476.8845411410292,4318.364085281663,555.815156934327,4405.984828369565,54.0,0.08206859886326451,-0.856775413529656,0.08209464319855528,-0.8562193195738047,0.017397015572304504,0.20330548484225378
1939,37,381,628.569594659982,4182.409690156388,533.7624093755849,4336.924325778417,54.0,0.08206859886326451,-1.5740316489764665,0.08209464319855528,-1.570503150014499,0.017397015572304504,0.3886651848703483
1940,43,381,630.0947010611478,4141.259609929846,533.7624093755849,4336.924325778417,54.0,0.08206859886326451,-1.9879586953882622,0.08209464319855528,-1.989382974399469,0.017397015572304504,0.46901185677388213
1941,23,381,504.75274351062166,4332.980003603095,533.7624093755849,4336.924325778417,54.0,0.08206859886326451,-0.14272991509828042,0.08209464319855528,-0.14272482113002838,0.017397015572304504,0.04828896091674177
1942,68,381,607.5300941255965,4399.875364871049,533.7624093755849,4336.924325778417,54.0,0.08206859886326451,-0.7124583348512623,0.08209464319855528,-0.7136138969016966,0.017397015572304504,0.17565884563236242
1943,33,381,633.1852302568241,4317.679688677003,533.7624093755849,4336.924325778417,54.0,0.08206859886326451,-0.858779375924005,0.08209464319855528,-0.8555294168226001,0.017397015572304504,0.21099674943213442
1944,69,381,685.3230867940251,4391.141433827922,533.7624093755849,4336.924325778417,54.0,0.08206859886326451,-1.4567572913675597,0.08209464319855528,-1.4550089603266498,0.017397015572304504,0.34407042894552653
1945,30,381,625.9985091941669,4344.425799606012,533.7624093755849,4336.924325778417,54.0,0.08206859886326451,-0.8177799099452286,0.08209464319855528,-0.8142891903373037,0.017397015572304504,0.17317049219768538
1946,57,381,688.226455777822,4457.521568699916,533.7624093755849,4336.924325778417,54.0,0.08206859886326451,-1.9038807885813214,0.08209464319855528,-1.8990501902326191,0.017397015572304504,0.4139710823211037
1947,35,381,583.2192292927565,4207.570440686977,533.7624093755849,4336.924325778417,54.0,0.08206859886326451,-1.0733049389103433,0.08209464319855528,-1.07378024032071,0.017397015572304504,0.27427382495085956
1948,44,381,472.0029937650396,4104.126300266757,533.7624093755849,4336.924325778417,54.0,0.08206859886326451,-1.6763348407447496,0.08209464319855528,-1.6696393572324288,0.017397015572304504,0.4280554852839545
1949,26,381,492.46916862384336,4319.554466150916,533.7624093755849,4336.924325778417,54.0,0.08206859886326451,-0.28113247053603974,0.08209464319855528,-0.2810883337501122,0.017397015572304504,0.07641540534187763
1950,16,381,519.0070440168354,4262.203633597157,533.7624093755849,4336.924325778417,54.0,0.08206859886326451,-0.4347069149835085,0.08209464319855528,-0.4333671917741063,0.017397015572304504,0.13464400958817133
1951,29,381,679.1344462972443,4226.875249913833,533.7624093755849,4336.924325778417,54.0,0.08206859886326451,-1.5210111634782764,0.08209464319855528,-1.5171716978508738,0.017397015572304504,0.4186058756846813
1952,24,381,476.8845411410292,4318.364085281663,533.7624093755849,4336.924325778417,54.0,0.08206859886326451,-0.4449105142413534,0.08209464319855528,-0.44502352311150384,0.017397015572304504,0.10202351714767448
1953,67,381,614.1933123417826,4407.07660776138,533.7624093755849,4336.924325778417,54.0,0.08206859886326451,-0.8285047798571936,0.08209464319855528,-0.8284740305168379,0.017397015572304504,0.19245239915795692
1954,49,381,663.3163926639071,4436.617662823868,533.7624093755849,4336.924325778417,54.0,0.08206859886326451,-1.5496994380606115,0.08209464319855528,-1.5476944272126356,0.017397015572304504,0.3297108710219699
1955,34,381,645.8872104090177,4370.307858894735,533.7624093755849,4336.924325778417,54.0,0.08206859886326451,-0.9811913756474674,0.08209464319855528,-0.976843999168183,0.017397015572304504,0.2199880995356175
1956,56,381,677.3923123197425,4458.591690875839,533.7624093755849,4336.924325778417,54.0,0.08206859886326451,-1.7992187043932617,0.08209464319855528,-1.7945990534931813,0.017397015572304504,0.3766343921230527
1957,29,382,679.1344462972443,4226.875249913833,530.4685985461446,4301.8986450225775,54.0,0.08206859886326451,-1.4809949413708219,0.08209464319855528,-1.4767646352306205,0.017397015572304504,0.387605799734804
1958,43,382,630.0947010611478,4141.259609929846,530.4685985461446,4301.8986450225775,54.0,0.08206859886326451,-1.643239560988109,0.08209464319855528,-1.6474338360072103,0.017397015572304504,0.41078989266230803
1959,68,382,607.5300941255965,4399.875364871049,530.4685985461446,4301.8986450225775,54.0,0.08206859886326451,-0.9275573111585451,0.08209464319855528,-0.9249715785063891,0.017397015572304504,0.2220549494483414
1960,35,382,583.2192292927565,4207.570440686977,530.4685985461446,4301.8986450225775,54.0,0.08206859886326451,-0.7823338453033359,0.08209464319855528,-0.7840875796791783,0.017397015572304504,0.21829335069941358
1961,16,382,519.0070440168354,4262.203633597157,530.4685985461446,4301.8986450225775,54.0,0.08206859886326451,-0.26591862389176346,0.08209464319855528,-0.2649637768466962,0.017397015572304504,0.07702263982822603
1962,37,382,628.569594659982,4182.409690156388,530.4685985461446,4301.8986450225775,54.0,0.08206859886326451,-1.30362480977919,0.08209464319855528,-1.3059144170955905,0.017397015572304504,0.3294421656793036
1963,30,382,625.9985091941669,4344.425799606012,530.4685985461446,4301.8986450225775,54.0,0.08206859886326451,-0.8689206987766829,0.08209464319855528,-0.8672030914929275,0.017397015572304504,0.1927450840586468
1964,23,382,497.4898291573873,4319.884180805564,530.4685985461446,4301.8986450225775,54.0,0.08206859886326451,-0.242246176848405,0.08209464319855528,-0.24164086275363067,0.017397015572304504,0.06425599757386687
1965,24,382,476.8845411410292,4318.364085281663,530.4685985461446,4301.8986450225775,54.0,0.08206859886326451,-0.4627130168510379,0.08209464319855528,-0.4623299307129318,0.017397015572304504,0.09826508353073048
1966,67,382,614.1933123417826,4407.07660776138,530.4685985461446,4301.8986450225775,54.0,0.08206859886326451,-1.051884481703287,0.08209464319855528,-1.0483164388082367,0.017397015572304504,0.24049602348928537
1967,34,382,645.8872104090177,4370.307858894735,530.4685985461446,4301.8986450225775,54.0,0.08206859886326451,-1.126639515475527,0.08209464319855528,-1.1216100752207492,0.017397015572304504,0.25069674952400184
1968,44,382,472.0029937650396,4104.126300266757,530.4685985461446,4301.8986450225775,54.0,0.08206859886326451,-1.5212990822436485,0.08209464319855528,-1.5159632736429831,0.017397015572304504,0.3732342451264035
1969,26,382,492.46916862384336,4319.554466150916,530.4685985461446,4301.8986450225775,54.0,0.08206859886326451,-0.299441448842256,0.08209464319855528,-0.29889300799505425,0.017397015572304504,0.07310355989732314
1970,32,383,334.71484028241383,4482.861045979598,514.5322622025869,4456.751426788521,54.0,0.08206859886326451,-1.2962807371075709,0.08209464319855528,-1.2897749731912338,0.017397015572304504,0.44494955315377804
1971,59,383,687.7533482500393,4462.8415205037,514.5322622025869,4456.751426788521,54.0,0.08206859886326451,-1.5559988905093116,0.08209464319855528,-1.5517505803842297,0.017397015572304504,0.4000258757955141
1972,23,383,492.6610906216525,4339.6404706179,514.5322622025869,4456.751426788521,54.0,0.08206859886326451,-1.0007378874853907,0.08209464319855528,-1.0038784197358854,0.017397015572304504,0.22182275051036282
1973,68,383,607.5300941255965,4399.875364871049,514.5322622025869,4456.751426788521,54.0,0.08206859886326451,-0.7733049347547394,0.08209464319855528,-0.7721499609266953,0.017397015572304504,0.20795157228332123
1974,49,383,663.3163926639071,4436.617662823868,514.5322622025869,4456.751426788521,54.0,0.08206859886326451,-1.337291551371137,0.08209464319855528,-1.333639519292829,0.017397015572304504,0.32719756877949857
1975,57,383,688.226455777822,4457.521568699916,514.5322622025869,4456.751426788521,54.0,0.08206859886326451,-1.5585142387912945,0.08209464319855528,-1.5542461029325452,0.017397015572304504,0.4008350548640402
1976,56,383,677.3923123197425,4458.591690875839,514.5322622025869,4456.751426788521,54.0,0.08206859886326451,-1.45439622945482,0.08209464319855528,-1.4507093491342933,0.017397015572304504,0.370343044761096
1977,34,383,645.8872104090177,4370.307858894735,514.5322622025869,4456.751426788521,54.0,0.08206859886326451,-1.2020481623541974,0.08209464319855528,-1.2022329617782521,0.017397015572304504,0.31085979182701046
1978,16,383,513.1636048475955,4263.301540421994,514.5322622025869,4456.751426788521,54.0,0.08206859886326451,-1.2654430670213772,0.08209464319855528,-1.2643601053008953,0.017397015572304504,0.35150344650288257
1979,67,383,614.1933123417826,4407.07660776138,514.5322622025869,4456.751426788521,54.0,0.08206859886326451,-0.8436875685934224,0.08209464319855528,-0.841458857007656,0.017397015572304504,0.21476686517477572
1980,30,383,625.9985091941669,4344.425799606012,514.5322622025869,4456.751426788521,54.0,0.08206859886326451,-0.9798727864362851,0.08209464319855528,-0.9812341096986017,0.017397015572304504,0.2849892918303003
1981,33,384,633.1852302568241,4317.679688677003,548.53915137937,4457.937093293264,54.0,0.08206859886326451,-1.1963855007379995,0.08209464319855528,-1.1971670027465526,0.017397015572304504,0.30956324932586593
1982,16,384,515.343860107242,4262.861565575985,548.53915137937,4457.937093293264,54.0,0.08206859886326451,-1.001096412017498,0.08209464319855528,-0.9948561306638298,0.017397015572304504,0.3498523909989002
1983,68,384,607.5300941255965,4399.875364871049,548.53915137937,4457.937093293264,54.0,0.08206859886326451,-0.6978119736027286,0.08209464319855528,-0.6958270230521735,0.017397015572304504,0.1641532057140006
1984,34,384,645.8872104090177,4370.307858894735,548.53915137937,4457.937093293264,54.0,0.08206859886326451,-1.1875248292133331,0.08209464319855528,-1.185243349113577,0.017397015572304504,0.26888409694077636
1985,23,384,492.6610906216525,4339.6404706179,548.53915137937,4457.937093293264,54.0,0.08206859886326451,-0.7822475335108383,0.08209464319855528,-0.7828157559818242,0.017397015572304504,0.23401878157441408
1986,67,384,614.1933123417826,4407.07660776138,548.53915137937,4457.937093293264,54.0,0.08206859886326451,-0.7578392273544984,0.08209464319855528,-0.7557106229096977,0.017397015572304504,0.1679041862103945
1987,30,384,625.9985091941669,4344.425799606012,548.53915137937,4457.937093293264,54.0,0.08206859886326451,-0.968006486504028,0.08209464319855528,-0.9680651070809321,0.017397015572304504,0.2549349460023835
1988,34,385,645.8872104090177,4370.307858894735,566.5828788927461,4457.8640046212495,54.0,0.08206859886326451,-1.2329763032440637,0.08209464319855528,-1.2304292499237153,0.017397015572304504,0.2500436402138129
1989,68,385,607.5300941255965,4399.875364871049,566.5828788927461,4457.8640046212495,54.0,0.08206859886326451,-0.7277768790595952,0.08209464319855528,-0.7263092556702713,0.017397015572304504,0.1455776144348553
1990,57,385,688.226455777822,4457.521568699916,566.5828788927461,4457.8640046212495,54.0,0.08206859886326451,-1.2653761642282286,0.08209464319855528,-1.2634785318297923,0.017397015572304504,0.2941317401547988
1991,59,385,687.7533482500393,4462.8415205037,566.5828788927461,4457.8640046212495,54.0,0.08206859886326451,-1.2637232411120725,0.08209464319855528,-1.2618467557560185,0.017397015572304504,0.2934709255412345
1992,49,385,663.3163926639071,4436.617662823868,566.5828788927461,4457.8640046212495,54.0,0.08206859886326451,-1.049591453316286,0.08209464319855528,-1.0486886113504588,0.017397015572304504,0.2348549789942075
1993,67,385,614.1933123417826,4407.07660776138,566.5828788927461,4457.8640046212495,54.0,0.08206859886326451,-0.7606519469557098,0.08209464319855528,-0.7589149744673207,0.017397015572304504,0.14556664460081792
1994,33,385,633.1852302568241,4317.679688677003,566.5828788927461,4457.8640046212495,54.0,0.08206859886326451,-1.2986377648107075,0.08209464319855528,-1.298897099946438,0.017397015572304504,0.30727215381894507
1995,23,385,499.82723412204166,4335.752917918386,566.5828788927461,4457.8640046212495,54.0,0.08206859886326451,-0.7110949484076763,0.08209464319855528,-0.7091258246641458,0.017397015572304504,0.24906019457745654
1996,16,385,519.0070440168354,4262.203633597157,566.5828788927461,4457.8640046212495,54.0,0.08206859886326451,-1.0110758327532807,0.08209464319855528,-1.0077474897087044,0.017397015572304504,0.3576530169014749
1997,30,385,625.9985091941669,4344.425799606012,566.5828788927461,4457.8640046212495,54.0,0.08206859886326451,-1.0721076756593522,0.08209464319855528,-1.072204177740401,0.017397015572304504,0.24685912986353553
1998,56,385,677.3923123197425,4458.591690875839,566.5828788927461,4457.8640046212495,54.0,0.08206859886326451,-1.1620528773051373,0.08209464319855528,-1.1607374582814833,0.017397015572304504,0.26378406167400176
1999,33,386,633.1852302568241,4317.679688677003,560.6999742572023,4437.5564168372,54.0,0.08206859886326451,-1.0744574633163362,0.08209464319855528,-1.075632370886354,0.017397015572304504,0.2625819619803933
2000,23,386,503.8019257486624,4333.534354749648,560.6999742572023,4437.5564168372,54.0,0.08206859886326451,-0.5966875721730946,0.08209464319855528,-0.5946421983760778,0.017397015572304504,0.20742395347653766
2001,67,386,614.1933123417826,4407.07660776138,560.6999742572023,4437.5564168372,54.0,0.08206859886326451,-0.6092656812940309,0.08209464319855528,-0.6070927277562647,0.017397015572304504,0.12262546281840209
2002,68,386,607.5300941255965,4399.875364871049,560.6999742572023,4437.5564168372,54.0,0.08206859886326451,-0.5559583344116945,0.08209464319855528,-0.5540181377960969,0.017397015572304504,0.11830845894573762
2003,16,386,519.0070440168354,4262.203633597157,560.6999742572023,4437.5564168372,54.0,0.08206859886326451,-0.9061849022450503,0.08209464319855528,-0.9031101385762235,0.017397015572304504,0.3158833805369744
2004,34,386,645.8872104090177,4370.307858894735,560.6999742572023,4437.5564168372,54.0,0.08206859886326451,-1.0062518422661542,0.08209464319855528,-1.004568502415567,0.017397015572304504,0.2199589499540585
2005,30,386,625.9985091941669,4344.425799606012,560.6999742572023,4437.5564168372,54.0,0.08206859886326451,-0.837026718494704,0.08209464319855528,-0.8376095771285497,0.017397015572304504,0.20775580128983492
2006,67,387,614.1933123417826,4407.07660776138,495.98772785766295,4443.197207172899,54.0,0.08206859886326451,-0.9215398200986125,0.08209464319855528,-0.9192534320054588,0.017397015572304504,0.23220895635138056
2007,30,387,625.9985091941669,4344.425799606012,495.98772785766295,4443.197207172899,54.0,0.08206859886326451,-1.074393368752097,0.08209464319855528,-1.0712694033227521,0.017397015572304504,0.292875542044444
2008,23,387,492.6610906216525,4339.6404706179,495.98772785766295,4443.197207172899,54.0,0.08206859886326451,-1.2102193257220955,0.08209464319855528,-1.2135662893210712,0.017397015572304504,0.20265692006427868
2009,34,387,645.8872104090177,4370.307858894735,495.98772785766295,4443.197207172899,54.0,0.08206859886326451,-1.24574743201389,0.08209464319855528,-1.2452466630916292,0.017397015572304504,0.3198261964938995
2010,68,387,607.5300941255965,4399.875364871049,495.98772785766295,4443.197207172899,54.0,0.08206859886326451,-0.8529013746614375,0.08209464319855528,-0.8509112388386274,0.017397015572304504,0.22375159333332942
2011,16,387,513.1636048475955,4263.301540421994,495.98772785766295,4443.197207172899,54.0,0.08206859886326451,-1.409133113845196,0.08209464319855528,-1.4096903943158443,0.017397015572304504,0.3376096131059557
2012,32,387,334.71484028241383,4482.861045979598,495.98772785766295,4443.197207172899,54.0,0.08206859886326451,-1.198113179551119,0.08209464319855528,-1.1933767723282835,0.017397015572304504,0.41176631964867144
2013,49,388,663.3163926639071,4436.617662823868,516.32703292139,4436.776156702188,54.0,0.08206859886326451,-1.2850460413146625,0.08209464319855528,-1.2836199209873929,0.017397015572304504,0.3124210850614746
2014,57,388,688.226455777822,4457.521568699916,516.32703292139,4436.776156702188,54.0,0.08206859886326451,-1.5217279700085007,0.08209464319855528,-1.520604871132266,0.017397015572304504,0.3819913906234363
2015,69,388,685.3230867940251,4391.141433827922,516.32703292139,4436.776156702188,54.0,0.08206859886326451,-1.607993203886326,0.08209464319855528,-1.607415986017554,0.017397015572304504,0.3770183099717255
2016,30,388,625.9985091941669,4344.425799606012,516.32703292139,4436.776156702188,54.0,0.08206859886326451,-0.8853784378242983,0.08209464319855528,-0.8834256621129218,0.017397015572304504,0.253212974208312
2017,34,388,645.8872104090177,4370.307858894735,516.32703292139,4436.776156702188,54.0,0.08206859886326451,-1.0740324922438829,0.08209464319855528,-1.0740629371873571,0.017397015572304504,0.2796811683779869
2018,33,388,633.1852302568241,4317.679688677003,516.32703292139,4436.776156702188,54.0,0.08206859886326451,-1.196090315024514,0.08209464319855528,-1.1930530247378544,0.017397015572304504,0.3006139548781067
2019,59,388,687.7533482500393,4462.8415205037,516.32703292139,4436.776156702188,54.0,0.08206859886326451,-1.5490974944446032,0.08209464319855528,-1.54669946396165,0.017397015572304504,0.3825619123734067
2020,68,388,607.5300941255965,4399.875364871049,516.32703292139,4436.776156702188,54.0,0.08206859886326451,-0.6777453514408924,0.08209464319855528,-0.6762201990138472,0.017397015572304504,0.18280917938097413
2021,32,388,334.71484028241383,4482.861045979598,516.32703292139,4436.776156702188,54.0,0.08206859886326451,-1.3883982744955246,0.08209464319855528,-1.3833754933288713,0.017397015572304504,0.45431539790743225
2022,56,388,677.3923123197425,4458.591690875839,516.32703292139,4436.776156702188,54.0,0.08206859886326451,-1.432053990249169,0.08209464319855528,-1.4308488594208315,0.017397015572304504,0.352103656250095
2023,67,388,614.1933123417826,4407.07660776138,516.32703292139,4436.776156702188,54.0,0.08206859886326451,-0.7464132433737651,0.08209464319855528,-0.7443992276235996,0.017397015572304504,0.190774933508506
2024,23,388,492.6610906216525,4339.6404706179,516.32703292139,4436.776156702188,54.0,0.08206859886326451,-0.8145367315346961,0.08209464319855528,-0.8179040966670833,0.017397015572304504,0.1836923648070553
2025,16,388,513.1636048475955,4263.301540421994,516.32703292139,4436.776156702188,54.0,0.08206859886326451,-1.1073418060159592,0.08209464319855528,-1.1065890573729977,0.017397015572304504,0.3120925745492866
2026,49,389,663.3163926639071,4436.617662823868,536.1540880146566,4444.858609584984,54.0,0.08206859886326451,-1.1807481618406117,0.08209464319855528,-1.1795605056707956,0.017397015572304504,0.2767292352568743
2027,59,389,687.7533482500393,4462.8415205037,536.1540880146566,4444.858609584984,54.0,0.08206859886326451,-1.4173909081483893,0.08209464319855528,-1.4155755144144384,0.017397015572304504,0.3504696061423588
2028,57,389,688.226455777822,4457.521568699916,536.1540880146566,4444.858609584984,54.0,0.08206859886326451,-1.4317569890816058,0.08209464319855528,-1.4294591562917731,0.017397015572304504,0.34422536290414074
2029,34,389,645.8872104090177,4370.307858894735,536.1540880146566,4444.858609584984,54.0,0.08206859886326451,-1.0578179653694162,0.08209464319855528,-1.0573834096150612,0.017397015572304504,0.26275976656473177
2030,67,389,614.1933123417826,4407.07660776138,536.1540880146566,4444.858609584984,54.0,0.08206859886326451,-0.6893237975920169,0.08209464319855528,-0.6870414869896028,0.017397015572304504,0.16611417057662708
2031,32,389,334.71484028241383,4482.861045979598,536.1540880146566,4444.858609584984,54.0,0.08206859886326451,-1.4231859202719985,0.08209464319855528,-1.414858506259026,0.017397015572304504,0.48664205489393053
2032,16,389,513.1636048475955,4263.301540421994,536.1540880146566,4444.858609584984,54.0,0.08206859886326451,-0.9348439789942716,0.08209464319855528,-0.9288636250926259,0.017397015572304504,0.31855920779375785
2033,68,389,607.5300941255965,4399.875364871049,536.1540880146566,4444.858609584984,54.0,0.08206859886326451,-0.6253863880874372,0.08209464319855528,-0.6238825795775268,0.017397015572304504,0.16039941870254223
2034,56,389,677.3923123197425,4458.591690875839,536.1540880146566,4444.858609584984,54.0,0.08206859886326451,-1.3213268220968826,0.08209464319855528,-1.3198360656151318,0.017397015572304504,0.31694531851130076
2035,33,389,633.1852302568241,4317.679688677003,536.1540880146566,4444.858609584984,54.0,0.08206859886326451,-1.1344082708713548,0.08209464319855528,-1.1363921642571515,0.017397015572304504,0.29397508434905706
2036,23,389,492.6610906216525,4339.6404706179,536.1540880146566,4444.858609584984,54.0,0.08206859886326451,-0.761622614062849,0.08209464319855528,-0.7640604077384298,0.017397015572304504,0.20528722743715766
2037,67,390,614.1933123417826,4407.07660776138,546.9208165404689,4421.220011345582,54.0,0.08206859886326451,-0.5810452407629387,0.08209464319855528,-0.5791067577293009,0.017397015572304504,0.12943556745516596
2038,33,390,633.1852302568241,4317.679688677003,546.9208165404689,4421.220011345582,54.0,0.08206859886326451,-1.0295520395601478,0.08209464319855528,-1.030273951581117,0.017397015572304504,0.24627483639545478
2039,16,390,519.0070440168354,4262.203633597157,546.9208165404689,4421.220011345582,54.0,0.08206859886326451,-0.812861864899449,0.08209464319855528,-0.8077541383299802,0.017397015572304504,0.27997146611735746
2040,34,390,645.8872104090177,4370.307858894735,546.9208165404689,4421.220011345582,54.0,0.08206859886326451,-0.9035921647544838,0.08209464319855528,-0.9044377459853843,0.017397015572304504,0.21717563049801053
2041,68,390,607.5300941255965,4399.875364871049,546.9208165404689,4421.220011345582,54.0,0.08206859886326451,-0.5160843109103965,0.08209464319855528,-0.5148623783377179,0.017397015572304504,0.12215639521727334
2042,30,390,625.9985091941669,4344.425799606012,546.9208165404689,4421.220011345582,54.0,0.08206859886326451,-0.7273505748844704,0.08209464319855528,-0.7283307687497311,0.017397015572304504,0.1952220280251205
2043,23,390,499.9136158376406,4335.64194216077,546.9208165404689,4421.220011345582,54.0,0.08206859886326451,-0.4985311201234225,0.08209464319855528,-0.49693471884796414,0.017397015572304504,0.1679717163475051
2044,26,391,492.46916862384336,4319.554466150916,577.856407148501,4399.683609216996,54.0,0.08206859886326451,-0.5182722881747273,0.08209464319855528,-0.5129058080325074,0.017397015572304504,0.18789415712605587
2045,59,391,687.7533482500393,4462.8415205037,577.856407148501,4399.683609216996,54.0,0.08206859886326451,-1.4118852602410936,0.08209464319855528,-1.4051893058609104,0.017397015572304504,0.2727601785181889
2046,67,391,614.1933123417826,4407.07660776138,577.856407148501,4399.683609216996,54.0,0.08206859886326451,-0.4472625000160957,0.08209464319855528,-0.4449652482067426,0.017397015572304504,0.07637300635419947
2047,57,391,688.226455777822,4457.521568699916,577.856407148501,4399.683609216996,54.0,0.08206859886326451,-1.4163584451801259,0.08209464319855528,-1.4079969729065969,0.017397015572304504,0.26914558219412893
2048,23,391,504.75274351062166,4332.980003603095,577.856407148501,4399.683609216996,54.0,0.08206859886326451,-0.36595177140430263,0.08209464319855528,-0.3606559224038259,0.017397015572304504,0.15699262392695826
2049,34,391,645.8872104090177,4370.307858894735,577.856407148501,4399.683609216996,54.0,0.08206859886326451,-0.6904146808854995,0.08209464319855528,-0.6916698494979504,0.017397015572304504,0.14784752165840992
2050,30,391,625.9985091941669,4344.425799606012,577.856407148501,4399.683609216996,54.0,0.08206859886326451,-0.5556222973801784,0.08209464319855528,-0.556908517880308,0.017397015572304504,0.13145962423724933
2051,68,391,607.5300941255965,4399.875364871049,577.856407148501,4399.683609216996,54.0,0.08206859886326451,-0.30135047625107503,0.08209464319855528,-0.3030038036897226,0.017397015572304504,0.0633671904115729
2052,49,391,663.3163926639071,4436.617662823868,577.856407148501,4399.683609216996,54.0,0.08206859886326451,-1.1073075310430294,0.08209464319855528,-1.1020525012683156,0.017397015572304504,0.1966708359249428
2053,56,391,677.3923123197425,4458.591690875839,577.856407148501,4399.683609216996,54.0,0.08206859886326451,-1.2950128422053435,0.08209464319855528,-1.289503438262503,0.017397015572304504,0.2406117773785164
2054,24,391,476.8845411410292,4318.364085281663,577.856407148501,4399.683609216996,54.0,0.08206859886326451,-0.7430430833269385,0.08209464319855528,-0.7384399415965248,0.017397015572304504,0.21118664793073982
2055,56,392,677.3923123197425,4458.591690875839,507.9742950230683,4385.009332545608,54.0,0.08206859886326451,-1.5372808187405524,0.08209464319855528,-1.5367236042789603,0.017397015572304504,0.3719079182921617
2056,68,392,607.5300941255965,4399.875364871049,507.9742950230683,4385.009332545608,54.0,0.08206859886326451,-0.595181851390727,0.08209464319855528,-0.5973004577364085,0.017397015572304504,0.17616570943625676
2057,30,392,625.9985091941669,4344.425799606012,507.9742950230683,4385.009332545608,54.0,0.08206859886326451,-0.933517639634121,0.08209464319855528,-0.9328865515783573,0.017397015572304504,0.2232933324453999
2058,23,392,492.6610906216525,4339.6404706179,507.9742950230683,4385.009332545608,54.0,0.08206859886326451,-0.39182735389809764,0.08209464319855528,-0.39316424182280374,0.017397015572304504,0.08210699227026422
2059,32,392,334.71484028241383,4482.861045979598,507.9742950230683,4385.009332545608,54.0,0.08206859886326451,-1.5793418267442592,0.08209464319855528,-1.580903036767398,0.017397015572304504,0.47169076953109845
2060,69,392,685.3230867940251,4391.141433827922,507.9742950230683,4385.009332545608,54.0,0.08206859886326451,-1.3859027188935966,0.08209464319855528,-1.390171537513448,0.017397015572304504,0.37020989439177937
2061,29,392,679.1344462972443,4226.875249913833,507.9742950230683,4385.009332545608,54.0,0.08206859886326451,-1.7264132077164467,0.08209464319855528,-1.716520924625509,0.017397015572304504,0.5109531782070507
2062,33,392,633.1852302568241,4317.679688677003,507.9742950230683,4385.009332545608,54.0,0.08206859886326451,-1.0508503233786715,0.08209464319855528,-1.0474422834989872,0.017397015572304504,0.26401551782494015
2063,57,392,688.226455777822,4457.521568699916,507.9742950230683,4385.009332545608,54.0,0.08206859886326451,-1.6873588635950256,0.08209464319855528,-1.6837024115781385,0.017397015572304504,0.39992437429650396
2064,24,392,476.8845411410292,4318.364085281663,507.9742950230683,4385.009332545608,54.0,0.08206859886326451,-0.7170557045300457,0.08209464319855528,-0.7191283857826387,0.017397015572304504,0.12649304700473124
2065,34,392,645.8872104090177,4370.307858894735,507.9742950230683,4385.009332545608,54.0,0.08206859886326451,-0.9152867078905182,0.08209464319855528,-0.91540027899534,0.017397015572304504,0.24719070300068036
2066,49,392,663.3163926639071,4436.617662823868,507.9742950230683,4385.009332545608,54.0,0.08206859886326451,-1.4453149459403776,0.08209464319855528,-1.442343850824563,0.017397015572304504,0.31625141029845644
2067,16,392,513.1636048475955,4263.301540421994,507.9742950230683,4385.009332545608,54.0,0.08206859886326451,-0.7183318451835224,0.08209464319855528,-0.716209267515733,0.017397015572304504,0.21186156387233865
2068,67,392,614.1933123417826,4407.07660776138,507.9742950230683,4385.009332545608,54.0,0.08206859886326451,-0.7455476856741164,0.08209464319855528,-0.7443175093722793,0.017397015572304504,0.19231610883070227
2069,26,392,492.46916862384336,4319.554466150916,507.9742950230683,4385.009332545608,54.0,0.08206859886326451,-0.5922208041318141,0.08209464319855528,-0.592841063065483,0.017397015572304504,0.11508566131412762
2070,30,393,625.9985091941669,4344.425799606012,495.4096026336581,4388.202891193944,54.0,0.08206859886326451,-1.0188840507340862,0.08209464319855528,-1.0188071633631441,0.017397015572304504,0.24475060651027808
2071,23,393,492.6610906216525,4339.6404706179,495.4096026336581,4388.202891193944,54.0,0.08206859886326451,-0.49011290889256753,0.08209464319855528,-0.4918421410467174,0.017397015572304504,0.08380944773668435
2072,29,393,679.1344462972443,4226.875249913833,495.4096026336581,4388.202891193944,54.0,0.08206859886326451,-1.8430465045741096,0.08209464319855528,-1.8350713042265405,0.017397015572304504,0.5294124383900807
2073,68,393,607.5300941255965,4399.875364871049,495.4096026336581,4388.202891193944,54.0,0.08206859886326451,-0.6801947103057636,0.08209464319855528,-0.683081767407949,0.017397015572304504,0.19682387103940946
2074,24,393,476.8845411410292,4318.364085281663,495.4096026336581,4388.202891193944,54.0,0.08206859886326451,-0.7702901606970545,0.08209464319855528,-0.7721954967378134,0.017397015572304504,0.12448007358559697
2075,32,393,334.71484028241383,4482.861045979598,495.4096026336581,4388.202891193944,54.0,0.08206859886326451,-1.45838006729273,0.08209464319855528,-1.4590811501268188,0.017397015572304504,0.4472971027224943
2076,69,393,685.3230867940251,4391.141433827922,495.4096026336581,4388.202891193944,54.0,0.08206859886326451,-1.4740536820960548,0.08209464319855528,-1.4790917943037483,0.017397015572304504,0.3919302167300234
2077,33,393,633.1852302568241,4317.679688677003,495.4096026336581,4388.202891193944,54.0,0.08206859886326451,-1.1359449776645414,0.08209464319855528,-1.1325109254252905,0.017397015572304504,0.28548323892958355
2078,57,393,688.226455777822,4457.521568699916,495.4096026336581,4388.202891193944,54.0,0.08206859886326451,-1.7053054975242017,0.08209464319855528,-1.7023679675555958,0.017397015572304504,0.4207797015654172
2079,67,393,614.1933123417826,4407.07660776138,495.4096026336581,4388.202891193944,54.0,0.08206859886326451,-0.84625022735906,0.08209464319855528,-0.845774035253858,0.017397015572304504,0.2145255513710437
2080,34,393,645.8872104090177,4370.307858894735,495.4096026336581,4388.202891193944,54.0,0.08206859886326451,-1.0217127023102344,0.08209464319855528,-1.0228039954342676,0.017397015572304504,0.270804854006328
2081,16,393,513.1636048475955,4263.301540421994,495.4096026336581,4388.202891193944,54.0,0.08206859886326451,-0.8643955218080347,0.08209464319855528,-0.863138343575073,0.017397015572304504,0.2199395491810831
2082,56,393,677.3923123197425,4458.591690875839,495.4096026336581,4388.202891193944,54.0,0.08206859886326451,-1.5930097263636287,0.08209464319855528,-1.5928770476508765,0.017397015572304504,0.39086912693505693
2083,67,394,614.1933123417826,4407.07660776138,551.2834782412536,4388.438780991228,54.0,0.08206859886326451,-0.5032241232781345,0.08209464319855528,-0.5010468591916959,0.017397015572304504,0.11636693590694644
2084,24,394,476.8845411410292,4318.364085281663,551.2834782412536,4388.438780991228,54.0,0.08206859886326451,-0.7131172013992916,0.08209464319855528,-0.7109691178988989,0.017397015572304504,0.1716428143164395
2085,30,394,625.9985091941669,4344.425799606012,551.2834782412536,4388.438780991228,54.0,0.08206859886326451,-0.6584237849807187,0.08209464319855528,-0.6571193195900582,0.017397015572304504,0.15608575419471646
2086,33,394,633.1852302568241,4317.679688677003,551.2834782412536,4388.438780991228,54.0,0.08206859886326451,-0.9337734795811444,0.08209464319855528,-0.9329640431815354,0.017397015572304504,0.20013071437863048
2087,16,394,519.0070440168354,4262.203633597157,551.2834782412536,4388.438780991228,54.0,0.08206859886326451,-0.6574989183376507,0.08209464319855528,-0.6539657220141899,0.017397015572304504,0.2241896701741653
2088,34,394,645.8872104090177,4370.307858894735,551.2834782412536,4388.438780991228,54.0,0.08206859886326451,-0.7518126783075736,0.08209464319855528,-0.751161479345651,0.017397015572304504,0.17748001978843525
2089,68,394,607.5300941255965,4399.875364871049,551.2834782412536,4388.438780991228,54.0,0.08206859886326451,-0.36694044146035415,0.08209464319855528,-0.36743085534940195,0.017397015572304504,0.10209600672687066
2090,23,394,504.75274351062166,4332.980003603095,551.2834782412536,4388.438780991228,54.0,0.08206859886326451,-0.3170635032542427,0.08209464319855528,-0.3140909780057526,0.017397015572304504,0.11849032864122806
2091,24,395,476.8845411410292,4318.364085281663,558.281918566655,4368.377251679958,54.0,0.08206859886326451,-0.6127783807246777,0.08209464319855528,-0.6095772278951873,0.017397015572304504,0.15777530396087852
2092,16,395,519.0070440168354,4262.203633597157,558.281918566655,4368.377251679958,54.0,0.08206859886326451,-0.6664816170661553,0.08209464319855528,-0.6650348118681941,0.017397015572304504,0.20199824600747013
2093,67,395,614.1933123417826,4407.07660776138,558.281918566655,4368.377251679958,54.0,0.08206859886326451,-0.5628923442434858,0.08209464319855528,-0.5624871355314661,0.017397015572304504,0.12233409149810615
2094,26,395,492.46916862384336,4319.554466150916,558.281918566655,4368.377251679958,54.0,0.08206859886326451,-0.43547867234714566,0.08209464319855528,-0.4328838293685914,0.017397015572304504,0.13624500303737316
2095,68,395,607.5300941255965,4399.875364871049,558.281918566655,4368.377251679958,54.0,0.08206859886326451,-0.4446508557810938,0.08209464319855528,-0.44573076997441863,0.017397015572304504,0.10709329266086984
2096,23,395,504.75274351062166,4332.980003603095,558.281918566655,4368.377251679958,54.0,0.08206859886326451,-0.2828624256960878,0.08209464319855528,-0.2798734315449122,0.017397015572304504,0.10468466601391548
2097,30,395,625.9985091941669,4344.425799606012,558.281918566655,4368.377251679958,54.0,0.08206859886326451,-0.6807179871311342,0.08209464319855528,-0.6801915208011089,0.017397015572304504,0.13522586968589942
2098,56,396,677.3923123197425,4458.591690875839,500.0086033322366,4367.370280777083,54.0,0.08206859886326451,-1.675172153320601,0.08209464319855528,-1.6714991063811995,0.017397015572304504,0.38973934031316193
2099,16,396,513.1636048475955,4263.301540421994,500.0086033322366,4367.370280777083,54.0,0.08206859886326451,-0.6210083220078646,0.08209464319855528,-0.6181645236492666,0.017397015572304504,0.18254107002682107
2100,67,396,614.1933123417826,4407.07660776138,500.0086033322366,4367.370280777083,54.0,0.08206859886326451,-0.7978367740325627,0.08209464319855528,-0.7959772077387584,0.017397015572304504,0.21029232216280044
2101,24,396,476.8845411410292,4318.364085281663,500.0086033322366,4367.370280777083,54.0,0.08206859886326451,-0.6057482234529089,0.08209464319855528,-0.6070041013238537,0.017397015572304504,0.0931318990148084
2102,23,396,492.6610906216525,4339.6404706179,500.0086033322366,4367.370280777083,54.0,0.08206859886326451,-0.3015810468696905,0.08209464319855528,-0.30263505565579,0.017397015572304504,0.049087810271882276
2103,68,396,607.5300941255965,4399.875364871049,500.0086033322366,4367.370280777083,54.0,0.08206859886326451,-0.6634364702918363,0.08209464319855528,-0.6635296388281571,0.017397015572304504,0.19474850700379354
2104,68,397,607.5300941255965,4399.875364871049,504.0759183332692,4354.886242555075,54.0,0.08206859886326451,-0.596850672826436,0.08209464319855528,-0.5938175408259592,0.017397015572304504,0.18848577791335797
2105,69,397,685.3230867940251,4391.141433827922,504.0759183332692,4354.886242555075,54.0,0.08206859886326451,-1.5320041259868775,0.08209464319855528,-1.5303382582359824,0.017397015572304504,0.38681957110686627
2106,34,397,645.8872104090177,4370.307858894735,504.0759183332692,4354.886242555075,54.0,0.08206859886326451,-1.0429904421223737,0.08209464319855528,-1.0372886855652503,0.017397015572304504,0.2573852361709942
2107,26,397,492.46916862384336,4319.554466150916,504.0759183332692,4354.886242555075,54.0,0.08206859886326451,-0.3598360995628087,0.08209464319855528,-0.3597406111541502,0.017397015572304504,0.06320134983529721
2108,16,397,513.1636048475955,4263.301540421994,504.0759183332692,4354.886242555075,54.0,0.08206859886326451,-0.5459007823267571,0.08209464319855528,-0.5433087344547575,0.017397015572304504,0.16057311376715386
2109,35,397,583.2192292927565,4207.570440686977,504.0759183332692,4354.886242555075,54.0,0.08206859886326451,-1.0810748212646333,0.08209464319855528,-1.0822297797838232,0.017397015572304504,0.31372719335675403
2110,29,397,679.1344462972443,4226.875249913833,504.0759183332692,4354.886242555075,54.0,0.08206859886326451,-1.6917789994601242,0.08209464319855528,-1.6877671654876791,0.017397015572304504,0.4737737373894
2111,24,397,476.8845411410292,4318.364085281663,504.0759183332692,4354.886242555075,54.0,0.08206859886326451,-0.5075493908196894,0.08209464319855528,-0.5075984372593835,0.017397015572304504,0.07763242337863537
2112,57,397,688.226455777822,4457.521568699916,504.0759183332692,4354.886242555075,54.0,0.08206859886326451,-1.7968059829174254,0.08209464319855528,-1.7854377913192927,0.017397015572304504,0.4125696585471736
2113,44,397,472.0029937650396,4104.126300266757,504.0759183332692,4354.886242555075,54.0,0.08206859886326451,-1.6066390896006832,0.08209464319855528,-1.598475505230961,0.017397015572304504,0.4279469180824509
2114,67,397,614.1933123417826,4407.07660776138,504.0759183332692,4354.886242555075,54.0,0.08206859886326451,-0.7357546531732749,0.08209464319855528,-0.7311893134564976,0.017397015572304504,0.20461237900449414
2115,23,397,494.90513919633446,4338.417963407157,504.0759183332692,4354.886242555075,54.0,0.08206859886326451,-0.1732785998412166,0.08209464319855528,-0.17317007090204742,0.017397015572304504,0.03133937837396247
2116,32,397,334.71484028241383,4482.861045979598,504.0759183332692,4354.886242555075,54.0,0.08206859886326451,-1.5575282632077,0.08209464319855528,-1.5577601175277467,0.017397015572304504,0.4931444604997073
2117,56,397,677.3923123197425,4458.591690875839,504.0759183332692,4354.886242555075,54.0,0.08206859886326451,-1.6794698120610694,0.08209464319855528,-1.670919672973836,0.017397015572304504,0.3829829590384272
2118,33,397,633.1852302568241,4317.679688677003,504.0759183332692,4354.886242555075,54.0,0.08206859886326451,-1.0571094474565128,0.08209464319855528,-1.053430981257042,0.017397015572304504,0.26136906507718166
2119,30,397,625.9985091941669,4344.425799606012,504.0759183332692,4354.886242555075,54.0,0.08206859886326451,-0.9089193837967982,0.08209464319855528,-0.9026594505272191,0.017397015572304504,0.2173187511684471
2120,23,398,504.75274351062166,4332.980003603095,580.3012850433586,4369.728357564728,54.0,0.08206859886326451,-0.47772671072515144,0.08209464319855528,-0.47579906682806183,0.017397015572304504,0.14426004545320253
2121,49,398,663.3163926639071,4436.617662823868,580.3012850433586,4369.728357564728,54.0,0.08206859886326451,-1.1893636396587235,0.08209464319855528,-1.1879210631127017,0.017397015572304504,0.23085449989789714
2122,69,398,685.3230867940251,4391.141433827922,580.3012850433586,4369.728357564728,54.0,0.08206859886326451,-1.1017803052799928,0.08209464319855528,-1.1040600678341246,0.017397015572304504,0.25494982196066623
2123,68,398,607.5300941255965,4399.875364871049,580.3012850433586,4369.728357564728,54.0,0.08206859886326451,-0.4044671878758823,0.08209464319855528,-0.40612798381458054,0.017397015572304504,0.08120521974208333
2124,16,398,519.0070440168354,4262.203633597157,580.3012850433586,4369.728357564728,54.0,0.08206859886326451,-0.8244984360207561,0.08209464319855528,-0.8200319419428257,0.017397015572304504,0.2243985441470649
2125,26,398,492.46916862384336,4319.554466150916,580.3012850433586,4369.728357564728,54.0,0.08206859886326451,-0.6394025947640924,0.08209464319855528,-0.6383527393480593,0.017397015572304504,0.17595909285863442
2126,67,398,614.1933123417826,4407.07660776138,580.3012850433586,4369.728357564728,54.0,0.08206859886326451,-0.515063080996426,0.08209464319855528,-0.5155755073778602,0.017397015572304504,0.0969084159837143
2127,24,398,476.8845411410292,4318.364085281663,580.3012850433586,4369.728357564728,54.0,0.08206859886326451,-0.8044597904098909,0.08209464319855528,-0.8027404241988189,0.017397015572304504,0.19854981532786942
2128,29,398,679.1344462972443,4226.875249913833,580.3012850433586,4369.728357564728,54.0,0.08206859886326451,-1.6372717221075628,0.08209464319855528,-1.6332139991508434,0.017397015572304504,0.40773186706765985
2129,56,398,677.3923123197425,4458.591690875839,580.3012850433586,4369.728357564728,54.0,0.08206859886326451,-1.4520223653466915,0.08209464319855528,-1.4480993892915541,0.017397015572304504,0.2803236001147125
2130,30,398,625.9985091941669,4344.425799606012,580.3012850433586,4369.728357564728,54.0,0.08206859886326451,-0.5234258365642523,0.08209464319855528,-0.5233242791926176,0.017397015572304504,0.10285002192254679
2131,44,399,472.0029937650396,4104.126300266757,525.9842509759866,4353.885320843046,54.0,0.08206859886326451,-1.7098736848006406,0.08209464319855528,-1.7007033514986618,0.017397015572304504,0.4466780096009879
2132,67,399,614.1933123417826,4407.07660776138,525.9842509759866,4353.885320843046,54.0,0.08206859886326451,-0.6558402053608962,0.08209464319855528,-0.651711569690492,0.017397015572304504,0.1748263854780664
2133,37,399,628.569594659982,4182.409690156388,525.9842509759866,4353.885320843046,54.0,0.08206859886326451,-1.676462303687572,0.08209464319855528,-1.6727185606889994,0.017397015572304504,0.4224133410376035
2134,26,399,492.46916862384336,4319.554466150916,525.9842509759866,4353.885320843046,54.0,0.08206859886326451,-0.2966280670608736,0.08209464319855528,-0.29603581476874474,0.017397015572304504,0.07936581992506664
2135,16,399,513.1636048475955,4263.301540421994,525.9842509759866,4353.885320843046,54.0,0.08206859886326451,-0.5352689217130845,0.08209464319855528,-0.5324695430774314,0.017397015572304504,0.15957021224994486
2136,35,399,583.2192292927565,4207.570440686977,525.9842509759866,4353.885320843046,54.0,0.08206859886326451,-1.1553155289467638,0.08209464319855528,-1.1560016239741508,0.017397015572304504,0.3054578043802788
2137,23,399,504.75274351062166,4332.980003603095,525.9842509759866,4353.885320843046,54.0,0.08206859886326451,-0.1380046495465222,0.08209464319855528,-0.13744681095320138,0.017397015572304504,0.04791018164266364
2138,34,399,645.8872104090177,4370.307858894735,525.9842509759866,4353.885320843046,54.0,0.08206859886326451,-0.9207874805772311,0.08209464319855528,-0.9155803579472939,0.017397015572304504,0.22078161815559852
2139,30,399,625.9985091941669,4344.425799606012,525.9842509759866,4353.885320843046,54.0,0.08206859886326451,-0.7865733830623582,0.08209464319855528,-0.781269813470107,0.017397015572304504,0.1810816186890446
2140,29,399,679.1344462972443,4226.875249913833,525.9842509759866,4353.885320843046,54.0,0.08206859886326451,-1.5943295999388216,0.08209464319855528,-1.5883126454573153,0.017397015572304504,0.450507417542484
2141,24,399,476.8845411410292,4318.364085281663,525.9842509759866,4353.885320843046,54.0,0.08206859886326451,-0.4879701965719949,0.08209464319855528,-0.4875412945540441,0.017397015572304504,0.10105148431197081
2142,33,399,633.1852302568241,4317.679688677003,525.9842509759866,4353.885320843046,54.0,0.08206859886326451,-0.9137147964106187,0.08209464319855528,-0.9086864692258174,0.017397015572304504,0.22121256502089942
2143,56,399,677.3923123197425,4458.591690875839,525.9842509759866,4353.885320843046,54.0,0.08206859886326451,-1.5861839407103753,0.08209464319855528,-1.5766650892411525,0.017397015572304504,0.3494883044254949
2144,68,399,607.5300941255965,4399.875364871049,525.9842509759866,4353.885320843046,54.0,0.08206859886326451,-0.5405149246125481,0.08209464319855528,-0.5380550292704368,0.017397015572304504,0.15967539898466968
2145,23,400,504.75274351062166,4332.980003603095,571.0156044926573,4347.517470595766,54.0,0.08206859886326451,-0.389731802994057,0.08209464319855528,-0.38784765584087977,0.017397015572304504,0.11785080358297476
2146,35,400,583.2192292927565,4207.570440686977,571.0156044926573,4347.517470595766,54.0,0.08206859886326451,-1.2440778717027468,0.08209464319855528,-1.2429722191891446,0.017397015572304504,0.2988516827697172
2147,33,400,633.1852302568241,4317.679688677003,571.0156044926573,4347.517470595766,54.0,0.08206859886326451,-0.6959788040226106,0.08209464319855528,-0.6943692686692838,0.017397015572304504,0.1432412140304509
2148,37,400,628.569594659982,4182.409690156388,571.0156044926573,4347.517470595766,54.0,0.08206859886326451,-1.607457700878585,0.08209464319855528,-1.6053555962026425,0.017397015572304504,0.40610658550936657
2149,16,400,519.0070440168354,4262.203633597157,571.0156044926573,4347.517470595766,54.0,0.08206859886326451,-0.6269353749440981,0.08209464319855528,-0.623059118721746,0.017397015572304504,0.18199829928757244
2150,67,400,614.1933123417826,4407.07660776138,571.0156044926573,4347.517470595766,54.0,0.08206859886326451,-0.7448979720523358,0.08209464319855528,-0.7448268239261945,0.017397015572304504,0.13908070889096005
2151,68,400,607.5300941255965,4399.875364871049,571.0156044926573,4347.517470595766,54.0,0.08206859886326451,-0.6290476544725565,0.08209464319855528,-0.6299378999933459,0.017397015572304504,0.12155494718967257
2152,56,400,677.3923123197425,4458.591690875839,571.0156044926573,4347.517470595766,54.0,0.08206859886326451,-1.6968511654900638,0.08209464319855528,-1.6927202717821868,0.017397015572304504,0.3307777761162118
2153,29,400,679.1344462972443,4226.875249913833,571.0156044926573,4347.517470595766,54.0,0.08206859886326451,-1.4652344257965613,0.08209464319855528,-1.459049679125945,0.017397015572304504,0.392782601332956
2154,30,400,625.9985091941669,4344.425799606012,571.0156044926573,4347.517470595766,54.0,0.08206859886326451,-0.6023474245046494,0.08209464319855528,-0.6006715425294646,0.017397015572304504,0.10928652806152021
2155,26,400,492.46916862384336,4319.554466150916,571.0156044926573,4347.517470595766,54.0,0.08206859886326451,-0.5323877781021297,0.08209464319855528,-0.5303748331992142,0.017397015572304504,0.14610971057790575
2156,24,400,476.8845411410292,4318.364085281663,571.0156044926573,4347.517470595766,54.0,0.08206859886326451,-0.6905476476777374,0.08209464319855528,-0.6887386419339875,0.017397015572304504,0.17184523121572007
2157,34,400,645.8872104090177,4370.307858894735,571.0156044926573,4347.517470595766,54.0,0.08206859886326451,-0.7336905652281538,0.08209464319855528,-0.7311619463561496,0.017397015572304504,0.15069286123896183
2158,44,400,472.0029937650396,4104.126300266757,571.0156044926573,4347.517470595766,54.0,0.08206859886326451,-1.799449760963562,0.08209464319855528,-1.7922137376435645,0.017397015572304504,0.49268398092673366
2159,56,401,677.3923123197425,4458.591690875839,501.0189302378661,4338.738198947732,54.0,0.08206859886326451,-1.7159308358800003,0.08209464319855528,-1.7057708238349698,0.017397015572304504,0.39584781491340276
2160,24,401,476.8845411410292,4318.364085281663,501.0189302378661,4338.738198947732,54.0,0.08206859886326451,-0.3718803478012293,0.08209464319855528,-0.37202116583720046,0.017397015572304504,0.054865028447260406
2161,16,401,513.1636048475955,4263.301540421994,501.0189302378661,4338.738198947732,54.0,0.08206859886326451,-0.46982147604336083,0.08209464319855528,-0.4674585555760461,0.017397015572304504,0.13521372525171552
2162,26,401,492.46916862384336,4319.554466150916,501.0189302378661,4338.738198947732,54.0,0.08206859886326451,-0.24269528481373562,0.08209464319855528,-0.24275837273325124,0.017397015572304504,0.03734973484232057
2163,35,401,583.2192292927565,4207.570440686977,501.0189302378661,4338.738198947732,54.0,0.08206859886326451,-1.021599045975093,0.08209464319855528,-1.0217816126092258,0.017397015572304504,0.29652994566253094
2164,67,401,614.1933123417826,4407.07660776138,501.0189302378661,4338.738198947732,54.0,0.08206859886326451,-0.7912327922746956,0.08209464319855528,-0.7865912799276792,0.017397015572304504,0.221294950974039
2165,29,401,679.1344462972443,4226.875249913833,501.0189302378661,4338.738198947732,54.0,0.08206859886326451,-1.655835640423894,0.08209464319855528,-1.6508669599475065,0.017397015572304504,0.45512554021889007
2166,44,401,472.0029937650396,4104.126300266757,501.0189302378661,4338.738198947732,54.0,0.08206859886326451,-1.5752560347816058,0.08209464319855528,-1.56758234695713,0.017397015572304504,0.4016216601602041
2167,34,401,645.8872104090177,4370.307858894735,501.0189302378661,4338.738198947732,54.0,0.08206859886326451,-1.1171713172712472,0.08209464319855528,-1.1148078331852367,0.017397015572304504,0.27037870800264835
2168,68,401,607.5300941255965,4399.875364871049,501.0189302378661,4338.738198947732,54.0,0.08206859886326451,-0.6768878551243788,0.08209464319855528,-0.6739206854658484,0.017397015572304504,0.20587560380340159
2169,23,401,499.48170970641536,4335.863907503544,501.0189302378661,4338.738198947732,54.0,0.08206859886326451,-0.023712911685544395,0.08209464319855528,-0.02368714776923463,0.017397015572304504,0.005382988832827062
2170,32,401,334.71484028241383,4482.861045979598,501.0189302378661,4338.738198947732,54.0,0.08206859886326451,-1.7318807366191697,0.08209464319855528,-1.730066908840583,0.017397015572304504,0.5169062860390709
2171,30,401,625.9985091941669,4344.425799606012,501.0189302378661,4338.738198947732,54.0,0.08206859886326451,-0.9648148983548169,0.08209464319855528,-0.9613295960386781,0.017397015572304504,0.22500469536239362
2172,33,401,633.1852302568241,4317.679688677003,501.0189302378661,4338.738198947732,54.0,0.08206859886326451,-0.9936959907089074,0.08209464319855528,-0.9911012370295412,0.017397015572304504,0.2643300975724658
2173,37,401,628.569594659982,4182.409690156388,501.0189302378661,4338.738198947732,54.0,0.08206859886326451,-1.5563357355695138,0.08209464319855528,-1.557766537149098,0.017397015572304504,0.40720574007674787
2174,23,402,488.22501126970025,4317.7841200222265,488.2077283117417,4317.806340175813,54.0,0.08206859886326451,-0.007689251159641236,0.08209464319855528,-0.007694964552945405,0.017397015572304504,0.0012506210379545706
2175,24,402,476.8845411410292,4318.364085281663,488.2077283117417,4317.806340175813,54.0,0.08206859886326451,-0.1468194357960819,0.08209464319855528,-0.1469285279773598,0.017397015572304504,0.02387950027578075
2176,16,402,513.1636048475955,4263.301540421994,488.2077283117417,4317.806340175813,54.0,0.08206859886326451,-0.47678483354865686,0.08209464319855528,-0.4751909821268016,0.017397015572304504,0.11000218058347375
2177,56,403,677.3923123197425,4458.591690875839,500.112618383455,4313.336489856109,54.0,0.08206859886326451,-1.99802631807118,0.08209464319855528,-1.992360845677094,0.017397015572304504,0.4420043148432225
2178,34,403,645.8872104090177,4370.307858894735,500.112618383455,4313.336489856109,54.0,0.08206859886326451,-1.2136673867858796,0.08209464319855528,-1.2077585195349647,0.017397015572304504,0.2909878808787473
2179,29,403,679.1344462972443,4226.875249913833,500.112618383455,4313.336489856109,54.0,0.08206859886326451,-1.677679892951782,0.08209464319855528,-1.673180109070291,0.017397015572304504,0.44357229553227245
2180,23,403,495.32358447372434,4316.001172783029,500.112618383455,4313.336489856109,54.0,0.08206859886326451,-0.06005204070199527,0.08209464319855528,-0.06009350863959746,0.017397015572304504,0.009855269108626673
2181,30,403,625.9985091941669,4344.425799606012,500.112618383455,4313.336489856109,54.0,0.08206859886326451,-1.0153423140295232,0.08209464319855528,-1.0105971105466227,0.017397015572304504,0.23215811928084754
2182,67,403,614.1933123417826,4407.07660776138,500.112618383455,4313.336489856109,54.0,0.08206859886326451,-1.0271946697881622,0.08209464319855528,-1.0262841827771816,0.017397015572304504,0.2587800726606489
2183,24,403,476.8845411410292,4318.364085281663,500.112618383455,4313.336489856109,54.0,0.08206859886326451,-0.2716962244327625,0.08209464319855528,-0.27189518627665443,0.017397015572304504,0.044271660511563504
2184,35,403,583.2192292927565,4207.570440686977,500.112618383455,4313.336489856109,54.0,0.08206859886326451,-0.8716825150429797,0.08209464319855528,-0.8696891121222542,0.017397015572304504,0.26486367028773766
2185,43,403,630.0947010611478,4141.259609929846,500.112618383455,4313.336489856109,54.0,0.08206859886326451,-1.704430888715638,0.08209464319855528,-1.703017623318084,0.017397015572304504,0.4596234291052648
2186,44,403,472.0029937650396,4104.126300266757,500.112618383455,4313.336489856109,54.0,0.08206859886326451,-1.3445252224800495,0.08209464319855528,-1.3366030419839592,0.017397015572304504,0.35882262546661003
2187,68,403,607.5300941255965,4399.875364871049,500.112618383455,4313.336489856109,54.0,0.08206859886326451,-0.9146079813382906,0.08209464319855528,-0.9149980040108507,0.017397015572304504,0.2421319936982956
2188,26,403,492.46916862384336,4319.554466150916,500.112618383455,4313.336489856109,54.0,0.08206859886326451,-0.1324872709215174,0.08209464319855528,-0.13258137138720472,0.017397015572304504,0.021669754031847854
2189,37,403,628.569594659982,4182.409690156388,500.112618383455,4313.336489856109,54.0,0.08206859886326451,-1.3953846773781735,0.08209464319855528,-1.39614152128187,0.017397015572304504,0.3774364468924781
2190,33,403,633.1852302568241,4317.679688677003,500.112618383455,4313.336489856109,54.0,0.08206859886326451,-0.9844950375349141,0.08209464319855528,-0.9836809905977938,0.017397015572304504,0.2645443038448369
2191,24,404,476.8845411410292,4318.364085281663,546.047037488337,4320.318029487556,54.0,0.08206859886326451,-0.510034518031766,0.08209464319855528,-0.5094835009302446,0.017397015572304504,0.11884434895666983
2192,23,404,504.75274351062166,4332.980003603095,546.047037488337,4320.318029487556,54.0,0.08206859886326451,-0.20021316134915218,0.08209464319855528,-0.19992312070951646,0.017397015572304504,0.07011953396241587
2193,16,404,519.0070440168354,4262.203633597157,546.047037488337,4320.318029487556,54.0,0.08206859886326451,-0.369435173045434,0.08209464319855528,-0.3686243410622683,0.017397015572304504,0.11432464162157874
2194,56,404,677.3923123197425,4458.591690875839,546.047037488337,4320.318029487556,54.0,0.08206859886326451,-1.9439523588685648,0.08209464319855528,-1.9363375114227879,0.017397015572304504,0.3975981849146865
2195,49,404,663.3163926639071,4436.617662823868,546.047037488337,4320.318029487556,54.0,0.08206859886326451,-1.6578049854224952,0.08209464319855528,-1.6532517930388684,0.017397015572304504,0.34472120842327175
2196,30,404,625.9985091941669,4344.425799606012,546.047037488337,4320.318029487556,54.0,0.08206859886326451,-0.7785773156109446,0.08209464319855528,-0.7753182871434333,0.017397015572304504,0.1576727962998974
2197,26,404,492.46916862384336,4319.554466150916,546.047037488337,4320.318029487556,54.0,0.08206859886326451,-0.33908673764632113,0.08209464319855528,-0.3384057495942495,0.017397015572304504,0.09115435027689403
2198,29,404,679.1344462972443,4226.875249913833,546.047037488337,4320.318029487556,54.0,0.08206859886326451,-1.4071880378518336,0.08209464319855528,-1.402994117359768,0.017397015572304504,0.3801791722363901
2199,67,404,614.1933123417826,4407.07660776138,546.047037488337,4320.318029487556,54.0,0.08206859886326451,-0.9537681594086833,0.08209464319855528,-0.9503067896001203,0.017397015572304504,0.20254936617868957
2200,68,404,607.5300941255965,4399.875364871049,546.047037488337,4320.318029487556,54.0,0.08206859886326451,-0.83127665404235,0.08209464319855528,-0.8287597236962424,0.017397015572304504,0.18435190542448757
2201,44,404,472.0029937650396,4104.126300266757,546.047037488337,4320.318029487556,54.0,0.08206859886326451,-1.587506546776695,0.08209464319855528,-1.5842106015569555,0.017397015572304504,0.41270701797169795
2202,43,404,630.0947010611478,4141.259609929846,546.047037488337,4320.318029487556,54.0,0.08206859886326451,-1.899293348143604,0.08209464319855528,-1.8994085225135595,0.017397015572304504,0.4378254758018848
2203,2,405,-517.6817734392575,3585.1734601257845,-507.2972229471795,3600.671376046247,54.0,0.08206859886326451,-0.1409692160867582,0.08209464319855528,-0.14082071816653502,0.017397015572304504,0.05215135488389893
2204,0,406,-380.9703063248096,3564.41350880075,-499.9524784687832,3578.403458104436,54.0,0.08206859886326451,-0.9734935679746064,0.08209464319855528,-0.965815693500758,0.017397015572304504,0.36138039708217273
2205,0,407,-380.9703063248096,3564.41350880075,-451.4328774109917,3539.606050872365,54.0,0.08206859886326451,-0.6169823895960916,0.08209464319855528,-0.609478261018535,0.017397015572304504,0.22294316924925656
2206,2,407,-519.9068173174111,3577.3860138103414,-451.4328774109917,3539.606050872365,54.0,0.08206859886326451,-0.6407864337111481,0.08209464319855528,-0.6358141505681623,0.017397015572304504,0.23337558410969117
2207,0,408,-380.9703063248096,3564.41350880075,-517.5789695601553,3525.510166099442,54.0,0.08206859886326451,-1.209692468429968,0.08209464319855528,-1.2017464653012548,0.017397015572304504,0.4265959088248512
2208,2,408,-519.9068173174111,3577.3860138103414,-517.5789695601553,3525.510166099442,54.0,0.08206859886326451,-0.4289697942139252,0.08209464319855528,-0.42972431752085033,0.017397015572304504,0.14843928436368178
2209,1,409,-521.8490863607117,3587.7366019941664,-521.1800805309396,3510.2303992648426,54.0,0.08206859886326451,-0.6274811492538513,0.08209464319855528,-0.6268363774939129,0.017397015572304504,0.22953437310073072
2210,2,409,-519.9068173174111,3577.3860138103414,-521.1800805309396,3510.2303992648426,54.0,0.08206859886326451,-0.5469702339850602,0.08209464319855528,-0.5463887722070673,0.017397015572304504,0.19940102545606506
2211,2,410,-519.9068173174111,3577.3860138103414,-449.2628013025546,3503.742664831391,54.0,0.08206859886326451,-0.8729715577796426,0.08209464319855528,-0.8722143444915331,0.017397015572304504,0.30865390791438635
2212,0,410,-380.9703063248096,3564.41350880075,-449.2628013025546,3503.742664831391,54.0,0.08206859886326451,-0.6824741275698041,0.08209464319855528,-0.6748847123320916,0.017397015572304504,0.27128555099368623
2213,0,411,-380.9703063248096,3564.41350880075,-485.042933661256,3485.47979782113,54.0,0.08206859886326451,-1.0255119143920026,0.08209464319855528,-1.0167050530359303,0.017397015572304504,0.3980087299811218
2214,2,411,-519.9068173174111,3577.3860138103414,-485.042933661256,3485.47979782113,54.0,0.08206859886326451,-0.8704574342909079,0.08209464319855528,-0.8682367903294266,0.017397015572304504,0.30204294735269926
2215,2,412,-519.9068173174111,3577.3860138103414,-573.8953694348969,3556.3836779114804,54.0,0.08206859886326451,-0.4984581924895014,0.08209464319855528,-0.49678433164587293,0.017397015572304504,0.1792536074047689
2216,1,412,-521.8490863607117,3587.7366019941664,-573.8953694348969,3556.3836779114804,54.0,0.08206859886326451,-0.5412928429437501,0.08209464319855528,-0.5398690045282714,0.017397015572304504,0.1926735386778988
2217,15,413,-219.46475068668764,3910.916163982088,-114.50920843118116,3834.9194074143743,54.0,0.08206859886326451,-1.1097151638846832,0.08209464319855528,-1.1073251073854629,0.017397015572304504,0.3185024358518757
2218,14,413,-191.2861040228232,3920.912450661129,-114.50920843118116,3834.9194074143743,54.0,0.08206859886326451,-0.8519344303907158,0.08209464319855528,-0.8498605628707059,0.017397015572304504,0.28745587552048807
2219,50,413,-32.87294301735424,3776.17863145535,-114.50920843118116,3834.9194074143743,54.0,0.08206859886326451,-0.84510036945497,0.08209464319855528,-0.838732395605416,0.017397015572304504,0.269279647257284
2220,14,414,-191.8510249122208,3920.732064928668,-164.43942656566844,3815.0857932853287,54.0,0.08206859886326451,-0.9642724721801617,0.08209464319855528,-0.9653627585309987,0.017397015572304504,0.25924072332946274
2221,15,414,-219.46475068668764,3910.916163982088,-164.43942656566844,3815.0857932853287,54.0,0.08206859886326451,-0.9749185598454682,0.08209464319855528,-0.9744537070826425,0.017397015572304504,0.27457135863924376
2222,50,415,-32.87294301735424,3776.17863145535,-140.92825652262695,3822.7016028764,54.0,0.08206859886326451,-0.7796426945125753,0.08209464319855528,-0.7692370066205708,0.017397015572304504,0.2981147641834264
2223,14,415,-191.2861040228232,3920.912450661129,-140.92825652262695,3822.7016028764,54.0,0.08206859886326451,-0.9147956314729594,0.08209464319855528,-0.9118391384099175,0.017397015572304504,0.26851750877761477
2224,50,416,-32.87294301735424,3776.17863145535,-127.99374614651722,3810.908692759558,54.0,0.08206859886326451,-0.6091355503052099,0.08209464319855528,-0.5978427559863224,0.017397015572304504,0.24450938498829528
2225,14,416,-191.2861040228232,3920.912450661129,-127.99374614651722,3810.908692759558,54.0,0.08206859886326451,-1.023897186168073,0.08209464319855528,-1.0187381411605514,0.017397015572304504,0.319230801429352
2226,14,417,-191.8510249122208,3920.732064928668,-152.77957078688812,3803.088929575855,54.0,0.08206859886326451,-1.091056694280839,0.08209464319855528,-1.092457150908701,0.017397015572304504,0.3006735505707655
2227,50,417,-32.87294301735424,3776.17863145535,-152.77957078688812,3803.088929575855,54.0,0.08206859886326451,-0.7398165351527339,0.08209464319855528,-0.7258871859574019,0.017397015572304504,0.2963760138636778
2228,15,418,-219.46475068668764,3910.916163982088,-150.0499459232575,3808.954736715893,54.0,0.08206859886326451,-1.109478605236839,0.08209464319855528,-1.1095985413273963,0.017397015572304504,0.30316648657703194
2229,50,418,-32.87294301735424,3776.17863145535,-150.0499459232575,3808.954736715893,54.0,0.08206859886326451,-0.7389875570829132,0.08209464319855528,-0.7250080601771449,0.017397015572304504,0.2949398794044793
2230,14,418,-191.8510249122208,3920.732064928668,-150.0499459232575,3808.954736715893,54.0,0.08206859886326451,-1.0465349743125465,0.08209464319855528,-1.0475896785987437,0.017397015572304504,0.2871298760340345
2231,18,419,55.99463969610678,3684.4657106501672,-117.20662596065166,3807.599273888803,54.0,0.08206859886326451,-1.7097999759625029,0.08209464319855528,-1.6979573262620944,0.017397015572304504,0.5529500725981814
2232,50,419,-32.87294301735424,3776.17863145535,-117.20662596065166,3807.599273888803,54.0,0.08206859886326451,-0.5495200760441666,0.08209464319855528,-0.5390430865345843,0.017397015572304504,0.21465446427547039
2233,50,420,-32.87294301735424,3776.17863145535,-113.68434153160244,3833.1341984416354,54.0,0.08206859886326451,-0.822828074754962,0.08209464319855528,-0.8164489960334167,0.017397015572304504,0.2635092061782539
2234,2,421,-517.6817734392575,3585.1734601257845,-465.54115273020966,3701.012924955217,54.0,0.08206859886326451,-1.1504797926334829,0.08209464319855528,-1.1485906018556256,0.017397015572304504,0.3690678987460197
2235,0,422,-370.9184736815143,3578.821080117009,-459.2972544242527,3675.036452891449,54.0,0.08206859886326451,-0.9987559285120503,0.08209464319855528,-0.992552845309774,0.017397015572304504,0.39533552437940156
2236,2,422,-517.6817734392575,3585.1734601257845,-459.2972544242527,3675.036452891449,54.0,0.08206859886326451,-0.9851426770058472,0.08209464319855528,-0.9863536698221915,0.017397015572304504,0.3112618793494901
2237,1,423,-521.8490863607117,3587.7366019941664,-489.2630394051725,3629.7069603146624,54.0,0.08206859886326451,-0.4762905609356024,0.08209464319855528,-0.47487403018250685,0.017397015572304504,0.1489741958381327
2238,0,423,-380.9703063248096,3564.41350880075,-489.2630394051725,3629.7069603146624,54.0,0.08206859886326451,-1.0749579740813482,0.08209464319855528,-1.0705271614584395,0.017397015572304504,0.37344374433184546
2239,2,423,-517.6817734392575,3585.1734601257845,-489.2630394051725,3629.7069603146624,54.0,0.08206859886326451,-0.4671611880082316,0.08209464319855528,-0.4659604331043596,0.017397015572304504,0.14799859144220118
2240,1,424,-521.8490863607117,3587.7366019941664,-500.9029123182427,3614.0747562686,54.0,0.08206859886326451,-0.28717643125166026,0.08209464319855528,-0.2860627728716927,0.017397015572304504,0.09255408427984303
2241,2,424,-517.6817734392575,3585.1734601257845,-500.9029123182427,3614.0747562686,54.0,0.08206859886326451,-0.2751770621435312,0.08209464319855528,-0.27417867749458014,0.017397015572304504,0.08984666669327734
2242,0,424,-380.9703063248096,3564.41350880075,-500.9029123182427,3614.0747562686,54.0,0.08206859886326451,-1.1177406159493068,0.08209464319855528,-1.1126173809755735,0.017397015572304504,0.38243158812448164
2243,0,425,-380.9703063248096,3564.41350880075,-465.8928410452483,3608.448596328204,54.0,0.08206859886326451,-0.8015415633500933,0.08209464319855528,-0.7982354916781413,0.017397015572304504,0.2815169123934435
2244,2,426,-517.6817734392575,3585.1734601257845,-500.4398061409101,3634.1145749910206,54.0,0.08206859886326451,-0.44836360168969897,0.08209464319855528,-0.4475251549263106,0.017397015572304504,0.1422177517812537
2245,1,426,-521.8490863607117,3587.7366019941664,-500.4398061409101,3634.1145749910206,54.0,0.08206859886326451,-0.4499671359917388,0.08209464319855528,-0.4491023397615209,0.017397015572304504,0.14149999153050288
2246,2,427,-517.6817734392575,3585.1734601257845,-520.4786475198113,3632.693087605314,54.0,0.08206859886326451,-0.4101454388918596,0.08209464319855528,-0.4092476966459839,0.017397015572304504,0.12993805225692268
2247,1,427,-521.8490863607117,3587.7366019941664,-520.4786475198113,3632.693087605314,54.0,0.08206859886326451,-0.3964582078369507,0.08209464319855528,-0.395562934336766,0.017397015572304504,0.12447649480054707
2248,2,428,-517.6817734392575,3585.1734601257845,-537.0544473499934,3615.307734486455,54.0,0.08206859886326451,-0.3116719312900064,0.08209464319855528,-0.3095942567743526,0.017397015572304504,0.10904568221699
2249,1,428,-521.8490863607117,3587.7366019941664,-537.0544473499934,3615.307734486455,54.0,0.08206859886326451,-0.2925065967654283,0.08209464319855528,-0.2906305945778044,0.017397015572304504,0.10110721325754105
2250,20,429,-493.1142633148681,3773.7889738968342,-463.572090848466,3711.004366750517,54.0,0.08206859886326451,-0.5292237452693849,0.08209464319855528,-0.5287947861115858,0.017397015572304504,0.18713777670040432
2251,20,430,-491.6557639897821,3775.103401039669,-428.8814616877872,3709.096178212622,54.0,0.08206859886326451,-0.6569193282929948,0.08209464319855528,-0.6585011871648532,0.017397015572304504,0.2502566689691791
2252,20,431,-493.1142633148681,3773.7889738968342,-452.08297454444494,3697.423498379207,54.0,0.08206859886326451,-0.6654344100651252,0.08209464319855528,-0.6644354273130477,0.017397015572304504,0.23662765691353937
2253,20,432,-493.1142633148681,3773.7889738968342,-434.7429570153381,3690.4541749506434,54.0,0.08206859886326451,-0.7666566883172632,0.08209464319855528,-0.7688383960369884,0.017397015572304504,0.28431537318178524
2254,20,433,-493.1142633148681,3773.7889738968342,-415.8200064632521,3689.100170895516,54.0,0.08206859886326451,-0.8469062178517313,0.08209464319855528,-0.8508241082713808,0.017397015572304504,0.32652794814111713
2255,20,434,-493.1142633148681,3773.7889738968342,-481.8116660349994,3658.097650487473,54.0,0.08206859886326451,-0.9816881782435529,0.08209464319855528,-0.9821120380389718,0.017397015572304504,0.3380951460084183
2256,20,435,-493.1142633148681,3773.7889738968342,-437.4564705482827,3656.797051854789,54.0,0.08206859886326451,-1.0428609594135672,0.08209464319855528,-1.0421960431214923,0.017397015572304504,0.3687446897064112
2257,20,436,-493.1142633148681,3773.7889738968342,-450.5410575375657,3640.030741604634,54.0,0.08206859886326451,-1.1767205486910077,0.08209464319855528,-1.1755339271076366,0.017397015572304504,0.39948274522007104
2258,20,437,-493.1142633148681,3773.7889738968342,-463.3957004431066,3657.5357537243694,54.0,0.08206859886326451,-1.007530042930315,0.08209464319855528,-1.006861418972836,0.017397015572304504,0.33745546909393453
2259,20,438,-493.1142633148681,3773.7889738968342,-455.237107941275,3675.012391017058,54.0,0.08206859886326451,-0.8558237683841232,0.08209464319855528,-0.8537874108968215,0.017397015572304504,0.29232041643607093
2260,20,439,-493.1142633148681,3773.7889738968342,-477.5301049296806,3698.6923434687433,54.0,0.08206859886326451,-0.6215835018376478,0.08209464319855528,-0.62017978126287,0.017397015572304504,0.21285469068872137
2261,12,440,339.7794838460253,3807.442051326752,377.93510059593416,3904.1107934632814,54.0,0.08206859886326451,-1.0962337011751122,0.08209464319855528,-1.0951779605736702,0.017397015572304504,0.28293548582045397
2262,25,440,275.18212912654,3848.067080065535,377.93510059593416,3904.1107934632814,54.0,0.08206859886326451,-0.8754426916837055,0.08209464319855528,-0.8711129944554451,0.017397015572304504,0.26135565670413174
2263,5,440,328.01618259779593,3866.898866582476,377.93510059593416,3904.1107934632814,54.0,0.08206859886326451,-0.6578925809311932,0.08209464319855528,-0.6588546165571081,0.017397015572304504,0.1660222671985445
2264,38,440,292.2609771757026,3909.816818957042,377.93510059593416,3904.1107934632814,54.0,0.08206859886326451,-0.6501496144502307,0.08209464319855528,-0.6516914526515368,0.017397015572304504,0.20640551586680808
2265,44,440,482.2902751987267,4093.226876078621,377.93510059593416,3904.1107934632814,54.0,0.08206859886326451,-1.9044202957223642,0.08209464319855528,-1.8995980569176614,0.017397015572304504,0.4781887387258691
2266,38,441,292.2609771757026,3909.816818957042,374.4537251326261,3889.892677250085,54.0,0.08206859886326451,-0.6834213345071601,0.08209464319855528,-0.6827768372895997,0.017397015572304504,0.1964600657894029
2267,44,441,482.2902751987267,4093.226876078621,374.4537251326261,3889.892677250085,54.0,0.08206859886326451,-2.0328263413787533,0.08209464319855528,-2.0290653008981057,0.017397015572304504,0.5233885664466527
2268,25,441,277.62248955885883,3842.902145930757,374.4537251326261,3889.892677250085,54.0,0.08206859886326451,-0.9110835600110321,0.08209464319855528,-0.9089612814749592,0.017397015572304504,0.25259343230534265
2269,13,441,350.3727630331359,3756.461999998863,374.4537251326261,3889.892677250085,54.0,0.08206859886326451,-1.3235156008562414,0.08209464319855528,-1.319428102118672,0.017397015572304504,0.3984206475717505
2270,53,441,275.4374088407163,3843.51011953928,374.4537251326261,3889.892677250085,54.0,0.08206859886326451,-0.9151508505714085,0.08209464319855528,-0.9124247189391779,0.017397015572304504,0.2561097336129935
2271,5,442,328.01618259779593,3866.898866582476,367.3905705640541,3924.417227622252,54.0,0.08206859886326451,-0.6829264411298542,0.08209464319855528,-0.6842495329706576,0.017397015572304504,0.18986042059192326
2272,12,442,339.7794838460253,3807.442051326752,367.3905705640541,3924.417227622252,54.0,0.08206859886326451,-1.2532311077706906,0.08209464319855528,-1.2549719050359367,0.017397015572304504,0.3239503013379723
2273,44,442,482.2902751987267,4093.226876078621,367.3905705640541,3924.417227622252,54.0,0.08206859886326451,-1.8901636844525278,0.08209464319855528,-1.8824332593953566,0.017397015572304504,0.4290246827833455
2274,41,442,461.8106926932424,4070.996636995212,367.3905705640541,3924.417227622252,54.0,0.08206859886326451,-1.5311470887116292,0.08209464319855528,-1.5235562954069908,0.017397015572304504,0.3813091035659419
2275,53,442,275.4374088407163,3843.51011953928,367.3905705640541,3924.417227622252,54.0,0.08206859886326451,-0.9233473756917578,0.08209464319855528,-0.9190267186630289,0.017397015572304504,0.2762634502273933
2276,38,442,292.2609771757026,3909.816818957042,367.3905705640541,3924.417227622252,54.0,0.08206859886326451,-0.5646628395995841,0.08209464319855528,-0.5655857985618866,0.017397015572304504,0.17926561656209422
2277,25,442,275.18212912654,3848.067080065535,367.3905705640541,3924.417227622252,54.0,0.08206859886326451,-0.8833012851528,0.08209464319855528,-0.878496432412427,0.017397015572304504,0.2596621922563872
2278,38,443,292.2609771757026,3909.816818957042,332.8834058794852,3942.859446384328,54.0,0.08206859886326451,-0.3785083537548063,0.08209464319855528,-0.37867488788313525,0.017397015572304504,0.10326367482687945
2279,44,443,471.64114524517873,4102.241589239218,332.8834058794852,3942.859446384328,54.0,0.08206859886326451,-1.9711695008419254,0.08209464319855528,-1.9648514937608657,0.017397015572304504,0.41575521134335025
2280,53,443,275.4374088407163,3843.51011953928,332.8834058794852,3942.859446384328,54.0,0.08206859886326451,-0.7397793286513404,0.08209464319855528,-0.7321832505019442,0.017397015572304504,0.21291399968659933
2281,25,443,275.18212912654,3848.067080065535,332.8834058794852,3942.859446384328,54.0,0.08206859886326451,-0.712363481306151,0.08209464319855528,-0.7054395912694508,0.017397015572304504,0.20091458188918215
2282,66,444,493.8518825171933,3956.000689079267,330.5428326799933,3946.044034599065,54.0,0.08206859886326451,-1.7630531905853182,0.08209464319855528,-1.7597104939715433,0.017397015572304504,0.4114047979954314
2283,41,444,461.8106926932424,4070.996636995212,330.5428326799933,3946.044034599065,54.0,0.08206859886326451,-1.6338998530767364,0.08209464319855528,-1.6271449817552985,0.017397015572304504,0.3724686243643119
2284,39,444,491.6009153175041,3965.873607703836,330.5428326799933,3946.044034599065,54.0,0.08206859886326451,-1.869817953182947,0.08209464319855528,-1.8663435068131267,0.017397015572304504,0.4000535381418294
2285,63,444,316.49031405012005,3929.154743051912,330.5428326799933,3946.044034599065,54.0,0.08206859886326451,-0.24710610674595868,0.08209464319855528,-0.24815617995096567,0.017397015572304504,0.05744070655369737
2286,38,444,292.2609771757026,3909.816818957042,330.5428326799933,3946.044034599065,54.0,0.08206859886326451,-0.3744342278158933,0.08209464319855528,-0.37496513675685034,0.017397015572304504,0.10212346931034263
2287,25,444,275.18212912654,3848.067080065535,330.5428326799933,3946.044034599065,54.0,0.08206859886326451,-0.7068611098024602,0.08209464319855528,-0.7005958375573196,0.017397015572304504,0.2012007458136518
2288,19,444,309.4846467710166,4112.556925703692,330.5428326799933,3946.044034599065,54.0,0.08206859886326451,-1.3675495980614778,0.08209464319855528,-1.3638433253240414,0.017397015572304504,0.35092825505191366
2289,53,444,275.4374088407163,3843.51011953928,330.5428326799933,3946.044034599065,54.0,0.08206859886326451,-0.7338098417039992,0.08209464319855528,-0.7268898702467987,0.017397015572304504,0.2131360687567364
2290,44,444,470.9318574712719,4102.798680980681,330.5428326799933,3946.044034599065,54.0,0.08206859886326451,-1.9269979326446622,0.08209464319855528,-1.9219657950849378,0.017397015572304504,0.41403291834747313
2291,63,445,316.49031405012005,3929.154743051912,322.3749110256175,3921.0794967894303,54.0,0.08206859886326451,-0.12067862193822765,0.08209464319855528,-0.12110952019970371,0.017397015572304504,0.038210997535818636
2292,53,445,275.4374088407163,3843.51011953928,322.3749110256175,3921.0794967894303,54.0,0.08206859886326451,-0.5136068299749161,0.08209464319855528,-0.5056911792559597,0.017397015572304504,0.16171680386243933
2293,25,445,275.18212912654,3848.067080065535,322.3749110256175,3921.0794967894303,54.0,0.08206859886326451,-0.48833666266938436,0.08209464319855528,-0.4810547844008066,0.017397015572304504,0.14967564797057117
2294,38,445,292.2609771757026,3909.816818957042,322.3749110256175,3921.0794967894303,54.0,0.08206859886326451,-0.17527644983934149,0.08209464319855528,-0.17407533212070342,0.017397015572304504,0.06431803194289251
2295,44,445,476.6967986310135,4098.010594457248,322.3749110256175,3921.0794967894303,54.0,0.08206859886326451,-2.26537947764646,0.08209464319855528,-2.256242131040541,0.017397015572304504,0.4678944385650674
2296,63,446,316.49031405012005,3929.154743051912,329.7498578052424,3915.277424063791,54.0,0.08206859886326451,-0.18083264239167446,0.08209464319855528,-0.18139709139138974,0.017397015572304504,0.05552074539822102
2297,25,446,275.18212912654,3848.067080065535,329.7498578052424,3915.277424063791,54.0,0.08206859886326451,-0.527866970023962,0.08209464319855528,-0.5205018973496215,0.017397015572304504,0.15437013442993933
2298,44,446,482.2902751987267,4093.226876078621,329.7498578052424,3915.277424063791,54.0,0.08206859886326451,-2.2614694396881183,0.08209464319855528,-2.2509363418395414,0.017397015572304504,0.479277771932764
2299,53,446,275.4374088407163,3843.51011953928,329.7498578052424,3915.277424063791,54.0,0.08206859886326451,-0.553278203951154,0.08209464319855528,-0.545316886470827,0.017397015572304504,0.16652040377561145
2300,38,446,292.2609771757026,3909.816818957042,329.7498578052424,3915.277424063791,54.0,0.08206859886326451,-0.22073009967323767,0.08209464319855528,-0.21970229838476127,0.017397015572304504,0.07790358447091819
2301,38,447,292.2609771757026,3909.816818957042,337.993275290487,3925.832516910632,54.0,0.08206859886326451,-0.31306495635127457,0.08209464319855528,-0.3121947478746957,0.017397015572304504,0.10238148214973629
2302,63,447,316.49031405012005,3929.154743051912,337.993275290487,3925.832516910632,54.0,0.08206859886326451,-0.2723686221054222,0.08209464319855528,-0.27299827741411825,0.017397015572304504,0.06032151963963066
2303,53,447,275.4374088407163,3843.51011953928,337.993275290487,3925.832516910632,54.0,0.08206859886326451,-0.6745427367330429,0.08209464319855528,-0.6670159643104069,0.017397015572304504,0.20026303689316133
2304,44,447,482.2902751987267,4093.226876078621,337.993275290487,3925.832516910632,54.0,0.08206859886326451,-2.143167803289297,0.08209464319855528,-2.1322473230414043,0.017397015572304504,0.44454753098465394
2305,25,447,275.18212912654,3848.067080065535,337.993275290487,3925.832516910632,54.0,0.08206859886326451,-0.6474616534179821,0.08209464319855528,-0.6404879066451521,0.017397015572304504,0.18803160788411502
2306,50,448,-32.87294301735424,3776.17863145535,-124.42297810413304,3730.045518548472,54.0,0.08206859886326451,-0.5738076542070162,0.08209464319855528,-0.556189749052678,0.017397015572304504,0.2528649586538016
2307,50,449,-32.87294301735424,3776.17863145535,-136.7121078328898,3704.366146835558,54.0,0.08206859886326451,-0.8075705095546608,0.08209464319855528,-0.7875857445387101,0.017397015572304504,0.3413170950157976
2308,14,449,-191.8510249122208,3920.732064928668,-136.7121078328898,3704.366146835558,54.0,0.08206859886326451,-1.8804827085315836,0.08209464319855528,-1.875884231616862,0.017397015572304504,0.6051905120389264
2309,14,450,-191.8510249122208,3920.732064928668,-205.2490753627829,3731.957027743968,54.0,0.08206859886326451,-1.6406596076251634,0.08209464319855528,-1.6391115315616949,0.017397015572304504,0.5170973782530595
2310,14,451,-191.8510249122208,3920.732064928668,-209.44442407532304,3763.734670847895,54.0,0.08206859886326451,-1.4708232550552958,0.08209464319855528,-1.4695202497891948,0.017397015572304504,0.4102984039991972
2311,14,452,-191.8510249122208,3920.732064928668,-227.38656380507663,3742.529007510596,54.0,0.08206859886326451,-1.680784231938348,0.08209464319855528,-1.6780256279795818,0.017397015572304504,0.4788442638886762
2312,14,453,-191.8510249122208,3920.732064928668,-217.924998653439,3721.48468016429,54.0,0.08206859886326451,-1.82335494995827,0.08209464319855528,-1.8193656413407013,0.017397015572304504,0.5446535582106065
2313,14,454,-191.8510249122208,3920.732064928668,-254.5992470950275,3724.926488861847,54.0,0.08206859886326451,-1.9704245742539563,0.08209464319855528,-1.967519475499711,0.017397015572304504,0.5440871748236967
2314,14,455,-191.8510249122208,3920.732064928668,-248.90370498422487,3701.920243170104,54.0,0.08206859886326451,-2.140318494006632,0.08209464319855528,-2.139152262352332,0.017397015572304504,0.6125037918323131
2315,14,456,-191.8510249122208,3920.732064928668,-173.77161208253168,3762.098398234272,54.0,0.08206859886326451,-1.3823014470363557,0.08209464319855528,-1.3834410773631787,0.017397015572304504,0.43313809459850144
2316,14,457,-191.8510249122208,3920.732064928668,-139.37097608890187,3732.660382688684,54.0,0.08206859886326451,-1.664005622632312,0.08209464319855528,-1.660839530665627,0.017397015572304504,0.5136453550514478
2317,18,457,55.99463969610678,3684.4657106501672,-139.37097608890187,3732.660382688684,54.0,0.08206859886326451,-1.849403147278963,0.08209464319855528,-1.8420838572161733,0.017397015572304504,0.6141844948671233
2318,14,458,-191.8510249122208,3920.732064928668,-208.37184709731315,3756.058669231986,54.0,0.08206859886326451,-1.5134019514326171,0.08209464319855528,-1.5112598154525179,0.017397015572304504,0.4350050981920893
2319,14,459,-191.8510249122208,3920.732064928668,-229.31829350277152,3750.8465259771865,54.0,0.08206859886326451,-1.6208660040415768,0.08209464319855528,-1.618848229784392,0.017397015572304504,0.4534043598722224
2320,14,460,-191.8510249122208,3920.732064928668,-252.1369190391436,3688.5883507247336,54.0,0.08206859886326451,-2.25524297051812,0.08209464319855528,-2.25317696771109,0.017397015572304504,0.6587565686436258
2321,50,461,-32.87294301735424,3776.17863145535,-137.46750195522293,3704.002702190223,54.0,0.08206859886326451,-0.8126256884197566,0.08209464319855528,-0.792504083649258,0.017397015572304504,0.3437375055727056
2322,14,462,-191.2861040228232,3920.912450661129,-33.590986472347865,3971.2525348924646,54.0,0.08206859886326451,-1.4549962016330318,0.08209464319855528,-1.4528043515393603,0.017397015572304504,0.46308617109326944
2323,14,463,-191.2861040228232,3920.912450661129,-16.824029787276814,3963.134227295509,54.0,0.08206859886326451,-1.5356451837626064,0.08209464319855528,-1.5317976539050577,0.017397015572304504,0.4897879963944207
2324,9,463,9.936533141897351,4088.226647492491,-16.824029787276814,3963.134227295509,54.0,0.08206859886326451,-1.3252574329369173,0.08209464319855528,-1.3164748462995493,0.017397015572304504,0.3690154546016985
2325,14,464,-191.2861040228232,3920.912450661129,-9.289119488028984,3940.320299022696,54.0,0.08206859886326451,-1.488962505469808,0.08209464319855528,-1.4903764161207744,0.017397015572304504,0.4840828272812363
2326,14,465,-191.2861040228232,3920.912450661129,19.125675470905552,3919.7887611732062,54.0,0.08206859886326451,-1.5991343491838996,0.08209464319855528,-1.5895553114473948,0.017397015572304504,0.5500606081071105
2327,14,466,-191.2861040228232,3920.912450661129,-9.962046074219687,3916.4328558182974,54.0,0.08206859886326451,-1.2991341525329472,0.08209464319855528,-1.2909245396490607,0.017397015572304504,0.46404677158136487
2328,14,467,-191.2861040228232,3920.912450661129,-0.9972580126813264,3905.066613170967,54.0,0.08206859886326451,-1.4031357609292159,0.08209464319855528,-1.3935824140413793,0.017397015572304504,0.4924759953973803
2329,14,468,-191.2861040228232,3920.912450661129,24.09847480128595,3908.844200854287,54.0,0.08206859886326451,-1.651030917511588,0.08209464319855528,-1.6414598004135899,0.017397015572304504,0.5655732444257631
2330,14,469,-191.2861040228232,3920.912450661129,26.96307308495755,3884.908015639917,54.0,0.08206859886326451,-1.7244275270704532,0.08209464319855528,-1.714200874831438,0.017397015572304504,0.5779048622349154
2331,21,470,103.34699834515416,4117.964937310308,-33.030051360718204,3947.101925740972,54.0,0.08206859886326451,-1.9528750002675488,0.08209464319855528,-1.9413600476584962,0.017397015572304504,0.5846954312004352
2332,14,470,-191.2861040228232,3920.912450661129,-33.030051360718204,3947.101925740972,54.0,0.08206859886326451,-1.283070804436233,0.08209464319855528,-1.2845426753997353,0.017397015572304504,0.42288940170533984
2333,21,471,103.34699834515416,4117.964937310308,-20.440069871896064,3967.068915194426,54.0,0.08206859886326451,-1.712555911887541,0.08209464319855528,-1.7022308732373608,0.017397015572304504,0.5125014510772141
2334,14,471,-191.2861040228232,3920.912450661129,-20.440069871896064,3967.068915194426,54.0,0.08206859886326451,-1.5355862208120996,0.08209464319855528,-1.531669695192242,0.017397015572304504,0.4877665888023173
2335,14,472,-191.2861040228232,3920.912450661129,-33.601502441691814,3923.5780514405496,54.0,0.08206859886326451,-1.0450585211122418,0.08209464319855528,-1.039387728898336,0.017397015572304504,0.39446262098373414
2336,14,473,-191.2861040228232,3920.912450661129,4.130621068015404,3916.458977597719,54.0,0.08206859886326451,-1.4507263633151994,0.08209464319855528,-1.4410762871756735,0.017397015572304504,0.506054253690183
2337,18,473,55.99463969610678,3684.4657106501672,4.130621068015404,3916.458977597719,54.0,0.08206859886326451,-2.1098075578212607,0.08209464319855528,-2.098299029717725,0.017397015572304504,0.6522732711454358
2338,21,474,103.34699834515416,4117.964937310308,-40.82216668190109,3965.090048211267,54.0,0.08206859886326451,-1.8645764643445626,0.08209464319855528,-1.8528630408808169,0.017397015572304504,0.5590612290706856
2339,18,475,55.99463969610678,3684.4657106501672,-3.2682886956830624,3892.179388681665,54.0,0.08206859886326451,-2.0057558635706405,0.08209464319855528,-1.997973781498229,0.017397015572304504,0.5896675527832276
2340,25,476,264.330530090726,3842.899620060988,90.0285824981926,3885.374004932618,54.0,0.08206859886326451,-1.6867736794125978,0.08209464319855528,-1.6859324005930596,0.017397015572304504,0.45222623102272885
2341,25,477,264.330530090726,3842.899620060988,83.86670580001751,3866.630653839721,54.0,0.08206859886326451,-1.7430127141766003,0.08209464319855528,-1.7365874789646047,0.017397015572304504,0.46006491837633023
2342,14,478,-191.2861040228232,3920.912450661129,52.79801574862894,3858.169085806702,54.0,0.08206859886326451,-2.0806746537782246,0.08209464319855528,-2.0734114519557187,0.017397015572304504,0.6662735223012773
2343,25,478,264.330530090726,3842.899620060988,52.79801574862894,3858.169085806702,54.0,0.08206859886326451,-2.0203189664921926,0.08209464319855528,-2.0143602727184784,0.017397015572304504,0.5578593660966692
2344,25,479,264.330530090726,3842.899620060988,72.4423782875265,3843.4141825954302,54.0,0.08206859886326451,-1.7746721080024614,0.08209464319855528,-1.7712095911915227,0.017397015572304504,0.5048174549036
2345,50,479,-32.87294301735424,3776.17863145535,72.4423782875265,3843.4141825954302,54.0,0.08206859886326451,-1.2166918333401517,0.08209464319855528,-1.2185360403321384,0.017397015572304504,0.3284254216239872
2346,14,480,-191.2861040228232,3920.912450661129,51.330164428461806,3842.748038309236,54.0,0.08206859886326451,-2.170314449900809,0.08209464319855528,-2.16446324286761,0.017397015572304504,0.6714694675191506
2347,25,480,264.330530090726,3842.899620060988,51.330164428461806,3842.748038309236,54.0,0.08206859886326451,-1.9439234491667916,0.08209464319855528,-1.9408084843532154,0.017397015572304504,0.5660702073164897
2348,50,481,-32.87294301735424,3776.17863145535,71.0063011612224,3819.538010924277,54.0,0.08206859886326451,-1.0049580731395618,0.08209464319855528,-1.0052651120759075,0.017397015572304504,0.2893891706373583
2349,50,482,-32.87294301735424,3776.17863145535,53.97552747189277,3779.7778986115927,54.0,0.08206859886326451,-0.7622630832545411,0.08209464319855528,-0.76167689364682,0.017397015572304504,0.2206917861748347
2350,50,483,-32.87294301735424,3776.17863145535,29.84882850616204,3760.0903002068953,54.0,0.08206859886326451,-0.7075854710103172,0.08209464319855528,-0.7084749373856707,0.017397015572304504,0.16277808382587783
2351,50,484,-32.87294301735424,3776.17863145535,70.84382095259998,3812.213793609557,54.0,0.08206859886326451,-0.9592829074850804,0.08209464319855528,-0.958752628010012,0.017397015572304504,0.2817481148825217
2352,21,485,103.34699834515416,4117.964937310308,85.15373079383198,3880.811543855472,54.0,0.08206859886326451,-1.9839086690065892,0.08209464319855528,-1.972536436931193,0.017397015572304504,0.6137358627544339
2353,25,485,264.330530090726,3842.899620060988,85.15373079383198,3880.811543855472,54.0,0.08206859886326451,-1.7379010281623881,0.08209464319855528,-1.7359377498370807,0.017397015572304504,0.46265923963907274
2354,18,485,55.99463969610678,3684.4657106501672,85.15373079383198,3880.811543855472,54.0,0.08206859886326451,-1.2945381251779837,0.08209464319855528,-1.283416831637776,0.017397015572304504,0.5402439773611027
2355,18,486,55.99463969610678,3684.4657106501672,68.21929053265893,3857.2635974168033,54.0,0.08206859886326451,-1.144161838626423,0.08209464319855528,-1.1367766141300417,0.017397015572304504,0.4699929945673157
2356,18,487,55.99463969610678,3684.4657106501672,74.94999357907247,3832.562273689816,54.0,0.08206859886326451,-0.9482341604263107,0.08209464319855528,-0.9409175920087833,0.017397015572304504,0.3999639843177508
2357,18,488,65.71430741031881,3682.247405457888,93.9798506618169,3810.153790083169,54.0,0.08206859886326451,-0.8755005309698,0.08209464319855528,-0.8713210358056771,0.017397015572304504,0.3633205886009647
2358,25,489,264.330530090726,3842.899620060988,53.99348219513684,3779.765921014686,54.0,0.08206859886326451,-2.0565590608519253,0.08209464319855528,-2.0573996693715095,0.017397015572304504,0.5967813035894359
2359,18,489,55.99463969610678,3684.4657106501672,53.99348219513684,3779.765921014686,54.0,0.08206859886326451,-0.5522405498011894,0.08209464319855528,-0.5441181362205616,0.017397015572304504,0.25090431934716767
2360,50,489,-32.87294301735424,3776.17863145535,53.99348219513684,3779.765921014686,54.0,0.08206859886326451,-0.7623886530966678,0.08209464319855528,-0.7618038446457893,0.017397015572304504,0.22074048095840385
2361,50,490,-32.87294301735424,3776.17863145535,70.31493711953587,3811.7486463338,54.0,0.08206859886326451,-0.9535014006711526,0.08209464319855528,-0.952947024991131,0.017397015572304504,0.2799782401720285
2362,18,490,55.99463969610678,3684.4657106501672,70.31493711953587,3811.7486463338,54.0,0.08206859886326451,-0.7890638965551551,0.08209464319855528,-0.7820673770703946,0.017397015572304504,0.3411333639825507
2363,18,491,88.69171925490903,3677.2469468152663,115.16205876560493,3798.270755871877,54.0,0.08206859886326451,-0.734070820774958,0.08209464319855528,-0.7209179914026579,0.017397015572304504,0.33687750064367117
2364,18,492,55.99463969610678,3684.4657106501672,87.2451405287995,3831.494039957056,54.0,0.08206859886326451,-0.9710855876298882,0.08209464319855528,-0.963932442018566,0.017397015572304504,0.4074758686197
2365,18,493,55.99463969610678,3684.4657106501672,36.476303073102144,3747.298457980633,54.0,0.08206859886326451,-0.4785126653754561,0.08209464319855528,-0.47697998054734625,0.017397015572304504,0.1736200993330758
2366,50,493,-32.87294301735424,3776.17863145535,36.476303073102144,3747.298457980633,54.0,0.08206859886326451,-0.7895290467270686,0.08209464319855528,-0.7896076701170314,0.017397015572304504,0.19032037219998255
2367,21,494,103.34699834515416,4117.964937310308,81.42211507964093,3862.904094352834,54.0,0.08206859886326451,-2.14314625323414,0.08209464319855528,-2.1307033666776776,0.017397015572304504,0.6674072946361773
2368,18,494,55.99463969610678,3684.4657106501672,81.42211507964093,3862.904094352834,54.0,0.08206859886326451,-1.1516188883661278,0.08209464319855528,-1.1417628374111606,0.017397015572304504,0.48753060993870173
2369,25,494,264.330530090726,3842.899620060988,81.42211507964093,3862.904094352834,54.0,0.08206859886326451,-1.7639924151846984,0.08209464319855528,-1.756550793007067,0.017397015572304504,0.4677507159876956
2370,26,495,492.46916862384336,4319.554466150916,549.2870939563649,4305.9995539661,54.0,0.08206859886326451,-0.3628170163954672,0.08209464319855528,-0.36207817734647507,0.017397015572304504,0.09895747881449488
2371,34,495,645.8872104090177,4370.307858894735,549.2870939563649,4305.9995539661,54.0,0.08206859886326451,-1.0803875419063418,0.08209464319855528,-1.0763666982474478,0.017397015572304504,0.2228882774795553
2372,30,495,625.9985091941669,4344.425799606012,549.2870939563649,4305.9995539661,54.0,0.08206859886326451,-0.7930220706728016,0.08209464319855528,-0.7919564847793973,0.017397015572304504,0.1651823083224626
2373,7,495,477.9085898257795,4404.037580305916,549.2870939563649,4305.9995539661,54.0,0.08206859886326451,-0.824800945576479,0.08209464319855528,-0.8250287692531894,0.017397015572304504,0.20848968953268238
2374,37,495,628.569594659982,4182.409690156388,549.2870939563649,4305.9995539661,54.0,0.08206859886326451,-1.392794620352146,0.08209464319855528,-1.3894220851441668,0.017397015572304504,0.3282744993776726
2375,29,495,679.1344462972443,4226.875249913833,549.2870939563649,4305.9995539661,54.0,0.08206859886326451,-1.4024182360892206,0.08209464319855528,-1.3981530653471055,0.017397015572304504,0.36158257412272143
2376,44,495,472.0029937650396,4104.126300266757,549.2870939563649,4305.9995539661,54.0,0.08206859886326451,-1.4731801982001744,0.08209464319855528,-1.4705421911367542,0.017397015572304504,0.3986043934790165
2377,33,495,633.1852302568241,4317.679688677003,549.2870939563649,4305.9995539661,54.0,0.08206859886326451,-0.7329279140157073,0.08209464319855528,-0.7328951974745603,0.017397015572304504,0.1863686640934611
2378,56,495,677.3923123197425,4458.591690875839,549.2870939563649,4305.9995539661,54.0,0.08206859886326451,-2.001175994066918,0.08209464319855528,-1.9934610787463816,0.017397015572304504,0.42258579223723775
2379,24,495,476.8845411410292,4318.364085281663,549.2870939563649,4305.9995539661,54.0,0.08206859886326451,-0.5314015535944756,0.08209464319855528,-0.5308039718504358,0.017397015572304504,0.12574344312312233
2380,23,495,503.6303432677425,4330.870903253777,549.2870939563649,4305.9995539661,54.0,0.08206859886326451,-0.2545549605239234,0.08209464319855528,-0.25382671130474505,0.017397015572304504,0.08475651823558686
2381,43,495,630.0947010611478,4141.259609929846,549.2870939563649,4305.9995539661,54.0,0.08206859886326451,-1.8210496132805252,0.08209464319855528,-1.8222453546274888,0.017397015572304504,0.41170266212294687
2382,35,495,583.2192292927565,4207.570440686977,549.2870939563649,4305.9995539661,54.0,0.08206859886326451,-0.9530175766179768,0.08209464319855528,-0.9526654829149436,0.017397015572304504,0.2205402926389941
2383,30,496,625.9985091941669,4344.425799606012,544.4098499221095,4286.51728713991,54.0,0.08206859886326451,-0.9329500842280749,0.08209464319855528,-0.9320178169807573,0.017397015572304504,0.19634959170780808
2384,34,496,645.8872104090177,4370.307858894735,544.4098499221095,4286.51728713991,54.0,0.08206859886326451,-1.25576427852043,0.08209464319855528,-1.252262913451958,0.017397015572304504,0.2562558373248031
2385,37,496,628.569594659982,4182.409690156388,544.4098499221095,4286.51728713991,54.0,0.08206859886326451,-1.2040055183585616,0.08209464319855528,-1.2055844815574768,0.017397015572304504,0.2937853518435904
2386,26,496,492.46916862384336,4319.554466150916,544.4098499221095,4286.51728713991,54.0,0.08206859886326451,-0.41567219631530594,0.08209464319855528,-0.4157886093135853,0.017397015572304504,0.10894811646597063
2387,33,496,633.1852302568241,4317.679688677003,544.4098499221095,4286.51728713991,54.0,0.08206859886326451,-0.9118938707217711,0.08209464319855528,-0.9099582323897099,0.017397015572304504,0.21041015508193878
2388,35,496,583.2192292927565,4207.570440686977,544.4098499221095,4286.51728713991,54.0,0.08206859886326451,-0.7131655616706816,0.08209464319855528,-0.7154910346304999,0.017397015572304504,0.18352456610562962
2389,29,496,679.1344462972443,4226.875249913833,544.4098499221095,4286.51728713991,54.0,0.08206859886326451,-1.3509358074353075,0.08209464319855528,-1.3473307098683363,0.017397015572304504,0.35289868127142865
2390,24,496,476.8845411410292,4318.364085281663,544.4098499221095,4286.51728713991,54.0,0.08206859886326451,-0.570348450022844,0.08209464319855528,-0.5705647863637047,0.017397015572304504,0.13269557276956873
2391,7,496,477.9085898257795,4404.037580305916,544.4098499221095,4286.51728713991,54.0,0.08206859886326451,-0.9080003002750735,0.08209464319855528,-0.9085502150973137,0.017397015572304504,0.23032659438285225
2392,23,496,494.196311185903,4314.004446640305,544.4098499221095,4286.51728713991,54.0,0.08206859886326451,-0.37248401406236264,0.08209464319855528,-0.3725633767511617,0.017397015572304504,0.10077973044314584
2393,29,497,679.1344462972443,4226.875249913833,526.9955380856456,4287.393509187453,54.0,0.08206859886326451,-1.405769810743937,0.08209464319855528,-1.404668332558231,0.017397015572304504,0.37988779045376714
2394,37,497,628.569594659982,4182.409690156388,526.9955380856456,4287.393509187453,54.0,0.08206859886326451,-1.1776241995654653,0.08209464319855528,-1.1792121790112298,0.017397015572304504,0.312503434199807
2395,26,497,492.46916862384336,4319.554466150916,526.9955380856456,4287.393509187453,54.0,0.08206859886326451,-0.3391155245404356,0.08209464319855528,-0.33853824410462724,0.017397015572304504,0.083856581375831
2396,44,497,472.0029937650396,4104.126300266757,526.9955380856456,4287.393509187453,54.0,0.08206859886326451,-1.4445952289116408,0.08209464319855528,-1.439126858856008,0.017397015572304504,0.3474598626250319
2397,34,497,645.8872104090177,4370.307858894735,526.9955380856456,4287.393509187453,54.0,0.08206859886326451,-1.2389705015691288,0.08209464319855528,-1.2357807537695915,0.017397015572304504,0.27388284458680995
2398,43,497,630.0947010611478,4141.259609929846,526.9955380856456,4287.393509187453,54.0,0.08206859886326451,-1.507623792551186,0.08209464319855528,-1.5087784595830833,0.017397015572304504,0.3937432779883446
2399,30,497,625.9985091941669,4344.425799606012,526.9955380856456,4287.393509187453,54.0,0.08206859886326451,-0.9368966187666565,0.08209464319855528,-0.9369947175809934,0.017397015572304504,0.2153196245604146
2400,7,497,477.9085898257795,4404.037580305916,526.9955380856456,4287.393509187453,54.0,0.08206859886326451,-0.9537406259070993,0.08209464319855528,-0.9547382758514046,0.017397015572304504,0.2189903155646667
2401,24,497,476.8845411410292,4318.364085281663,526.9955380856456,4287.393509187453,54.0,0.08206859886326451,-0.4865550750032884,0.08209464319855528,-0.48617809596955114,0.017397015572304504,0.1051568735789829
2402,33,497,633.1852302568241,4317.679688677003,526.9955380856456,4287.393509187453,54.0,0.08206859886326451,-0.9603389493777983,0.08209464319855528,-0.9594799398403434,0.017397015572304504,0.23702306162665865
2403,35,497,583.2192292927565,4207.570440686977,526.9955380856456,4287.393509187453,54.0,0.08206859886326451,-0.6738964607543688,0.08209464319855528,-0.673678307547028,0.017397015572304504,0.20061870020678643
2404,23,497,490.5503478417671,4307.460726632768,526.9955380856456,4287.393509187453,54.0,0.08206859886326451,-0.29560843961460526,0.08209464319855528,-0.2951061640955049,0.017397015572304504,0.07367151854228421
2405,43,498,630.0947010611478,4141.259609929846,502.3554500387008,4287.081754576032,54.0,0.08206859886326451,-1.6245766525464538,0.08209464319855528,-1.620210272775576,0.017397015572304504,0.43005038514644284
2406,26,498,492.46916862384336,4319.554466150916,502.3554500387008,4287.081754576032,54.0,0.08206859886326451,-0.30516189993280446,0.08209464319855528,-0.3050538399006847,0.017397015572304504,0.061564129694205674
2407,37,498,628.569594659982,4182.409690156388,502.3554500387008,4287.081754576032,54.0,0.08206859886326451,-1.2343684203114758,0.08209464319855528,-1.233163477693381,0.017397015572304504,0.34530491195113905
2408,29,498,679.1344462972443,4226.875249913833,502.3554500387008,4287.081754576032,54.0,0.08206859886326451,-1.500163177537122,0.08209464319855528,-1.4992071905778566,0.017397015572304504,0.4213773984821522
2409,30,498,625.9985091941669,4344.425799606012,502.3554500387008,4287.081754576032,54.0,0.08206859886326451,-1.0380325567041413,0.08209464319855528,-1.0360382882208194,0.017397015572304504,0.24806002264465177
2410,35,498,583.2192292927565,4207.570440686977,502.3554500387008,4287.081754576032,54.0,0.08206859886326451,-0.7840578254232616,0.08209464319855528,-0.7807275843954266,0.017397015572304504,0.2341906548231456
2411,24,498,476.8845411410292,4318.364085281663,502.3554500387008,4287.081754576032,54.0,0.08206859886326451,-0.3549274242580836,0.08209464319855528,-0.35483513988061155,0.017397015572304504,0.0725272487275712
2412,33,498,633.1852302568241,4317.679688677003,502.3554500387008,4287.081754576032,54.0,0.08206859886326451,-1.0340859029529454,0.08209464319855528,-1.033690788104612,0.017397015572304504,0.27500111754201034
2413,8,498,404.480912881415,4338.111065579622,502.3554500387008,4287.081754576032,54.0,0.08206859886326451,-0.996056811254765,0.08209464319855528,-0.9959755056709446,0.017397015572304504,0.23974465369553666
2414,34,498,645.8872104090177,4370.307858894735,502.3554500387008,4287.081754576032,54.0,0.08206859886326451,-1.2912075140508952,0.08209464319855528,-1.2853438163718787,0.017397015572304504,0.305735514239672
2415,23,498,485.3312407692456,4298.036308618457,502.3554500387008,4287.081754576032,54.0,0.08206859886326451,-0.10840732641178871,0.08209464319855528,-0.10807643630411655,0.017397015572304504,0.0354023708366248
2416,44,498,472.0029937650396,4104.126300266757,502.3554500387008,4287.081754576032,54.0,0.08206859886326451,-1.1602258993450647,0.08209464319855528,-1.1522802449619833,0.017397015572304504,0.31616036029331007
2417,7,498,477.9085898257795,4404.037580305916,502.3554500387008,4287.081754576032,54.0,0.08206859886326451,-1.218895210620472,0.08209464319855528,-1.2208576789197894,0.017397015572304504,0.20981728074236075
2418,43,499,630.0947010611478,4141.259609929846,521.860148154005,4271.043596927122,54.0,0.08206859886326451,-1.4431253977415117,0.08209464319855528,-1.4408592253010213,0.017397015572304504,0.3817111726760811
2419,30,499,625.9985091941669,4344.425799606012,521.860148154005,4271.043596927122,54.0,0.08206859886326451,-1.0822448131849658,0.08209464319855528,-1.0815040077101903,0.017397015572304504,0.245496201345532
2420,34,499,645.8872104090177,4370.307858894735,521.860148154005,4271.043596927122,54.0,0.08206859886326451,-1.395065290169704,0.08209464319855528,-1.3918432348358951,0.017397015572304504,0.30527924255124594
2421,37,499,628.569594659982,4182.409690156388,521.860148154005,4271.043596927122,54.0,0.08206859886326451,-1.074449368718029,0.08209464319855528,-1.0742728514639392,0.017397015572304504,0.2989629057635737
2422,24,499,476.8845411410292,4318.364085281663,521.860148154005,4271.043596927122,54.0,0.08206859886326451,-0.5194113930986429,0.08209464319855528,-0.518368679120637,0.017397015572304504,0.11805908389644582
2423,33,499,633.1852302568241,4317.679688677003,521.860148154005,4271.043596927122,54.0,0.08206859886326451,-1.0820049650905177,0.08209464319855528,-1.0797129058249035,0.017397015572304504,0.260306935499564
2424,35,499,583.2192292927565,4207.570440686977,521.860148154005,4271.043596927122,54.0,0.08206859886326451,-0.6137470887562679,0.08209464319855528,-0.6117605993826138,0.017397015572304504,0.18742194843979512
2425,26,499,492.46916862384336,4319.554466150916,521.860148154005,4271.043596927122,54.0,0.08206859886326451,-0.42072257820574427,0.08209464319855528,-0.4195580882319209,0.017397015572304504,0.102442356830258
2426,29,499,679.1344462972443,4226.875249913833,521.860148154005,4271.043596927122,54.0,0.08206859886326451,-1.354025014713186,0.08209464319855528,-1.3526978063481554,0.017397015572304504,0.3818925773201242
2427,44,499,472.0029937650396,4104.126300266757,521.860148154005,4271.043596927122,54.0,0.08206859886326451,-1.3363169903918302,0.08209464319855528,-1.331159491071002,0.017397015572304504,0.3156694908272776
2428,23,499,485.3312407692456,4298.036308618457,521.860148154005,4271.043596927122,54.0,0.08206859886326451,-0.2692877464687061,0.08209464319855528,-0.2679175491430413,0.017397015572304504,0.08191885269088359
2429,26,500,492.46916862384336,4319.554466150916,490.1742733047821,4255.374110181812,54.0,0.08206859886326451,-0.4141356893244652,0.08209464319855528,-0.4125976984577395,0.017397015572304504,0.11109011209443084
2430,42,500,483.2022524961118,4104.318470707111,490.1742733047821,4255.374110181812,54.0,0.08206859886326451,-1.0266622583363576,0.08209464319855528,-1.0218145875779236,0.017397015572304504,0.2652519428492328
2431,33,500,633.1852302568241,4317.679688677003,490.1742733047821,4255.374110181812,54.0,0.08206859886326451,-1.3231692112174742,0.08209464319855528,-1.3176979129055997,0.017397015572304504,0.328647678541495
2432,43,500,630.0947010611478,4141.259609929846,490.1742733047821,4255.374110181812,54.0,0.08206859886326451,-1.644392535426538,0.08209464319855528,-1.6439989623194937,0.017397015572304504,0.3974876544223683
2433,37,500,628.569594659982,4182.409690156388,490.1742733047821,4255.374110181812,54.0,0.08206859886326451,-1.358157180173677,0.08209464319855528,-1.3574946372601648,0.017397015572304504,0.32912139456895273
2434,24,500,476.8845411410292,4318.364085281663,490.1742733047821,4255.374110181812,54.0,0.08206859886326451,-0.40953604418151,0.08209464319855528,-0.407955263167689,0.017397015572304504,0.11127490547137658
2435,41,500,461.8106926932424,4070.996636995212,490.1742733047821,4255.374110181812,54.0,0.08206859886326451,-1.2623404727408298,0.08209464319855528,-1.2575366367104948,0.017397015572304504,0.30020916172446194
2436,30,500,625.9985091941669,4344.425799606012,490.1742733047821,4255.374110181812,54.0,0.08206859886326451,-1.2823288267225703,0.08209464319855528,-1.2791159658113413,0.017397015572304504,0.3080610673708483
2437,44,500,472.0029937650396,4104.126300266757,490.1742733047821,4255.374110181812,54.0,0.08206859886326451,-0.9928997633809222,0.08209464319855528,-0.9868931960924432,0.017397015572304504,0.2580696817862824
2438,23,500,485.3312407692456,4298.036308618457,490.1742733047821,4255.374110181812,54.0,0.08206859886326451,-0.18754260752157215,0.08209464319855528,-0.18587437606135734,0.017397015572304504,0.0724866166273537
2439,35,500,583.2192292927565,4207.570440686977,490.1742733047821,4255.374110181812,54.0,0.08206859886326451,-0.8597930457832175,0.08209464319855528,-0.8584435267560119,0.017397015572304504,0.21380826563328376
2440,29,500,679.1344462972443,4226.875249913833,490.1742733047821,4255.374110181812,54.0,0.08206859886326451,-1.4542334686169887,0.08209464319855528,-1.4473038180772007,0.017397015572304504,0.43506871547762127
2441,33,501,633.1852302568241,4317.679688677003,544.1009429454423,4239.798803024585,54.0,0.08206859886326451,-1.086362957385481,0.08209464319855528,-1.0857223857003397,0.017397015572304504,0.27609913758719146
2442,37,501,628.569594659982,4182.409690156388,544.1009429454423,4239.798803024585,54.0,0.08206859886326451,-0.8963394325885962,0.08209464319855528,-0.897066851745888,0.017397015572304504,0.2250023454539195
2443,30,501,625.9985091941669,4344.425799606012,544.1009429454423,4239.798803024585,54.0,0.08206859886326451,-1.25864112543529,0.08209464319855528,-1.2595159605585928,0.017397015572304504,0.27667098504364923
2444,44,501,472.0029937650396,4104.126300266757,544.1009429454423,4239.798803024585,54.0,0.08206859886326451,-1.1113311963350752,0.08209464319855528,-1.1071623489523224,0.017397015572304504,0.30095474949427087
2445,29,501,679.1344462972443,4226.875249913833,544.1009429454423,4239.798803024585,54.0,0.08206859886326451,-1.100982512843027,0.08209464319855528,-1.097751699776704,0.017397015572304504,0.32246956129607857
2446,7,501,477.9085898257795,4404.037580305916,544.1009429454423,4239.798803024585,54.0,0.08206859886326451,-1.2210296192696206,0.08209464319855528,-1.221348616986442,0.017397015572304504,0.32004833188229986
2447,23,501,485.3312407692456,4298.036308618457,544.1009429454423,4239.798803024585,54.0,0.08206859886326451,-0.5091738062720714,0.08209464319855528,-0.5056921964485194,0.017397015572304504,0.16206365662602454
2448,34,501,645.8872104090177,4370.307858894735,544.1009429454423,4239.798803024585,54.0,0.08206859886326451,-1.6126606830474368,0.08209464319855528,-1.611499451231408,0.017397015572304504,0.34992760520965793
2449,24,501,476.8845411410292,4318.364085281663,544.1009429454423,4239.798803024585,54.0,0.08206859886326451,-0.7393860565707489,0.08209464319855528,-0.736552922746347,0.017397015572304504,0.1983089640482261
2450,35,501,583.2192292927565,4207.570440686977,544.1009429454423,4239.798803024585,54.0,0.08206859886326451,-0.42185882351075954,0.08209464319855528,-0.42091348508229176,0.017397015572304504,0.11276888383529081
2451,33,502,633.1852302568241,4317.679688677003,493.8152420653565,4235.364592782937,54.0,0.08206859886326451,-1.4747642779934247,0.08209464319855528,-1.473123889869091,0.017397015572304504,0.34438409573766343
2452,26,502,492.46916862384336,4319.554466150916,493.8152420653565,4235.364592782937,54.0,0.08206859886326451,-0.5592535466290872,0.08209464319855528,-0.5573565512257614,0.017397015572304504,0.145567630832483
2453,44,502,472.0029937650396,4104.126300266757,493.8152420653565,4235.364592782937,54.0,0.08206859886326451,-0.8671613230775953,0.08209464319855528,-0.8612525557084237,0.017397015572304504,0.22610633923720636
2454,43,502,630.0947010611478,4141.259609929846,493.8152420653565,4235.364592782937,54.0,0.08206859886326451,-1.459468062022075,0.08209464319855528,-1.4594521646247363,0.017397015572304504,0.37186390880441167
2455,37,502,628.569594659982,4182.409690156388,493.8152420653565,4235.364592782937,54.0,0.08206859886326451,-1.3838592031238681,0.08209464319855528,-1.3822128297317853,0.017397015572304504,0.31334801660639755
2456,30,502,625.9985091941669,4344.425799606012,493.8152420653565,4235.364592782937,54.0,0.08206859886326451,-1.5233188327670761,0.08209464319855528,-1.5203444074954204,0.017397015572304504,0.33730774628063503
2457,23,502,485.3312407692456,4298.036308618457,493.8152420653565,4235.364592782937,54.0,0.08206859886326451,-0.33521097899313873,0.08209464319855528,-0.3331727224588914,0.017397015572304504,0.10768176267395935
2458,45,502,517.3116391169647,4113.7490927459785,493.8152420653565,4235.364592782937,54.0,0.08206859886326451,-0.9407185736554471,0.08209464319855528,-0.9381108918304194,0.017397015572304504,0.25163338523167994
2459,35,502,583.2192292927565,4207.570440686977,493.8152420653565,4235.364592782937,54.0,0.08206859886326451,-0.9131060287055445,0.08209464319855528,-0.9128146741664703,0.017397015572304504,0.19704439838203208
2460,41,502,461.8106926932424,4070.996636995212,493.8152420653565,4235.364592782937,54.0,0.08206859886326451,-1.1745810029490815,0.08209464319855528,-1.1684254408832078,0.017397015572304504,0.26896106048515067
2461,29,502,679.1344462972443,4226.875249913833,493.8152420653565,4235.364592782937,54.0,0.08206859886326451,-1.5312079753249075,0.08209464319855528,-1.5282786185602408,0.017397015572304504,0.41979409118165417
2462,24,502,476.8845411410292,4318.364085281663,493.8152420653565,4235.364592782937,54.0,0.08206859886326451,-0.557292072753708,0.08209464319855528,-0.5553463989277792,0.017397015572304504,0.14636366781806687
2463,26,503,492.46916862384336,4319.554466150916,468.1538607220498,4241.128223716155,54.0,0.08206859886326451,-0.6218041748936379,0.08209464319855528,-0.6193689937353585,0.017397015572304504,0.1491021384425801
2464,37,503,628.569594659982,4182.409690156388,468.1538607220498,4241.128223716155,54.0,0.08206859886326451,-1.5771206892141063,0.08209464319855528,-1.5745569826699435,0.017397015572304504,0.3623953442630334
2465,29,503,679.1344462972443,4226.875249913833,468.1538607220498,4241.128223716155,54.0,0.08206859886326451,-1.7537656934092598,0.08209464319855528,-1.7507873768068265,0.017397015572304504,0.4671923103419167
2466,30,503,625.9985091941669,4344.425799606012,468.1538607220498,4241.128223716155,54.0,0.08206859886326451,-1.447755763352196,0.08209464319855528,-1.443844169059074,0.017397015572304504,0.3539951568352653
2467,44,503,472.0029937650396,4104.126300266757,468.1538607220498,4241.128223716155,54.0,0.08206859886326451,-0.7202186624643844,0.08209464319855528,-0.7192393234280035,0.017397015572304504,0.23233367248205802
2468,42,503,481.95797351825536,4104.321037374665,468.1538607220498,4241.128223716155,54.0,0.08206859886326451,-0.8899221999432385,0.08209464319855528,-0.8862782046145399,0.017397015572304504,0.24761918942295463
2469,41,503,461.8106926932424,4070.996636995212,468.1538607220498,4241.128223716155,54.0,0.08206859886326451,-1.0607269705645692,0.08209464319855528,-1.0582592703489193,0.017397015572304504,0.2756400645090941
2470,24,503,476.8845411410292,4318.364085281663,468.1538607220498,4241.128223716155,54.0,0.08206859886326451,-0.9453872296897454,0.08209464319855528,-0.9423384764054625,0.017397015572304504,0.1505535180487988
2471,8,503,404.480912881415,4338.111065579622,468.1538607220498,4241.128223716155,54.0,0.08206859886326451,-1.0716613494097365,0.08209464319855528,-1.071798678602295,0.017397015572304504,0.2648502277344586
2472,23,503,485.3312407692456,4298.036308618457,468.1538607220498,4241.128223716155,54.0,0.08206859886326451,-0.3873379535155069,0.08209464319855528,-0.3847637935152455,0.017397015572304504,0.10842909974960821
2473,43,503,630.0947010611478,4141.259609929846,468.1538607220498,4241.128223716155,54.0,0.08206859886326451,-1.6084153562157455,0.08209464319855528,-1.6076761118447542,0.017397015572304504,0.4158765025145925
2474,35,503,583.2192292927565,4207.570440686977,468.1538607220498,4241.128223716155,54.0,0.08206859886326451,-1.138249163834818,0.08209464319855528,-1.1378564436698593,0.017397015572304504,0.24479641666197088
2475,19,504,324.8153272931308,4135.979057138678,499.7287176848287,4232.444068380425,54.0,0.08206859886326451,-1.5152087797719762,0.08209464319855528,-1.5166456750378556,0.017397015572304504,0.3920612306372668
2476,16,504,510.22088537403255,4246.5421852479,499.7287176848287,4232.444068380425,54.0,0.08206859886326451,-0.1973125159204525,0.08209464319855528,-0.19799156850157068,0.017397015572304504,0.03204183286031859
2477,29,504,679.1344462972443,4226.875249913833,499.7287176848287,4232.444068380425,54.0,0.08206859886326451,-1.4785420389095094,0.08209464319855528,-1.4756158207796306,0.017397015572304504,0.4090802917147587
2478,24,504,476.8845411410292,4318.364085281663,499.7287176848287,4232.444068380425,54.0,0.08206859886326451,-0.5914100525803848,0.08209464319855528,-0.5894371544640491,0.017397015572304504,0.15372426120218757
2479,23,504,485.3312407692456,4298.036308618457,499.7287176848287,4232.444068380425,54.0,0.08206859886326451,-0.36629774518796,0.08209464319855528,-0.3642289677716564,0.017397015572304504,0.11455384070735675
2480,26,505,492.46916862384336,4319.554466150916,469.7454521096344,4301.154322219481,54.0,0.08206859886326451,-0.3706345234974372,0.08209464319855528,-0.37096963344436523,0.017397015572304504,0.05587630113911851
2481,67,505,614.1933123417826,4407.07660776138,469.7454521096344,4301.154322219481,54.0,0.08206859886326451,-1.361126595608102,0.08209464319855528,-1.359060202098475,0.017397015572304504,0.3109854526344908
2482,22,505,301.6304881357929,4156.037775497009,469.7454521096344,4301.154322219481,54.0,0.08206859886326451,-1.9421571996697033,0.08209464319855528,-1.9349524874110717,0.017397015572304504,0.49466880628227916
2483,44,505,472.0029937650396,4104.126300266757,469.7454521096344,4301.154322219481,54.0,0.08206859886326451,-1.463526003085123,0.08209464319855528,-1.4593825859759555,0.017397015572304504,0.3503560911993921
2484,33,505,633.1852302568241,4317.679688677003,469.7454521096344,4301.154322219481,54.0,0.08206859886326451,-1.3530284262232588,0.08209464319855528,-1.3525302509084756,0.017397015572304504,0.3212507291206298
2485,30,505,625.9985091941669,4344.425799606012,469.7454521096344,4301.154322219481,54.0,0.08206859886326451,-1.3952502561101479,0.08209464319855528,-1.3911950591557396,0.017397015572304504,0.2907536493586926
2486,19,505,324.8153272931308,4135.979057138678,469.7454521096344,4301.154322219481,54.0,0.08206859886326451,-1.9840651349719562,0.08209464319855528,-1.9796809929428938,0.017397015572304504,0.47147399060222095
2487,23,505,473.2888408458269,4304.725925046426,469.7454521096344,4301.154322219481,54.0,0.08206859886326451,-0.08523628662431643,0.08209464319855528,-0.08534321635581082,0.017397015572304504,0.01064683337342892
2488,24,505,476.8845411410292,4318.364085281663,469.7454521096344,4301.154322219481,54.0,0.08206859886326451,-0.3040257576085172,0.08209464319855528,-0.3043776134949921,0.017397015572304504,0.04015570318626317
2489,30,506,625.9985091941669,4344.425799606012,555.2813891908964,4308.169914388606,54.0,0.08206859886326451,-0.7516242236087674,0.08209464319855528,-0.7508400543974377,0.017397015572304504,0.1542098798471449
2490,67,506,614.1933123417826,4407.07660776138,555.2813891908964,4308.169914388606,54.0,0.08206859886326451,-1.0731715134694755,0.08209464319855528,-1.070133843405927,0.017397015572304504,0.21775371785614156
2491,24,506,476.8845411410292,4318.364085281663,555.2813891908964,4308.169914388606,54.0,0.08206859886326451,-0.5695164193924692,0.08209464319855528,-0.5687427087235677,0.017397015572304504,0.1360740977679245
2492,16,506,519.0070440168354,4262.203633597157,555.2813891908964,4308.169914388606,54.0,0.08206859886326451,-0.3583087363124289,0.08209464319855528,-0.3578730190782544,0.017397015572304504,0.1091802787094179
2493,68,506,607.5300941255965,4399.875364871049,555.2813891908964,4308.169914388606,54.0,0.08206859886326451,-0.9487180023514552,0.08209464319855528,-0.9465153466536247,0.017397015572304504,0.1984977679865919
2494,29,506,679.1344462972443,4226.875249913833,555.2813891908964,4308.169914388606,54.0,0.08206859886326451,-1.3445430958645357,0.08209464319855528,-1.3405596421772086,0.017397015572304504,0.3543792650527003
2495,23,506,504.75274351062166,4332.980003603095,555.2813891908964,4308.169914388606,54.0,0.08206859886326451,-0.27501946617102346,0.08209464319855528,-0.27416982881405727,0.017397015572304504,0.09223549358604598
2496,44,506,472.0029937650396,4104.126300266757,555.2813891908964,4308.169914388606,54.0,0.08206859886326451,-1.5011064048895668,0.08209464319855528,-1.497031254742877,0.017397015572304504,0.4149010513406274
2497,26,506,492.46916862384336,4319.554466150916,555.2813891908964,4308.169914388606,54.0,0.08206859886326451,-0.4002752867497082,0.08209464319855528,-0.39936390561719015,0.017397015572304504,0.1089804220139458
2498,29,507,679.1344462972443,4226.875249913833,528.2616691728058,4293.079481721901,54.0,0.08206859886326451,-1.4426965935096951,0.08209464319855528,-1.4397367518575697,0.017397015572304504,0.3836804304212891
2499,33,507,633.1852302568241,4317.679688677003,528.2616691728058,4293.079481721901,54.0,0.08206859886326451,-0.8892943765045348,0.08209464319855528,-0.8893473591313834,0.017397015572304504,0.22878733178265767
2500,23,507,493.2419465724456,4312.2296775236855,528.2616691728058,4293.079481721901,54.0,0.08206859886326451,-0.27990015830781523,0.08209464319855528,-0.27946614076962595,0.017397015572304504,0.07006075896637894
2501,68,507,607.5300941255965,4399.875364871049,528.2616691728058,4293.079481721901,54.0,0.08206859886326451,-0.9915263263258551,0.08209464319855528,-0.9889285218448988,0.017397015572304504,0.23762085754085815
2502,26,507,492.46916862384336,4319.554466150916,528.2616691728058,4293.079481721901,54.0,0.08206859886326451,-0.32329737322717045,0.08209464319855528,-0.3228425554665309,0.017397015572304504,0.07896255338978998
2503,44,507,472.0029937650396,4104.126300266757,528.2616691728058,4293.079481721901,54.0,0.08206859886326451,-1.4750147396685263,0.08209464319855528,-1.4696028000184527,0.017397015572304504,0.35759630021621724
2504,43,507,630.0947010611478,4141.259609929846,528.2616691728058,4293.079481721901,54.0,0.08206859886326451,-1.5556178737271378,0.08209464319855528,-1.5582591237700363,0.017397015572304504,0.4002176877471724
2505,35,507,583.2192292927565,4207.570440686977,528.2616691728058,4293.079481721901,54.0,0.08206859886326451,-0.7159093131302996,0.08209464319855528,-0.7164928020995333,0.017397015572304504,0.20746131904663118
2506,24,507,476.8845411410292,4318.364085281663,528.2616691728058,4293.079481721901,54.0,0.08206859886326451,-0.4761236127446399,0.08209464319855528,-0.4758394412600653,0.017397015572304504,0.101890920889469
2507,67,507,614.1933123417826,4407.07660776138,528.2616691728058,4293.079481721901,54.0,0.08206859886326451,-1.1183918638659502,0.08209464319855528,-1.114873241048021,0.017397015572304504,0.256401880912672
2508,37,507,628.569594659982,4182.409690156388,528.2616691728058,4293.079481721901,54.0,0.08206859886326451,-1.2254016521237707,0.08209464319855528,-1.2276160188043361,0.017397015572304504,0.31869528963191474
2509,34,507,645.8872104090177,4370.307858894735,528.2616691728058,4293.079481721901,54.0,0.08206859886326451,-1.1988682768215895,0.08209464319855528,-1.194961198155566,0.017397015572304504,0.2643693123198536
2510,30,507,625.9985091941669,4344.425799606012,528.2616691728058,4293.079481721901,54.0,0.08206859886326451,-0.9079918132471568,0.08209464319855528,-0.9074085933621916,0.017397015572304504,0.20635921667280305
2511,35,508,583.2192292927565,4207.570440686977,480.8723494206272,4270.11559654706,54.0,0.08206859886326451,-0.8692655330065104,0.08209464319855528,-0.8651030530184571,0.017397015572304504,0.24332650939717332
2512,30,508,625.9985091941669,4344.425799606012,480.8723494206272,4270.11559654706,54.0,0.08206859886326451,-1.1640801490397519,0.08209464319855528,-1.1618675074863025,0.017397015572304504,0.2954392711422584
2513,43,508,630.0947010611478,4141.259609929846,480.8723494206272,4270.11559654706,54.0,0.08206859886326451,-1.677157501752014,0.08209464319855528,-1.6745290185851915,0.017397015572304504,0.426438179594456
2514,22,508,301.6304881357929,4156.037775497009,480.8723494206272,4270.11559654706,54.0,0.08206859886326451,-1.505352516653861,0.08209464319855528,-1.4974330014638766,0.017397015572304504,0.4573732672399477
2515,19,508,324.8153272931308,4135.979057138678,480.8723494206272,4270.11559654706,54.0,0.08206859886326451,-1.5139895883311874,0.08209464319855528,-1.5141123200091904,0.017397015572304504,0.43543096143746446
2516,26,508,492.46916862384336,4319.554466150916,480.8723494206272,4270.11559654706,54.0,0.08206859886326451,-0.3767055674567766,0.08209464319855528,-0.37613982171254157,0.017397015572304504,0.08964041340776907
2517,44,508,472.0029937650396,4104.126300266757,480.8723494206272,4270.11559654706,54.0,0.08206859886326451,-0.9471083673683341,0.08209464319855528,-0.9430841381020759,0.017397015572304504,0.27727184102816893
2518,16,508,513.1636048475955,4263.301540421994,480.8723494206272,4270.11559654706,54.0,0.08206859886326451,-0.17854693635737762,0.08209464319855528,-0.17601056082490735,0.017397015572304504,0.059510728424609735
2519,29,508,679.1344462972443,4226.875249913833,480.8723494206272,4270.11559654706,54.0,0.08206859886326451,-1.5554491357333995,0.08209464319855528,-1.550750987585392,0.017397015572304504,0.45220013301368034
2520,33,508,633.1852302568241,4317.679688677003,480.8723494206272,4270.11559654706,54.0,0.08206859886326451,-1.2110038501368008,0.08209464319855528,-1.2081056914121704,0.017397015572304504,0.3213927839459765
2521,34,509,645.8872104090177,4370.307858894735,506.1832779263153,4271.360107928358,54.0,0.08206859886326451,-1.4086064603169766,0.08209464319855528,-1.404681859756634,0.017397015572304504,0.32268410023666094
2522,23,509,485.3312407692456,4298.036308618457,506.1832779263153,4271.360107928358,54.0,0.08206859886326451,-0.19635967920238445,0.08209464319855528,-0.19544682585402634,0.017397015572304504,0.060693778761517575
2523,44,509,472.0029937650396,4104.126300266757,506.1832779263153,4271.360107928358,54.0,0.08206859886326451,-1.2176043217672574,0.08209464319855528,-1.2102736256728648,0.017397015572304504,0.30108135413496345
2524,33,509,633.1852302568241,4317.679688677003,506.1832779263153,4271.360107928358,54.0,0.08206859886326451,-1.1681175420729821,0.08209464319855528,-1.1654954507006872,0.017397015572304504,0.28521531338739103
2525,43,509,630.0947010611478,4141.259609929846,506.1832779263153,4271.360107928358,54.0,0.08206859886326451,-1.566289759488499,0.08209464319855528,-1.5608367032598587,0.017397015572304504,0.40802939887811396
2526,24,509,476.8845411410292,4318.364085281663,506.1832779263153,4271.360107928358,54.0,0.08206859886326451,-0.43637855096265965,0.08209464319855528,-0.43564690793414057,0.017397015572304504,0.09987579010769251
2527,16,509,513.1636048475955,4263.301540421994,506.1832779263153,4271.360107928358,54.0,0.08206859886326451,-0.09101478555431755,0.08209464319855528,-0.09003578822668316,0.017397015572304504,0.022053928928367408
2528,29,509,679.1344462972443,4226.875249913833,506.1832779263153,4271.360107928358,54.0,0.08206859886326451,-1.4739994078352885,0.08209464319855528,-1.4712549065947214,0.017397015572304504,0.4123577094426323
2529,30,509,625.9985091941669,4344.425799606012,506.1832779263153,4271.360107928358,54.0,0.08206859886326451,-1.114769057567042,0.08209464319855528,-1.1139014495108706,0.017397015572304504,0.2642339513342149
2530,35,509,583.2192292927565,4207.570440686977,506.1832779263153,4271.360107928358,54.0,0.08206859886326451,-0.7458649058843212,0.08209464319855528,-0.7419254094220463,0.017397015572304504,0.21402113088356192
2531,67,509,614.1933123417826,4407.07660776138,506.1832779263153,4271.360107928358,54.0,0.08206859886326451,-1.2780970820683464,0.08209464319855528,-1.2736543651754395,0.017397015572304504,0.31005427367544847
2532,37,509,628.569594659982,4182.409690156388,506.1832779263153,4271.360107928358,54.0,0.08206859886326451,-1.213206307111814,0.08209464319855528,-1.2112273246156426,0.017397015572304504,0.3268231122468729
2533,41,510,461.8106926932424,4070.996636995212,486.333478002448,4218.397487853233,54.0,0.08206859886326451,-0.9997315435373233,0.08209464319855528,-0.9952109957944405,0.017397015572304504,0.23588635857538093
2534,33,510,633.1852302568241,4317.679688677003,486.333478002448,4218.397487853233,54.0,0.08206859886326451,-1.5874632621133298,0.08209464319855528,-1.5873114590424646,0.017397015572304504,0.37608273447565643
2535,35,510,583.2192292927565,4207.570440686977,486.333478002448,4218.397487853233,54.0,0.08206859886326451,-0.8415143328051254,0.08209464319855528,-0.8393746596624357,0.017397015572304504,0.20853567515187652
2536,45,510,517.3116391169647,4113.7490927459785,486.333478002448,4218.397487853233,54.0,0.08206859886326451,-0.770956795697586,0.08209464319855528,-0.7674201540403138,0.017397015572304504,0.21849429267189474
2537,19,510,324.8153272931308,4135.979057138678,486.333478002448,4218.397487853233,54.0,0.08206859886326451,-1.3577254355669006,0.08209464319855528,-1.3591470029174717,0.017397015572304504,0.35494981414461235
2538,23,510,485.3312407692456,4298.036308618457,486.333478002448,4218.397487853233,54.0,0.08206859886326451,-0.46654918272510004,0.08209464319855528,-0.46418643822032013,0.017397015572304504,0.13713788896828408
2539,43,510,630.0947010611478,4141.259609929846,486.333478002448,4218.397487853233,54.0,0.08206859886326451,-1.3632296880987973,0.08209464319855528,-1.3629238716144414,0.017397015572304504,0.3650516565743443
2540,29,510,679.1344462972443,4226.875249913833,486.333478002448,4218.397487853233,54.0,0.08206859886326451,-1.6401113206728823,0.08209464319855528,-1.6386102825079243,0.017397015572304504,0.4327818217895178
2541,30,510,625.9985091941669,4344.425799606012,486.333478002448,4218.397487853233,54.0,0.08206859886326451,-1.6958657173295908,0.08209464319855528,-1.6931943179252005,0.017397015572304504,0.3700303582570899
2542,37,510,628.569594659982,4182.409690156388,486.333478002448,4218.397487853233,54.0,0.08206859886326451,-1.254937150380169,0.08209464319855528,-1.2508809909645073,0.017397015572304504,0.32119959606469134
2543,24,510,476.8845411410292,4318.364085281663,486.333478002448,4218.397487853233,54.0,0.08206859886326451,-0.6831983676571453,0.08209464319855528,-0.6809402382818337,0.017397015572304504,0.17453636684269286
2544,44,510,472.0029937650396,4104.126300266757,486.333478002448,4218.397487853233,54.0,0.08206859886326451,-0.7141320260965742,0.08209464319855528,-0.7087177482344276,0.017397015572304504,0.19269787514976952
2545,16,510,510.22088537403255,4246.5421852479,486.333478002448,4218.397487853233,54.0,0.08206859886326451,-0.34456437553015395,0.08209464319855528,-0.3447414425396932,0.017397015572304504,0.06669726088008224
2546,16,511,510.22088537403255,4246.5421852479,465.122364122729,4206.899148776987,54.0,0.08206859886326451,-0.5063539276343219,0.08209464319855528,-0.5062243455816247,0.017397015572304504,0.10876402341226933
2547,30,511,625.9985091941669,4344.425799606012,465.122364122729,4206.899148776987,54.0,0.08206859886326451,-1.8389329771564094,0.08209464319855528,-1.835555291648937,0.017397015572304504,0.4109551265456688
2548,19,511,324.8153272931308,4135.979057138678,465.122364122729,4206.899148776987,54.0,0.08206859886326451,-1.1917098437246074,0.08209464319855528,-1.193637543134814,0.017397015572304504,0.3109894584263945
2549,41,511,461.8106926932424,4070.996636995212,465.122364122729,4206.899148776987,54.0,0.08206859886326451,-0.802915647899612,0.08209464319855528,-0.8004468669810112,0.017397015572304504,0.21050068308763553
2550,44,511,472.0029937650396,4104.126300266757,465.122364122729,4206.899148776987,54.0,0.08206859886326451,-0.4635571539082213,0.08209464319855528,-0.46257465052742097,0.017397015572304504,0.1675784950098701
2551,43,511,630.0947010611478,4141.259609929846,465.122364122729,4206.899148776987,54.0,0.08206859886326451,-1.450208593158898,0.08209464319855528,-1.452530528096344,0.017397015572304504,0.39235626377037586
2552,45,511,517.3116391169647,4113.7490927459785,465.122364122729,4206.899148776987,54.0,0.08206859886326451,-0.7094044849292048,0.08209464319855528,-0.7056766837973943,0.017397015572304504,0.20449977278420414
2553,22,511,301.6304881357929,4156.037775497009,465.122364122729,4206.899148776987,54.0,0.08206859886326451,-1.2729495014128869,0.08209464319855528,-1.2759885765793828,0.017397015572304504,0.3561041287099793
2554,35,511,583.2192292927565,4207.570440686977,465.122364122729,4206.899148776987,54.0,0.08206859886326451,-0.9781334883641695,0.08209464319855528,-0.9754804136716607,0.017397015572304504,0.24561308868452103
2555,23,511,485.3312407692456,4298.036308618457,465.122364122729,4206.899148776987,54.0,0.08206859886326451,-0.5563271633637109,0.08209464319855528,-0.5541677996953939,0.017397015572304504,0.1677922013246217
2556,37,511,628.569594659982,4182.409690156388,465.122364122729,4206.899148776987,54.0,0.08206859886326451,-1.351760144014827,0.08209464319855528,-1.3474020869611052,0.017397015572304504,0.35353855825103336
2557,29,511,679.1344462972443,4226.875249913833,465.122364122729,4206.899148776987,54.0,0.08206859886326451,-1.7664964871451105,0.08209464319855528,-1.7649506928969672,0.017397015572304504,0.4739130260281606
2558,43,512,630.0947010611478,4141.259609929846,490.5454553088719,4199.285433819725,54.0,0.08206859886326451,-1.274499483117588,0.08209464319855528,-1.2773486439279385,0.017397015572304504,0.34440159968159817
2559,65,512,465.43944178630807,4063.6597216274654,490.5454553088719,4199.285433819725,54.0,0.08206859886326451,-1.0335446620282374,0.08209464319855528,-1.027911936222866,0.017397015572304504,0.21818291514520644
2560,26,512,492.46916862384336,4319.554466150916,490.5454553088719,4199.285433819725,54.0,0.08206859886326451,-0.8187347436473433,0.08209464319855528,-0.8155383471560482,0.017397015572304504,0.21068508581780776
2561,24,512,476.8845411410292,4318.364085281663,490.5454553088719,4199.285433819725,54.0,0.08206859886326451,-0.8108355078032056,0.08209464319855528,-0.8076087290508431,0.017397015572304504,0.20989976072003486
2562,41,512,461.8106926932424,4070.996636995212,490.5454553088719,4199.285433819725,54.0,0.08206859886326451,-0.9407336091051766,0.08209464319855528,-0.9348885739438687,0.017397015572304504,0.20439795416225512
2563,16,512,510.22088537403255,4246.5421852479,490.5454553088719,4199.285433819725,54.0,0.08206859886326451,-0.45177660660396635,0.08209464319855528,-0.45144438828215716,0.017397015572304504,0.09396176652621105
2564,44,512,472.0029937650396,4104.126300266757,490.5454553088719,4199.285433819725,54.0,0.08206859886326451,-0.6104336877251579,0.08209464319855528,-0.6060237840052434,0.017397015572304504,0.1618920444439378
2565,29,512,679.1344462972443,4226.875249913833,490.5454553088719,4199.285433819725,54.0,0.08206859886326451,-1.590938210271607,0.08209464319855528,-1.5901737396830666,0.017397015572304504,0.4307193280917512
2566,19,512,324.8153272931308,4135.979057138678,490.5454553088719,4199.285433819725,54.0,0.08206859886326451,-1.2976803203833924,0.08209464319855528,-1.2972081633802561,0.017397015572304504,0.3532714832880267
2567,22,512,301.6304881357929,4156.037775497009,490.5454553088719,4199.285433819725,54.0,0.08206859886326451,-1.3593224612431807,0.08209464319855528,-1.36054991612892,0.017397015572304504,0.3926790492567516
2568,23,512,485.3312407692456,4298.036308618457,490.5454553088719,4199.285433819725,54.0,0.08206859886326451,-0.5930034835335459,0.08209464319855528,-0.5896786766899004,0.017397015572304504,0.17220356590711663
2569,45,512,517.3116391169647,4113.7490927459785,490.5454553088719,4199.285433819725,54.0,0.08206859886326451,-0.6402053909705868,0.08209464319855528,-0.6376286014473448,0.017397015572304504,0.18278394897313605
2570,27,512,413.6607163277177,4126.933692479007,490.5454553088719,4199.285433819725,54.0,0.08206859886326451,-0.7226160390307209,0.08209464319855528,-0.7221979143697975,0.017397015572304504,0.19539564524490552
2571,30,512,625.9985091941669,4344.425799606012,490.5454553088719,4199.285433819725,54.0,0.08206859886326451,-1.7251394505978037,0.08209464319855528,-1.7234323935584293,0.017397015572304504,0.401007909897265
2572,26,513,492.46916862384336,4319.554466150916,529.8239150277818,4263.102067604929,54.0,0.08206859886326451,-0.47408377662136025,0.08209464319855528,-0.4726218751758124,0.017397015572304504,0.1241080187899335
2573,23,513,485.3312407692456,4298.036308618457,529.8239150277818,4263.102067604929,54.0,0.08206859886326451,-0.3458560747076153,0.08209464319855528,-0.34381592178363674,0.017397015572304504,0.10507361275317922
2574,29,513,679.1344462972443,4226.875249913833,529.8239150277818,4263.102067604929,54.0,0.08206859886326451,-1.273188987207018,0.08209464319855528,-1.2723666570189252,0.017397015572304504,0.360573157753148
2575,24,513,476.8845411410292,4318.364085281663,529.8239150277818,4263.102067604929,54.0,0.08206859886326451,-0.589044903356205,0.08209464319855528,-0.5874969590463659,0.017397015572304504,0.1408050257536474
2576,23,514,488.8120729307579,4304.355849360457,538.5355942881802,4277.098759825456,54.0,0.08206859886326451,-0.3642774958800807,0.08209464319855528,-0.36404637958101216,0.017397015572304504,0.10068377411477836
2577,24,514,476.8845411410292,4318.364085281663,538.5355942881802,4277.098759825456,54.0,0.08206859886326451,-0.5707818330359304,0.08209464319855528,-0.5707670281651818,0.017397015572304504,0.13238227196550478
2578,16,514,519.0070440168354,4262.203633597157,538.5355942881802,4277.098759825456,54.0,0.08206859886326451,-0.14900007381044184,0.08209464319855528,-0.14815116220445484,0.017397015572304504,0.0491355567602981
2579,29,514,679.1344462972443,4226.875249913833,538.5355942881802,4277.098759825456,54.0,0.08206859886326451,-1.2998858551499697,0.08209464319855528,-1.2994346962618388,0.017397015572304504,0.35396746254206735
2580,26,514,492.46916862384336,4319.554466150916,538.5355942881802,4277.098759825456,54.0,0.08206859886326451,-0.4224288166361331,0.08209464319855528,-0.42228994974510636,0.017397015572304504,0.1112248648118806
2581,2,515,-517.6817734392575,3585.1734601257845,-374.9103311708055,3656.421360427769,54.0,0.08206859886326451,-1.2701756302265028,0.08209464319855528,-1.2652534456290219,0.017397015572304504,0.4736772637154399
2582,0,515,-370.9184736815143,3578.821080117009,-374.9103311708055,3656.421360427769,54.0,0.08206859886326451,-0.5989107889739125,0.08209464319855528,-0.5986359262786407,0.017397015572304504,0.22183569487070645
2583,2,516,-517.6817734392575,3585.1734601257845,-378.4105488505552,3641.913217468345,54.0,0.08206859886326451,-1.1582620751563866,0.08209464319855528,-1.1536658943581706,0.017397015572304504,0.439977696865399
2584,0,516,-370.9184736815143,3578.821080117009,-378.4105488505552,3641.913217468345,54.0,0.08206859886326451,-0.46319567184537724,0.08209464319855528,-0.4601370051245127,0.017397015572304504,0.18666894397071954
2585,0,517,-370.9184736815143,3578.821080117009,-385.33208216661006,3627.100488486961,54.0,0.08206859886326451,-0.3648772907953012,0.08209464319855528,-0.3592415266987692,0.017397015572304504,0.15345202976376648
2586,2,518,-517.6817734392575,3585.1734601257845,-390.8209967890227,3608.249021001745,54.0,0.08206859886326451,-0.9641442781103884,0.08209464319855528,-0.9548165028002136,0.017397015572304504,0.3755472037266334
2587,0,518,-370.9184736815143,3578.821080117009,-390.8209967890227,3608.249021001745,54.0,0.08206859886326451,-0.269326518040995,0.08209464319855528,-0.2663071008073497,0.017397015572304504,0.11187474190777275
2588,2,519,-517.6817734392575,3585.1734601257845,-408.2621432632536,3592.8912921219685,54.0,0.08206859886326451,-0.8667816999049953,0.08209464319855528,-0.8627626827994779,0.017397015572304504,0.3178831724973987
2589,0,519,-376.58878520787545,3570.7741488906136,-408.2621432632536,3592.8912921219685,54.0,0.08206859886326451,-0.3085720875530087,0.08209464319855528,-0.30650074984405945,0.017397015572304504,0.12048523134377644
2590,14,520,-191.2861040228232,3920.912450661129,16.947210370460294,3854.162344069313,54.0,0.08206859886326451,-1.8104815529526264,0.08209464319855528,-1.8044533426886908,0.017397015572304504,0.5688444313508115
2591,14,521,-191.2861040228232,3920.912450661129,26.581794784317434,3848.416710936236,54.0,0.08206859886326451,-1.9448907941421212,0.08209464319855528,-1.9386583117537288,0.017397015572304504,0.5999730738344425
2592,14,522,-191.2861040228232,3920.912450661129,15.046854621301405,3832.1565750001578,54.0,0.08206859886326451,-1.870764228915075,0.08209464319855528,-1.868322547122384,0.017397015572304504,0.5871140266298494
2593,50,522,-32.87294301735424,3776.17863145535,15.046854621301405,3832.1565750001578,54.0,0.08206859886326451,-0.8221288545460312,0.08209464319855528,-0.8226872642109264,0.017397015572304504,0.19352360452948553
2594,50,523,-32.87294301735424,3776.17863145535,11.187468754086296,3812.747884834706,54.0,0.08206859886326451,-0.6413441969320273,0.08209464319855528,-0.6431372286824963,0.017397015572304504,0.14296724494690008
2595,14,523,-191.2861040228232,3920.912450661129,11.187468754086296,3812.747884834706,54.0,0.08206859886326451,-1.8482785442266183,0.08209464319855528,-1.8485019157842368,0.017397015572304504,0.6091505652662299
2596,50,524,-32.87294301735424,3776.17863145535,35.65775954728463,3811.2184228857313,54.0,0.08206859886326451,-0.7829313515440515,0.08209464319855528,-0.7845905921697313,0.017397015572304504,0.19388491554758702
2597,50,525,-32.87294301735424,3776.17863145535,14.975934229222824,3799.243068897464,54.0,0.08206859886326451,-0.551330231965682,0.08209464319855528,-0.553276740943517,0.017397015572304504,0.13079103286244545
2598,50,526,-32.87294301735424,3776.17863145535,39.2002283746347,3788.436119844561,54.0,0.08206859886326451,-0.67631914698272,0.08209464319855528,-0.6766791198969675,0.017397015572304504,0.18393308342194187
2599,50,527,-32.87294301735424,3776.17863145535,15.04579642413452,3767.694366626262,54.0,0.08206859886326451,-0.5896758151227369,0.08209464319855528,-0.5902751476668251,0.017397015572304504,0.12085739838984433
2600,50,528,-32.87294301735424,3776.17863145535,5.372355331992672,3771.380109193948,54.0,0.08206859886326451,-0.5101127170153019,0.08209464319855528,-0.5104758757921136,0.017397015572304504,0.09527665903297988
2601,18,528,55.99463969610678,3684.4657106501672,5.372355331992672,3771.380109193948,54.0,0.08206859886326451,-0.795768966881162,0.08209464319855528,-0.7973088319069446,0.017397015572304504,0.2654274232871608
2602,14,528,-191.2861040228232,3920.912450661129,5.372355331992672,3771.380109193948,54.0,0.08206859886326451,-2.100484483582802,0.08209464319855528,-2.0947182171595773,0.017397015572304504,0.6408060536565223
2603,50,529,-32.87294301735424,3776.17863145535,24.679452052912616,3770.6789526338025,54.0,0.08206859886326451,-0.6353583795349925,0.08209464319855528,-0.6365616250474676,0.017397015572304504,0.1424314173952104
2604,50,530,-32.87294301735424,3776.17863145535,39.83749752635614,3805.9132554474304,54.0,0.08206859886326451,-0.7500633181374159,0.08209464319855528,-0.7515317114431382,0.017397015572304504,0.19830284399648543
2605,18,530,55.99463969610678,3684.4657106501672,39.83749752635614,3805.9132554474304,54.0,0.08206859886326451,-0.7985728128896225,0.08209464319855528,-0.7903357230567165,0.017397015572304504,0.3261237589705212
2606,18,531,55.99463969610678,3684.4657106501672,24.679857010352134,3808.1866342615103,54.0,0.08206859886326451,-0.8882164362312813,0.08209464319855528,-0.8824068757459252,0.017397015572304504,0.3389437024742177
2607,50,531,-32.87294301735424,3776.17863145535,24.679857010352134,3808.1866342615103,54.0,0.08206859886326451,-0.7121531807850561,0.08209464319855528,-0.7143074058126729,0.017397015572304504,0.16433623123371177
2608,14,532,-191.2861040228232,3920.912450661129,43.05926388611581,3820.358120360771,54.0,0.08206859886326451,-2.1737553964621705,0.08209464319855528,-2.169913365745475,0.017397015572304504,0.6712676197265177
2609,25,533,264.330530090726,3842.899620060988,46.2511058172998,3844.421224149216,54.0,0.08206859886326451,-1.9889421728555874,0.08209464319855528,-1.9859095477628372,0.017397015572304504,0.580467878971095
2610,50,533,-32.87294301735424,3776.17863145535,46.2511058172998,3844.421224149216,54.0,0.08206859886326451,-1.1159479036311315,0.08209464319855528,-1.1182766630599503,0.017397015572304504,0.2735803111307232
2611,18,533,55.99463969610678,3684.4657106501672,46.2511058172998,3844.421224149216,54.0,0.08206859886326451,-1.0555552156330146,0.08209464319855528,-1.0449864007922633,0.017397015572304504,0.4259920626665974
2612,18,534,55.99463969610678,3684.4657106501672,27.838527006137475,3838.99962359604,54.0,0.08206859886326451,-1.1125954105776685,0.08209464319855528,-1.1049942082073638,0.017397015572304504,0.4200225213150659
2613,4,535,296.61979068975745,4128.179301772369,250.8258249438829,4077.09190549598,54.0,0.08206859886326451,-0.5707042096220101,0.08209464319855528,-0.5681148983380282,0.017397015572304504,0.13801922954539478
2614,6,535,202.24335058105044,4025.5497211369657,250.8258249438829,4077.09190549598,54.0,0.08206859886326451,-0.6424547411908462,0.08209464319855528,-0.6443961877726576,0.017397015572304504,0.17253783337902245
2615,31,535,286.22286085268047,4096.016113555928,250.8258249438829,4077.09190549598,54.0,0.08206859886326451,-0.39409044414904837,0.08209464319855528,-0.39359125749984647,0.017397015572304504,0.07888474990755137
2616,44,535,470.9318574712719,4102.798680980681,250.8258249438829,4077.09190549598,54.0,0.08206859886326451,-1.9264251559224965,0.08209464319855528,-1.9228526458208497,0.017397015572304504,0.40744576807590227
2617,38,535,292.2609771757026,3909.816818957042,250.8258249438829,4077.09190549598,54.0,0.08206859886326451,-1.165794374341893,0.08209464319855528,-1.158701642569055,0.017397015572304504,0.3756250267489604
2618,31,536,286.22286085268047,4096.016113555928,269.0070066875137,4069.184449779752,54.0,0.08206859886326451,-0.35945026252054646,0.08209464319855528,-0.3592588539437246,0.017397015572304504,0.06086052805969981
2619,4,536,296.61979068975745,4128.179301772369,269.0070066875137,4069.184449779752,54.0,0.08206859886326451,-0.6305122600860319,0.08209464319855528,-0.628199596229405,0.017397015572304504,0.1241960485129407
2620,31,537,286.22286085268047,4096.016113555928,218.97355483206192,4065.9952167575098,54.0,0.08206859886326451,-0.6871746270885672,0.08209464319855528,-0.6863937362874379,0.017397015572304504,0.1616486789928842
2621,25,537,275.18212912654,3848.067080065535,218.97355483206192,4065.9952167575098,54.0,0.08206859886326451,-1.5854840619500308,0.08209464319855528,-1.5786806521566341,0.017397015572304504,0.46162418083499107
2622,53,538,275.4374088407163,3843.51011953928,253.3047041406585,4032.075905579567,54.0,0.08206859886326451,-1.348691336417122,0.08209464319855528,-1.3456832321401548,0.017397015572304504,0.3995277213268427
2623,44,538,470.9318574712719,4102.798680980681,253.3047041406585,4032.075905579567,54.0,0.08206859886326451,-2.0155876129395507,0.08209464319855528,-2.002674534842191,0.017397015572304504,0.4464236138895332
2624,25,538,275.18212912654,3848.067080065535,253.3047041406585,4032.075905579567,54.0,0.08206859886326451,-1.3062500585048726,0.08209464319855528,-1.3036742685893468,0.017397015572304504,0.3869776942565566
2625,38,538,292.2609771757026,3909.816818957042,253.3047041406585,4032.075905579567,54.0,0.08206859886326451,-0.7831078488631183,0.08209464319855528,-0.7785775701891638,0.017397015572304504,0.2805217686766803
2626,6,538,202.24335058105044,4025.5497211369657,253.3047041406585,4032.075905579567,54.0,0.08206859886326451,-0.4351032606292255,0.08209464319855528,-0.4361239352575405,0.017397015572304504,0.12250303012860517
2627,31,538,286.22286085268047,4096.016113555928,253.3047041406585,4032.075905579567,54.0,0.08206859886326451,-0.7353163312531874,0.08209464319855528,-0.7336551573110542,0.017397015572304504,0.15069454587010558
2628,53,539,275.4374088407163,3843.51011953928,210.88337358800035,4009.070829044608,54.0,0.08206859886326451,-1.35755970080556,0.08209464319855528,-1.353869871640999,0.017397015572304504,0.36005570318719515
2629,25,539,275.18212912654,3848.067080065535,210.88337358800035,4009.070829044608,54.0,0.08206859886326451,-1.297245196757361,0.08209464319855528,-1.2939617865277588,0.017397015572304504,0.3465783197246247
2630,38,539,292.2609771757026,3909.816818957042,210.88337358800035,4009.070829044608,54.0,0.08206859886326451,-0.8235151427922338,0.08209464319855528,-0.8177953801203401,0.017397015572304504,0.26583579851583616
2631,6,539,202.24335058105044,4025.5497211369657,210.88337358800035,4009.070829044608,54.0,0.08206859886326451,-0.14477659641569207,0.08209464319855528,-0.1445168142886522,0.017397015572304504,0.04694237665310707
2632,28,539,181.0656949265822,4007.0767963031503,210.88337358800035,4009.070829044608,54.0,0.08206859886326451,-0.35238444050507245,0.08209464319855528,-0.35224819460115914,0.017397015572304504,0.07030945408347912
2633,31,539,286.22286085268047,4096.016113555928,210.88337358800035,4009.070829044608,54.0,0.08206859886326451,-0.9322703640895327,0.08209464319855528,-0.9321300086508146,0.017397015572304504,0.24716481232022489
2634,53,540,275.4374088407163,3843.51011953928,249.40203896940795,3977.89614196583,54.0,0.08206859886326451,-0.9952718109269334,0.08209464319855528,-0.9919762386826846,0.017397015572304504,0.2693059217363141
2635,44,540,470.9318574712719,4102.798680980681,249.40203896940795,3977.89614196583,54.0,0.08206859886326451,-1.865478311931065,0.08209464319855528,-1.8602357772706613,0.017397015572304504,0.5158579700817939
2636,38,540,292.2609771757026,3909.816818957042,249.40203896940795,3977.89614196583,54.0,0.08206859886326451,-0.5168066082489207,0.08209464319855528,-0.5142815931501723,0.017397015572304504,0.16688111560697932
2637,25,540,275.18212912654,3848.067080065535,249.40203896940795,3977.89614196583,54.0,0.08206859886326451,-0.9447828129532632,0.08209464319855528,-0.9419079582360866,0.017397015572304504,0.2559102791130221
2638,31,540,286.22286085268047,4096.016113555928,249.40203896940795,3977.89614196583,54.0,0.08206859886326451,-1.2082095782863842,0.08209464319855528,-1.2066856557727375,0.017397015572304504,0.27867260794908655
2639,38,541,292.2609771757026,3909.816818957042,213.75311227222025,3985.814400159764,54.0,0.08206859886326451,-0.7835029240000094,0.08209464319855528,-0.7801160546010399,0.017397015572304504,0.22491993207507002
2640,31,541,286.22286085268047,4096.016113555928,213.75311227222025,3985.814400159764,54.0,0.08206859886326451,-1.1229838267941947,0.08209464319855528,-1.1209342650555887,0.017397015572304504,0.2834087282396194
2641,28,541,181.0656949265822,4007.0767963031503,213.75311227222025,3985.814400159764,54.0,0.08206859886326451,-0.45112044233839865,0.08209464319855528,-0.45123114759182714,0.017397015572304504,0.0871484669988648
2642,53,541,275.4374088407163,3843.51011953928,213.75311227222025,3985.814400159764,54.0,0.08206859886326451,-1.2177307125182333,0.08209464319855528,-1.2144120017921165,0.017397015572304504,0.31046852961335236
2643,25,541,275.18212912654,3848.067080065535,213.75311227222025,3985.814400159764,54.0,0.08206859886326451,-1.1564572624456748,0.08209464319855528,-1.1535516145742695,0.017397015572304504,0.2967915694437753
2644,31,542,286.22286085268047,4096.016113555928,202.69234717139835,3973.005610838789,54.0,0.08206859886326451,-1.268349065230507,0.08209464319855528,-1.2663756501015162,0.017397015572304504,0.32029444339731233
2645,25,542,264.330530090726,3842.899620060988,202.69234717139835,3973.005610838789,54.0,0.08206859886326451,-1.1263484222026827,0.08209464319855528,-1.122346717192882,0.017397015572304504,0.2863705288277136
2646,6,542,202.24335058105044,4025.5497211369657,202.69234717139835,3973.005610838789,54.0,0.08206859886326451,-0.44138841274425417,0.08209464319855528,-0.4408337705815576,0.017397015572304504,0.12145236378531257
2647,53,542,275.4374088407163,3843.51011953928,202.69234717139835,3973.005610838789,54.0,0.08206859886326451,-1.183250252829457,0.08209464319855528,-1.1791887548526587,0.017397015572304504,0.29538683046730785
2648,28,542,181.0656949265822,4007.0767963031503,202.69234717139835,3973.005610838789,54.0,0.08206859886326451,-0.4767741999000874,0.08209464319855528,-0.4772233885996268,0.017397015572304504,0.08940586108933454
2649,38,542,292.2609771757026,3909.816818957042,202.69234717139835,3973.005610838789,54.0,0.08206859886326451,-0.8311006605339221,0.08209464319855528,-0.8290930098012604,0.017397015572304504,0.22654194313345688
2650,25,543,264.330530090726,3842.899620060988,193.13049431647704,3945.745622670177,54.0,0.08206859886326451,-0.9138567101093258,0.08209464319855528,-0.9107316460037642,0.017397015572304504,0.25142564284981045
2651,28,543,181.0656949265822,4007.0767963031503,193.13049431647704,3945.745622670177,54.0,0.08206859886326451,-0.6992233033639305,0.08209464319855528,-0.7006507356294789,0.017397015572304504,0.13688757906524873
2652,53,543,275.4374088407163,3843.51011953928,193.13049431647704,3945.745622670177,54.0,0.08206859886326451,-0.934211845520452,0.08209464319855528,-0.9294927394256075,0.017397015572304504,0.25794940044947673
2653,38,543,292.2609771757026,3909.816818957042,193.13049431647704,3945.745622670177,54.0,0.08206859886326451,-0.8970060799146036,0.08209464319855528,-0.8965560767330751,0.017397015572304504,0.21195963396325873
2654,38,544,292.2609771757026,3909.816818957042,231.2096817700889,3941.271980870057,54.0,0.08206859886326451,-0.5507941056173999,0.08209464319855528,-0.5504765432453314,0.017397015572304504,0.13760525154580183
2655,25,544,275.18212912654,3848.067080065535,231.2096817700889,3941.271980870057,54.0,0.08206859886326451,-0.8021956351091739,0.08209464319855528,-0.7999163250479884,0.017397015572304504,0.194035949946181
2656,28,544,181.0656949265822,4007.0767963031503,231.2096817700889,3941.271980870057,54.0,0.08206859886326451,-0.8078132281426238,0.08209464319855528,-0.8077080907604643,0.017397015572304504,0.18168328540053835
2657,53,544,275.4374088407163,3843.51011953928,231.2096817700889,3941.271980870057,54.0,0.08206859886326451,-0.8621481103809261,0.08209464319855528,-0.8594397694121421,0.017397015572304504,0.2083238100461782
2658,6,544,202.24335058105044,4025.5497211369657,231.2096817700889,3941.271980870057,54.0,0.08206859886326451,-0.7032190867563568,0.08209464319855528,-0.7021104500699675,0.017397015572304504,0.2004904666987702
2659,25,545,264.330530090726,3842.899620060988,213.2088148446705,3935.668148667985,54.0,0.08206859886326451,-0.7803395738657702,0.08209464319855528,-0.7773653621015276,0.017397015572304504,0.20710734990952712
2660,31,545,286.22286085268047,4096.016113555928,213.2088148446705,3935.668148667985,54.0,0.08206859886326451,-1.4290785839139069,0.08209464319855528,-1.42221242252515,0.017397015572304504,0.37580102361503015
2661,28,545,181.0656949265822,4007.0767963031503,213.2088148446705,3935.668148667985,54.0,0.08206859886326451,-0.8161084884108742,0.08209464319855528,-0.816434998482316,0.017397015572304504,0.1707551354440579
2662,38,545,292.2609771757026,3909.816818957042,213.2088148446705,3935.668148667985,54.0,0.08206859886326451,-0.7153685149607599,0.08209464319855528,-0.7150649990044708,0.017397015572304504,0.16391143738681874
2663,12,546,339.7794838460253,3807.442051326752,214.159983359104,3909.3358891854223,54.0,0.08206859886326451,-1.1231016033187042,0.08209464319855528,-1.1154533884655402,0.017397015572304504,0.33003431904368824
2664,38,546,292.2609771757026,3909.816818957042,214.159983359104,3909.3358891854223,54.0,0.08206859886326451,-0.770629605297374,0.08209464319855528,-0.7691372206048404,0.017397015572304504,0.14924080569847079
2665,25,546,264.330530090726,3842.899620060988,214.159983359104,3909.3358891854223,54.0,0.08206859886326451,-0.5498746061091565,0.08209464319855528,-0.5479921076779688,0.017397015572304504,0.1653866869403432
2666,28,546,181.0656949265822,4007.0767963031503,214.159983359104,3909.3358891854223,54.0,0.08206859886326451,-1.066419498700635,0.08209464319855528,-1.0671245511976524,0.017397015572304504,0.22249239725867773
2667,53,546,275.4374088407163,3843.51011953928,214.159983359104,3909.3358891854223,54.0,0.08206859886326451,-0.5430899431252019,0.08209464319855528,-0.5396375528313759,0.017397015572304504,0.17461226979763916
2668,25,547,264.330530090726,3842.899620060988,203.71947329620775,3931.023396399216,54.0,0.08206859886326451,-0.7434354221166845,0.08209464319855528,-0.7406713928644668,0.017397015572304504,0.21249718187594743
2669,38,547,292.2609771757026,3909.816818957042,203.71947329620775,3931.023396399216,54.0,0.08206859886326451,-0.8706057922063326,0.08209464319855528,-0.8693367559755629,0.017397015572304504,0.17721227195135086
2670,28,547,181.0656949265822,4007.0767963031503,203.71947329620775,3931.023396399216,54.0,0.08206859886326451,-0.8562482065558049,0.08209464319855528,-0.8574919051352174,0.017397015572304504,0.17281722347279432
2671,31,547,286.22286085268047,4096.016113555928,203.71947329620775,3931.023396399216,54.0,0.08206859886326451,-1.5102067517426319,0.08209464319855528,-1.50255187721746,0.017397015572304504,0.3924477853367422
2672,53,547,275.4374088407163,3843.51011953928,203.71947329620775,3931.023396399216,54.0,0.08206859886326451,-0.761006411775912,0.08209464319855528,-0.7566510413947823,0.017397015572304504,0.21977100949896725
2673,22,548,282.91308227706304,4129.966613278081,217.78621872145484,4016.709547047492,54.0,0.08206859886326451,-0.9818631183971642,0.08209464319855528,-0.9824804205675823,0.017397015572304504,0.2862399955604176
2674,21,548,129.6510563411616,4132.672991581291,217.78621872145484,4016.709547047492,54.0,0.08206859886326451,-1.553730844490392,0.08209464319855528,-1.5521280855146624,0.017397015572304504,0.35378822614911204
2675,19,548,298.45947748194794,4119.807970449649,217.78621872145484,4016.709547047492,54.0,0.08206859886326451,-1.0422587159971437,0.08209464319855528,-1.0401415275694827,0.017397015572304504,0.2687968370644586
2676,19,549,309.4846467710166,4112.556925703692,252.93723737990092,4019.171331489568,54.0,0.08206859886326451,-1.1997295005337425,0.08209464319855528,-1.198081181847563,0.017397015572304504,0.227186830691966
2677,19,550,299.333811544001,4119.231932352913,208.42466583089583,3984.700961738825,54.0,0.08206859886326451,-1.3433597920569622,0.08209464319855528,-1.339834542015363,0.017397015572304504,0.33738077059251653
2678,21,550,124.45428010981314,4129.789586920044,208.42466583089583,3984.700961738825,54.0,0.08206859886326451,-1.593492883884899,0.08209464319855528,-1.5925443977348095,0.017397015572304504,0.39395856249758465
2679,38,550,292.2609771757026,3909.816818957042,208.42466583089583,3984.700961738825,54.0,0.08206859886326451,-0.8231531247196363,0.08209464319855528,-0.8200345967425713,0.017397015572304504,0.23197781448492033
2680,28,550,181.0656949265822,4007.0767963031503,208.42466583089583,3984.700961738825,54.0,0.08206859886326451,-0.4166888769713814,0.08209464319855528,-0.416899520970779,0.017397015572304504,0.07897206950839103
2681,53,550,275.4374088407163,3843.51011953928,208.42466583089583,3984.700961738825,54.0,0.08206859886326451,-1.2530868467356355,0.08209464319855528,-1.2499284141967055,0.017397015572304504,0.31396519842832804
2682,22,550,282.91308227706304,4129.966613278081,208.42466583089583,3984.700961738825,54.0,0.08206859886326451,-1.2356103167816608,0.08209464319855528,-1.235003599496831,0.017397015572304504,0.3566323156017895
2683,25,550,273.32909346927136,3847.2246062468,208.42466583089583,3984.700961738825,54.0,0.08206859886326451,-1.203375074374532,0.08209464319855528,-1.2005723613694552,0.017397015572304504,0.3014879203019533
2684,31,551,286.22286085268047,4096.016113555928,256.83766692814663,3977.954207213813,54.0,0.08206859886326451,-1.2810253904059228,0.08209464319855528,-1.2797232352073122,0.017397015572304504,0.27534600323686587
2685,22,551,282.91308227706304,4129.966613278081,256.83766692814663,3977.954207213813,54.0,0.08206859886326451,-1.2829151269065753,0.08209464319855528,-1.2797313130514423,0.017397015572304504,0.33500130391010513
2686,63,551,316.49031405012005,3929.154743051912,256.83766692814663,3977.954207213813,54.0,0.08206859886326451,-0.435830073970944,0.08209464319855528,-0.43407666555228275,0.017397015572304504,0.15861905510487262
2687,19,551,309.4846467710166,4112.556925703692,256.83766692814663,3977.954207213813,54.0,0.08206859886326451,-1.4541670195391139,0.08209464319855528,-1.450945417140997,0.017397015572304504,0.31317988318539497
2688,44,551,470.9318574712719,4102.798680980681,256.83766692814663,3977.954207213813,54.0,0.08206859886326451,-1.7851473345631905,0.08209464319855528,-1.780659178316013,0.017397015572304504,0.49797880751156054
2689,25,551,275.18212912654,3848.067080065535,256.83766692814663,3977.954207213813,54.0,0.08206859886326451,-0.9392830638769613,0.08209464319855528,-0.9366299480007677,0.017397015572304504,0.25480269084027396
2690,21,551,129.6510563411616,4132.672991581291,256.83766692814663,3977.954207213813,54.0,0.08206859886326451,-1.8963372984629008,0.08209464319855528,-1.8916084844193457,0.017397015572304504,0.4769063934142359
2691,38,551,292.2609771757026,3909.816818957042,256.83766692814663,3977.954207213813,54.0,0.08206859886326451,-0.4779099428271009,0.08209464319855528,-0.47505615314873567,0.017397015572304504,0.15884040149226636
2692,53,551,275.4374088407163,3843.51011953928,256.83766692814663,3977.954207213813,54.0,0.08206859886326451,-0.986318103442346,0.08209464319855528,-0.983230875658389,0.017397015572304504,0.2680176146824491
2693,22,552,282.91308227706304,4129.966613278081,216.7424768273763,3934.5668680946055,54.0,0.08206859886326451,-1.4975182684457424,0.08209464319855528,-1.488935227956529,0.017397015572304504,0.43614072031822104
2694,38,552,292.2609771757026,3909.816818957042,216.7424768273763,3934.5668680946055,54.0,0.08206859886326451,-0.6816010689692239,0.08209464319855528,-0.6813477395549172,0.017397015572304504,0.1561610478136461
2695,25,552,264.330530090726,3842.899620060988,216.7424768273763,3934.5668680946055,54.0,0.08206859886326451,-0.7688116145119201,0.08209464319855528,-0.7657959383840303,0.017397015572304504,0.20051976969486573
2696,21,552,108.47030925195396,4120.840536891812,216.7424768273763,3934.5668680946055,54.0,0.08206859886326451,-1.7183032180437205,0.08209464319855528,-1.710685983163791,0.017397015572304504,0.46444285320638645
2697,31,552,286.22286085268047,4096.016113555928,216.7424768273763,3934.5668680946055,54.0,0.08206859886326451,-1.4212091925951673,0.08209464319855528,-1.4147756143162677,0.017397015572304504,0.37549679994937507
2698,53,552,275.4374088407163,3843.51011953928,216.7424768273763,3934.5668680946055,54.0,0.08206859886326451,-0.8282892291055323,0.08209464319855528,-0.8245053274343618,0.017397015572304504,0.20887395143087975
2699,28,552,181.0656949265822,4007.0767963031503,216.7424768273763,3934.5668680946055,54.0,0.08206859886326451,-0.8321862849683717,0.08209464319855528,-0.8322273402091016,0.017397015572304504,0.1761925392406042
2700,21,553,103.34699834515416,4117.964937310308,193.2304932149353,3912.590394161609,54.0,0.08206859886326451,-1.4599518003170184,0.08209464319855528,-1.4494108033537338,0.017397015572304504,0.47616774316258625
2701,25,553,264.330530090726,3842.899620060988,193.2304932149353,3912.590394161609,54.0,0.08206859886326451,-0.7323652786444734,0.08209464319855528,-0.7312571992898192,0.017397015572304504,0.20546565931200306
2702,18,553,126.52937545907687,3669.1679992851136,193.2304932149353,3912.590394161609,54.0,0.08206859886326451,-1.6905598097417645,0.08209464319855528,-1.6786209889698367,0.017397015572304504,0.6538667645948252
2703,53,553,275.4374088407163,3843.51011953928,193.2304932149353,3912.590394161609,54.0,0.08206859886326451,-0.7320017854682017,0.08209464319855528,-0.729365300754197,0.017397015572304504,0.216435753697486
2704,38,553,292.2609771757026,3909.816818957042,193.2304932149353,3912.590394161609,54.0,0.08206859886326451,-0.9454925998286495,0.08209464319855528,-0.9435447592296993,0.017397015572304504,0.19264557109568392
2705,22,554,282.91308227706304,4129.966613278081,223.3428052277796,3989.2837293720168,54.0,0.08206859886326451,-1.1111831254588251,0.08209464319855528,-1.108188929090534,0.017397015572304504,0.32512115540923847
2706,25,554,275.18212912654,3848.067080065535,223.3428052277796,3989.2837293720168,54.0,0.08206859886326451,-1.030879442739268,0.08209464319855528,-1.0266111659433919,0.017397015572304504,0.2910368447967952
2707,22,555,282.91308227706304,4129.966613278081,246.06942951702663,3981.67837797846,54.0,0.08206859886326451,-1.195815483373012,0.08209464319855528,-1.1913632808902488,0.017397015572304504,0.32856305218690035
2708,44,555,470.9318574712719,4102.798680980681,246.06942951702663,3981.67837797846,54.0,0.08206859886326451,-1.9211500348588184,0.08209464319855528,-1.9152505904076171,0.017397015572304504,0.5196272616772583
2709,38,555,292.2609771757026,3909.816818957042,246.06942951702663,3981.67837797846,54.0,0.08206859886326451,-0.5340624586387709,0.08209464319855528,-0.5308825138103401,0.017397015572304504,0.17581752453069177
2710,31,555,286.22286085268047,4096.016113555928,246.06942951702663,3981.67837797846,54.0,0.08206859886326451,-1.1416346604359977,0.08209464319855528,-1.1396037860019324,0.017397015572304504,0.2679112751373724
2711,19,555,309.4846467710166,4112.556925703692,246.06942951702663,3981.67837797846,54.0,0.08206859886326451,-1.4444875044231855,0.08209464319855528,-1.441978741780977,0.017397015572304504,0.3128723667490039
2712,28,555,181.0656949265822,4007.0767963031503,246.06942951702663,3981.67837797846,54.0,0.08206859886326451,-0.6189717271879661,0.08209464319855528,-0.6159817666721983,0.017397015572304504,0.14939706528008162
2713,53,555,275.4374088407163,3843.51011953928,246.06942951702663,3981.67837797846,54.0,0.08206859886326451,-1.0100784857528153,0.08209464319855528,-1.0056706865922314,0.017397015572304504,0.2761965472491089
2714,25,555,275.18212912654,3848.067080065535,246.06942951702663,3981.67837797846,54.0,0.08206859886326451,-0.9592838285175667,0.08209464319855528,-0.955318465940041,0.017397015572304504,0.26288731940590565
2715,63,555,316.49031405012005,3929.154743051912,246.06942951702663,3981.67837797846,54.0,0.08206859886326451,-0.4921359147716061,0.08209464319855528,-0.48976779683304483,0.017397015572304504,0.1817043683727442
2716,38,556,292.2609771757026,3909.816818957042,279.6006376701204,4002.5337399919367,54.0,0.08206859886326451,-0.5286780945215526,0.08209464319855528,-0.5218530738939916,0.017397015572304504,0.18985726633911496
2717,22,556,282.91308227706304,4129.966613278081,279.6006376701204,4002.5337399919367,54.0,0.08206859886326451,-1.5556225508580128,0.08209464319855528,-1.5500752833375195,0.017397015572304504,0.26411265400657713
2718,25,556,275.18212912654,3848.067080065535,279.6006376701204,4002.5337399919367,54.0,0.08206859886326451,-0.8823711229637544,0.08209464319855528,-0.8696771834309198,0.017397015572304504,0.2859966587277187
2719,19,556,309.4846467710166,4112.556925703692,279.6006376701204,4002.5337399919367,54.0,0.08206859886326451,-1.2361095931527866,0.08209464319855528,-1.231299441065762,0.017397015572304504,0.238090354522945
2720,44,556,470.9318574712719,4102.798680980681,279.6006376701204,4002.5337399919367,54.0,0.08206859886326451,-1.717249996692563,0.08209464319855528,-1.7139867007327685,0.017397015572304504,0.42801346042711313
2721,31,556,286.22286085268047,4096.016113555928,279.6006376701204,4002.5337399919367,54.0,0.08206859886326451,-1.277672810510234,0.08209464319855528,-1.2736638319504354,0.017397015572304504,0.20340538736036318
2722,53,556,275.4374088407163,3843.51011953928,279.6006376701204,4002.5337399919367,54.0,0.08206859886326451,-0.9084804356486657,0.08209464319855528,-0.8951984961542521,0.017397015572304504,0.2975366503757641
2723,28,557,181.0656949265822,4007.0767963031503,192.79701301972855,3981.811109796079,54.0,0.08206859886326451,-0.3462429586750588,0.08209464319855528,-0.34664324690557397,0.017397015572304504,0.06228343687923345
2724,22,557,282.91308227706304,4129.966613278081,192.79701301972855,3981.811109796079,54.0,0.08206859886326451,-1.3966510671999084,0.08209464319855528,-1.397413374685372,0.017397015572304504,0.38769804724869816
2725,31,557,286.22286085268047,4096.016113555928,192.79701301972855,3981.811109796079,54.0,0.08206859886326451,-1.241796753583837,0.08209464319855528,-1.2413622503850192,0.017397015572304504,0.31914700572190624
2726,63,557,316.49031405012005,3929.154743051912,192.79701301972855,3981.811109796079,54.0,0.08206859886326451,-0.9426694037856684,0.08209464319855528,-0.9399002990611839,0.017397015572304504,0.2816723674585871
2727,38,557,292.2609771757026,3909.816818957042,192.79701301972855,3981.811109796079,54.0,0.08206859886326451,-0.9660749865430065,0.08209464319855528,-0.9640296327002718,0.017397015572304504,0.2550391172247505
2728,53,557,275.4374088407163,3843.51011953928,192.79701301972855,3981.811109796079,54.0,0.08206859886326451,-1.3265422409815248,0.08209464319855528,-1.3226350013511643,0.017397015572304504,0.3217965340831092
2729,19,557,298.45947748194794,4119.807970449649,192.79701301972855,3981.811109796079,54.0,0.08206859886326451,-1.426346982686184,0.08209464319855528,-1.4239828811845583,0.017397015572304504,0.36617616268522885
2730,25,557,264.330530090726,3842.899620060988,192.79701301972855,3981.811109796079,54.0,0.08206859886326451,-1.258359466444228,0.08209464319855528,-1.2550473491072176,0.017397015572304504,0.31420844277818105
2731,21,557,111.49023396136688,4122.591928180344,192.79701301972855,3981.811109796079,54.0,0.08206859886326451,-1.2656782956175006,0.08209464319855528,-1.258760802462232,0.017397015572304504,0.3538296086569789
2732,53,558,275.4374088407163,3843.51011953928,282.20374954028966,3983.706942123103,54.0,0.08206859886326451,-0.7812294423172516,0.08209464319855528,-0.7688898495047861,0.017397015572304504,0.25487569787703934
2733,19,558,309.4846467710166,4112.556925703692,282.20374954028966,3983.706942123103,54.0,0.08206859886326451,-1.24735745595632,0.08209464319855528,-1.241190944327952,0.017397015572304504,0.27840603452589147
2734,25,558,275.18212912654,3848.067080065535,282.20374954028966,3983.706942123103,54.0,0.08206859886326451,-0.7546314600791687,0.08209464319855528,-0.7428944324736039,0.017397015572304504,0.24317684466234177
2735,22,558,282.91308227706304,4129.966613278081,282.20374954028966,3983.706942123103,54.0,0.08206859886326451,-1.6838741813749831,0.08209464319855528,-1.677351413104593,0.017397015572304504,0.30716743123619855
2736,38,558,292.2609771757026,3909.816818957042,282.20374954028966,3983.706942123103,54.0,0.08206859886326451,-0.39979027145938484,0.08209464319855528,-0.39392532598052804,0.017397015572304504,0.14675552389431384
2737,44,558,470.9318574712719,4102.798680980681,282.20374954028966,3983.706942123103,54.0,0.08206859886326451,-1.5966275799137677,0.08209464319855528,-1.5938186936272605,0.017397015572304504,0.4356016980717514
2738,63,558,316.49031405012005,3929.154743051912,282.20374954028966,3983.706942123103,54.0,0.08206859886326451,-0.3971269363195726,0.08209464319855528,-0.3965564025909227,0.017397015572304504,0.13121003714831608
2739,21,559,112.03870300957362,4122.900375703423,203.2927786194446,3965.297674897721,54.0,0.08206859886326451,-1.4736468495390733,0.08209464319855528,-1.4671256674576942,0.017397015572304504,0.3973430919238185
2740,53,559,275.4374088407163,3843.51011953928,203.2927786194446,3965.297674897721,54.0,0.08206859886326451,-1.1289216117308831,0.08209464319855528,-1.124797480416921,0.017397015572304504,0.27974292480298274
2741,28,559,181.0656949265822,4007.0767963031503,203.2927786194446,3965.297674897721,54.0,0.08206859886326451,-0.5403106675630103,0.08209464319855528,-0.5408300622896611,0.017397015572304504,0.104376729925625
2742,25,559,264.330530090726,3842.899620060988,203.2927786194446,3965.297674897721,54.0,0.08206859886326451,-1.0636029157768265,0.08209464319855528,-1.0598615697221467,0.017397015572304504,0.27150180756183717
2743,38,559,292.2609771757026,3909.816818957042,203.2927786194446,3965.297674897721,54.0,0.08206859886326451,-0.8187644963599812,0.08209464319855528,-0.8176571434009936,0.017397015572304504,0.21647555902402213
2744,22,559,282.91308227706304,4129.966613278081,203.2927786194446,3965.297674897721,54.0,0.08206859886326451,-1.4097219137044037,0.08209464319855528,-1.408251074049026,0.017397015572304504,0.39739782889275105
2745,25,560,275.18212912654,3848.067080065535,222.10039796658828,3969.629559878969,54.0,0.08206859886326451,-0.9851703136259771,0.08209464319855528,-0.9824685104835016,0.017397015572304504,0.2568507922503945
2746,63,560,316.49031405012005,3929.154743051912,222.10039796658828,3969.629559878969,54.0,0.08206859886326451,-0.6463824490871404,0.08209464319855528,-0.6439139227124671,0.017397015572304504,0.21310109925430734
2747,22,560,282.91308227706304,4129.966613278081,222.10039796658828,3969.629559878969,54.0,0.08206859886326451,-1.2165755918838317,0.08209464319855528,-1.210413617689863,0.017397015572304504,0.3618630168945224
2748,53,560,275.4374088407163,3843.51011953928,222.10039796658828,3969.629559878969,54.0,0.08206859886326451,-1.0451642926323956,0.08209464319855528,-1.0420381176393725,0.017397015572304504,0.2706980821665984
2749,38,560,292.2609771757026,3909.816818957042,222.10039796658828,3969.629559878969,54.0,0.08206859886326451,-0.6514143450493151,0.08209464319855528,-0.6487980587923672,0.017397015572304504,0.1882806742356492
2750,25,561,275.18212912654,3848.067080065535,236.3271697378009,3965.095470247745,54.0,0.08206859886326451,-0.8696882126217854,0.08209464319855528,-0.8674061769943232,0.017397015572304504,0.23465426409769968
2751,38,561,292.2609771757026,3909.816818957042,236.3271697378009,3965.095470247745,54.0,0.08206859886326451,-0.558065325813964,0.08209464319855528,-0.555492189042383,0.017397015572304504,0.1599353027534355
2752,44,561,470.9318574712719,4102.798680980681,236.3271697378009,3965.095470247745,54.0,0.08206859886326451,-1.905927549982426,0.08209464319855528,-1.9004815482810884,0.017397015572304504,0.550043823663325
2753,21,562,103.34699834515416,4117.964937310308,192.940446962362,3945.496639258913,54.0,0.08206859886326451,-1.3025463240477089,0.08209464319855528,-1.2927390198445172,0.017397015572304504,0.4059581731354034
2754,31,562,286.22286085268047,4096.016113555928,192.940446962362,3945.496639258913,54.0,0.08206859886326451,-1.5258351250851006,0.08209464319855528,-1.5225752697877264,0.017397015572304504,0.38103928744593135
2755,25,562,264.330530090726,3842.899620060988,192.940446962362,3945.496639258913,54.0,0.08206859886326451,-0.9141714749422456,0.08209464319855528,-0.9110583873589666,0.017397015572304504,0.25134459336813986
2756,28,562,181.0656949265822,4007.0767963031503,192.940446962362,3945.496639258913,54.0,0.08206859886326451,-0.7011275383641332,0.08209464319855528,-0.7025474212503401,0.017397015572304504,0.13733642921429534
2757,38,562,292.2609771757026,3909.816818957042,192.940446962362,3945.496639258913,54.0,0.08206859886326451,-0.8985892934381854,0.08209464319855528,-0.8981371246531543,0.017397015572304504,0.21205635811982096
2758,19,562,307.1218164610252,4114.164913869932,192.940446962362,3945.496639258913,54.0,0.08206859886326451,-1.8352310992723593,0.08209464319855528,-1.8302234150286594,0.017397015572304504,0.4287930941781499
2759,22,562,282.91308227706304,4129.966613278081,192.940446962362,3945.496639258913,54.0,0.08206859886326451,-1.6209976050581556,0.08209464319855528,-1.6197558875239744,0.017397015572304504,0.44617347740361557
2760,53,562,275.4374088407163,3843.51011953928,192.940446962362,3945.496639258913,54.0,0.08206859886326451,-0.9317350873053252,0.08209464319855528,-0.92700677071372,0.017397015572304504,0.257828353897706
2761,63,562,316.49031405012005,3929.154743051912,192.940446962362,3945.496639258913,54.0,0.08206859886326451,-0.987062364097453,0.08209464319855528,-0.9865232743181744,0.017397015572304504,0.26055980071516005
2762,25,563,265.7216829229695,3843.530145988166,217.36962251063744,3945.754127331859,54.0,0.08206859886326451,-0.8617464256005809,0.08209464319855528,-0.8585463539279015,0.017397015572304504,0.21860367319247323
2763,19,563,309.4846467710166,4112.556925703692,217.36962251063744,3945.754127331859,54.0,0.08206859886326451,-1.7004456817321663,0.08209464319855528,-1.694871830489301,0.017397015572304504,0.4024932384412464
2764,22,563,282.91308227706304,4129.966613278081,217.36962251063744,3945.754127331859,54.0,0.08206859886326451,-1.4032383923225813,0.08209464319855528,-1.3954187216849065,0.017397015572304504,0.4134274482129562
2765,38,563,292.2609771757026,3909.816818957042,217.36962251063744,3945.754127331859,54.0,0.08206859886326451,-0.6728499833348532,0.08209464319855528,-0.672729710477806,0.017397015572304504,0.16755391217779356
2766,53,563,275.4374088407163,3843.51011953928,217.36962251063744,3945.754127331859,54.0,0.08206859886326451,-0.9309992237736293,0.08209464319855528,-0.9276690275655455,0.017397015572304504,0.22885692232437935
2767,21,563,113.95545875675744,4123.924687226845,217.36962251063744,3945.754127331859,54.0,0.08206859886326451,-1.707945925429938,0.08209464319855528,-1.701813889034542,0.017397015572304504,0.4538436488473953
2768,18,564,126.52937545907687,3669.1679992851136,220.543097825573,3910.490639159292,54.0,0.08206859886326451,-2.0034785600833676,0.08209464319855528,-1.9938810120570116,0.017397015572304504,0.6694961918596439
2769,25,564,264.330530090726,3842.899620060988,220.543097825573,3910.490639159292,54.0,0.08206859886326451,-0.519520360458673,0.08209464319855528,-0.5173099570063544,0.017397015572304504,0.15682103581023582
2770,38,564,292.2609771757026,3909.816818957042,220.543097825573,3910.490639159292,54.0,0.08206859886326451,-0.7146986479767607,0.08209464319855528,-0.7133922426666955,0.017397015572304504,0.1361400009743257
2771,53,564,275.4374088407163,3843.51011953928,220.543097825573,3910.490639159292,54.0,0.08206859886326451,-0.5244930914775617,0.08209464319855528,-0.520742647154979,0.017397015572304504,0.1652755070864269
2772,38,565,292.2609771757026,3909.816818957042,244.3927331677535,4039.453609614884,54.0,0.08206859886326451,-0.8294414816412773,0.08209464319855528,-0.8262700433827888,0.017397015572304504,0.3024800561499754
2773,31,565,286.22286085268047,4096.016113555928,244.3927331677535,4039.453609614884,54.0,0.08206859886326451,-0.6532946335591829,0.08209464319855528,-0.6525613139666334,0.017397015572304504,0.14452801292136924
2774,25,565,275.18212912654,3848.067080065535,244.3927331677535,4039.453609614884,54.0,0.08206859886326451,-1.3202913772865925,0.08209464319855528,-1.3161856252868285,0.017397015572304504,0.3992404686430123
2775,53,565,275.4374088407163,3843.51011953928,244.3927331677535,4039.453609614884,54.0,0.08206859886326451,-1.365727586422236,0.08209464319855528,-1.3611459557066028,0.017397015572304504,0.411806350193169
2776,19,565,298.45947748194794,4119.807970449649,244.3927331677535,4039.453609614884,54.0,0.08206859886326451,-0.8490993981456519,0.08209464319855528,-0.8462721372701411,0.017397015572304504,0.1896021202181567
2777,22,565,282.91308227706304,4129.966613278081,244.3927331677535,4039.453609614884,54.0,0.08206859886326451,-0.7726391747450502,0.08209464319855528,-0.7713780282525337,0.017397015572304504,0.2054607828807219
2778,21,565,129.6510563411616,4132.672991581291,244.3927331677535,4039.453609614884,54.0,0.08206859886326451,-1.5695198323693895,0.08209464319855528,-1.571130952630805,0.017397015572304504,0.3625762275911786
2779,21,566,129.6510563411616,4132.672991581291,235.85174675780948,4052.0064504657407,54.0,0.08206859886326451,-1.4513590219246975,0.08209464319855528,-1.4522455613010783,0.017397015572304504,0.32941022074817544
2780,19,566,298.45947748194794,4119.807970449649,235.85174675780948,4052.0064504657407,54.0,0.08206859886326451,-0.7651735931441912,0.08209464319855528,-0.7628015073446656,0.017397015572304504,0.18369973741236453
2781,44,566,470.9318574712719,4102.798680980681,235.85174675780948,4052.0064504657407,54.0,0.08206859886326451,-2.2746971325355583,0.08209464319855528,-2.2645207237141904,0.017397015572304504,0.4731100611454711
2782,31,566,286.22286085268047,4096.016113555928,235.85174675780948,4052.0064504657407,54.0,0.08206859886326451,-0.6058076603045672,0.08209464319855528,-0.6058100679148649,0.017397015572304504,0.1395049276526275
2783,22,566,282.91308227706304,4129.966613278081,235.85174675780948,4052.0064504657407,54.0,0.08206859886326451,-0.703119184465844,0.08209464319855528,-0.703324483165562,0.017397015572304504,0.19642650792895644
2784,25,566,275.18212912654,3848.067080065535,235.85174675780948,4052.0064504657407,54.0,0.08206859886326451,-1.3640470927545314,0.08209464319855528,-1.3581815433589788,0.017397015572304504,0.41906998423808467
2785,19,567,298.45947748194794,4119.807970449649,240.6308949961324,4066.355460037511,54.0,0.08206859886326451,-0.6386963359463772,0.08209464319855528,-0.635919350450981,0.017397015572304504,0.15336367227437273
2786,22,567,282.91308227706304,4129.966613278081,240.6308949961324,4066.355460037511,54.0,0.08206859886326451,-0.5991824171967528,0.08209464319855528,-0.5985588411141904,0.017397015572304504,0.1660043481146907
2787,25,567,275.18212912654,3848.067080065535,240.6308949961324,4066.355460037511,54.0,0.08206859886326451,-1.5071863950660616,0.08209464319855528,-1.5041356011516882,0.017397015572304504,0.46151270973815517
2788,44,567,470.9318574712719,4102.798680980681,240.6308949961324,4066.355460037511,54.0,0.08206859886326451,-2.1636061663284902,0.08209464319855528,-2.1600788491941914,0.017397015572304504,0.44587795608838204
2789,21,567,129.6510563411616,4132.672991581291,240.6308949961324,4066.355460037511,54.0,0.08206859886326451,-1.2769685139155946,0.08209464319855528,-1.2766714261724275,0.017397015572304504,0.3144901900250796
2790,31,567,286.22286085268047,4096.016113555928,240.6308949961324,4066.355460037511,54.0,0.08206859886326451,-0.5027848317689962,0.08209464319855528,-0.5026105236563778,0.017397015572304504,0.11112249104130463
2791,31,568,286.22286085268047,4096.016113555928,272.0036303115525,4087.9698110724366,54.0,0.08206859886326451,-0.20937321852948557,0.08209464319855528,-0.20932148125955602,0.017397015572304504,0.03259988956308734
2792,19,568,298.45947748194794,4119.807970449649,272.0036303115525,4087.9698110724366,54.0,0.08206859886326451,-0.37135920553514806,0.08209464319855528,-0.3690219053323829,0.017397015572304504,0.07238994674107682
2793,64,568,251.14156651564912,4194.6094429104505,272.0036303115525,4087.9698110724366,54.0,0.08206859886326451,-0.962994908366601,0.08209464319855528,-0.9606167730865423,0.017397015572304504,0.26125318364704786
2794,21,568,129.6510563411616,4132.672991581291,272.0036303115525,4087.9698110724366,54.0,0.08206859886326451,-1.3186027516252632,0.08209464319855528,-1.3175327329146642,0.017397015572304504,0.3646345621895232
2795,44,568,470.9318574712719,4102.798680980681,272.0036303115525,4087.9698110724366,54.0,0.08206859886326451,-1.7174079370432587,0.08209464319855528,-1.713194359300446,0.017397015572304504,0.36565299265536183
2796,22,568,282.91308227706304,4129.966613278081,272.0036303115525,4087.9698110724366,54.0,0.08206859886326451,-0.3514697091584068,0.08209464319855528,-0.34963060854985206,0.017397015572304504,0.08195476621172593
2797,38,569,292.2609771757026,3909.816818957042,201.40797252687383,3996.1355278762608,54.0,0.08206859886326451,-0.936475052745699,0.08209464319855528,-0.9329954823370532,0.017397015572304504,0.259849086864605
2798,25,569,271.93633125170743,3846.482056580667,201.40797252687383,3996.1355278762608,54.0,0.08206859886326451,-1.325901354577195,0.08209464319855528,-1.3227962437878469,0.017397015572304504,0.3311532367686043
2799,63,569,316.49031405012005,3929.154743051912,201.40797252687383,3996.1355278762608,54.0,0.08206859886326451,-0.8443892849855761,0.08209464319855528,-0.8405194870005066,0.017397015572304504,0.2764114301295689
2800,28,569,181.0656949265822,4007.0767963031503,201.40797252687383,3996.1355278762608,54.0,0.08206859886326451,-0.3077087297390333,0.08209464319855528,-0.30784879227541173,0.017397015572304504,0.052848064543378995
2801,22,569,282.91308227706304,4129.966613278081,201.40797252687383,3996.1355278762608,54.0,0.08206859886326451,-1.2105498559534182,0.08209464319855528,-1.2110603434803302,0.017397015572304504,0.3513237669619638
2802,53,569,275.4374088407163,3843.51011953928,201.40797252687383,3996.1355278762608,54.0,0.08206859886326451,-1.3771157931417553,0.08209464319855528,-1.373754965807016,0.017397015572304504,0.3428170472778101
2803,31,569,286.22286085268047,4096.016113555928,201.40797252687383,3996.1355278762608,54.0,0.08206859886326451,-1.057697059426884,0.08209464319855528,-1.0572621299313898,0.017397015572304504,0.28407387452318944
2804,21,569,124.27178117802497,4129.6865207267165,201.40797252687383,3996.1355278762608,54.0,0.08206859886326451,-1.4647664812956156,0.08209464319855528,-1.4640046551157713,0.017397015572304504,0.3647088981510061
2805,19,569,298.45947748194794,4119.807970449649,201.40797252687383,3996.1355278762608,54.0,0.08206859886326451,-1.2455995834093367,0.08209464319855528,-1.2431505982039788,0.017397015572304504,0.33112716818868543
2806,53,570,275.4374088407163,3843.51011953928,224.482998151289,4001.4216244713134,54.0,0.08206859886326451,-1.0841261097008685,0.08209464319855528,-1.0775563014495135,0.017397015572304504,0.3242045861062304
2807,44,570,470.9318574712719,4102.798680980681,224.482998151289,4001.4216244713134,54.0,0.08206859886326451,-2.1910439353189672,0.08209464319855528,-2.187084867979717,0.017397015572304504,0.5396773788926664
2808,25,570,275.18212912654,3848.067080065535,224.482998151289,4001.4216244713134,54.0,0.08206859886326451,-1.0280746117142274,0.08209464319855528,-1.0219305528925167,0.017397015572304504,0.31075273683224086
2809,22,570,282.91308227706304,4129.966613278081,224.482998151289,4001.4216244713134,54.0,0.08206859886326451,-1.0396617992562467,0.08209464319855528,-1.0381300823301824,0.017397015572304504,0.3032780014553653
2810,19,570,302.4823843911005,4117.158992605725,224.482998151289,4001.4216244713134,54.0,0.08206859886326451,-1.182861311065391,0.08209464319855528,-1.1793979276740243,0.017397015572304504,0.2865279349280247
2811,38,570,292.2609771757026,3909.816818957042,224.482998151289,4001.4216244713134,54.0,0.08206859886326451,-0.6578932199842344,0.08209464319855528,-0.6513938932878223,0.017397015572304504,0.23074118634357027
2812,21,570,129.6510563411616,4132.672991581291,224.482998151289,4001.4216244713134,54.0,0.08206859886326451,-1.6334525852056465,0.08209464319855528,-1.6312156577903272,0.017397015572304504,0.391033495147256
2813,31,570,286.22286085268047,4096.016113555928,224.482998151289,4001.4216244713134,54.0,0.08206859886326451,-0.9517102178866104,0.08209464319855528,-0.949728354490054,0.017397015572304504,0.24155614059304442
2814,63,570,316.49031405012005,3929.154743051912,224.482998151289,4001.4216244713134,54.0,0.08206859886326451,-0.5989777588862297,0.08209464319855528,-0.5930150677626098,0.017397015572304504,0.23878957745193863
2815,25,571,275.18212912654,3848.067080065535,229.5458883605087,4016.746868363543,54.0,0.08206859886326451,-1.1350091747838642,0.08209464319855528,-1.127573396743775,0.017397015572304504,0.3407115562370245
2816,22,571,282.91308227706304,4129.966613278081,229.5458883605087,4016.746868363543,54.0,0.08206859886326451,-0.9303920582735378,0.08209464319855528,-0.929698239928758,0.017397015572304504,0.2673178910263068
2817,53,571,275.4374088407163,3843.51011953928,229.5458883605087,4016.746868363543,54.0,0.08206859886326451,-1.1831035548465367,0.08209464319855528,-1.1753285147921284,0.017397015572304504,0.3537818063038454
2818,44,571,470.9318574712719,4102.798680980681,229.5458883605087,4016.746868363543,54.0,0.08206859886326451,-2.1947605108592327,0.08209464319855528,-2.1823744204444075,0.017397015572304504,0.50945956225366
2819,19,571,298.7204368748345,4119.579668603218,229.5458883605087,4016.746868363543,54.0,0.08206859886326451,-1.0225225506132556,0.08209464319855528,-1.019651871744749,0.017397015572304504,0.2499423953961016
2820,38,571,292.2609771757026,3909.816818957042,229.5458883605087,4016.746868363543,54.0,0.08206859886326451,-0.727181282068925,0.08209464319855528,-0.7208954116660883,0.017397015572304504,0.25887753290064625
2821,21,571,129.6510563411616,4132.672991581291,229.5458883605087,4016.746868363543,54.0,0.08206859886326451,-1.6677457191473946,0.08209464319855528,-1.6669568783608995,0.017397015572304504,0.3754750406872328
2822,31,571,286.22286085268047,4096.016113555928,229.5458883605087,4016.746868363543,54.0,0.08206859886326451,-0.8274912811709207,0.08209464319855528,-0.8265968593719801,0.017397015572304504,0.20496907223419497
2823,25,572,275.18212912654,3848.067080065535,227.90513404909052,4039.235656730924,54.0,0.08206859886326451,-1.2848165437504742,0.08209464319855528,-1.277013548941381,0.017397015572304504,0.3898681064787539
2824,22,572,282.91308227706304,4129.966613278081,227.90513404909052,4039.235656730924,54.0,0.08206859886326451,-0.7970825778819652,0.08209464319855528,-0.7976191798806314,0.017397015572304504,0.22993052827562835
2825,53,572,275.4374088407163,3843.51011953928,227.90513404909052,4039.235656730924,54.0,0.08206859886326451,-1.3316888653471577,0.08209464319855528,-1.3235501212588767,0.017397015572304504,0.4027473033298404
2826,44,572,470.9318574712719,4102.798680980681,227.90513404909052,4039.235656730924,54.0,0.08206859886326451,-2.300316931175251,0.08209464319855528,-2.2884557419246474,0.017397015572304504,0.49471582683951065
2827,31,572,286.22286085268047,4096.016113555928,227.90513404909052,4039.235656730924,54.0,0.08206859886326451,-0.6967807334724098,0.08209464319855528,-0.696964876239001,0.017397015572304504,0.17061288095722277
2828,19,572,298.45947748194794,4119.807970449649,227.90513404909052,4039.235656730924,54.0,0.08206859886326451,-0.8643667106101304,0.08209464319855528,-0.8622778290767144,0.017397015572304504,0.21576605507586138
2829,21,572,129.6510563411616,4132.672991581291,227.90513404909052,4039.235656730924,54.0,0.08206859886326451,-1.522837826897884,0.08209464319855528,-1.5233898632529055,0.017397015572304504,0.33584456795914297
2830,21,573,129.6510563411616,4132.672991581291,215.30007276246957,4047.741048059149,54.0,0.08206859886326451,-1.3756148902557022,0.08209464319855528,-1.3755145280651353,0.017397015572304504,0.2984034073396834
2831,25,573,275.18212912654,3848.067080065535,215.30007276246957,4047.741048059149,54.0,0.08206859886326451,-1.451551759179136,0.08209464319855528,-1.4450751288810784,0.017397015572304504,0.4249117305658763
2832,31,573,286.22286085268047,4096.016113555928,215.30007276246957,4047.741048059149,54.0,0.08206859886326451,-0.7838854633252468,0.08209464319855528,-0.7846960245589125,0.017397015572304504,0.1870290476977613
2833,19,573,298.45947748194794,4119.807970449649,215.30007276246957,4047.741048059149,54.0,0.08206859886326451,-0.9230335204267615,0.08209464319855528,-0.9207436592755357,0.017397015572304504,0.23181798975933204
2834,44,573,470.9318574712719,4102.798680980681,215.30007276246957,4047.741048059149,54.0,0.08206859886326451,-2.4646200965245524,0.08209464319855528,-2.4552258226164203,0.017397015572304504,0.5240668998946987
2835,22,573,277.6908502273422,4133.768071833261,215.30007276246957,4047.741048059149,54.0,0.08206859886326451,-0.9055723790625385,0.08209464319855528,-0.9049884062111713,0.017397015572304504,0.2554136374215315
2836,38,574,292.2609771757026,3909.816818957042,214.7494271220868,4031.061700351105,54.0,0.08206859886326451,-0.8897665694045963,0.08209464319855528,-0.883183642395984,0.017397015572304504,0.3043038342918304
2837,44,574,470.9318574712719,4102.798680980681,214.7494271220868,4031.061700351105,54.0,0.08206859886326451,-2.409649424557321,0.08209464319855528,-2.3979926259488935,0.017397015572304504,0.5315799017739605
2838,22,574,282.91308227706304,4129.966613278081,214.7494271220868,4031.061700351105,54.0,0.08206859886326451,-0.9787800917156788,0.08209464319855528,-0.979333350335852,0.017397015572304504,0.2723433699150854
2839,21,574,129.6510563411616,4132.672991581291,214.7494271220868,4031.061700351105,54.0,0.08206859886326451,-1.484250000693001,0.08209464319855528,-1.483329112575753,0.017397015572304504,0.3249833988007101
2840,31,574,286.22286085268047,4096.016113555928,214.7494271220868,4031.061700351105,54.0,0.08206859886326451,-0.8538571512476958,0.08209464319855528,-0.8545785962526795,0.017397015572304504,0.20926954839158202
2841,25,574,275.18212912654,3848.067080065535,214.7494271220868,4031.061700351105,54.0,0.08206859886326451,-1.277164624973401,0.08209464319855528,-1.2708281543588147,0.017397015572304504,0.3864527620276311
2842,19,574,298.45947748194794,4119.807970449649,214.7494271220868,4031.061700351105,54.0,0.08206859886326451,-1.0172038967825905,0.08209464319855528,-1.01563327358386,0.017397015572304504,0.25479005042084146
2843,28,574,181.0656949265822,4007.0767963031503,214.7494271220868,4031.061700351105,54.0,0.08206859886326451,-0.5014900720576839,0.08209464319855528,-0.5017146100729687,0.017397015572304504,0.09864331334632191
2844,63,575,316.49031405012005,3929.154743051912,275.30803990511106,4023.5491126828542,54.0,0.08206859886326451,-0.8238113286175506,0.08209464319855528,-0.8236038646443989,0.017397015572304504,0.224562841243415
2845,53,575,275.4374088407163,3843.51011953928,275.30803990511106,4023.5491126828542,54.0,0.08206859886326451,-1.1278274731051376,0.08209464319855528,-1.1137262341875762,0.017397015572304504,0.34758151626286476
2846,25,575,275.18212912654,3848.067080065535,275.30803990511106,4023.5491126828542,54.0,0.08206859886326451,-1.1018124524261739,0.08209464319855528,-1.0882860659851983,0.017397015572304504,0.3361812818289514
2847,53,576,275.4374088407163,3843.51011953928,228.23403405678565,3926.946867381492,54.0,0.08206859886326451,-0.7476976855482547,0.08209464319855528,-0.7442781083217469,0.017397015572304504,0.18310924292646039
2848,25,576,267.48464027237577,3844.373471682145,228.23403405678565,3926.946867381492,54.0,0.08206859886326451,-0.6819229380078896,0.08209464319855528,-0.6788404530490031,0.017397015572304504,0.17199345019375872
2849,38,576,292.2609771757026,3909.816818957042,228.23403405678565,3926.946867381492,54.0,0.08206859886326451,-0.622123396772399,0.08209464319855528,-0.6213077846870536,0.017397015572304504,0.12633639210742073
2850,2,577,-517.6817734392575,3585.1734601257845,-499.9773429811749,3678.532005153513,54.0,0.08206859886326451,-0.8561510767862459,0.08209464319855528,-0.8563997421701885,0.017397015572304504,0.28197944997514357
2851,2,578,-517.6817734392575,3585.1734601257845,-517.2496129298322,3660.238901566688,54.0,0.08206859886326451,-0.6700662392221582,0.08209464319855528,-0.6704177563068182,0.017397015572304504,0.21701585392367334
2852,1,578,-521.8490863607117,3587.7366019941664,-517.2496129298322,3660.238901566688,54.0,0.08206859886326451,-0.6560636550624208,0.08209464319855528,-0.6564329536250108,0.017397015572304504,0.21150084827125953
2853,20,579,-498.52555730042025,3779.773363273628,-580.6716768976491,3734.978595164169,54.0,0.08206859886326451,-0.7687169378229146,0.08209464319855528,-0.766953062725118,0.017397015572304504,0.298929893181733
2854,20,580,-493.1142633148681,3773.7889738968342,-546.4989859266002,3721.4900233429794,54.0,0.08206859886326451,-0.6855878336532804,0.08209464319855528,-0.6862847292066825,0.017397015572304504,0.22718139554536443
2855,20,581,-493.1142633148681,3773.7889738968342,-549.267120039264,3702.54178010288,54.0,0.08206859886326451,-0.8317612176270317,0.08209464319855528,-0.830755171171879,0.017397015572304504,0.2783190621752292
2856,20,582,-493.1142633148681,3773.7889738968342,-517.9434171149317,3694.1396214923566,54.0,0.08206859886326451,-0.7275081589548814,0.08209464319855528,-0.7277937865474101,0.017397015572304504,0.2475979870727332
2857,31,583,286.22286085268047,4096.016113555928,275.46093069714203,4237.600593298557,54.0,0.08206859886326451,-1.0955110836290434,0.08209464319855528,-1.0911761423944648,0.017397015572304504,0.34353812791132143
2858,4,583,296.61979068975745,4128.179301772369,275.46093069714203,4237.600593298557,54.0,0.08206859886326451,-0.8475533566294249,0.08209464319855528,-0.8449457384021107,0.017397015572304504,0.29369275559201197
2859,23,583,473.2888408458269,4304.725925046426,275.46093069714203,4237.600593298557,54.0,0.08206859886326451,-1.9113737844616083,0.08209464319855528,-1.9013852704906729,0.017397015572304504,0.5695286749244546
2860,44,583,470.9318574712719,4102.798680980681,275.46093069714203,4237.600593298557,54.0,0.08206859886326451,-1.8217179796367189,0.08209464319855528,-1.8151498798234178,0.017397015572304504,0.524146579670426
2861,44,584,470.9318574712719,4102.798680980681,260.54382607193054,4189.386828262381,54.0,0.08206859886326451,-1.842361307017876,0.08209464319855528,-1.8381015906897689,0.017397015572304504,0.454622931684227
2862,23,584,473.2888408458269,4304.725925046426,260.54382607193054,4189.386828262381,54.0,0.08206859886326451,-2.2033761767749076,0.08209464319855528,-2.200360426106632,0.017397015572304504,0.6178535021446568
2863,31,584,286.22286085268047,4096.016113555928,260.54382607193054,4189.386828262381,54.0,0.08206859886326451,-0.9033281122475308,0.08209464319855528,-0.9005940953885101,0.017397015572304504,0.22086848171718398
2864,4,584,296.61979068975745,4128.179301772369,260.54382607193054,4189.386828262381,54.0,0.08206859886326451,-0.6656027467296953,0.08209464319855528,-0.6669186592281385,0.017397015572304504,0.18525645400620816
2865,4,585,296.61979068975745,4128.179301772369,365.73068580729074,4172.10123667665,54.0,0.08206859886326451,-0.5314363958951231,0.08209464319855528,-0.532726723262947,0.017397015572304504,0.17649779376385805
2866,41,585,461.8106926932424,4070.996636995212,365.73068580729074,4172.10123667665,54.0,0.08206859886326451,-1.385930679618954,0.08209464319855528,-1.386283069936589,0.017397015572304504,0.25250375692637606
2867,31,585,286.22286085268047,4096.016113555928,365.73068580729074,4172.10123667665,54.0,0.08206859886326451,-0.6967839666657494,0.08209464319855528,-0.6961025435753087,0.017397015572304504,0.20905254939662127
2868,27,585,413.6607163277177,4126.933692479007,365.73068580729074,4172.10123667665,54.0,0.08206859886326451,-0.7101640333247637,0.08209464319855528,-0.7103938288533613,0.017397015572304504,0.1383308468116828
2869,23,585,473.2888408458269,4304.725925046426,365.73068580729074,4172.10123667665,54.0,0.08206859886326451,-1.7601569281360645,0.08209464319855528,-1.7581895863177377,0.017397015572304504,0.37364339132222457
2870,44,585,470.9318574712719,4102.798680980681,365.73068580729074,4172.10123667665,54.0,0.08206859886326451,-1.0397418565292325,0.08209464319855528,-1.0410426991117934,0.017397015572304504,0.23227394632946227
2871,31,586,286.22286085268047,4096.016113555928,303.0397540729384,4168.450548701593,54.0,0.08206859886326451,-0.5963495017909721,0.08209464319855528,-0.5966111545052064,0.017397015572304504,0.15643082973909697
2872,4,586,296.61979068975745,4128.179301772369,303.0397540729384,4168.450548701593,54.0,0.08206859886326451,-0.32434608302161216,0.08209464319855528,-0.3265734694278219,0.017397015572304504,0.10040534517628383
2873,44,586,470.9318574712719,4102.798680980681,303.0397540729384,4168.450548701593,54.0,0.08206859886326451,-1.5273330226760147,0.08209464319855528,-1.5239909607513216,0.017397015572304504,0.3441733880073626
2874,31,587,286.22286085268047,4096.016113555928,306.09515397216705,4130.874580079874,54.0,0.08206859886326451,-0.3102545321070321,0.08209464319855528,-0.3084418099618716,0.017397015572304504,0.07356501222082272
2875,4,587,296.61979068975745,4128.179301772369,306.09515397216705,4130.874580079874,54.0,0.08206859886326451,-0.14462967283593525,0.08209464319855528,-0.14607902873565073,0.017397015572304504,0.04770872846599915
2876,44,587,470.9318574712719,4102.798680980681,306.09515397216705,4130.874580079874,54.0,0.08206859886326451,-1.3881013791780585,0.08209464319855528,-1.3853035119874069,0.017397015572304504,0.3158710570084741
2877,31,588,286.22286085268047,4096.016113555928,302.82165996923425,4119.504667691163,54.0,0.08206859886326451,-0.24215010066684955,0.08209464319855528,-0.2404311782851759,0.017397015572304504,0.05155806754302049
2878,44,588,470.9318574712719,4102.798680980681,302.82165996923425,4119.504667691163,54.0,0.08206859886326451,-1.3952916622157923,0.08209464319855528,-1.3910317793814686,0.017397015572304504,0.314523170191424
2879,4,588,296.61979068975745,4128.179301772369,302.82165996923425,4119.504667691163,54.0,0.08206859886326451,-0.15317922167211334,0.08209464319855528,-0.15387027511134632,0.017397015572304504,0.043008059080263936
2880,4,589,296.61979068975745,4128.179301772369,291.1882646910309,4099.078724905353,54.0,0.08206859886326451,-0.27911060711293684,0.08209464319855528,-0.27695550114090434,0.017397015572304504,0.06283790520974912
2881,44,589,470.9318574712719,4102.798680980681,291.1882646910309,4099.078724905353,54.0,0.08206859886326451,-1.5078441124371458,0.08209464319855528,-1.50336351323427,0.017397015572304504,0.33218029811744243
2882,31,589,286.22286085268047,4096.016113555928,291.1882646910309,4099.078724905353,54.0,0.08206859886326451,-0.12471409556015171,0.08209464319855528,-0.12472799597910265,0.017397015572304504,0.017467979919561994
2883,44,590,470.9318574712719,4102.798680980681,272.934747988071,4111.997012157693,54.0,0.08206859886326451,-1.6122067717850588,0.08209464319855528,-1.6057696521221003,0.017397015572304504,0.36583144786791566
2884,31,590,286.22286085268047,4096.016113555928,272.934747988071,4111.997012157693,54.0,0.08206859886326451,-0.19468011751040354,0.08209464319855528,-0.1935135200730011,0.017397015572304504,0.040226342874368826
2885,4,590,296.61979068975745,4128.179301772369,272.934747988071,4111.997012157693,54.0,0.08206859886326451,-0.2692258696575792,0.08209464319855528,-0.2679252684464519,0.017397015572304504,0.06522601513160972
2886,4,591,296.61979068975745,4128.179301772369,255.4251274347216,4100.936453308112,54.0,0.08206859886326451,-0.39211284998862944,0.08209464319855528,-0.3909995587179176,0.017397015572304504,0.10814103257669862
2887,31,591,286.22286085268047,4096.016113555928,255.4251274347216,4100.936453308112,54.0,0.08206859886326451,-0.30639628469716135,0.08209464319855528,-0.3061464586627349,0.017397015572304504,0.06294046768774662
2888,4,592,296.61979068975745,4128.179301772369,220.87595282766387,4102.083892846976,54.0,0.08206859886326451,-0.6461206695830032,0.08209464319855528,-0.6482768352743895,0.017397015572304504,0.1836956490137731
2889,31,592,286.22286085268047,4096.016113555928,220.87595282766387,4102.083892846976,54.0,0.08206859886326451,-0.6066382606215215,0.08209464319855528,-0.6069775394913806,0.017397015572304504,0.14253680192381835
2890,64,593,251.14156651564912,4194.6094429104505,373.0536264372821,4237.867458294468,54.0,0.08206859886326451,-0.971036879314782,0.08209464319855528,-0.9637486844515326,0.017397015572304504,0.35491843218820146
2891,19,593,313.8105789821288,4143.210879673134,373.0536264372821,4237.867458294468,54.0,0.08206859886326451,-0.6989676577661131,0.08209464319855528,-0.6939709608451073,0.017397015572304504,0.25539106562529235
2892,23,593,473.2888408458269,4304.725925046426,373.0536264372821,4237.867458294468,54.0,0.08206859886326451,-1.359103451201245,0.08209464319855528,-1.357463987203846,0.017397015572304504,0.2768823708231865
2893,16,593,510.22088537403255,4246.5421852479,373.0536264372821,4237.867458294468,54.0,0.08206859886326451,-1.1259578459351658,0.08209464319855528,-1.1232028081278804,0.017397015572304504,0.28764762521213655
2894,22,593,301.6304881357929,4156.037775497009,373.0536264372821,4237.867458294468,54.0,0.08206859886326451,-0.6818784339955023,0.08209464319855528,-0.6752111386271586,0.017397015572304504,0.2564398121068076
2895,44,593,472.0029937650396,4104.126300266757,373.0536264372821,4237.867458294468,54.0,0.08206859886326451,-1.3705693393095626,0.08209464319855528,-1.3681950171390824,0.017397015572304504,0.3285698025368626
2896,31,593,286.22286085268047,4096.016113555928,373.0536264372821,4237.867458294468,54.0,0.08206859886326451,-1.0857116714895165,0.08209464319855528,-1.0797762514160087,0.017397015572304504,0.3589024921296263
2897,22,594,301.6304881357929,4156.037775497009,362.3064081282481,4221.704404093187,54.0,0.08206859886326451,-0.5336216705901115,0.08209464319855528,-0.5301659186177264,0.017397015572304504,0.20303072751765028
2898,16,594,510.22088537403255,4246.5421852479,362.3064081282481,4221.704404093187,54.0,0.08206859886326451,-1.2054702042732393,0.08209464319855528,-1.2042371610523577,0.017397015572304504,0.31474232585404166
2899,19,594,313.8105789821288,4143.210879673134,362.3064081282481,4221.704404093187,54.0,0.08206859886326451,-0.5549235079705837,0.08209464319855528,-0.5524224080197576,0.017397015572304504,0.2039391221679483
2900,64,594,251.14156651564912,4194.6094429104505,362.3064081282481,4221.704404093187,54.0,0.08206859886326451,-0.8705835823249727,0.08209464319855528,-0.8669533024407229,0.017397015572304504,0.2974857954037504
2901,16,595,510.22088537403255,4246.5421852479,372.2868734763583,4221.386114156595,54.0,0.08206859886326451,-1.121092335348843,0.08209464319855528,-1.1200638229299684,0.017397015572304504,0.28958002164664964
2902,19,595,319.13473954701425,4139.652372121544,372.2868734763583,4221.386114156595,54.0,0.08206859886326451,-0.6344573109841354,0.08209464319855528,-0.6337750688765214,0.017397015572304504,0.2162419715101944
2903,41,595,461.8106926932424,4070.996636995212,372.2868734763583,4221.386114156595,54.0,0.08206859886326451,-1.5664524786670453,0.08209464319855528,-1.5696289200125257,0.017397015572304504,0.3371251400002909
2904,31,595,286.22286085268047,4096.016113555928,372.2868734763583,4221.386114156595,54.0,0.08206859886326451,-1.009904205063981,0.08209464319855528,-1.008031599761557,0.017397015572304504,0.3196490716369454
2905,21,595,129.6510563411616,4132.672991581291,372.2868734763583,4221.386114156595,54.0,0.08206859886326451,-1.9875343268666583,0.08209464319855528,-1.9868272253771646,0.017397015572304504,0.6760428709042705
2906,64,595,251.14156651564912,4194.6094429104505,372.2868734763583,4221.386114156595,54.0,0.08206859886326451,-0.9406275510328455,0.08209464319855528,-0.9376610237856747,0.017397015572304504,0.31831217046753224
2907,44,595,472.0029937650396,4104.126300266757,372.2868734763583,4221.386114156595,54.0,0.08206859886326451,-1.2491093904233965,0.08209464319855528,-1.2520004490367689,0.017397015572304504,0.30120044072176516
2908,23,595,473.2888408458269,4304.725925046426,372.2868734763583,4221.386114156595,54.0,0.08206859886326451,-1.4644218794155566,0.08209464319855528,-1.4604294228881896,0.017397015572304504,0.29436595074679867
2909,64,596,251.14156651564912,4194.6094429104505,348.8282222887337,4204.538514488947,54.0,0.08206859886326451,-0.7381331638753821,0.08209464319855528,-0.7354894569145135,0.017397015572304504,0.24751842749289074
2910,44,596,470.9318574712719,4102.798680980681,348.8282222887337,4204.538514488947,54.0,0.08206859886326451,-1.289590243527089,0.08209464319855528,-1.2930643838360878,0.017397015572304504,0.3153734447800946
2911,16,596,510.22088537403255,4246.5421852479,348.8282222887337,4204.538514488947,54.0,0.08206859886326451,-1.3134153807935731,0.08209464319855528,-1.3130479883512558,0.017397015572304504,0.351989532614878
2912,19,596,313.8105789821288,4143.210879673134,348.8282222887337,4204.538514488947,54.0,0.08206859886326451,-0.40177058499103,0.08209464319855528,-0.39784274012820636,0.017397015572304504,0.15345188309990168
2913,23,596,473.2888408458269,4304.725925046426,348.8282222887337,4204.538514488947,54.0,0.08206859886326451,-1.6724378427322548,0.08209464319855528,-1.669723731684328,0.017397015572304504,0.3640283558249271
2914,22,596,301.6304881357929,4156.037775497009,348.8282222887337,4204.538514488947,54.0,0.08206859886326451,-0.3748569082399971,0.08209464319855528,-0.37059963475235547,0.017397015572304504,0.15004468480661196
2915,21,596,129.6510563411616,4132.672991581291,348.8282222887337,4204.538514488947,54.0,0.08206859886326451,-1.772394100022074,0.08209464319855528,-1.7701448155963901,0.017397015572304504,0.6075192420758974
2916,31,596,286.22286085268047,4096.016113555928,348.8282222887337,4204.538514488947,54.0,0.08206859886326451,-0.7890841180917455,0.08209464319855528,-0.7839025623260075,0.017397015572304504,0.2573442850979317
2917,44,597,470.9318574712719,4102.798680980681,329.5351738167448,4169.038905630156,54.0,0.08206859886326451,-1.3029779853116872,0.08209464319855528,-1.3004754600269623,0.017397015572304504,0.2938431115978851
2918,19,597,313.8105789821288,4143.210879673134,329.5351738167448,4169.038905630156,54.0,0.08206859886326451,-0.17316785301417018,0.08209464319855528,-0.1726419219978257,0.017397015572304504,0.06206434613172225
2919,16,597,510.22088537403255,4246.5421852479,329.5351738167448,4169.038905630156,54.0,0.08206859886326451,-1.518270009907568,0.08209464319855528,-1.5170536965137533,0.017397015572304504,0.41689201229063266
2920,21,597,129.6510563411616,4132.672991581291,329.5351738167448,4169.038905630156,54.0,0.08206859886326451,-1.6226284214229403,0.08209464319855528,-1.6184835254909515,0.017397015572304504,0.5265131464401532
2921,41,597,461.8106926932424,4070.996636995212,329.5351738167448,4169.038905630156,54.0,0.08206859886326451,-1.6661757212014061,0.08209464319855528,-1.666365735115584,0.017397015572304504,0.30845519975436697
2922,23,597,473.2888408458269,4304.725925046426,329.5351738167448,4169.038905630156,54.0,0.08206859886326451,-1.886778836416703,0.08209464319855528,-1.8810621474075935,0.017397015572304504,0.44061984718257446
2923,22,597,301.6304881357929,4156.037775497009,329.5351738167448,4169.038905630156,54.0,0.08206859886326451,-0.16854595079447676,0.08209464319855528,-0.16737793405883677,0.017397015572304504,0.061524667734911734
2924,64,597,251.14156651564912,4194.6094429104505,329.5351738167448,4169.038905630156,54.0,0.08206859886326451,-0.576594170042361,0.08209464319855528,-0.5749405269877399,0.017397015572304504,0.19340992843950625
2925,27,597,413.6607163277177,4126.933692479007,329.5351738167448,4169.038905630156,54.0,0.08206859886326451,-0.9304570375878085,0.08209464319855528,-0.9292717359956947,0.017397015572304504,0.19675459946296683
2926,31,597,286.22286085268047,4096.016113555928,329.5351738167448,4169.038905630156,54.0,0.08206859886326451,-0.5610638081482943,0.08209464319855528,-0.5593657241753424,0.017397015572304504,0.16617870530147563
2927,64,598,251.14156651564912,4194.6094429104505,346.62414930987774,4170.158415182179,54.0,0.08206859886326451,-0.6862583148334266,0.08209464319855528,-0.684315112287368,0.017397015572304504,0.23538013247391376
2928,22,598,301.6304881357929,4156.037775497009,346.62414930987774,4170.158415182179,54.0,0.08206859886326451,-0.27519792806714743,0.08209464319855528,-0.2734951840115897,0.017397015572304504,0.09532102563541794
2929,31,598,286.22286085268047,4096.016113555928,346.62414930987774,4170.158415182179,54.0,0.08206859886326451,-0.6171727907634164,0.08209464319855528,-0.6156880136749903,0.017397015572304504,0.1853849184910516
2930,19,598,324.4656830993255,4136.208404100951,346.62414930987774,4170.158415182179,54.0,0.08206859886326451,-0.2256564656690374,0.08209464319855528,-0.2247425548799914,0.017397015572304504,0.07925973769170197
2931,27,598,413.6607163277177,4126.933692479007,346.62414930987774,4170.158415182179,54.0,0.08206859886326451,-0.8125858382386288,0.08209464319855528,-0.8122570513614735,0.017397015572304504,0.16682773199567597
2932,44,598,470.9318574712719,4102.798680980681,346.62414930987774,4170.158415182179,54.0,0.08206859886326451,-1.1754931041770214,0.08209464319855528,-1.1748931772514444,0.017397015572304504,0.263770000157212
2933,21,598,129.6510563411616,4132.672991581291,346.62414930987774,4170.158415182179,54.0,0.08206859886326451,-1.7253402751975617,0.08209464319855528,-1.7211542087905412,0.017397015572304504,0.5593700432537164
2934,16,599,510.22088537403255,4246.5421852479,364.6091053140706,4170.399258321844,54.0,0.08206859886326451,-1.3975799574690284,0.08209464319855528,-1.401067812701707,0.017397015572304504,0.3355921765337825
2935,31,599,286.22286085268047,4096.016113555928,364.6091053140706,4170.399258321844,54.0,0.08206859886326451,-0.6812253464514303,0.08209464319855528,-0.6805141348636419,0.017397015572304504,0.20464171922908525
2936,44,599,470.9318574712719,4102.798680980681,364.6091053140706,4170.399258321844,54.0,0.08206859886326451,-1.0440738301409658,0.08209464319855528,-1.0450167116463653,0.017397015572304504,0.23222445022295493
2937,64,599,251.14156651564912,4194.6094429104505,364.6091053140706,4170.399258321844,54.0,0.08206859886326451,-0.7936478709376534,0.08209464319855528,-0.7910125485207604,0.017397015572304504,0.274696400614736
2938,27,599,413.6607163277177,4126.933692479007,364.6091053140706,4170.399258321844,54.0,0.08206859886326451,-0.7069557766010063,0.08209464319855528,-0.7070819363328739,0.017397015572304504,0.13759773125170024
2939,19,599,324.8153272931308,4135.979057138678,364.6091053140706,4170.399258321844,54.0,0.08206859886326451,-0.31065300965407594,0.08209464319855528,-0.3105615058768325,0.017397015572304504,0.10343411456022719
2940,41,600,461.8106926932424,4070.996636995212,334.60250706622514,4156.27046823521,54.0,0.08206859886326451,-1.5717029871349344,0.08209464319855528,-1.5720755054006392,0.017397015572304504,0.28382599911523865
2941,44,600,470.9318574712719,4102.798680980681,334.60250706622514,4156.27046823521,54.0,0.08206859886326451,-1.3349633635168834,0.08209464319855528,-1.3328755054484658,0.017397015572304504,0.2761808328017306
2942,21,600,129.6510563411616,4132.672991581291,334.60250706622514,4156.27046823521,54.0,0.08206859886326451,-1.5421096234403378,0.08209464319855528,-1.5429148937776331,0.017397015572304504,0.5137450309029225
2943,64,600,251.14156651564912,4194.6094429104505,334.60250706622514,4156.27046823521,54.0,0.08206859886326451,-0.6380509542445175,0.08209464319855528,-0.6354732037440654,0.017397015572304504,0.20746438406292886
2944,23,600,473.2888408458269,4304.725925046426,334.60250706622514,4156.27046823521,54.0,0.08206859886326451,-1.9520085468764292,0.08209464319855528,-1.946624680784346,0.017397015572304504,0.44385754163091845
2945,19,600,322.3682131168698,4137.58480892938,334.60250706622514,4156.27046823521,54.0,0.08206859886326451,-0.11794301078921562,0.08209464319855528,-0.11777155789593977,0.017397015572304504,0.043672637046579504
2946,31,600,286.22286085268047,4096.016113555928,334.60250706622514,4156.27046823521,54.0,0.08206859886326451,-0.5018322353781609,0.08209464319855528,-0.5009588466310927,0.017397015572304504,0.14814478862473762
2947,22,601,301.6304881357929,4156.037775497009,355.5439209369716,4156.456968582675,54.0,0.08206859886326451,-0.3254690257711307,0.08209464319855528,-0.32387640167151277,0.017397015572304504,0.10959170955563073
2948,27,601,413.6607163277177,4126.933692479007,355.5439209369716,4156.456968582675,54.0,0.08206859886326451,-0.738166836762757,0.08209464319855528,-0.737579408264552,0.017397015572304504,0.137186066645058
2949,64,601,251.14156651564912,4194.6094429104505,355.5439209369716,4156.456968582675,54.0,0.08206859886326451,-0.7597719664646413,0.08209464319855528,-0.7573223915970526,0.017397015572304504,0.24793383207461997
2950,31,601,286.22286085268047,4096.016113555928,355.5439209369716,4156.456968582675,54.0,0.08206859886326451,-0.5531676859116224,0.08209464319855528,-0.5522482890815694,0.017397015572304504,0.16838011068237124
2951,23,601,473.2888408458269,4304.725925046426,355.5439209369716,4156.456968582675,54.0,0.08206859886326451,-1.9019038887276345,0.08209464319855528,-1.9009151478812185,0.017397015572304504,0.41250056349040254
2952,44,601,470.9318574712719,4102.798680980681,355.5439209369716,4156.456968582675,54.0,0.08206859886326451,-1.114830267470882,0.08209464319855528,-1.112926277882711,0.017397015572304504,0.23416202473622635
2953,21,601,129.6510563411616,4132.672991581291,355.5439209369716,4156.456968582675,54.0,0.08206859886326451,-1.6961814323993227,0.08209464319855528,-1.6990054776840537,0.017397015572304504,0.5543675088083977
2954,19,601,324.8153272931308,4135.979057138678,355.5439209369716,4156.456968582675,54.0,0.08206859886326451,-0.1886127276244327,0.08209464319855528,-0.18838198945418155,0.017397015572304504,0.06942694463072063
2955,21,602,129.6510563411616,4132.672991581291,299.7110510601282,4116.425155454023,54.0,0.08206859886326451,-1.316765271891384,0.08209464319855528,-1.3172052794375577,0.017397015572304504,0.40713169215064027
2956,31,602,286.22286085268047,4096.016113555928,299.7110510601282,4116.425155454023,54.0,0.08206859886326451,-0.2219016616267206,0.08209464319855528,-0.22007723361826856,0.017397015572304504,0.04434474495981996
2957,22,602,282.91308227706304,4129.966613278081,299.7110510601282,4116.425155454023,54.0,0.08206859886326451,-0.1762516859346457,0.08209464319855528,-0.17605594988303333,0.017397015572304504,0.042935662398951906
2958,44,602,470.9318574712719,4102.798680980681,299.7110510601282,4116.425155454023,54.0,0.08206859886326451,-1.4105074272451517,0.08209464319855528,-1.4062378309488817,0.017397015572304504,0.31942688215232706
2959,64,602,251.14156651564912,4194.6094429104505,299.7110510601282,4116.425155454023,54.0,0.08206859886326451,-0.8621844472716822,0.08209464319855528,-0.8626899439647931,0.017397015572304504,0.22594184576982337
2960,19,602,300.9079081658487,4118.195306486656,299.7110510601282,4116.425155454023,54.0,0.08206859886326451,-0.012810490244314743,0.08209464319855528,-0.01276986604761269,0.017397015572304504,0.003724613392337791
2961,22,603,291.73392650949626,4142.178443865089,320.9729984334359,4121.618338208264,54.0,0.08206859886326451,-0.2354759690437244,0.08209464319855528,-0.23750001120463032,0.017397015572304504,0.0778258235158323
2962,19,603,317.1134398856572,4124.154802727244,320.9729984334359,4121.618338208264,54.0,0.08206859886326451,-0.025179248299028473,0.08209464319855528,-0.02519280720993402,0.017397015572304504,0.008090096624829606
2963,31,603,286.22286085268047,4096.016113555928,320.9729984334359,4121.618338208264,54.0,0.08206859886326451,-0.30970409300388213,0.08209464319855528,-0.3088595738739235,0.017397015572304504,0.07635005509113463
2964,21,603,129.6510563411616,4132.672991581291,320.9729984334359,4121.618338208264,54.0,0.08206859886326451,-1.423355761630762,0.08209464319855528,-1.4234688122560006,0.017397015572304504,0.45409382558544675
2965,64,603,251.14156651564912,4194.6094429104505,320.9729984334359,4121.618338208264,54.0,0.08206859886326451,-0.796864994731959,0.08209464319855528,-0.7965185864048118,0.017397015572304504,0.24378291664401375
2966,44,603,470.9318574712719,4102.798680980681,320.9729984334359,4121.618338208264,54.0,0.08206859886326451,-1.2996082552195873,0.08209464319855528,-1.29528229306915,0.017397015572304504,0.2833915237498502
2967,21,604,129.6510563411616,4132.672991581291,268.5028234668558,4104.077574133915,54.0,0.08206859886326451,-1.1743736670044784,0.08209464319855528,-1.1772780535914735,0.017397015572304504,0.35104267735127703
2968,64,604,251.14156651564912,4194.6094429104505,268.5028234668558,4104.077574133915,54.0,0.08206859886326451,-0.8324399096807448,0.08209464319855528,-0.8302851453545526,0.017397015572304504,0.2274154900661013
2969,31,604,286.22286085268047,4096.016113555928,268.5028234668558,4104.077574133915,54.0,0.08206859886326451,-0.203493643722158,0.08209464319855528,-0.20324782547974976,0.017397015572304504,0.040323627246193115
2970,22,604,282.91308227706304,4129.966613278081,268.5028234668558,4104.077574133915,54.0,0.08206859886326451,-0.22361502881391873,0.08209464319855528,-0.2234056169787675,0.017397015572304504,0.06200408602978169
2971,19,604,298.45947748194794,4119.807970449649,268.5028234668558,4104.077574133915,54.0,0.08206859886326451,-0.2541119989495649,0.08209464319855528,-0.25178048662025476,0.017397015572304504,0.061860407294464806
2972,44,604,470.9318574712719,4102.798680980681,268.5028234668558,4104.077574133915,54.0,0.08206859886326451,-1.640714798539303,0.08209464319855528,-1.6342841993630826,0.017397015572304504,0.3753439906567779
2973,21,605,129.6510563411616,4132.672991581291,308.95176142546023,4100.390848526726,54.0,0.08206859886326451,-1.4440892227744293,0.08209464319855528,-1.4450771232660078,0.017397015572304504,0.42499068615438407
2974,44,605,470.9318574712719,4102.798680980681,308.95176142546023,4100.390848526726,54.0,0.08206859886326451,-1.3551816404553285,0.08209464319855528,-1.3509241699528007,0.017397015572304504,0.30227684185898424
2975,31,605,286.22286085268047,4096.016113555928,308.95176142546023,4100.390848526726,54.0,0.08206859886326451,-0.22053974289639133,0.08209464319855528,-0.22034155274091238,0.017397015572304504,0.04177646274098141
2976,22,605,282.91308227706304,4129.966613278081,308.95176142546023,4100.390848526726,54.0,0.08206859886326451,-0.28143598381733254,0.08209464319855528,-0.2806244687998959,0.017397015572304504,0.0730445239647827
2977,31,606,286.22286085268047,4096.016113555928,321.7264183919306,4102.665007325553,54.0,0.08206859886326451,-0.2842389709463339,0.08209464319855528,-0.284067281367217,0.017397015572304504,0.06359742510979582
2978,44,606,470.9318574712719,4102.798680980681,321.7264183919306,4102.665007325553,54.0,0.08206859886326451,-1.2853861369610102,0.08209464319855528,-1.281091630813011,0.017397015572304504,0.279866189420584
2979,19,606,309.4846467710166,4112.556925703692,321.7264183919306,4102.665007325553,54.0,0.08206859886326451,-0.08580677542457156,0.08209464319855528,-0.08585298198361005,0.017397015572304504,0.027569731074006017
2980,21,606,129.6510563411616,4132.672991581291,321.7264183919306,4102.665007325553,54.0,0.08206859886326451,-1.4958026025658853,0.08209464319855528,-1.496887199483691,0.017397015572304504,0.44689042456432815
2981,22,606,282.91308227706304,4129.966613278081,321.7264183919306,4102.665007325553,54.0,0.08206859886326451,-0.3167035832951688,0.08209464319855528,-0.31680083408761106,0.017397015572304504,0.08882632899116155
2982,21,607,129.6510563411616,4132.672991581291,219.27949383018264,4092.615330391432,54.0,0.08206859886326451,-0.9030903211741584,0.08209464319855528,-0.9032203330625284,0.017397015572304504,0.24215409401141363
2983,22,607,267.77623279276514,4140.811810679348,219.27949383018264,4092.615330391432,54.0,0.08206859886326451,-0.5850614038789075,0.08209464319855528,-0.587358679045899,0.017397015572304504,0.1623735657673397
2984,64,607,251.14156651564912,4194.6094429104505,219.27949383018264,4092.615330391432,54.0,0.08206859886326451,-0.9541092621976592,0.08209464319855528,-0.9553428948915954,0.017397015572304504,0.29050467325840823
2985,19,607,298.45947748194794,4119.807970449649,219.27949383018264,4092.615330391432,54.0,0.08206859886326451,-0.6671775307357705,0.08209464319855528,-0.6642031144208433,0.017397015572304504,0.18214369215582984
2986,19,608,298.45947748194794,4119.807970449649,241.15223999434448,4082.933807469713,54.0,0.08206859886326451,-0.5472380866374278,0.08209464319855528,-0.5435049720603249,0.017397015572304504,0.13709001371759938
2987,31,608,286.22286085268047,4096.016113555928,241.15223999434448,4082.933807469713,54.0,0.08206859886326451,-0.45278958416443016,0.08209464319855528,-0.45152546735916976,0.017397015572304504,0.0980192038927038
2988,21,608,129.6510563411616,4132.672991581291,241.15223999434448,4082.933807469713,54.0,0.08206859886326451,-1.1290805953515377,0.08209464319855528,-1.1275153484908649,0.017397015572304504,0.3029654889825365
2989,44,608,470.9318574712719,4102.798680980681,241.15223999434448,4082.933807469713,54.0,0.08206859886326451,-1.9946755640163663,0.08209464319855528,-1.9896978417613487,0.017397015572304504,0.4326094418305365
2990,22,608,277.77652302980147,4133.654750127797,241.15223999434448,4082.933807469713,54.0,0.08206859886326451,-0.4910081208606531,0.08209464319855528,-0.49022497286059974,0.017397015572304504,0.1459848649027966
2991,22,609,282.91308227706304,4129.966613278081,255.9426322707364,4092.0033524375262,54.0,0.08206859886326451,-0.3529294898405758,0.08209464319855528,-0.3528556040294514,0.017397015572304504,0.09943536864920524
2992,64,609,251.14156651564912,4194.6094429104505,255.9426322707364,4092.0033524375262,54.0,0.08206859886326451,-0.9127248994411755,0.08209464319855528,-0.9104614800424877,0.017397015572304504,0.24866581390060194
2993,19,609,298.45947748194794,4119.807970449649,255.9426322707364,4092.0033524375262,54.0,0.08206859886326451,-0.39440568788221586,0.08209464319855528,-0.39166957364001564,0.017397015572304504,0.09589577078051899
2994,21,609,129.6510563411616,4132.672991581291,255.9426322707364,4092.0033524375262,54.0,0.08206859886326451,-1.1837846534971814,0.08209464319855528,-1.1825314897371928,0.017397015572304504,0.33184853681659143
2995,44,609,470.9318574712719,4102.798680980681,255.9426322707364,4092.0033524375262,54.0,0.08206859886326451,-1.8619395875065745,0.08209464319855528,-1.8573329779108032,0.017397015572304504,0.40001075510300016
2996,31,609,286.22286085268047,4096.016113555928,255.9426322707364,4092.0033524375262,54.0,0.08206859886326451,-0.31086149376425376,0.08209464319855528,-0.3105094969045711,0.017397015572304504,0.060403365407588276
2997,41,610,461.8106926932424,4070.996636995212,302.40939418690647,4076.239930161057,54.0,0.08206859886326451,-1.1288479102967088,0.08209464319855528,-1.12592399194795,0.017397015572304504,0.29321245491578535
2998,22,610,282.91308227706304,4129.966613278081,302.40939418690647,4076.239930161057,54.0,0.08206859886326451,-0.49935175413055344,0.08209464319855528,-0.4974967582056398,0.017397015572304504,0.10146720969927503
2999,19,610,309.4846467710166,4112.556925703692,302.40939418690647,4076.239930161057,54.0,0.08206859886326451,-0.15543064189673178,0.08209464319855528,-0.15474200747730985,0.017397015572304504,0.06254059301341244
3000,44,610,470.9318574712719,4102.798680980681,302.40939418690647,4076.239930161057,54.0,0.08206859886326451,-1.4409276630787164,0.08209464319855528,-1.4379426551512586,0.017397015572304504,0.31193347122692766
3001,31,610,286.22286085268047,4096.016113555928,302.40939418690647,4076.239930161057,54.0,0.08206859886326451,-0.293385301422396,0.08209464319855528,-0.2932962959836247,0.017397015572304504,0.045745970951882695
3002,14,611,-191.8510249122208,3920.732064928668,-373.43476264910015,3766.461917060813,54.0,0.08206859886326451,-1.9339082105930976,0.08209464319855528,-1.9281292761004778,0.017397015572304504,0.6027960534185923
3003,3,611,-366.6419945922364,3850.319998086217,-373.43476264910015,3766.461917060813,54.0,0.08206859886326451,-0.7616926661282392,0.08209464319855528,-0.7631842529583969,0.017397015572304504,0.22578232553022642
3004,14,612,-191.8510249122208,3920.732064928668,-404.9594998600836,3757.059047829879,54.0,0.08206859886326451,-2.2041650322060895,0.08209464319855528,-2.197625219866149,0.017397015572304504,0.6839830414061756
3005,3,612,-366.6419945922364,3850.319998086217,-404.9594998600836,3757.059047829879,54.0,0.08206859886326451,-0.8983316997837867,0.08209464319855528,-0.8932154407643453,0.017397015572304504,0.2834208755093204
3006,14,613,-191.8510249122208,3920.732064928668,-388.4341386667703,3754.2694742453887,54.0,0.08206859886326451,-2.089570129930076,0.08209464319855528,-2.0829793578560887,0.017397015572304504,0.6607734875104597
3007,3,613,-366.6419945922364,3850.319998086217,-388.4341386667703,3754.2694742453887,54.0,0.08206859886326451,-0.8499398880310598,0.08209464319855528,-0.8457907489858192,0.017397015572304504,0.27547112504524324
3008,3,614,-366.6419945922364,3850.319998086217,-361.1239523797188,3752.790302079386,54.0,0.08206859886326451,-0.8811352444436974,0.08209464319855528,-0.8844369053204828,0.017397015572304504,0.26546769283044774
3009,14,614,-191.8510249122208,3920.732064928668,-361.1239523797188,3752.790302079386,54.0,0.08206859886326451,-1.9259330581743015,0.08209464319855528,-1.9210744994513689,0.017397015572304504,0.6213074216959293
3010,14,615,-191.8510249122208,3920.732064928668,-374.17678074725006,3737.152975783385,54.0,0.08206859886326451,-2.1184158458366342,0.08209464319855528,-2.1133782850616383,0.017397015572304504,0.685743447975714
3011,0,615,-370.9184736815143,3578.821080117009,-374.17678074725006,3737.152975783385,54.0,0.08206859886326451,-1.3085289509509006,0.08209464319855528,-1.3054990941312878,0.017397015572304504,0.4716553875510885
3012,3,615,-366.6419945922364,3850.319998086217,-374.17678074725006,3737.152975783385,54.0,0.08206859886326451,-1.0273880385742022,0.08209464319855528,-1.0306600643599062,0.017397015572304504,0.313447402162701
3013,0,616,-370.9184736815143,3578.821080117009,-350.91326110736713,3715.884060741088,54.0,0.08206859886326451,-1.1229195094550801,0.08209464319855528,-1.1204859600778365,0.017397015572304504,0.4092220741871573
3014,3,616,-366.6419945922364,3850.319998086217,-350.91326110736713,3715.884060741088,54.0,0.08206859886326451,-1.2284954112404811,0.08209464319855528,-1.2311342030043952,0.017397015572304504,0.38146038694433704
3015,14,616,-191.8510249122208,3920.732064928668,-350.91326110736713,3715.884060741088,54.0,0.08206859886326451,-2.1191232772543054,0.08209464319855528,-2.1164113700995726,0.017397015572304504,0.7078542825748023
3016,0,617,-370.9184736815143,3578.821080117009,-354.7620074744374,3695.953997662773,54.0,0.08206859886326451,-0.9434330725549885,0.08209464319855528,-0.9414800489087193,0.017397015572304504,0.34542958994497636
3017,0,618,-370.9184736815143,3578.821080117009,-351.1479509122784,3665.503242462116,54.0,0.08206859886326451,-0.6911897203254325,0.08209464319855528,-0.6901060396496908,0.017397015572304504,0.25503309731158263
3018,20,619,-491.6557639897821,3775.103401039669,-389.7627570705973,3743.2169933727887,54.0,0.08206859886326451,-0.7747890617508622,0.08209464319855528,-0.7703564067114094,0.017397015572304504,0.3020309626581614
3019,20,620,-491.6557639897821,3775.103401039669,-366.9323951215805,3742.866649151627,54.0,0.08206859886326451,-0.9759424477455498,0.08209464319855528,-0.9700894490471121,0.017397015572304504,0.37017582019553513
3020,20,621,-491.6557639897821,3775.103401039669,-402.1052308230248,3707.5373006073055,54.0,0.08206859886326451,-0.8872556649551737,0.08209464319855528,-0.8825863120970008,0.017397015572304504,0.315303005661688
3021,20,622,-491.6557639897821,3775.103401039669,-380.9661528592131,3689.457435245816,54.0,0.08206859886326451,-1.1350388046664113,0.08209464319855528,-1.13049083740474,0.017397015572304504,0.4056007935106432
3022,20,623,-491.6557639897821,3775.103401039669,-413.19707339021727,3725.878044612585,54.0,0.08206859886326451,-0.6827641958901945,0.08209464319855528,-0.6784024794822892,0.017397015572304504,0.2543365366284275
3023,46,624,-260.0556528336838,3915.584287356416,-162.52306238605374,3916.201907568545,54.0,0.08206859886326451,-0.7741042515209295,0.08209464319855528,-0.7730824125187059,0.017397015572304504,0.19983247152865752
3024,14,625,-191.2861040228232,3920.912450661129,-133.3415231743852,3915.05509414729,54.0,0.08206859886326451,-0.3850318233482287,0.08209464319855528,-0.38467581003867624,0.017397015572304504,0.13309107994864985
3025,14,626,-191.2861040228232,3920.912450661129,-107.03856041422884,3912.688158453438,54.0,0.08206859886326451,-0.5498028539542612,0.08209464319855528,-0.5490547785607858,0.017397015572304504,0.19822293143048741
3026,46,627,-260.0556528336838,3915.584287356416,-185.24762128328757,3894.1527541873807,54.0,0.08206859886326451,-0.7358888737689299,0.08209464319855528,-0.7371347279587924,0.017397015572304504,0.15948774593282347
3027,15,627,-219.46475068668764,3910.916163982088,-185.24762128328757,3894.1527541873807,54.0,0.08206859886326451,-0.32022359240170595,0.08209464319855528,-0.3205242082606553,0.017397015572304504,0.08347611015855458
3028,14,627,-191.8510249122208,3920.732064928668,-185.24762128328757,3894.1527541873807,54.0,0.08206859886326451,-0.17912414211724953,0.08209464319855528,-0.17905510844135508,0.017397015572304504,0.05646441630883879
3029,46,628,-260.0556528336838,3915.584287356416,-163.77609401928575,3898.3612294938825,54.0,0.08206859886326451,-0.7888824564370758,0.08209464319855528,-0.7882059059287885,0.017397015572304504,0.20067586248340008
3030,14,628,-191.2861040228232,3920.912450661129,-163.77609401928575,3898.3612294938825,54.0,0.08206859886326451,-0.2263853228519676,0.08209464319855528,-0.22564074651441218,0.017397015572304504,0.07680829560728185
3031,14,629,-191.2861040228232,3920.912450661129,-138.31483592452412,3903.081532209318,54.0,0.08206859886326451,-0.37005159936902093,0.08209464319855528,-0.3694961669948051,0.017397015572304504,0.12679868595410806
3032,15,629,-219.46475068668764,3910.916163982088,-138.31483592452412,3903.081532209318,54.0,0.08206859886326451,-0.5391055319729021,0.08209464319855528,-0.5377050340193792,0.017397015572304504,0.1797457164005102
3033,14,630,-191.8510249122208,3920.732064928668,-176.60911080190527,3873.689646947577,54.0,0.08206859886326451,-0.4034275688304242,0.08209464319855528,-0.4048481334923084,0.017397015572304504,0.10485915326634375
3034,46,630,-260.0556528336838,3915.584287356416,-176.60911080190527,3873.689646947577,54.0,0.08206859886326451,-0.9185137095157949,0.08209464319855528,-0.9207982798700568,0.017397015572304504,0.1981266119851046
3035,15,630,-219.46475068668764,3910.916163982088,-176.60911080190527,3873.689646947577,54.0,0.08206859886326451,-0.5211571533271623,0.08209464319855528,-0.5227561240041749,0.017397015572304504,0.12440119394744523
3036,14,631,-191.2861040228232,3920.912450661129,-149.1571348158001,3881.691152823052,54.0,0.08206859886326451,-0.4166203718628688,0.08209464319855528,-0.4162571025815611,0.017397015572304504,0.12974626930901603
3037,15,631,-219.46475068668764,3910.916163982088,-149.1571348158001,3881.691152823052,54.0,0.08206859886326451,-0.6374373980071572,0.08209464319855528,-0.6385603310123723,0.017397015572304504,0.16975238179193022
3038,15,632,-219.46475068668764,3910.916163982088,-131.5000538528961,3885.757679077044,54.0,0.08206859886326451,-0.682427267330212,0.08209464319855528,-0.6819912320365688,0.017397015572304504,0.20910679181359748
3039,14,632,-191.2861040228232,3920.912450661129,-131.5000538528961,3885.757679077044,54.0,0.08206859886326451,-0.4818487443492272,0.08209464319855528,-0.4807827371019165,0.017397015572304504,0.16279305653155557
3040,14,633,-191.2861040228232,3920.912450661129,-124.00630206861427,3866.008859174929,54.0,0.08206859886326451,-0.6238565490913449,0.08209464319855528,-0.6228553141220753,0.017397015572304504,0.208432427642819
3041,15,634,-219.46475068668764,3910.916163982088,-188.24213287120952,3844.223822198344,54.0,0.08206859886326451,-0.6468341349880852,0.08209464319855528,-0.644521360374336,0.017397015572304504,0.17444528734551026
3042,14,634,-191.8510249122208,3920.732064928668,-188.24213287120952,3844.223822198344,54.0,0.08206859886326451,-0.6658397171281811,0.08209464319855528,-0.6657831287321667,0.017397015572304504,0.1769377286714808
3043,46,634,-260.0556528336838,3915.584287356416,-188.24213287120952,3844.223822198344,54.0,0.08206859886326451,-0.9941847089855794,0.08209464319855528,-0.9934639045691841,0.017397015572304504,0.2325573416739719
3044,15,635,-219.46475068668764,3910.916163982088,-163.18022440468428,3835.315907696576,54.0,0.08206859886326451,-0.8565976545589518,0.08209464319855528,-0.8554748418592658,0.017397015572304504,0.22180010212686554
3045,14,635,-191.8510249122208,3920.732064928668,-163.18022440468428,3835.315907696576,54.0,0.08206859886326451,-0.7846781241168774,0.08209464319855528,-0.784659244111767,0.017397015572304504,0.20805604987206688
3046,14,636,-191.2861040228232,3920.912450661129,-143.89632797920137,3927.044930804073,54.0,0.08206859886326451,-0.34361096335945157,0.08209464319855528,-0.343453727657662,0.017397015572304504,0.11258118417249485
3047,14,637,-191.8510249122208,3920.732064928668,-153.2235956101634,3841.402841089208,54.0,0.08206859886326451,-0.7430729413275183,0.08209464319855528,-0.741876266022895,0.017397015572304504,0.20540845851241754
3048,14,638,-191.2861040228232,3920.912450661129,-134.8166939717991,3867.276296113637,54.0,0.08206859886326451,-0.5660188503409367,0.08209464319855528,-0.5653533914875928,0.017397015572304504,0.1835947696754567
3049,15,639,-219.46475068668764,3910.916163982088,-160.39702155560826,3872.236696721719,54.0,0.08206859886326451,-0.6368496429870744,0.08209464319855528,-0.6383284428990817,0.017397015572304504,0.15734284325275308
3050,14,639,-191.2861040228232,3920.912450661129,-160.39702155560826,3872.236696721719,54.0,0.08206859886326451,-0.43311865700361957,0.08209464319855528,-0.43300584576026413,0.017397015572304504,0.12859174365589227
3051,14,640,-191.8510249122208,3920.732064928668,-170.93912756686086,3857.865301629393,54.0,0.08206859886326451,-0.562580385329669,0.08209464319855528,-0.5625786250688224,0.017397015572304504,0.14783594861089056
3052,14,641,-191.2861040228232,3920.912450661129,-153.8352027724087,3881.8353385911855,54.0,0.08206859886326451,-0.3881868757695944,0.08209464319855528,-0.3878562193746215,0.017397015572304504,0.12096898690053376
3053,15,641,-219.46475068668764,3910.916163982088,-153.8352027724087,3881.8353385911855,54.0,0.08206859886326451,-0.6099786765963305,0.08209464319855528,-0.6112503764699675,0.017397015572304504,0.15933134524735384
3054,46,642,-260.0556528336838,3915.584287356416,-185.1723244532143,3862.5721872323993,54.0,0.08206859886326451,-0.8833866942277278,0.08209464319855528,-0.8827341882039733,0.017397015572304504,0.20226889825898703
3055,14,642,-191.8510249122208,3920.732064928668,-185.1723244532143,3862.5721872323993,54.0,0.08206859886326451,-0.4954636760362485,0.08209464319855528,-0.4959858270717807,0.017397015572304504,0.12887732229073817
3056,15,642,-219.46475068668764,3910.916163982088,-185.1723244532143,3862.5721872323993,54.0,0.08206859886326451,-0.52788503829531,0.08209464319855528,-0.5269606385076568,0.017397015572304504,0.13517562662039487
3057,15,643,-219.46475068668764,3910.916163982088,-201.39282667417103,3905.61281133974,54.0,0.08206859886326451,-0.15990567888023252,0.08209464319855528,-0.15913648321939786,0.017397015572304504,0.0471240044418272
3058,14,643,-191.8510249122208,3920.732064928668,-201.39282667417103,3905.61281133974,54.0,0.08206859886326451,-0.10103044762044151,0.08209464319855528,-0.10055674400272355,0.017397015572304504,0.03610751320948502
3059,46,643,-260.0556528336838,3915.584287356416,-201.39282667417103,3905.61281133974,54.0,0.08206859886326451,-0.5467563151743272,0.08209464319855528,-0.5466785504720548,0.017397015572304504,0.11956552204228943
3060,15,644,-219.46475068668764,3910.916163982088,-194.47015295781316,3889.527551350435,54.0,0.08206859886326451,-0.28501000766584605,0.08209464319855528,-0.28498193981110764,0.017397015572304504,0.0743363130010257
3061,14,644,-191.8510249122208,3920.732064928668,-194.47015295781316,3889.527551350435,54.0,0.08206859886326451,-0.22223155733585334,0.08209464319855528,-0.22253184288395836,0.017397015572304504,0.06507785501536864
3062,46,644,-260.0556528336838,3915.584287356416,-194.47015295781316,3889.527551350435,54.0,0.08206859886326451,-0.6860563062412179,0.08209464319855528,-0.6869580280068287,0.017397015572304504,0.14663192347476323
3063,14,645,-191.2861040228232,3920.912450661129,-167.4205538799331,3917.759500104368,54.0,0.08206859886326451,-0.14674767235718886,0.08209464319855528,-0.14617032400656516,0.017397015572304504,0.05119408544603514
3064,46,645,-260.0556528336838,3915.584287356416,-167.4205538799331,3917.759500104368,54.0,0.08206859886326451,-0.7382190181029449,0.08209464319855528,-0.7372977834694188,0.017397015572304504,0.1885017503980287
3065,15,645,-219.46475068668764,3910.916163982088,-167.4205538799331,3917.759500104368,54.0,0.08206859886326451,-0.33831706899572883,0.08209464319855528,-0.33683070024141804,0.017397015572304504,0.11175854906420608
3066,15,646,-219.46475068668764,3910.916163982088,-143.8062093783999,3927.407261262322,54.0,0.08206859886326451,-0.5356577918762824,0.08209464319855528,-0.534486824491784,0.017397015572304504,0.1727407668135864
3067,14,646,-191.2861040228232,3920.912450661129,-143.8062093783999,3927.407261262322,54.0,0.08206859886326451,-0.346496237679045,0.08209464319855528,-0.3463927721832047,0.017397015572304504,0.11363563728586645
3068,14,647,-191.2861040228232,3920.912450661129,-128.11374621265907,3902.904347709693,54.0,0.08206859886326451,-0.4337160923600248,0.08209464319855528,-0.43353599598827364,0.017397015572304504,0.15107373098941218
3069,15,647,-219.46475068668764,3910.916163982088,-128.11374621265907,3902.904347709693,54.0,0.08206859886326451,-0.6043444089543737,0.08209464319855528,-0.6033091311496183,0.017397015572304504,0.20452773670387447
3070,14,648,-191.2861040228232,3920.912450661129,-109.38043299124205,3904.605524472531,54.0,0.08206859886326451,-0.5433392076110228,0.08209464319855528,-0.542670346844007,0.017397015572304504,0.1952633235445918
3071,15,648,-219.46475068668764,3910.916163982088,-109.38043299124205,3904.605524472531,54.0,0.08206859886326451,-0.7176329217147357,0.08209464319855528,-0.7161160327794291,0.017397015572304504,0.24997959096884953
3072,14,649,-191.2861040228232,3920.912450661129,-116.24285178055337,3863.5742101856567,54.0,0.08206859886326451,-0.6681594329684678,0.08209464319855528,-0.6667372984689731,0.017397015572304504,0.22993561562843987
3073,46,650,-260.0556528336838,3915.584287356416,-174.55729592021984,3890.937438124017,54.0,0.08206859886326451,-0.8498450129289586,0.08209464319855528,-0.8519548750269592,0.017397015572304504,0.18374790225925247
3074,14,650,-191.2861040228232,3920.912450661129,-174.55729592021984,3890.937438124017,54.0,0.08206859886326451,-0.23666939812836657,0.08209464319855528,-0.23682084271805265,0.017397015572304504,0.071386883277839
3075,15,650,-219.46475068668764,3910.916163982088,-174.55729592021984,3890.937438124017,54.0,0.08206859886326451,-0.418906118749449,0.08209464319855528,-0.4198595043953476,0.017397015572304504,0.10615394375471686
3076,50,651,-32.87294301735424,3776.17863145535,-25.74162000676105,3821.09926387676,54.0,0.08206859886326451,-0.5043271138712959,0.08209464319855528,-0.5023832030328468,0.017397015572304504,0.11983449371527487
3077,14,651,-191.2861040228232,3920.912450661129,-25.74162000676105,3821.09926387676,54.0,0.08206859886326451,-1.446152489324888,0.08209464319855528,-1.44483155947322,0.017397015572304504,0.5083651155984076
3078,18,651,55.99463969610678,3684.4657106501672,-25.74162000676105,3821.09926387676,54.0,0.08206859886326451,-1.4008121032488807,0.08209464319855528,-1.4040567904130532,0.017397015572304504,0.41791538768264647
3079,18,652,55.99463969610678,3684.4657106501672,-14.341553360039486,3849.999377693335,54.0,0.08206859886326451,-1.5803247381590642,0.08209464319855528,-1.5824777420628258,0.017397015572304504,0.48329918644460174
3080,14,652,-191.2861040228232,3920.912450661129,-14.341553360039486,3849.999377693335,54.0,0.08206859886326451,-1.4498153998410424,0.08209464319855528,-1.4467692349115318,0.017397015572304504,0.4864034561726137
3081,18,653,55.99463969610678,3684.4657106501672,9.734006700963306,3833.316219177283,54.0,0.08206859886326451,-1.2890347463284206,0.08209464319855528,-1.2860110667494575,0.017397015572304504,0.4167125191346491
3082,18,654,55.99463969610678,3684.4657106501672,15.208905088541387,3859.554982036448,54.0,0.08206859886326451,-1.4889105110550056,0.08209464319855528,-1.4797799423669873,0.017397015572304504,0.48530661059952984
3083,32,655,334.71484028241383,4482.861045979598,451.7226557817759,4605.272919197221,54.0,0.08206859886326451,-1.27725930085574,0.08209464319855528,-1.273526756544419,0.017397015572304504,0.48645950084915757
3084,32,656,334.71484028241383,4482.861045979598,469.53695878019,4631.78824899171,54.0,0.08206859886326451,-1.5824838034575943,0.08209464319855528,-1.5748098719521044,0.017397015572304504,0.5933597624130318
3085,20,657,-498.52555730042025,3779.773363273628,-534.606119933744,3763.415805899948,54.0,0.08206859886326451,-0.3387817945099366,0.08209464319855528,-0.3387973356615628,0.017397015572304504,0.1239848185787204
3086,20,658,-494.5494165559717,3775.40603065143,-538.2739372748354,3736.42271139639,54.0,0.08206859886326451,-0.5332518156590964,0.08209464319855528,-0.5341738412727264,0.017397015572304504,0.17719239755537877
3087,20,659,-493.1142633148681,3773.7889738968342,-503.4668716314065,3749.0075009138736,54.0,0.08206859886326451,-0.2075492183864837,0.08209464319855528,-0.2078505149558481,0.017397015572304504,0.0711063251699025
3088,20,660,-493.1142633148681,3773.7889738968342,-487.9031031712161,3742.382310792889,54.0,0.08206859886326451,-0.23259204981442833,0.08209464319855528,-0.23282188611604127,0.017397015572304504,0.08107487022525826
3089,20,661,-493.1142633148681,3773.7889738968342,-518.1847377928273,3724.680691386569,54.0,0.08206859886326451,-0.4939414673370033,0.08209464319855528,-0.4932703657664551,0.017397015572304504,0.15736342386673635
3090,14,662,-191.2861040228232,3920.912450661129,64.11247040924663,3872.825368185757,54.0,0.08206859886326451,-2.0719754694944337,0.08209464319855528,-2.0590251274003113,0.017397015572304504,0.6911231051859744
3091,25,662,264.330530090726,3842.899620060988,64.11247040924663,3872.825368185757,54.0,0.08206859886326451,-1.9009384343326425,0.08209464319855528,-1.8931361426317714,0.017397015572304504,0.5169605274006553
3092,21,663,103.34699834515416,4117.964937310308,77.65905487220303,3909.3501493595386,54.0,0.08206859886326451,-1.7929323685536986,0.08209464319855528,-1.7846609435709162,0.017397015572304504,0.5400977541904655
3093,18,663,55.99463969610678,3684.4657106501672,77.65905487220303,3909.3501493595386,54.0,0.08206859886326451,-1.60708571326306,0.08209464319855528,-1.597861398189467,0.017397015572304504,0.627415418894614
3094,14,663,-191.2861040228232,3920.912450661129,77.65905487220303,3909.3501493595386,54.0,0.08206859886326451,-2.1274323481097666,0.08209464319855528,-2.11740906888267,0.017397015572304504,0.7329297830722523
3095,25,663,264.330530090726,3842.899620060988,77.65905487220303,3909.3501493595386,54.0,0.08206859886326451,-1.8068280410246798,0.08209464319855528,-1.8050999848856102,0.017397015572304504,0.5058766844124162
3096,18,664,55.99463969610678,3684.4657106501672,32.823125034109225,3912.664070630043,54.0,0.08206859886326451,-1.7120283357069248,0.08209464319855528,-1.7006352800299869,0.017397015572304504,0.6298387943440595
3097,14,664,-191.2861040228232,3920.912450661129,32.823125034109225,3912.664070630043,54.0,0.08206859886326451,-1.7269138874923813,0.08209464319855528,-1.7172326134954976,0.017397015572304504,0.59244138560386
3098,14,665,-191.2861040228232,3920.912450661129,45.6171520763773,3868.016782251201,54.0,0.08206859886326451,-1.9681726452950101,0.08209464319855528,-1.9596483435698109,0.017397015572304504,0.6392857134512794
3099,25,665,264.330530090726,3842.899620060988,45.6171520763773,3868.016782251201,54.0,0.08206859886326451,-2.060283084436117,0.08209464319855528,-2.050763830849868,0.017397015572304504,0.571834110912812
3100,18,665,55.99463969610678,3684.4657106501672,45.6171520763773,3868.016782251201,54.0,0.08206859886326451,-1.2817902551402804,0.08209464319855528,-1.273065488489689,0.017397015572304504,0.4946544926945855
3101,21,666,103.34699834515416,4117.964937310308,67.19752621553442,3879.29954399636,54.0,0.08206859886326451,-2.054592675272489,0.08209464319855528,-2.050403880827492,0.017397015572304504,0.6461600084548662
3102,14,666,-191.2861040228232,3920.912450661129,67.19752621553442,3879.29954399636,54.0,0.08206859886326451,-2.0687892332133986,0.08209464319855528,-2.056629923715377,0.017397015572304504,0.6994737984764812
3103,18,666,55.99463969610678,3684.4657106501672,67.19752621553442,3879.29954399636,54.0,0.08206859886326451,-1.328077801363082,0.08209464319855528,-1.3198476760045355,0.017397015572304504,0.5355182890935442
3104,44,667,470.9318574712719,4102.798680980681,329.4081606104876,3998.689087059467,54.0,0.08206859886326451,-1.2405714857213068,0.08209464319855528,-1.2385305746243453,0.017397015572304504,0.31877632702768677
3105,31,667,286.22286085268047,4096.016113555928,329.4081606104876,3998.689087059467,54.0,0.08206859886326451,-1.0461220447756125,0.08209464319855528,-1.04540100838546,0.017397015572304504,0.22244734966846308
3106,53,667,275.4374088407163,3843.51011953928,329.4081606104876,3998.689087059467,54.0,0.08206859886326451,-1.1953871510428504,0.08209464319855528,-1.1909754554733996,0.017397015572304504,0.3077004434161366
3107,25,667,275.18212912654,3848.067080065535,329.4081606104876,3998.689087059467,54.0,0.08206859886326451,-1.1747833422837344,0.08209464319855528,-1.1708002323969278,0.017397015572304504,0.29623703567107773
3108,38,667,292.2609771757026,3909.816818957042,329.4081606104876,3998.689087059467,54.0,0.08206859886326451,-0.8187418032671366,0.08209464319855528,-0.8202858849846859,0.017397015572304504,0.19528340925172813
3109,41,667,461.8106926932424,4070.996636995212,329.4081606104876,3998.689087059467,54.0,0.08206859886326451,-1.1037607444002484,0.08209464319855528,-1.1016461850561285,0.017397015572304504,0.28932030815675586
3110,39,667,491.6009153175041,3965.873607703836,329.4081606104876,3998.689087059467,54.0,0.08206859886326451,-1.7531222804705604,0.08209464319855528,-1.7488922400913887,0.017397015572304504,0.39188302721724266
3111,38,668,292.2609771757026,3909.816818957042,343.5160136838465,3991.578570639738,54.0,0.08206859886326451,-0.8359601980941314,0.08209464319855528,-0.837175787846024,0.017397015572304504,0.19086461508657881
3112,31,668,286.22286085268047,4096.016113555928,343.5160136838465,3991.578570639738,54.0,0.08206859886326451,-1.0317590815422482,0.08209464319855528,-1.0305491584489288,0.017397015572304504,0.2446196751024865
3113,44,668,470.9318574712719,4102.798680980681,343.5160136838465,3991.578570639738,54.0,0.08206859886326451,-1.3512621028935703,0.08209464319855528,-1.3480935213080394,0.017397015572304504,0.3082754675499848
3114,41,668,461.8106926932424,4070.996636995212,343.5160136838465,3991.578570639738,54.0,0.08206859886326451,-1.1407461562708299,0.08209464319855528,-1.1385256987817731,0.017397015572304504,0.27973949830849015
3115,31,669,286.22286085268047,4096.016113555928,326.1144591510769,3985.159052073012,54.0,0.08206859886326451,-1.2782720166480663,0.08209464319855528,-1.2771001570669305,0.017397015572304504,0.252485492008713
3116,25,669,275.18212912654,3848.067080065535,326.1144591510769,3985.159052073012,54.0,0.08206859886326451,-1.0281687419051362,0.08209464319855528,-1.024771600041461,0.017397015572304504,0.26599405185721975
3117,44,669,470.9318574712719,4102.798680980681,326.1144591510769,3985.159052073012,54.0,0.08206859886326451,-1.477858433583085,0.08209464319855528,-1.474531911366901,0.017397015572304504,0.3411895529636008
3118,41,669,461.8106926932424,4070.996636995212,326.1144591510769,3985.159052073012,54.0,0.08206859886326451,-1.3205813491482494,0.08209464319855528,-1.317723247379254,0.017397015572304504,0.31472459731025265
3119,38,669,292.2609771757026,3909.816818957042,326.1144591510769,3985.159052073012,54.0,0.08206859886326451,-0.6781122072920152,0.08209464319855528,-0.680476011360871,0.017397015572304504,0.1644123713701353
3120,38,670,292.2609771757026,3909.816818957042,355.0956935944724,3991.135378270276,54.0,0.08206859886326451,-0.9157825537446422,0.08209464319855528,-0.915590701165028,0.017397015572304504,0.20676911536685508
3121,31,670,286.22286085268047,4096.016113555928,355.0956935944724,3991.135378270276,54.0,0.08206859886326451,-0.9936529976339985,0.08209464319855528,-0.9907614992435706,0.017397015572304504,0.2614443196406078
3122,44,670,470.9318574712719,4102.798680980681,355.0956935944724,3991.135378270276,54.0,0.08206859886326451,-1.2854871991443408,0.08209464319855528,-1.2826463550266118,0.017397015572304504,0.29604874067357606
3123,41,670,461.8106926932424,4070.996636995212,355.0956935944724,3991.135378270276,54.0,0.08206859886326451,-1.044884156124684,0.08209464319855528,-1.043222337792567,0.017397015572304504,0.2640538799283651
3124,39,670,491.6009153175041,3965.873607703836,355.0956935944724,3991.135378270276,54.0,0.08206859886326451,-1.4831333575273833,0.08209464319855528,-1.4798114348966311,0.017397015572304504,0.3338305389107415
3125,60,670,462.2337953932308,4065.780960132662,355.0956935944724,3991.135378270276,54.0,0.08206859886326451,-1.0023623406158908,0.08209464319855528,-1.000090730549642,0.017397015572304504,0.2602145918562948
3126,25,670,275.18212912654,3848.067080065535,355.0956935944724,3991.135378270276,54.0,0.08206859886326451,-1.2872666275715963,0.08209464319855528,-1.2795894691123888,0.017397015572304504,0.3149516789713587
3127,44,671,470.9318574712719,4102.798680980681,348.40911047628657,3967.513791775754,54.0,0.08206859886326451,-1.592698100189606,0.08209464319855528,-1.5887561159066763,0.017397015572304504,0.3526496295937636
3128,41,671,461.8106926932424,4070.996636995212,348.40911047628657,3967.513791775754,54.0,0.08206859886326451,-1.2879234922251395,0.08209464319855528,-1.2827194756548166,0.017397015572304504,0.31176923558245045
3129,38,671,292.2609771757026,3909.816818957042,348.40911047628657,3967.513791775754,54.0,0.08206859886326451,-0.6905951574553646,0.08209464319855528,-0.6904915762837247,0.017397015572304504,0.16075815661131798
3130,25,671,275.18212912654,3848.067080065535,348.40911047628657,3967.513791775754,54.0,0.08206859886326451,-1.0522950825289752,0.08209464319855528,-1.044612461620684,0.017397015572304504,0.26562901621722373
3131,38,672,292.2609771757026,3909.816818957042,361.37558788138097,3962.4633601457217,54.0,0.08206859886326451,-0.8109478565191955,0.08209464319855528,-0.8097030100148196,0.017397015572304504,0.18318246836959357
3132,39,672,491.6009153175041,3965.873607703836,361.37558788138097,3962.4633601457217,54.0,0.08206859886326451,-1.5043285511804436,0.08209464319855528,-1.5010756343142666,0.017397015572304504,0.321185452629566
3133,53,672,275.4374088407163,3843.51011953928,361.37558788138097,3962.4633601457217,54.0,0.08206859886326451,-1.2000316852816193,0.08209464319855528,-1.191271850721953,0.017397015572304504,0.3003731998133221
3134,41,672,461.8106926932424,4070.996636995212,361.37558788138097,3962.4633601457217,54.0,0.08206859886326451,-1.2730436647719985,0.08209464319855528,-1.2653555506940386,0.017397015572304504,0.294144930765119
3135,25,672,275.18212912654,3848.067080065535,361.37558788138097,3962.4633601457217,54.0,0.08206859886326451,-1.1708236913811376,0.08209464319855528,-1.1625397182418629,0.017397015572304504,0.28777515856704
3136,44,672,477.8504537420071,4097.009083527188,361.37558788138097,3962.4633601457217,54.0,0.08206859886326451,-1.616368262576035,0.08209464319855528,-1.607935121561561,0.017397015572304504,0.3359377237352456
3137,31,672,286.22286085268047,4096.016113555928,361.37558788138097,3962.4633601457217,54.0,0.08206859886326451,-1.4302526047490653,0.08209464319855528,-1.4272668256276466,0.017397015572304504,0.3237538455691996
3138,5,672,328.01618259779593,3866.898866582476,361.37558788138097,3962.4633601457217,54.0,0.08206859886326451,-1.0860471443991393,0.08209464319855528,-1.0848663632105007,0.017397015572304504,0.2606076822805595
3139,44,673,470.9318574712719,4102.798680980681,301.7826715226189,3985.67443842124,54.0,0.08206859886326451,-1.5064365457417777,0.08209464319855528,-1.5034661951021615,0.017397015572304504,0.392587683864686
3140,25,673,275.18212912654,3848.067080065535,301.7826715226189,3985.67443842124,54.0,0.08206859886326451,-0.8158125870561215,0.08209464319855528,-0.8037296417880287,0.017397015572304504,0.25305022901338875
3141,53,673,275.4374088407163,3843.51011953928,301.7826715226189,3985.67443842124,54.0,0.08206859886326451,-0.8433434138730705,0.08209464319855528,-0.83066658562259,0.017397015572304504,0.2645893420655842
3142,38,673,292.2609771757026,3909.816818957042,301.7826715226189,3985.67443842124,54.0,0.08206859886326451,-0.4754399617754834,0.08209464319855528,-0.4700905330740752,0.017397015572304504,0.15310986543024976
3143,41,673,461.8106926932424,4070.996636995212,301.7826715226189,3985.67443842124,54.0,0.08206859886326451,-1.3896499192167746,0.08209464319855528,-1.3860048668916736,0.017397015572304504,0.3604254644479183
3144,31,673,286.22286085268047,4096.016113555928,301.7826715226189,3985.67443842124,54.0,0.08206859886326451,-1.4521020229792778,0.08209464319855528,-1.4471309449286118,0.017397015572304504,0.24545075703940059
3145,19,674,309.4846467710166,4112.556925703692,324.6121656230089,4002.446351914743,54.0,0.08206859886326451,-0.7474677997360998,0.08209464319855528,-0.7455873064071482,0.017397015572304504,0.22517083486042697
3146,22,674,282.91308227706304,4129.966613278081,324.6121656230089,4002.446351914743,54.0,0.08206859886326451,-1.1594917559945468,0.08209464319855528,-1.1565786974266745,0.017397015572304504,0.2707380816856131
3147,63,674,316.49031405012005,3929.154743051912,324.6121656230089,4002.446351914743,54.0,0.08206859886326451,-0.6879930376550689,0.08209464319855528,-0.6901816018592587,0.017397015572304504,0.1623259786259991
3148,66,674,493.8518825171933,3956.000689079267,324.6121656230089,4002.446351914743,54.0,0.08206859886326451,-1.8701634150304978,0.08209464319855528,-1.8668726945256822,0.017397015572304504,0.4157547116726591
3149,31,674,286.22286085268047,4096.016113555928,324.6121656230089,4002.446351914743,54.0,0.08206859886326451,-1.05868431841185,0.08209464319855528,-1.0580907859279434,0.017397015572304504,0.21283653819811787
3150,38,674,292.2609771757026,3909.816818957042,324.6121656230089,4002.446351914743,54.0,0.08206859886326451,-0.8312463160914682,0.08209464319855528,-0.8317427292693337,0.017397015572304504,0.20404291862587612
3151,39,674,491.6009153175041,3965.873607703836,324.6121656230089,4002.446351914743,54.0,0.08206859886326451,-1.7457745738502446,0.08209464319855528,-1.7416007209429636,0.017397015572304504,0.40338570085094516
3152,41,674,461.8106926932424,4070.996636995212,324.6121656230089,4002.446351914743,54.0,0.08206859886326451,-1.061109446382155,0.08209464319855528,-1.05930857919128,0.017397015572304504,0.29359829011755373
3153,25,674,275.18212912654,3848.067080065535,324.6121656230089,4002.446351914743,54.0,0.08206859886326451,-1.2036774061713893,0.08209464319855528,-1.1988703433758126,0.017397015572304504,0.3038728429011131
3154,44,674,470.9318574712719,4102.798680980681,324.6121656230089,4002.446351914743,54.0,0.08206859886326451,-1.2241412699853451,0.08209464319855528,-1.2227084015704848,0.017397015572304504,0.32530348286174504
3155,38,675,292.2609771757026,3909.816818957042,346.0410833035202,3997.847804836481,54.0,0.08206859886326451,-0.9033277935637615,0.08209464319855528,-0.9045220199652562,0.017397015572304504,0.20485235432710536
3156,31,675,286.22286085268047,4096.016113555928,346.0410833035202,3997.847804836481,54.0,0.08206859886326451,-0.9222064804411283,0.08209464319855528,-0.9202546033834769,0.017397015572304504,0.23600224191535624
3157,53,675,275.4374088407163,3843.51011953928,346.0410833035202,3997.847804836481,54.0,0.08206859886326451,-1.2643422131550852,0.08209464319855528,-1.2575592334811532,0.017397015572304504,0.31871558608273787
3158,25,675,275.18212912654,3848.067080065535,346.0410833035202,3997.847804836481,54.0,0.08206859886326451,-1.2389598321520183,0.08209464319855528,-1.2329501812637123,0.017397015572304504,0.3074677471493244
3159,39,675,491.6009153175041,3965.873607703836,346.0410833035202,3997.847804836481,54.0,0.08206859886326451,-1.5736442523178056,0.08209464319855528,-1.5697081393820027,0.017397015572304504,0.35701451346484736
3160,65,675,465.43944178630807,4063.6597216274654,346.0410833035202,3997.847804836481,54.0,0.08206859886326451,-1.0723591459190762,0.08209464319855528,-1.0703859291781064,0.017397015572304504,0.2659428289954138
3161,63,675,316.49031405012005,3929.154743051912,346.0410833035202,3997.847804836481,54.0,0.08206859886326451,-0.7599289183139852,0.08209464319855528,-0.7597684976780645,0.017397015572304504,0.15778920702890345
3162,66,675,493.8518825171933,3956.000689079267,346.0410833035202,3997.847804836481,54.0,0.08206859886326451,-1.6835932944344814,0.08209464319855528,-1.6805378179678985,0.017397015572304504,0.36955574748867703
3163,44,675,470.9318574712719,4102.798680980681,346.0410833035202,3997.847804836481,54.0,0.08206859886326451,-1.2696806653893158,0.08209464319855528,-1.2667365297315412,0.017397015572304504,0.2929494370265516
3164,41,675,461.8106926932424,4070.996636995212,346.0410833035202,3997.847804836481,54.0,0.08206859886326451,-1.0747053879895254,0.08209464319855528,-1.0724689667338014,0.017397015572304504,0.2645891421437268
3165,19,675,309.4846467710166,4112.556925703692,346.0410833035202,3997.847804836481,54.0,0.08206859886326451,-0.5775583870844099,0.08209464319855528,-0.5691851687585484,0.017397015572304504,0.23857199489587372
3166,60,675,462.2337953932308,4065.780960132662,346.0410833035202,3997.847804836481,54.0,0.08206859886326451,-1.0555031994458488,0.08209464319855528,-1.0534234671579572,0.017397015572304504,0.2626423287930015
3167,22,675,282.91308227706304,4129.966613278081,346.0410833035202,3997.847804836481,54.0,0.08206859886326451,-0.9468271104549478,0.08209464319855528,-0.941527395747964,0.017397015572304504,0.290999247578114
3168,38,676,292.2609771757026,3909.816818957042,332.9339408519666,3975.749452511216,54.0,0.08206859886326451,-0.6392829637002418,0.08209464319855528,-0.641110198982091,0.017397015572304504,0.1509133827974911
3169,25,676,275.18212912654,3848.067080065535,332.9339408519666,3975.749452511216,54.0,0.08206859886326451,-0.9712969268869605,0.08209464319855528,-0.9665220995634025,0.017397015572304504,0.2529931968705477
3170,41,676,461.8106926932424,4070.996636995212,332.9339408519666,3975.749452511216,54.0,0.08206859886326451,-1.3320692395282063,0.08209464319855528,-1.3296839554824973,0.017397015572304504,0.3227995878672386
3171,19,676,309.4846467710166,4112.556925703692,332.9339408519666,3975.749452511216,54.0,0.08206859886326451,-0.948335857121871,0.08209464319855528,-0.945914454857844,0.017397015572304504,0.27947760416112866
3172,63,676,316.49031405012005,3929.154743051912,332.9339408519666,3975.749452511216,54.0,0.08206859886326451,-0.4951000358255163,0.08209464319855528,-0.49612458478132937,0.017397015572304504,0.10538430176795223
3173,44,676,470.9318574712719,4102.798680980681,332.9339408519666,3975.749452511216,54.0,0.08206859886326451,-1.5572300272426556,0.08209464319855528,-1.5536013099245787,0.017397015572304504,0.3515468735303905
3174,38,677,292.2609771757026,3909.816818957042,317.01123892056614,3988.895486735146,54.0,0.08206859886326451,-0.6811196870064653,0.08209464319855528,-0.6819073604175669,0.017397015572304504,0.1687232290412352
3175,53,677,275.4374088407163,3843.51011953928,317.01123892056614,3988.895486735146,54.0,0.08206859886326451,-1.0788740873917158,0.08209464319855528,-1.073643749451597,0.017397015572304504,0.280107045494466
3176,41,677,461.8106926932424,4070.996636995212,317.01123892056614,3988.895486735146,54.0,0.08206859886326451,-1.2970131418388882,0.08209464319855528,-1.2940380133877936,0.017397015572304504,0.326398561803678
3177,44,677,470.9318574712719,4102.798680980681,317.01123892056614,3988.895486735146,54.0,0.08206859886326451,-1.406121368263109,0.08209464319855528,-1.4032859943278777,0.017397015572304504,0.3548314209415775
3178,25,677,275.18212912654,3848.067080065535,317.01123892056614,3988.895486735146,54.0,0.08206859886326451,-1.0514751356872691,0.08209464319855528,-1.0464573883714468,0.017397015572304504,0.26926434688181344
3179,63,677,316.49031405012005,3929.154743051912,317.01123892056614,3988.895486735146,54.0,0.08206859886326451,-0.553932430426649,0.08209464319855528,-0.556819175033473,0.017397015572304504,0.1299152905446826
3180,19,677,309.4846467710166,4112.556925703692,317.01123892056614,3988.895486735146,54.0,0.08206859886326451,-0.8761461273704887,0.08209464319855528,-0.8736290151203551,0.017397015572304504,0.2559143602538055
3181,31,677,286.22286085268047,4096.016113555928,317.01123892056614,3988.895486735146,54.0,0.08206859886326451,-1.3092693461110487,0.08209464319855528,-1.308361298954733,0.017397015572304504,0.23955713511302418
3182,31,678,286.22286085268047,4096.016113555928,328.8394826947961,3993.550836550456,54.0,0.08206859886326451,-1.140657585082966,0.08209464319855528,-1.1398671341509843,0.017397015572304504,0.23350347237026997
3183,19,678,309.4846467710166,4112.556925703692,328.8394826947961,3993.550836550456,54.0,0.08206859886326451,-0.7776870183109333,0.08209464319855528,-0.775715057955973,0.017397015572304504,0.24187810830289236
3184,38,678,292.2609771757026,3909.816818957042,328.8394826947961,3993.550836550456,54.0,0.08206859886326451,-0.7682523672059574,0.08209464319855528,-0.7702042654399645,0.017397015572304504,0.18362035940498725
3185,41,678,461.8106926932424,4070.996636995212,328.8394826947961,3993.550836550456,54.0,0.08206859886326451,-1.1906462331059728,0.08209464319855528,-1.1882040535763054,0.017397015572304504,0.2980424829587822
3186,44,678,470.9318574712719,4102.798680980681,328.8394826947961,3993.550836550456,54.0,0.08206859886326451,-1.3300578378208308,0.08209464319855528,-1.3274668869199102,0.017397015572304504,0.32575035192236484
3187,63,678,316.49031405012005,3929.154743051912,328.8394826947961,3993.550836550456,54.0,0.08206859886326451,-0.6183366414724893,0.08209464319855528,-0.621403825467452,0.017397015572304504,0.13770414937478254
3188,31,679,286.22286085268047,4096.016113555928,339.4763602589023,3985.015682510838,54.0,0.08206859886326451,-1.1629876406049688,0.08209464319855528,-1.1617794521639362,0.017397015572304504,0.25587530115175783
3189,19,679,309.4846467710166,4112.556925703692,339.4763602589023,3985.015682510838,54.0,0.08206859886326451,-0.7727353565363295,0.08209464319855528,-0.7684923289267085,0.017397015572304504,0.26370892018896086
3190,38,679,292.2609771757026,3909.816818957042,339.4763602589023,3985.015682510838,54.0,0.08206859886326451,-0.7566599037378444,0.08209464319855528,-0.7580727434058887,0.017397015572304504,0.17467326834486516
3191,44,679,470.9318574712719,4102.798680980681,339.4763602589023,3985.015682510838,54.0,0.08206859886326451,-1.4350242724379425,0.08209464319855528,-1.4316735143710275,0.017397015572304504,0.3259616180751692
3192,63,679,316.49031405012005,3929.154743051912,339.4763602589023,3985.015682510838,54.0,0.08206859886326451,-0.6110815105410672,0.08209464319855528,-0.6113699568353719,0.017397015572304504,0.1277542859324378
3193,41,679,461.8106926932424,4070.996636995212,339.4763602589023,3985.015682510838,54.0,0.08206859886326451,-1.2174426777947276,0.08209464319855528,-1.2151810080140806,0.017397015572304504,0.2972800179114043
3194,31,680,286.22286085268047,4096.016113555928,344.03861217691355,3970.208576259624,54.0,0.08206859886326451,-1.3591252704208845,0.08209464319855528,-1.3575093769188264,0.017397015572304504,0.2895926882168278
3195,53,680,275.4374088407163,3843.51011953928,344.03861217691355,3970.208576259624,54.0,0.08206859886326451,-1.0581839243247428,0.08209464319855528,-1.0504594448285007,0.017397015572304504,0.273744421931549
3196,66,680,493.8518825171933,3956.000689079267,344.03861217691355,3970.208576259624,54.0,0.08206859886326451,-1.7644965217187685,0.08209464319855528,-1.7602887949274695,0.017397015572304504,0.36856285808509287
3197,63,680,316.49031405012005,3929.154743051912,344.03861217691355,3970.208576259624,54.0,0.08206859886326451,-0.5349994217188383,0.08209464319855528,-0.5351483968921973,0.017397015572304504,0.11008575118186867
3198,38,680,292.2609771757026,3909.816818957042,344.03861217691355,3970.208576259624,54.0,0.08206859886326451,-0.6688906419050666,0.08209464319855528,-0.6690502066832802,0.017397015572304504,0.15605140894742803
3199,39,680,491.6009153175041,3965.873607703836,344.03861217691355,3970.208576259624,54.0,0.08206859886326451,-1.7336382331080495,0.08209464319855528,-1.7294296566687197,0.017397015572304504,0.36125046463957383
3200,22,680,282.91308227706304,4129.966613278081,344.03861217691355,3970.208576259624,54.0,0.08206859886326451,-1.3939211478584237,0.08209464319855528,-1.3899418727288602,0.017397015572304504,0.3445161222521531
3201,41,680,461.8106926932424,4070.996636995212,344.03861217691355,3970.208576259624,54.0,0.08206859886326451,-1.268757314188076,0.08209464319855528,-1.264728563394833,0.017397015572304504,0.31546407583677594
3202,25,680,275.18212912654,3848.067080065535,344.03861217691355,3970.208576259624,54.0,0.08206859886326451,-1.028368172695186,0.08209464319855528,-1.021360273301625,0.017397015572304504,0.2616675208884752
3203,19,680,309.4846467710166,4112.556925703692,344.03861217691355,3970.208576259624,54.0,0.08206859886326451,-0.9313080549896775,0.08209464319855528,-0.9264310433558247,0.017397015572304504,0.2968831476609514
3204,44,680,470.9318574712719,4102.798680980681,344.03861217691355,3970.208576259624,54.0,0.08206859886326451,-1.5551286913249656,0.08209464319855528,-1.5516297383437596,0.017397015572304504,0.35264126351222397
3205,62,680,438.3970135664206,3912.290557700556,344.03861217691355,3970.208576259624,54.0,0.08206859886326451,-1.2106118525052676,0.08209464319855528,-1.203346798045803,0.017397015572304504,0.30607079347658017
3206,46,681,-260.0556528336838,3915.584287356416,-211.31902072657357,3961.00505155232,54.0,0.08206859886326451,-0.5832968648401707,0.08209464319855528,-0.5807981384619707,0.017397015572304504,0.16525210266395554
3207,14,681,-201.1734055836479,3940.142680026525,-211.31902072657357,3961.00505155232,54.0,0.08206859886326451,-0.14114174668812302,0.08209464319855528,-0.13839359301366416,0.017397015572304504,0.05821678243576201
3208,46,682,-260.0556528336838,3915.584287356416,-220.7280618722674,3921.70947526317,54.0,0.08206859886326451,-0.4211970662789888,0.08209464319855528,-0.4217645771907956,0.017397015572304504,0.08189086994381677
3209,15,682,-219.46475068668764,3910.916163982088,-220.7280618722674,3921.70947526317,54.0,0.08206859886326451,-0.12301547416811591,0.08209464319855528,-0.12242373177592418,0.017397015572304504,0.036252507051070054
3210,14,682,-197.54434710437363,3932.585230033114,-220.7280618722674,3921.70947526317,54.0,0.08206859886326451,-0.1319275339179012,0.08209464319855528,-0.1300584204393066,0.017397015572304504,0.05397410418906627
3211,46,683,-260.0556528336838,3915.584287356416,-237.32088222167792,3935.218089324849,54.0,0.08206859886326451,-0.31503453283675187,0.08209464319855528,-0.31459403285657184,0.017397015572304504,0.07155159303357031
3212,15,683,-219.46475068668764,3910.916163982088,-237.32088222167792,3935.218089324849,54.0,0.08206859886326451,-0.27312851030069885,0.08209464319855528,-0.273417938366755,0.017397015572304504,0.0723969739448303
3213,14,683,-201.1734055836479,3940.142680026525,-237.32088222167792,3935.218089324849,54.0,0.08206859886326451,-0.19798493131724734,0.08209464319855528,-0.19532550316805328,0.017397015572304504,0.07967450368673493
3214,3,684,-366.6419945922364,3850.319998086217,-274.9589686987792,3927.862775208853,54.0,0.08206859886326451,-0.7908076373896995,0.08209464319855528,-0.7846822918098876,0.017397015572304504,0.31334865415197977
3215,46,684,-260.0556528336838,3915.584287356416,-274.9589686987792,3927.862775208853,54.0,0.08206859886326451,-0.25915113273612284,0.08209464319855528,-0.2586504535689063,0.017397015572304504,0.05143132548534901
3216,14,684,-201.1734055836479,3940.142680026525,-274.9589686987792,3927.862775208853,54.0,0.08206859886326451,-0.5659576414887464,0.08209464319855528,-0.5652389784552345,0.017397015572304504,0.19197575863561206
3217,46,685,-260.0556528336838,3915.584287356416,-267.48173061784684,3914.497260456359,54.0,0.08206859886326451,-0.1573392095364069,0.08209464319855528,-0.15667972489026175,0.017397015572304504,0.026831785000519966
3218,14,685,-201.1734055836479,3940.142680026525,-267.48173061784684,3914.497260456359,54.0,0.08206859886326451,-0.568748270437562,0.08209464319855528,-0.5655031966756783,0.017397015572304504,0.15170521812363075
3219,3,685,-366.6419945922364,3850.319998086217,-267.48173061784684,3914.497260456359,54.0,0.08206859886326451,-0.8433772165267343,0.08209464319855528,-0.8390834756006756,0.017397015572304504,0.28783539733886654
3220,15,685,-219.46475068668764,3910.916163982088,-267.48173061784684,3914.497260456359,54.0,0.08206859886326451,-0.5265527907111306,0.08209464319855528,-0.5266813396534781,0.017397015572304504,0.10098670786906042
3221,46,686,-260.0556528336838,3915.584287356416,-275.1961394385367,3889.546582295512,54.0,0.08206859886326451,-0.3366637202144399,0.08209464319855528,-0.3351375344888682,0.017397015572304504,0.06712807847681596
3222,15,686,-219.46475068668764,3910.916163982088,-275.1961394385367,3889.546582295512,54.0,0.08206859886326451,-0.5406477652038049,0.08209464319855528,-0.540564394735348,0.017397015572304504,0.1258935260217276
3223,14,686,-194.93937706688732,3927.123978955392,-275.1961394385367,3889.546582295512,54.0,0.08206859886326451,-0.7350944389070164,0.08209464319855528,-0.7345370258529089,0.017397015572304504,0.18249497615544635
3224,14,687,-201.1734055836479,3940.142680026525,-301.9075316337328,3909.6895609842554,54.0,0.08206859886326451,-0.8514463113476717,0.08209464319855528,-0.846984349813645,0.017397015572304504,0.2413739358448358
3225,15,687,-219.46475068668764,3910.916163982088,-301.9075316337328,3909.6895609842554,54.0,0.08206859886326451,-0.8218949066341019,0.08209464319855528,-0.8209355342201897,0.017397015572304504,0.18286717182066956
3226,46,687,-260.0556528336838,3915.584287356416,-301.9075316337328,3909.6895609842554,54.0,0.08206859886326451,-0.4138657880112407,0.08209464319855528,-0.412361525110964,0.017397015572304504,0.10320667650064114
3227,3,687,-366.6419945922364,3850.319998086217,-301.9075316337328,3909.6895609842554,54.0,0.08206859886326451,-0.5310528496071455,0.08209464319855528,-0.5242754143332887,0.017397015572304504,0.23483457278756878
3228,14,688,-201.1734055836479,3940.142680026525,-316.3799621335906,3897.040788971913,54.0,0.08206859886326451,-0.9915304840722592,0.08209464319855528,-0.9862788152162263,0.017397015572304504,0.2826129850252771
3229,46,688,-260.0556528336838,3915.584287356416,-316.3799621335906,3897.040788971913,54.0,0.08206859886326451,-0.5248679047690463,0.08209464319855528,-0.5226317986210682,0.017397015572304504,0.146814196579799
3230,14,689,-193.43723445393763,3923.98693426072,-325.43376241113504,3862.4680735279408,54.0,0.08206859886326451,-1.1951886346041616,0.08209464319855528,-1.1932221522671973,0.017397015572304504,0.3174886794474861
3231,46,689,-260.0556528336838,3915.584287356416,-325.43376241113504,3862.4680735279408,54.0,0.08206859886326451,-0.7744533241084633,0.08209464319855528,-0.7730064152774712,0.017397015572304504,0.19752961666248808
3232,14,690,-191.8510249122208,3920.732064928668,-334.9041792227584,3838.7410632234864,54.0,0.08206859886326451,-1.3063358603301884,0.08209464319855528,-1.302042803614588,0.017397015572304504,0.3779220906127475
3233,14,691,-200.77874433748624,3939.328354189625,-339.9484861477804,3874.699950437256,54.0,0.08206859886326451,-1.218015554977229,0.08209464319855528,-1.2129448677314476,0.017397015572304504,0.344485346743678
3234,3,691,-366.6419945922364,3850.319998086217,-339.9484861477804,3874.699950437256,54.0,0.08206859886326451,-0.23299170044824363,0.08209464319855528,-0.23031175336018617,0.017397015572304504,0.10379677251675515
3235,46,691,-260.0556528336838,3915.584287356416,-339.9484861477804,3874.699950437256,54.0,0.08206859886326451,-0.7202442148063994,0.08209464319855528,-0.7174304550621466,0.017397015572304504,0.21553291760721338
3236,46,692,-260.0556528336838,3915.584287356416,-348.5218148107753,3852.772908442407,54.0,0.08206859886326451,-0.8739499438790543,0.08209464319855528,-0.8700761926847438,0.017397015572304504,0.252963851219329
3237,14,692,-193.75087435027643,3924.6824549017742,-348.5218148107753,3852.772908442407,54.0,0.08206859886326451,-1.3360464776575636,0.08209464319855528,-1.3316006364456197,0.017397015572304504,0.3749653290979566
3238,14,693,-201.1734055836479,3940.142680026525,-212.01572236275788,3941.715268979583,54.0,0.08206859886326451,-0.04521045533903595,0.08209464319855528,-0.04392277738725829,0.017397015572304504,0.022628156751211277
3239,46,693,-260.0556528336838,3915.584287356416,-212.01572236275788,3941.715268979583,54.0,0.08206859886326451,-0.45214850726758027,0.08209464319855528,-0.45046099398130296,0.017397015572304504,0.12143308955033878
3240,46,694,-260.0556528336838,3915.584287356416,-246.002423575228,3925.582992152925,54.0,0.08206859886326451,-0.23141441033677587,0.08209464319855528,-0.23090976001332644,0.017397015572304504,0.04182351694062101
3241,14,694,-201.1734055836479,3940.142680026525,-246.002423575228,3925.582992152925,54.0,0.08206859886326451,-0.27875400588940497,0.08209464319855528,-0.2761058515877458,0.017397015572304504,0.10503398221045236
3242,15,694,-219.46475068668764,3910.916163982088,-246.002423575228,3925.582992152925,54.0,0.08206859886326451,-0.3132991483258293,0.08209464319855528,-0.31430466400561635,0.017397015572304504,0.06686577007062745
3243,14,695,-200.6005352011216,3940.433562990343,-222.33366666999925,4024.177170602505,54.0,0.08206859886326451,-0.6951258256936099,0.08209464319855528,-0.6898553591899623,0.017397015572304504,0.2593694463510234
3244,14,696,-200.6005352011216,3940.433562990343,-198.95663681156643,4033.374445441812,54.0,0.08206859886326451,-0.7054251983411459,0.08209464319855528,-0.6968174483614891,0.017397015572304504,0.2777630214759401
3245,14,697,-200.6005352011216,3940.433562990343,-186.97901038579923,4043.687913582171,54.0,0.08206859886326451,-0.8147565469909422,0.08209464319855528,-0.8090213147806873,0.017397015572304504,0.32406798974041584
3246,14,698,-199.2078859167513,3935.960105831892,-204.4101306880948,3933.491052087412,54.0,0.08206859886326451,-0.0259548125749517,0.08209464319855528,-0.025432304024220045,0.017397015572304504,0.012516472280439095
3247,46,698,-260.0556528336838,3915.584287356416,-204.4101306880948,3933.491052087412,54.0,0.08206859886326451,-0.47681038195002345,0.08209464319855528,-0.4747398166526473,0.017397015572304504,0.12278049238705897
3248,14,699,-199.6029112202325,3936.774316100618,-221.0025600671725,3926.6580830205703,54.0,0.08206859886326451,-0.098772014101725,0.08209464319855528,-0.09606735737117084,0.017397015572304504,0.049198641268933564
3249,15,699,-219.46475068668764,3910.916163982088,-221.0025600671725,3926.6580830205703,54.0,0.08206859886326451,-0.13899650739367722,0.08209464319855528,-0.138103617206582,0.017397015572304504,0.0429120116749567
3250,46,699,-260.0556528336838,3915.584287356416,-221.0025600671725,3926.6580830205703,54.0,0.08206859886326451,-0.415090248745682,0.08209464319855528,-0.41524638461531144,0.017397015572304504,0.08478981291028713
3251,15,700,-219.46475068668764,3910.916163982088,-254.16694977190264,3929.4688952512015,54.0,0.08206859886326451,-0.39195785988752757,0.08209464319855528,-0.39337176115255146,0.017397015572304504,0.0910618437689645
3252,46,700,-260.0556528336838,3915.584287356416,-254.16694977190264,3929.4688952512015,54.0,0.08206859886326451,-0.21386993139888782,0.08209464319855528,-0.21364931895647624,0.017397015572304504,0.04482502003331177
3253,14,700,-201.1734055836479,3940.142680026525,-254.16694977190264,3929.4688952512015,54.0,0.08206859886326451,-0.3473513652980433,0.08209464319855528,-0.34513590696762797,0.017397015572304504,0.1253397689123036
3254,15,701,-219.46475068668764,3910.916163982088,-272.92072447444207,3916.205604383721,54.0,0.08206859886326451,-0.5922298970013937,0.08209464319855528,-0.592067633843677,0.017397015572304504,0.11211252707134026
3255,46,701,-260.0556528336838,3915.584287356416,-272.92072447444207,3916.205604383721,54.0,0.08206859886326451,-0.2025803254393135,0.08209464319855528,-0.20173121341801914,0.017397015572304504,0.03454696228320175
3256,14,701,-201.1734055836479,3940.142680026525,-272.92072447444207,3916.205604383721,54.0,0.08206859886326451,-0.6151884090086144,0.08209464319855528,-0.6114794710693094,0.017397015572304504,0.16406576562951194
3257,14,702,-193.60263791502268,3924.223463729852,-265.0502416392309,3890.639245876809,54.0,0.08206859886326451,-0.6286588847769894,0.08209464319855528,-0.6282678106824369,0.017397015572304504,0.15887376562376357
3258,15,702,-219.46475068668764,3910.916163982088,-265.0502416392309,3890.639245876809,54.0,0.08206859886326451,-0.4610804205836791,0.08209464319855528,-0.4616010515343698,0.017397015572304504,0.10613016705832876
3259,46,702,-260.0556528336838,3915.584287356416,-265.0502416392309,3890.639245876809,54.0,0.08206859886326451,-0.29288407615831286,0.08209464319855528,-0.29153345055412483,0.017397015572304504,0.05782362934838586
3260,46,703,-260.0556528336838,3915.584287356416,-305.0054529490755,3895.678747236552,54.0,0.08206859886326451,-0.47345615498544313,0.08209464319855528,-0.4724138767982259,0.017397015572304504,0.11664677812872185
3261,14,703,-201.1734055836479,3940.142680026525,-305.0054529490755,3895.678747236552,54.0,0.08206859886326451,-0.9484085774355048,0.08209464319855528,-0.9446768269310866,0.017397015572304504,0.24864163858255448
3262,15,703,-219.46475068668764,3910.916163982088,-305.0054529490755,3895.678747236552,54.0,0.08206859886326451,-0.8833371204786398,0.08209464319855528,-0.88373278865336,0.017397015572304504,0.18766231410265657
3263,14,704,-198.02227521408452,3933.517647895677,-321.8097667276481,3875.861948073805,54.0,0.08206859886326451,-1.159573119313178,0.08209464319855528,-1.158334740362611,0.017397015572304504,0.29401483001818485
3264,15,704,-219.46475068668764,3910.916163982088,-321.8097667276481,3875.861948073805,54.0,0.08206859886326451,-0.9314282387045696,0.08209464319855528,-0.9323671759836933,0.017397015572304504,0.23719821232790114
3265,46,704,-260.0556528336838,3915.584287356416,-321.8097667276481,3875.861948073805,54.0,0.08206859886326451,-0.6547090224416453,0.08209464319855528,-0.6543839401009361,0.017397015572304504,0.17063181324113477
3266,14,705,-198.34371406654796,3934.10220520418,-285.02350266437804,3893.5060598089713,54.0,0.08206859886326451,-0.8498752618350752,0.08209464319855528,-0.8477719045187339,0.017397015572304504,0.19826905059230038
3267,46,705,-260.0556528336838,3915.584287356416,-285.02350266437804,3893.5060598089713,54.0,0.08206859886326451,-0.3848183290468468,0.08209464319855528,-0.38407471434786544,0.017397015572304504,0.07634257501487551
3268,15,705,-219.46475068668764,3910.916163982088,-285.02350266437804,3893.5060598089713,54.0,0.08206859886326451,-0.668026457427724,0.08209464319855528,-0.6682370213642577,0.017397015572304504,0.1436489241338711
3269,14,706,-193.5199374011676,3924.105198446465,-325.60180416002567,3862.5617444854206,54.0,0.08206859886326451,-1.196502268954603,0.08209464319855528,-1.1945473814979133,0.017397015572304504,0.3175324946967105
3270,46,706,-260.0556528336838,3915.584287356416,-325.60180416002567,3862.5617444854206,54.0,0.08206859886326451,-0.773748058554,0.08209464319855528,-0.7722954160319961,0.017397015572304504,0.19767079903898843
3271,14,707,-200.6005352011216,3940.433562990343,-198.48172235255237,3962.303825509364,54.0,0.08206859886326451,-0.14809849513809745,0.08209464319855528,-0.14734129350274175,0.017397015572304504,0.060896577807036334
3272,14,708,-201.1734055836479,3940.142680026525,-245.12942589735192,3951.303957723816,54.0,0.08206859886326451,-0.2683988747732795,0.08209464319855528,-0.26501538234725835,0.017397015572304504,0.10568307791998091
3273,46,708,-260.0556528336838,3915.584287356416,-245.12942589735192,3951.303957723816,54.0,0.08206859886326451,-0.4056887606490866,0.08209464319855528,-0.40626782475400286,0.017397015572304504,0.10750348206186172
3274,15,708,-219.46475068668764,3910.916163982088,-245.12942589735192,3951.303957723816,54.0,0.08206859886326451,-0.39894524936373316,0.08209464319855528,-0.39911983425420905,0.017397015572304504,0.11452515999084872
3275,14,709,-201.1734055836479,3940.142680026525,-242.5354076593333,3921.677539000169,54.0,0.08206859886326451,-0.27743455836093733,0.08209464319855528,-0.2749048583996898,0.017397015572304504,0.09653236194392874
3276,15,709,-219.46475068668764,3910.916163982088,-242.5354076593333,3921.677539000169,54.0,0.08206859886326451,-0.27297355968022907,0.08209464319855528,-0.27381833639760017,0.017397015572304504,0.057868848350482685
3277,46,709,-260.0556528336838,3915.584287356416,-242.5354076593333,3921.677539000169,54.0,0.08206859886326451,-0.2404807085288097,0.08209464319855528,-0.2402887822332183,0.017397015572304504,0.043222791464359256
3278,46,710,-260.0556528336838,3915.584287356416,-294.2191221519013,3908.731258999061,54.0,0.08206859886326451,-0.35995669265207075,0.08209464319855528,-0.35877572092989773,0.017397015572304504,0.08410572695919083
3279,15,710,-219.46475068668764,3910.916163982088,-294.2191221519013,3908.731258999061,54.0,0.08206859886326451,-0.7639567876085985,0.08209464319855528,-0.7633376181803276,0.017397015572304504,0.162916673313591
3280,14,710,-201.1734055836479,3940.142680026525,-294.2191221519013,3908.731258999061,54.0,0.08206859886326451,-0.8082365084922406,0.08209464319855528,-0.8040660919613665,0.017397015572304504,0.2191116791640187
3281,14,711,-191.8510249122208,3920.732064928668,-338.47089415442724,3843.274304183631,54.0,0.08206859886326451,-1.3139936307540447,0.08209464319855528,-1.309230343535194,0.017397015572304504,0.3768635905007314
3282,46,712,-260.0556528336838,3915.584287356416,-224.04897310096092,3960.4650681106295,54.0,0.08206859886326451,-0.5313883216300598,0.08209464319855528,-0.5296436038780589,0.017397015572304504,0.15193906455830122
3283,46,713,-260.0556528336838,3915.584287356416,-236.9623812718686,3941.249035298143,54.0,0.08206859886326451,-0.34911064322327345,0.08209464319855528,-0.3488814900323194,0.017397015572304504,0.08460499628515618
3284,5,714,328.01618259779593,3866.898866582476,325.04419856673445,3890.523033053691,54.0,0.08206859886326451,-0.2621556138148641,0.08209464319855528,-0.2617126175264901,0.017397015572304504,0.0667827670818409
3285,53,714,275.4374088407163,3843.51011953928,325.04419856673445,3890.523033053691,54.0,0.08206859886326451,-0.431241712562973,0.08209464319855528,-0.42482819280389894,0.017397015572304504,0.12998872150623308
3286,25,714,275.18212912654,3848.067080065535,325.04419856673445,3890.523033053691,54.0,0.08206859886326451,-0.38786840313121074,0.08209464319855528,-0.3812841145510431,0.017397015572304504,0.11411231495381266
3287,12,714,339.7794838460253,3807.442051326752,325.04419856673445,3890.523033053691,54.0,0.08206859886326451,-0.9456833720981273,0.08209464319855528,-0.9442447722943872,0.017397015572304504,0.2220418442805039
3288,38,714,292.2609771757026,3909.816818957042,325.04419856673445,3890.523033053691,54.0,0.08206859886326451,-0.31805714095738324,0.08209464319855528,-0.3166787502549993,0.017397015572304504,0.08002090331154915
3289,25,715,275.96562758805453,3846.383062878264,326.8205357700357,3870.82711033228,54.0,0.08206859886326451,-0.31251288710896846,0.08209464319855528,-0.3084565470822426,0.017397015572304504,0.10967651440281823
3290,13,715,350.3727630331359,3756.461999998863,326.8205357700357,3870.82711033228,54.0,0.08206859886326451,-1.373449135438126,0.08209464319855528,-1.3712341486928767,0.017397015572304504,0.31758887117687273
3291,53,715,275.4374088407163,3843.51011953928,326.8205357700357,3870.82711033228,54.0,0.08206859886326451,-0.35058234766727886,0.08209464319855528,-0.34659205852954145,0.017397015572304504,0.12319089367782923
3292,12,715,339.7794838460253,3807.442051326752,326.8205357700357,3870.82711033228,54.0,0.08206859886326451,-0.7549616742690044,0.08209464319855528,-0.7539742847059925,0.017397015572304504,0.17156460910663393
3293,38,715,292.2609771757026,3909.816818957042,326.8205357700357,3870.82711033228,54.0,0.08206859886326451,-0.4988688820957062,0.08209464319855528,-0.4972755965631227,0.017397015572304504,0.1119588580655507
3294,11,715,339.1199783648173,3779.719741822334,326.8205357700357,3870.82711033228,54.0,0.08206859886326451,-1.106264222475245,0.08209464319855528,-1.1049992488075162,0.017397015572304504,0.24797529720901001
3295,10,715,331.5278665142546,3788.394860859632,326.8205357700357,3870.82711033228,54.0,0.08206859886326451,-0.9781812730713988,0.08209464319855528,-0.9768107753248219,0.017397015572304504,0.21927247173857572
3296,25,716,278.7601371768536,3840.6549618706185,322.07013414792897,3854.3413164341778,54.0,0.08206859886326451,-0.31343022101351753,0.08209464319855528,-0.311684093167404,0.017397015572304504,0.1077451367881064
3297,10,716,331.5278665142546,3788.394860859632,322.07013414792897,3854.3413164341778,54.0,0.08206859886326451,-0.7660657788340911,0.08209464319855528,-0.7654862481966076,0.017397015572304504,0.17548310745771717
3298,13,716,350.3727630331359,3756.461999998863,322.07013414792897,3854.3413164341778,54.0,0.08206859886326451,-1.1786841643560038,0.08209464319855528,-1.176591850713878,0.017397015572304504,0.2771472057125405
3299,38,716,292.2609771757026,3909.816818957042,322.07013414792897,3854.3413164341778,54.0,0.08206859886326451,-0.5573289307760064,0.08209464319855528,-0.5563186221834832,0.017397015572304504,0.13563787964066334
3300,11,716,339.1199783648173,3779.719741822334,322.07013414792897,3854.3413164341778,54.0,0.08206859886326451,-0.9048339435633835,0.08209464319855528,-0.9038970999012377,0.017397015572304504,0.20637614532231638
3301,53,716,275.4374088407163,3843.51011953928,322.07013414792897,3854.3413164341778,54.0,0.08206859886326451,-0.3285123098128001,0.08209464319855528,-0.32600480644162316,0.017397015572304504,0.11770412103088941
3302,5,716,328.01618259779593,3866.898866582476,322.07013414792897,3854.3413164341778,54.0,0.08206859886326451,-0.16445880819909814,0.08209464319855528,-0.1646835979626477,0.017397015572304504,0.04100390794986512
3303,12,716,339.7794838460253,3807.442051326752,322.07013414792897,3854.3413164341778,54.0,0.08206859886326451,-0.56407528097862,0.08209464319855528,-0.5630742665513797,0.017397015572304504,0.13246815161578235
3304,38,717,292.2609771757026,3909.816818957042,300.148444319119,3836.049470583129,54.0,0.08206859886326451,-0.43277604340699627,0.08209464319855528,-0.4255644339086923,0.017397015572304504,0.1280713911758766
3305,10,717,331.5278665142546,3788.394860859632,300.148444319119,3836.049470583129,54.0,0.08206859886326451,-0.6931726922468079,0.08209464319855528,-0.6927578624942677,0.017397015572304504,0.17316896423082012
3306,5,717,328.01618259779593,3866.898866582476,300.148444319119,3836.049470583129,54.0,0.08206859886326451,-0.39382613415264683,0.08209464319855528,-0.39543439973335837,0.017397015572304504,0.10521854444523618
3307,13,717,350.3727630331359,3756.461999998863,300.148444319119,3836.049470583129,54.0,0.08206859886326451,-1.1185454486897661,0.08209464319855528,-1.1171512059995496,0.017397015572304504,0.2800402222290077
3308,25,717,278.7601371768536,3840.6549618706185,300.148444319119,3836.049470583129,54.0,0.08206859886326451,-0.11772232702127974,0.08209464319855528,-0.11487949282950263,0.017397015572304504,0.0552417215290882
3309,53,717,275.4374088407163,3843.51011953928,300.148444319119,3836.049470583129,54.0,0.08206859886326451,-0.1562356686451116,0.08209464319855528,-0.15245277885637482,0.017397015572304504,0.07338261416134029
3310,12,717,339.7794838460253,3807.442051326752,300.148444319119,3836.049470583129,54.0,0.08206859886326451,-0.5777832043892982,0.08209464319855528,-0.5770189940965476,0.017397015572304504,0.13536198040606304
3311,5,718,328.01618259779593,3866.898866582476,298.4736831184446,3865.427505089792,54.0,0.08206859886326451,-0.24253104481735452,0.08209464319855528,-0.2426800670021127,0.017397015572304504,0.0696247607231643
3312,12,718,339.7794838460253,3807.442051326752,298.4736831184446,3865.427505089792,54.0,0.08206859886326451,-0.7165113294316942,0.08209464319855528,-0.7164053560776569,0.017397015572304504,0.17633541057746624
3313,38,718,292.2609771757026,3909.816818957042,298.4736831184446,3865.427505089792,54.0,0.08206859886326451,-0.34804008386429236,0.08209464319855528,-0.345061518387058,0.017397015572304504,0.08197093895009333
3314,53,718,275.4374088407163,3843.51011953928,298.4736831184446,3865.427505089792,54.0,0.08206859886326451,-0.09426292989827098,0.08209464319855528,-0.08775031101973003,0.017397015572304504,0.05557986169074593
3315,25,718,275.18212912654,3848.067080065535,298.4736831184446,3865.427505089792,54.0,0.08206859886326451,-0.05988752138710969,0.08209464319855528,-0.05405756856326242,0.017397015572304504,0.03976819373139033
3316,38,719,292.2609771757026,3909.816818957042,312.55779460009745,3872.429480945586,54.0,0.08206859886326451,-0.40727998676617144,0.08209464319855528,-0.4058902043045398,0.017397015572304504,0.09067821589987694
3317,25,719,275.18212912654,3848.067080065535,312.55779460009745,3872.429480945586,54.0,0.08206859886326451,-0.17955472690842797,0.08209464319855528,-0.17420772812720847,0.017397015572304504,0.07415881638707608
3318,53,719,275.4374088407163,3843.51011953928,312.55779460009745,3872.429480945586,54.0,0.08206859886326451,-0.2242227282002871,0.08209464319855528,-0.2188632160247535,0.017397015572304504,0.09073962000464499
3319,5,719,328.01618259779593,3866.898866582476,312.55779460009745,3872.429480945586,54.0,0.08206859886326451,-0.16113268313740509,0.08209464319855528,-0.16141581231050017,0.017397015572304504,0.04417404219779398
3320,5,720,328.01618259779593,3866.898866582476,309.97405298229904,3896.896670356153,54.0,0.08206859886326451,-0.3786649752865627,0.08209464319855528,-0.37809323551669816,0.017397015572304504,0.08145251498349612
3321,25,720,275.18212912654,3848.067080065535,309.97405298229904,3896.896670356153,54.0,0.08206859886326451,-0.3465721827365178,0.08209464319855528,-0.339692561287277,0.017397015572304504,0.09866955958079611
3322,53,720,275.4374088407163,3843.51011953928,309.97405298229904,3896.896670356153,54.0,0.08206859886326451,-0.37435892959793493,0.08209464319855528,-0.3667956277961807,0.017397015572304504,0.11158769264354798
3323,38,720,292.2609771757026,3909.816818957042,309.97405298229904,3896.896670356153,54.0,0.08206859886326451,-0.1729108269002984,0.08209464319855528,-0.17185027613560927,0.017397015572304504,0.04858596252806639
3324,44,721,470.9318574712719,4102.798680980681,281.68860591242515,3899.277797409469,54.0,0.08206859886326451,-2.3278422702671735,0.08209464319855528,-2.3234692423905354,0.017397015572304504,0.5341354650284771
3325,53,721,275.4374088407163,3843.51011953928,281.68860591242515,3899.277797409469,54.0,0.08206859886326451,-0.3431858584088946,0.08209464319855528,-0.3368183225878899,0.017397015572304504,0.09843988348563076
3326,38,721,292.2609771757026,3909.816818957042,281.68860591242515,3899.277797409469,54.0,0.08206859886326451,-0.1279083541540678,0.08209464319855528,-0.12673948274885874,0.017397015572304504,0.03499446849409916
3327,25,721,275.18212912654,3848.067080065535,281.68860591242515,3899.277797409469,54.0,0.08206859886326451,-0.3084301095693337,0.08209464319855528,-0.3028375587140761,0.017397015572304504,0.08449289886285842
3328,12,721,339.7794838460253,3807.442051326752,281.68860591242515,3899.277797409469,54.0,0.08206859886326451,-1.0507526522609767,0.08209464319855528,-1.0495556818292104,0.017397015572304504,0.24899037470625165
3329,5,721,328.01618259779593,3866.898866582476,281.68860591242515,3899.277797409469,54.0,0.08206859886326451,-0.5713902315798739,0.08209464319855528,-0.5706939888698204,0.017397015572304504,0.12315031448635978
3330,12,722,339.7794838460253,3807.442051326752,258.026281620782,3903.2885999367545,54.0,0.08206859886326451,-1.0367039775712021,0.08209464319855528,-1.0317493799420858,0.017397015572304504,0.25651697751224756
3331,53,722,275.4374088407163,3843.51011953928,258.026281620782,3903.2885999367545,54.0,0.08206859886326451,-0.41643592770889487,0.08209464319855528,-0.4132764218536291,0.017397015572304504,0.11789772352483131
3332,38,722,292.2609771757026,3909.816818957042,258.026281620782,3903.2885999367545,54.0,0.08206859886326451,-0.30327569836621293,0.08209464319855528,-0.3022170897887677,0.017397015572304504,0.06596377527596033
3333,25,722,275.18212912654,3848.067080065535,258.026281620782,3903.2885999367545,54.0,0.08206859886326451,-0.35577712052151345,0.08209464319855528,-0.3531047438914502,0.017397015572304504,0.10223403678191968
3334,53,723,275.4374088407163,3843.51011953928,225.26275792109743,3851.6329722134415,54.0,0.08206859886326451,-0.5948849250918986,0.08209464319855528,-0.5922518848370957,0.017397015572304504,0.13459476697546677
3335,25,723,264.330530090726,3842.899620060988,225.26275792109743,3851.6329722134415,54.0,0.08206859886326451,-0.4686326171773625,0.08209464319855528,-0.46677127577361227,0.017397015572304504,0.10184328924359165
3336,38,723,292.2609771757026,3909.816818957042,225.26275792109743,3851.6329722134415,54.0,0.08206859886326451,-0.638903050365182,0.08209464319855528,-0.6381021534142199,0.017397015572304504,0.16736810132114235
3337,53,724,275.4374088407163,3843.51011953928,238.67127808163656,3887.54982630175,54.0,0.08206859886326451,-0.3036139042792891,0.08209464319855528,-0.2999544532230609,0.017397015572304504,0.11132000930228055
3338,25,724,264.330530090726,3842.899620060988,238.67127808163656,3887.54982630175,54.0,0.08206859886326451,-0.295424779858051,0.08209464319855528,-0.29307071278247093,0.017397015572304504,0.10021173479157716
3339,12,724,339.7794838460253,3807.442051326752,238.67127808163656,3887.54982630175,54.0,0.08206859886326451,-0.8826352300695693,0.08209464319855528,-0.8751815850500025,0.017397015572304504,0.2673646568178518
3340,38,724,292.2609771757026,3909.816818957042,238.67127808163656,3887.54982630175,54.0,0.08206859886326451,-0.4238978815640048,0.08209464319855528,-0.4228251748020802,0.017397015572304504,0.10605575269974923
3341,53,725,275.4374088407163,3843.51011953928,216.78058276365192,3875.401286069962,54.0,0.08206859886326451,-0.5137515647981095,0.08209464319855528,-0.512070208259336,0.017397015572304504,0.14423786007391037
3342,25,725,264.330530090726,3842.899620060988,216.78058276365192,3875.401286069962,54.0,0.08206859886326451,-0.47894973608657254,0.08209464319855528,-0.47846969657105026,0.017397015572304504,0.12607019080066945
3343,38,725,292.2609771757026,3909.816818957042,216.78058276365192,3875.401286069962,54.0,0.08206859886326451,-0.5782922527382578,0.08209464319855528,-0.5774311735652727,0.017397015572304504,0.15343374229956963
3344,18,726,126.52937545907687,3669.1679992851136,194.69215329829044,3859.7518318258,54.0,0.08206859886326451,-1.4210150254159244,0.08209464319855528,-1.4109511460128628,0.017397015572304504,0.5444064349486372
3345,53,726,275.4374088407163,3843.51011953928,194.69215329829044,3859.7518318258,54.0,0.08206859886326451,-0.8834330595466834,0.08209464319855528,-0.8824703690338583,0.017397015572304504,0.19733338729146677
3346,25,726,264.330530090726,3842.899620060988,194.69215329829044,3859.7518318258,54.0,0.08206859886326451,-0.8031989681172197,0.08209464319855528,-0.8025844607611261,0.017397015572304504,0.16916935948286574
3347,38,726,292.2609771757026,3909.816818957042,194.69215329829044,3859.7518318258,54.0,0.08206859886326451,-0.8968617175681326,0.08209464319855528,-0.8969222730878035,0.017397015572304504,0.21340963567914567
3348,18,727,126.52937545907687,3669.1679992851136,184.8894463734039,3844.197419775655,54.0,0.08206859886326451,-1.2230636612368513,0.08209464319855528,-1.211891546651528,0.017397015572304504,0.49785275566224213
3349,38,727,292.2609771757026,3909.816818957042,184.8894463734039,3844.197419775655,54.0,0.08206859886326451,-1.062358869482528,0.08209464319855528,-1.0637161887551083,0.017397015572304504,0.2542055347009544
3350,53,727,275.4374088407163,3843.51011953928,184.8894463734039,3844.197419775655,54.0,0.08206859886326451,-1.1078404041699208,0.08209464319855528,-1.1054818982309649,0.017397015572304504,0.2328471416649671
3351,25,727,264.330530090726,3842.899620060988,184.8894463734039,3844.197419775655,54.0,0.08206859886326451,-0.9668555585974085,0.08209464319855528,-0.9653727797296625,0.017397015572304504,0.20029389385326002
3352,25,728,264.330530090726,3842.899620060988,216.67804085346188,3854.6589930314367,54.0,0.08206859886326451,-0.5513783140747957,0.08209464319855528,-0.5501167815281632,0.017397015572304504,0.11953923038916534
3353,18,728,126.52937545907687,3669.1679992851136,216.67804085346188,3854.6589930314367,54.0,0.08206859886326451,-1.6453981326222193,0.08209464319855528,-1.6291947626909427,0.017397015572304504,0.5656190353428603
3354,25,729,264.330530090726,3842.899620060988,201.6426748967095,3841.084954194472,54.0,0.08206859886326451,-0.8006831436172839,0.08209464319855528,-0.7977139554723833,0.017397015572304504,0.15787621980271066
3355,38,729,292.2609771757026,3909.816818957042,201.6426748967095,3841.084954194472,54.0,0.08206859886326451,-0.9733098915765868,0.08209464319855528,-0.9728286733411982,0.017397015572304504,0.22637472155997673
3356,18,729,126.52937545907687,3669.1679992851136,201.6426748967095,3841.084954194472,54.0,0.08206859886326451,-1.3613116080822345,0.08209464319855528,-1.3479681754516606,0.017397015572304504,0.5178238486285073
3357,53,729,275.4374088407163,3843.51011953928,201.6426748967095,3841.084954194472,54.0,0.08206859886326451,-0.9460016863033088,0.08209464319855528,-0.9421017790138082,0.017397015572304504,0.19120367731866136
3358,25,730,275.08785805456387,3847.958391331468,245.1738650954148,3910.692918075235,54.0,0.08206859886326451,-0.484860790843711,0.08209464319855528,-0.48195351613127035,0.017397015572304504,0.12481493876165853
3359,18,730,126.52937545907687,3669.1679992851136,245.1738650954148,3910.692918075235,54.0,0.08206859886326451,-2.1869884981211287,0.08209464319855528,-2.171452095275057,0.017397015572304504,0.691691934082988
3360,21,731,103.34699834515416,4117.964937310308,219.492026721324,3902.160321959544,54.0,0.08206859886326451,-1.809424709123616,0.08209464319855528,-1.7989417712696074,0.017397015572304504,0.5150251707550348
3361,38,731,292.2609771757026,3909.816818957042,219.492026721324,3902.160321959544,54.0,0.08206859886326451,-0.7277132300770763,0.08209464319855528,-0.7263691387044137,0.017397015572304504,0.13902511777305315
3362,25,731,264.330530090726,3842.899620060988,219.492026721324,3902.160321959544,54.0,0.08206859886326451,-0.47073982058963215,0.08209464319855528,-0.46912367171986047,0.017397015572304504,0.14706303391757822
3363,18,731,126.52937545907687,3669.1679992851136,219.492026721324,3902.160321959544,54.0,0.08206859886326451,-1.9551352546311893,0.08209464319855528,-1.94573511410665,0.017397015572304504,0.6535738573320335
3364,53,731,275.4374088407163,3843.51011953928,219.492026721324,3902.160321959544,54.0,0.08206859886326451,-0.4696207270290642,0.08209464319855528,-0.46652591027721946,0.017397015572304504,0.15725533096373617
3365,18,732,126.52937545907687,3669.1679992851136,233.00864843063775,3870.269977730515,54.0,0.08206859886326451,-1.8062506534631457,0.08209464319855528,-1.7888722306720146,0.017397015572304504,0.6151636963105972
3366,53,732,275.4374088407163,3843.51011953928,233.00864843063775,3870.269977730515,54.0,0.08206859886326451,-0.3454540946189668,0.08209464319855528,-0.34300699660777034,0.017397015572304504,0.10915392301044372
3367,25,732,264.330530090726,3842.899620060988,233.00864843063775,3870.269977730515,54.0,0.08206859886326451,-0.3046833592750198,0.08209464319855528,-0.3034407355304978,0.017397015572304504,0.09053141692451211
3368,38,732,292.2609771757026,3909.816818957042,233.00864843063775,3870.269977730515,54.0,0.08206859886326451,-0.508643278444572,0.08209464319855528,-0.5076902093967613,0.017397015572304504,0.13152706625388688
3369,25,733,264.330530090726,3842.899620060988,211.7067472244628,3878.559134011484,54.0,0.08206859886326451,-0.5304285308318062,0.08209464319855528,-0.5300616058468086,0.017397015572304504,0.13839396054937145
3370,18,733,126.52937545907687,3669.1679992851136,211.7067472244628,3878.559134011484,54.0,0.08206859886326451,-1.7666362630128551,0.08209464319855528,-1.7568621760760468,0.017397015572304504,0.6025946807532256
3371,53,733,275.4374088407163,3843.51011953928,211.7067472244628,3878.559134011484,54.0,0.08206859886326451,-0.5571228031960637,0.08209464319855528,-0.5555170425144185,0.017397015572304504,0.15582901721185985
3372,38,733,292.2609771757026,3909.816818957042,211.7067472244628,3878.559134011484,54.0,0.08206859886326451,-0.6184228533612669,0.08209464319855528,-0.6176866110696261,0.017397015572304504,0.16123670367948517
3373,53,734,275.4374088407163,3843.51011953928,258.4336883859368,3877.8657284365577,54.0,0.08206859886326451,-0.2153213832529389,0.08209464319855528,-0.21167391090906762,0.017397015572304504,0.07876499004607847
3374,38,734,292.2609771757026,3909.816818957042,258.4336883859368,3877.8657284365577,54.0,0.08206859886326451,-0.3831822990681601,0.08209464319855528,-0.3821004976747954,0.017397015572304504,0.08776126890740453
3375,25,734,273.23479148912514,3847.1159350703206,258.4336883859368,3877.8657284365577,54.0,0.08206859886326451,-0.15728566599401303,0.08209464319855528,-0.15427416738964025,0.017397015572304504,0.06201630252418201
3376,18,734,126.52937545907687,3669.1679992851136,258.4336883859368,3877.8657284365577,54.0,0.08206859886326451,-1.936136221617311,0.08209464319855528,-1.9164745401074135,0.017397015572304504,0.6646988885187658
3377,63,735,316.49031405012005,3929.154743051912,265.3096747297514,3890.540840509381,54.0,0.08206859886326451,-0.42667521265735114,0.08209464319855528,-0.4249803449053955,0.017397015572304504,0.1181771522268356
3378,25,735,275.18212912654,3848.067080065535,265.3096747297514,3890.540840509381,54.0,0.08206859886326451,-0.23530470453876556,0.08209464319855528,-0.23262215342881162,0.017397015572304504,0.0773319223142166
3379,38,735,292.2609771757026,3909.816818957042,265.3096747297514,3890.540840509381,54.0,0.08206859886326451,-0.26225972858006075,0.08209464319855528,-0.2610722749857453,0.017397015572304504,0.06356737712118433
3380,53,735,275.4374088407163,3843.51011953928,265.3096747297514,3890.540840509381,54.0,0.08206859886326451,-0.29569812183017363,0.08209464319855528,-0.2924502332683445,0.017397015572304504,0.09393057807113304
3381,18,735,126.52937545907687,3669.1679992851136,265.3096747297514,3890.540840509381,54.0,0.08206859886326451,-2.0563113890336324,0.08209464319855528,-2.0368601532859176,0.017397015572304504,0.6903788372706157
3382,25,736,276.4908269595127,3845.3713588753258,325.17422066430987,3868.80579167809,54.0,0.08206859886326451,-0.2972868982664019,0.08209464319855528,-0.2935016645199736,0.017397015572304504,0.10678465262957464
3383,44,736,482.2902751987267,4093.226876078621,325.17422066430987,3868.80579167809,54.0,0.08206859886326451,-2.5753020645535867,0.08209464319855528,-2.5683487669064715,0.017397015572304504,0.6137363229646313
3384,53,736,275.4374088407163,3843.51011953928,325.17422066430987,3868.80579167809,54.0,0.08206859886326451,-0.32769103977201575,0.08209464319855528,-0.3237463294540261,0.017397015572304504,0.11819583663424325
3385,38,736,292.2609771757026,3909.816818957042,325.17422066430987,3868.80579167809,54.0,0.08206859886326451,-0.49051476041805664,0.08209464319855528,-0.48900062101133507,0.017397015572304504,0.11233458093885379
3386,63,736,316.49031405012005,3929.154743051912,325.17422066430987,3868.80579167809,54.0,0.08206859886326451,-0.48600338017385514,0.08209464319855528,-0.48501932793950303,0.017397015572304504,0.1296904022434463
3387,25,737,264.330530090726,3842.899620060988,244.26666170076163,3867.105363176406,54.0,0.08206859886326451,-0.21925883308396948,0.08209464319855528,-0.2173522227097485,0.017397015572304504,0.0683402036062477
3388,38,737,292.2609771757026,3909.816818957042,244.26666170076163,3867.105363176406,54.0,0.08206859886326451,-0.4831606511581135,0.08209464319855528,-0.4818146646212753,0.017397015572304504,0.11886073897916846
3389,53,737,275.4374088407163,3843.51011953928,244.26666170076163,3867.105363176406,54.0,0.08206859886326451,-0.2623421450881823,0.08209464319855528,-0.25929358738487973,0.017397015572304504,0.08684740382092263
3390,18,737,126.52937545907687,3669.1679992851136,244.26666170076163,3867.105363176406,54.0,0.08206859886326451,-1.8349290746615083,0.08209464319855528,-1.8165493117334304,0.017397015572304504,0.6306578471692148
3391,44,738,470.9318574712719,4102.798680980681,278.4112143194352,3898.247540754817,54.0,0.08206859886326451,-2.3410193604575977,0.08209464319855528,-2.336732755207047,0.017397015572304504,0.5376348167960583
3392,38,738,292.2609771757026,3909.816818957042,278.4112143194352,3898.247540754817,54.0,0.08206859886326451,-0.15077049521991032,0.08209464319855528,-0.14955096197347995,0.017397015572304504,0.039623723025086266
3393,63,738,316.49031405012005,3929.154743051912,278.4112143194352,3898.247540754817,54.0,0.08206859886326451,-0.30894651679894314,0.08209464319855528,-0.3073655925227625,0.017397015572304504,0.09259259704927754
3394,25,738,275.18212912654,3848.067080065535,278.4112143194352,3898.247540754817,54.0,0.08206859886326451,-0.2961967592299457,0.08209464319855528,-0.2906447361586974,0.017397015572304504,0.08199471710148679
3395,53,738,275.4374088407163,3843.51011953928,278.4112143194352,3898.247540754817,54.0,0.08206859886326451,-0.33127158803344625,0.08209464319855528,-0.32493114857156286,0.017397015572304504,0.09605990940777984
3396,38,739,292.2609771757026,3909.816818957042,315.6588536998603,3884.383887990511,54.0,0.08206859886326451,-0.32396185452455534,0.08209464319855528,-0.3225680929161377,0.017397015572304504,0.07414204218888601
3397,25,739,275.18212912654,3848.067080065535,315.6588536998603,3884.383887990511,54.0,0.08206859886326451,-0.2696051875827916,0.08209464319855528,-0.26304097780538116,0.017397015572304504,0.08931935971352145
3398,53,739,275.4374088407163,3843.51011953928,315.6588536998603,3884.383887990511,54.0,0.08206859886326451,-0.3117476928229162,0.08209464319855528,-0.30515115601981035,0.017397015572304504,0.10510955298181213
3399,63,739,316.49031405012005,3929.154743051912,315.6588536998603,3884.383887990511,54.0,0.08206859886326451,-0.3341604211764088,0.08209464319855528,-0.3333197636518607,0.017397015572304504,0.09530241503976193
3400,44,739,482.2902751987267,4093.226876078621,315.6588536998603,3884.383887990511,54.0,0.08206859886326451,-2.558452029851937,0.08209464319855528,-2.549045131624121,0.017397015572304504,0.5687912713246182
3401,38,740,292.2609771757026,3909.816818957042,296.21345872966407,3852.992610644512,54.0,0.08206859886326451,-0.3590247163101121,0.08209464319855528,-0.35368074130535543,0.017397015572304504,0.09436441155299713
3402,63,740,316.49031405012005,3929.154743051912,296.21345872966407,3852.992610644512,54.0,0.08206859886326451,-0.5203770930633301,0.08209464319855528,-0.5165519176079596,0.017397015572304504,0.15098148226930358
3403,25,740,277.1886017127139,3843.911551720602,296.21345872966407,3852.992610644512,54.0,0.08206859886326451,-0.08894999318962735,0.08209464319855528,-0.08549296050972921,0.017397015572304504,0.045366668474116106
3404,53,740,275.4374088407163,3843.51011953928,296.21345872966407,3852.992610644512,54.0,0.08206859886326451,-0.11501637859954325,0.08209464319855528,-0.11063385188091343,0.017397015572304504,0.058430525693261286
3405,18,740,126.52937545907687,3669.1679992851136,296.21345872966407,3852.992610644512,54.0,0.08206859886326451,-1.950739244596549,0.08209464319855528,-1.9300205603550555,0.017397015572304504,0.7163028144545344
3406,18,741,126.52937545907687,3669.1679992851136,314.258204840562,3850.878766542768,54.0,0.08206859886326451,-2.1086593568937326,0.08209464319855528,-2.0924179438484085,0.017397015572304504,0.771381378121212
3407,53,741,275.4374088407163,3843.51011953928,314.258204840562,3850.878766542768,54.0,0.08206859886326451,-0.28624937710244824,0.08209464319855528,-0.2838742774625801,0.017397015572304504,0.10349946017814735
3408,38,741,292.2609771757026,3909.816818957042,314.258204840562,3850.878766542768,54.0,0.08206859886326451,-0.5513563400494672,0.08209464319855528,-0.550536083247573,0.017397015572304504,0.1350761502833453
3409,25,741,278.7601371768536,3840.6549618706185,314.258204840562,3850.878766542768,54.0,0.08206859886326451,-0.2583982290604371,0.08209464319855528,-0.25664737547457694,0.017397015572304504,0.09070361644230082
3410,53,742,275.4374088407163,3843.51011953928,301.5535634179998,3839.126306448653,54.0,0.08206859886326451,-0.1689882220428077,0.08209464319855528,-0.165479295523712,0.017397015572304504,0.07539440091035701
3411,63,742,316.49031405012005,3929.154743051912,301.5535634179998,3839.126306448653,54.0,0.08206859886326451,-0.734775533183626,0.08209464319855528,-0.7348612620703036,0.017397015572304504,0.20031638218201742
3412,38,742,292.2609771757026,3909.816818957042,301.5535634179998,3839.126306448653,54.0,0.08206859886326451,-0.48107007682399006,0.08209464319855528,-0.47609739384213073,0.017397015572304504,0.12790418669059
3413,18,742,126.52937545907687,3669.1679992851136,301.5535634179998,3839.126306448653,54.0,0.08206859886326451,-1.9339204377529977,0.08209464319855528,-1.9164794799098817,0.017397015572304504,0.7254841273123707
3414,25,742,278.7601371768536,3840.6549618706185,301.5535634179998,3839.126306448653,54.0,0.08206859886326451,-0.1306164472578908,0.08209464319855528,-0.12797211550205775,0.017397015572304504,0.057811726173853425
3415,25,743,275.18212912654,3848.067080065535,309.4684575390872,3872.32704628831,54.0,0.08206859886326451,-0.15366718359009343,0.08209464319855528,-0.14806142874798123,0.017397015572304504,0.06719772572524807
3416,44,743,482.2902751987267,4093.226876078621,309.4684575390872,3872.32704628831,54.0,0.08206859886326451,-2.6825696967494417,0.08209464319855528,-2.673338713717012,0.017397015572304504,0.6025230324305534
3417,63,743,316.49031405012005,3929.154743051912,309.4684575390872,3872.32704628831,54.0,0.08206859886326451,-0.45336189179469344,0.08209464319855528,-0.45232216734665254,0.017397015572304504,0.12116362629528052
3418,38,743,292.2609771757026,3909.816818957042,309.4684575390872,3872.32704628831,54.0,0.08206859886326451,-0.3951854071366593,0.08209464319855528,-0.3938693891065156,0.017397015572304504,0.08777773149273915
3419,53,743,275.4374088407163,3843.51011953928,309.4684575390872,3872.32704628831,54.0,0.08206859886326451,-0.19628021013098934,0.08209464319855528,-0.19053081767862318,0.017397015572304504,0.08351292248687944
3420,25,744,275.18212912654,3848.067080065535,271.0794516397593,3873.021199386558,54.0,0.08206859886326451,-0.09689488985895947,0.08209464319855528,-0.09423496769464332,0.017397015572304504,0.04686356250866438
3421,27,745,413.6607163277177,4126.933692479007,418.3279091794528,4088.79789404924,54.0,0.08206859886326451,-0.461014345253707,0.08209464319855528,-0.4629976219954102,0.017397015572304504,0.07111484388958107
3422,45,745,517.3116391169647,4113.7490927459785,418.3279091794528,4088.79789404924,54.0,0.08206859886326451,-0.7992521106222865,0.08209464319855528,-0.8000786885689934,0.017397015572304504,0.16356304390297483
3423,43,745,630.0947010611478,4141.259609929846,418.3279091794528,4088.79789404924,54.0,0.08206859886326451,-1.7454871942222607,0.08209464319855528,-1.7467964158433724,0.017397015572304504,0.4568689173699904
3424,41,745,461.8106926932424,4070.996636995212,418.3279091794528,4088.79789404924,54.0,0.08206859886326451,-0.39184927329745767,0.08209464319855528,-0.39237845139910593,0.017397015572304504,0.06989820102696824
3425,47,745,497.40279712570856,4039.075701869608,418.3279091794528,4088.79789404924,54.0,0.08206859886326451,-0.8791679017376974,0.08209464319855528,-0.8770101340580325,0.017397015572304504,0.15048028814440279
3426,60,745,462.2337953932308,4065.780960132662,418.3279091794528,4088.79789404924,54.0,0.08206859886326451,-0.41056425016060516,0.08209464319855528,-0.41099777123645687,0.017397015572304504,0.07498271480337682
3427,42,745,481.4936938530769,4095.225387665601,418.3279091794528,4088.79789404924,54.0,0.08206859886326451,-0.6109277430979817,0.08209464319855528,-0.609931997205312,0.017397015572304504,0.09106186799520069
3428,61,745,463.203498736656,4062.892527800171,418.3279091794528,4088.79789404924,54.0,0.08206859886326451,-0.42941237469814203,0.08209464319855528,-0.42973937228926345,0.017397015572304504,0.07843038368487136
3429,39,745,491.6009153175041,3965.873607703836,418.3279091794528,4088.79789404924,54.0,0.08206859886326451,-1.0675225250908356,0.08209464319855528,-1.064821175470346,0.017397015572304504,0.25791582198946456
3430,44,745,470.9318574712719,4102.798680980681,418.3279091794528,4088.79789404924,54.0,0.08206859886326451,-0.42248189083336696,0.08209464319855528,-0.42234940897683565,0.017397015572304504,0.07780225010930317
3431,23,745,485.3312407692456,4298.036308618457,418.3279091794528,4088.79789404924,54.0,0.08206859886326451,-1.5923393478482728,0.08209464319855528,-1.588828440132806,0.017397015572304504,0.40797236582641055
3432,31,746,286.22286085268047,4096.016113555928,393.5062405176661,4094.4322381805127,54.0,0.08206859886326451,-0.9729020280553746,0.08209464319855528,-0.9696326865428395,0.017397015572304504,0.2143987768393815
3433,27,746,413.6607163277177,4126.933692479007,393.5062405176661,4094.4322381805127,54.0,0.08206859886326451,-0.49848830134519573,0.08209464319855528,-0.49978590547570806,0.017397015572304504,0.07499747703203836
3434,60,746,462.2337953932308,4065.780960132662,393.5062405176661,4094.4322381805127,54.0,0.08206859886326451,-0.6839458786442131,0.08209464319855528,-0.6842917524170807,0.017397015572304504,0.121741113463117
3435,45,746,517.3116391169647,4113.7490927459785,393.5062405176661,4094.4322381805127,54.0,0.08206859886326451,-0.9323215588335865,0.08209464319855528,-0.9320896478997454,0.017397015572304504,0.2123680287538776
3436,44,746,470.9318574712719,4102.798680980681,393.5062405176661,4094.4322381805127,54.0,0.08206859886326451,-0.6036837476710551,0.08209464319855528,-0.6036762599200717,0.017397015572304504,0.12399964493972626
3437,41,746,461.8106926932424,4070.996636995212,393.5062405176661,4094.4322381805127,54.0,0.08206859886326451,-0.6659526110766633,0.08209464319855528,-0.6666934100511568,0.017397015572304504,0.11726467274039011
3438,61,747,463.203498736656,4062.892527800171,400.3313909243413,4047.66133186713,54.0,0.08206859886326451,-0.4603825275966559,0.08209464319855528,-0.4601550440271224,0.017397015572304504,0.10571108677815126
3439,60,747,462.2337953932308,4065.780960132662,400.3313909243413,4047.66133186713,54.0,0.08206859886326451,-0.4543767622132572,0.08209464319855528,-0.4541701923180905,0.017397015572304504,0.10504078340213682
3440,44,747,470.9318574712719,4102.798680980681,400.3313909243413,4047.66133186713,54.0,0.08206859886326451,-0.6714608648593015,0.08209464319855528,-0.6707733563352545,0.017397015572304504,0.13615175410990507
3441,47,747,497.40279712570856,4039.075701869608,400.3313909243413,4047.66133186713,54.0,0.08206859886326451,-0.7155789521306586,0.08209464319855528,-0.7125716096890615,0.017397015572304504,0.17730377914767975
3442,42,747,481.4936938530769,4095.225387665601,400.3313909243413,4047.66133186713,54.0,0.08206859886326451,-0.7844396799918044,0.08209464319855528,-0.7825690660214233,0.017397015572304504,0.14387339699560756
3443,39,747,491.6009153175041,3965.873607703836,400.3313909243413,4047.66133186713,54.0,0.08206859886326451,-0.9474020443173587,0.08209464319855528,-0.9474051779134008,0.017397015572304504,0.25038767642110477
3444,31,747,286.22286085268047,4096.016113555928,400.3313909243413,4047.66133186713,54.0,0.08206859886326451,-0.904960672287471,0.08209464319855528,-0.9002102164367933,0.017397015572304504,0.241295555413616
3445,23,747,485.3312407692456,4298.036308618457,400.3313909243413,4047.66133186713,54.0,0.08206859886326451,-2.005497141096326,0.08209464319855528,-2.004205510214023,0.017397015572304504,0.4895658579945529
3446,38,747,292.2609771757026,3909.816818957042,400.3313909243413,4047.66133186713,54.0,0.08206859886326451,-1.4885460293561932,0.08209464319855528,-1.486516461149907,0.017397015572304504,0.3650064984790233
3447,27,747,413.6607163277177,4126.933692479007,400.3313909243413,4047.66133186713,54.0,0.08206859886326451,-0.7603064592954822,0.08209464319855528,-0.7628405584028546,0.017397015572304504,0.14501498613669814
3448,41,747,461.8106926932424,4070.996636995212,400.3313909243413,4047.66133186713,54.0,0.08206859886326451,-0.4576531980853578,0.08209464319855528,-0.4574655148653194,0.017397015572304504,0.10607364308322947
3449,44,748,470.9318574712719,4102.798680980681,375.7370348868046,4027.7319162946624,54.0,0.08206859886326451,-0.8227524529976896,0.08209464319855528,-0.8217841041548787,0.017397015572304504,0.1997656284425327
3450,61,748,463.203498736656,4062.892527800171,375.7370348868046,4027.7319162946624,54.0,0.08206859886326451,-0.6078974751638049,0.08209464319855528,-0.6073781689692492,0.017397015572304504,0.16886422344493224
3451,31,748,286.22286085268047,4096.016113555928,375.7370348868046,4027.7319162946624,54.0,0.08206859886326451,-0.6801404451090679,0.08209464319855528,-0.6683900735493845,0.017397015572304504,0.22569244581117057
3452,60,748,462.2337953932308,4065.780960132662,375.7370348868046,4027.7319162946624,54.0,0.08206859886326451,-0.6161692379252636,0.08209464319855528,-0.6155649820989221,0.017397015572304504,0.16880246260617435
3453,39,748,491.6009153175041,3965.873607703836,375.7370348868046,4027.7319162946624,54.0,0.08206859886326451,-1.0157862988843522,0.08209464319855528,-1.0098347761455955,0.017397015572304504,0.28815310184389115
3454,42,748,481.4936938530769,4095.225387665601,375.7370348868046,4027.7319162946624,54.0,0.08206859886326451,-0.9461965886584749,0.08209464319855528,-0.9438371553899383,0.017397015572304504,0.20792144798610404
3455,41,748,461.8106926932424,4070.996636995212,375.7370348868046,4027.7319162946624,54.0,0.08206859886326451,-0.6227951607210748,0.08209464319855528,-0.6222154497570184,0.017397015572304504,0.17012929338241886
3456,44,749,473.7692249387097,4100.459742736739,426.0873277925459,4044.716857998372,54.0,0.08206859886326451,-0.6321052723450463,0.08209464319855528,-0.6297447449691226,0.017397015572304504,0.10205081461745856
3457,38,749,292.2609771757026,3909.816818957042,426.0873277925459,4044.716857998372,54.0,0.08206859886326451,-1.676262654068614,0.08209464319855528,-1.6724142408883353,0.017397015572304504,0.407767406662192
3458,60,749,462.2337953932308,4065.780960132662,426.0873277925459,4044.716857998372,54.0,0.08206859886326451,-0.30352554880855775,0.08209464319855528,-0.3031542228703464,0.017397015572304504,0.06395401950557761
3459,61,749,463.203498736656,4062.892527800171,426.0873277925459,4044.716857998372,54.0,0.08206859886326451,-0.29942716865618724,0.08209464319855528,-0.29909497702486554,0.017397015572304504,0.06355542678533904
3460,36,749,587.79522063936,3965.30735379632,426.0873277925459,4044.716857998372,54.0,0.08206859886326451,-1.695063473870063,0.08209464319855528,-1.6883179778056594,0.017397015572304504,0.4156939808444394
3461,48,749,542.8497150079456,3957.433060143872,426.0873277925459,4044.716857998372,54.0,0.08206859886326451,-1.1698661436857571,0.08209464319855528,-1.163969940847974,0.017397015572304504,0.3186258283777439
3462,45,749,517.3116391169647,4113.7490927459785,426.0873277925459,4044.716857998372,54.0,0.08206859886326451,-1.1189455380530846,0.08209464319855528,-1.1162993848582987,0.017397015572304504,0.18409930049466738
3463,31,749,286.22286085268047,4096.016113555928,426.0873277925459,4044.716857998372,54.0,0.08206859886326451,-1.1344267588557029,0.08209464319855528,-1.1327953009880083,0.017397015572304504,0.2906873363650498
3464,51,749,515.5112789978382,4127.169092421015,426.0873277925459,4044.716857998372,54.0,0.08206859886326451,-1.0639422189761498,0.08209464319855528,-1.0623550584326862,0.017397015572304504,0.19365005092811693
3465,54,749,562.1256537151418,3993.041990758743,426.0873277925459,4044.716857998372,54.0,0.08206859886326451,-1.3799843165512613,0.08209464319855528,-1.3724634334520986,0.017397015572304504,0.3212332081187161
3466,41,749,461.8106926932424,4070.996636995212,426.0873277925459,4044.716857998372,54.0,0.08206859886326451,-0.3208718431663511,0.08209464319855528,-0.32044392606658784,0.017397015572304504,0.06658344948129671
3467,23,749,485.3312407692456,4298.036308618457,426.0873277925459,4044.716857998372,54.0,0.08206859886326451,-1.5157936236208607,0.08209464319855528,-1.5129070540766159,0.017397015572304504,0.4448647912338802
3468,43,749,630.0947010611478,4141.259609929846,426.0873277925459,4044.716857998372,54.0,0.08206859886326451,-2.070216531191339,0.08209464319855528,-2.0669316692836777,0.017397015572304504,0.5097401284951996
3469,47,749,497.40279712570856,4039.075701869608,426.0873277925459,4044.716857998372,54.0,0.08206859886326451,-0.5457795275767781,0.08209464319855528,-0.5426516563280313,0.017397015572304504,0.12579077640675848
3470,39,749,491.6009153175041,3965.873607703836,426.0873277925459,4044.716857998372,54.0,0.08206859886326451,-0.765754987841936,0.08209464319855528,-0.7644627585278725,0.017397015572304504,0.19899849789030155
3471,27,749,413.6607163277177,4126.933692479007,426.0873277925459,4044.716857998372,54.0,0.08206859886326451,-0.7682399752806516,0.08209464319855528,-0.7706911238616897,0.017397015572304504,0.1479026686293096
3472,19,750,311.50845425664727,4115.619753095878,362.17199524503343,4082.865688514489,54.0,0.08206859886326451,-0.43686920392924145,0.08209464319855528,-0.4347930681180503,0.017397015572304504,0.12290217384453431
3473,41,750,461.8106926932424,4070.996636995212,362.17199524503343,4082.865688514489,54.0,0.08206859886326451,-1.001769469708219,0.08209464319855528,-1.0003043260691853,0.017397015572304504,0.1806961968298052
3474,61,750,463.203498736656,4062.892527800171,362.17199524503343,4082.865688514489,54.0,0.08206859886326451,-0.9297742092638421,0.08209464319855528,-0.9282002430340361,0.017397015572304504,0.18534807373709464
3475,64,750,251.14156651564912,4194.6094429104505,362.17199524503343,4082.865688514489,54.0,0.08206859886326451,-1.1667379093541175,0.08209464319855528,-1.162924353278989,0.017397015572304504,0.36089686662942677
3476,60,750,462.2337953932308,4065.780960132662,362.17199524503343,4082.865688514489,54.0,0.08206859886326451,-0.9423855632963247,0.08209464319855528,-0.9408112593890179,0.017397015572304504,0.18304108152068424
3477,66,750,493.8518825171933,3956.000689079267,362.17199524503343,4082.865688514489,54.0,0.08206859886326451,-1.5390029596856376,0.08209464319855528,-1.5384646094088037,0.017397015572304504,0.38509638537611546
3478,31,750,286.22286085268047,4096.016113555928,362.17199524503343,4082.865688514489,54.0,0.08206859886326451,-0.6061145664346622,0.08209464319855528,-0.6041200685007803,0.017397015572304504,0.1490820038504326
3479,44,750,470.9318574712719,4102.798680980681,362.17199524503343,4082.865688514489,54.0,0.08206859886326451,-1.0401465519888244,0.08209464319855528,-1.0389867603712144,0.017397015572304504,0.19252698092978723
3480,47,750,497.40279712570856,4039.075701869608,362.17199524503343,4082.865688514489,54.0,0.08206859886326451,-1.2504622530503735,0.08209464319855528,-1.2466314045449889,0.017397015572304504,0.25723656273233514
3481,65,750,465.43944178630807,4063.6597216274654,362.17199524503343,4082.865688514489,54.0,0.08206859886326451,-0.9586023669571682,0.08209464319855528,-0.9570187929513634,0.017397015572304504,0.18789552336771298
3482,65,751,465.43944178630807,4063.6597216274654,379.32967125049646,4082.7270292645976,54.0,0.08206859886326451,-0.8201743530576485,0.08209464319855528,-0.8196331526502401,0.017397015572304504,0.1504547846007301
3483,19,751,316.4731036835704,4123.280697965635,379.32967125049646,4082.7270292645976,54.0,0.08206859886326451,-0.5565496888719603,0.08209464319855528,-0.5523915408574372,0.017397015572304504,0.15520530431835844
3484,19,752,320.3250861675983,4129.08078728429,396.279303214471,4080.2510948158647,54.0,0.08206859886326451,-0.8298803824241447,0.08209464319855528,-0.8260272427062183,0.017397015572304504,0.19075954907370274
3485,61,752,463.203498736656,4062.892527800171,396.279303214471,4080.2510948158647,54.0,0.08206859886326451,-0.5789533013073093,0.08209464319855528,-0.5787327123618763,0.017397015572304504,0.11223474447731292
3486,47,752,497.40279712570856,4039.075701869608,396.279303214471,4080.2510948158647,54.0,0.08206859886326451,-0.9498654964536954,0.08209464319855528,-0.947226553880952,0.017397015572304504,0.18174330502129654
3487,66,752,493.8518825171933,3956.000689079267,396.279303214471,4080.2510948158647,54.0,0.08206859886326451,-1.2073773574530202,0.08209464319855528,-1.2070999322704274,0.017397015572304504,0.3075039280008821
3488,45,752,517.3116391169647,4113.7490927459785,396.279303214471,4080.2510948158647,54.0,0.08206859886326451,-1.0787632358857016,0.08209464319855528,-1.0795743549682009,0.017397015572304504,0.20517732658112078
3489,44,752,470.9318574712719,4102.798680980681,396.279303214471,4080.2510948158647,54.0,0.08206859886326451,-0.6790439644213283,0.08209464319855528,-0.679035988216131,0.017397015572304504,0.12039920397465834
3490,27,752,413.6607163277177,4126.933692479007,396.279303214471,4080.2510948158647,54.0,0.08206859886326451,-0.6160185758523266,0.08209464319855528,-0.6178863150301277,0.017397015572304504,0.09461993818108695
3491,65,752,465.43944178630807,4063.6597216274654,396.279303214471,4080.2510948158647,54.0,0.08206859886326451,-0.6031751650429756,0.08209464319855528,-0.6029421135426924,0.017397015572304504,0.11458532738911284
3492,60,752,462.2337953932308,4065.780960132662,396.279303214471,4080.2510948158647,54.0,0.08206859886326451,-0.5798517032348837,0.08209464319855528,-0.5796302376660577,0.017397015572304504,0.10976957581976794
3493,31,752,286.22286085268047,4096.016113555928,396.279303214471,4080.2510948158647,54.0,0.08206859886326451,-1.0208106800292682,0.08209464319855528,-1.0174577586005427,0.017397015572304504,0.22241315378630477
3494,39,752,491.6009153175041,3965.873607703836,396.279303214471,4080.2510948158647,54.0,0.08206859886326451,-1.0858856406705641,0.08209464319855528,-1.0850199961563125,0.017397015572304504,0.2835828011901593
3495,41,752,461.8106926932424,4070.996636995212,396.279303214471,4080.2510948158647,54.0,0.08206859886326451,-0.5897050259597335,0.08209464319855528,-0.5898155712152316,0.017397015572304504,0.10685636676946589
3496,22,752,296.8698192329844,4149.379871130487,396.279303214471,4080.2510948158647,54.0,0.08206859886326451,-1.0271824106983272,0.08209464319855528,-1.0250457360202678,0.017397015572304504,0.2567385167709447
3497,47,753,497.40279712570856,4039.075701869608,412.8630024415256,4079.543733428927,54.0,0.08206859886326451,-0.8501056883823661,0.08209464319855528,-0.8474164769599531,0.017397015572304504,0.15162334893296214
3498,19,753,324.8153272931308,4135.979057138678,412.8630024415256,4079.543733428927,54.0,0.08206859886326451,-1.0162486203187309,0.08209464319855528,-1.0133337074115054,0.017397015572304504,0.21109518196382374
3499,39,753,491.6009153175041,3965.873607703836,412.8630024415256,4079.543733428927,54.0,0.08206859886326451,-1.0020650005487868,0.08209464319855528,-1.000097868077782,0.017397015572304504,0.2550460121968027
3500,16,753,510.22088537403255,4246.5421852479,412.8630024415256,4079.543733428927,54.0,0.08206859886326451,-1.2969033658961415,0.08209464319855528,-1.295779584551135,0.017397015572304504,0.33878008078769906
3501,60,753,462.2337953932308,4065.780960132662,412.8630024415256,4079.543733428927,54.0,0.08206859886326451,-0.4264133099981221,0.08209464319855528,-0.4262469367489551,0.017397015572304504,0.0796762610660473
3502,66,753,493.8518825171933,3956.000689079267,412.8630024415256,4079.543733428927,54.0,0.08206859886326451,-1.115964999116744,0.08209464319855528,-1.1144908364624035,0.017397015572304504,0.27844836383973065
3503,45,753,517.3116391169647,4113.7490927459785,412.8630024415256,4079.543733428927,54.0,0.08206859886326451,-0.9630755829938191,0.08209464319855528,-0.963471699361952,0.017397015572304504,0.17541811803739302
3504,43,753,630.0947010611478,4141.259609929846,412.8630024415256,4079.543733428927,54.0,0.08206859886326451,-1.955624603309395,0.08209464319855528,-1.9562063766716014,0.017397015572304504,0.4691785673476868
3505,23,753,485.3312407692456,4298.036308618457,412.8630024415256,4079.543733428927,54.0,0.08206859886326451,-1.749318692001694,0.08209464319855528,-1.7469229295152804,0.017397015572304504,0.42781014338512374
3506,31,753,286.22286085268047,4096.016113555928,412.8630024415256,4079.543733428927,54.0,0.08206859886326451,-1.1990434804187582,0.08209464319855528,-1.1957965806345432,0.017397015572304504,0.25273183770941776
3507,61,753,463.203498736656,4062.892527800171,412.8630024415256,4079.543733428927,54.0,0.08206859886326451,-0.4413899172393892,0.08209464319855528,-0.44110893525740347,0.017397015572304504,0.08246311898686684
3508,65,753,465.43944178630807,4063.6597216274654,412.8630024415256,4079.543733428927,54.0,0.08206859886326451,-0.45789390224518944,0.08209464319855528,-0.45765973672527527,0.017397015572304504,0.0845288944929129
3509,41,753,461.8106926932424,4070.996636995212,412.8630024415256,4079.543733428927,54.0,0.08206859886326451,-0.4143724433708769,0.08209464319855528,-0.4146017803803858,0.017397015572304504,0.07628261717096364
3510,44,753,470.9318574712719,4102.798680980681,412.8630024415256,4079.543733428927,54.0,0.08206859886326451,-0.5242740965456442,0.08209464319855528,-0.5240705948719102,0.017397015572304504,0.09100927866594466
3511,22,753,301.6304881357929,4156.037775497009,412.8630024415256,4079.543733428927,54.0,0.08206859886326451,-1.1903880551469306,0.08209464319855528,-1.1878580105714787,0.017397015572304504,0.27329935702971325
3512,27,753,413.6607163277177,4126.933692479007,412.8630024415256,4079.543733428927,54.0,0.08206859886326451,-0.5480713423741027,0.08209464319855528,-0.5501474527601973,0.017397015572304504,0.08670724583024196
3513,41,754,461.8106926932424,4070.996636995212,390.0869155343114,4063.230642872049,54.0,0.08206859886326451,-0.5271076642763495,0.08209464319855528,-0.5271078718103732,0.017397015572304504,0.12037193515504252
3514,31,754,286.22286085268047,4096.016113555928,390.0869155343114,4063.230642872049,54.0,0.08206859886326451,-0.8853144390689194,0.08209464319855528,-0.8852244557960784,0.017397015572304504,0.21389511867724803
3515,44,754,470.9318574712719,4102.798680980681,390.0869155343114,4063.230642872049,54.0,0.08206859886326451,-0.7397505228357899,0.08209464319855528,-0.7398186903916525,0.017397015572304504,0.143095707231521
3516,19,754,310.5905313289105,4114.308200094231,390.0869155343114,4063.230642872049,54.0,0.08206859886326451,-0.7792814347903605,0.08209464319855528,-0.7768889546587172,0.017397015572304504,0.19756703481190657
3517,65,754,465.43944178630807,4063.6597216274654,390.0869155343114,4063.230642872049,54.0,0.08206859886326451,-0.5595501705597948,0.08209464319855528,-0.5595330746387119,0.017397015572304504,0.12502775318297893
3518,22,754,286.68380691953433,4135.199550032316,390.0869155343114,4063.230642872049,54.0,0.08206859886326451,-0.9952758802019592,0.08209464319855528,-0.9944906233319017,0.017397015572304504,0.2653238976778776
3519,27,754,413.6607163277177,4126.933692479007,390.0869155343114,4063.230642872049,54.0,0.08206859886326451,-0.8157845251856224,0.08209464319855528,-0.8176782862520428,0.017397015572304504,0.1332245029266198
3520,66,754,493.8518825171933,3956.000689079267,390.0869155343114,4063.230642872049,54.0,0.08206859886326451,-1.2248778756474226,0.08209464319855528,-1.2255171548510562,0.017397015572304504,0.30853677800409907
3521,19,755,315.46311861654766,4121.748685168132,409.2580805256216,4061.619137215324,54.0,0.08206859886326451,-0.9098652840323349,0.08209464319855528,-0.9057922839281969,0.017397015572304504,0.2290866569149429
3522,47,755,497.40279712570856,4039.075701869608,409.2580805256216,4061.619137215324,54.0,0.08206859886326451,-0.7221226531648886,0.08209464319855528,-0.718930904824705,0.017397015572304504,0.15411123126500606
3523,27,755,413.6607163277177,4126.933692479007,409.2580805256216,4061.619137215324,54.0,0.08206859886326451,-0.6695835314064341,0.08209464319855528,-0.6719104254995061,0.017397015572304504,0.11824230134765762
3524,23,755,485.3312407692456,4298.036308618457,409.2580805256216,4061.619137215324,54.0,0.08206859886326451,-1.8261892494946699,0.08209464319855528,-1.8232101382514776,0.017397015572304504,0.45868899831802296
3525,65,755,465.43944178630807,4063.6597216274654,409.2580805256216,4061.619137215324,54.0,0.08206859886326451,-0.40682620503404165,0.08209464319855528,-0.4065660123822543,0.017397015572304504,0.08736615820381738
3526,16,755,510.22088537403255,4246.5421852479,409.2580805256216,4061.619137215324,54.0,0.08206859886326451,-1.375518952704,0.08209464319855528,-1.3744918085881934,0.017397015572304504,0.3625535033840457
3527,61,755,463.203498736656,4062.892527800171,409.2580805256216,4061.619137215324,54.0,0.08206859886326451,-0.3877604302058431,0.08209464319855528,-0.387509260139257,0.017397015572304504,0.08468877330587422
3528,41,755,461.8106926932424,4070.996636995212,409.2580805256216,4061.619137215324,54.0,0.08206859886326451,-0.37672053240553993,0.08209464319855528,-0.3764744127317537,0.017397015572304504,0.08321623187343118
3529,45,755,517.3116391169647,4113.7490927459785,409.2580805256216,4061.619137215324,54.0,0.08206859886326451,-1.0749772524322623,0.08209464319855528,-1.073510491959099,0.017397015572304504,0.191458589855742
3530,60,755,462.2337953932308,4065.780960132662,409.2580805256216,4061.619137215324,54.0,0.08206859886326451,-0.3790656098645628,0.08209464319855528,-0.3788186162503848,0.017397015572304504,0.08344017268644113
3531,39,755,491.6009153175041,3965.873607703836,409.2580805256216,4061.619137215324,54.0,0.08206859886326451,-0.9124041401710118,0.08209464319855528,-0.9115159384129329,0.017397015572304504,0.2435874106246822
3532,66,755,493.8518825171933,3956.000689079267,409.2580805256216,4061.619137215324,54.0,0.08206859886326451,-1.0323371961220797,0.08209464319855528,-1.0320131381637543,0.017397015572304504,0.26697283309432696
3533,22,755,292.19589409194833,4142.944166687175,409.2580805256216,4061.619137215324,54.0,0.08206859886326451,-1.1375301128643456,0.08209464319855528,-1.1353823324120835,0.017397015572304504,0.2997737022794833
3534,31,755,286.22286085268047,4096.016113555928,409.2580805256216,4061.619137215324,54.0,0.08206859886326451,-1.0471354098410453,0.08209464319855528,-1.046218789907204,0.017397015572304504,0.25272207327665486
3535,44,755,470.9318574712719,4102.798680980681,409.2580805256216,4061.619137215324,54.0,0.08206859886326451,-0.5694869091011894,0.08209464319855528,-0.5690263580713568,0.017397015572304504,0.10897821335867684
3536,19,756,322.43464083499214,4132.36602879609,426.6160858045599,4065.7017923821263,54.0,0.08206859886326451,-1.1284499594556734,0.08209464319855528,-1.1255036503485785,0.017397015572304504,0.24737496349950933
3537,47,756,497.40279712570856,4039.075701869608,426.6160858045599,4065.7017923821263,54.0,0.08206859886326451,-0.6763758968583862,0.08209464319855528,-0.673379437118474,0.017397015572304504,0.12307750289715616
3538,16,756,510.22088537403255,4246.5421852479,426.6160858045599,4065.7017923821263,54.0,0.08206859886326451,-1.2638410165621636,0.08209464319855528,-1.2623034912076383,0.017397015572304504,0.32742396575545335
3539,36,756,587.79522063936,3965.30735379632,426.6160858045599,4065.7017923821263,54.0,0.08206859886326451,-1.9596731741852917,0.08209464319855528,-1.951030784675941,0.017397015572304504,0.4275181151129806
3540,41,756,461.8106926932424,4070.996636995212,426.6160858045599,4065.7017923821263,54.0,0.08206859886326451,-0.2735461688355115,0.08209464319855528,-0.2730886008657598,0.017397015572304504,0.052589538690037296
3541,65,756,465.43944178630807,4063.6597216274654,426.6160858045599,4065.7017923821263,54.0,0.08206859886326451,-0.3069496231747345,0.08209464319855528,-0.30647792889686487,0.017397015572304504,0.05750598586630476
3542,39,756,491.6009153175041,3965.873607703836,426.6160858045599,4065.7017923821263,54.0,0.08206859886326451,-0.8679189341325031,0.08209464319855528,-0.8654075578793082,0.017397015572304504,0.21998006597627257
3543,61,756,463.203498736656,4062.892527800171,426.6160858045599,4065.7017923821263,54.0,0.08206859886326451,-0.2900066539001189,0.08209464319855528,-0.28953785060041437,0.017397015572304504,0.05516637774533251
3544,60,756,462.2337953932308,4065.780960132662,426.6160858045599,4065.7017923821263,54.0,0.08206859886326451,-0.27931210503521503,0.08209464319855528,-0.2788498245216647,0.017397015572304504,0.0535201935055425
3545,54,756,562.1256537151418,3993.041990758743,426.6160858045599,4065.7017923821263,54.0,0.08206859886326451,-1.638066438264379,0.08209464319855528,-1.6300332618694557,0.017397015572304504,0.3310659820090193
3546,23,756,485.3312407692456,4298.036308618457,426.6160858045599,4065.7017923821263,54.0,0.08206859886326451,-1.470409242184298,0.08209464319855528,-1.4671231174242987,0.017397015572304504,0.42026790655341795
3547,27,756,413.6607163277177,4126.933692479007,426.6160858045599,4065.7017923821263,54.0,0.08206859886326451,-0.6653513067089802,0.08209464319855528,-0.6674153398967004,0.017397015572304504,0.11098987233628399
3548,66,756,493.8518825171933,3956.000689079267,426.6160858045599,4065.7017923821263,54.0,0.08206859886326451,-0.9855438419736031,0.08209464319855528,-0.983381290048983,0.017397015572304504,0.24307672465283403
3549,44,756,470.9318574712719,4102.798680980681,426.6160858045599,4065.7017923821263,54.0,0.08206859886326451,-0.487352887531883,0.08209464319855528,-0.48611309279274906,0.017397015572304504,0.07926809317755358
3550,43,756,630.0947010611478,4141.259609929846,426.6160858045599,4065.7017923821263,54.0,0.08206859886326451,-1.9800259752707718,0.08209464319855528,-1.9770858339163928,0.017397015572304504,0.4748636030147215
3551,45,756,517.3116391169647,4113.7490927459785,426.6160858045599,4065.7017923821263,54.0,0.08206859886326451,-1.0001574745676711,0.08209464319855528,-0.9978119189571539,0.017397015572304504,0.16164775412717414
3552,41,757,461.8106926932424,4070.996636995212,376.0794496043232,4045.9459437511223,54.0,0.08206859886326451,-0.6148327248710077,0.08209464319855528,-0.6147160887268551,0.017397015572304504,0.15392740030780572
3553,66,757,493.8518825171933,3956.000689079267,376.0794496043232,4045.9459437511223,54.0,0.08206859886326451,-1.0756636794120382,0.08209464319855528,-1.0702516405293676,0.017397015572304504,0.31561266752534595
3554,19,757,309.4846467710166,4112.556925703692,376.0794496043232,4045.9459437511223,54.0,0.08206859886326451,-0.6931211683852447,0.08209464319855528,-0.6925271885470238,0.017397015572304504,0.18992129893151946
3555,61,757,463.203498736656,4062.892527800171,376.0794496043232,4045.9459437511223,54.0,0.08206859886326451,-0.5783349132780821,0.08209464319855528,-0.5780805305296159,0.017397015572304504,0.1518912275097467
3556,44,757,470.9318574712719,4102.798680980681,376.0794496043232,4045.9459437511223,54.0,0.08206859886326451,-0.8544602890725362,0.08209464319855528,-0.8545350598321767,0.017397015572304504,0.18381461919962158
3557,63,757,316.49031405012005,3929.154743051912,376.0794496043232,4045.9459437511223,54.0,0.08206859886326451,-1.2723438036462038,0.08209464319855528,-1.2697451468952983,0.017397015572304504,0.28470148420438246
3558,65,757,465.43944178630807,4063.6597216274654,376.0794496043232,4045.9459437511223,54.0,0.08206859886326451,-0.601384312007531,0.08209464319855528,-0.6011270076967175,0.017397015572304504,0.15496314014518336
3559,38,757,292.2609771757026,3909.816818957042,376.0794496043232,4045.9459437511223,54.0,0.08206859886326451,-1.3799525190271313,0.08209464319855528,-1.3790876071977933,0.017397015572304504,0.3300221483161269
3560,39,757,491.6009153175041,3965.873607703836,376.0794496043232,4045.9459437511223,54.0,0.08206859886326451,-0.9848754763203432,0.08209464319855528,-0.9802597980185291,0.017397015572304504,0.29203188208217795
3561,47,757,497.40279712570856,4039.075701869608,376.0794496043232,4045.9459437511223,54.0,0.08206859886326451,-0.8271960280497523,0.08209464319855528,-0.8240089648343123,0.017397015572304504,0.22540642424843227
3562,22,757,282.91308227706304,4129.966613278081,376.0794496043232,4045.9459437511223,54.0,0.08206859886326451,-0.8753160265839326,0.08209464319855528,-0.8726624521612937,0.017397015572304504,0.24684269900891379
3563,60,757,462.2337953932308,4065.780960132662,376.0794496043232,4045.9459437511223,54.0,0.08206859886326451,-0.5907197532294479,0.08209464319855528,-0.5905305936967633,0.017397015572304504,0.15204540411825548
3564,31,757,286.22286085268047,4096.016113555928,376.0794496043232,4045.9459437511223,54.0,0.08206859886326451,-0.6185961996185024,0.08209464319855528,-0.6087758169818939,0.017397015572304504,0.19488854766900035
3565,41,758,461.8106926932424,4070.996636995212,398.3143118189128,4046.608749255166,54.0,0.08206859886326451,-0.46981695067035667,0.08209464319855528,-0.4696081744829595,0.017397015572304504,0.11075048754422731
3566,19,758,309.4846467710166,4112.556925703692,398.3143118189128,4046.608749255166,54.0,0.08206859886326451,-0.9113826024921208,0.08209464319855528,-0.9110611514746719,0.017397015572304504,0.22904460769495982
3567,31,758,286.22286085268047,4096.016113555928,398.3143118189128,4046.608749255166,54.0,0.08206859886326451,-0.8626899449096956,0.08209464319855528,-0.8571537200297825,0.017397015572304504,0.23723846140049998
3568,23,758,485.3312407692456,4298.036308618457,398.3143118189128,4046.608749255166,54.0,0.08206859886326451,-2.0450458026952316,0.08209464319855528,-2.044229986751436,0.017397015572304504,0.4940439244337886
3569,44,758,470.9318574712719,4102.798680980681,398.3143118189128,4046.608749255166,54.0,0.08206859886326451,-0.6811099413777698,0.08209464319855528,-0.6804356179662171,0.017397015572304504,0.14058333338154166
3570,22,758,282.91308227706304,4129.966613278081,398.3143118189128,4046.608749255166,54.0,0.08206859886326451,-1.142791420345411,0.08209464319855528,-1.1426992327593541,0.017397015572304504,0.2897530517066289
3571,39,759,491.6009153175041,3965.873607703836,417.2204341967305,4045.130344334564,54.0,0.08206859886326451,-0.8239107891700846,0.08209464319855528,-0.8231510013895253,0.017397015572304504,0.21564233119481593
3572,66,759,493.8518825171933,3956.000689079267,417.2204341967305,4045.130344334564,54.0,0.08206859886326451,-0.9431996358135525,0.08209464319855528,-0.9429948152556819,0.017397015572304504,0.23846388414027525
3573,65,759,465.43944178630807,4063.6597216274654,417.2204341967305,4045.130344334564,54.0,0.08206859886326451,-0.38392306114339614,0.08209464319855528,-0.3835104589590522,0.017397015572304504,0.08148609441981255
3574,44,759,470.9318574712719,4102.798680980681,417.2204341967305,4045.130344334564,54.0,0.08206859886326451,-0.63827096299224,0.08209464319855528,-0.6364737540010917,0.017397015572304504,0.11481849014958662
3575,19,759,310.131466935951,4113.6524578706285,417.2204341967305,4045.130344334564,54.0,0.08206859886326451,-1.0318555269050707,0.08209464319855528,-1.0300600834100113,0.017397015572304504,0.2621556133009089
3576,62,759,438.3970135664206,3912.290557700556,417.2204341967305,4045.130344334564,54.0,0.08206859886326451,-1.1589485736333742,0.08209464319855528,-1.155929143037865,0.017397015572304504,0.3264219996795935
3577,22,759,286.8666636314602,4135.416963632954,417.2204341967305,4045.130344334564,54.0,0.08206859886326451,-1.2405624816599894,0.08209464319855528,-1.2399364139943878,0.017397015572304504,0.33004433777334347
3578,36,759,587.79522063936,3965.30735379632,417.2204341967305,4045.130344334564,54.0,0.08206859886326451,-1.7470135027131704,0.08209464319855528,-1.7407418590267216,0.017397015572304504,0.43357604553650275
3579,31,759,286.22286085268047,4096.016113555928,417.2204341967305,4045.130344334564,54.0,0.08206859886326451,-1.0686988811750777,0.08209464319855528,-1.0658212464093064,0.017397015572304504,0.2753959442764718
3580,23,759,485.3312407692456,4298.036308618457,417.2204341967305,4045.130344334564,54.0,0.08206859886326451,-1.667298106589743,0.08209464319855528,-1.663685848838582,0.017397015572304504,0.46819259562616916
3581,45,759,517.3116391169647,4113.7490927459785,417.2204341967305,4045.130344334564,54.0,0.08206859886326451,-1.1648613354974064,0.08209464319855528,-1.1620842940478542,0.017397015572304504,0.1964961949927171
3582,38,759,292.2609771757026,3909.816818957042,417.2204341967305,4045.130344334564,54.0,0.08206859886326451,-1.6047470429540527,0.08209464319855528,-1.6029551869723238,0.017397015572304504,0.3957745384449308
3583,27,759,413.6607163277177,4126.933692479007,417.2204341967305,4045.130344334564,54.0,0.08206859886326451,-0.76750110608091,0.08209464319855528,-0.7700124916652313,0.017397015572304504,0.14826637320276273
3584,54,759,562.1256537151418,3993.041990758743,417.2204341967305,4045.130344334564,54.0,0.08206859886326451,-1.4230062575849594,0.08209464319855528,-1.415611227644197,0.017397015572304504,0.338666152053536
3585,60,759,462.2337953932308,4065.780960132662,417.2204341967305,4045.130344334564,54.0,0.08206859886326451,-0.36723129987966685,0.08209464319855528,-0.3667851027233815,0.017397015572304504,0.07878488240066651
3586,47,759,497.40279712570856,4039.075701869608,417.2204341967305,4045.130344334564,54.0,0.08206859886326451,-0.6021439057647606,0.08209464319855528,-0.5990580717949683,0.017397015572304504,0.14311993439063153
3587,41,759,461.8106926932424,4070.996636995212,417.2204341967305,4045.130344334564,54.0,0.08206859886326451,-0.38269429075615485,0.08209464319855528,-0.3821911853499575,0.017397015572304504,0.08092635715081889
3588,61,759,463.203498736656,4062.892527800171,417.2204341967305,4045.130344334564,54.0,0.08206859886326451,-0.36419288384229676,0.08209464319855528,-0.36378690195779867,0.017397015572304504,0.07872169054878668
3589,44,760,470.9318574712719,4102.798680980681,383.6118848781027,4094.0408541803,54.0,0.08206859886326451,-0.7353745268575336,0.08209464319855528,-0.7350307004085282,0.017397015572304504,0.14518189188212816
3590,27,760,413.6607163277177,4126.933692479007,383.6118848781027,4094.0408541803,54.0,0.08206859886326451,-0.5828529506287986,0.08209464319855528,-0.5831308286953715,0.017397015572304504,0.08976807000555355
3591,31,760,286.22286085268047,4096.016113555928,383.6118848781027,4094.0408541803,54.0,0.08206859886326451,-0.8382432158506137,0.08209464319855528,-0.8351526725312157,0.017397015572304504,0.19371628754073733
3592,55,761,631.0597053851714,4679.977771773372,676.8632672784381,4706.037975065071,54.0,0.08206859886326451,-0.5696391159048969,0.08209464319855528,-0.5662001315157691,0.017397015572304504,0.16753170873135015
3593,50,762,-32.87294301735424,3776.17863145535,-92.0214114912519,3766.382293386853,54.0,0.08206859886326451,-0.33656405552935253,0.08209464319855528,-0.32407197719144154,0.017397015572304504,0.13609458304795677
3594,14,763,-191.2861040228232,3920.912450661129,-93.85219317436987,3755.7075478339193,54.0,0.08206859886326451,-1.2967682978245763,0.08209464319855528,-1.2798800065896672,0.017397015572304504,0.47262360256210406
3595,50,763,-32.87294301735424,3776.17863145535,-93.85219317436987,3755.7075478339193,54.0,0.08206859886326451,-0.3557713045720272,0.08209464319855528,-0.3419800897353952,0.017397015572304504,0.14701990053995284
3596,50,764,-32.87294301735424,3776.17863145535,-111.90305233878944,3768.4491518679,54.0,0.08206859886326451,-0.4099407624701138,0.08209464319855528,-0.3924736225671617,0.017397015572304504,0.17879324006683386
3597,14,764,-191.2861040228232,3920.912450661129,-111.90305233878944,3768.4491518679,54.0,0.08206859886326451,-1.2810450341506172,0.08209464319855528,-1.2720671887549544,0.017397015572304504,0.4307546669722731
3598,50,765,-32.87294301735424,3776.17863145535,-127.89461504541896,3775.704322550012,54.0,0.08206859886326451,-0.5327216588558888,0.08209464319855528,-0.5195368676537999,0.017397015572304504,0.21782607650979452
3599,14,765,-191.8510249122208,3920.732064928668,-127.89461504541896,3775.704322550012,54.0,0.08206859886326451,-1.3031174381989719,0.08209464319855528,-1.3016038805351628,0.017397015572304504,0.4011137830227029
3600,14,766,-191.8510249122208,3920.732064928668,-130.25309186349332,3757.715778785631,54.0,0.08206859886326451,-1.4426093565397413,0.08209464319855528,-1.4406966559779195,0.017397015572304504,0.4451040349039453
3601,50,766,-32.87294301735424,3776.17863145535,-130.25309186349332,3757.715778785631,54.0,0.08206859886326451,-0.5127452614907785,0.08209464319855528,-0.4915971808771812,0.017397015572304504,0.23288271757352755
3602,14,767,-191.8510249122208,3920.732064928668,-141.06702293120463,3788.1607482074223,54.0,0.08206859886326451,-1.2096447040441376,0.08209464319855528,-1.209928058589198,0.017397015572304504,0.35241160488704665
3603,50,767,-32.87294301735424,3776.17863145535,-141.06702293120463,3788.1607482074223,54.0,0.08206859886326451,-0.6316503486467802,0.08209464319855528,-0.6182748332769757,0.017397015572304504,0.2573343555308939
3604,14,768,-191.8510249122208,3920.732064928668,-155.24939862132854,3770.880467030972,54.0,0.08206859886326451,-1.365431678342549,0.08209464319855528,-1.3662129973075499,0.017397015572304504,0.395529796690892
3605,50,768,-32.87294301735424,3776.17863145535,-155.24939862132854,3770.880467030972,54.0,0.08206859886326451,-0.7050732637187418,0.08209464319855528,-0.6832895025989525,0.017397015572304504,0.2995780620048863
3606,14,769,-191.8510249122208,3920.732064928668,-164.4795078687612,3789.103286028052,54.0,0.08206859886326451,-1.1863070744307875,0.08209464319855528,-1.1877626572537328,0.017397015572304504,0.33835403462337466
3607,18,770,55.99463969610678,3684.4657106501672,-102.38986574887532,3756.266858370933,54.0,0.08206859886326451,-1.5859494784477866,0.08209464319855528,-1.5788652937998564,0.017397015572304504,0.500072485863907
3608,50,771,-32.87294301735424,3776.17863145535,-138.45523360743735,3784.989842871927,54.0,0.08206859886326451,-0.6110753868462261,0.08209464319855528,-0.597756918576691,0.017397015572304504,0.24911025524717031
3609,18,771,55.99463969610678,3684.4657106501672,-138.45523360743735,3784.989842871927,54.0,0.08206859886326451,-1.8001284994772782,0.08209464319855528,-1.7854146386529863,0.017397015572304504,0.6014486779771666
3610,14,771,-191.8510249122208,3920.732064928668,-138.45523360743735,3784.989842871927,54.0,0.08206859886326451,-1.2326452002395463,0.08209464319855528,-1.2325793709277622,0.017397015572304504,0.36383323785307986
3611,50,772,-32.87294301735424,3776.17863145535,-135.97189737011166,3769.9233764008513,54.0,0.08206859886326451,-0.5490332402051753,0.08209464319855528,-0.5280455671311404,0.017397015572304504,0.24115628280771734
3612,18,772,55.99463969610678,3684.4657106501672,-135.97189737011166,3769.9233764008513,54.0,0.08206859886326451,-1.781880574499535,0.08209464319855528,-1.768751386570474,0.017397015572304504,0.598428243457498
3613,14,772,-191.8510249122208,3920.732064928668,-135.97189737011166,3769.9233764008513,54.0,0.08206859886326451,-1.351815525549549,0.08209464319855528,-1.3517262476142557,0.017397015572304504,0.406492339319215
3614,50,773,-32.87294301735424,3776.17863145535,-97.69554891479424,3779.972848397416,54.0,0.08206859886326451,-0.40521124800124997,0.08209464319855528,-0.3964189819802808,0.017397015572304504,0.1482692156554682
3615,18,773,55.99463969610678,3684.4657106501672,-97.69554891479424,3779.972848397416,54.0,0.08206859886326451,-1.5285991896440014,0.08209464319855528,-1.5166351753718077,0.017397015572304504,0.47919094253840694
3616,18,774,55.99463969610678,3684.4657106501672,-120.2634109186522,3744.879416152507,54.0,0.08206859886326451,-1.6575653679480573,0.08209464319855528,-1.6494067355864528,0.017397015572304504,0.5476382709971888
3617,50,775,-32.87294301735424,3776.17863145535,-156.924534585463,3784.9748286003496,54.0,0.08206859886326451,-0.7560778082051278,0.08209464319855528,-0.7423758881036623,0.017397015572304504,0.3035780425942935
3618,53,776,275.4374088407163,3843.51011953928,327.9247883281511,3963.7608357246586,54.0,0.08206859886326451,-0.8421247350612183,0.08209464319855528,-0.837149966262063,0.017397015572304504,0.23677781572956777
3619,41,776,461.8106926932424,4070.996636995212,327.9247883281511,3963.7608357246586,54.0,0.08206859886326451,-1.448647648833432,0.08209464319855528,-1.4450420409748952,0.017397015572304504,0.350190127468759
3620,44,776,470.9318574712719,4102.798680980681,327.9247883281511,3963.7608357246586,54.0,0.08206859886326451,-1.7159226010722122,0.08209464319855528,-1.7119083858436048,0.017397015572304504,0.3816253827208752
3621,25,776,275.18212912654,3848.067080065535,327.9247883281511,3963.7608357246586,54.0,0.08206859886326451,-0.8207302953787129,0.08209464319855528,-0.816268858950588,0.017397015572304504,0.225014954816585
3622,38,776,292.2609771757026,3909.816818957042,327.9247883281511,3963.7608357246586,54.0,0.08206859886326451,-0.4926371091700721,0.08209464319855528,-0.4944915565128736,0.017397015572304504,0.12355319136915366
3623,25,777,275.18212912654,3848.067080065535,332.2728487453242,3955.63210174711,54.0,0.08206859886326451,-0.7923936478564353,0.08209464319855528,-0.7864769076243321,0.017397015572304504,0.2185791432421847
3624,44,777,470.9318574712719,4102.798680980681,332.2728487453242,3955.63210174711,54.0,0.08206859886326451,-1.7800846412951983,0.08209464319855528,-1.7759622911164576,0.017397015572304504,0.3942586529064037
3625,38,777,292.2609771757026,3909.816818957042,332.2728487453242,3955.63210174711,54.0,0.08206859886326451,-0.452871906962907,0.08209464319855528,-0.45362046733175543,0.017397015572304504,0.11645455617330489
3626,53,777,275.4374088407163,3843.51011953928,332.2728487453242,3955.63210174711,54.0,0.08206859886326451,-0.8199431671721926,0.08209464319855528,-0.8133670970609109,0.017397015572304504,0.2305103426225626
3627,10,778,331.5278665142546,3788.394860859632,364.57712380559593,3776.74559736748,54.0,0.08206859886326451,-0.43254022208618204,0.08209464319855528,-0.4312794643788874,0.017397015572304504,0.11030816095732068
3628,12,778,339.7794838460253,3807.442051326752,364.57712380559593,3776.74559736748,54.0,0.08206859886326451,-0.4568009446006178,0.08209464319855528,-0.45381581624340595,0.017397015572304504,0.11935795208667395
3629,13,778,350.3727630331359,3756.461999998863,364.57712380559593,3776.74559736748,54.0,0.08206859886326451,-0.22881305313808803,0.08209464319855528,-0.22806400661103912,0.017397015572304504,0.08678394809471095
3630,11,778,339.1199783648173,3779.719741822334,364.57712380559593,3776.74559736748,54.0,0.08206859886326451,-0.34279073950235617,0.08209464319855528,-0.3413193533440746,0.017397015572304504,0.09109872702381785
3631,13,779,350.3727630331359,3756.461999998863,387.9276208759748,3665.165766546727,54.0,0.08206859886326451,-0.6547420879815189,0.08209464319855528,-0.6472566335116484,0.017397015572304504,0.2947291495008818
3632,11,779,339.1199783648173,3779.719741822334,387.9276208759748,3665.165766546727,54.0,0.08206859886326451,-0.9510657462465022,0.08209464319855528,-0.9422533299875632,0.017397015572304504,0.36813381167091613
3633,10,779,331.5278665142546,3788.394860859632,387.9276208759748,3665.165766546727,54.0,0.08206859886326451,-1.1009921412478876,0.08209464319855528,-1.0918007593326986,0.017397015572304504,0.399230795790779
3634,53,780,275.4374088407163,3843.51011953928,342.9721527010015,3948.745347291568,54.0,0.08206859886326451,-0.8854255849657997,0.08209464319855528,-0.8774765661385623,0.017397015572304504,0.24197385205802205
3635,38,780,292.2609771757026,3909.816818957042,342.9721527010015,3948.745347291568,54.0,0.08206859886326451,-0.5109840267135808,0.08209464319855528,-0.5109463852050824,0.017397015572304504,0.13044493785542527
3636,44,780,474.3899718043101,4099.903162112868,342.9721527010015,3948.745347291568,54.0,0.08206859886326451,-1.8873601463494731,0.08209464319855528,-1.879390580722614,0.017397015572304504,0.38834610765688954
3637,41,780,461.8106926932424,4070.996636995212,342.9721527010015,3948.745347291568,54.0,0.08206859886326451,-1.5510266124127394,0.08209464319855528,-1.5430246219564607,0.017397015572304504,0.34774309576044704
3638,66,780,493.8518825171933,3956.000689079267,342.9721527010015,3948.745347291568,54.0,0.08206859886326451,-1.726143906142003,0.08209464319855528,-1.7231151452150588,0.017397015572304504,0.3760651351491535
3639,19,780,309.4846467710166,4112.556925703692,342.9721527010015,3948.745347291568,54.0,0.08206859886326451,-1.222674399680183,0.08209464319855528,-1.2182959765260093,0.017397015572304504,0.3413435351322564
3640,31,780,286.22286085268047,4096.016113555928,342.9721527010015,3948.745347291568,54.0,0.08206859886326451,-1.7029832270564487,0.08209464319855528,-1.7007593575251236,0.017397015572304504,0.33652105356712875
3641,63,780,316.49031405012005,3929.154743051912,342.9721527010015,3948.745347291568,54.0,0.08206859886326451,-0.37390587491953836,0.08209464319855528,-0.37454628349388436,0.017397015572304504,0.08153941999895911
3642,25,780,275.18212912654,3848.067080065535,342.9721527010015,3948.745347291568,54.0,0.08206859886326451,-0.8569142604338582,0.08209464319855528,-0.8494910406126408,0.017397015572304504,0.2296870249314401
3643,39,780,491.6009153175041,3965.873607703836,342.9721527010015,3948.745347291568,54.0,0.08206859886326451,-1.7458354256821857,0.08209464319855528,-1.7419627591946354,0.017397015572304504,0.3680608808458962
3644,41,781,461.8106926932424,4070.996636995212,330.5930561410029,3952.47921941426,54.0,0.08206859886326451,-1.5547937604701718,0.08209464319855528,-1.5490317467749568,0.017397015572304504,0.36237987856512494
3645,44,781,470.9318574712719,4102.798680980681,330.5930561410029,3952.47921941426,54.0,0.08206859886326451,-1.8257489566771588,0.08209464319855528,-1.8214752656506101,0.017397015572304504,0.40225730494516054
3646,53,781,275.4374088407163,3843.51011953928,330.5930561410029,3952.47921941426,54.0,0.08206859886326451,-0.7776180312914811,0.08209464319855528,-0.7711665834175377,0.017397015572304504,0.22275733078690546
3647,66,781,493.8518825171933,3956.000689079267,330.5930561410029,3952.47921941426,54.0,0.08206859886326451,-1.9138401104327878,0.08209464319855528,-1.9092154569736421,0.017397015572304504,0.39603066280356375
3648,38,781,292.2609771757026,3909.816818957042,330.5930561410029,3952.47921941426,54.0,0.08206859886326451,-0.41501431527462673,0.08209464319855528,-0.4158268347758609,0.017397015572304504,0.10968285810143152
3649,25,781,275.18212912654,3848.067080065535,330.5930561410029,3952.47921941426,54.0,0.08206859886326451,-0.7505489231039131,0.08209464319855528,-0.744747442305581,0.017397015572304504,0.21085430415591175
3650,19,781,309.4846467710166,4112.556925703692,330.5930561410029,3952.47921941426,54.0,0.08206859886326451,-1.2953594553709666,0.08209464319855528,-1.2919141475486478,0.017397015572304504,0.3349883873646049
3651,63,781,316.49031405012005,3929.154743051912,330.5930561410029,3952.47921941426,54.0,0.08206859886326451,-0.28534407607302875,0.08209464319855528,-0.28645115791736575,0.017397015572304504,0.06543118040852434
3652,14,782,-191.2861040228232,3920.912450661129,-100.4168935768999,3930.978631826396,54.0,0.08206859886326451,-0.7233128908470056,0.08209464319855528,-0.722453855090766,0.017397015572304504,0.2256078846106409
3653,14,783,-191.2861040228232,3920.912450661129,-117.70848810354678,3932.343097354881,54.0,0.08206859886326451,-0.5896642994963228,0.08209464319855528,-0.5906170502507723,0.017397015572304504,0.18549863140556624
3654,14,784,-193.0207120196688,3924.626168779942,-151.82872063398,3944.3503644953935,54.0,0.08206859886326451,-0.3474109468543988,0.08209464319855528,-0.3486687585739639,0.017397015572304504,0.12523093095738264
3655,15,785,-219.46475068668764,3910.916163982088,-183.8079702103253,3930.364447740388,54.0,0.08206859886326451,-0.2783791977861383,0.08209464319855528,-0.27812561294465304,0.017397015572304504,0.09506203799603863
3656,14,785,-193.5738161643245,3925.7877006944464,-183.8079702103253,3930.364447740388,54.0,0.08206859886326451,-0.07143231962205056,0.08209464319855528,-0.07206342868990398,0.017397015572304504,0.029921382870040685
3657,46,785,-260.0556528336838,3915.584287356416,-183.8079702103253,3930.364447740388,54.0,0.08206859886326451,-0.6356801612468166,0.08209464319855528,-0.6355206446646856,0.017397015572304504,0.16956854779269193
3658,14,786,-192.96665931875455,3922.943688262109,-200.8556110931154,3919.167762298929,54.0,0.08206859886326451,-0.0490455457339411,0.08209464319855528,-0.048815895081234496,0.017397015572304504,0.017688475567384624
3659,15,786,-219.46475068668764,3910.916163982088,-200.8556110931154,3919.167762298929,54.0,0.08206859886326451,-0.16793349029337098,0.08209464319855528,-0.16712567838233042,0.017397015572304504,0.04948979046856508
3660,14,787,-191.2861040228232,3920.912450661129,-117.44853647594596,3923.077543792965,54.0,0.08206859886326451,-0.48375007843741913,0.08209464319855528,-0.48339901031733495,0.017397015572304504,0.17166421710351332
3661,46,788,-260.0556528336838,3915.584287356416,-193.0671079313358,3925.334640995718,54.0,0.08206859886326451,-0.5938376229723779,0.08209464319855528,-0.5937313511762465,0.017397015572304504,0.13763799470100285
3662,14,788,-193.251654110463,3925.203409913071,-193.0671079313358,3925.334640995718,54.0,0.08206859886326451,-0.0016394847885532855,0.08209464319855528,-0.0016539697404929438,0.017397015572304504,0.0006867430923070218
3663,46,789,-260.0556528336838,3915.584287356416,-182.80882168342347,3938.420844118436,54.0,0.08206859886326451,-0.6144258405790445,0.08209464319855528,-0.6129919145569382,0.017397015572304504,0.17946681123602543
3664,46,790,-260.0556528336838,3915.584287356416,-169.22454351660818,3949.864122291554,54.0,0.08206859886326451,-0.72026248303575,0.08209464319855528,-0.7190724301539416,0.017397015572304504,0.22716018230657556
3665,15,790,-219.46475068668764,3910.916163982088,-169.22454351660818,3949.864122291554,54.0,0.08206859886326451,-0.4422207960607682,0.08209464319855528,-0.4432169840464086,0.017397015572304504,0.160463101812795
3666,14,790,-198.47857582254855,3935.903233662677,-169.22454351660818,3949.864122291554,54.0,0.08206859886326451,-0.2261204123796351,0.08209464319855528,-0.2276828969125428,0.017397015572304504,0.0897194912940337
3667,9,791,9.936533141897351,4088.226647492491,199.6253137223575,4097.533562704541,54.0,0.08206859886326451,-1.6088380985347166,0.08209464319855528,-1.6099300455388605,0.017397015572304504,0.4533205902547093
3668,9,792,9.936533141897351,4088.226647492491,180.5705992492557,4080.48024937745,54.0,0.08206859886326451,-1.327480420685317,0.08209464319855528,-1.328240555868228,0.017397015572304504,0.40551177508551123
3669,9,793,9.936533141897351,4088.226647492491,190.41227169080057,4085.240191257141,54.0,0.08206859886326451,-1.4713471171115704,0.08209464319855528,-1.4722777119430983,0.017397015572304504,0.42978042164313746
3670,31,793,286.22286085268047,4096.016113555928,190.41227169080057,4085.240191257141,54.0,0.08206859886326451,-0.9849791237664712,0.08209464319855528,-0.9817611823746862,0.017397015572304504,0.2208766281595736
3671,9,794,9.936533141897351,4088.226647492491,133.27665841837006,4066.2926462204714,54.0,0.08206859886326451,-0.9139862152661964,0.08209464319855528,-0.9174641629636151,0.017397015572304504,0.31080865780980327
3672,9,795,9.936533141897351,4088.226647492491,161.45756366945437,4064.809444564428,54.0,0.08206859886326451,-1.094617710089715,0.08209464319855528,-1.097519600712217,0.017397015572304504,0.3775103004988888
3673,6,795,202.24335058105044,4025.5497211369657,161.45756366945437,4064.809444564428,54.0,0.08206859886326451,-0.5365270841327643,0.08209464319855528,-0.5345935968147816,0.017397015572304504,0.1333889401868848
3674,28,795,181.0656949265822,4007.0767963031503,161.45756366945437,4064.809444564428,54.0,0.08206859886326451,-0.5939969187709964,0.08209464319855528,-0.5953858798887066,0.017397015572304504,0.14054828583235357
3675,9,796,9.936533141897351,4088.226647492491,167.52959921164822,4057.890748444691,54.0,0.08206859886326451,-1.1551645799893118,0.08209464319855528,-1.1578725969895098,0.017397015572304504,0.3937420681729943
3676,6,796,202.24335058105044,4025.5497211369657,167.52959921164822,4057.890748444691,54.0,0.08206859886326451,-0.4707380973000989,0.08209464319855528,-0.4689319714522983,0.017397015572304504,0.1116735695294845
3677,28,796,181.0656949265822,4007.0767963031503,167.52959921164822,4057.890748444691,54.0,0.08206859886326451,-0.5464412007278787,0.08209464319855528,-0.5473381524468668,0.017397015572304504,0.12104944542915776
3678,6,797,202.24335058105044,4025.5497211369657,154.67860682326315,4055.93008952698,54.0,0.08206859886326451,-0.5289332399287866,0.08209464319855528,-0.5281145941932164,0.017397015572304504,0.13154222696331702
3679,9,797,9.936533141897351,4088.226647492491,154.67860682326315,4055.93008952698,54.0,0.08206859886326451,-1.0743580858035444,0.08209464319855528,-1.0766217489168446,0.017397015572304504,0.36437046404455803
3680,31,797,286.22286085268047,4096.016113555928,154.67860682326315,4055.93008952698,54.0,0.08206859886326451,-1.3945446945496818,0.08209464319855528,-1.390617888149652,0.017397015572304504,0.3241829445669529
3681,28,797,181.0656949265822,4007.0767963031503,154.67860682326315,4055.93008952698,54.0,0.08206859886326451,-0.5349781790743554,0.08209464319855528,-0.5365288568130483,0.017397015572304504,0.12673603176735346
3682,28,798,181.0656949265822,4007.0767963031503,131.86898071170762,4053.9416228862974,54.0,0.08206859886326451,-0.6035961695765836,0.08209464319855528,-0.6042801041490306,0.017397015572304504,0.15412470550877683
3683,28,799,181.0656949265822,4007.0767963031503,176.52045162103826,4054.157155351148,54.0,0.08206859886326451,-0.5794875066124767,0.08209464319855528,-0.5780068316835176,0.017397015572304504,0.10995957526804626
3684,9,799,9.936533141897351,4088.226647492491,176.52045162103826,4054.157155351148,54.0,0.08206859886326451,-1.231581747640439,0.08209464319855528,-1.2340541591756466,0.017397015572304504,0.4163057749837564
3685,28,800,181.0656949265822,4007.0767963031503,144.58738366308845,4040.185673265095,54.0,0.08206859886326451,-0.46960781661722595,0.08209464319855528,-0.4703696644458445,0.017397015572304504,0.11103264563532289
3686,6,800,202.24335058105044,4025.5497211369657,144.58738366308845,4040.185673265095,54.0,0.08206859886326451,-0.557217026307475,0.08209464319855528,-0.5574728786174782,0.017397015572304504,0.1373556481830669
3687,19,801,298.45947748194794,4119.807970449649,137.0304050103369,4090.0427831962857,54.0,0.08206859886326451,-1.546780137012932,0.08209464319855528,-1.547742527392372,0.017397015572304504,0.3783891076984979
3688,28,801,181.0656949265822,4007.0767963031503,137.0304050103369,4090.0427831962857,54.0,0.08206859886326451,-0.7938021203180029,0.08209464319855528,-0.7955323724995221,0.017397015572304504,0.21817467180096511
3689,9,801,9.936533141897351,4088.226647492491,137.0304050103369,4090.0427831962857,54.0,0.08206859886326451,-0.8334165008285911,0.08209464319855528,-0.8327154699822569,0.017397015572304504,0.3030490531228029
3690,31,801,286.22286085268047,4096.016113555928,137.0304050103369,4090.0427831962857,54.0,0.08206859886326451,-1.616929107258445,0.08209464319855528,-1.6153693537613645,0.017397015572304504,0.3463271426043104
3691,22,801,267.77623279276514,4140.811810679348,137.0304050103369,4090.0427831962857,54.0,0.08206859886326451,-1.274142031039566,0.08209464319855528,-1.2769618923493171,0.017397015572304504,0.3515036899362643
3692,9,802,9.936533141897351,4088.226647492491,146.06286604885338,4070.4912970347327,54.0,0.08206859886326451,-0.9468205690817657,0.08209464319855528,-0.9477247016121418,0.017397015572304504,0.3338116420987508
3693,22,803,267.77623279276514,4140.811810679348,184.90358304539177,4077.551448109347,54.0,0.08206859886326451,-1.0418060439134802,0.08209464319855528,-1.0435792757051443,0.017397015572304504,0.2548769862170821
3694,9,803,9.936533141897351,4088.226647492491,184.90358304539177,4077.551448109347,54.0,0.08206859886326451,-1.392549912736606,0.08209464319855528,-1.393386154880813,0.017397015572304504,0.41670949281710457
3695,21,803,129.6510563411616,4132.672991581291,184.90358304539177,4077.551448109347,54.0,0.08206859886326451,-0.8340467827629932,0.08209464319855528,-0.8340571815571596,0.017397015572304504,0.18888620262516673
3696,21,804,103.34699834515416,4117.964937310308,138.3086584571955,4055.180570312392,54.0,0.08206859886326451,-0.31277505804824624,0.08209464319855528,-0.3022862364882664,0.017397015572304504,0.14184188209809784
3697,28,804,181.0656949265822,4007.0767963031503,138.3086584571955,4055.180570312392,54.0,0.08206859886326451,-0.5831146235988789,0.08209464319855528,-0.5841374724614143,0.017397015572304504,0.14629704489606637
3698,22,804,267.77623279276514,4140.811810679348,138.3086584571955,4055.180570312392,54.0,0.08206859886326451,-1.5041330628742648,0.08209464319855528,-1.5054592298509475,0.017397015572304504,0.37928211888414604
3699,19,805,298.45947748194794,4119.807970449649,156.30249231265788,4054.163957898228,54.0,0.08206859886326451,-1.4376606111478745,0.08209464319855528,-1.4305453420941092,0.017397015572304504,0.3603720359706596
3700,21,805,115.87171678850837,4124.949399138172,156.30249231265788,4054.163957898228,54.0,0.08206859886326451,-0.47580679129521647,0.08209464319855528,-0.4695408558697543,0.017397015572304504,0.1805262786206065
3701,31,805,286.22286085268047,4096.016113555928,156.30249231265788,4054.163957898228,54.0,0.08206859886326451,-1.397168145544446,0.08209464319855528,-1.3934928467952026,0.017397015572304504,0.3226905475968112
3702,22,805,267.77623279276514,4140.811810679348,156.30249231265788,4054.163957898228,54.0,0.08206859886326451,-1.3773272918770405,0.08209464319855528,-1.378366520696132,0.017397015572304504,0.34356730177661376
3703,9,805,9.936533141897351,4088.226647492491,156.30249231265788,4054.163957898228,54.0,0.08206859886326451,-1.0863850883888895,0.08209464319855528,-1.0883806651883698,0.017397015572304504,0.3687958181767288
3704,28,805,181.0656949265822,4007.0767963031503,156.30249231265788,4054.163957898228,54.0,0.08206859886326451,-0.5203412808352459,0.08209464319855528,-0.5219113190129845,0.017397015572304504,0.1213368996665927
3705,21,806,103.34699834515416,4117.964937310308,144.93487867158464,4040.1157796648927,54.0,0.08206859886326451,-0.425164834502298,0.08209464319855528,-0.41430324721484807,0.017397015572304504,0.17900142786913165
3706,9,806,9.936533141897351,4088.226647492491,144.93487867158464,4040.1157796648927,54.0,0.08206859886326451,-1.050829777269275,0.08209464319855528,-1.051677537325271,0.017397015572304504,0.34930598120233014
3707,22,806,267.77623279276514,4140.811810679348,144.93487867158464,4040.1157796648927,54.0,0.08206859886326451,-1.5182293338917265,0.08209464319855528,-1.519505403632931,0.017397015572304504,0.3830377358064468
3708,19,806,298.45947748194794,4119.807970449649,144.93487867158464,4040.1157796648927,54.0,0.08206859886326451,-1.6160831290020046,0.08209464319855528,-1.6105060761191323,0.017397015572304504,0.3987825343871807
3709,28,806,181.0656949265822,4007.0767963031503,144.93487867158464,4040.1157796648927,54.0,0.08206859886326451,-0.46760416889504164,0.08209464319855528,-0.46838231699734095,0.017397015572304504,0.11035321494235745
3710,50,807,-32.87294301735424,3776.17863145535,-14.089789104907949,3785.508897541508,54.0,0.08206859886326451,-0.24645593206152205,0.08209464319855528,-0.24722966546625152,0.017397015572304504,0.05213909156784705
3711,50,808,-32.87294301735424,3776.17863145535,-9.925235130187474,3764.08366154794,54.0,0.08206859886326451,-0.3687727177479759,0.08209464319855528,-0.3686912768148625,0.017397015572304504,0.06803869388084274
3712,50,809,-32.87294301735424,3776.17863145535,16.170423993237026,3756.447032381564,54.0,0.08206859886326451,-0.6339694474366178,0.08209464319855528,-0.6345316610956342,0.017397015572304504,0.13289984161027374
3713,50,810,-32.87294301735424,3776.17863145535,-11.141473043724488,3725.886702828202,54.0,0.08206859886326451,-0.6841115613531938,0.08209464319855528,-0.6854640993041278,0.017397015572304504,0.149591027354643
3714,50,811,-32.87294301735424,3776.17863145535,30.8317163158991,3728.685939677773,54.0,0.08206859886326451,-0.9140581916712669,0.08209464319855528,-0.9137034387593296,0.017397015572304504,0.21048706092047473
3715,50,812,-32.87294301735424,3776.17863145535,15.043445181788934,3715.8110582869726,54.0,0.08206859886326451,-0.9383174754162926,0.08209464319855528,-0.940084646812662,0.017397015572304504,0.20805482581580934
3716,50,813,-32.87294301735424,3776.17863145535,1.0232192929827142,3799.386055081737,54.0,0.08206859886326451,-0.46185776557658076,0.08209464319855528,-0.46357312924017136,0.017397015572304504,0.09804114774114167
3717,50,814,-32.87294301735424,3776.17863145535,3.004810249261907,3742.404604751321,54.0,0.08206859886326451,-0.6648264528478842,0.08209464319855528,-0.665192378213551,0.017397015572304504,0.12860147566886973
3718,14,815,-191.2861040228232,3920.912450661129,-34.95691718764405,3775.115165439217,54.0,0.08206859886326451,-1.6898727488431502,0.08209464319855528,-1.6812485057235067,0.017397015572304504,0.5531712898650895
3719,18,816,55.99463969610678,3684.4657106501672,-3.976707935406477,3790.887532136633,54.0,0.08206859886326451,-0.9890457161738432,0.08209464319855528,-0.9910982474543111,0.017397015572304504,0.31887899341089554
3720,18,817,55.99463969610678,3684.4657106501672,-23.639994217954985,3791.306169721887,54.0,0.08206859886326451,-1.3141231816988492,0.08209464319855528,-1.318275408994583,0.017397015572304504,0.3472749854368536
3721,50,818,-32.87294301735424,3776.17863145535,-6.626156437287864,3726.2710578770343,54.0,0.08206859886326451,-0.7190777648402041,0.08209464319855528,-0.7205087772498378,0.017397015572304504,0.15249238646599517
3722,18,818,55.99463969610678,3684.4657106501672,-6.626156437287864,3726.2710578770343,54.0,0.08206859886326451,-0.7474482554641635,0.08209464319855528,-0.7507859314006475,0.017397015572304504,0.2132740906999314
3723,18,819,55.99463969610678,3684.4657106501672,23.08560742794845,3730.459636285315,54.0,0.08206859886326451,-0.46939908786260787,0.08209464319855528,-0.4713686134208636,0.017397015572304504,0.15140510194064874
3724,14,820,-191.2861040228232,3920.912450661129,-1.177771162963938,3741.453930125509,54.0,0.08206859886326451,-2.301808840394986,0.08209464319855528,-2.293449809602433,0.017397015572304504,0.6784068508043454
3725,50,820,-32.87294301735424,3776.17863145535,-1.177771162963938,3741.453930125509,54.0,0.08206859886326451,-0.639880701194252,0.08209464319855528,-0.6404487022743397,0.017397015572304504,0.12323861405574697
3726,14,821,-191.2861040228232,3920.912450661129,-15.66548375733837,3741.6238639024086,54.0,0.08206859886326451,-2.0120945089116216,0.08209464319855528,-2.00185954795051,0.017397015572304504,0.6544085616551538
3727,50,821,-32.87294301735424,3776.17863145535,-15.66548375733837,3741.6238639024086,54.0,0.08206859886326451,-0.4946113675969992,0.08209464319855528,-0.4949473908515987,0.017397015572304504,0.10478974053209472
3728,18,821,55.99463969610678,3684.4657106501672,-15.66548375733837,3741.6238639024086,54.0,0.08206859886326451,-0.9270518550873593,0.08209464319855528,-0.931272883446566,0.017397015572304504,0.254906021333306
3729,14,822,-191.2861040228232,3920.912450661129,-11.032979497787542,3811.934593534735,54.0,0.08206859886326451,-1.620532463097077,0.08209464319855528,-1.6191523915410584,0.017397015572304504,0.5582325765691775
3730,18,822,55.99463969610678,3684.4657106501672,-11.032979497787542,3811.934593534735,54.0,0.08206859886326451,-1.1865985141286592,0.08209464319855528,-1.1883695184836371,0.017397015572304504,0.3781699944967771
3731,14,823,-191.2861040228232,3920.912450661129,-46.00446954103198,3809.903916821808,54.0,0.08206859886326451,-1.414475052165123,0.08209464319855528,-1.4084088002224018,0.017397015572304504,0.4807305793790535
3732,18,823,55.99463969610678,3684.4657106501672,-46.00446954103198,3809.903916821808,54.0,0.08206859886326451,-1.6931700858279912,0.08209464319855528,-1.6957950730940268,0.017397015572304504,0.42320728972233496
3733,50,823,-32.87294301735424,3776.17863145535,-46.00446954103198,3809.903916821808,54.0,0.08206859886326451,-0.4038048070362249,0.08209464319855528,-0.40300930696848203,0.017397015572304504,0.09287816014974543
3734,14,824,-191.2861040228232,3920.912450661129,-35.47065700717375,3757.803246760093,54.0,0.08206859886326451,-1.6734880019675509,0.08209464319855528,-1.661940008277637,0.017397015572304504,0.5821631105382166
3735,18,824,55.99463969610678,3684.4657106501672,-35.47065700717375,3757.803246760093,54.0,0.08206859886326451,-1.2257675296356796,0.08209464319855528,-1.2304976480508358,0.017397015572304504,0.3260779970390684
3736,14,825,-193.67675881229368,3924.452958702778,-365.5449472651887,3844.923133756668,54.0,0.08206859886326451,-1.4839387956054566,0.08209464319855528,-1.47860718255339,0.017397015572304504,0.42024668549577293
3737,14,826,-201.1734055836479,3940.142680026525,-404.3169497068079,3847.280124510167,54.0,0.08206859886326451,-1.7105358081617,0.08209464319855528,-1.7031604695065607,0.017397015572304504,0.5404483063209362
3738,3,826,-366.6419945922364,3850.319998086217,-404.3169497068079,3847.280124510167,54.0,0.08206859886326451,-0.43565926564769364,0.08209464319855528,-0.43782832095797714,0.017397015572304504,0.10604150680019425
3739,3,827,-366.6419945922364,3850.319998086217,-426.80940638540346,3840.4396818768737,54.0,0.08206859886326451,-0.6386989030172934,0.08209464319855528,-0.6402692585382043,0.017397015572304504,0.1657564182200834
3740,3,828,-366.6419945922364,3850.319998086217,-430.10570094557687,3824.844250380473,54.0,0.08206859886326451,-0.7056319457870424,0.08209464319855528,-0.7073651519797716,0.017397015572304504,0.18620274236723017
3741,14,828,-197.0662976625606,3931.6528533449696,-430.10570094557687,3824.844250380473,54.0,0.08206859886326451,-2.103471498823112,0.08209464319855528,-2.100515786608111,0.017397015572304504,0.6011488678413478
3742,14,829,-192.3219051675361,3921.775213802448,-404.2850942785308,3824.185449432093,54.0,0.08206859886326451,-1.9454123050791914,0.08209464319855528,-1.9417284317164316,0.017397015572304504,0.5296998915835797
3743,14,830,-191.8510249122208,3920.732064928668,-387.5803323118312,3805.307151192845,54.0,0.08206859886326451,-1.8417104647884543,0.08209464319855528,-1.836436241029429,0.017397015572304504,0.5425216131228262
3744,3,830,-366.6419945922364,3850.319998086217,-387.5803323118312,3805.307151192845,54.0,0.08206859886326451,-0.5067857037294236,0.08209464319855528,-0.5041570858879321,0.017397015572304504,0.13531314897406477
3745,14,831,-191.8510249122208,3920.732064928668,-347.06149835086603,3826.251861541413,54.0,0.08206859886326451,-1.4450649776069233,0.08209464319855528,-1.4403429995614119,0.017397015572304504,0.42379753484582106
3746,14,832,-191.8510249122208,3920.732064928668,-331.78244143248816,3824.7065382645146,54.0,0.08206859886326451,-1.3456695215887007,0.08209464319855528,-1.342595800865778,0.017397015572304504,0.3977375739210736
3747,46,832,-260.0556528336838,3915.584287356416,-331.78244143248816,3824.7065382645146,54.0,0.08206859886326451,-1.073322820705291,0.08209464319855528,-1.0698032519165561,0.017397015572304504,0.28063663508335623
3748,14,833,-191.8510249122208,3920.732064928668,-422.5455709687562,3814.5572286094944,54.0,0.08206859886326451,-2.129043898744031,0.08209464319855528,-2.1255187588157862,0.017397015572304504,0.5894427884507868
3749,3,833,-366.6419945922364,3850.319998086217,-422.5455709687562,3814.5572286094944,54.0,0.08206859886326451,-0.6941844386161174,0.08209464319855528,-0.6966879119784049,0.017397015572304504,0.17770648387100313
3750,3,834,-366.6419945922364,3850.319998086217,-405.0491789294172,3804.950457916575,54.0,0.08206859886326451,-0.6144171695449446,0.08209464319855528,-0.613816595614585,0.017397015572304504,0.1601256582322791
3751,14,834,-191.8510249122208,3920.732064928668,-405.0491789294172,3804.950457916575,54.0,0.08206859886326451,-1.9967505515218968,0.08209464319855528,-1.9877166859314583,0.017397015572304504,0.5769560727369663
3752,14,835,-191.8510249122208,3920.732064928668,-375.2625317522474,3806.274998549873,54.0,0.08206859886326451,-1.7445302313447253,0.08209464319855528,-1.742037831092101,0.017397015572304504,0.5168471431057591
3753,3,835,-366.6419945922364,3850.319998086217,-375.2625317522474,3806.274998549873,54.0,0.08206859886326451,-0.4366312367106625,0.08209464319855528,-0.43663826145189477,0.017397015572304504,0.12234653568136128
3754,3,836,-366.6419945922364,3850.319998086217,-324.4374894603114,3809.0351637860767,54.0,0.08206859886326451,-0.5759185999367381,0.08209464319855528,-0.5734227812876663,0.017397015572304504,0.1592732819939712
3755,46,836,-260.0556528336838,3915.584287356416,-324.4374894603114,3809.0351637860767,54.0,0.08206859886326451,-1.142251052082512,0.08209464319855528,-1.1370017077860213,0.017397015572304504,0.3075641213231831
3756,14,836,-191.8510249122208,3920.732064928668,-324.4374894603114,3809.0351637860767,54.0,0.08206859886326451,-1.3362520403923297,0.08209464319855528,-1.3306021675403725,0.017397015572304504,0.41519751640107827
3757,14,837,-191.8510249122208,3920.732064928668,-323.37869107917845,3794.1605352946544,54.0,0.08206859886326451,-1.4080557846205464,0.08209464319855528,-1.4019608670761503,0.017397015572304504,0.4462378333512644
3758,3,837,-366.6419945922364,3850.319998086217,-323.37869107917845,3794.1605352946544,54.0,0.08206859886326451,-0.6967265994972646,0.08209464319855528,-0.69418449659929,0.017397015572304504,0.19285105358608756
3759,3,838,-366.6419945922364,3850.319998086217,-300.24385858311143,3785.907132981712,54.0,0.08206859886326451,-0.8524891962281783,0.08209464319855528,-0.8478938435721772,0.017397015572304504,0.25483758390990535
3760,14,838,-191.8510249122208,3920.732064928668,-300.24385858311143,3785.907132981712,54.0,0.08206859886326451,-1.3262918109125579,0.08209464319855528,-1.322094054133081,0.017397015572304504,0.4289525408086907
3761,3,839,-366.6419945922364,3850.319998086217,-322.7466350537741,3780.7052923180495,54.0,0.08206859886326451,-0.8024651401043964,0.08209464319855528,-0.7995459551558326,0.017397015572304504,0.2282920155397798
3762,14,839,-191.8510249122208,3920.732064928668,-322.7466350537741,3780.7052923180495,54.0,0.08206859886326451,-1.494358780495025,0.08209464319855528,-1.4894720304216174,0.017397015572304504,0.48052904750989506
3763,14,840,-191.8510249122208,3920.732064928668,-410.71675667600334,3818.6661092592935,54.0,0.08206859886326451,-2.014257476001034,0.08209464319855528,-2.009957948532003,0.017397015572304504,0.5562247032986505
3764,20,840,-491.6557639897821,3775.103401039669,-410.71675667600334,3818.6661092592935,54.0,0.08206859886326451,-0.7582932414824113,0.08209464319855528,-0.7582109543514541,0.017397015572304504,0.25057171378290866
3765,14,841,-191.8510249122208,3920.732064928668,-318.88329414751405,3818.9288382704895,54.0,0.08206859886326451,-1.2626122877979375,0.08209464319855528,-1.259094271052025,0.017397015572304504,0.38565215273379233
3766,14,842,-191.8510249122208,3920.732064928668,-326.3434765158958,3801.390735089175,54.0,0.08206859886326451,-1.3827967822304437,0.08209464319855528,-1.375950421687206,0.017397015572304504,0.43337405572206
3767,14,843,-191.8510249122208,3920.732064928668,-330.9905831547808,3820.9309390757303,54.0,0.08206859886326451,-1.3636512702443881,0.08209464319855528,-1.36085746078473,0.017397015572304504,0.40437603059440075
3768,20,844,-491.6557639897821,3775.103401039669,-397.3841504799605,3803.674758178313,54.0,0.08206859886326451,-0.8530794956353918,0.08209464319855528,-0.8566687466331362,0.017397015572304504,0.27412691857633437
3769,14,845,-193.28039144600527,3923.6391809327615,-419.2811331727221,3819.932467451428,54.0,0.08206859886326451,-2.081930057352226,0.08209464319855528,-2.0785738464852583,0.017397015572304504,0.5708421691053388
3770,20,845,-491.6557639897821,3775.103401039669,-419.2811331727221,3819.932467451428,54.0,0.08206859886326451,-0.6850379470943454,0.08209464319855528,-0.6838581399932879,0.017397015572304504,0.2315299629906764
3771,14,846,-196.44021393068368,3930.261440676593,-430.0306146106633,3823.248815696748,54.0,0.08206859886326451,-2.1174203933291005,0.08209464319855528,-2.1143116470382814,0.017397015572304504,0.5995897220913246
3772,20,846,-491.6557639897821,3775.103401039669,-430.0306146106633,3823.248815696748,54.0,0.08206859886326451,-0.6151508484420201,0.08209464319855528,-0.6134420057680584,0.017397015572304504,0.21703096945689376
3773,14,847,-201.1734055836479,3940.142680026525,-356.75431567410976,3871.390050348002,54.0,0.08206859886326451,-1.2878777306314002,0.08209464319855528,-1.2806844523696008,0.017397015572304504,0.3922772103405034
3774,46,847,-260.0556528336838,3915.584287356416,-356.75431567410976,3871.390050348002,54.0,0.08206859886326451,-0.8002692774272666,0.08209464319855528,-0.7956000098064078,0.017397015572304504,0.2601881184746258
3775,14,848,-197.22278007689724,3932.000718165229,-361.4765283296221,3855.8723056535537,54.0,0.08206859886326451,-1.4116098511389656,0.08209464319855528,-1.4070683514708762,0.017397015572304504,0.40236135337728945
3776,46,848,-260.0556528336838,3915.584287356416,-361.4765283296221,3855.8723056535537,54.0,0.08206859886326451,-0.8903180084501231,0.08209464319855528,-0.8861900798349963,0.017397015572304504,0.27912886393129593
3777,14,849,-191.8510249122208,3920.732064928668,-359.4180979857128,3824.821999979614,54.0,0.08206859886326451,-1.5485727447823792,0.08209464319855528,-1.5427496521335795,0.017397015572304504,0.4481614010673571
3778,20,850,-491.6557639897821,3775.103401039669,-389.52855139742405,3828.604088282125,54.0,0.08206859886326451,-0.9881173652713939,0.08209464319855528,-0.9886813952638793,0.017397015572304504,0.31294928062235655
3779,20,851,-491.6557639897821,3775.103401039669,-405.1070033799106,3843.96989474742,54.0,0.08206859886326451,-0.9071226420294148,0.08209464319855528,-0.9048559351286686,0.017397015572304504,0.309008897932628
3780,14,851,-200.22780820370463,3938.166099629641,-405.1070033799106,3843.96989474742,54.0,0.08206859886326451,-1.7634425294028004,0.08209464319855528,-1.7572139753356455,0.017397015572304504,0.5345816820761085
3781,20,852,-491.6557639897821,3775.103401039669,-385.96925192827536,3848.54266155951,54.0,0.08206859886326451,-1.1141063465037169,0.08209464319855528,-1.113595289755024,0.017397015572304504,0.3476434596585817
3782,20,853,-491.6557639897821,3775.103401039669,-349.86677463547466,3797.3692427216415,54.0,0.08206859886326451,-1.223805120243319,0.08209464319855528,-1.2264290290877828,0.017397015572304504,0.4031328124650179
3783,44,854,470.9318574712719,4102.798680980681,312.0063800751807,3962.5976151222,54.0,0.08206859886326451,-1.7910947394035444,0.08209464319855528,-1.788798376369407,0.017397015572304504,0.40020989657499545
3784,25,854,275.18212912654,3848.067080065535,312.0063800751807,3962.5976151222,54.0,0.08206859886326451,-0.7891203939541143,0.08209464319855528,-0.7847168986356254,0.017397015572304504,0.20732993036320235
3785,53,854,275.4374088407163,3843.51011953928,312.0063800751807,3962.5976151222,54.0,0.08206859886326451,-0.8137190400192212,0.08209464319855528,-0.8088468066756775,0.017397015572304504,0.21912378133823657
3786,38,854,292.2609771757026,3909.816818957042,312.0063800751807,3962.5976151222,54.0,0.08206859886326451,-0.42030499548754385,0.08209464319855528,-0.42143670055057825,0.017397015572304504,0.10812709949338513
3787,44,855,470.9318574712719,4102.798680980681,294.3184227939459,3953.278734719593,54.0,0.08206859886326451,-1.920063797873469,0.08209464319855528,-1.9175945209053236,0.017397015572304504,0.438968775388011
3788,25,855,275.18212912654,3848.067080065535,294.3184227939459,3953.278734719593,54.0,0.08206859886326451,-0.6305058289650425,0.08209464319855528,-0.6210970863410202,0.017397015572304504,0.18410674276785008
3789,53,855,275.4374088407163,3843.51011953928,294.3184227939459,3953.278734719593,54.0,0.08206859886326451,-0.6583831585485257,0.08209464319855528,-0.6483521392780105,0.017397015572304504,0.19608357773659887
3790,38,855,292.2609771757026,3909.816818957042,294.3184227939459,3953.278734719593,54.0,0.08206859886326451,-0.2681884447195974,0.08209464319855528,-0.2647882574047236,0.017397015572304504,0.08519641948188422
3791,25,856,275.18212912654,3848.067080065535,282.8565774544674,3927.6210696294247,54.0,0.08206859886326451,-0.47531528695064285,0.08209464319855528,-0.46810772285077246,0.017397015572304504,0.13182878497941553
3792,38,856,292.2609771757026,3909.816818957042,282.8565774544674,3927.6210696294247,54.0,0.08206859886326451,-0.14629198471286192,0.08209464319855528,-0.1447452041344052,0.017397015572304504,0.042309721625526014
3793,53,856,275.4374088407163,3843.51011953928,282.8565774544674,3927.6210696294247,54.0,0.08206859886326451,-0.5060270129437312,0.08209464319855528,-0.4981517957903987,0.017397015572304504,0.1445111499768361
3794,44,856,470.9318574712719,4102.798680980681,282.8565774544674,3927.6210696294247,54.0,0.08206859886326451,-2.1511986876184364,0.08209464319855528,-2.1481085432584672,0.017397015572304504,0.4939741284209621
3795,38,857,292.2609771757026,3909.816818957042,257.8071990994817,3924.222274123985,54.0,0.08206859886326451,-0.3224888124511635,0.08209464319855528,-0.3213732083165751,0.017397015572304504,0.07004221459787041
3796,25,857,275.18212912654,3848.067080065535,257.8071990994817,3924.222274123985,54.0,0.08206859886326451,-0.5661708530735584,0.08209464319855528,-0.5636608386219171,0.017397015572304504,0.1387877137770376
3797,53,857,275.4374088407163,3843.51011953928,257.8071990994817,3924.222274123985,54.0,0.08206859886326451,-0.6228711040816698,0.08209464319855528,-0.6199113761266707,0.017397015572304504,0.1533835779523598
3798,25,858,275.18212912654,3848.067080065535,269.84970995130976,3931.065440669821,54.0,0.08206859886326451,-0.6056603588071027,0.08209464319855528,-0.6030627198552602,0.017397015572304504,0.14909009176960486
3799,53,858,275.4374088407163,3843.51011953928,269.84970995130976,3931.065440669821,54.0,0.08206859886326451,-0.6392749134546719,0.08209464319855528,-0.6361590684484181,0.017397015572304504,0.1622154741260104
3800,38,858,292.2609771757026,3909.816818957042,269.84970995130976,3931.065440669821,54.0,0.08206859886326451,-0.22409504624262006,0.08209464319855528,-0.22247041001827225,0.017397015572304504,0.061117167274621506
3801,44,858,470.9318574712719,4102.798680980681,269.84970995130976,3931.065440669821,54.0,0.08206859886326451,-2.141914188657545,0.08209464319855528,-2.137550550958567,0.017397015572304504,0.5052643332765809
3802,12,858,339.7794838460253,3807.442051326752,269.84970995130976,3931.065440669821,54.0,0.08206859886326451,-1.308411727159106,0.08209464319855528,-1.3066123375182042,0.017397015572304504,0.31330056632836917
3803,31,858,286.22286085268047,4096.016113555928,269.84970995130976,3931.065440669821,54.0,0.08206859886326451,-1.7640242742944,0.08209464319855528,-1.7585368879144958,0.017397015572304504,0.364529494268009
3804,53,859,275.4374088407163,3843.51011953928,265.89587639025353,3963.952669789918,54.0,0.08206859886326451,-0.8881024045577512,0.08209464319855528,-0.8850769332892442,0.017397015572304504,0.23384096777716443
3805,38,859,292.2609771757026,3909.816818957042,265.89587639025353,3963.952669789918,54.0,0.08206859886326451,-0.38082734241787763,0.08209464319855528,-0.3779447904834538,0.017397015572304504,0.12172196258861548
3806,44,859,470.9318574712719,4102.798680980681,265.89587639025353,3963.952669789918,54.0,0.08206859886326451,-1.7380634712862457,0.08209464319855528,-1.7334377591305958,0.017397015572304504,0.4855002579937885
3807,25,859,275.18212912654,3848.067080065535,265.89587639025353,3963.952669789918,54.0,0.08206859886326451,-0.851131410845603,0.08209464319855528,-0.8485768522383821,0.017397015572304504,0.22104201309947344
3808,38,860,292.2609771757026,3909.816818957042,257.8456175484073,3924.298953712429,54.0,0.08206859886326451,-0.3223479105882454,0.08209464319855528,-0.3212310406590214,0.017397015572304504,0.07002910954509739
3809,44,860,470.9318574712719,4102.798680980681,257.8456175484073,3924.298953712429,54.0,0.08206859886326451,-2.234989239229021,0.08209464319855528,-2.230111527388097,0.017397015572304504,0.5339605230777582
3810,63,860,316.49031405012005,3929.154743051912,257.8456175484073,3924.298953712429,54.0,0.08206859886326451,-0.45206354764392653,0.08209464319855528,-0.4510609069938392,0.017397015572304504,0.11868992941600717
3811,25,860,275.18212912654,3848.067080065535,257.8456175484073,3924.298953712429,54.0,0.08206859886326451,-0.5668666540453025,0.08209464319855528,-0.5643573074052058,0.017397015572304504,0.1389073029024226
3812,53,860,275.4374088407163,3843.51011953928,257.8456175484073,3924.298953712429,54.0,0.08206859886326451,-0.6235362668943824,0.08209464319855528,-0.6205771871787615,0.017397015572304504,0.15349924278627244
3813,25,861,275.18212912654,3848.067080065535,255.9945365072104,3935.7183858934864,54.0,0.08206859886326451,-0.6693266050740801,0.08209464319855528,-0.6667974772053472,0.017397015572304504,0.1632992313873964
3814,44,861,470.9318574712719,4102.798680980681,255.9945365072104,3935.7183858934864,54.0,0.08206859886326451,-2.0469223637707614,0.08209464319855528,-2.0404480995649195,0.017397015572304504,0.5246563695536859
3815,38,861,292.2609771757026,3909.816818957042,255.9945365072104,3935.7183858934864,54.0,0.08206859886326451,-0.3556399754547961,0.08209464319855528,-0.3542730107019457,0.017397015572304504,0.08823976305559403
3816,63,861,316.49031405012005,3929.154743051912,255.9945365072104,3935.7183858934864,54.0,0.08206859886326451,-0.45673968727642683,0.08209464319855528,-0.4556691441202995,0.017397015572304504,0.12559917091852296
3817,44,862,470.9318574712719,4102.798680980681,316.862912508576,3944.2065035608966,54.0,0.08206859886326451,-1.9444076321670343,0.08209464319855528,-1.94090817657691,0.017397015572304504,0.4299296767345752
3818,25,862,275.18212912654,3848.067080065535,316.862912508576,3944.2065035608966,54.0,0.08206859886326451,-0.6139540972615816,0.08209464319855528,-0.6085117319929634,0.017397015572304504,0.17910926882169964
3819,53,862,275.4374088407163,3843.51011953928,316.862912508576,3944.2065035608966,54.0,0.08206859886326451,-0.6367432774481017,0.08209464319855528,-0.6307954633658455,0.017397015572304504,0.19117416651975455
3820,66,862,493.8518825171933,3956.000689079267,316.862912508576,3944.2065035608966,54.0,0.08206859886326451,-1.854964120070147,0.08209464319855528,-1.8521112193114555,0.017397015572304504,0.4417150711545217
3821,19,862,309.4846467710166,4112.556925703692,316.862912508576,3944.2065035608966,54.0,0.08206859886326451,-1.3018914877529728,0.08209464319855528,-1.3011723209081436,0.017397015572304504,0.35294971927267493
3822,38,862,292.2609771757026,3909.816818957042,316.862912508576,3944.2065035608966,54.0,0.08206859886326451,-0.28098041043168825,0.08209464319855528,-0.2816034438692759,0.017397015572304504,0.07899781224655247
3823,41,862,461.8106926932424,4070.996636995212,316.862912508576,3944.2065035608966,54.0,0.08206859886326451,-1.6746202412020392,0.08209464319855528,-1.6700590781825555,0.017397015572304504,0.3934980714437587
3824,63,862,316.49031405012005,3929.154743051912,316.862912508576,3944.2065035608966,54.0,0.08206859886326451,-0.1628212995710929,0.08209464319855528,-0.1643393701301513,0.017397015572304504,0.04253132688003569
3825,39,862,491.6009153175041,3965.873607703836,316.862912508576,3944.2065035608966,54.0,0.08206859886326451,-1.987688594947947,0.08209464319855528,-1.9847609962339274,0.017397015572304504,0.42811009486600116
3826,44,863,470.9318574712719,4102.798680980681,268.7957598518551,3938.397485964539,54.0,0.08206859886326451,-2.0303418145201655,0.08209464319855528,-2.0248265372134866,0.017397015572304504,0.4970976817932238
3827,63,863,316.49031405012005,3929.154743051912,268.7957598518551,3938.397485964539,54.0,0.08206859886326451,-0.34985863812054774,0.08209464319855528,-0.3487935703508926,0.017397015572304504,0.1002299657834411
3828,25,863,275.18212912654,3848.067080065535,268.7957598518551,3938.397485964539,54.0,0.08206859886326451,-0.6708970833034062,0.08209464319855528,-0.6683059979157276,0.017397015572304504,0.16491959452858979
3829,22,863,282.91308227706304,4129.966613278081,268.7957598518551,3938.397485964539,54.0,0.08206859886326451,-1.8930705000319241,0.08209464319855528,-1.8884778833736369,0.017397015572304504,0.4140051658420144
3830,38,863,292.2609771757026,3909.816818957042,268.7957598518551,3938.397485964539,54.0,0.08206859886326451,-0.2664987642932081,0.08209464319855528,-0.26455792448114523,0.017397015572304504,0.07359813303889269
3831,53,863,275.4374088407163,3843.51011953928,268.7957598518551,3938.397485964539,54.0,0.08206859886326451,-0.705696241875631,0.08209464319855528,-0.7026160933688876,0.017397015572304504,0.17802148422308553
3832,53,864,275.4374088407163,3843.51011953928,265.5810654443671,3915.0122178437146,54.0,0.08206859886326451,-0.5126989086160285,0.08209464319855528,-0.5096637836943563,0.017397015572304504,0.13447085854212087
3833,38,864,292.2609771757026,3909.816818957042,265.5810654443671,3915.0122178437146,54.0,0.08206859886326451,-0.2281471325353453,0.08209464319855528,-0.2270063681250562,0.017397015572304504,0.053060203826328325
3834,44,864,470.9318574712719,4102.798680980681,265.5810654443671,3915.0122178437146,54.0,0.08206859886326451,-2.3280884669272877,0.08209464319855528,-2.324382861381873,0.017397015572304504,0.532971977244269
3835,25,864,275.18212912654,3848.067080065535,265.5810654443671,3915.0122178437146,54.0,0.08206859886326451,-0.45985784881139646,0.08209464319855528,-0.4573182077032759,0.017397015572304504,0.1197523165767556
3836,63,864,316.49031405012005,3929.154743051912,265.5810654443671,3915.0122178437146,54.0,0.08206859886326451,-0.3886141685304166,0.08209464319855528,-0.3880333270157562,0.017397015572304504,0.09751222195594296
3837,38,865,292.2609771757026,3909.816818957042,315.679871493891,3931.668345406915,54.0,0.08206859886326451,-0.20170736075104667,0.08209464319855528,-0.20138147580831428,0.017397015572304504,0.06269005814598606
3838,53,865,275.4374088407163,3843.51011953928,315.679871493891,3931.668345406915,54.0,0.08206859886326451,-0.5496683638469915,0.08209464319855528,-0.5427723528235437,0.017397015572304504,0.1711536817461875
3839,63,865,316.49031405012005,3929.154743051912,315.679871493891,3931.668345406915,54.0,0.08206859886326451,-0.1267698913687397,0.08209464319855528,-0.1279518352567252,0.017397015572304504,0.033114166896796575
3840,25,865,275.18212912654,3848.067080065535,315.679871493891,3931.668345406915,54.0,0.08206859886326451,-0.5231966430280326,0.08209464319855528,-0.516925783551633,0.017397015572304504,0.1590502600553764
3841,44,865,470.9318574712719,4102.798680980681,315.679871493891,3931.668345406915,54.0,0.08206859886326451,-2.089187123338492,0.08209464319855528,-2.0853573859652843,0.017397015572304504,0.4547107283647827
3842,38,866,292.2609771757026,3909.816818957042,282.8109787262265,3934.715241609255,54.0,0.08206859886326451,-0.18075221119103213,0.08209464319855528,-0.1787027483505006,0.017397015572304504,0.053957077968088504
3843,44,866,470.9318574712719,4102.798680980681,282.8109787262265,3934.715241609255,54.0,0.08206859886326451,-2.109597143988047,0.08209464319855528,-2.106842006672263,0.017397015572304504,0.4835166214915495
3844,25,866,275.18212912654,3848.067080065535,282.8109787262265,3934.715241609255,54.0,0.08206859886326451,-0.5180024949105098,0.08209464319855528,-0.5102344299567221,0.017397015572304504,0.14559936413291055
3845,63,866,316.49031405012005,3929.154743051912,282.8109787262265,3934.715241609255,54.0,0.08206859886326451,-0.2513998220530259,0.08209464319855528,-0.2510223840471174,0.017397015572304504,0.07290611617577894
3846,53,866,275.4374088407163,3843.51011953928,282.8109787262265,3934.715241609255,54.0,0.08206859886326451,-0.5480499790692046,0.08209464319855528,-0.5396269588041118,0.017397015572304504,0.15810681039778268
3847,8,867,404.480912881415,4338.111065579622,438.81434760294826,4291.256191853341,54.0,0.08206859886326451,-0.4712795393725714,0.08209464319855528,-0.47261920389304773,0.017397015572304504,0.14910070990578156
3848,23,867,473.2888408458269,4304.725925046426,438.81434760294826,4291.256191853341,54.0,0.08206859886326451,-0.542548978334902,0.08209464319855528,-0.5432490040948735,0.017397015572304504,0.07546554728614986
3849,30,867,625.9985091941669,4344.425799606012,438.81434760294826,4291.256191853341,54.0,0.08206859886326451,-1.8531086983910139,0.08209464319855528,-1.8493601244518256,0.017397015572304504,0.35448119558092483
3850,44,867,472.0029937650396,4104.126300266757,438.81434760294826,4291.256191853341,54.0,0.08206859886326451,-1.2667967558001472,0.08209464319855528,-1.267666685579287,0.017397015572304504,0.3450214870662344
3851,8,868,404.480912881415,4338.111065579622,377.16969184701134,4276.396603589449,54.0,0.08206859886326451,-0.586071855849625,0.08209464319855528,-0.5836821407250747,0.017397015572304504,0.20542486455701606
3852,44,868,472.0029937650396,4104.126300266757,377.16969184701134,4276.396603589449,54.0,0.08206859886326451,-1.4229063949050975,0.08209464319855528,-1.4167081436702023,0.017397015572304504,0.40873401496275263
3853,23,868,473.2888408458269,4304.725925046426,377.16969184701134,4276.396603589449,54.0,0.08206859886326451,-1.1313029528804468,0.08209464319855528,-1.132482385864454,0.017397015572304504,0.23902956263929043
3854,30,869,625.9985091941669,4344.425799606012,427.0445354813797,4273.499297857495,54.0,0.08206859886326451,-1.8792878734665615,0.08209464319855528,-1.8761059467874428,0.017397015572304504,0.386835029665165
3855,8,869,404.480912881415,4338.111065579622,427.0445354813797,4273.499297857495,54.0,0.08206859886326451,-0.5681782759455573,0.08209464319855528,-0.5698301680149684,0.017397015572304504,0.17966793603135423
3856,7,869,477.9085898257795,4404.037580305916,427.0445354813797,4273.499297857495,54.0,0.08206859886326451,-1.2185497370095806,0.08209464319855528,-1.218757190464614,0.017397015572304504,0.2960659527006559
3857,23,869,473.2888408458269,4304.725925046426,427.0445354813797,4273.499297857495,54.0,0.08206859886326451,-0.7643526179569446,0.08209464319855528,-0.7655001388417847,0.017397015572304504,0.11376360366341813
3858,44,869,472.0029937650396,4104.126300266757,427.0445354813797,4273.499297857495,54.0,0.08206859886326451,-1.0320956560133858,0.08209464319855528,-1.0310208630183293,0.017397015572304504,0.3180415233610308
3859,35,869,583.2192292927565,4207.570440686977,427.0445354813797,4273.499297857495,54.0,0.08206859886326451,-1.5905464315765339,0.08209464319855528,-1.586203538507179,0.017397015572304504,0.34491737290661595
3860,44,870,472.0029937650396,4104.126300266757,448.2237718674139,4272.568389041,54.0,0.08206859886326451,-1.0547820524116833,0.08209464319855528,-1.0523957944138898,0.017397015572304504,0.30008454621849656
3861,30,870,625.9985091941669,4344.425799606012,448.2237718674139,4272.568389041,54.0,0.08206859886326451,-1.6099999549668687,0.08209464319855528,-1.605693413576481,0.017397015572304504,0.34669772133140564
3862,8,870,404.480912881415,4338.111065579622,448.2237718674139,4272.568389041,54.0,0.08206859886326451,-0.7114368193873377,0.08209464319855528,-0.7139887076705889,0.017397015572304504,0.1912515513479465
3863,35,870,583.2192292927565,4207.570440686977,448.2237718674139,4272.568389041,54.0,0.08206859886326451,-1.2476025610047268,0.08209464319855528,-1.2429075067042268,0.017397015572304504,0.29924214878982774
3864,23,870,473.2888408458269,4304.725925046426,448.2237718674139,4272.568389041,54.0,0.08206859886326451,-0.6426626750789729,0.08209464319855528,-0.6417283841869241,0.017397015572304504,0.07943282951593632
3865,23,871,475.28004377230593,4303.609752327396,446.8191658251622,4253.768504772488,54.0,0.08206859886326451,-0.7856091543342943,0.08209464319855528,-0.7829096103760677,0.017397015572304504,0.11369428673386081
3866,8,871,404.480912881415,4338.111065579622,446.8191658251622,4253.768504772488,54.0,0.08206859886326451,-0.9200117930226743,0.08209464319855528,-0.9217413295004149,0.017397015572304504,0.22643957363673284
3867,41,871,461.8106926932424,4070.996636995212,446.8191658251622,4253.768504772488,54.0,0.08206859886326451,-1.1367126660597988,0.08209464319855528,-1.1351852620789868,0.017397015572304504,0.3066888788475899
3868,29,871,679.1344462972443,4226.875249913833,446.8191658251622,4253.768504772488,54.0,0.08206859886326451,-1.9751373834356876,0.08209464319855528,-1.9693977240240097,0.017397015572304504,0.512946867137018
3869,35,871,583.2192292927565,4207.570440686977,446.8191658251622,4253.768504772488,54.0,0.08206859886326451,-1.3441013838378613,0.08209464319855528,-1.3427517154599544,0.017397015572304504,0.292066140710086
3870,43,871,630.0947010611478,4141.259609929846,446.8191658251622,4253.768504772488,54.0,0.08206859886326451,-1.8283460887788923,0.08209464319855528,-1.8270269083354567,0.017397015572304504,0.4654038258069946
3871,30,871,625.9985091941669,4344.425799606012,446.8191658251622,4253.768504772488,54.0,0.08206859886326451,-1.5114265224126617,0.08209464319855528,-1.5059938988977486,0.017397015572304504,0.3692950969226659
3872,44,871,472.0029937650396,4104.126300266757,446.8191658251622,4253.768504772488,54.0,0.08206859886326451,-0.8312898657304002,0.08209464319855528,-0.831236347114892,0.017397015572304504,0.26260632594660077
3873,41,872,461.8106926932424,4070.996636995212,411.9733803257818,4249.080345490381,54.0,0.08206859886326451,-1.3317350443729252,0.08209464319855528,-1.3249514859759057,0.017397015572304504,0.34081226231414236
3874,35,872,583.2192292927565,4207.570440686977,411.9733803257818,4249.080345490381,54.0,0.08206859886326451,-1.5007592275343613,0.08209464319855528,-1.5004655116281609,0.017397015572304504,0.36307174003084025
3875,44,872,472.0029937650396,4104.126300266757,411.9733803257818,4249.080345490381,54.0,0.08206859886326451,-0.8749800461919255,0.08209464319855528,-0.8697329908074289,0.017397015572304504,0.2891146416873047
3876,31,872,286.22286085268047,4096.016113555928,411.9733803257818,4249.080345490381,54.0,0.08206859886326451,-1.3959739230732302,0.08209464319855528,-1.3911828574711413,0.017397015572304504,0.42169251918993295
3877,23,872,473.2888408458269,4304.725925046426,411.9733803257818,4249.080345490381,54.0,0.08206859886326451,-1.0621684725030216,0.08209464319855528,-1.0613700135879183,0.017397015572304504,0.17633387338392345
3878,30,872,625.9985091941669,4344.425799606012,411.9733803257818,4249.080345490381,54.0,0.08206859886326451,-1.9483846881348237,0.08209464319855528,-1.9421217509545063,0.017397015572304504,0.4445278985636855
3879,23,873,473.2888408458269,4304.725925046426,436.6238156529476,4249.314832035256,54.0,0.08206859886326451,-0.9268628583704217,0.08209464319855528,-0.9248021595422274,0.017397015572304504,0.1344274742014376
3880,35,873,583.2192292927565,4207.570440686977,436.6238156529476,4249.314832035256,54.0,0.08206859886326451,-1.3789537407537564,0.08209464319855528,-1.3793077674138536,0.017397015572304504,0.3097496295695832
3881,30,873,625.9985091941669,4344.425799606012,436.6238156529476,4249.314832035256,54.0,0.08206859886326451,-1.6404390743504047,0.08209464319855528,-1.6348251592497398,0.017397015572304504,0.393053570361899
3882,44,873,472.0029937650396,4104.126300266757,436.6238156529476,4249.314832035256,54.0,0.08206859886326451,-0.7365018078829773,0.08209464319855528,-0.7357435564916688,0.017397015572304504,0.26376568787551413
3883,43,874,630.0947010611478,4141.259609929846,443.0288497265207,4234.908068774709,54.0,0.08206859886326451,-1.6922442004437772,0.08209464319855528,-1.692563532830887,0.017397015572304504,0.45294965249040653
3884,30,874,625.9985091941669,4344.425799606012,443.0288497265207,4234.908068774709,54.0,0.08206859886326451,-1.5559486134577036,0.08209464319855528,-1.5523551617248104,0.017397015572304504,0.3968830672702173
3885,35,874,583.2192292927565,4207.570440686977,443.0288497265207,4234.908068774709,54.0,0.08206859886326451,-1.2224353486477193,0.08209464319855528,-1.220994205238971,0.017397015572304504,0.29501083125031896
3886,41,874,461.8106926932424,4070.996636995212,443.0288497265207,4234.908068774709,54.0,0.08206859886326451,-0.9531148422032212,0.08209464319855528,-0.9507883404313375,0.017397015572304504,0.2694803402038124
3887,23,874,480.563909942288,4300.709812869,443.0288497265207,4234.908068774709,54.0,0.08206859886326451,-0.7737836936133389,0.08209464319855528,-0.7712482749191892,0.017397015572304504,0.14814299027189196
3888,44,874,472.0029937650396,4104.126300266757,443.0288497265207,4234.908068774709,54.0,0.08206859886326451,-0.6398399624082726,0.08209464319855528,-0.6380737817125742,0.017397015572304504,0.23218777282698982
3889,35,875,583.2192292927565,4207.570440686977,435.8106676438648,4222.73374007691,54.0,0.08206859886326451,-1.1654646583808355,0.08209464319855528,-1.1619680870468692,0.017397015572304504,0.30464083202257786
3890,30,875,625.9985091941669,4344.425799606012,435.8106676438648,4222.73374007691,54.0,0.08206859886326451,-1.6862179356315987,0.08209464319855528,-1.6827806976606796,0.017397015572304504,0.4263191884067891
3891,23,875,480.3038806903667,4300.821424093816,435.8106676438648,4222.73374007691,54.0,0.08206859886326451,-0.8746496178700439,0.08209464319855528,-0.8727370406488367,0.017397015572304504,0.1772756089558285
3892,43,875,630.0947010611478,4141.259609929846,435.8106676438648,4222.73374007691,54.0,0.08206859886326451,-1.6585149024537438,0.08209464319855528,-1.6596734486022502,0.017397015572304504,0.457580734685923
3893,44,875,472.0029937650396,4104.126300266757,435.8106676438648,4222.73374007691,54.0,0.08206859886326451,-0.5448026664488215,0.08209464319855528,-0.543427419567611,0.017397015572304504,0.2083366215415736
3894,31,875,286.22286085268047,4096.016113555928,435.8106676438648,4222.73374007691,54.0,0.08206859886326451,-1.4065513723391596,0.08209464319855528,-1.407632990484976,0.017397015572304504,0.39897828607929925
3895,41,875,461.8106926932424,4070.996636995212,435.8106676438648,4222.73374007691,54.0,0.08206859886326451,-1.0426761304138379,0.08209464319855528,-1.0382508967132817,0.017397015572304504,0.26030423278405423
3896,29,875,679.1344462972443,4226.875249913833,435.8106676438648,4222.73374007691,54.0,0.08206859886326451,-1.9548315040431068,0.08209464319855528,-1.9488310707656313,0.017397015572304504,0.5394166417824886
3897,42,875,481.95797351825536,4104.321037374665,435.8106676438648,4222.73374007691,54.0,0.08206859886326451,-0.5930969972519532,0.08209464319855528,-0.5926055667521453,0.017397015572304504,0.2231582513544757
3898,23,876,473.2888408458269,4304.725925046426,416.0821692336259,4218.164004700096,54.0,0.08206859886326451,-1.1858770487363264,0.08209464319855528,-1.1838691034289253,0.017397015572304504,0.2144479589863138
3899,44,876,472.0029937650396,4104.126300266757,416.0821692336259,4218.164004700096,54.0,0.08206859886326451,-0.7536800861220767,0.08209464319855528,-0.7496015933890754,0.017397015572304504,0.22725387511604817
3900,44,877,472.0029937650396,4104.126300266757,391.0018042011845,4213.433874649227,54.0,0.08206859886326451,-1.1155007086780486,0.08209464319855528,-1.1155000096155498,0.017397015572304504,0.2549365297344162
3901,23,877,473.2888408458269,4304.725925046426,391.0018042011845,4213.433874649227,54.0,0.08206859886326451,-1.3612912762328864,0.08209464319855528,-1.3569633498783165,0.017397015572304504,0.26313382888691234
3902,42,877,481.95797351825536,4104.321037374665,391.0018042011845,4213.433874649227,54.0,0.08206859886326451,-1.1406007223379453,0.08209464319855528,-1.140018542033519,0.017397015572304504,0.2663402725341352
3903,31,877,286.22286085268047,4096.016113555928,391.0018042011845,4213.433874649227,54.0,0.08206859886326451,-1.0862740436311502,0.08209464319855528,-1.0852557565026693,0.017397015572304504,0.3241798164630511
3904,23,878,473.2888408458269,4304.725925046426,400.6543211977099,4197.618852742186,54.0,0.08206859886326451,-1.390687263834376,0.08209464319855528,-1.3864292287953335,0.017397015572304504,0.27333702451884057
3905,27,878,413.6607163277177,4126.933692479007,400.6543211977099,4197.618852742186,54.0,0.08206859886326451,-0.8383900431198987,0.08209464319855528,-0.8407296330859955,0.017397015572304504,0.14606406470264405
3906,44,878,472.0029937650396,4104.126300266757,400.6543211977099,4197.618852742186,54.0,0.08206859886326451,-0.9675292195003703,0.08209464319855528,-0.968309604426873,0.017397015572304504,0.21321320960603835
3907,31,878,286.22286085268047,4096.016113555928,400.6543211977099,4197.618852742186,54.0,0.08206859886326451,-1.0683905615066098,0.08209464319855528,-1.0727569918051756,0.017397015572304504,0.3074912926764286
3908,41,878,461.8106926932424,4070.996636995212,400.6543211977099,4197.618852742186,54.0,0.08206859886326451,-1.308227652215187,0.08209464319855528,-1.308817518108336,0.017397015572304504,0.2493807140338023
3909,45,879,517.3116391169647,4113.7490927459785,420.8438581890216,4195.57911254482,54.0,0.08206859886326451,-0.7984991558231775,0.08209464319855528,-0.7948713699445519,0.017397015572304504,0.22044695315534749
3910,35,879,583.2192292927565,4207.570440686977,420.8438581890216,4195.57911254482,54.0,0.08206859886326451,-1.1758199742457969,0.08209464319855528,-1.1727826480447885,0.017397015572304504,0.33034244443876526
3911,43,879,630.0947010611478,4141.259609929846,420.8438581890216,4195.57911254482,54.0,0.08206859886326451,-1.6000030784799788,0.08209464319855528,-1.599581264276987,0.017397015572304504,0.4655508657873171
3912,31,879,286.22286085268047,4096.016113555928,420.8438581890216,4195.57911254482,54.0,0.08206859886326451,-1.367833912322714,0.08209464319855528,-1.3698012268051094,0.017397015572304504,0.32990244347118913
3913,44,879,472.0029937650396,4104.126300266757,420.8438581890216,4195.57911254482,54.0,0.08206859886326451,-0.6844277608221769,0.08209464319855528,-0.6828182624141513,0.017397015572304504,0.18078007358185003
3914,30,879,625.9985091941669,4344.425799606012,420.8438581890216,4195.57911254482,54.0,0.08206859886326451,-2.0204958072009007,0.08209464319855528,-2.015072811321788,0.017397015572304504,0.49103898195419626
3915,23,879,480.9104487441829,4300.487032278314,420.8438581890216,4195.57911254482,54.0,0.08206859886326451,-1.0659863401535183,0.08209464319855528,-1.0624307494794991,0.017397015572304504,0.24294634208080734
3916,41,879,461.8106926932424,4070.996636995212,420.8438581890216,4195.57911254482,54.0,0.08206859886326451,-1.089355649336953,0.08209464319855528,-1.0868558739792518,0.017397015572304504,0.22479584527870478
3917,37,880,628.569594659982,4182.409690156388,445.89422324985344,4248.614738828751,54.0,0.08206859886326451,-1.757327719373315,0.08209464319855528,-1.7548156379126754,0.017397015572304504,0.4090346185001704
3918,29,880,679.1344462972443,4226.875249913833,445.89422324985344,4248.614738828751,54.0,0.08206859886326451,-1.9336111393881446,0.08209464319855528,-1.9307926038198961,0.017397015572304504,0.512382687835287
3919,19,880,324.8153272931308,4135.979057138678,445.89422324985344,4248.614738828751,54.0,0.08206859886326451,-1.1751566025635483,0.08209464319855528,-1.1770825679214296,0.017397015572304504,0.3578336335174276
3920,30,880,625.9985091941669,4344.425799606012,445.89422324985344,4248.614738828751,54.0,0.08206859886326451,-1.5106700686195977,0.08209464319855528,-1.5054047188233055,0.017397015572304504,0.3753562998221785
3921,35,880,583.2192292927565,4207.570440686977,445.89422324985344,4248.614738828751,54.0,0.08206859886326451,-1.3268813137916837,0.08209464319855528,-1.3267308779787317,0.017397015572304504,0.290674042456242
3922,16,880,510.22088537403255,4246.5421852479,445.89422324985344,4248.614738828751,54.0,0.08206859886326451,-0.5659514945170045,0.08209464319855528,-0.5664736958275016,0.017397015572304504,0.12062084906246263
3923,44,880,472.0029937650396,4104.126300266757,445.89422324985344,4248.614738828751,54.0,0.08206859886326451,-0.7667373825035022,0.08209464319855528,-0.7673643612858434,0.017397015572304504,0.25269114741646276
3924,30,881,625.9985091941669,4344.425799606012,435.11914917042,4235.955205541315,54.0,0.08206859886326451,-1.5910652037880473,0.08209464319855528,-1.58762318405228,0.017397015572304504,0.4075092331161397
3925,35,881,583.2192292927565,4207.570440686977,435.11914917042,4235.955205541315,54.0,0.08206859886326451,-1.27379126232417,0.08209464319855528,-1.272806574492345,0.017397015572304504,0.3112588277451681
3926,31,881,286.22286085268047,4096.016113555928,435.11914917042,4235.955205541315,54.0,0.08206859886326451,-1.4350880426998418,0.08209464319855528,-1.4362509738618618,0.017397015572304504,0.4243314171520279
3927,43,881,630.0947010611478,4141.259609929846,435.11914917042,4235.955205541315,54.0,0.08206859886326451,-1.7372973996253271,0.08209464319855528,-1.7386137324059832,0.017397015572304504,0.4680329667771181
3928,29,881,679.1344462972443,4226.875249913833,435.11914917042,4235.955205541315,54.0,0.08206859886326451,-2.0015292874605524,0.08209464319855528,-1.9994361786166086,0.017397015572304504,0.5325222074998975
3929,19,881,324.8153272931308,4135.979057138678,435.11914917042,4235.955205541315,54.0,0.08206859886326451,-1.063985531173575,0.08209464319855528,-1.0652995648281065,0.017397015572304504,0.3239085850879787
3930,22,881,301.6304881357929,4156.037775497009,435.11914917042,4235.955205541315,54.0,0.08206859886326451,-1.0481048455991446,0.08209464319855528,-1.0421383488098264,0.017397015572304504,0.3438534247409353
3931,44,881,472.0029937650396,4104.126300266757,435.11914917042,4235.955205541315,54.0,0.08206859886326451,-0.6378952456111573,0.08209464319855528,-0.6368012724545983,0.017397015572304504,0.23608011405955412
3932,23,881,474.06790899666265,4304.2794520946645,435.11914917042,4235.955205541315,54.0,0.08206859886326451,-0.9719404174268486,0.08209464319855528,-0.9704101724212353,0.017397015572304504,0.15822708790429907
3933,41,881,461.8106926932424,4070.996636995212,435.11914917042,4235.955205541315,54.0,0.08206859886326451,-1.1219269883232532,0.08209464319855528,-1.117875329057993,0.017397015572304504,0.28598436537404015
3934,16,881,510.22088537403255,4246.5421852479,435.11914917042,4235.955205541315,54.0,0.08206859886326451,-0.6469321892705421,0.08209464319855528,-0.6481803728476447,0.017397015572304504,0.14396551547703132
3935,19,882,324.8153272931308,4135.979057138678,425.9413030559138,4217.635551223826,54.0,0.08206859886326451,-0.9561533983130205,0.08209464319855528,-0.9583688883207206,0.017397015572304504,0.281723087321632
3936,44,882,472.0029937650396,4104.126300266757,425.9413030559138,4217.635551223826,54.0,0.08206859886326451,-0.6362684620088406,0.08209464319855528,-0.6337128794755192,0.017397015572304504,0.21095564946840323
3937,35,882,583.2192292927565,4207.570440686977,425.9413030559138,4217.635551223826,54.0,0.08206859886326451,-1.215151054215435,0.08209464319855528,-1.211030845750174,0.017397015572304504,0.32450394968210644
3938,23,882,475.1069190047686,4303.721264987423,425.9413030559138,4217.635551223826,54.0,0.08206859886326451,-1.089331737059438,0.08209464319855528,-1.0879042997593833,0.017397015572304504,0.20023947817006274
3939,16,882,510.22088537403255,4246.5421852479,425.9413030559138,4217.635551223826,54.0,0.08206859886326451,-0.7105061501600136,0.08209464319855528,-0.7094961825315407,0.017397015572304504,0.17220976125436868
3940,22,882,301.6304881357929,4156.037775497009,425.9413030559138,4217.635551223826,54.0,0.08206859886326451,-0.9671815675747244,0.08209464319855528,-0.9637396167795826,0.017397015572304504,0.3093498292164373
3941,44,883,472.0029937650396,4104.126300266757,438.4164680502774,4215.068249794143,54.0,0.08206859886326451,-0.5012288335265316,0.08209464319855528,-0.5003387961386669,0.017397015572304504,0.19133272054437797
3942,16,883,510.22088537403255,4246.5421852479,438.4164680502774,4215.068249794143,54.0,0.08206859886326451,-0.642003560025676,0.08209464319855528,-0.6416018658228182,0.017397015572304504,0.14771323353300245
3943,41,883,461.8106926932424,4070.996636995212,438.4164680502774,4215.068249794143,54.0,0.08206859886326451,-0.990657212806628,0.08209464319855528,-0.9865281387264438,0.017397015572304504,0.24216421681404324
3944,22,883,301.6304881357929,4156.037775497009,438.4164680502774,4215.068249794143,54.0,0.08206859886326451,-1.0562030525988912,0.08209464319855528,-1.0546644839971464,0.017397015572304504,0.32953914652758504
3945,35,883,583.2192292927565,4207.570440686977,438.4164680502774,4215.068249794143,54.0,0.08206859886326451,-1.1468742868917732,0.08209464319855528,-1.1435588062787136,0.017397015572304504,0.2979659012835418
3946,19,883,324.8153272931308,4135.979057138678,438.4164680502774,4215.068249794143,54.0,0.08206859886326451,-1.0625064582115356,0.08209464319855528,-1.0649591539321515,0.017397015572304504,0.2922567269652176
3947,43,883,630.0947010611478,4141.259609929846,438.4164680502774,4215.068249794143,54.0,0.08206859886326451,-1.6246470758010574,0.08209464319855528,-1.6264256580968297,0.017397015572304504,0.44676544519613476
3948,23,883,485.3312407692456,4298.036308618457,438.4164680502774,4215.068249794143,54.0,0.08206859886326451,-0.7710659202313859,0.08209464319855528,-0.7678183509908564,0.017397015572304504,0.18682006383362004
3949,37,883,628.569594659982,4182.409690156388,438.4164680502774,4215.068249794143,54.0,0.08206859886326451,-1.530369461242149,0.08209464319855528,-1.5249342832157633,0.017397015572304504,0.4068656442325137
3950,64,884,251.14156651564912,4194.6094429104505,394.7738706108567,4205.194212624403,54.0,0.08206859886326451,-1.0438344778632251,0.08209464319855528,-1.0415924428354064,0.017397015572304504,0.35081180418371194
3951,31,884,286.22286085268047,4096.016113555928,394.7738706108567,4205.194212624403,54.0,0.08206859886326451,-1.068530264332824,0.08209464319855528,-1.0703598672522219,0.017397015572304504,0.31376416639556054
3952,44,884,472.0029937650396,4104.126300266757,394.7738706108567,4205.194212624403,54.0,0.08206859886326451,-1.0494846563170959,0.08209464319855528,-1.050406351574464,0.017397015572304504,0.23526936195509737
3953,19,884,324.8153272931308,4135.979057138678,394.7738706108567,4205.194212624403,54.0,0.08206859886326451,-0.692952741133046,0.08209464319855528,-0.6953374139864248,0.017397015572304504,0.21128818848757708
3954,23,884,473.2888408458269,4304.725925046426,394.7738706108567,4205.194212624403,54.0,0.08206859886326451,-1.3915752599306372,0.08209464319855528,-1.3868377230945272,0.017397015572304504,0.27006328089475856
3955,22,884,301.6304881357929,4156.037775497009,394.7738706108567,4205.194212624403,54.0,0.08206859886326451,-0.711205689297562,0.08209464319855528,-0.7095026760872619,0.017397015572304504,0.2321623253739262
3956,22,885,301.6304881357929,4156.037775497009,428.2859587728415,4202.05740045784,54.0,0.08206859886326451,-1.0725324090591226,0.08209464319855528,-1.0749794024724104,0.017397015572304504,0.29187246586191407
3957,44,885,472.0029937650396,4104.126300266757,428.2859587728415,4202.05740045784,54.0,0.08206859886326451,-0.5842158878679526,0.08209464319855528,-0.5822493424893948,0.017397015572304504,0.18029067357124046
3958,45,885,517.3116391169647,4113.7490927459785,428.2859587728415,4202.05740045784,54.0,0.08206859886326451,-0.7244366995215492,0.08209464319855528,-0.7206476334693209,0.017397015572304504,0.2212844705526262
3959,16,885,510.22088537403255,4246.5421852479,428.2859587728415,4202.05740045784,54.0,0.08206859886326451,-0.719994783579922,0.08209464319855528,-0.7189586289559058,0.017397015572304504,0.17697174832665555
3960,23,885,483.6841440753397,4299.038242766617,428.2859587728415,4202.05740045784,54.0,0.08206859886326451,-0.9046244141663528,0.08209464319855528,-0.9006961234967142,0.017397015572304504,0.22212484742680658
3961,19,885,324.8153272931308,4135.979057138678,428.2859587728415,4202.05740045784,54.0,0.08206859886326451,-1.0175449697801873,0.08209464319855528,-1.0213057859787746,0.017397015572304504,0.2547186565908275
3962,31,886,286.22286085268047,4096.016113555928,414.5220180223404,4194.72156940495,54.0,0.08206859886326451,-1.2688409520731494,0.08209464319855528,-1.2712705660472245,0.017397015572304504,0.3195126180488671
3963,43,886,630.0947010611478,4141.259609929846,414.5220180223404,4194.72156940495,54.0,0.08206859886326451,-1.6748487628963826,0.08209464319855528,-1.6743433174435265,0.017397015572304504,0.4773991351351979
3964,19,886,324.8153272931308,4135.979057138678,414.5220180223404,4194.72156940495,54.0,0.08206859886326451,-0.853328515723891,0.08209464319855528,-0.8570547048205097,0.017397015572304504,0.22325616535477
3965,23,886,476.4923827513901,4302.940239845585,414.5220180223404,4194.72156940495,54.0,0.08206859886326451,-1.2629047801710298,0.08209464319855528,-1.259659765884432,0.017397015572304504,0.2554887700637493
3966,16,886,510.22088537403255,4246.5421852479,414.5220180223404,4194.72156940495,54.0,0.08206859886326451,-0.8784857442398357,0.08209464319855528,-0.8776075836719933,0.017397015572304504,0.20937938501107722
3967,44,886,472.0029937650396,4104.126300266757,414.5220180223404,4194.72156940495,54.0,0.08206859886326451,-0.8004054155144558,0.08209464319855528,-0.799385382691546,0.017397015572304504,0.1894640504033295
3968,27,886,413.6607163277177,4126.933692479007,414.5220180223404,4194.72156940495,54.0,0.08206859886326451,-0.7903574551588749,0.08209464319855528,-0.7925342894749103,0.017397015572304504,0.13779864088559415
3969,22,886,301.6304881357929,4156.037775497009,414.5220180223404,4194.72156940495,54.0,0.08206859886326451,-0.9253231165630817,0.08209464319855528,-0.9279451590621295,0.017397015572304504,0.25858115555907574
3970,41,886,461.8106926932424,4070.996636995212,414.5220180223404,4194.72156940495,54.0,0.08206859886326451,-1.1876725769196805,0.08209464319855528,-1.1860094652019577,0.017397015572304504,0.23092320853820497
3971,35,886,583.2192292927565,4207.570440686977,414.5220180223404,4194.72156940495,54.0,0.08206859886326451,-1.2508091935305299,0.08209464319855528,-1.2481603685797842,0.017397015572304504,0.3433924957166711
3972,30,887,625.9985091941669,4344.425799606012,416.2556929545757,4313.9028901392985,54.0,0.08206859886326451,-1.9166245146065801,0.08209464319855528,-1.9144464341034277,0.017397015572304504,0.4086887116464152
3973,16,887,513.1636048475955,4263.301540421994,416.2556929545757,4313.9028901392985,54.0,0.08206859886326451,-1.002428611339044,0.08209464319855528,-1.0003390258568288,0.017397015572304504,0.22408617940085632
3974,44,887,472.0029937650396,4104.126300266757,416.2556929545757,4313.9028901392985,54.0,0.08206859886326451,-1.3968302126092857,0.08209464319855528,-1.3971592983944778,0.017397015572304504,0.42296141746640104
3975,32,887,334.71484028241383,4482.861045979598,416.2556929545757,4313.9028901392985,54.0,0.08206859886326451,-1.4968891030409681,0.08209464319855528,-1.4912541007531486,0.017397015572304504,0.555269980720696
3976,19,887,313.8105789821288,4143.210879673134,416.2556929545757,4313.9028901392985,54.0,0.08206859886326451,-1.43826151345124,0.08209464319855528,-1.4315808052811574,0.017397015572304504,0.4940360472962638
3977,23,887,473.2888408458269,4304.725925046426,416.2556929545757,4313.9028901392985,54.0,0.08206859886326451,-0.6294923546533042,0.08209464319855528,-0.6305881052291731,0.017397015572304504,0.13407744563462504
3978,22,887,301.6304881357929,4156.037775497009,416.2556929545757,4313.9028901392985,54.0,0.08206859886326451,-1.4274858307401475,0.08209464319855528,-1.4168127739699137,0.017397015572304504,0.504637573866838
3979,19,888,324.8153272931308,4135.979057138678,428.5710453250903,4289.332939439008,54.0,0.08206859886326451,-1.4418260509571046,0.08209464319855528,-1.43802335515931,0.017397015572304504,0.4226385803489329
3980,23,888,473.2888408458269,4304.725925046426,428.5710453250903,4289.332939439008,54.0,0.08206859886326451,-0.6558133494255751,0.08209464319855528,-0.6573026434045388,0.017397015572304504,0.0975870879344053
3981,22,888,301.6304881357929,4156.037775497009,428.5710453250903,4289.332939439008,54.0,0.08206859886326451,-1.3605222935769266,0.08209464319855528,-1.3536759019768407,0.017397015572304504,0.44210137988535214
3982,16,888,513.1636048475955,4263.301540421994,428.5710453250903,4289.332939439008,54.0,0.08206859886326451,-0.8683882309999754,0.08209464319855528,-0.8660748675765364,0.017397015572304504,0.16802328870192895
3983,16,889,513.1636048475955,4263.301540421994,445.6080558911104,4284.859160068763,54.0,0.08206859886326451,-0.6761206815756934,0.08209464319855528,-0.6726987796561765,0.017397015572304504,0.1309199068598148
3984,16,890,513.1636048475955,4263.301540421994,461.25934481415896,4285.045081675647,54.0,0.08206859886326451,-0.4703378101250681,0.08209464319855528,-0.46734556194820664,0.017397015572304504,0.10311188353495954
3985,67,890,614.1933123417826,4407.07660776138,461.25934481415896,4285.045081675647,54.0,0.08206859886326451,-1.5917032214047455,0.08209464319855528,-1.589988574705692,0.017397015572304504,0.34422462821569766
3986,23,891,473.2888408458269,4304.725925046426,413.44368953224784,4276.820130489507,54.0,0.08206859886326451,-0.8285414435070446,0.08209464319855528,-0.8305544458769284,0.017397015572304504,0.14178072014618429
3987,22,891,301.6304881357929,4156.037775497009,413.44368953224784,4276.820130489507,54.0,0.08206859886326451,-1.1797298759908998,0.08209464319855528,-1.1720093019873479,0.017397015572304504,0.3979540887400197
3988,16,891,512.3856951040117,4258.972788468116,413.44368953224784,4276.820130489507,54.0,0.08206859886326451,-0.8510890922344782,0.08209464319855528,-0.8453498728365542,0.017397015572304504,0.20335319608508579
3989,35,891,583.2192292927565,4207.570440686977,413.44368953224784,4276.820130489507,54.0,0.08206859886326451,-1.746396321162904,0.08209464319855528,-1.7422761948613148,0.017397015572304504,0.3796675846591707
3990,44,891,472.0029937650396,4104.126300266757,413.44368953224784,4276.820130489507,54.0,0.08206859886326451,-1.0432716474055341,0.08209464319855528,-1.0414909873173572,0.017397015572304504,0.3430757630362109
3991,19,891,323.32829666696733,4136.898408998256,413.44368953224784,4276.820130489507,54.0,0.08206859886326451,-1.263996511068753,0.08209464319855528,-1.2600992703585518,0.017397015572304504,0.3838098157229026
3992,44,892,472.0029937650396,4104.126300266757,391.8808158955226,4258.73653007643,54.0,0.08206859886326451,-1.158565974737718,0.08209464319855528,-1.1520595291811608,0.017397015572304504,0.342750571723965
3993,23,892,473.2888408458269,4304.725925046426,391.8808158955226,4258.73653007643,54.0,0.08206859886326451,-1.0928401680313717,0.08209464319855528,-1.0943211759023317,0.017397015572304504,0.2104376888072107
3994,19,892,316.0774241994025,4141.606387672634,391.8808158955226,4258.73653007643,54.0,0.08206859886326451,-0.9735650048462414,0.08209464319855528,-0.9687421567438609,0.017397015572304504,0.3263956270922067
3995,16,892,510.22088537403255,4246.5421852479,391.8808158955226,4258.73653007643,54.0,0.08206859886326451,-1.187515818719515,0.08209464319855528,-1.1843479743723053,0.017397015572304504,0.252870787420191
3996,64,892,251.14156651564912,4194.6094429104505,391.8808158955226,4258.73653007643,54.0,0.08206859886326451,-1.1583201909747165,0.08209464319855528,-1.153266347385482,0.017397015572304504,0.4372568028048567
3997,22,892,301.6304881357929,4156.037775497009,391.8808158955226,4258.73653007643,54.0,0.08206859886326451,-0.9266502920467671,0.08209464319855528,-0.9184518118103878,0.017397015572304504,0.3304844589109347
3998,23,893,473.2888408458269,4304.725925046426,411.930196078557,4249.125208015304,54.0,0.08206859886326451,-1.0621164662977471,0.08209464319855528,-1.0613275477786377,0.017397015572304504,0.17636858633405672
3999,19,893,324.8153272931308,4135.979057138678,411.930196078557,4249.125208015304,54.0,0.08206859886326451,-1.0046952861333251,0.08209464319855528,-1.0005744853209524,0.017397015572304504,0.3142941942895401
4000,44,893,472.0029937650396,4104.126300266757,411.930196078557,4249.125208015304,54.0,0.08206859886326451,-0.8755823460164824,0.08209464319855528,-0.8703279234685696,0.017397015572304504,0.2892610619316456
4001,30,893,625.9985091941669,4344.425799606012,411.930196078557,4249.125208015304,54.0,0.08206859886326451,-1.949562886777154,0.08209464319855528,-1.9433071782127052,0.017397015572304504,0.4445834723502069
4002,31,893,286.22286085268047,4096.016113555928,411.930196078557,4249.125208015304,54.0,0.08206859886326451,-1.3962689447216383,0.08209464319855528,-1.3914755019863354,0.017397015572304504,0.4217591333598656
4003,22,893,301.6304881357929,4156.037775497009,411.930196078557,4249.125208015304,54.0,0.08206859886326451,-0.9614303472627874,0.08209464319855528,-0.9549594529128849,0.017397015572304504,0.3272912554842089
4004,35,893,583.2192292927565,4207.570440686977,411.930196078557,4249.125208015304,54.0,0.08206859886326451,-1.5013107482435792,0.08209464319855528,-1.5010167302152497,0.017397015572304504,0.3631760143083015
4005,41,893,461.8106926932424,4070.996636995212,411.930196078557,4249.125208015304,54.0,0.08206859886326451,-1.3322795811973422,0.08209464319855528,-1.325488776397729,0.017397015572304504,0.340955722288296
4006,16,893,510.22088537403255,4246.5421852479,411.930196078557,4249.125208015304,54.0,0.08206859886326451,-0.7974658250524258,0.08209464319855528,-0.7984649153622969,0.017397015572304504,0.1926791455623118
4007,31,894,286.22286085268047,4096.016113555928,423.6141353116863,4253.411593782615,54.0,0.08206859886326451,-1.4587323584444487,0.08209464319855528,-1.4542819552902617,0.017397015572304504,0.4425835558637926
4008,22,894,301.6304881357929,4156.037775497009,423.6141353116863,4253.411593782615,54.0,0.08206859886326451,-1.0468760165575373,0.08209464319855528,-1.039996253972994,0.017397015572304504,0.35266643861856256
4009,23,894,473.2888408458269,4304.725925046426,423.6141353116863,4253.411593782615,54.0,0.08206859886326451,-0.9826662795916644,0.08209464319855528,-0.9816266376973072,0.017397015572304504,0.14710071747123712
4010,44,894,472.0029937650396,4104.126300266757,423.6141353116863,4253.411593782615,54.0,0.08206859886326451,-0.7942675214344416,0.08209464319855528,-0.7940702649373408,0.017397015572304504,0.2783174073595711
4011,16,894,510.22088537403255,4246.5421852479,423.6141353116863,4253.411593782615,54.0,0.08206859886326451,-0.887414082797532,0.08209464319855528,-0.8853897862385471,0.017397015572304504,0.17115164466207472
4012,41,894,461.8106926932424,4070.996636995212,423.6141353116863,4253.411593782615,54.0,0.08206859886326451,-1.2989505327318305,0.08209464319855528,-1.2962160945656378,0.017397015572304504,0.3327976435213492
4013,30,894,625.9985091941669,4344.425799606012,423.6141353116863,4253.411593782615,54.0,0.08206859886326451,-1.8295594274432525,0.08209464319855528,-1.8236222806516378,0.017397015572304504,0.4149606202200731
4014,19,894,324.8153272931308,4135.979057138678,423.6141353116863,4253.411593782615,54.0,0.08206859886326451,-1.0730775666467656,0.08209464319855528,-1.069889713735992,0.017397015572304504,0.33687410660682154
4015,35,894,583.2192292927565,4207.570440686977,423.6141353116863,4253.411593782615,54.0,0.08206859886326451,-1.5340745099567834,0.08209464319855528,-1.53417244363173,0.017397015572304504,0.33925138871719684
